sample_index,source_row_index,epoch_time,Time,Tgt_q0,Tgt_q1,Tgt_q2,Tgt_q3,Tgt_q4,Tgt_q5,Act_X,Act_Y,Act_Z,Act_RX,Act_RY,Act_RZ,Fx,Fy,Fz,Mx,My,Mz,force_magnitude,force_base_x,force_base_y,force_base_z,ur_fresh,ft_fresh,is_candidate_reference,is_reference_segment,is_final_measurement_window
0,24,1777638299.8011274,4814.527999999999,2.2038536071777344,0.06393957138061529,-1.7775676886187952,-0.047262016926900685,1.8873192071914673,0.9308844208717346,0.7194584069982911,-0.5782798431769774,0.853225976455907,-0.2595329212657665,-0.32099677472726945,1.5789934571162432,3.67,31.56,60.58,0.035,1.472,1.006,68.40642440589919,-22.04654698337753,-62.023682767329454,18.613206120585613,0,1,0,0,0
1,25,1777638299.8068068,4814.536,2.2038536071777344,0.06393957138061529,-1.7775676886187952,-0.047262016926900685,1.8873192071914673,0.9308844208717346,0.7194930073179825,-0.5783010712453933,0.8531916747977352,-0.25948012486660704,-0.3209926972108529,1.5790119097947035,3.67,31.56,60.58,0.035,1.472,1.006,68.40642440589919,-22.044564808406523,-62.024642190047786,18.612356745036557,1,0,0,0,0
2,26,1777638299.8139176,4814.544,2.2038536071777344,0.06393957138061529,-1.7775676886187952,-0.047262016926900685,1.8873192071914673,0.9308844208717346,0.7194568075117043,-0.5782618822454835,0.8532600272422566,-0.2595739128046453,-0.32096215845050996,1.5790208846762965,3.67,31.56,60.58,0.035,1.472,1.006,68.40642440589919,-22.045512474575165,-62.02310802956048,18.616346314108434,1,0,0,0,0
3,27,1777638299.8210945,4814.552,2.2038536071777344,0.06393957138061529,-1.7775676886187952,-0.047262016926900685,1.8873192071914673,0.9308844208717346,0.7194955200333426,-0.578275309846183,0.8532311073570858,-0.25949691621777676,-0.320946915969336,1.5790604505123198,3.67,31.56,60.58,0.035,1.472,1.006,68.40642440589919,-22.0418430996982,-62.02459196545215,18.61574721270822,1,0,0,0,0
4,28,1777638299.8282654,4814.5599999999995,2.2038536071777344,0.06393957138061529,-1.7775676886187952,-0.047262016926900685,1.8873192071914673,0.9308844208717346,0.7194900021141335,-0.578263476089748,0.8532252839021727,-0.25952601021596444,-0.3209327700634025,1.5790403658539807,3.67,31.56,60.58,0.035,1.472,1.006,68.40642440589919,-22.04352968690791,-62.02363240679625,18.61694717210695,1,0,0,0,0
5,29,1777638299.835384,4814.568,2.2038536071777344,0.06393957138061529,-1.7775676886187952,-0.047262016926900685,1.8873192071914673,0.9308844208717346,0.7195122199207467,-0.5782884076253898,0.8531833197371388,-0.2594758902262943,-0.32093995345471416,1.5790470156632648,3.67,31.56,60.58,0.035,1.472,1.006,68.40642440589919,-22.04231858589197,-62.024517720954556,18.615431578156745,1,0,0,0,0
6,30,1777638299.842896,4814.576,2.2038536071777344,0.06393957138061529,-1.7775676886187952,-0.047262016926900685,1.8873192071914673,0.9308844208717346,0.719491390680198,-0.5782957174014515,0.8532155941106392,-0.25951124833280137,-0.3209571244565123,1.5790380529846957,3.67,31.56,60.58,0.035,1.472,1.006,68.40642440589919,-22.043448527927143,-62.02415859627557,18.615290151396582,1,0,0,0,0
7,31,1777638299.8499167,4814.584,2.2038536071777344,0.06393957138061529,-1.7775676886187952,-0.047262016926900685,1.8873192071914673,0.9308844208717346,0.7194852275143244,-0.5782437841834597,0.8532283421117409,-0.25954194023880434,-0.32091548879117865,1.5790651639328601,3.67,31.56,60.58,0.035,1.472,1.006,68.40642440589919,-22.042262118692243,-62.023604587159454,18.6185406169914,1,0,0,0,0
8,32,1777638299.85695,4814.592,2.2038536071777344,0.06393957138061529,-1.7775676886187952,-0.047262016926900685,1.8873192071914673,0.9308844208717346,0.7194961263985716,-0.5783257026969889,0.853200530329205,-0.2594574471922568,-0.32100792884796736,1.5789978489077658,3.67,31.56,60.58,0.035,1.472,1.006,68.40642440589919,-22.045066612984836,-62.024919788684194,18.610837252427743,1,0,0,0,0
9,33,1777638299.8644562,4814.599999999999,2.2038536071777344,0.06393957138061529,-1.7775676886187952,-0.047262016926900685,1.8873192071914673,0.9308844208717346,0.7194944215709195,-0.5782977010642479,0.8531850652004477,-0.25948235400717046,-0.32099170221782714,1.5790236519327818,3.67,31.56,60.58,0.035,1.472,1.006,68.40642440589919,-22.043883522809047,-62.02480915380758,18.61260725063995,1,0,0,0,0
10,34,1777638299.871722,4814.608,2.2038536071777344,0.06393957138061529,-1.7775676886187952,-0.047262016926900685,1.8873192071914673,0.9308844208717346,0.719512013282088,-0.578320830358367,0.8531866590628792,-0.2594364094921223,-0.32098152981551836,1.579042394653125,3.67,31.56,60.58,0.035,1.472,1.006,68.40642440589919,-22.041990286004015,-62.02559039395843,18.61224598248681,1,0,0,0,0
11,35,1777638299.878856,4814.616,2.2038536071777344,0.06393957138061529,-1.7775676886187952,-0.047262016926900685,1.8873192071914673,0.9308844208717346,0.7195126180230635,-0.5782940546577081,0.853179819924641,-0.25942013916322404,-0.320992756579676,1.579018860284807,3.67,31.56,60.58,0.035,1.472,1.006,68.40642440589919,-22.04317118593849,-62.025552089837,18.61097504211765,1,0,0,0,0
12,36,1777638299.8858051,4814.624,2.2038536071777344,0.06393957138061529,-1.7775676886187952,-0.047262016926900685,1.8873192071914673,0.9308844208717346,0.7194932069666506,-0.5782748667316399,0.853202525080797,-0.25949838329301533,-0.3209601598204276,1.5790602668353944,3.67,31.56,60.58,0.035,1.472,1.006,68.40642440589919,-22.04188686150579,-62.02477334805509,18.61509104750691,1,0,0,0,0
13,37,1777638299.8928921,4814.632,2.2038536071777344,0.06393957138061529,-1.7775676886187952,-0.047262016926900685,1.8873192071914673,0.9308844208717346,0.7194601503442958,-0.5782928003976019,0.8532006496613959,-0.259484121185022,-0.320935502704192,1.5789655858748968,3.67,31.56,60.58,0.035,1.472,1.006,68.40642440589919,-22.047418451996123,-62.022875511829646,18.61486376116309,1,0,0,0,0
14,38,1777638299.9004784,4814.639999999999,2.2038536071777344,0.06393957138061529,-1.7775676886187952,-0.047262016926900685,1.8873192071914673,0.9308844208717346,0.7194727590859449,-0.5782886020352278,0.8532282297967909,-0.2595116246499022,-0.3209987619555639,1.579014652736531,3.67,31.56,60.58,0.035,1.472,1.006,68.40642440589919,-22.044910519466228,-62.024373291891955,18.612843359808437,1,0,0,0,0
15,39,1777638299.9075565,4814.648,2.2038536071777344,0.06393957138061529,-1.7775676886187952,-0.047262016926900685,1.8873192071914673,0.9308844208717346,0.7195097493211705,-0.5783027542681507,0.8531825032209849,-0.2594703353406586,-0.32096531331654293,1.5790459290993157,3.67,31.56,60.58,0.035,1.472,1.006,68.40642440589919,-22.04231205841696,-62.024961100525275,18.613961953267573,1,0,0,0,0
16,40,1777638299.914624,4814.656,2.2038536071777344,0.06393957138061529,-1.7775676886187952,-0.047262016926900685,1.8873192071914673,0.9308844208717346,0.7194553039325065,-0.5782833907058116,0.8532269734131399,-0.25954066367490347,-0.3209397903106909,1.57898281349687,3.67,31.56,60.58,0.035,1.472,1.006,68.40642440589919,-22.047283711874115,-62.022512745472625,18.616231994305835,1,0,0,0,0
17,41,1777638299.9225688,4814.664,2.2038536071777344,0.06393957138061529,-1.7775676886187952,-0.047262016926900685,1.8873192071914673,0.9308844208717346,0.7194791655997134,-0.5783179183273156,0.8532027607138525,-0.25945726149715365,-0.320948755635436,1.5789975635845588,3.67,31.56,60.58,0.035,1.472,1.006,68.40642440589919,-22.045041567786292,-62.02400633515552,18.613910938090427,1,0,0,0,0
18,42,1777638299.9291835,4814.672,2.2038536071777344,0.06393957138061529,-1.7775676886187952,-0.047262016926900685,1.8873192071914673,0.9308844208717346,0.7194677119957897,-0.5782967683508256,0.8532294419615101,-0.2595375108047829,-0.32098849440894484,1.5790393558469236,3.67,31.56,60.58,0.035,1.472,1.006,68.40642440589919,-22.043814367727418,-62.024321720061906,18.614313398227452,1,0,0,0,0
19,43,1777638299.9365253,4814.679999999999,2.2038536071777344,0.06393957138061529,-1.7775676886187952,-0.047262016926900685,1.8873192071914673,0.9308844208717346,0.7195156273278641,-0.578282269651428,0.8531718159907673,-0.2594401477510515,-0.3209877421169702,1.5790553906950608,3.67,31.56,60.58,0.035,1.472,1.006,68.40642440589919,-22.041261653913985,-62.02587111129844,18.612173370896045,1,0,0,0,0
20,44,1777638299.9433975,4814.688,2.2038536071777344,0.06393957138061529,-1.7775676886187952,-0.047262016926900685,1.8873192071914673,0.9308844208717346,0.7195292487170675,-0.578319337322976,0.8531455391831595,-0.25939635705216824,-0.32096641425060823,1.5790277054093387,3.67,31.56,60.58,0.035,1.472,1.006,68.40642440589919,-22.042229412335498,-62.02561668933938,18.61187515649927,1,0,0,0,0
21,45,1777638299.9445813,4814.688,2.2038536071777344,0.06393957138061529,-1.7775676886187952,-0.047262016926900685,1.8873192071914673,0.9308844208717346,0.7195292487170675,-0.578319337322976,0.8531455391831595,-0.25939635705216824,-0.32096641425060823,1.5790277054093387,3.64,31.52,60.62,0.034,1.473,1.003,68.4218123115721,-22.024409501761944,-62.06344098231171,18.563380067590256,0,1,0,0,0
22,46,1777638299.9503694,4814.696,2.2038536071777344,0.06393957138061529,-1.7775676886187952,-0.047262016926900685,1.8873192071914673,0.9308844208717346,0.7194492851391888,-0.5782851749977995,0.8532319386009338,-0.2595547268276071,-0.32097417179329263,1.5790063768259082,3.64,31.52,60.62,0.034,1.473,1.003,68.4218123115721,-22.02827187766003,-62.06111167493175,18.566584385813698,1,0,0,0,0
23,47,1777638299.957723,4814.704,2.2038536071777344,0.06393957138061529,-1.7775676886187952,-0.047262016926900685,1.8873192071914673,0.9308844208717346,0.7194912070547983,-0.5782648108121144,0.8532093708464652,-0.25953795108483935,-0.32098367033154374,1.579063991169873,3.64,31.52,60.62,0.034,1.473,1.003,68.4218123115721,-22.0244888468616,-62.06251306422341,18.566387995180037,1,0,0,0,0
24,48,1777638299.9651446,4814.7119999999995,2.2038536071777344,0.06393957138061529,-1.7775676886187952,-0.047262016926900685,1.8873192071914673,0.9308844208717346,0.7194849629171445,-0.5782764774087079,0.8531997933425668,-0.25949619341010194,-0.3209316086420372,1.579048437651852,3.64,31.52,60.62,0.034,1.473,1.003,68.4218123115721,-22.02473216237452,-62.06197792880854,18.56788810661426,1,0,0,0,0
25,49,1777638299.9722614,4814.719999999999,2.2038536071777344,0.06393957138061529,-1.7775676886187952,-0.047262016926900685,1.8873192071914673,0.9308844208717346,0.7194730988857843,-0.5783336044991908,0.8531962013975232,-0.2594953406689165,-0.32098552911898365,1.578965868434061,3.64,31.52,60.62,0.034,1.473,1.003,68.4218123115721,-22.029794673156488,-62.061331278259836,18.5640433803806,1,0,0,0,0
26,50,1777638299.9790869,4814.728,2.2038536071777344,0.06393957138061529,-1.7775676886187952,-0.047262016926900685,1.8873192071914673,0.9308844208717346,0.7195026396349915,-0.5782801204192698,0.8531958198173559,-0.25947208398738214,-0.32099369749772305,1.5790578319004895,3.64,31.52,60.62,0.034,1.473,1.003,68.4218123115721,-22.023808624335324,-62.06341491451415,18.564180101138714,1,0,0,0,0
27,51,1777638299.9869423,4814.736,2.2038536071777344,0.06393957138061529,-1.7775676886187952,-0.047262016926900685,1.8873192071914673,0.9308844208717346,0.719490810928904,-0.578276682950592,0.8532116677468372,-0.25950217392680236,-0.32098655566973494,1.5790604163121524,3.64,31.52,60.62,0.034,1.473,1.003,68.4218123115721,-22.024131760891542,-62.06295947169309,18.56531932916499,1,0,0,0,0
28,52,1777638299.9934707,4814.744,2.2038536071777344,0.06393957138061529,-1.7775676886187952,-0.047262016926900685,1.8873192071914673,0.9308844208717346,0.7194818495857043,-0.5782440461591034,0.853240017642614,-0.25955174996465546,-0.320967285166572,1.5790772065035856,3.64,31.52,60.62,0.034,1.473,1.003,68.4218123115721,-22.023894134178825,-62.062319266661454,18.567741230679193,1,0,0,0,0
29,53,1777638300.0010312,4814.7519999999995,2.2038536071777344,0.06393957138061529,-1.7775676886187952,-0.047262016926900685,1.8873192071914673,0.9308844208717346,0.719499624685156,-0.5782660083585602,0.8532342030734594,-0.2595430892642872,-0.32097271256232923,1.5790537020558182,3.64,31.52,60.62,0.034,1.473,1.003,68.4218123115721,-22.02519318642581,-62.06209262476768,18.56695785893256,1,0,0,0,0
30,54,1777638300.0080128,4814.76,2.2038536071777344,0.06393957138061529,-1.7775676886187952,-0.047262016926900685,1.8873192071914673,0.9308844208717346,0.7194583067408928,-0.5782872709577919,0.8532304852946516,-0.25954669076088066,-0.32096524247842556,1.5789947019913448,3.64,31.52,60.62,0.034,1.473,1.003,68.4218123115721,-22.028849555093416,-62.06086917101423,18.566709590482457,1,0,0,0,0
31,55,1777638300.0148726,4814.768,2.2038536071777344,0.06393957138061529,-1.7775676886187952,-0.047262016926900685,1.8873192071914673,0.9308844208717346,0.7195113626167954,-0.5782656156400267,0.8531909776601055,-0.25947712158244174,-0.3210070517689609,1.5790934123832852,3.64,31.52,60.62,0.034,1.473,1.003,68.4218123115721,-22.021725430822126,-62.064194515351865,18.564045039000725,1,0,0,0,0
32,56,1777638300.0817888,4814.776,2.2038536071777344,0.06393957138061529,-1.7775676886187952,-0.047262016926900685,1.8873192071914673,0.9308844208717346,0.7195260774068017,-0.5782806372087008,0.8531872772144197,-0.25944130360524564,-0.32095928230226484,1.5790790105517905,3.64,31.52,60.62,0.034,1.473,1.003,68.4218123115721,-22.02199700582377,-62.06366867591507,18.565480827646915,1,0,0,0,0
33,57,1777638300.085591,4814.784,2.2038536071777344,0.06393957138061529,-1.7775676886187952,-0.047262016926900685,1.8873192071914673,0.9308844208717346,0.719493101934574,-0.5782700154062563,0.8532253482133247,-0.2595208114844995,-0.3209734818269955,1.5790510687282506,3.64,31.52,60.62,0.034,1.473,1.003,68.4218123115721,-22.024995063800382,-62.062347494852105,18.566340939124004,1,0,0,0,0
34,58,1777638300.0856795,4814.7919999999995,2.2038536071777344,0.06393957138061529,-1.7775676886187952,-0.047262016926900685,1.8873192071914673,0.9308844208717346,0.7194673098370605,-0.5783202877946587,0.8532096979830578,-0.2594977898385334,-0.3209843624286949,1.5789777862964325,3.64,31.52,60.62,0.034,1.473,1.003,68.4218123115721,-22.029105665175436,-62.06149593709092,18.56431053508265,1,0,0,0,0
35,59,1777638300.0879433,4814.8,2.2038536071777344,0.06393957138061529,-1.7775676886187952,-0.047262016926900685,1.8873192071914673,0.9308844208717346,0.7194986553274327,-0.5783167622167402,0.8531673400853119,-0.2594663277848205,-0.32100915209796815,1.5789987455514132,3.64,31.52,60.62,0.034,1.473,1.003,68.4218123115721,-22.027333759068483,-62.06266402843371,18.562507943711722,1,0,0,0,0
36,60,1777638300.0904331,4814.808,2.2038536071777344,0.06393957138061529,-1.7775676886187952,-0.047262016926900685,1.8873192071914673,0.9308844208717346,0.7194712311603542,-0.5783151336940232,0.8532062203258255,-0.259528523774999,-0.3209784413229452,1.579003740908882,3.64,31.52,60.62,0.034,1.473,1.003,68.4218123115721,-22.028012796681967,-62.061471437250184,18.565689194656745,1,0,0,0,0
37,61,1777638300.0920162,4814.816,2.2038536071777344,0.06393957138061529,-1.7775676886187952,-0.047262016926900685,1.8873192071914673,0.9308844208717346,0.7195195151209492,-0.5782850447389523,0.8531762425896162,-0.2594513813926579,-0.32097253494034467,1.5790565729396788,3.64,31.52,60.62,0.034,1.473,1.003,68.4218123115721,-22.02353818707081,-62.06333712511053,18.564760990045343,1,0,0,0,0
38,62,1777638300.0942457,4814.824,2.2038536071777344,0.06393957138061529,-1.7775676886187952,-0.047262016926900685,1.8873192071914673,0.9308844208717346,0.7194826147427009,-0.5782844108256139,0.8532165035611161,-0.2595176041480455,-0.32097346572918856,1.5790156729131772,3.64,31.52,60.62,0.034,1.473,1.003,68.4218123115721,-22.027104845255383,-62.061752109877375,18.565828211751192,1,0,0,0,0
39,63,1777638300.096891,4814.831999999999,2.2038536071777344,0.06393957138061529,-1.7775676886187952,-0.047262016926900685,1.8873192071914673,0.9308844208717346,0.7195036060280027,-0.5783306287122113,0.8531641120691094,-0.25943291884542946,-0.3210110742704019,1.5790069208430484,3.64,31.52,60.62,0.034,1.473,1.003,68.4218123115721,-22.026296743640227,-62.06327617837965,18.561691780850037,1,0,0,0,0
40,64,1777638300.0970962,4814.84,2.2038536071777344,0.06393957138061529,-1.7775676886187952,-0.047262016926900685,1.8873192071914673,0.9308844208717346,0.7195025908287246,-0.5782700352097621,0.8532121332217961,-0.25948497197284576,-0.3209113941084335,1.5790483343735409,3.64,31.52,60.62,0.034,1.473,1.003,68.4218123115721,-22.024544647467387,-62.06181186854524,18.568665559619838,1,0,0,0,0
41,65,1777638300.097457,4814.848,2.2038536071777344,0.06393957138061529,-1.7775676886187952,-0.047262016926900685,1.8873192071914673,0.9308844208717346,0.7195156149803752,-0.578300560051235,0.8531929490083524,-0.25945538556498743,-0.32098363244535555,1.5790447920067325,3.64,31.52,60.62,0.034,1.473,1.003,68.4218123115721,-22.02432921868705,-62.06324337931496,18.564135953682424,1,0,0,0,0
42,66,1777638300.0975866,4814.848,2.2038536071777344,0.06393957138061529,-1.7775676886187952,-0.047262016926900685,1.8873192071914673,0.9308844208717346,0.7195156149803752,-0.578300560051235,0.8531929490083524,-0.25945538556498743,-0.32098363244535555,1.5790447920067325,3.66,31.51,60.64,0.036,1.471,1.0,68.43599418434718,-22.004193991054507,-62.082915513300925,18.57450801965909,0,1,0,0,0
43,67,1777638300.0976748,4814.856,2.2038536071777344,0.06393957138061529,-1.7775676886187952,-0.047262016926900685,1.8873192071914673,0.9308844208717346,0.719502648952918,-0.5782963664216041,0.8531919244755211,-0.2594590192246833,-0.3209714213068626,1.5790105294256243,3.66,31.51,60.64,0.036,1.471,1.0,68.43599418434718,-22.006337934084303,-62.082064730095205,18.574811697003835,1,0,0,0,0
44,68,1777638300.1014535,4814.864,2.2038536071777344,0.06393957138061529,-1.7775676886187952,-0.047262016926900685,1.8873192071914673,0.9308844208717346,0.7195013516134598,-0.5782995631012982,0.8531900808055537,-0.25945736448884316,-0.32092875129273846,1.579010454517908,3.66,31.51,60.64,0.036,1.471,1.0,68.43599418434718,-22.00628874456401,-62.08142947992509,18.576993013401342,1,0,0,0,0
45,69,1777638300.1154256,4814.871999999999,2.2038536071777344,0.06393957138061529,-1.7775676886187952,-0.047262016926900685,1.8873192071914673,0.9308844208717346,0.7194745912071356,-0.5782830904102477,0.853218494211252,-0.2594859874371429,-0.32098836925513075,1.579023952627795,3.66,31.51,60.64,0.036,1.471,1.0,68.43599418434718,-22.005963962363708,-62.082214637116074,18.57475372214123,1,0,0,0,0
46,70,1777638300.1158764,4814.88,2.2038536071777344,0.06393957138061529,-1.7775676886187952,-0.047262016926900685,1.8873192071914673,0.9308844208717346,0.7194801856610464,-0.5782732314746429,0.8532197524728004,-0.2595311730839095,-0.3209571299404254,1.5790286646591882,3.66,31.51,60.64,0.036,1.471,1.0,68.43599418434718,-22.00638571042647,-62.0812301059629,18.577544415084112,1,0,0,0,0
47,71,1777638300.1228437,4814.888,2.2038536071777344,0.06393957138061529,-1.7775676886187952,-0.047262016926900685,1.8873192071914673,0.9308844208717346,0.7195239991535177,-0.5782865249683786,0.8531737585723037,-0.2594606429351434,-0.3209879365718024,1.5790459851245648,3.66,31.51,60.64,0.036,1.471,1.0,68.43599418434718,-22.00420868774448,-62.08293450938952,18.57442711711567,1,0,0,0,0
48,72,1777638300.1304789,4814.896,2.2038536071777344,0.06393957138061529,-1.7775676886187952,-0.047262016926900685,1.8873192071914673,0.9308844208717346,0.7195145912159226,-0.5782551653546297,0.8531999412218715,-0.2595051501209826,-0.32096544880009487,1.579085158778415,3.66,31.51,60.64,0.036,1.471,1.0,68.43599418434718,-22.002519842644677,-62.08271262435076,18.577169153999325,1,0,0,0,0
49,73,1777638300.1374314,4814.9039999999995,2.2038536071777344,0.06393957138061529,-1.7775676886187952,-0.047262016926900685,1.8873192071914673,0.9308844208717346,0.719500675480226,-0.5782414111818003,0.853229726328528,-0.25951554880224076,-0.32096433928576895,1.579074764744933,3.66,31.51,60.64,0.036,1.471,1.0,68.43599418434718,-22.00332194361428,-62.08237317233891,18.57735354500513,1,0,0,0,0
50,74,1777638300.14443,4814.911999999999,2.2038536071777344,0.06393957138061529,-1.7775676886187952,-0.047262016926900685,1.8873192071914673,0.9308844208717346,0.7194818532365193,-0.5783166930013461,0.8531899225531063,-0.2594794305912597,-0.3209621242202377,1.5789883332552759,3.66,31.51,60.64,0.036,1.471,1.0,68.43599418434718,-22.008017402699267,-62.08125672496123,18.57552242742962,1,0,0,0,0
51,75,1777638300.151826,4814.92,2.2038536071777344,0.06393957138061529,-1.7775676886187952,-0.047262016926900685,1.8873192071914673,0.9308844208717346,0.7195148341452016,-0.5782791488286954,0.8531864178500693,-0.25946611854047286,-0.32091761100837085,1.5790353640848749,3.66,31.51,60.64,0.036,1.471,1.0,68.43599418434718,-22.00490131393264,-62.081591878836676,18.57809376533676,1,0,0,0,0
52,76,1777638300.1606617,4814.928,2.2038536071777344,0.06393957138061529,-1.7775676886187952,-0.047262016926900685,1.8873192071914673,0.9308844208717346,0.7194837386537757,-0.5783003980071937,0.8532074467327336,-0.259490261589866,-0.3209712938259356,1.5790356500074545,3.66,31.51,60.64,0.036,1.471,1.0,68.43599418434718,-22.005307593678985,-62.08210683229095,18.57589160636943,1,0,0,0,0
53,77,1777638300.1665022,4814.936,2.2038536071777344,0.06393957138061529,-1.7775676886187952,-0.047262016926900685,1.8873192071914673,0.9308844208717346,0.7195104292484515,-0.5783143605307671,0.8531819210528754,-0.2594656410388394,-0.3209674138874119,1.5790223203784761,3.66,31.51,60.64,0.036,1.471,1.0,68.43599418434718,-22.005722003273164,-62.08212874513089,18.57532744227275,1,0,0,0,0
54,78,1777638300.1839604,4814.9439999999995,2.2038536071777344,0.06393957138061529,-1.7775676886187952,-0.047262016926900685,1.8873192071914673,0.9308844208717346,0.719472787982744,-0.5783064081926608,0.8532244318548869,-0.2595202551286611,-0.32097827417890795,1.5790262739406609,3.66,31.51,60.64,0.036,1.471,1.0,68.43599418434718,-22.00636889850597,-62.08165436942472,18.576146496465732,1,0,0,0,0
55,79,1777638300.1841063,4814.952,2.2038536071777344,0.06393957138061529,-1.7775676886187952,-0.047262016926900685,1.8873192071914673,0.9308844208717346,0.7194983278442175,-0.5782796366259754,0.8532112589768227,-0.2594965151153944,-0.32099065141598526,1.579048600539689,3.66,31.51,60.64,0.036,1.471,1.0,68.43599418434718,-22.00462965581542,-62.08255540124384,18.5751955188067,1,0,0,0,0
56,80,1777638300.1974363,4814.96,2.2038536071777344,0.06393957138061529,-1.7775676886187952,-0.047262016926900685,1.8873192071914673,0.9308844208717346,0.719515197236408,-0.5782793018641693,0.8531894004002603,-0.2594911105534372,-0.3209665132984769,1.5790603140994999,3.66,31.51,60.64,0.036,1.471,1.0,68.43599418434718,-22.003811603015574,-62.08246559647159,18.576464690621798,1,0,0,0,0
57,81,1777638300.1975899,4814.968,2.2038536071777344,0.06393957138061529,-1.7775676886187952,-0.047262016926900685,1.8873192071914673,0.9308844208717346,0.7194908071029213,-0.5782541836682168,0.8532053636603818,-0.25951079503246505,-0.32095115367571714,1.5790392531794792,3.66,31.51,60.64,0.036,1.471,1.0,68.43599418434718,-22.005406173636118,-62.08159438782639,18.577487381201482,1,0,0,0,0
58,82,1777638300.205619,4814.976,2.2038536071777344,0.06393957138061529,-1.7775676886187952,-0.047262016926900685,1.8873192071914673,0.9308844208717346,0.7194921515408008,-0.5782735133819629,0.8532093587702742,-0.2594794008985252,-0.32093664991820536,1.579047256123424,3.66,31.51,60.64,0.036,1.471,1.0,68.43599418434718,-22.00440134848145,-62.08192486366273,18.577573213891032,1,0,0,0,0
59,83,1777638300.2094953,4814.9839999999995,2.2038536071777344,0.06393957138061529,-1.7775676886187952,-0.047262016926900685,1.8873192071914673,0.9308844208717346,0.7194874898801185,-0.5782573811865196,0.85323560092917,-0.2595563419435652,-0.3209410618327922,1.5790546741413485,3.66,31.51,60.64,0.036,1.471,1.0,68.43599418434718,-22.005192960280716,-62.0811224310203,18.57931700804628,1,0,0,0,0
60,84,1777638300.2166598,4814.992,2.2038536071777344,0.06393957138061529,-1.7775676886187952,-0.047262016926900685,1.8873192071914673,0.9308844208717346,0.7194855905568425,-0.578280554912543,0.8532164034698643,-0.2595181122640656,-0.3209591628290429,1.5790274302455614,3.66,31.51,60.64,0.036,1.471,1.0,68.43599418434718,-22.006251584511524,-62.08140949777806,18.577103810023104,1,0,0,0,0
61,85,1777638300.2250986,4815.0,2.2038536071777344,0.06393957138061529,-1.7775676886187952,-0.047262016926900685,1.8873192071914673,0.9308844208717346,0.719494277964865,-0.5783029788397974,0.8531964258870649,-0.2594740975263154,-0.3209672875225745,1.5790000656388867,3.66,31.51,60.64,0.036,1.471,1.0,68.43599418434718,-22.007217898297206,-62.08161649475728,18.575267259847166,1,0,0,0,0
62,86,1777638300.2308102,4815.008,2.2038536071777344,0.06393957138061529,-1.7775676886187952,-0.047262016926900685,1.8873192071914673,0.9308844208717346,0.7195068087072172,-0.5782967498675003,0.8531981852326214,-0.2594749697645085,-0.3209683890860375,1.5790236078070146,3.66,31.51,60.64,0.036,1.471,1.0,68.43599418434718,-22.00579455194142,-62.08204520252688,18.575520708964135,1,0,0,0,0
63,87,1777638300.2322454,4815.008,2.2038536071777344,0.06393957138061529,-1.7775676886187952,-0.047262016926900685,1.8873192071914673,0.9308844208717346,0.7195068087072172,-0.5782967498675003,0.8531981852326214,-0.2594749697645085,-0.3209683890860375,1.5790236078070146,3.69,31.56,60.65,0.038,1.472,1.001,68.46949831859439,-22.0301897717561,-62.0946314940167,18.627927373776217,0,1,0,0,0
64,88,1777638300.2380633,4815.016,2.2038536071777344,0.06393957138061529,-1.7775676886187952,-0.047262016926900685,1.8873192071914673,0.9308844208717346,0.7194939626819163,-0.5783130934847076,0.8531769284327314,-0.2594356116278704,-0.3210008025960366,1.5789841521788879,3.69,31.56,60.65,0.038,1.472,1.001,68.46949831859439,-22.03198541032499,-62.09493543694279,18.62479025280905,1,0,0,0,0
65,89,1777638300.2450633,4815.023999999999,2.2038536071777344,0.06393957138061529,-1.7775676886187952,-0.047262016926900685,1.8873192071914673,0.9308844208717346,0.719491460569774,-0.5782906403246729,0.8532085344554134,-0.25949450319372175,-0.32093262850908305,1.579036736873673,3.69,31.56,60.65,0.038,1.472,1.001,68.46949831859439,-22.029679783397746,-62.094061543077714,18.63043020773895,1,0,0,0,0
66,90,1777638300.2536128,4815.032,2.2038536071777344,0.06393957138061529,-1.7775676886187952,-0.047262016926900685,1.8873192071914673,0.9308844208717346,0.719513905508123,-0.5782983171706253,0.8531899934676946,-0.25946846270613466,-0.32098166050871957,1.5790459753486126,3.69,31.56,60.65,0.038,1.472,1.001,68.46949831859439,-22.028726630945734,-62.095323261338734,18.627351719686445,1,0,0,0,0
67,91,1777638300.2604942,4815.04,2.2038536071777344,0.06393957138061529,-1.7775676886187952,-0.047262016926900685,1.8873192071914673,0.9308844208717346,0.7195126311547944,-0.5782704257204856,0.8532179267391821,-0.2594741849409905,-0.32094193820955286,1.5790592283937424,3.69,31.56,60.65,0.038,1.472,1.001,68.46949831859439,-22.027983041210522,-62.094875146101145,18.62972473565435,1,0,0,0,0
68,92,1777638300.2697434,4815.048,2.2038536071777344,0.06393957138061529,-1.7775676886187952,-0.047262016926900685,1.8873192071914673,0.9308844208717346,0.7194735557230514,-0.5782871945963867,0.8532126753669838,-0.25950966770296063,-0.32098552196205393,1.5790145001846432,3.69,31.56,60.65,0.038,1.472,1.001,68.46949831859439,-22.03131887490336,-62.09427777199185,18.62777111216057,1,0,0,0,0
69,93,1777638300.2743125,4815.056,2.2038536071777344,0.06393957138061529,-1.7775676886187952,-0.047262016926900685,1.8873192071914673,0.9308844208717346,0.71947756692779,-0.5783213110793661,0.8531908942639619,-0.2594807474802551,-0.32098957356032043,1.57897662008915,3.69,31.56,60.65,0.038,1.472,1.001,68.46949831859439,-22.033168260177934,-62.09403686667981,18.626386713962948,1,0,0,0,0
70,94,1777638300.2875223,4815.063999999999,2.2038536071777344,0.06393957138061529,-1.7775676886187952,-0.047262016926900685,1.8873192071914673,0.9308844208717346,0.7194670478009468,-0.5782987841585161,0.8532165114764848,-0.25949992078003775,-0.3209986981384678,1.5790016180426072,3.69,31.56,60.65,0.038,1.472,1.001,68.46949831859439,-22.031957048260722,-62.09437637615391,18.626687603547023,1,0,0,0,0
71,95,1777638300.2883997,4815.072,2.2038536071777344,0.06393957138061529,-1.7775676886187952,-0.047262016926900685,1.8873192071914673,0.9308844208717346,0.7194852685616517,-0.5782462629340548,0.8532381264600203,-0.2595621534013217,-0.3209959763557521,1.579066836512146,3.69,31.56,60.65,0.038,1.472,1.001,68.46949831859439,-22.02897699078023,-62.09469383556829,18.629153770547653,1,0,0,0,0
72,96,1777638300.295496,4815.08,2.2038536071777344,0.06393957138061529,-1.7775676886187952,-0.047262016926900685,1.8873192071914673,0.9308844208717346,0.7194982795187851,-0.578295990112158,0.8532073366346233,-0.2594833685784497,-0.3209684115323472,1.5790008867641807,3.69,31.56,60.65,0.038,1.472,1.001,68.46949831859439,-22.0317139178753,-62.09411329610361,18.627852152396603,1,0,0,0,0
73,97,1777638300.3029714,4815.088,2.2038536071777344,0.06393957138061529,-1.7775676886187952,-0.047262016926900685,1.8873192071914673,0.9308844208717346,0.7195262403387367,-0.5782610279203477,0.8531946091312741,-0.25950304879199937,-0.3209819591591281,1.579085076910572,3.69,31.56,60.65,0.038,1.472,1.001,68.46949831859439,-22.026897117687298,-62.095578880819374,18.628663044425895,1,0,0,0,0
74,98,1777638300.310407,4815.096,2.2038536071777344,0.06393957138061529,-1.7775676886187952,-0.047262016926900685,1.8873192071914673,0.9308844208717346,0.7194796565174416,-0.5782848454902224,0.8532270004785822,-0.2595279612886673,-0.3209814555565633,1.5790394283368627,3.69,31.56,60.65,0.038,1.472,1.001,68.46949831859439,-22.0300889605183,-62.094424348965475,18.628737079100475,1,0,0,0,0
75,99,1777638300.3173258,4815.103999999999,2.2038536071777344,0.06393957138061529,-1.7775676886187952,-0.047262016926900685,1.8873192071914673,0.9308844208717346,0.7194707032949558,-0.5783065344866959,0.8532158296109958,-0.25949573416952126,-0.32098649632607446,1.578989766927966,3.69,31.56,60.65,0.038,1.472,1.001,68.46949831859439,-22.032605356220543,-62.094030035934345,18.62707532366596,1,0,0,0,0
76,100,1777638300.4121144,4815.112,2.2038536071777344,0.06393957138061529,-1.7775676886187952,-0.047262016926900685,1.8873192071914673,0.9308844208717346,0.7195097298684817,-0.578279334783083,0.8532160740837789,-0.25948377226514685,-0.32100806924427916,1.5790594365332853,3.69,31.56,60.65,0.038,1.472,1.001,68.46949831859439,-22.02816926131512,-62.09577183064075,18.626515502150557,1,0,0,0,0
77,101,1777638300.4135764,4815.12,2.2038536071777344,0.06393957138061529,-1.7775676886187952,-0.047262016926900685,1.8873192071914673,0.9308844208717346,0.7195121921948229,-0.5783056921660173,0.8531908805198223,-0.25944980849616206,-0.3209947173512758,1.5790554171823141,3.69,31.56,60.65,0.038,1.472,1.001,68.46949831859439,-22.02785662450259,-62.09593803241669,18.626331157923225,1,0,0,0,0
78,102,1777638300.413621,4815.128,2.2038536071777344,0.06393957138061529,-1.7775676886187952,-0.047262016926900685,1.8873192071914673,0.9308844208717346,0.71949658598555,-0.578277238548191,0.8532089286808825,-0.25951720696849534,-0.32091762288074455,1.5790508364442455,3.69,31.56,60.65,0.038,1.472,1.001,68.46949831859439,-22.029175561594005,-62.09378715055092,18.631940891344236,1,0,0,0,0
79,103,1777638300.4136493,4815.1359999999995,2.2038536071777344,0.06393957138061529,-1.7775676886187952,-0.047262016926900685,1.8873192071914673,0.9308844208717346,0.7195104604747973,-0.5782752307275876,0.8531825554249458,-0.25945333076445937,-0.3209856800128114,1.57905668564589,3.69,31.56,60.65,0.038,1.472,1.001,68.46949831859439,-22.027830106077445,-62.09577564376895,18.62690387628867,1,0,0,0,0
80,104,1777638300.4151604,4815.144,2.2038536071777344,0.06393957138061529,-1.7775676886187952,-0.047262016926900685,1.8873192071914673,0.9308844208717346,0.7194626932781292,-0.5782752250686028,0.8532250047618717,-0.2595316047120384,-0.320969325004862,1.5790051697762932,3.69,31.56,60.65,0.038,1.472,1.001,68.46949831859439,-22.032233073203564,-62.093573650326164,18.62903693537467,1,0,0,0,0
81,105,1777638300.4166622,4815.152,2.2038536071777344,0.06393957138061529,-1.7775676886187952,-0.047262016926900685,1.8873192071914673,0.9308844208717346,0.7194873818312698,-0.5782493525792469,0.8532239818848546,-0.2595430738826428,-0.3209725655660491,1.5790536663727361,3.69,31.56,60.65,0.038,1.472,1.001,68.46949831859439,-22.029457571132248,-62.09434592469137,18.629745121886305,1,0,0,0,0
82,106,1777638300.4167094,4815.16,2.2038536071777344,0.06393957138061529,-1.7775676886187952,-0.047262016926900685,1.8873192071914673,0.9308844208717346,0.7194750969621636,-0.5783023812657759,0.8532307097940738,-0.2594939833051633,-0.3210028143823018,1.5789898735305548,3.69,31.56,60.65,0.038,1.472,1.001,68.46949831859439,-22.0325813293503,-62.09430611333588,18.626183405864488,1,0,0,0,0
83,107,1777638300.4167366,4815.168,2.2038536071777344,0.06393957138061529,-1.7775676886187952,-0.047262016926900685,1.8873192071914673,0.9308844208717346,0.7194870361621587,-0.5783098911878779,0.8532205239664109,-0.2594809833895,-0.320999713846461,1.579034611932032,3.69,31.56,60.65,0.038,1.472,1.001,68.46949831859439,-22.02963544225878,-62.095233135773654,18.626577358578,1,0,0,0,0
84,108,1777638300.4184873,4815.1759999999995,2.2038536071777344,0.06393957138061529,-1.7775676886187952,-0.047262016926900685,1.8873192071914673,0.9308844208717346,0.7194880683768088,-0.5782882760338477,0.8532021394949106,-0.25947569815020716,-0.3209752970785629,1.5790461668643971,3.69,31.56,60.65,0.038,1.472,1.001,68.46949831859439,-22.028827748781747,-62.09513411404808,18.62786266249792,1,0,0,0,0
85,109,1777638300.4186087,4815.1759999999995,2.2038536071777344,0.06393957138061529,-1.7775676886187952,-0.047262016926900685,1.8873192071914673,0.9308844208717346,0.7194880683768088,-0.5782882760338477,0.8532021394949106,-0.25947569815020716,-0.3209752970785629,1.5790461668643971,3.63,31.63,60.63,0.04,1.473,1.002,68.4808783530118,-22.12103056971853,-62.077953241971564,18.617691259153755,0,1,0,0,0
86,110,1777638300.4186795,4815.184,2.2038536071777344,0.06393957138061529,-1.7775676886187952,-0.047262016926900685,1.8873192071914673,0.9308844208717346,0.7194732809930784,-0.5782405194857344,0.8532526432160759,-0.25957145613135507,-0.3209520131418689,1.5790560815517805,3.63,31.63,60.63,0.04,1.473,1.002,68.4808783530118,-22.12195781590814,-62.07652149963329,18.621363024675357,1,0,0,0,0
87,111,1777638300.4206572,4815.192,2.2038536071777344,0.06393957138061529,-1.7775676886187952,-0.047262016926900685,1.8873192071914673,0.9308844208717346,0.7195126741290852,-0.578327056377747,0.8531625479593754,-0.25940780720139267,-0.3209865543012641,1.5790280227628488,3.63,31.63,60.63,0.04,1.473,1.002,68.4808783530118,-22.12104866398157,-62.07868635413756,18.615225127577045,1,0,0,0,0
88,112,1777638300.4207182,4815.2,2.2038536071777344,0.06393957138061529,-1.7775676886187952,-0.047262016926900685,1.8873192071914673,0.9308844208717346,0.7194730549878148,-0.578273290444835,0.8532239971571107,-0.2595255975954545,-0.32096828402352756,1.5790393423937157,3.63,31.63,60.63,0.04,1.473,1.002,68.4808783530118,-22.122249590605136,-62.07706931012894,18.6191900714402,1,0,0,0,0
89,113,1777638300.422608,4815.208,2.2038536071777344,0.06393957138061529,-1.7775676886187952,-0.047262016926900685,1.8873192071914673,0.9308844208717346,0.7195035481973675,-0.5782968388198544,0.8532014071384637,-0.2594853532225422,-0.3209765203450338,1.579047316121897,3.63,31.63,60.63,0.04,1.473,1.002,68.4808783530118,-22.12111727963316,-62.07786661961155,18.617877060997937,1,0,0,0,0
90,114,1777638300.4226859,4815.215999999999,2.2038536071777344,0.06393957138061529,-1.7775676886187952,-0.047262016926900685,1.8873192071914673,0.9308844208717346,0.7194669538741593,-0.5782919436310872,0.8532182645384456,-0.25952736734676807,-0.3209714436865385,1.5789811479933773,3.63,31.63,60.63,0.04,1.473,1.002,68.4808783530118,-22.125834997481466,-62.07604265679221,18.618352605328354,1,0,0,0,0
91,115,1777638300.426123,4815.224,2.2038536071777344,0.06393957138061529,-1.7775676886187952,-0.047262016926900685,1.8873192071914673,0.9308844208717346,0.719473999763878,-0.5783138632067727,0.8532080457518892,-0.2594920970946568,-0.3209743556908519,1.5789779180035832,3.63,31.63,60.63,0.04,1.473,1.002,68.4808783530118,-22.125463983061053,-62.07649033402675,18.61730086085926,1,0,0,0,0
92,116,1777638300.4325497,4815.232,2.2038536071777344,0.06393957138061529,-1.7775676886187952,-0.047262016926900685,1.8873192071914673,0.9308844208717346,0.7194818637048939,-0.5782752476870402,0.8532060657137894,-0.25951041000394376,-0.3209866009696337,1.5790379859613823,3.63,31.63,60.63,0.04,1.473,1.002,68.4808783530118,-22.122098971813216,-62.07752563278579,18.617847576777578,1,0,0,0,0
93,117,1777638300.4400969,4815.24,2.2038536071777344,0.06393957138061529,-1.7775676886187952,-0.047262016926900685,1.8873192071914673,0.9308844208717346,0.7194913443723729,-0.5782730752614262,0.8532122264533946,-0.2594857731246224,-0.320953094555825,1.5790248680223138,3.63,31.63,60.63,0.04,1.473,1.002,68.4808783530118,-22.1224798230773,-62.077094328389656,18.618833105803077,1,0,0,0,0
94,118,1777638300.4466584,4815.248,2.2038536071777344,0.06393957138061529,-1.7775676886187952,-0.047262016926900685,1.8873192071914673,0.9308844208717346,0.7194718680496872,-0.5782791383590767,0.8532186968747322,-0.25951269802656346,-0.32094074134185496,1.5790380809968054,3.63,31.63,60.63,0.04,1.473,1.002,68.4808783530118,-22.12209988451402,-62.07679076035585,18.620296603292438,1,0,0,0,0
95,119,1777638300.456179,4815.255999999999,2.2038536071777344,0.06393957138061529,-1.7775676886187952,-0.047262016926900685,1.8873192071914673,0.9308844208717346,0.7194698480150676,-0.5783078626082839,0.8532230283542906,-0.25949840682219993,-0.32095587750078186,1.5790013640508043,3.63,31.63,60.63,0.04,1.473,1.002,68.4808783530118,-22.1241216326221,-62.0765470440927,18.618706965508874,1,0,0,0,0
96,120,1777638300.4617567,4815.264,2.2038536071777344,0.06393957138061529,-1.7775676886187952,-0.047262016926900685,1.8873192071914673,0.9308844208717346,0.7195153519395435,-0.5783026330686218,0.8531829406167225,-0.2594518952977557,-0.32092769299821555,1.5790446253217485,3.63,31.63,60.63,0.04,1.473,1.002,68.4808783530118,-22.120708409898448,-62.07750311237192,18.619574828059346,1,0,0,0,0
97,121,1777638300.4682128,4815.272,2.2038536071777344,0.06393957138061529,-1.7775676886187952,-0.047262016926900685,1.8873192071914673,0.9308844208717346,0.7194924756613366,-0.578274610749319,0.8532006144126294,-0.25947271274769773,-0.32095508421669916,1.579023590050847,3.63,31.63,60.63,0.04,1.473,1.002,68.4808783530118,-22.122348040220082,-62.0772726645627,18.618395089719968,1,0,0,0,0
98,122,1777638300.4761353,4815.28,2.2038536071777344,0.06393957138061529,-1.7775676886187952,-0.047262016926900685,1.8873192071914673,0.9308844208717346,0.7195217808941451,-0.5782834094611419,0.8531755621290056,-0.2594470350746804,-0.3209899354425059,1.579044756463972,3.63,31.63,60.63,0.04,1.473,1.002,68.4808783530118,-22.120662952808665,-62.078528067923656,18.616211307574222,1,0,0,0,0
99,123,1777638300.483112,4815.288,2.2038536071777344,0.06393957138061529,-1.7775676886187952,-0.047262016926900685,1.8873192071914673,0.9308844208717346,0.7194922450744982,-0.5782914048148088,0.8532138498967914,-0.2594869229546998,-0.32096008063441156,1.5790473962982745,3.63,31.63,60.63,0.04,1.473,1.002,68.4808783530118,-22.121126909731302,-62.07759422895541,18.618773831504715,1,0,0,0,0
100,124,1777638300.490915,4815.295999999999,2.2038536071777344,0.06393957138061529,-1.7775676886187952,-0.047262016926900685,1.8873192071914673,0.9308844208717346,0.7194900355999359,-0.5782555467581486,0.8532173792359368,-0.25954551048342406,-0.32094205626772304,1.5790651385232914,3.63,31.63,60.63,0.04,1.473,1.002,68.4808783530118,-22.120978501281655,-62.07687108218825,18.621361034876422,1,0,0,0,0
101,125,1777638300.4971635,4815.304,2.2038536071777344,0.06393957138061529,-1.7775676886187952,-0.047262016926900685,1.8873192071914673,0.9308844208717346,0.7194832456861191,-0.5782824407128407,0.8532254395813254,-0.25952177186039443,-0.32098557904170016,1.5790275672573806,3.63,31.63,60.63,0.04,1.473,1.002,68.4808783530118,-22.122918411100876,-62.077172955114094,18.61804981400108,1,0,0,0,0
102,126,1777638300.5042832,4815.312,2.2038536071777344,0.06393957138061529,-1.7775676886187952,-0.047262016926900685,1.8873192071914673,0.9308844208717346,0.7194971202742797,-0.5782684363539402,0.8531942123249737,-0.25947569167863216,-0.3209309075837727,1.5790126335230583,3.63,31.63,60.63,0.04,1.473,1.002,68.4808783530118,-22.1230494771369,-62.07666307680321,18.619594063276665,1,0,0,0,0
103,127,1777638300.5115073,4815.32,2.2038536071777344,0.06393957138061529,-1.7775676886187952,-0.047262016926900685,1.8873192071914673,0.9308844208717346,0.7194728499525216,-0.5783016947575222,0.8531937805996276,-0.2594961550329524,-0.3209723723159819,1.5790013697979253,3.63,31.63,60.63,0.04,1.473,1.002,68.4808783530118,-22.1240957680341,-62.076830762604146,18.617791730435115,1,0,0,0,0
104,128,1777638300.5192118,4815.3279999999995,2.2038536071777344,0.06393957138061529,-1.7775676886187952,-0.047262016926900685,1.8873192071914673,0.9308844208717346,0.7194862148916064,-0.5782629269427412,0.8532138314670471,-0.2595362793096181,-0.3209409382914066,1.5790639668684143,3.63,31.63,60.63,0.04,1.473,1.002,68.4808783530118,-22.120900076545595,-62.07695339070795,18.621179810402946,1,0,0,0,0
105,129,1777638300.519828,4815.3279999999995,2.2038536071777344,0.06393957138061529,-1.7775676886187952,-0.047262016926900685,1.8873192071914673,0.9308844208717346,0.7194862148916064,-0.5782629269427412,0.8532138314670471,-0.2595362793096181,-0.3209409382914066,1.5790639668684143,3.61,31.6,60.59,0.037,1.471,1.001,68.43055019507004,-22.108548793724342,-62.03542545392894,18.58919737335465,0,1,0,0,0
106,130,1777638300.5268362,4815.335999999999,2.2038536071777344,0.06393957138061529,-1.7775676886187952,-0.047262016926900685,1.8873192071914673,0.9308844208717346,0.7194448227476815,-0.5782794549034123,0.8532541081467627,-0.2596011038759808,-0.3209408175975977,1.5789994662905154,3.61,31.6,60.59,0.037,1.471,1.001,68.43055019507004,-22.11353253759662,-62.03341142386904,18.589990474060222,1,0,0,0,0
107,131,1777638300.533071,4815.344,2.2038536071777344,0.06393957138061529,-1.7775676886187952,-0.047262016926900685,1.8873192071914673,0.9308844208717346,0.7194986644068943,-0.578290932311206,0.8531909455090403,-0.2594590113045865,-0.3209713693315629,1.5790105333371312,3.61,31.6,60.59,0.037,1.471,1.001,68.43055019507004,-22.11058275107321,-62.03593680422409,18.58507130011232,1,0,0,0,0
108,132,1777638300.5403461,4815.352,2.2038536071777344,0.06393957138061529,-1.7775676886187952,-0.047262016926900685,1.8873192071914673,0.9308844208717346,0.719477027574521,-0.5783307295661866,0.8532089886206574,-0.25948893166612674,-0.3209987012160534,1.5789883948321055,3.61,31.6,60.59,0.037,1.471,1.001,68.43055019507004,-22.112434858883294,-62.0355665637204,18.58410357617116,1,0,0,0,0
109,133,1777638300.5496118,4815.36,2.2038536071777344,0.06393957138061529,-1.7775676886187952,-0.047262016926900685,1.8873192071914673,0.9308844208717346,0.7195045248759399,-0.578284771329116,0.8531869717556622,-0.2594484672954339,-0.32096711207977346,1.5790671426743905,3.61,31.6,60.59,0.037,1.471,1.001,68.43055019507004,-22.106954155295103,-62.037032030975425,18.585732021187898,1,0,0,0,0
110,134,1777638300.5547633,4815.3679999999995,2.2038536071777344,0.06393957138061529,-1.7775676886187952,-0.047262016926900685,1.8873192071914673,0.9308844208717346,0.7195234955953224,-0.5783185843526168,0.8531613517084874,-0.2594217563513369,-0.3209856838156852,1.5790527484734802,3.61,31.6,60.59,0.037,1.471,1.001,68.43055019507004,-22.107413607635436,-62.03740633854122,18.583936030014208,1,0,0,0,0
111,135,1777638300.5618725,4815.376,2.2038536071777344,0.06393957138061529,-1.7775676886187952,-0.047262016926900685,1.8873192071914673,0.9308844208717346,0.7195106464446345,-0.5782885906821538,0.8532048028496071,-0.2594505662999345,-0.32100087997725313,1.5790332761961625,3.61,31.6,60.59,0.037,1.471,1.001,68.43055019507004,-22.109077212965747,-62.03691213128858,18.583606700689145,1,0,0,0,0
112,136,1777638300.5691109,4815.384,2.2038536071777344,0.06393957138061529,-1.7775676886187952,-0.047262016926900685,1.8873192071914673,0.9308844208717346,0.719494990778545,-0.5782645793543966,0.8532154394914614,-0.2594946512765049,-0.32096316809916436,1.579060319687122,3.61,31.6,60.59,0.037,1.471,1.001,68.43055019507004,-22.108113740960036,-62.0362451098667,18.58697929964181,1,0,0,0,0
113,137,1777638300.5778596,4815.392,2.2038536071777344,0.06393957138061529,-1.7775676886187952,-0.047262016926900685,1.8873192071914673,0.9308844208717346,0.7194798687782006,-0.5782494485252865,0.8532375763617797,-0.2595452043177045,-0.320956056354436,1.5790535566218749,3.61,31.6,60.59,0.037,1.471,1.001,68.43055019507004,-22.109338152811333,-62.03535344152341,18.588498858969498,1,0,0,0,0
114,138,1777638300.5869114,4815.4,2.2038536071777344,0.06393957138061529,-1.7775676886187952,-0.047262016926900685,1.8873192071914673,0.9308844208717346,0.7194995226544276,-0.5783402870409478,0.8531913821718561,-0.25943299284155824,-0.32095199199226115,1.5790067921617512,3.61,31.6,60.59,0.037,1.471,1.001,68.43055019507004,-22.1103785053276,-62.03591072394834,18.585401340876622,1,0,0,0,0
115,139,1777638300.592364,4815.407999999999,2.2038536071777344,0.06393957138061529,-1.7775676886187952,-0.047262016926900685,1.8873192071914673,0.9308844208717346,0.719521866989786,-0.5782645127313298,0.8531696731273872,-0.25943985661733054,-0.3209317671723818,1.5790906242929619,3.61,31.6,60.59,0.037,1.471,1.001,68.43055019507004,-22.105358802259595,-62.037024931782504,18.587653155704203,1,0,0,0,0
116,140,1777638300.598284,4815.416,2.2038536071777344,0.06393957138061529,-1.7775676886187952,-0.047262016926900685,1.8873192071914673,0.9308844208717346,0.7195205807968895,-0.5782684552505711,0.8532134411609948,-0.2594767745579973,-0.32097043954843296,1.5790710464047466,3.61,31.6,60.59,0.037,1.471,1.001,68.43055019507004,-22.107175034917166,-62.036784222639795,18.586296438213978,1,0,0,0,0
117,141,1777638300.60545,4815.424,2.2038536071777344,0.06393957138061529,-1.7775676886187952,-0.047262016926900685,1.8873192071914673,0.9308844208717346,0.7194874535033338,-0.5783012253036269,0.8531870181403487,-0.25947374513053106,-0.3209378003893428,1.5789999422675287,3.61,31.6,60.59,0.037,1.471,1.001,68.43055019507004,-22.111445359552448,-62.035036501969586,18.58705007016519,1,0,0,0,0
118,142,1777638300.6124148,4815.432,2.2038536071777344,0.06393957138061529,-1.7775676886187952,-0.047262016926900685,1.8873192071914673,0.9308844208717346,0.7195166592504728,-0.5783074484681964,0.8531925243711868,-0.25943354610203895,-0.3209612862204745,1.5790198786021432,3.61,31.6,60.59,0.037,1.471,1.001,68.43055019507004,-22.109594632474007,-62.036283024153995,18.585091168319284,1,0,0,0,0
119,143,1777638300.619834,4815.44,2.2038536071777344,0.06393957138061529,-1.7775676886187952,-0.047262016926900685,1.8873192071914673,0.9308844208717346,0.7195119058505144,-0.5782668342022235,0.8531902398601905,-0.25947815154685844,-0.32095426878251493,1.5790708603555181,3.61,31.6,60.59,0.037,1.471,1.001,68.43055019507004,-22.10719814949674,-62.036514068346,18.587170635327933,1,0,0,0,0
120,144,1777638300.7127357,4815.447999999999,2.2038536071777344,0.06393957138061529,-1.7775676886187952,-0.047262016926900685,1.8873192071914673,0.9308844208717346,0.7194863462534854,-0.5782964392989648,0.8532084187180504,-0.2594900920733026,-0.3210008173789542,1.5790356803383288,3.61,31.6,60.59,0.037,1.471,1.001,68.43055019507004,-22.109568539791578,-62.036438633917534,18.584602783068625,1,0,0,0,0
121,145,1777638300.712838,4815.456,2.2038536071777344,0.06393957138061529,-1.7775676886187952,-0.047262016926900685,1.8873192071914673,0.9308844208717346,0.7194776052306184,-0.5782849263047114,0.8532223925205817,-0.2595368620612268,-0.32096736122686187,1.579028764577636,3.61,31.6,60.59,0.037,1.471,1.001,68.43055019507004,-22.11072414890715,-62.03518825796509,18.587401523875343,1,0,0,0,0
122,146,1777638300.7158368,4815.464,2.2038536071777344,0.06393957138061529,-1.7775676886187952,-0.047262016926900685,1.8873192071914673,0.9308844208717346,0.7194903457492137,-0.5782949951045174,0.8532110714471233,-0.25951749784609357,-0.3209735990273732,1.5790156048487394,3.61,31.6,60.59,0.037,1.471,1.001,68.43055019507004,-22.11121885466194,-62.035299210595475,18.586442710027487,1,0,0,0,0
123,147,1777638300.715919,4815.472,2.2038536071777344,0.06393957138061529,-1.7775676886187952,-0.047262016926900685,1.8873192071914673,0.9308844208717346,0.7195001332674592,-0.5782612667968253,0.8532253482133247,-0.2595192949905576,-0.3209755975416394,1.579063047252714,3.61,31.6,60.59,0.037,1.471,1.001,68.43055019507004,-22.108353159201243,-62.03616392179714,18.58696549886378,1,0,0,0,0
124,148,1777638300.7159693,4815.48,2.2038536071777344,0.06393957138061529,-1.7775676886187952,-0.047262016926900685,1.8873192071914673,0.9308844208717346,0.7194623384419587,-0.5782724387863583,0.8532378111843475,-0.2595505249513836,-0.32092657613109626,1.578995802394585,3.61,31.6,60.59,0.037,1.471,1.001,68.43055019507004,-22.11293036596416,-62.033786452541435,18.58945531720889,1,0,0,0,0
125,149,1777638300.7191906,4815.487999999999,2.2038536071777344,0.06393957138061529,-1.7775676886187952,-0.047262016926900685,1.8873192071914673,0.9308844208717346,0.71948116411431,-0.5782950071289044,0.8531894523845522,-0.2594815995354123,-0.32097642733560333,1.57901188276211,3.61,31.6,60.59,0.037,1.471,1.001,68.43055019507004,-22.110868328738757,-62.035744124138596,18.585374699305408,1,0,0,0,0
126,150,1777638300.721597,4815.487999999999,2.2038536071777344,0.06393957138061529,-1.7775676886187952,-0.047262016926900685,1.8873192071914673,0.9308844208717346,0.71948116411431,-0.5782950071289044,0.8531894523845522,-0.2594815995354123,-0.32097642733560333,1.57901188276211,3.63,31.54,60.56,0.033,1.473,1.002,68.3773507822583,-22.05098519068942,-62.003124234962534,18.56956480975784,0,1,0,0,0
127,151,1777638300.7216694,4815.496,2.2038536071777344,0.06393957138061529,-1.7775676886187952,-0.047262016926900685,1.8873192071914673,0.9308844208717346,0.7195106270506852,-0.5782678234975325,0.8532077541261207,-0.2594876627450471,-0.3209399164426319,1.5790604004147721,3.63,31.54,60.56,0.033,1.473,1.002,68.3773507822583,-22.048099414701866,-62.003358276572065,18.57220973999767,1,0,0,0,0
128,152,1777638300.7217185,4815.504,2.2038536071777344,0.06393957138061529,-1.7775676886187952,-0.047262016926900685,1.8873192071914673,0.9308844208717346,0.7194910593840722,-0.5782328487550099,0.8532554719470182,-0.2595526986153525,-0.32096833801438895,1.579101095029048,3.63,31.54,60.56,0.033,1.473,1.002,68.3773507822583,-22.046684115627723,-62.003679965034586,18.57281589580046,1,0,0,0,0
129,153,1777638300.7237117,4815.512,2.2038536071777344,0.06393957138061529,-1.7775676886187952,-0.047262016926900685,1.8873192071914673,0.9308844208717346,0.7195009866295863,-0.5782678184341742,0.8532215188387112,-0.25953073645755753,-0.3209308335255128,1.5790639153981705,3.63,31.54,60.56,0.033,1.473,1.002,68.3773507822583,-22.048574012652146,-62.00272023193902,18.57377634861844,1,0,0,0,0
130,154,1777638300.7237694,4815.5199999999995,2.2038536071777344,0.06393957138061529,-1.7775676886187952,-0.047262016926900685,1.8873192071914673,0.9308844208717346,0.7194916814928541,-0.5782364926879038,0.8532346358407976,-0.25953479877106506,-0.3209581829146846,1.5790878602272682,3.63,31.54,60.56,0.033,1.473,1.002,68.3773507822583,-22.04719627482072,-62.00351893508548,18.572745518259442,1,0,0,0,0
131,155,1777638300.7252605,4815.527999999999,2.2038536071777344,0.06393957138061529,-1.7775676886187952,-0.047262016926900685,1.8873192071914673,0.9308844208717346,0.7194951694080529,-0.5783085537548467,0.8532087397046975,-0.2594923369204717,-0.3209042334306398,1.579024895723374,3.63,31.54,60.56,0.033,1.473,1.002,68.3773507822583,-22.05031794088959,-62.002109253584834,18.573745632268466,1,0,0,0,0
132,156,1777638300.7254467,4815.536,2.2038536071777344,0.06393957138061529,-1.7775676886187952,-0.047262016926900685,1.8873192071914673,0.9308844208717346,0.7195258541884401,-0.578282979949514,0.8531979575617177,-0.25946979690834154,-0.32096844005935915,1.579081561401961,3.63,31.54,60.56,0.033,1.473,1.002,68.3773507822583,-22.046538502721866,-62.00441080791652,18.57054873748015,1,0,0,0,0
133,157,1777638300.7279496,4815.544,2.2038536071777344,0.06393957138061529,-1.7775676886187952,-0.047262016926900685,1.8873192071914673,0.9308844208717346,0.7195065603520203,-0.5782778725437087,0.8532230694412223,-0.25950571548521933,-0.3209918537179375,1.5790500509159193,3.63,31.54,60.56,0.033,1.473,1.002,68.3773507822583,-22.049055494885756,-62.00373448693776,18.569818562839338,1,0,0,0,0
134,158,1777638300.7281656,4815.552,2.2038536071777344,0.06393957138061529,-1.7775676886187952,-0.047262016926900685,1.8873192071914673,0.9308844208717346,0.7195028887706711,-0.5782783599876299,0.853203596086272,-0.25951705394155644,-0.3209472077620436,1.5790508161911103,3.63,31.54,60.56,0.033,1.473,1.002,68.3773507822583,-22.049163013731544,-62.00291432858254,18.572429166814587,1,0,0,0,0
135,159,1777638300.7282908,4815.5599999999995,2.2038536071777344,0.06393957138061529,-1.7775676886187952,-0.047262016926900685,1.8873192071914673,0.9308844208717346,0.7194994155165765,-0.5782318448897614,0.8532212653756573,-0.25951594511882603,-0.32095014512861986,1.5790864662128643,3.63,31.54,60.56,0.033,1.473,1.002,68.3773507822583,-22.046971985834986,-62.00361618828584,18.572687092382274,1,0,0,0,0
136,160,1777638300.738677,4815.568,2.2038536071777344,0.06393957138061529,-1.7775676886187952,-0.047262016926900685,1.8873192071914673,0.9308844208717346,0.7194495890114941,-0.5782653211882233,0.8532753844391063,-0.25959729458025854,-0.3209733640269281,1.5789998460551786,3.63,31.54,60.56,0.033,1.473,1.002,68.3773507822583,-22.05358397885708,-62.001351361085135,18.572397881985076,1,0,0,0,0
137,161,1777638300.7421172,4815.576,2.2038536071777344,0.06393957138061529,-1.7775676886187952,-0.047262016926900685,1.8873192071914673,0.9308844208717346,0.7195157158424921,-0.578282572360231,0.8531882853139737,-0.2594473113648979,-0.32096032197190627,1.5790448378515198,3.63,31.54,60.56,0.033,1.473,1.002,68.3773507822583,-22.048411071368164,-62.003917703592855,18.56997196104651,1,0,0,0,0
138,162,1777638300.749732,4815.584,2.2038536071777344,0.06393957138061529,-1.7775676886187952,-0.047262016926900685,1.8873192071914673,0.9308844208717346,0.7194904643974565,-0.5782864598270168,0.8531929967847778,-0.25947190733634723,-0.32094890130959586,1.5790460175747585,3.63,31.54,60.56,0.033,1.473,1.002,68.3773507822583,-22.04872853487514,-62.003442699985165,18.571180989507333,1,0,0,0,0
139,163,1777638300.7568913,4815.592,2.2038536071777344,0.06393957138061529,-1.7775676886187952,-0.047262016926900685,1.8873192071914673,0.9308844208717346,0.7195025760179342,-0.5782904569064016,0.8532051607256305,-0.25947353077004154,-0.32102116961114074,1.5790461746491529,3.63,31.54,60.56,0.033,1.473,1.002,68.3773507822583,-22.0487915818399,-62.004534803015325,18.567459536572176,1,0,0,0,0
140,164,1777638300.7638695,4815.599999999999,2.2038536071777344,0.06393957138061529,-1.7775676886187952,-0.047262016926900685,1.8873192071914673,0.9308844208717346,0.7194910353342894,-0.578238221429292,0.8532166484075846,-0.2595239818137072,-0.32097339928535223,1.5790866164603798,3.63,31.54,60.56,0.033,1.473,1.002,68.3773507822583,-22.047107432598345,-62.003871440056884,18.571674138331346,1,0,0,0,0
141,165,1777638300.7706637,4815.608,2.2038536071777344,0.06393957138061529,-1.7775676886187952,-0.047262016926900685,1.8873192071914673,0.9308844208717346,0.7195165501579546,-0.5782784166017009,0.8532032896796453,-0.25943080280494407,-0.32093575783323847,1.579043690074094,3.63,31.54,60.56,0.033,1.473,1.002,68.3773507822583,-22.048198935795455,-62.00373487193549,18.570834273621585,1,0,0,0,0
142,166,1777638300.7812428,4815.616,2.2038536071777344,0.06393957138061529,-1.7775676886187952,-0.047262016926900685,1.8873192071914673,0.9308844208717346,0.7195047707605626,-0.578270570939962,0.8532221336248871,-0.2595090899856733,-0.3209379950484513,1.5790393038342392,3.63,31.54,60.56,0.033,1.473,1.002,68.3773507822583,-22.049730969060626,-62.002669199465494,18.57257322865365,1,0,0,0,0
143,167,1777638300.7854524,4815.624,2.2038536071777344,0.06393957138061529,-1.7775676886187952,-0.047262016926900685,1.8873192071914673,0.9308844208717346,0.7195078086945411,-0.5782972527948886,0.8531860742576769,-0.25946105256228347,-0.3209795463537838,1.5790565603854372,3.63,31.54,60.56,0.033,1.473,1.002,68.3773507822583,-22.047929918431915,-62.00424509614558,18.569450082568977,1,0,0,0,0
144,168,1777638300.7926002,4815.632,2.2038536071777344,0.06393957138061529,-1.7775676886187952,-0.047262016926900685,1.8873192071914673,0.9308844208717346,0.7194648325086561,-0.5782548415996563,0.8532484153776723,-0.25955936582385775,-0.32096622283970866,1.579031350431724,3.63,31.54,60.56,0.033,1.473,1.002,68.3773507822583,-22.051045455348067,-62.00230398460021,18.572231824080827,1,0,0,0,0
145,169,1777638300.7999895,4815.639999999999,2.2038536071777344,0.06393957138061529,-1.7775676886187952,-0.047262016926900685,1.8873192071914673,0.9308844208717346,0.7194934158889795,-0.5783217433689951,0.8532007249203896,-0.25948414024075783,-0.3209601704364333,1.5790119776502298,3.63,31.54,60.56,0.033,1.473,1.002,68.3773507822583,-22.051009927952034,-62.00284300213779,18.57047443684774,1,0,0,0,0
146,170,1777638300.807304,4815.648,2.2038536071777344,0.06393957138061529,-1.7775676886187952,-0.047262016926900685,1.8873192071914673,0.9308844208717346,0.7194874840318042,-0.5783137819041361,0.8531894004002603,-0.2594970872276447,-0.32095817562675727,1.5790131045305322,3.63,31.54,60.56,0.033,1.473,1.002,68.3773507822583,-22.051148756828564,-62.00266380079664,18.570907896750718,1,0,0,0,0
147,171,1777638300.80894,4815.648,2.2038536071777344,0.06393957138061529,-1.7775676886187952,-0.047262016926900685,1.8873192071914673,0.9308844208717346,0.7194874840318042,-0.5783137819041361,0.8531894004002603,-0.2594970872276447,-0.32095817562675727,1.5790131045305322,3.64,31.56,60.55,0.034,1.473,1.006,68.37825458433404,-22.06250391814398,-61.99369723359734,18.59067304244108,0,1,0,0,0
148,172,1777638300.814485,4815.656,2.2038536071777344,0.06393957138061529,-1.7775676886187952,-0.047262016926900685,1.8873192071914673,0.9308844208717346,0.7194875329736946,-0.5782852816969907,0.8532073822802428,-0.2594939725226364,-0.32093265577904173,1.5790366915668597,3.64,31.56,60.55,0.034,1.473,1.006,68.37825458433404,-22.06099797533927,-61.993770534209006,18.592215663656532,1,0,0,0,0
149,173,1777638300.8216546,4815.664,2.2038536071777344,0.06393957138061529,-1.7775676886187952,-0.047262016926900685,1.8873192071914673,0.9308844208717346,0.7194621970314745,-0.5782843182468853,0.8532433700864489,-0.2595403939019901,-0.3209782621204246,1.5790172412867898,3.64,31.56,60.55,0.034,1.473,1.006,68.37825458433404,-22.0629639246468,-61.9935153937015,18.590733497918436,1,0,0,0,0
150,174,1777638300.8303657,4815.672,2.2038536071777344,0.06393957138061529,-1.7775676886187952,-0.047262016926900685,1.8873192071914673,0.9308844208717346,0.7194735289084866,-0.5783187373375102,0.8531953465509018,-0.259475950516688,-0.3209775051765937,1.5789643643955957,3.64,31.56,60.55,0.034,1.473,1.006,68.37825458433404,-22.06514861579646,-61.99339179172088,18.588552679566227,1,0,0,0,0
151,175,1777638300.8358765,4815.679999999999,2.2038536071777344,0.06393957138061529,-1.7775676886187952,-0.047262016926900685,1.8873192071914673,0.9308844208717346,0.7194876462516537,-0.5782629615527533,0.8532043406922426,-0.25952827030990294,-0.320946014293645,1.5790403053342408,3.64,31.56,60.55,0.034,1.473,1.006,68.37825458433404,-22.0613400540907,-61.99359337774482,18.59240046719641,1,0,0,0,0
152,176,1777638300.8430083,4815.688,2.2038536071777344,0.06393957138061529,-1.7775676886187952,-0.047262016926900685,1.8873192071914673,0.9308844208717346,0.7194805065254332,-0.578283946664985,0.8532148504830498,-0.25949275244646625,-0.3209905925088107,1.5790132581523848,3.64,31.56,60.55,0.034,1.473,1.006,68.37825458433404,-22.062445864508838,-61.99425518291203,18.588881267887018,1,0,0,0,0
153,177,1777638300.850434,4815.696,2.2038536071777344,0.06393957138061529,-1.7775676886187952,-0.047262016926900685,1.8873192071914673,0.9308844208717346,0.7194994517661208,-0.5782526407070345,0.8532119464619661,-0.2595458354021123,-0.3209573799151864,1.579077110461186,3.64,31.56,60.55,0.034,1.473,1.006,68.37825458433404,-22.059385922971796,-61.99420225419845,18.592688874042093,1,0,0,0,0
154,178,1777638300.8576868,4815.704,2.2038536071777344,0.06393957138061529,-1.7775676886187952,-0.047262016926900685,1.8873192071914673,0.9308844208717346,0.7194857759635167,-0.5783085586943959,0.8532004282517902,-0.2594883189385966,-0.32097232032214607,1.5790238326950452,3.64,31.56,60.55,0.034,1.473,1.006,68.37825458433404,-22.06171722137922,-61.99422264411589,18.589854544769544,1,0,0,0,0
155,179,1777638300.8647628,4815.7119999999995,2.2038536071777344,0.06393957138061529,-1.7775676886187952,-0.047262016926900685,1.8873192071914673,0.9308844208717346,0.7195037639135793,-0.578306975696795,0.8531932068046411,-0.25948031529387044,-0.3209875865233065,1.5790579394119093,3.64,31.56,60.55,0.034,1.473,1.006,68.37825458433404,-22.05951744109988,-61.99517668133695,18.589283432010618,1,0,0,0,0
156,180,1777638300.8721843,4815.719999999999,2.2038536071777344,0.06393957138061529,-1.7775676886187952,-0.047262016926900685,1.8873192071914673,0.9308844208717346,0.7195274069055839,-0.5782851263519835,0.853188677976349,-0.2594241627350505,-0.3209489795625286,1.5790659931105027,3.64,31.56,60.55,0.034,1.473,1.006,68.37825458433404,-22.058094190729527,-61.99546108315294,18.590023823550435,1,0,0,0,0
157,181,1777638300.8806863,4815.728,2.2038536071777344,0.06393957138061529,-1.7775676886187952,-0.047262016926900685,1.8873192071914673,0.9308844208717346,0.7194727510262358,-0.5782850681862785,0.8532173881363478,-0.2594833030321252,-0.3209984816198452,1.5790464299509506,3.64,31.56,60.55,0.034,1.473,1.006,68.37825458433404,-22.060274932653016,-61.99509779936232,18.588647577036387,1,0,0,0,0
158,182,1777638300.8867354,4815.736,2.2038536071777344,0.06393957138061529,-1.7775676886187952,-0.047262016926900685,1.8873192071914673,0.9308844208717346,0.7194826766775858,-0.5782506531472875,0.8532406567860013,-0.25952918366528127,-0.320988677500197,1.5790408006846075,3.64,31.56,60.55,0.034,1.473,1.006,68.37825458433404,-22.06135261322192,-61.994246614630946,18.59020730275498,1,0,0,0,0
159,183,1777638300.8936768,4815.744,2.2038536071777344,0.06393957138061529,-1.7775676886187952,-0.047262016926900685,1.8873192071914673,0.9308844208717346,0.7194935816975851,-0.5783066127588009,0.853204954875087,-0.2594975575570865,-0.3209734896749818,1.5790250007578261,3.64,31.56,60.55,0.034,1.473,1.006,68.37825458433404,-22.061795886816785,-61.99414107863657,18.590033194444256,1,0,0,0,0
160,184,1777638300.9005678,4815.7519999999995,2.2038536071777344,0.06393957138061529,-1.7775676886187952,-0.047262016926900685,1.8873192071914673,0.9308844208717346,0.7195052096152433,-0.5782709062560359,0.8532203381625243,-0.2595020398842987,-0.32096537647053636,1.5790499654214931,3.64,31.56,60.55,0.034,1.473,1.006,68.37825458433404,-22.06034002097346,-61.99440775940921,18.590871542752872,1,0,0,0,0
161,185,1777638300.9080904,4815.76,2.2038536071777344,0.06393957138061529,-1.7775676886187952,-0.047262016926900685,1.8873192071914673,0.9308844208717346,0.7194862922260331,-0.5782613836219065,0.8532176140797464,-0.25954785828990207,-0.320916724625683,1.579030871466045,3.64,31.56,60.55,0.034,1.473,1.006,68.37825458433404,-22.062212485611944,-61.99271702855663,18.59428717797516,1,0,0,0,0
162,186,1777638300.9151785,4815.768,2.2038536071777344,0.06393957138061529,-1.7775676886187952,-0.047262016926900685,1.8873192071914673,0.9308844208717346,0.7195107898722721,-0.5782911971107098,0.8532053409299425,-0.25947274472430376,-0.3209936928605989,1.5790579335495651,3.64,31.56,60.55,0.034,1.473,1.006,68.37825458433404,-22.059399582967313,-61.99536931365857,18.588780855722103,1,0,0,0,0
163,187,1777638300.9227319,4815.776,2.2038536071777344,0.06393957138061529,-1.7775676886187952,-0.047262016926900685,1.8873192071914673,0.9308844208717346,0.7194571130485877,-0.5783016256206812,0.853218646079026,-0.25953306686043537,-0.32096085229203875,1.5790149722056166,3.64,31.56,60.55,0.034,1.473,1.006,68.37825458433404,-22.062972614866695,-61.99330235163901,18.591433590068046,1,0,0,0,0
164,188,1777638300.98261,4815.784,2.2038536071777344,0.06393957138061529,-1.7775676886187952,-0.047262016926900685,1.8873192071914673,0.9308844208717346,0.7194941634668595,-0.5782766280546408,0.8532207958030675,-0.25952449576615305,-0.32099996796960056,1.5790511068648154,3.64,31.56,60.55,0.034,1.473,1.006,68.37825458433404,-22.06065563395316,-61.99466723279757,18.589631725637425,1,0,0,0,0
165,189,1777638300.9929464,4815.7919999999995,2.2038536071777344,0.06393957138061529,-1.7775676886187952,-0.047262016926900685,1.8873192071914673,0.9308844208717346,0.7195053867842349,-0.5782453697798646,0.8532153328635629,-0.2595141409850155,-0.32095120336788374,1.5790746578001682,3.64,31.56,60.55,0.034,1.473,1.006,68.37825458433404,-22.05901977462916,-61.99447681760868,18.592207795028,1,0,0,0,0
166,190,1777638300.9957483,4815.8,2.2038536071777344,0.06393957138061529,-1.7775676886187952,-0.047262016926900685,1.8873192071914673,0.9308844208717346,0.7195085985685167,-0.5783115104539996,0.8531820356373933,-0.2594451143643049,-0.3209967745282076,1.5790317649724084,3.64,31.56,60.55,0.034,1.473,1.006,68.37825458433404,-22.0605518875877,-61.99530571174857,18.587625456789347,1,0,0,0,0
167,191,1777638300.9958174,4815.808,2.2038536071777344,0.06393957138061529,-1.7775676886187952,-0.047262016926900685,1.8873192071914673,0.9308844208717346,0.7194985194497227,-0.5782669327386271,0.8532127641972233,-0.2595064341515792,-0.320948021901059,1.579061503610659,3.64,31.56,60.55,0.034,1.473,1.006,68.37825458433404,-22.059695694096764,-61.9942914164786,18.592024033239994,1,0,0,0,0
168,192,1777638300.9958596,4815.808,2.2038536071777344,0.06393957138061529,-1.7775676886187952,-0.047262016926900685,1.8873192071914673,0.9308844208717346,0.7194985194497227,-0.5782669327386271,0.8532127641972233,-0.2595064341515792,-0.320948021901059,1.579061503610659,3.67,31.55,60.55,0.035,1.471,1.006,68.37524332680653,-22.03467295326189,-61.99406771208355,18.611358261889052,0,1,0,0,0
169,193,1777638300.9977872,4815.816,2.2038536071777344,0.06393957138061529,-1.7775676886187952,-0.047262016926900685,1.8873192071914673,0.9308844208717346,0.7195023735254412,-0.5782857932591368,0.8531837344602713,-0.25945691280525857,-0.3209878318028211,1.5790102957988803,3.67,31.55,60.55,0.035,1.471,1.006,68.37524332680653,-22.037023311966685,-61.994405713886785,18.60744914623816,1,0,0,0,0
170,194,1777638300.9978578,4815.824,2.2038536071777344,0.06393957138061529,-1.7775676886187952,-0.047262016926900685,1.8873192071914673,0.9308844208717346,0.7194781957732501,-0.5782541534354131,0.8532328407111359,-0.25953075275200255,-0.3209813745588414,1.5790747994465357,3.67,31.55,60.55,0.035,1.471,1.006,68.37524332680653,-22.034277112351624,-61.99450251098623,18.610378570878613,1,0,0,0,0
171,195,1777638301.0012279,4815.831999999999,2.2038536071777344,0.06393957138061529,-1.7775676886187952,-0.047262016926900685,1.8873192071914673,0.9308844208717346,0.7195309489439088,-0.5783029877804616,0.8531807696736667,-0.25941414770722215,-0.3209918212953154,1.5790530249048353,3.67,31.55,60.55,0.035,1.471,1.006,68.37524332680653,-22.033728433132715,-61.995794758449335,18.606723075361295,1,0,0,0,0
172,196,1777638301.0014234,4815.84,2.2038536071777344,0.06393957138061529,-1.7775676886187952,-0.047262016926900685,1.8873192071914673,0.9308844208717346,0.7194780072048413,-0.5782674460384284,0.8532159329472624,-0.25952176801986654,-0.3209713918154346,1.5790392362554493,3.67,31.55,60.55,0.035,1.471,1.006,68.37524332680653,-22.036294719239415,-61.993826286022156,18.610242273149716,1,0,0,0,0
173,197,1777638301.0060525,4815.848,2.2038536071777344,0.06393957138061529,-1.7775676886187952,-0.047262016926900685,1.8873192071914673,0.9308844208717346,0.7194883599414856,-0.5783153093616801,0.8531745263295237,-0.2594583806820414,-0.3209113638355716,1.5789868144855042,3.67,31.55,60.55,0.035,1.471,1.006,68.37524332680653,-22.038428148756793,-61.992787218797716,18.611177221684677,1,0,0,0,0
174,198,1777638301.0133405,4815.856,2.2038536071777344,0.06393957138061529,-1.7775676886187952,-0.047262016926900685,1.8873192071914673,0.9308844208717346,0.7194703042072956,-0.5782723200826454,0.8532459457929807,-0.2595483075772026,-0.3209519302791739,1.5790301256467105,3.67,31.55,60.55,0.035,1.471,1.006,68.37524332680653,-22.037266255182605,-61.993016063717484,18.61179076074775,1,0,0,0,0
175,199,1777638301.0134304,4815.864,2.2038536071777344,0.06393957138061529,-1.7775676886187952,-0.047262016926900685,1.8873192071914673,0.9308844208717346,0.7194970495536247,-0.5782514668912248,0.8532266099225083,-0.2595283651067694,-0.3209560529830897,1.5790982371347404,3.67,31.55,60.55,0.035,1.471,1.006,68.37524332680653,-22.03279182409218,-61.994565763301765,18.611926290845616,1,0,0,0,0
176,200,1777638301.0135334,4815.871999999999,2.2038536071777344,0.06393957138061529,-1.7775676886187952,-0.047262016926900685,1.8873192071914673,0.9308844208717346,0.7194969194038242,-0.5782775475781117,0.8531947920305254,-0.25947746999499255,-0.3209235933331058,1.5790471000773185,3.67,31.55,60.55,0.035,1.471,1.006,68.37524332680653,-22.035067236106585,-61.99381100935334,18.61174651763885,1,0,0,0,0
177,201,1777638301.0160048,4815.88,2.2038536071777344,0.06393957138061529,-1.7775676886187952,-0.047262016926900685,1.8873192071914673,0.9308844208717346,0.719478374303787,-0.5782600894935668,0.8532319458478228,-0.2595489278682732,-0.3209530385396644,1.5790535511913781,3.67,31.55,60.55,0.035,1.471,1.006,68.37524332680653,-22.035848012133066,-61.993446600024214,18.612035918623032,1,0,0,0,0
178,202,1777638301.029953,4815.888,2.2038536071777344,0.06393957138061529,-1.7775676886187952,-0.047262016926900685,1.8873192071914673,0.9308844208717346,0.7195214169237553,-0.578303470050193,0.8531702176008944,-0.2594516200542978,-0.3209573064264744,1.579044544105247,3.67,31.55,60.55,0.035,1.471,1.006,68.37524332680653,-22.03482811740905,-61.99462153570606,18.609329662317478,1,0,0,0,0
179,203,1777638301.0358994,4815.896,2.2038536071777344,0.06393957138061529,-1.7775676886187952,-0.047262016926900685,1.8873192071914673,0.9308844208717346,0.7194862176071982,-0.5782737644255403,0.8532265688234193,-0.2595044564192504,-0.32099065650526526,1.5790262927763645,3.67,31.55,60.55,0.035,1.471,1.006,68.37524332680653,-22.036817484752795,-61.99411596530668,18.608658222015883,1,0,0,0,0
180,204,1777638301.0378304,4815.9039999999995,2.2038536071777344,0.06393957138061529,-1.7775676886187952,-0.047262016926900685,1.8873192071914673,0.9308844208717346,0.7194502810603349,-0.5782846114944422,0.8532659073510719,-0.25957440770338686,-0.3208787847373422,1.5789745726093025,3.67,31.55,60.55,0.035,1.471,1.006,68.37524332680653,-22.04102763204392,-61.990549280359424,18.61555266014964,1,0,0,0,0
181,205,1777638301.0448327,4815.911999999999,2.2038536071777344,0.06393957138061529,-1.7775676886187952,-0.047262016926900685,1.8873192071914673,0.9308844208717346,0.7195100357312247,-0.5782618290285829,0.8532311416108159,-0.2595085371235792,-0.3210061005175827,1.5790737059255346,3.67,31.55,60.55,0.035,1.471,1.006,68.37524332680653,-22.034001395204804,-61.99515355526987,18.608536164207557,1,0,0,0,0
182,206,1777638301.0518992,4815.92,2.2038535930258334,0.06393956321742084,-1.7775676941753833,-0.04726201287352172,1.8873192113494952,0.9308844298944716,0.7195031194084125,-0.5782772746872057,0.853221005822555,-0.25948321195144486,-0.3209874586493828,1.5790934656661508,3.67,31.55,60.55,0.035,1.471,1.006,68.37524332680653,-22.03237435218231,-61.99555310597963,18.609131508185964,1,0,0,0,0
183,207,1777638301.0594738,4815.928,2.203853479810615,0.06393949791185774,-1.7775677386280702,-0.047261980446493546,1.8873192446137297,0.9308845020763757,0.7195346156368498,-0.5783394240839407,0.8531488054741999,-0.25938124514450145,-0.3209399711157748,1.579014694887718,3.67,31.55,60.55,0.035,1.471,1.006,68.37524332680653,-22.03550033917356,-61.994737025822495,18.608148911200043,1,0,0,0,0
184,208,1777638301.066711,4815.936,2.2038530977091155,0.06393927750548459,-1.7775678886556614,-0.047261871005336964,1.8873193568806674,0.9308847456904117,0.7194768916708548,-0.5782812491309761,0.8532308786631526,-0.2595220559157557,-0.320955973753964,1.5790276005338426,3.67,31.55,60.55,0.035,1.471,1.006,68.37524332680653,-22.036998854438302,-61.99337584418744,18.610908976479383,1,0,0,0,0
185,209,1777638301.0784357,4815.9439999999995,2.2038521919862033,0.06393875506014604,-1.7775682442752103,-0.04726161158965425,1.8873196229957934,0.9308853231465803,0.7194582098284712,-0.5782846117207062,0.8532339329070507,-0.25955791625711677,-0.32094998324414864,1.5789958872164673,3.67,31.55,60.55,0.035,1.471,1.006,68.37524332680653,-22.039508794249258,-61.992244306498534,18.611705938779735,1,0,0,0,0
186,210,1777638301.083892,4815.952,2.2038504229927325,0.06393773465665138,-1.7775689388389315,-0.047261104919985364,1.8873201427555613,0.9308864509934017,0.7194974063286673,-0.5783347837142991,0.853175605907786,-0.2594510470924891,-0.32096204035860926,1.5790198002186469,3.67,31.55,60.55,0.035,1.471,1.006,68.37524332680653,-22.036331480758157,-61.99425655173864,18.60876539342033,1,0,0,0,0
187,211,1777638301.0879364,4815.96,2.20384736616139,0.06393597139179662,-1.777570139027242,-0.04726022939974417,1.8873210409118593,0.930888399921258,0.7194933552811674,-0.5782673893194201,0.8532105313393622,-0.2595178247661138,-0.3210130241450454,1.5790734688580654,3.67,31.55,60.55,0.035,1.471,1.006,68.37524332680653,-22.034170535411473,-61.99513449475988,18.608399388261105,1,0,0,0,0
188,212,1777638301.0949235,4815.968,2.203842511998777,0.06393317137268813,-1.777572044835491,-0.047258839118907936,1.8873224671805209,0.930891494768765,0.7194569078979998,-0.5782755843981985,0.8532289470799181,-0.25952509166622895,-0.3209580504714918,1.5789811730107708,3.67,31.55,60.55,0.035,1.471,1.006,68.37524332680653,-22.03988145147993,-61.99253249156227,18.610304696251106,1,0,0,0,0
189,213,1777638301.0970325,4815.968,2.203842511998777,0.06393317137268813,-1.777572044835491,-0.047258839118907936,1.8873224671805209,0.930891494768765,0.7194569078979998,-0.5782755843981985,0.8532289470799181,-0.25952509166622895,-0.3209580504714918,1.5789811730107708,3.64,31.51,60.55,0.035,1.473,1.003,68.3551914634141,-22.023434451075662,-61.99040694460181,18.563135021376027,0,1,0,0,0
190,214,1777638301.1025598,4815.976,2.2038352660719047,0.0639289917070652,-1.7775748895513388,-0.04725676386030031,1.8873245962558365,0.9308961145336356,0.7194905536875089,-0.5783204767261255,0.8531723448853901,-0.25942715927562815,-0.32095595634776924,1.5789951193453944,3.64,31.51,60.55,0.035,1.473,1.003,68.3551914634141,-22.02100313708874,-61.99190224809286,18.561025739415008,1,0,0,0,0
191,215,1777638301.1093915,4815.9839999999995,2.203824948986932,0.06392304048805901,-1.777578939719132,-0.04725380910949806,1.8873276278334097,0.9309026923897901,0.7194510862998378,-0.5782800629240288,0.8532275559850642,-0.25956210723271717,-0.32097628388327715,1.5789959831719467,3.64,31.51,60.55,0.035,1.473,1.003,68.3551914634141,-22.02313964916604,-61.99047093140367,18.563271093644207,1,0,0,0,0
192,216,1777638301.1168976,4815.992,2.2038107963575904,0.06391487677156601,-1.777584495087007,-0.04724975606953219,1.8873317866440937,0.9309117157127582,0.7194780455243597,-0.5783140544329531,0.8532035499648757,-0.25950081608403675,-0.3209639084639604,1.5790466154143947,3.64,31.51,60.55,0.035,1.473,1.003,68.3551914634141,-22.019054837551753,-61.99199072130767,18.563041519917785,1,0,0,0,0
193,217,1777638301.1286974,4816.0,2.2037919587603914,0.06390401054415479,-1.7775918885318465,-0.04724436168175128,1.887337322502138,0.9309237261157153,0.719473777586201,-0.5782840626606661,0.8532220170196768,-0.25952127531541874,-0.3209356037886221,1.5790615057228716,3.64,31.51,60.55,0.035,1.473,1.003,68.3551914634141,-22.018458340544562,-61.99155720936526,18.565196661056312,1,0,0,0,0
194,218,1777638301.1331785,4816.008,2.2037675016733473,0.06388990267916721,-1.7776014859566232,-0.047237358654355965,1.8873445103710618,0.930939319498781,0.7194124879625085,-0.5782429811071675,0.853269972631787,-0.2596468510867387,-0.3209392845025047,1.5790487276545602,3.64,31.51,60.55,0.035,1.473,1.003,68.3551914634141,-22.021265294699347,-61.9897468515148,18.567912109485558,1,0,0,0,0
195,219,1777638301.1386282,4816.016,2.2037364053945616,0.0638719648784192,-1.7776136861540186,-0.0472284555003224,1.8873536504511725,0.9309591461145045,0.7193995817654503,-0.5782688065804817,0.8532656602737727,-0.2596163053810662,-0.3209369843246387,1.5790331738096477,3.64,31.51,60.55,0.035,1.473,1.003,68.3551914634141,-22.021719966303923,-61.98982992159824,18.56709551914394,1,0,0,0,0
196,220,1777638301.14628,4816.023999999999,2.203697564936694,0.06384955959665156,-1.777628920629641,-0.04721733658656113,1.8873650682930352,0.9309839106527499,0.7193790437428761,-0.578294505682482,0.8532481182201008,-0.2596143067966327,-0.3209143109442136,1.5790199880432154,3.64,31.51,60.55,0.035,1.473,1.003,68.3551914634141,-22.022477493835233,-61.98927047893472,18.568064802854174,1,0,0,0,0
197,221,1777638301.1537166,4816.032,2.203649789892925,0.06382199994562934,-1.7776476533775147,-0.0472036621963543,1.8873791149415997,0.931014372348487,0.7193472153424856,-0.5782900088276874,0.8532927183669029,-0.25967163139333854,-0.32091523386221266,1.579001459786508,3.64,31.51,60.55,0.035,1.473,1.003,68.3551914634141,-22.024532714586904,-61.988203918533635,18.56918774902067,1,0,0,0,0
198,222,1777638301.160729,4816.04,2.2035918042696974,0.06378854957454153,-1.777670380599936,-0.047187068607291494,1.8873961671160921,0.9310513451162816,0.7192671236593036,-0.57830198689838,0.8533316201198886,-0.2597771091546993,-0.3208414839049723,1.5789507492594634,3.64,31.51,60.55,0.035,1.473,1.003,68.3551914634141,-22.029279425823812,-61.98478287853921,18.57497616362742,1,0,0,0,0
199,223,1777638301.1676614,4816.048,2.2035222462811275,0.06374842252310749,-1.777697630363166,-0.04716716818708111,1.8874166274311746,0.9310956977155691,0.7192261330760206,-0.5782809528308227,0.8533543664295787,-0.25983715363233234,-0.32091631668278886,1.5790008204274855,3.64,31.51,60.55,0.035,1.473,1.003,68.3551914634141,-22.02724173395152,-61.98605081889351,18.573161429105543,1,0,0,0,0
200,224,1777638301.1784568,4816.056,2.20343966809962,0.06370078304355999,-1.777729962179821,-0.04714354950978539,1.8874409246652895,0.9311483539510843,0.7191479723553391,-0.5783208829204283,0.8533920484950002,-0.2599099847732942,-0.32088627169507905,1.578935157150299,3.64,31.51,60.55,0.035,1.473,1.003,68.3551914634141,-22.032402077560512,-61.983457655779084,18.575694757584397,1,0,0,0,0
201,225,1777638301.1816797,4816.063999999999,2.2033425355568546,0.0636447453874423,-1.7777679665082315,-0.047115777495247535,1.8874695140825108,0.9312102929131044,0.7190918739102713,-0.5783263757823838,0.8534284646927649,-0.25999665712740416,-0.3208583339369798,1.5789295601839355,3.64,31.51,60.55,0.035,1.473,1.003,68.3551914634141,-22.034123248439265,-61.98179706857899,18.57919386900516,1,0,0,0,0
202,226,1777638301.1886835,4816.072,2.2032292277889343,0.06357937355293447,-1.777812264158391,-0.04708339357458424,1.887502877814644,0.9312825492624514,0.7189941565945095,-0.5783906106342342,0.853433261611123,-0.25996065156579623,-0.32085181215114,1.5788293399245852,3.64,31.51,60.55,0.035,1.473,1.003,68.3551914634141,-22.03965101570913,-61.98036231740215,18.577423667164034,1,0,0,0,0
203,227,1777638301.1959877,4816.08,2.203098036819117,0.0635036809882108,-1.7778635055935643,-0.047045915884881495,1.8875415253107362,0.9313662135654773,0.718831025957537,-0.5783497628909393,0.8535787178523446,-0.2602176617528703,-0.32090383257846616,1.578836843339847,3.64,31.51,60.55,0.035,1.473,1.003,68.3551914634141,-22.043371158484273,-61.97794457514722,18.58107570108047,1,0,0,0,0
204,228,1777638301.2032135,4816.088,2.2029471670711778,0.06341663024612877,-1.7779223701159586,-0.04700283949634443,1.88758599386159,0.9314624326845423,0.7186985909809118,-0.5783545779352395,0.8536794269246096,-0.2604398171029652,-0.32082561847885216,1.5788065934867075,3.64,31.51,60.55,0.035,1.473,1.003,68.3551914634141,-22.0487484266069,-61.97329832611312,18.590190623088954,1,0,0,0,0
205,229,1777638301.211154,4816.096,2.202774734806077,0.06331713258536331,-1.7779895649242938,-0.04695363667539354,1.8876368492073197,0.9315724102297679,0.7185191365522027,-0.5783941480366599,0.8537650688280584,-0.2605635680749077,-0.32087635394357233,1.5787074302971789,3.64,31.51,60.55,0.035,1.473,1.003,68.3551914634141,-22.05682379761201,-61.97067774717528,18.589347043854193,1,0,0,0,0
206,230,1777638301.2171423,4816.103999999999,2.2025787674742174,0.06320404751292794,-1.7780658240304756,-0.04689775718735767,1.887694686236428,0.931697407078127,0.7183365080805671,-0.5783205088916265,0.8539513087012378,-0.26085775413726897,-0.3208072642374716,1.5787424352572046,3.64,31.51,60.55,0.035,1.473,1.003,68.3551914634141,-22.05938887481114,-61.96640505029677,18.600543207455313,1,0,0,0,0
207,231,1777638301.3080418,4816.112,2.202357202975204,0.06307618226287258,-1.7781519070219804,-0.04683462864263177,1.8877601297853586,0.9318387419662002,0.7181568145689686,-0.5783339531568762,0.85404530785674,-0.2610348664378448,-0.3207942106552259,1.57868331443585,3.64,31.51,60.55,0.035,1.473,1.003,68.3551914634141,-22.065841744696446,-61.96282635557451,18.604810617873333,1,0,0,0,0
208,232,1777638301.308084,4816.12,2.202107888816632,0.06293229120581757,-1.7782485976559421,-0.04676365689035755,1.8878338355479423,0.9319977921631905,0.7179190413943174,-0.5782941156632986,0.8542345015249303,-0.26140789276183024,-0.3208153784844227,1.578641748568377,3.64,31.51,60.55,0.035,1.473,1.003,68.3551914634141,-22.07440486304677,-61.95753159451047,18.612284348180744,1,0,0,0,0
209,233,1777638301.309269,4816.128,2.2018285811630363,0.06277107518387635,-1.7783567022703224,-0.046684226463909795,1.8879164911046642,0.9321759942310558,0.717696805102925,-0.5783109635573342,0.854332579585604,-0.261613757219427,-0.32081501414365776,1.5785718486434994,3.64,31.51,60.55,0.035,1.473,1.003,68.3551914634141,-22.08198612595434,-61.95357663775362,18.61645590662057,1,0,0,0,0
210,234,1777638301.3093078,4816.128,2.2018285811630363,0.06277107518387635,-1.7783567022703224,-0.046684226463909795,1.8879164911046642,0.9321759942310558,0.717696805102925,-0.5783109635573342,0.854332579585604,-0.261613757219427,-0.32081501414365776,1.5785718486434994,3.61,31.55,60.55,0.038,1.472,1.004,68.37204911365463,-22.131887655399392,-61.95518170807718,18.613761262246786,0,1,0,0,0
211,235,1777638301.3093321,4816.1359999999995,2.2015169437657387,0.06259118076544296,-1.7784770479969474,-0.04659570108267097,1.8880088170821747,0.9323748448788657,0.7173713240858529,-0.578268268423554,0.8545868149983541,-0.2620046670600588,-0.3208312252529781,1.578472492231685,3.61,31.55,60.55,0.038,1.472,1.004,68.37204911365463,-22.14425801935902,-61.94852648269738,18.62119768958472,1,0,0,0,0
212,236,1777638301.3093784,4816.144,2.2011705467639446,0.06239119941427354,-1.7786104807605714,-0.04649742421481218,1.8881115684540097,0.932595901918742,0.7171227237568408,-0.5783224578878859,0.8547125571730324,-0.26223162437480874,-0.320851013556302,1.5784249995260367,3.61,31.55,60.55,0.038,1.472,1.004,68.37204911365463,-22.150824787089945,-61.94500598329963,18.625098522708907,1,0,0,0,0
213,237,1777638301.310427,4816.152,2.2007868653470273,0.06216966656728341,-1.7787578630475247,-0.04638871970603908,1.888225535994034,0.932840785330972,0.7167477173605845,-0.5783402957607291,0.8549503161546912,-0.2626354683897755,-0.3207784033061955,1.5782655982308624,3.61,31.55,60.55,0.038,1.472,1.004,68.37204911365463,-22.167007121742667,-61.935719168200976,18.63672681514514,1,0,0,0,0
214,238,1777638301.310466,4816.16,2.2003632782675333,0.06192506061551012,-1.7789200714268878,-0.04626889247948096,1.8883515478947026,0.9331111784461225,0.7163401556463687,-0.5783267826555039,0.8552171325613721,-0.2631336787490516,-0.3207843155114239,1.5781258810725447,3.61,31.55,60.55,0.038,1.472,1.004,68.37204911365463,-22.183558433090237,-61.92676216317367,18.646794985503337,1,0,0,0,0
215,239,1777638301.3105924,4816.168,2.199897066194046,0.06165580178277285,-1.7790979938065306,-0.04613722931219577,1.8884904715628374,0.9334088292521882,0.7159412337542232,-0.5784180336125064,0.8554424295972914,-0.2635178116118478,-0.3207731063835184,1.577984002651889,3.61,31.55,60.55,0.038,1.472,1.004,68.37204911365463,-22.198390539288397,-61.91899007998789,18.65495175388002,1,0,0,0,0
216,240,1777638301.311943,4816.1759999999995,2.1993854098926002,0.06136025089668315,-1.7792925264057322,-0.04599299969399606,1.888643215606258,0.9337355518350251,0.7155479247575477,-0.5784496004445144,0.8556887756850149,-0.263966816792077,-0.3207866700773329,1.577896180651418,3.61,31.55,60.55,0.038,1.472,1.004,68.37204911365463,-22.21098815458577,-61.911728411477725,18.664056105259426,1,0,0,0,0
217,241,1777638301.3128357,4816.184,2.198825388224962,0.06103670804684855,-1.779504570425492,-0.04583545677460776,1.888810732025263,0.9340932279604947,0.7150111153128293,-0.5784212869575136,0.856040981519131,-0.2646238354107953,-0.32078012815730644,1.5777323979702973,3.61,31.55,60.55,0.038,1.472,1.004,68.37204911365463,-22.23155357502015,-61.90004846978229,18.678306269027996,1,0,0,0,0
218,242,1777638301.3137124,4816.192,2.1982139759516257,0.060683411125356954,-1.779735028397032,-0.04566383840546262,1.8889940186236713,0.9344838088069287,0.7144352520495503,-0.5784616061872269,0.856403812886553,-0.26525462160468066,-0.32078606660160097,1.5775281121531686,3.61,31.55,60.55,0.038,1.472,1.004,68.37204911365463,-22.254169094115724,-61.88816274501031,18.690756270884844,1,0,0,0,0
219,243,1777638301.3149002,4816.2,2.197548041326987,0.06029853424494728,-1.7799848001883474,-0.0454773682827474,1.8891941216548642,0.9349093168566709,0.713897923281194,-0.578474350191506,0.8567566367099215,-0.26587072632435743,-0.3207653945164821,1.5774286170456648,3.61,31.55,60.55,0.038,1.472,1.004,68.37204911365463,-22.270145998803933,-61.877952833934515,18.705524592305125,1,0,0,0,0
220,244,1777638301.314951,4816.208,2.196824343473713,0.05988018603066415,-1.780254778648084,-0.04527525719865366,1.8894121387190481,0.93537184795558,0.7132380033876884,-0.5785438933413063,0.8571682249706445,-0.2665880055398285,-0.320789622450453,1.577183080424749,3.61,31.55,60.55,0.038,1.472,1.004,68.37204911365463,-22.296673526163218,-61.86445053995059,18.718579247840882,1,0,0,0,0
221,245,1777638301.318263,4816.215999999999,2.1960395295229045,0.05942640778127496,-1.7805458448653617,-0.04505670440814846,1.889649221928783,0.93587357354949,0.7125684815099028,-0.5785989956904132,0.8575630180498458,-0.2672931001783409,-0.32071850508928906,1.5769247998835643,3.61,31.55,60.55,0.038,1.472,1.004,68.37204911365463,-22.323719815465836,-61.84938199835661,18.736130337450604,1,0,0,0,0
222,246,1777638301.3250785,4816.224,2.195190131506236,0.05893517149729698,-1.7808588630235551,-0.044820899118946045,1.8899065813606781,0.9364167431066883,0.711782506167917,-0.5786353540324275,0.8580785141521411,-0.26818595474423523,-0.3206887165861802,1.5766581628882022,3.61,31.55,60.55,0.038,1.472,1.004,68.37204911365463,-22.354320099498274,-61.83232164443348,18.755945002811536,1,0,0,0,0
223,247,1777638301.332284,4816.232,2.1942725629858337,0.058404377773156976,-1.781194674825418,-0.044567022112754984,1.8901854888120684,0.9370036867355198,0.7109484091756776,-0.578610470236983,0.8586415274647223,-0.2692094754281252,-0.32061501168950096,1.5764380059440386,3.61,31.55,60.55,0.038,1.472,1.004,68.37204911365463,-22.3841653627895,-61.8136865789634,18.78175690740812,1,0,0,0,0
224,248,1777638301.3396297,4816.24,2.1932831154072634,0.05783185355179105,-1.7815540934662835,-0.04429424750633171,1.8904872818824399,0.937636818006222,0.7100286839601867,-0.578611879761938,0.8592494502831343,-0.2702725045808356,-0.3205402424081482,1.5761601374230416,3.61,31.55,60.55,0.038,1.472,1.004,68.37204911365463,-22.41815430605708,-61.79343887306603,18.807827353271442,1,0,0,0,0
225,249,1777638301.346683,4816.248,2.192217954160592,0.05721534974089895,-1.781937897131451,-0.04400174466127371,1.8908133684003698,0.9383186369860548,0.7090134425756038,-0.5787292633800604,0.8598567024860009,-0.27141205302347027,-0.3204909766762262,1.575756916030939,3.61,31.55,60.55,0.038,1.472,1.004,68.37204911365463,-22.461010272786904,-61.77026284702104,18.83281034088361,1,0,0,0,0
226,250,1777638301.354193,4816.255999999999,2.191073114334151,0.05655253869110888,-1.7823468219932082,-0.04368868025202044,1.8911652312177964,0.9390517334966912,0.7079884446436276,-0.5787241353990691,0.8605818950271098,-0.2726702656185808,-0.3204264423363713,1.5754591578449588,3.61,31.55,60.55,0.038,1.472,1.004,68.37204911365463,-22.499344259538834,-61.747180297659355,18.8627233765198,1,0,0,0,0
227,251,1777638301.3612914,4816.264,2.18984449614526,0.05584101153749316,-1.7827815546822912,-0.043354220501989005,1.891544433394523,0.9398387906026823,0.7068929243843404,-0.57879499921538,0.8612392106619569,-0.27388044965662,-0.32037001486002,1.575083865834861,3.61,31.55,60.55,0.038,1.472,1.004,68.37204911365463,-22.541616348725668,-61.723406942753144,18.89004149720575,1,0,0,0,0
228,252,1777638301.3685324,4816.272,2.188527860031907,0.05507827540721875,-1.7832427242079074,-0.0429975335983519,1.8919526237969984,0.9406825883395875,0.7057110426934766,-0.5788487771860498,0.8619784927700335,-0.2752418660375201,-0.32031377218783336,1.5746738113889969,3.61,31.55,60.55,0.038,1.472,1.004,68.37204911365463,-22.588425926677495,-61.69696084480628,18.92049514863302,1,0,0,0,0
229,253,1777638301.3780587,4816.28,2.1871188213891064,0.05426175049763012,-1.7837308932997935,-0.0426177922965163,1.8923915431365808,0.941586007690064,0.7044248498040572,-0.5789881574848232,0.8627306172193308,-0.27660860444906654,-0.3202892003294151,1.5741663310353156,3.61,31.55,60.55,0.038,1.472,1.004,68.37204911365463,-22.641245825551557,-61.669109708208474,18.94813962540629,1,0,0,0,0
230,254,1777638301.382635,4816.288,2.1856128449334844,0.05338876703075912,-1.7842465491450543,-0.042214176725961394,1.8928630304737086,0.9425520348158228,0.7030754930531123,-0.5790554976100453,0.8636179755258802,-0.2781775039220965,-0.3202703087923055,1.5737353587765788,3.61,31.55,60.55,0.038,1.472,1.004,68.37204911365463,-22.6926582731695,-61.640030227521045,18.98122846518221,1,0,0,0,0
231,255,1777638301.3842638,4816.288,2.1856128449334844,0.05338876703075912,-1.7842465491450543,-0.042214176725961394,1.8928630304737086,0.9425520348158228,0.7030754930531123,-0.5790554976100453,0.8636179755258802,-0.2781775039220965,-0.3202703087923055,1.5737353587765788,3.6,31.56,60.55,0.038,1.472,1.004,68.37613691924983,-22.706497719476364,-61.64035849340651,18.9783367585187,0,1,0,0,0
232,256,1777638301.3906627,4816.295999999999,2.1840052386795468,0.05245656209215609,-1.7847900934918757,-0.04178587740976614,1.8933690302156194,0.9435837655528669,0.7016418798227227,-0.5791364881732171,0.8645220499412993,-0.2797766656621921,-0.3201936877457148,1.573246456220645,3.6,31.56,60.55,0.038,1.472,1.004,68.37613691924983,-22.761865509977586,-61.60883571501586,19.0143351276314,1,0,0,0,0
233,257,1777638301.3971157,4816.304,2.182291147511067,0.05146227636404689,-1.785361832091441,-0.04133209851078412,1.8939115996365106,0.9446844101768245,0.7001424423986771,-0.5792720169161294,0.8654452781099327,-0.28144691303415537,-0.32018811179342094,1.5727258912302888,3.6,31.56,60.55,0.038,1.472,1.004,68.37613691924983,-22.82031801612918,-61.5768534490792,19.047842527524026,1,0,0,0,0
234,258,1777638301.4046211,4816.312,2.18046554633116,0.05040295076516473,-1.785961963448675,-0.040852061318166655,1.8944929169502804,0.9458572984444623,0.6985364338634533,-0.5793364881807271,0.8664629557177327,-0.2832522942227397,-0.32014694717629893,1.572227904931364,3.6,31.56,60.55,0.038,1.472,1.004,68.37613691924983,-22.8795347541581,-61.54286254463033,19.086619901019876,1,0,0,0,0
235,259,1777638301.4130876,4816.32,2.1785676992249816,0.0493013380028268,-1.7865762894625998,-0.040356574035375736,1.8951009968814214,0.9470772921934529,0.6968863483061866,-0.5795103529789983,0.8674602302481418,-0.2849980681080076,-0.32013602075166253,1.5716050067963505,3.6,31.56,60.55,0.038,1.472,1.004,68.37613691924983,-22.945362344493155,-61.50776264334376,19.120710799810766,1,0,0,0,0
236,260,1777638301.420731,4816.3279999999995,2.1766563710415103,0.04819157399046969,-1.7871852274158675,-0.03986127013913254,1.8957172735416044,0.9483066213794855,0.6951404538009466,-0.5795741010764026,0.8686010471834104,-0.28700098870444446,-0.32006043360003494,1.5710406554666192,3.6,31.56,60.55,0.038,1.472,1.004,68.37613691924983,-23.01171495047305,-61.46920449028031,19.164915193401633,1,0,0,0,0
237,261,1777638301.4307292,4816.335999999999,2.1747401210523156,0.04707862818644422,-1.7877859682667285,-0.03936833897051262,1.896339006732808,0.9495398031419698,0.6933785712541543,-0.579663437650699,0.8697295513020408,-0.2889950822229669,-0.320027352218853,1.5704622721065313,3.6,31.56,60.55,0.038,1.472,1.004,68.37613691924983,-23.07877150454835,-61.43110645749295,19.206393863737496,1,0,0,0,0
238,262,1777638301.4333954,4816.344,2.1728189291928603,0.04596250666355793,-1.7883785134448713,-0.038877766148381454,1.8969662105035956,0.9507768499072157,0.6916314799536589,-0.5796983082612952,0.8709171061470811,-0.29109994803710204,-0.3200216093533524,1.56992052205829,3.6,31.56,60.55,0.038,1.472,1.004,68.37613691924983,-23.145375149484238,-61.39257136088458,19.249412741388525,1,0,0,0,0
239,263,1777638301.441111,4816.352,2.170892793498327,0.04484323139523408,-1.788962862588365,-0.03838955724007409,1.8975988978036924,0.952017756182365,0.6899417201875226,-0.579701113851053,0.8720128480624183,-0.2930797127434715,-0.3200141165715694,1.5694495597133764,3.6,31.56,60.55,0.038,1.472,1.004,68.37613691924983,-23.205660403938303,-61.35694896528299,19.290366478860587,1,0,0,0,0
240,264,1777638301.447862,4816.36,2.1689617122659555,0.043720824516162875,-1.789539015310046,-0.03790371796376668,1.898237081453074,0.9532625162608298,0.6882005632469588,-0.5797923233401622,0.8730928117623369,-0.29506532197777624,-0.31995598652117263,1.5688493862193602,3.6,31.56,60.55,0.038,1.472,1.004,68.37613691924983,-23.273811594186135,-61.31792311607596,19.33230712070662,1,0,0,0,0
241,265,1777638301.4554453,4816.3679999999995,2.167025683931826,0.04259530819837957,-1.7901069712041338,-0.03742025401778193,1.8988807741568674,0.9545111243517743,0.6866002917264244,-0.5798685442006009,0.8741168008056357,-0.2968817488954685,-0.3198487580497936,1.5683760001813913,3.6,31.56,60.55,0.038,1.472,1.004,68.37613691924983,-23.331535557543255,-61.282699339773885,19.374372510044598,1,0,0,0,0
242,266,1777638301.4620245,4816.376,2.1650847070717343,0.04146670464978431,-1.790666729846654,-0.03693917107898059,1.89952998850386,0.9557635745804531,0.6850199122630451,-0.57988473752363,0.8751543353996231,-0.29871363300841086,-0.31993293501768566,1.567998086361893,3.6,31.56,60.55,0.038,1.472,1.004,68.37613691924983,-23.38379951064928,-61.25214028751255,19.407970801828768,1,0,0,0,0
243,267,1777638301.4691718,4816.384,2.1631387804029183,0.040335036113500096,-1.7912182907958307,-0.03646047480234316,1.9001847369648368,0.9570198609876769,0.6834558322569988,-0.5800192884618889,0.8761212733543402,-0.3003833021118047,-0.3199204527177295,1.567534117256711,3.6,31.56,60.55,0.038,1.472,1.004,68.37613691924983,-23.438604214302195,-61.220520578763015,19.44159953683206,1,0,0,0,0
244,268,1777638301.4772415,4816.392,2.1611879027857865,0.03920032486721784,-1.7917616535924727,-0.035984170820557715,1.9008450318909123,0.9582799775292827,0.681840180426633,-0.5801444965124811,0.8771290937108522,-0.302111023196653,-0.3200113107518631,1.5670284415929892,3.6,31.56,60.55,0.038,1.472,1.004,68.37613691924983,-23.49687924620858,-61.18896963584798,19.470561383595648,1,0,0,0,0
245,269,1777638301.4839563,4816.4,2.159232073225653,0.03806259322252328,-1.7922968177603567,-0.03551026474360164,1.9015108855118508,0.959543918075605,0.6801719961921688,-0.5802470383732383,0.8781714424842892,-0.30396404325416543,-0.3198687285922057,1.566486738630801,3.6,31.56,60.55,0.038,1.472,1.004,68.37613691924983,-23.559226145453195,-61.15113152065055,19.51404820050143,1,0,0,0,0
246,270,1777638301.4908695,4816.407999999999,2.1572712908744642,0.03692186352420558,-1.7928237828066127,-0.035038762158323244,1.9021823099343862,0.9608116764109615,0.6784705938737922,-0.5803058691228944,0.879294234797369,-0.30594681948431335,-0.3198170070602776,1.5659815115920563,3.6,31.56,60.55,0.038,1.472,1.004,68.37613691924983,-23.621463022540404,-61.11364866751744,19.55618907706711,1,0,0,0,0
247,271,1777638301.4979215,4816.416,2.155305555032526,0.03577815814954643,-1.7933425482221068,-0.03456966862801725,1.9028593171405326,0.9620832462331467,0.6767372863095584,-0.5804578908380147,0.8803713317426924,-0.3078358387936436,-0.3197833307766263,1.565326275267949,3.6,31.56,60.55,0.038,1.472,1.004,68.37613691924983,-23.691226732068703,-61.074805750438216,19.593110484962644,1,0,0,0,0
248,272,1777638301.5052884,4816.424,2.1533348651502324,0.03463149950759325,-1.793853113481818,-0.03410298969199754,1.9035419189858898,0.9633586211529274,0.6749800097387872,-0.5805722741531387,0.8814744979391445,-0.3098283756520838,-0.3197014208018624,1.5647153255881678,3.6,31.56,60.55,0.038,1.472,1.004,68.37613691924983,-23.759931320103757,-61.034516842624065,19.635414878514588,1,0,0,0,0
249,273,1777638301.5122132,4816.432,2.151359220829792,0.03348191003841385,-1.7943554780452171,-0.03363873086517799,1.9042301271979432,0.9646377946935513,0.6733128919958808,-0.5804935276095393,0.8826368809510939,-0.3118893935689319,-0.31970263213404365,1.564269429061665,3.6,31.56,60.55,0.038,1.472,1.004,68.37613691924983,-23.819789063138998,-60.9977678302764,19.67704420667038,1,0,0,0,0
250,274,1777638301.5197837,4816.44,2.1493786218269513,0.032329412212334256,-1.794849641356639,-0.033176897637636316,1.904923953374359,0.9659207602902612,0.6714268537726384,-0.5805807751137123,0.8838086707874866,-0.31405372713404683,-0.3196445530586602,1.5636027742870386,3.6,31.56,60.55,0.038,1.472,1.004,68.37613691924983,-23.894549957185077,-60.95429330226165,19.721072748850283,1,0,0,0,0
251,275,1777638301.5887284,4816.44,2.1493786218269513,0.032329412212334256,-1.794849641356639,-0.033176897637636316,1.904923953374359,0.9659207602902612,0.6714268537726384,-0.5805807751137123,0.8838086707874866,-0.31405372713404683,-0.3196445530586602,1.5636027742870386,3.65,31.52,60.6,0.037,1.472,1.003,68.4046263055358,-23.83335637565897,-61.003304239726624,19.74236297169583,0,1,0,0,0
252,276,1777638301.6012971,4816.447999999999,2.147393068052721,0.031174028529159074,-1.7953356028456584,-0.032717495474194,1.9056234089812731,0.967207511289816,0.6697190848993456,-0.5806545834125181,0.8848962610887819,-0.31603818287330154,-0.31962526764175414,1.562995532808601,3.65,31.52,60.6,0.037,1.472,1.003,68.4046263055358,-23.90170416804974,-60.96402781384865,19.78101995791224,1,0,0,0,0
253,277,1777638301.6015255,4816.456,2.1454025595750967,0.030015781517376064,-1.795813361927455,-0.03226052981398553,1.9063285053515762,0.9684980409500196,0.6680359609595683,-0.5806292832669798,0.8860265970719239,-0.31806481418400506,-0.3195783714673077,1.56254456340868,3.65,31.52,60.6,0.037,1.472,1.003,68.4046263055358,-23.96128300151733,-60.92664445024327,19.824071553412992,1,0,0,0,0
254,278,1777638301.6089077,4816.464,2.143407096620784,0.028854693733343994,-1.796282918003179,-0.031806006070036474,1.9070392536831926,0.969792342439254,0.6664205257918459,-0.580657014912561,0.8870705428980925,-0.3199261527812175,-0.3195683417330461,1.562090287602564,3.65,31.52,60.6,0.037,1.472,1.003,68.4046263055358,-24.01840543031356,-60.892035725689794,19.861245826140955,1,0,0,0,0
255,279,1777638301.6101644,4816.472,2.141406679576916,0.027690787760464127,-1.7967442704603158,-0.03135392962883632,1.907755665037356,0.9710904088360246,0.664764154513404,-0.5806780414094571,0.8881605227938207,-0.32192252966173684,-0.3195410017649273,1.5616366856583888,3.65,31.52,60.6,0.037,1.472,1.003,68.4046263055358,-24.07762248883228,-60.855224505788236,19.902327643654875,1,0,0,0,0
256,280,1777638301.6109622,4816.48,2.1394013089927766,0.026524086208336295,-1.7971974186730453,-0.030904305849920988,1.90847775033688,0.9723922331285053,0.6631087847229034,-0.5807371847378424,0.889230412233539,-0.3237559718456314,-0.31950382076440187,1.5610867903687569,3.65,31.52,60.6,0.037,1.472,1.003,68.4046263055358,-24.139997921279804,-60.81857183813446,19.938774283548202,1,0,0,0,0
257,281,1777638301.6158044,4816.487999999999,2.1373909855815167,0.025354611711898862,-1.7976423620025948,-0.030457140065449195,1.9092055203644247,0.9736978082140963,0.661469696539394,-0.5807960855446118,0.8902931756882108,-0.3256027439627929,-0.31951404499020974,1.5605736901555338,3.65,31.52,60.6,0.037,1.472,1.003,68.4046263055358,-24.200362290585268,-60.78319381353734,19.973450248526778,1,0,0,0,0
258,282,1777638301.6180563,4816.496,2.135375710221874,0.024182386930554377,-1.7980790997975955,-0.030012437579792994,1.9099389857607596,0.9750071268989837,0.65983227797373,-0.5808723893477278,0.8913622991110913,-0.3274634069493442,-0.3195541524965417,1.560061953078268,3.65,31.52,60.6,0.037,1.472,1.003,68.4046263055358,-24.260849128327138,-60.74810337137888,20.006799752904342,1,0,0,0,0
259,283,1777638301.6182024,4816.504,2.133355483959887,0.023007434547278913,-1.7985076313944273,-0.02957020366912122,1.910678157023022,0.9763201818977076,0.6581674261907109,-0.5809011856962971,0.8924756796840441,-0.32944763142022737,-0.3194806380066884,1.5596071964004221,3.65,31.52,60.6,0.037,1.472,1.003,68.4046263055358,-24.319840335028353,-60.71040510174157,20.049563049132956,1,0,0,0,0
260,284,1777638301.632912,4816.512,2.13133030801061,0.021829777267717253,-1.7989279561175646,-0.02913044358099448,1.9114230445029734,0.977636965832738,0.656409713250766,-0.5809471103719948,0.893572392989435,-0.33147019285060614,-0.31943414750110544,1.5589593505007284,3.65,31.52,60.6,0.037,1.472,1.003,68.4046263055358,-24.391012433745924,-60.66879574872507,20.08901776733574,1,0,0,0,0
261,285,1777638301.6329923,4816.5199999999995,2.1293001837598267,0.020649437819263938,-1.7993400732799163,-0.028693162533961036,1.9121736584052518,0.9789574712340525,0.6547099155622668,-0.581155176660456,0.8945758071554883,-0.33326230023893894,-0.3193429527757402,1.558286308040095,3.65,31.52,60.6,0.037,1.472,1.003,68.4046263055358,-24.45997420113653,-60.629056861379354,20.12510934577412,1,0,0,0,0
262,286,1777638301.6330554,4816.527999999999,2.127265112765762,0.01946643895012879,-1.7997439821831644,-0.028258365717164224,1.91293000878562,0.9802816905387236,0.6530110884090342,-0.5812683378753949,0.8956351922841705,-0.3351554974617211,-0.31933786841476275,1.557661255285238,3.65,31.52,60.6,0.037,1.472,1.003,68.4046263055358,-24.527657530919114,-60.59025982293176,20.159546885670977,1,0,0,0,0
263,287,1777638301.633086,4816.536,2.1252250967607913,0.018280803428389378,-1.8001396821180942,-0.027826058289945443,1.9136921055492138,0.9816096160905098,0.6513146879649655,-0.5813239436990411,0.8967332642690632,-0.33714546311975707,-0.31920000218575445,1.5571375136016408,3.65,31.52,60.6,0.037,1.472,1.003,68.4046263055358,-24.590761871349535,-60.54973359044289,20.204383007480672,1,0,0,0,0
264,288,1777638301.6331127,4816.544,2.123180137653147,0.017092554041028853,-1.8005271723649239,-0.027396245381459572,1.9144599584487851,0.9829412401394549,0.649621498362459,-0.5813941534586204,0.897818797414151,-0.3390323638191656,-0.31918471703393103,1.556559699527111,3.65,31.52,60.6,0.037,1.472,1.003,68.4046263055358,-24.655455732661977,-60.511639699138115,20.239635953653824,1,0,0,0,0
265,289,1777638301.6447093,4816.552,2.1211302375286274,0.015901713592960942,-1.8009064521936269,-0.026968932090301045,1.9152335770829445,0.9842765548414895,0.6479453548644684,-0.5815128729297556,0.8988861497166877,-0.340869936644124,-0.31911113086067516,1.5559757719486464,3.65,31.52,60.6,0.037,1.472,1.003,68.4046263055358,-24.719691626022836,-60.47303685651152,20.276625933950044,1,0,0,0,0
266,290,1777638301.645083,4816.5599999999995,2.119075398652296,0.014708304906040665,-1.8012775208642537,-0.02654412348412727,1.916012970894401,0.9856155522580414,0.6462616993228221,-0.581621383391729,0.8999478760332267,-0.34272638247878706,-0.31898423950022403,1.555382471783033,3.65,31.52,60.6,0.037,1.472,1.003,68.4046263055358,-24.78475385349534,-60.43298285929529,20.316580892211384,1,0,0,0,0
267,291,1777638301.6478703,4816.568,2.1170156234701856,0.01351235081806223,-1.8016403776272423,-0.02612182459929535,1.9167981491682005,0.9869582243556515,0.6445609864715743,-0.5817272138866678,0.9010354658662358,-0.3446634645785896,-0.31893866928412684,1.5548082812278197,3.65,31.52,60.6,0.037,1.472,1.003,68.4046263055358,-24.849941806630824,-60.39352324992735,20.35425365046695,1,0,0,0,0
268,292,1777638301.6479487,4816.576,2.1149509146109953,0.012313874181743952,-1.8019950217237355,-0.02570204044050506,1.9175891210299627,0.9883045630055929,0.6428575875190381,-0.5818686972087399,0.9020748326955409,-0.3465217756893572,-0.3188557542271596,1.5541346044285254,3.65,31.52,60.6,0.037,1.472,1.003,68.4046263055358,-24.919785966438987,-60.35246934385906,20.39060105748289,1,0,0,0,0
269,293,1777638301.6542323,4816.584,2.1128812748877883,0.011112897863700334,-1.80234145238588,-0.0252847759804542,1.918385895444117,0.9896545599834952,0.6411713660380175,-0.5818889554784475,0.9031536020762537,-0.34846592491823275,-0.31876944787380224,1.5535987752731006,3.65,31.52,60.6,0.037,1.472,1.003,68.4046263055358,-24.982731262821808,-60.312816223878954,20.430864832263723,1,0,0,0,0
270,294,1777638301.6590219,4816.592,2.110806707299683,0.00990944474340163,-1.8026796688371318,-0.024870036159494013,1.9191884812121376,0.9910082069689784,0.6395294916468113,-0.5819254318072693,0.9042133938779986,-0.3503897046623244,-0.3187371799724552,1.5531315427101084,3.65,31.52,60.6,0.037,1.472,1.003,68.4046263055358,-25.041237866817838,-60.2757087753765,20.468713631380155,1,0,0,0,0
271,295,1777638301.666475,4816.599999999999,2.108727215033543,0.008703537712120818,-1.803009670292548,-0.024457825885301432,1.9199968869707769,0.9923654955452892,0.637907900187029,-0.5819686054227535,0.9052605705938371,-0.35227066934610773,-0.3186597501330442,1.552649190285534,3.65,31.52,60.6,0.037,1.472,1.003,68.4046263055358,-25.099938433077924,-60.23804734995193,20.50764838104667,1,0,0,0,0
272,296,1777638301.67075,4816.608,2.1066428014656644,0.007495199671868606,-1.8033314559590838,-0.024048150032554894,1.920811121190301,0.9937264171989414,0.6362460109584862,-0.5820103458195656,0.9063281706244741,-0.35415471961363015,-0.31863909331342727,1.5521893089622185,3.65,31.52,60.6,0.037,1.472,1.003,68.4046263055358,-25.15733013224987,-60.20174087666219,20.54390508243782,1,0,0,0,0
273,297,1777638301.6722274,4816.608,2.1066428014656644,0.007495199671868606,-1.8033314559590838,-0.024048150032554894,1.920811121190301,0.9937264171989414,0.6362460109584862,-0.5820103458195656,0.9063281706244741,-0.35415471961363015,-0.31863909331342727,1.5521893089622185,3.63,31.48,60.61,0.036,1.472,1.005,68.39400119893557,-25.132954550190533,-60.21255531411857,20.506637416267665,0,1,0,0,0
274,298,1777638301.6784303,4816.616,2.10455347016346,0.006284453534316616,-1.803645025035875,-0.023641013442626146,1.9216311921727227,0.995090963319364,0.6345651508637857,-0.5820911527953483,0.9073856347785196,-0.3560128857183188,-0.31854995830329597,1.5516218334162055,3.63,31.48,60.61,0.036,1.472,1.005,68.39400119893557,-25.19628383060369,-60.173237567294976,20.544297549381902,1,0,0,0,0
275,299,1777638301.6855872,4816.624,2.1024592248871357,0.005071322219708576,-1.8039503767145186,-0.02323642092327649,1.9224571080500366,0.9964591251985537,0.6329394442383118,-0.582159246503767,0.9084632497290386,-0.35787864410586556,-0.3184966136823945,1.551104415489921,3.63,31.48,60.61,0.036,1.472,1.005,68.39400119893557,-25.256725295838972,-60.13539044818318,20.58086594327574,1,0,0,0,0
276,300,1777638301.6923687,4816.632,2.100360069591368,0.003855828655759737,-1.804247510179354,-0.022834377248365456,1.9232888767824536,0.9978308940307339,0.6312758165783124,-0.5822126171773784,0.9095318045964826,-0.35974899965616103,-0.31854734298265613,1.5506102371542954,3.63,31.48,60.61,0.036,1.472,1.005,68.39400119893557,-25.31583250127559,-60.099747769217586,20.61233472568756,1,0,0,0,0
277,301,1777638301.6996748,4816.639999999999,2.098256008426975,0.002637995776545562,-1.8045364246077318,-0.02243488715756925,1.9241265061566373,0.9992062609120151,0.629606312055365,-0.5822732640527547,0.9106222298388839,-0.36164914935402553,-0.3184473837196143,1.5500609717620704,3.63,31.48,60.61,0.036,1.472,1.005,68.39400119893557,-25.37866369369978,-60.05981710546397,20.651421219381046,1,0,0,0,0
278,302,1777638301.710027,4816.648,2.0961470457425833,0.00141784652137925,-1.804817119170277,-0.022037955356112526,1.9249700037839401,1.0005852168400635,0.6278662088754446,-0.5823317090336467,0.9117665455079351,-0.36364060124514147,-0.31837189365545726,1.549462254754032,3.63,31.48,60.61,0.036,1.472,1.005,68.39400119893557,-25.445856834082306,-60.01795433990208,20.690406637686337,1,0,0,0,0
279,303,1777638301.714189,4816.656,2.0940331860862913,0.00019540383367767033,-1.8050895930311537,-0.02164358651451348,1.925819377098643,1.0019677527137734,0.626175292960714,-0.5823576380209485,0.9128414186925495,-0.3656306093205544,-0.3183004534468419,1.5489453771710489,3.63,31.48,60.61,0.036,1.472,1.005,68.39400119893557,-25.508129852522792,-59.97777185664984,20.730209708020247,1,0,0,0,0
280,304,1777638301.724261,4816.664,2.091914434207323,-0.0010293093401836373,-1.8053538453483249,-0.021251785268325385,1.926674633356196,1.003353859332948,0.6244447461940967,-0.5824147107222564,0.9139507119761694,-0.36762625593538034,-0.31824927785953333,1.5483136455633966,3.63,31.48,60.61,0.036,1.472,1.005,68.39400119893557,-25.57728992228687,-59.9354747707556,20.767294099988085,1,0,0,0,0
281,305,1777638301.7284255,4816.672,2.089790795057683,-0.002256270052025222,-1.8056098752737935,-0.020862556217916328,1.9275357796314605,1.0047435273979803,0.6226873189178255,-0.5825149928453249,0.9150444147257911,-0.3695645431896277,-0.31816243837979713,1.5476289751306145,3.63,31.48,60.61,0.036,1.472,1.005,68.39400119893557,-25.64865276044901,-59.892200997580204,20.804092655998353,1,0,0,0,0
282,306,1777638301.735558,4816.679999999999,2.0876622737938026,-0.003485455353027689,-1.8058576819538557,-0.020475903928236505,1.928402822816955,1.006136747509541,0.6209011468374499,-0.5826137354298767,0.9161670492613408,-0.3715638295671128,-0.31805961931324783,1.5469264714851392,3.63,31.48,60.61,0.036,1.472,1.005,68.39400119893557,-25.722003187991895,-59.84731715131281,20.842662540738765,1,0,0,0,0
283,307,1777638301.7431493,4816.688,2.0855288757781807,-0.0047168422949113165,-1.8060972645293392,-0.020091832928612163,1.9292757696211025,1.0075335101682723,0.619208662347226,-0.5826460919662964,0.9172434020436362,-0.3735098854304215,-0.31801638773896684,1.5463726053761897,3.63,31.48,60.61,0.036,1.472,1.005,68.39400119893557,-25.785652620722956,-59.807242986228765,20.879013513803578,1,0,0,0,0
284,308,1777638301.7507877,4816.696,2.083390606581018,-0.0059504079311158975,-1.8063286221358377,-0.019710347712547538,1.9301546265664828,1.0089338057744854,0.6175489787988113,-0.5827375947578863,0.9182861798747464,-0.37534649156766875,-0.31792013903761285,1.545808080595296,3.63,31.48,60.61,0.036,1.472,1.005,68.39400119893557,-25.848177986135177,-59.767493508714914,20.915492212300315,1,0,0,0,0
285,309,1777638301.7622504,4816.704,2.0812474719818455,-0.007186129318001555,-1.8065517539039373,-0.01933145273754011,1.9310393999880873,1.0103376246278648,0.6159094566066577,-0.5829161835811394,0.919317369689576,-0.37711869276238447,-0.3179513412984698,1.545179884198823,3.63,31.48,60.61,0.036,1.472,1.005,68.39400119893557,-25.913420912847347,-59.729635820096746,20.942889518693942,1,0,0,0,0
286,310,1777638301.7648342,4816.7119999999995,2.0790994779711474,-0.008423983516051337,-1.8067666589594484,-0.018955152424910082,1.931930096031577,1.0117449569271748,0.6142187328390577,-0.5829725651113881,0.9203884599067094,-0.3790285675311504,-0.3178966422042369,1.544589755942655,3.63,31.48,60.61,0.036,1.472,1.005,68.39400119893557,-25.978557774211264,-59.688940647341035,20.97818629839496,1,0,0,0,0
287,311,1777638301.7717462,4816.719999999999,2.076946630751976,-0.009663947591086242,-1.8069733364236154,-0.018581451159644047,1.9328267206515466,1.0131557927699724,0.6126036122975989,-0.5830291558727718,0.9214339674781038,-0.38086584932202977,-0.31785614668677176,1.5440743761324622,3.63,31.48,60.61,0.036,1.472,1.005,68.39400119893557,-26.038090820424696,-59.65103336410151,21.01217373386588,1,0,0,0,0
288,312,1777638301.7791665,4816.728,2.0747889367415584,-0.010905998615488244,-1.8071717854133365,-0.018210353290246672,1.933729279609792,1.0145701221523264,0.6109058383094349,-0.583085438676366,0.9225227860296406,-0.3827979341361364,-0.3177453659411386,1.5434978250090503,3.63,31.48,60.61,0.036,1.472,1.005,68.39400119893557,-26.102721135015567,-59.609136422109785,21.05084806742746,1,0,0,0,0
289,313,1777638301.7861464,4816.736,2.0726264025728973,-0.012150113669434859,-1.8073620050413677,-0.017841863128616353,1.9346377784735826,1.015987934968539,0.6092521947217804,-0.5832171492249398,0.923530693287846,-0.38458867026230403,-0.31777074820679124,1.542895999003332,3.63,31.48,60.61,0.036,1.472,1.005,68.39400119893557,-26.166569399499426,-59.57121633227063,21.078904870865394,1,0,0,0,0
290,314,1777638301.7932608,4816.744,2.070459035096364,-0.01339626984213993,-1.8075439944165286,-0.017475984949928858,1.93555222261394,1.0174092210108738,0.6076121422313183,-0.5831986857409559,0.9246301504286983,-0.38652864677010595,-0.3177432183548263,1.5424053763399237,3.63,31.48,60.61,0.036,1.472,1.005,68.39400119893557,-26.226172741776523,-59.532402240115424,21.11445824167876,1,0,0,0,0
291,315,1777638301.8005557,4816.7519999999995,2.068286841381281,-0.01464444423310507,-1.807717752643896,-0.017112722992532525,1.9364726172039217,1.018833969969288,0.6059505774274113,-0.5832824432024133,0.9256996213115765,-0.38842146904938263,-0.31778085030907977,1.541930418693462,3.63,31.48,60.61,0.036,1.472,1.005,68.39400119893557,-26.284070585089896,-59.49575636057578,21.145732632401693,1,0,0,0,0
292,316,1777638301.8104587,4816.76,2.0661098287175,-0.015894613953377323,-1.8078832788249954,-0.016752081457865664,1.9373989672169107,1.0202621714311708,0.6042487510258803,-0.5833423570194496,0.9267920509831213,-0.3902941347463046,-0.31776261708064135,1.5413159402820555,3.63,31.48,60.61,0.036,1.472,1.005,68.39400119893557,-26.34987125279879,-59.45541056006722,21.177295391403838,1,0,0,0,0
293,317,1777638301.8150406,4816.768,2.063928004616965,-0.017146756126816598,-1.8080405720579895,-0.01639406451038461,1.9383312774249122,1.0216938148810846,0.6024985832232501,-0.5834187907434807,0.9279321240088766,-0.3923237980057453,-0.31765959754524686,1.540680170496187,3.63,31.48,60.61,0.036,1.472,1.005,68.39400119893557,-26.419381674137547,-59.41068668768999,21.21617258728303,1,0,0,0,0
294,318,1777638301.8167808,4816.768,2.063928004616965,-0.017146756126816598,-1.8080405720579895,-0.01639406451038461,1.9383312774249122,1.0216938148810846,0.6024985832232501,-0.5834187907434807,0.9279321240088766,-0.3923237980057453,-0.31765959754524686,1.540680170496187,3.64,31.42,60.56,0.032,1.474,1.004,68.32261411860644,-26.36153182917871,-59.36231198555197,21.19351682352862,0,1,0,0,0
295,319,1777638301.821866,4816.776,2.061741376815274,-0.01840084789137375,-1.8081896314378554,-0.016038676277505992,1.9392695523968568,1.023128889700512,0.6008097412498984,-0.5834939164686427,0.9289996077244244,-0.3943033802602676,-0.3175960893891863,1.5401454366612677,3.64,31.42,60.56,0.032,1.474,1.004,68.32261411860644,-26.424194036048114,-59.32115731272061,21.230682151658083,1,0,0,0,0
296,320,1777638301.882261,4816.784,2.059549953273223,-0.01965686640037223,-1.8083304560565603,-0.015685920849568546,1.9402137964969122,1.0245673851676105,0.5991146253991828,-0.5836126119944492,0.9300353334161431,-0.3961812284774764,-0.31756725092488175,1.5395421778934526,3.64,31.42,60.56,0.032,1.474,1.004,68.32261411860644,-26.489256632587697,-59.28064352608581,21.262741737274787,1,0,0,0,0
297,321,1777638301.8824255,4816.7919999999995,2.0573537421783468,-0.02091478882379949,-1.808463045003231,-0.015335802279805577,1.9411640138827995,1.026009290456966,0.597366169685386,-0.5837276120166932,0.9311166078021611,-0.3981204507490479,-0.3175482952717709,1.538876200295764,3.64,31.42,60.56,0.032,1.474,1.004,68.32261411860644,-26.55893947523808,-59.23804526786441,21.294514006971095,1,0,0,0,0
298,322,1777638301.8854837,4816.8,2.0551527519464443,-0.022174592349609057,-1.8085873973643167,-0.0149883245843343,1.9421202085041214,1.0274545946393576,0.5956792660959321,-0.5838649714121185,0.932162853322474,-0.3999375442625612,-0.31755503954792025,1.538245576062782,3.64,31.42,60.56,0.032,1.474,1.004,68.32261411860644,-26.624580386020916,-59.19839303588606,21.322794873962135,1,0,0,0,0
299,323,1777638301.8855467,4816.808,2.0529469912230973,-0.02343625418502171,-1.8087035122237483,-0.014643491742166503,1.9430823841006961,1.0289032866815226,0.5940216457738259,-0.5839823274995788,0.9332054086799686,-0.40178162453314104,-0.3174973016569872,1.5377207946284148,3.64,31.42,60.56,0.032,1.474,1.004,68.32261411860644,-26.684401902506636,-59.159294490815945,21.356501830927577,1,0,0,0,0
300,324,1777638301.89017,4816.816,2.050736468885175,-0.024699751557846206,-1.808811388663087,-0.014301307695226306,1.9440505442009017,1.03035535544593,0.5924292386255335,-0.5841068656380979,0.9342064946277059,-0.4035267564820501,-0.31747962334304725,1.537177829140284,3.64,31.42,60.56,0.032,1.474,1.004,68.32261411860644,-26.74370216440511,-59.12196785527195,21.38567070404347,1,0,0,0,0
301,325,1777638301.8918617,4816.824,2.0485211940423276,-0.02596506171779467,-1.808911025761673,-0.01396177634839102,1.9450246921200292,1.0318107896905562,0.5907476256705828,-0.5841408631099737,0.9353215217310156,-0.40542581355614943,-0.31743518634544754,1.536638488768427,3.64,31.42,60.56,0.032,1.474,1.004,68.32261411860644,-26.805181469398345,-59.08190090492975,21.419403162849388,1,0,0,0,0
302,326,1777638301.893773,4816.831999999999,2.0463011760384706,-0.027232161937813082,-1.8090024225967687,-0.01362490156954621,1.9460048309586444,1.033269578068667,0.5891165130390192,-0.5842333458082257,0.9363923997037066,-0.407223794982189,-0.3174019283909807,1.5360559928512656,3.64,31.42,60.56,0.032,1.474,1.004,68.32261411860644,-26.867577439994296,-59.042563317618956,21.449675974029635,1,0,0,0,0
303,327,1777638301.8938634,4816.84,2.044076424453254,-0.028501029515419773,-1.809085578243689,-0.013290687189654982,1.9469909636009626,1.0347317091286048,0.5874596191569631,-0.5843154133760587,0.9374447983620853,-0.40909788408836645,-0.3173703914485559,1.5354923692588873,3.64,31.42,60.56,0.032,1.474,1.004,68.32261411860644,-26.93002619252223,-59.0024835941093,21.48162514794749,1,0,0,0,0
304,328,1777638301.8939192,4816.848,2.0418469491035194,-0.02977164177403946,-1.8091604917759367,-0.01295913700285034,1.9479830927132302,1.0361971713135796,0.585790033373693,-0.5842924394951718,0.9385960351496677,-0.4111224322644471,-0.31722043922111526,1.5349916616208283,3.64,31.42,60.56,0.032,1.474,1.004,68.32261411860644,-26.991145353701892,-58.95919906247529,21.52371990169793,1,0,0,0,0
305,329,1777638301.8989885,4816.856,2.0396127600447445,-0.031043976064357715,-1.809227162265321,-0.012630254766534676,1.9489812207421213,1.0376659529614665,0.5841105804574408,-0.5842743821631853,0.9396934313484252,-0.4130681263510024,-0.31708842070212145,1.534448460269223,3.64,31.42,60.56,0.032,1.474,1.004,68.32261411860644,-27.053488213547908,-58.91645061431969,21.562472550471888,1,0,0,0,0
306,330,1777638301.9040582,4816.864,2.037373867572474,-0.032318009765672784,-1.80928558878208,-0.01230404420150677,1.9499853499131423,1.039138042304608,0.5824489402625903,-0.5843060470933238,0.940790395355721,-0.4149586293915242,-0.31698476852158686,1.5338660989194923,3.64,31.42,60.56,0.032,1.474,1.004,68.32261411860644,-27.117223183447287,-58.87416350318172,21.597885975709165,1,0,0,0,0
307,331,1777638301.9137037,4816.871999999999,2.0351302822237365,-0.03359372028725627,-1.8093357703949895,-0.011980508992096794,1.95099548222905,1.0406134274696197,0.5807437129748894,-0.5843251432832082,0.9419102886250459,-0.4170095593639973,-0.31688762586765357,1.5333220795892475,3.64,31.42,60.56,0.032,1.474,1.004,68.32261411860644,-27.18118796853205,-58.8303830330245,21.63674311921625,1,0,0,0,0
308,332,1777638301.9171784,4816.88,2.0328820147784485,-0.03487108506971914,-1.8093777061714729,-0.01165965278632708,1.9520116194682826,1.0420920964772025,0.5790182330409877,-0.5844276727582545,0.942991811690923,-0.41891138546678036,-0.31680865130456815,1.5326468257257768,3.64,31.42,60.56,0.032,1.474,1.004,68.32261411860644,-27.250462990265785,-58.786291346234215,21.669421232968475,1,0,0,0,0
309,333,1777638301.922883,4816.888,2.0306290762608,-0.036150081586385774,-1.8094113951777029,-0.011341479196082638,1.9530337631834018,1.04357403724196,0.5773494973075064,-0.5845447610594671,0.9440345922058898,-0.42076467541802576,-0.31668979199633773,1.5320244248144959,3.64,31.42,60.56,0.032,1.474,1.004,68.32261411860644,-27.315864270306605,-58.74320800828071,21.703886105074695,1,0,0,0,0
310,334,1777638301.9308805,4816.896,2.0283714779406297,-0.03743068734466881,-1.8094368364786941,-0.011025991797303902,1.9540619146995493,1.0450592375722199,0.5756493823884307,-0.5846676677144198,0.9451253194381417,-0.4226252871365555,-0.31667527577664417,1.5313474069346067,3.64,31.42,60.56,0.032,1.474,1.004,68.32261411860644,-27.384500512076617,-58.70080648979896,21.732097210146396,1,0,0,0,0
311,335,1777638301.9374368,4816.9039999999995,2.0261092313347784,-0.03871287988745653,-1.8094540291383945,-0.01071319413019367,1.9550960751129174,1.0465476851698636,0.5739444038598738,-0.5849002673422576,0.9461624277756113,-0.4243931063856898,-0.3167014733403014,1.5306341322419812,3.64,31.42,60.56,0.032,1.474,1.004,68.32261411860644,-27.45375143785018,-58.65973594404945,21.755608724260746,1,0,0,0,0
312,336,1777638301.9450111,4816.911999999999,2.0238423482084342,-0.0399966367944975,-1.8094629722197721,-0.010403089699445367,1.9561362452892317,1.0480393676301556,0.5722337931293621,-0.5850474142099685,0.9471943650661727,-0.42623746785486916,-0.31658696176266815,1.5299645539483642,3.64,31.42,60.56,0.032,1.474,1.004,68.32261411860644,-27.521657179804617,-58.61566157396662,21.788579676599404,1,0,0,0,0
313,337,1777638301.9517646,4816.92,2.021570840576455,-0.0412819356837959,-1.8094636647848894,-0.01009568197448818,1.9571824258622508,1.0495342724415826,0.5706006544447897,-0.5851795552479806,0.9482132791121571,-0.4280025255922434,-0.3165602833650403,1.529370238527652,3.64,31.42,60.56,0.032,1.474,1.004,68.32261411860644,-27.583864431471397,-58.57604451599593,21.81643948691605,1,0,0,0,0
314,338,1777638301.9588666,4816.928,2.019294720704676,-0.04256875421301043,-1.809456105894979,-0.009790974389745521,1.9582346172322795,1.051032386985697,0.5688863555972911,-0.5852770792962485,0.9492961071630293,-0.4298726736888949,-0.3165465351539658,1.5286733142653046,3.64,31.42,60.56,0.032,1.474,1.004,68.32261411860644,-27.65365309877404,-58.53284233284415,21.844025241037247,1,0,0,0,0
315,339,1777638301.960459,4816.928,2.019294720704676,-0.04256875421301043,-1.809456105894979,-0.009790974389745521,1.9582346172322795,1.051032386985697,0.5688863555972911,-0.5852770792962485,0.9492961071630293,-0.4298726736888949,-0.3165465351539658,1.5286733142653046,3.72,31.5,60.55,0.034,1.473,1.003,68.35488936425836,-27.68697469707287,-58.51471882258931,21.9510822793993,0,1,0,0,0
316,340,1777638301.9671648,4816.936,2.0170140011112,-0.043857070080857596,-1.8094402946105088,-0.009488970344920133,1.9592928195646977,1.0525336985369629,0.5672234861165685,-0.5853359480029332,0.9503414672172323,-0.4317322451656914,-0.31655787839389427,1.5281249370567216,3.72,31.5,60.55,0.034,1.473,1.003,68.35488936425836,-27.748011705236262,-58.475192276475255,21.979322888463166,1,0,0,0,0
317,341,1777638301.973464,4816.9439999999995,2.0147286945676703,-0.0451468610285195,-1.8094162299912462,-0.009189673205288962,1.9603570327885063,1.0540381942626125,0.5655933523770874,-0.5853384963235533,0.9514371845227776,-0.4336396942791956,-0.3164683648996977,1.5276641300258706,3.72,31.5,60.55,0.034,1.473,1.003,68.35488936425836,-27.80470062233776,-58.43480545051077,22.015063826006184,1,0,0,0,0
318,342,1777638301.9805553,4816.952,2.0124388141005225,-0.046438104841056926,-1.8093839110963126,-0.00889308630201846,1.9614272565948878,1.0555458612225033,0.5639114651652954,-0.5853732806506781,0.9525405736128773,-0.4356268479452791,-0.3163729995574361,1.5271300651494184,3.72,31.5,60.55,0.034,1.473,1.003,68.35488936425836,-27.866874843568187,-58.391458863663956,22.051433473267593,1,0,0,0,0
319,343,1777638301.989294,4816.96,2.010144372992223,-0.04773077934882597,-1.8093433369842327,-0.00859921293250121,1.9625034904357856,1.0570566863689808,0.5622729378254011,-0.5854183682327156,0.9536010730971443,-0.43748607056294697,-0.31622143322331786,1.5266057237237252,3.72,31.5,60.55,0.034,1.473,1.003,68.35488936425836,-27.926475722040983,-58.349070788272556,22.08820481368765,1,0,0,0,0
320,344,1777638301.9948833,4816.968,2.007845384782482,-0.049024862428897364,-1.8092945067129813,-0.008308056360709415,1.9635857335224995,1.05857065654675,0.5606039487372865,-0.5854418544506228,0.9547218797659838,-0.4394394116129885,-0.3162269733995973,1.526048338000732,3.72,31.5,60.55,0.034,1.473,1.003,68.35488936425836,-27.989377498079616,-58.30761589180702,22.118037351525693,1,0,0,0,0
321,345,1777638302.0022607,4816.976,2.005541863269452,-0.05032033200648467,-1.8092374193400182,-0.008019619817562607,1.9646739848242996,1.06008775849275,0.558966277416546,-0.5854974678730537,0.955767770889207,-0.44129560021182296,-0.3161423783416709,1.5254922003806928,3.72,31.5,60.55,0.034,1.473,1.003,68.35488936425836,-28.050692442667277,-58.26580113035196,22.150529838474842,1,0,0,0,0
322,346,1777638302.0095072,4816.9839999999995,2.003233822510902,-0.0516171660563689,-1.8091720739223272,-0.00773390650132022,1.965768243067058,1.0616079788360326,0.557252183531069,-0.5854840539016368,0.95685514431661,-0.4433369359383155,-0.31600721312925284,1.5249539513311636,3.72,31.5,60.55,0.034,1.473,1.003,68.35488936425836,-28.11384409856976,-58.22051359004684,22.189512552385736,1,0,0,0,0
323,347,1777638302.0218337,4816.992,2.000921276825374,-0.052915342604334725,-1.8090984695164378,-0.007450919577986603,1.9668685067319003,1.0631313040976498,0.5555011200173772,-0.5855596132368116,0.957951586105836,-0.4452817989418321,-0.3159562520090102,1.5242898631204367,3.72,31.5,60.55,0.034,1.473,1.003,68.35488936425836,-28.182727865116174,-58.17554942400945,22.220040488159285,1,0,0,0,0
324,348,1777638302.0241375,4817.0,1.9986042407933151,-0.05421483972860397,-1.8090166051784529,-0.0071706621817364535,1.9679747740538758,1.0646577206905454,0.5538429026214602,-0.5857033856953747,0.9589796490110867,-0.44712233164721255,-0.31595930852775,1.5237072877414128,3.72,31.5,60.55,0.034,1.473,1.003,68.35488936425836,-28.245194402706037,-58.134979971834696,22.24688735144135,1,0,0,0,0
325,349,1777638302.0308607,4817.008,1.996282729258192,-0.05551563556127537,-1.8089264799640583,-0.0068931374153633485,1.9690870430206473,1.0661872149194505,0.552148947639372,-0.585875853092277,0.9600415532081608,-0.4489207647039623,-0.3159656330030982,1.5229721444933069,3.72,31.5,60.55,0.034,1.473,1.003,68.35488936425836,-28.315812655264146,-58.0917051988519,22.270146850922785,1,0,0,0,0
326,350,1777638302.0377846,4817.016,1.9939567573275818,-0.05681770828976607,-1.8088280929285405,-0.006618348350738046,1.9702053113712015,1.0677197729807855,0.550420984576778,-0.5860408969434706,0.9610867732850424,-0.4507455698443528,-0.3160095229391867,1.5222500224698678,3.72,31.5,60.55,0.034,1.473,1.003,68.35488936425836,-28.38602391350734,-58.04901776821635,22.29206321826421,1,0,0,0,0
327,351,1777638302.0457306,4817.023999999999,1.991626340374239,-0.05812103615825848,-1.8087214431267853,-0.006346298029294317,1.97132957659458,1.0692553809625691,0.5486665252923238,-0.5861858065462957,0.9621612487633469,-0.4526611737254335,-0.31592443465092085,1.5215486064149029,3.72,31.5,60.55,0.034,1.473,1.003,68.35488936425836,-28.456462748579177,-58.00274094756974,22.322694066976805,1,0,0,0,0
328,352,1777638302.0527632,4817.032,1.989291494037139,-0.05942559746914533,-1.8086065296132805,-0.006076989462524551,1.972459835928632,1.0707940248443322,0.5469648469018367,-0.586283606238869,0.9632598109553279,-0.4545724388071204,-0.3158610508502821,1.5209070169673422,3.72,31.5,60.55,0.034,1.473,1.003,68.35488936425836,-28.523318864906543,-57.958228775763,22.352961730097046,1,0,0,0,0
329,353,1777638302.0595765,4817.04,1.9869522342224994,-0.06073137058448541,-1.80848335144211,-0.0058104256324984505,1.9735960863587887,1.072335690497038,0.5452770488920906,-0.5863336339315821,0.9643684847347977,-0.45648943838851824,-0.3158442462450666,1.5203032310035756,3.72,31.5,60.55,0.034,1.473,1.003,68.35488936425836,-28.58801529776035,-57.91535674269011,22.381414939676144,1,0,0,0,0
330,354,1777638302.0713375,4817.048,1.9846085771047786,-0.062038333927450395,-1.808351907666939,-0.005546609492403931,1.9747383246168593,1.0738803636830059,0.543602071820283,-0.5864052452024342,0.9654549356936177,-0.45836844630852314,-0.3158612033326332,1.5197073846456706,3.72,31.5,60.55,0.034,1.473,1.003,68.35488936425836,-28.651607851499644,-57.87387558808794,22.407382532067434,1,0,0,0,0
331,355,1777638302.0754805,4817.056,1.982260539127647,-0.06334646598378679,-1.8082121973409997,-0.00528554396709513,1.97588654717985,1.0754280300558423,0.5419269231073776,-0.5863788269806479,0.9665476298974383,-0.4603225754841142,-0.31575119390062256,1.5191664036685733,3.72,31.5,60.55,0.034,1.473,1.003,68.35488936425836,-28.71322499820442,-57.829827154445134,22.44220803507283,1,0,0,0,0
332,356,1777638302.0837088,4817.063999999999,1.9799081370049358,-0.06465574530326634,-1.8080642195170666,-0.005027231953675049,1.9770407502688063,1.0769786751603772,0.5402516590901089,-0.5863406746542352,0.9676875302798276,-0.46237149753769186,-0.3156132777901805,1.5186485184312188,3.72,31.5,60.55,0.034,1.473,1.003,68.35488936425836,-28.774960215431268,-57.78421765132342,22.480586180632184,1,0,0,0,0
333,357,1777638302.0882974,4817.072,1.9775513877215565,-0.06596615050115417,-1.807907973247425,-0.0047716763220808645,1.9782009298476804,1.0785322844326084,0.5386404244547182,-0.5863747042876344,0.9687199238292922,-0.46418836296319615,-0.3155486651798909,1.5181278499765412,3.72,31.5,60.55,0.034,1.473,1.003,68.35488936425836,-28.83318947400973,-57.743534677041815,22.510492836833308,1,0,0,0,0
334,358,1777638302.0964088,4817.08,1.9751903085343978,-0.06727766025966186,-1.8077434575838414,-0.0045188799156949955,1.9793670816222197,1.0800888431996487,0.5369952666044262,-0.5863739046894786,0.9698060786249959,-0.4661142099017104,-0.31540037605354904,1.5175965839248902,3.72,31.5,60.55,0.034,1.473,1.003,68.35488936425836,-28.893732842728998,-57.699177023057366,22.546575644094858,1,0,0,0,0
335,359,1777638302.1029418,4817.088,1.9728249169731937,-0.06859025332941826,-1.8075706715775208,-0.004268845551976597,1.9805392010388843,1.0816483366796825,0.5353158196145696,-0.5863970010589916,0.9708956321373594,-0.4680603378314491,-0.3153384471030563,1.516989052983265,3.72,31.5,60.55,0.034,1.473,1.003,68.35488936425836,-28.958904653179054,-57.65452374944552,22.577170604677335,1,0,0,0,0
336,360,1777638302.1045678,4817.088,1.9728249169731937,-0.06859025332941826,-1.8075706715775208,-0.004268845551976597,1.9805392010388843,1.0816483366796825,0.5353158196145696,-0.5863970010589916,0.9708956321373594,-0.4680603378314491,-0.3153384471030563,1.516989052983265,4.81,31.77,62.74,0.125,1.392,0.97,70.48954958006186,-28.80392746105408,-59.74557099936577,23.865814647274835,0,1,0,0,0
337,361,1777638302.1104715,4817.096,1.9704552308413679,-0.06990390853092787,-1.8073896142790593,-0.004021576023106377,1.9817172832837842,1.0832107499819228,0.5336170359406834,-0.5864632676915758,0.9719695790900639,-0.46997838641834594,-0.31516805514317175,1.5164078742825184,4.81,31.77,62.74,0.125,1.392,0.97,70.48954958006186,-28.87001311854545,-59.698172636315554,23.904541962139284,1,0,0,0,0
338,362,1777638302.12163,4817.103999999999,1.9680812682168458,-0.07121860475604169,-1.8072002847383963,-0.0037770740966553973,1.9829013232816481,1.084776068106581,0.5319132873248337,-0.5866283053392767,0.9730453446440686,-0.47180395713850065,-0.3151000719117313,1.5157133701825147,4.81,31.77,62.74,0.125,1.392,0.97,70.48954958006186,-28.941290128596382,-59.65189914257674,23.93385164105979,1,0,0,0,0
339,363,1777638302.2197185,4817.112,1.9657030474528416,-0.0725343209694218,-1.8070026820047556,-0.0035353425162618635,1.9840913156948146,1.0863442759448392,0.5302450593772402,-0.5867052922174005,0.9740911440937503,-0.47365867294694236,-0.31497485381485796,1.5151047651885055,4.81,31.77,62.74,0.125,1.392,0.97,70.48954958006186,-29.007893448127394,-59.60575504836381,23.968159771174342,1,0,0,0,0
340,364,1777638302.2199464,4817.12,1.9633205871786168,-0.07385103621000955,-1.8067968051265817,-0.0032963840023407798,1.9852872549222509,1.087915358278827,0.5284756304146891,-0.5868327742759832,0.9751399137800345,-0.47556403897320865,-0.31489423564831265,1.5143510915823073,4.81,31.77,62.74,0.125,1.392,0.97,70.48954958006186,-29.08392106325869,-59.55647424299467,23.99851060648661,1,0,0,0,0
341,365,1777638302.2251275,4817.128,1.9609339063002078,-0.07516872959249898,-1.8065826531514757,-0.0030602012527971567,1.9864891350985994,1.0894892997816095,0.5267632755411787,-0.5870577767012403,0.9761749838274978,-0.4773520694869177,-0.3148606827548778,1.513584295357221,4.81,31.77,62.74,0.125,1.392,0.97,70.48954958006186,-29.15875607972652,-59.509748377954836,24.02360072669193,1,0,0,0,0
342,366,1777638302.225262,4817.1359999999995,1.958543024001126,-0.07648738030879976,-1.8063602251261175,-0.00282679694376764,1.9876969500932515,1.0910660850171763,0.5250698092007677,-0.5871514210150439,0.977245720514944,-0.4792466237694564,-0.3148251186096618,1.512991862037384,4.81,31.77,62.74,0.125,1.392,0.97,70.48954958006186,-29.22489527803931,-59.46506044040418,24.05387043298259,1,0,0,0,0
343,367,1777638302.2253478,4817.144,1.956147959743025,-0.07780696762951411,-1.8061295200961869,-0.0025961737303754617,1.9889106935094498,1.0926456984404413,0.5234028706233116,-0.5872364824463316,0.978318654059529,-0.4811316073114011,-0.3147313636962844,1.5123890445822925,4.81,31.77,62.74,0.125,1.392,0.97,70.48954958006186,-29.291479836023694,-59.41897791301789,24.086736449509104,1,0,0,0,0
344,368,1777638302.2323751,4817.152,1.9537487332663426,-0.07912747090540506,-1.805890537106281,-0.0023683342475031566,1.9901303586834183,1.0942281243972443,0.5217314016420423,-0.5873654149034526,0.9793805395427788,-0.48288520845359234,-0.31478089208473525,1.5116926591846087,4.81,31.77,62.74,0.125,1.392,0.97,70.48954958006186,-29.36140453808098,-59.37600099388838,24.10757203711985,1,0,0,0,0
345,369,1777638302.2327728,4817.16,1.9513453645909047,-0.08044886956886632,-1.805643275199821,-0.002143281110583928,1.9913559386835225,1.0958133471243634,0.520070747711226,-0.587399702970568,0.9804876232458306,-0.4847914047782132,-0.31471995459742813,1.5111178890077583,4.81,31.77,62.74,0.125,1.392,0.97,70.48954958006186,-29.426577033201465,-59.33079926124638,24.13937495319102,1,0,0,0,0
346,370,1777638302.2372236,4817.168,1.9489378740165013,-0.08177114313539757,-1.8053877334189607,-0.0019210169164116664,1.99258742630946,1.0974013507495322,0.5184316405874358,-0.587416174424344,0.9815589729727758,-0.4867393349951296,-0.31463980571519745,1.510594929058543,4.81,31.77,62.74,0.125,1.392,0.97,70.48954958006186,-29.489320931202712,-59.285601908724324,24.173827941325154,1,0,0,0,0
347,371,1777638302.2373397,4817.1759999999995,1.9465262821234328,-0.08309427120507085,-1.8051239108044772,-0.0017015442439651807,1.9938248140914787,1.0989921192914613,0.516748533211978,-0.5874232557169778,0.9826271470189734,-0.48869702963975203,-0.31450652824195313,1.5100149398844873,4.81,31.77,62.74,0.125,1.392,0.97,70.48954958006186,-29.55559716233938,-59.23774636651349,24.210177235909132,1,0,0,0,0
348,372,1777638302.2406173,4817.184,1.9441106097730183,-0.08441823346400756,-1.8048518063956722,-0.001484865655253742,1.995068094289628,1.10058563665987,0.5151177934516171,-0.5875083350074334,0.983677282119541,-0.49051958103831156,-0.3144893113162347,1.5093872202631422,4.81,31.77,62.74,0.125,1.392,0.97,70.48954958006186,-29.622429727747438,-59.193509292493296,24.236681180891388,1,0,0,0,0
349,373,1777638302.2423525,4817.192,1.9416908781080757,-0.08574300968584136,-1.8045714192302515,-0.0012709836961777299,1.9963172588930398,1.102181886655522,0.5134902729679413,-0.5875693708480689,0.9847213323821442,-0.49236098379930565,-0.3144204624328396,1.508807035964321,4.81,31.77,62.74,0.125,1.392,0.97,70.48954958006186,-29.6867312331054,-59.14884574397586,24.267027750606616,1,0,0,0,0
350,374,1777638302.2449615,4817.2,1.9392671085533646,-0.08706857973319693,-1.804282748344212,-0.0010599008974079283,1.997572299619242,1.103780852970269,0.5117869547920344,-0.5876871919794588,0.9857975803257442,-0.4942103728201435,-0.31442163396765826,1.5081445881683806,4.81,31.77,62.74,0.125,1.392,0.97,70.48954958006186,-29.755971237759987,-59.103685399005116,24.29224460507979,1,0,0,0,0
351,375,1777638302.2450373,4817.208,1.9368393228159968,-0.08839492355915102,-1.8039857927717158,-0.0008516197752763688,1.9988332079135036,1.105382519187102,0.5100226245999748,-0.5877827488403137,0.9868934784865007,-0.49618939154800445,-0.3143204797077953,1.5074170871219923,4.81,31.77,62.74,0.125,1.392,0.97,70.48954958006186,-29.831164424101523,-59.052615438551506,24.324202740660752,1,0,0,0,0
352,376,1777638302.2450824,4817.215999999999,1.934407542885813,-0.08972202120871042,-1.8036805515449599,-0.0006461428326964835,2.0000999749482116,1.1069868687802065,0.5082794419233418,-0.5878195553019772,0.9880272906364194,-0.4981558315519724,-0.3143360703223781,1.5067483121218572,4.81,31.77,62.74,0.125,1.392,0.97,70.48954958006186,-29.90257679540064,-59.00559420297103,24.350613005620186,1,0,0,0,0
353,377,1777638302.2451391,4817.224,1.9319717910357221,-0.09104985282026856,-1.803367023694042,-0.0004434725600823697,2.001372591622283,1.1085938851150274,0.5065553398680253,-0.5880231786406946,0.9891022100334169,-0.4999838444509524,-0.31441499342080237,1.5060144389050776,4.81,31.77,62.74,0.125,1.392,0.97,70.48954958006186,-29.97552385031506,-58.96071653364193,24.369621985962716,1,0,0,0,0
354,378,1777638302.245176,4817.232,1.92953208982201,-0.09237839862708341,-1.8030452082468216,-0.00024361143630446946,2.002651048560607,1.1102035514483375,0.5048170246738078,-0.5881492230523525,0.9902048768099284,-0.5018636657381255,-0.31434092929650354,1.5052655186316344,4.81,31.77,62.74,0.125,1.392,0.97,70.48954958006186,-30.050220680693272,-58.91119115682487,24.39738497310055,1,0,0,0,0
355,379,1777638302.2452724,4817.24,1.9270884620846034,-0.09370763895873235,-1.802715104228767,-4.6561929641697475e-05,2.0039353361135244,1.1118158509283196,0.5030841261200646,-0.5881359497791536,0.9913348162296405,-0.5039057690140694,-0.3142324288198847,1.5046421303747128,4.81,31.77,62.74,0.125,1.392,0.97,70.48954958006186,-30.120091077268345,-58.8610219789871,24.43229021369583,1,0,0,0,0
356,380,1777638302.2480822,4817.248,1.9246779042311761,-0.09501747489866474,-1.8023818801610805,0.00014476270953913832,2.0052059274488423,1.113406370891073,0.501392055694789,-0.5882174559691167,0.9924009114090209,-0.505850386058885,-0.31430480482939194,1.5040411391608564,4.81,31.77,62.74,0.125,1.392,0.97,70.48954958006186,-30.186931953556073,-58.81694353110956,24.455937783893017,1,0,0,0,0
357,381,1777638302.2502253,4817.248,1.9246779042311761,-0.09501747489866474,-1.8023818801610805,0.00014476270953913832,2.0052059274488423,1.113406370891073,0.501392055694789,-0.5882174559691167,0.9924009114090209,-0.505850386058885,-0.31430480482939194,1.5040411391608564,4.97,30.66,61.15,0.207,1.186,1.141,68.5861429153149,-29.02697489678106,-57.3342448733342,23.9641000904727,0,1,0,0,0
358,382,1777638302.2538397,4817.255999999999,1.922355718011624,-0.09627797225398727,-1.8020537698734804,0.0003262478824138511,2.0064333696502197,1.1149386354350455,0.4997518739835403,-0.5882147924987148,0.9935053122532223,-0.5077316396146496,-0.3142468564169321,1.5034484475203411,4.97,30.66,61.15,0.207,1.186,1.141,68.5861429153149,-29.090833552270873,-57.28969376509923,23.993194692145963,1,0,0,0,0
359,383,1777638302.2614431,4817.264,1.9201243962702876,-0.09748792090669056,-1.8017319620277803,0.0004980064070892634,2.0076159533649323,1.1164109797061812,0.49821120062791796,-0.5882808209418247,0.9944738307997529,-0.5094506444271852,-0.3141559434857069,1.5029048940065455,4.97,30.66,61.15,0.207,1.186,1.141,68.5861429153149,-29.149282972902036,-57.24806652056633,24.02159823622265,1,0,0,0,0
360,384,1777638302.2682817,4817.272,1.9179843706980395,-0.09864723250691387,-1.8014173268092808,0.0006603235448227684,2.0087530610654465,1.1178231101453224,0.49672659117634316,-0.58827859715037,0.995444174526463,-0.5111965033472279,-0.3140123964817138,1.5024149277856091,4.97,30.66,61.15,0.207,1.186,1.141,68.5861429153149,-29.20507051519151,-57.20598249430435,24.05407289969905,1,0,0,0,0
361,385,1777638302.2755213,4817.28,1.9159360409540225,-0.09975583304088254,-1.8011106952330014,0.0008134807160073372,2.0098441052182383,1.1191747585411018,0.4952986284898817,-0.5882288748036021,0.9964141246839779,-0.512928777878424,-0.31386311202441936,1.5019617165771162,4.97,30.66,61.15,0.207,1.186,1.141,68.5861429153149,-29.258509000096,-57.16475086899993,24.08713160956431,1,0,0,0,0
362,386,1777638302.2826679,4817.288,1.913979785833525,-0.1008136544780065,-1.8008128617685317,0.0009577473309756122,2.010888525591447,1.1204656709042058,0.49397727188612284,-0.5883961696575993,0.9972154003883662,-0.5142679510689296,-0.31381491596742145,1.5014135243607831,4.97,30.66,61.15,0.207,1.186,1.141,68.5861429153149,-29.311128972356563,-57.12996659545729,24.105676409671922,1,0,0,0,0
363,387,1777638302.289885,4817.295999999999,1.9121159637305678,-0.10182063433464261,-1.8005245843436768,0.0010933806707838494,2.011885789089563,1.121695607089799,0.49268533375178913,-0.5883696262440108,0.9980675045983626,-0.5157879030070188,-0.3137030513581847,1.500964606789181,4.97,30.66,61.15,0.207,1.186,1.141,68.5861429153149,-29.360907338755,-57.09300701573576,24.13264739199139,1,0,0,0,0
364,388,1777638302.298051,4817.304,1.9103449130165713,-0.1027767153198873,-1.800246584327871,0.0012206258433185252,2.012835389605982,1.1228643405098437,0.4915343135684401,-0.588411554372947,0.9988376044854799,-0.5171218601749363,-0.3136556228744916,1.5006527263083915,4.97,30.66,61.15,0.207,1.186,1.141,68.5861429153149,-29.399844394902207,-57.063468760194716,24.155096410691822,1,0,0,0,0
365,389,1777638302.3042772,4817.312,1.9086669524088022,-0.10368184500187905,-1.799979546516175,0.0013397157423051477,2.0137368478745237,1.1239716578565668,0.4904112043836124,-0.5885100511391868,0.9995363134309371,-0.5183417733610078,-0.313663194622163,1.5002158407986563,4.97,30.66,61.15,0.207,1.186,1.141,68.5861429153149,-29.44411085812549,-57.03421210987393,24.17027068074178,1,0,0,0,0
366,390,1777638302.3121033,4817.32,1.9070823813278348,-0.10453597549378113,-1.7997241191140176,0.0014508710086364163,2.0145897113209834,1.1250173588370371,0.48930080215845767,-0.5885714535965731,1.0002326661040675,-0.5195277910105646,-0.31351051200438995,1.4997759241568736,4.97,30.66,61.15,0.207,1.186,1.141,68.5861429153149,-29.488075813651832,-57.001876605904066,24.192942115699935,1,0,0,0,0
367,391,1777638302.3186448,4817.3279999999995,1.9055914802428155,-0.10533906315906894,-1.7994809137226762,0.0015542999939437117,2.0153935539158847,1.1260012559193162,0.48829281625153953,-0.5887266805334104,1.0008152009429312,-0.5204919230445544,-0.31354996337141233,1.4993109085023164,4.97,30.66,61.15,0.207,1.186,1.141,68.5861429153149,-29.529875643613618,-56.976807969835846,24.20100820298951,1,0,0,0,0
368,392,1777638302.325923,4817.335999999999,1.9041945110033927,-0.10609106833575677,-1.7992505053255101,0.0016501987263533339,2.016147976029533,1.1269231740906154,0.48726659681780005,-0.5887422522430549,1.0014576964943385,-0.521701281805031,-0.31347646665262047,1.4989153153224082,4.97,30.66,61.15,0.207,1.186,1.141,68.5861429153149,-29.571597544829164,-56.94677572403445,24.220742211649362,1,0,0,0,0
369,393,1777638302.333034,4817.344,1.9028917171572215,-0.1067919550791876,-1.7990334322749622,0.0017387508783839952,2.01685260429042,1.127782950627878,0.48634959879887596,-0.5887975139336664,1.0020431901144875,-0.5226857128618536,-0.3134112050419653,1.498495632611679,4.97,30.66,61.15,0.207,1.186,1.141,68.5861429153149,-29.611140516741308,-56.92002394920374,24.235309589932456,1,0,0,0,0
370,394,1777638302.340598,4817.352,1.901683324252026,-0.10744169092305533,-1.7988301962803215,0.0018201277369546045,2.017507091447971,1.1285804348811792,0.48549184041875393,-0.5888719444927745,1.002548573740583,-0.5236015740540629,-0.3133942860096469,1.4981258379249427,4.97,30.66,61.15,0.207,1.186,1.141,68.5861429153149,-29.646712561530133,-56.89654793918874,24.246943454745114,1,0,0,0,0
371,395,1777638302.3499012,4817.36,1.9005695401212634,-0.10804024665830969,-1.7986412623962682,0.0018944881754672008,2.0181111162405534,1.1293154880703011,0.48472294198267085,-0.5889455729093463,1.0030328452367643,-0.5244145055579958,-0.31342228990362053,1.497803905061174,4.97,30.66,61.15,0.207,1.186,1.141,68.5861429153149,-29.67789442809856,-56.87679367034363,24.255142219657152,1,0,0,0,0
372,396,1777638302.3550606,4817.3679999999995,1.8995505551525036,-0.10858759612962565,-1.7984670590122054,0.0019619786279529944,2.018664383269616,1.1299879830948265,0.48402102985223655,-0.5889287482461897,1.0035105582784472,-0.5252590846547178,-0.31339111219771254,1.4975602035147506,4.97,30.66,61.15,0.207,1.186,1.141,68.5861429153149,-29.705120840262047,-56.85693951901692,24.268358502302572,1,0,0,0,0
373,397,1777638302.362986,4817.376,1.8986265425376954,-0.10908371604914624,-1.7983079778423932,0.0020227330652608216,2.019166622880758,1.130597804358058,0.48340868117490327,-0.5889443892593926,1.0039188489937931,-0.5259853918128758,-0.3132997327779435,1.497338414853519,4.97,30.66,61.15,0.207,1.186,1.141,68.5861429153149,-29.729260641773198,-56.83814912204106,24.282810094264967,1,0,0,0,0
374,398,1777638302.3703613,4817.384,1.897797658504563,-0.10952858582719305,-1.7981643739168822,0.002076872973286231,2.019617591052472,1.131144847605059,0.4827832199141268,-0.588848542467179,1.0043522353995864,-0.5267881536811114,-0.3132329142701336,1.4971517507851397,4.97,30.66,61.15,0.207,1.186,1.141,68.5861429153149,-29.752576064737823,-56.819433012945005,24.29805032506609,1,0,0,0,0
375,399,1777638302.376506,4817.392,1.8970640425284417,-0.10992218741970472,-1.7980365655732742,0.002124507333231074,2.02001706929323,1.1316290197750671,0.4823179127749565,-0.5888428814908091,1.004689375628052,-0.5273703636512582,-0.31320759376010693,1.4970216050470402,4.97,30.66,61.15,0.207,1.186,1.141,68.5861429153149,-29.76917173686977,-56.80648572970429,24.30799442861659,1,0,0,0,0
376,400,1777638302.3835497,4817.4,1.8964258175239146,-0.11026450519213515,-1.797924834449299,0.0021657326039011865,2.0203648645475334,1.1320502388685347,0.4818938795734965,-0.5888089703840492,1.00497885360416,-0.5279315672578025,-0.31316582398322335,1.4968921161771258,4.97,30.66,61.15,0.207,1.186,1.141,68.5861429153149,-29.78540612221746,-56.79352450353921,24.31839132427268,1,0,0,0,0
377,401,1777638302.395275,4817.407999999999,1.8958830900157044,-0.11055552579961425,-1.7978294254762321,0.002200632706031652,2.0206608091114715,1.1324084338289857,0.48149714382318914,-0.5888188771230036,1.0052209590197354,-0.5283740778522761,-0.31313265826390513,1.4967137994063973,4.97,30.66,61.15,0.207,1.186,1.141,68.5861429153149,-29.802559362812225,-56.78159694012517,24.325227734909717,1,0,0,0,0
378,402,1777638302.3954356,4817.407999999999,1.8958830900157044,-0.11055552579961425,-1.7978294254762321,0.002200632706031652,2.0206608091114715,1.1324084338289857,0.48149714382318914,-0.5888188771230036,1.0052209590197354,-0.5283740778522761,-0.31313265826390513,1.4967137994063973,4.38,30.46,59.99,0.169,1.147,1.1,67.4225192350449,-29.787783406676038,-55.70541253298691,23.566736605790375,0,1,0,0,0
379,403,1777638302.4013045,4817.416,1.895435950288304,-0.11079523808314562,-1.797750546873159,0.0022292790086569756,2.0209047605582797,1.1327035444399018,0.4811766865192505,-0.5888342279788017,1.0054063382322698,-0.528746170103851,-0.3131496593736761,1.49659786477456,4.38,30.46,59.99,0.169,1.147,1.1,67.4225192350449,-29.799925756894304,-55.6972996007595,23.570560919647697,1,0,0,0,0
380,404,1777638302.405923,4817.424,1.8950844725139315,-0.11098363298169911,-1.797688370142076,0.0022517303175166297,2.021096601674316,1.1329355212367784,0.48095386766816317,-0.5887732408846881,1.0056004323000574,-0.5290941862966952,-0.3130418852256737,1.4965537636292865,4.38,30.46,59.99,0.169,1.147,1.1,67.4225192350449,-29.8077664083277,-55.68844883198685,23.581556955251134,1,0,0,0,0
381,405,1777638302.414093,4817.432,1.8948287148584277,-0.11112070346001612,-1.797643030063866,0.0022680328655116638,2.0212362404058224,1.1331043254345055,0.48074760258911997,-0.5887483649843288,1.0057323920197943,-0.5293414165973535,-0.3130406071766534,1.496463554037736,4.38,30.46,59.99,0.169,1.147,1.1,67.4225192350449,-29.816579504726217,-55.682484649593995,23.584498932266275,1,0,0,0,0
382,406,1777638302.4214838,4817.44,1.8946687195648018,-0.11120644445203087,-1.7976146246951181,0.002278220305214142,2.0213236098167577,1.1332099288701796,0.48063857019990036,-0.5887614407189221,1.005801140844063,-0.5294789600858173,-0.3129995546557443,1.4964399218623181,4.38,30.46,59.99,0.169,1.147,1.1,67.4225192350449,-29.820024064937186,-55.678879595221794,23.588654726104252,1,0,0,0,0
383,407,1777638302.4832869,4817.447999999999,1.894604513014187,-0.11124085281979124,-1.797603215365828,0.0022823137034300263,2.021358668057947,1.133252313961436,0.48058577135412106,-0.5887875459921748,1.0057835604779872,-0.529472999017709,-0.31300016603185477,1.496346167389504,4.38,30.46,59.99,0.169,1.147,1.1,67.4225192350449,-29.825181338212833,-55.676878831918636,23.586856969053212,1,0,0,0,0
384,408,1777638302.4845228,4817.456,1.8945583023036348,-0.11121980720624425,-1.7975991130263207,0.002181985169708898,2.0213516383182752,1.1332929883955074,0.4806407606056868,-0.5888300374021218,1.0057524489332095,-0.5293575383547272,-0.31300364882392895,1.496332927646168,4.38,30.46,59.99,0.169,1.147,1.1,67.4225192350449,-29.824163486272653,-55.678482754097104,23.584357751395146,1,0,0,0,0
385,409,1777638302.486391,4817.464,1.8943852579631397,-0.11113569134361256,-1.797584149458137,0.001794183108408284,2.021321634216373,1.1334464625069987,0.4807194203303067,-0.5888566479658374,1.0057013342620786,-0.5293844082462842,-0.31298975068748813,1.4964626137169803,4.38,30.46,59.99,0.169,1.147,1.1,67.4225192350449,-29.817322026584858,-55.68066993527584,23.587844384805624,1,0,0,0,0
386,410,1777638302.4890378,4817.472,1.8940821696893808,-0.11098838711830084,-1.7975576361470749,0.0011144804767747895,2.021269286939147,1.1337152274260007,0.4806922784768085,-0.5887868883937478,1.0058124402171635,-0.5298395516867307,-0.3126546902687667,1.4966348427354705,4.38,30.46,59.99,0.169,1.147,1.1,67.4225192350449,-29.814839585304483,-55.67000101504633,23.616147600472466,1,0,0,0,0
387,411,1777638302.4891105,4817.48,1.8936491374315718,-0.11077798487036716,-1.7975190822136913,0.00014233894052168396,2.0211949496931525,1.1340991187976366,0.4806004404109048,-0.5887360530864338,1.0059429175617547,-0.5305724315950767,-0.31201550788058896,1.4968379228933697,4.38,30.46,59.99,0.169,1.147,1.1,67.4225192350449,-29.81506099026558,-55.64893888035741,23.66545667501451,1,0,0,0,0
388,412,1777638302.4911263,4817.487999999999,1.8930863045355117,-0.11050461474183848,-1.7974677854806362,-0.0011230104444042155,2.021099126615983,1.1345979005453923,0.4804255910132978,-0.5887219511459009,1.0061574486494969,-0.5315569516133658,-0.3111146919252627,1.4970115856877273,4.38,30.46,59.99,0.169,1.147,1.1,67.4225192350449,-29.82091818986595,-55.61743162790878,23.732050847497657,1,0,0,0,0
389,413,1777638302.4957392,4817.496,1.8923938582703541,-0.1101684477726037,-1.7974028318128896,-0.002682566768562822,2.0209824720747958,1.1352112636214644,0.4801466599079715,-0.5887851833844185,1.006363364269813,-0.5327418980545336,-0.31016576250141964,1.4971131286175345,4.38,30.46,59.99,0.169,1.147,1.1,67.4225192350449,-29.83387129782539,-55.57998918365857,23.803382653084945,1,0,0,0,0
390,414,1777638302.4959002,4817.504,1.8915720305076507,-0.10976969733133579,-1.7973230942616718,-0.004537558657417229,2.0208457897471157,1.135938824390406,0.47971408925070425,-0.588852355622062,1.0066437287428682,-0.5342887753504212,-0.30901893005203684,1.497097961454304,4.38,30.46,59.99,0.169,1.147,1.1,67.4225192350449,-29.85895527567842,-55.529700957533315,23.889144007518563,1,0,0,0,0
391,415,1777638302.4996748,4817.512,1.8906210985480325,-0.10930862088600168,-1.7972272320134763,-0.006689443504269477,2.0206900314784515,1.1367801226528038,0.4792131800012359,-0.589073798943146,1.006948254997774,-0.5359966907475908,-0.3077115500157246,1.4970279956460113,4.38,30.46,59.99,0.169,1.147,1.1,67.4225192350449,-29.88959991938909,-55.47191686733918,23.98487764658946,1,0,0,0,0
392,416,1777638302.4997337,4817.5199999999995,1.8895413860898047,-0.10878552211949621,-1.797113689146042,-0.009139906539106235,2.0205162959101055,1.1377346193173112,0.47863452292076636,-0.5893272752880546,1.0073188999454952,-0.5380125381899696,-0.3062177715955497,1.4969699606276747,4.38,30.46,59.99,0.169,1.147,1.1,67.4225192350449,-29.924305380195676,-55.405151558111434,24.095668248369748,1,0,0,0,0
393,417,1777638302.499785,4817.527999999999,1.8883332643326376,-0.10820075339680191,-1.7969806931934755,-0.011890859723300728,2.0203258268694557,1.1388016937309646,0.47799207246256914,-0.5895623321249102,1.0077447090502132,-0.5403103977351753,-0.3044238939481485,1.4969770848825283,4.38,30.46,59.99,0.169,1.147,1.1,67.4225192350449,-29.959723218378393,-55.328382623641346,24.227694090236902,1,0,0,0,0
394,418,1777638302.5071294,4817.536,1.8869971532084613,-0.10755471859091514,-1.7968262535231414,-0.01494444045878307,2.020120011513956,1.139980640679323,0.4773549859773775,-0.589819067102396,1.0081813707520477,-0.5427206210868373,-0.30263969261234036,1.497031108339021,4.38,30.46,59.99,0.169,1.147,1.1,67.4225192350449,-29.994140385357262,-55.2507678624159,24.361861446878606,1,0,0,0,0
395,419,1777638302.5129585,4817.544,1.88553352273055,-0.10684787627551007,-1.7966481595273924,-0.018303010099091743,2.0199003782191642,1.1412706670696267,0.47671712549612977,-0.5901620776508615,1.0085866522700728,-0.54528241136358,-0.3006098414939858,1.4971113362772528,4.38,30.46,59.99,0.169,1.147,1.1,67.4225192350449,-30.029380742355134,-55.16542466493431,24.511391510237182,1,0,0,0,0
396,420,1777638302.5200438,4817.552,1.8839428944507042,-0.10608074329292272,-1.7964439786336817,-0.021969152248639823,2.0196685942002586,1.1426708883118193,0.47604625904160713,-0.5903664384531315,1.0091038277835391,-0.5482316145100669,-0.2984984308551991,1.4973879313606975,4.38,30.46,59.99,0.169,1.147,1.1,67.4225192350449,-30.059500523403784,-55.07595796707695,24.67511666218137,1,0,0,0,0
397,421,1777638302.5273015,4817.5599999999995,1.8822258430133263,-0.10525389870656898,-1.7962110541370873,-0.025945670835603174,2.0194264628557663,1.1441803244139568,0.47531230074371766,-0.590637830397245,1.0096480543899293,-0.5513839981905274,-0.29610209938683224,1.4975927212698295,4.38,30.46,59.99,0.169,1.147,1.1,67.4225192350449,-30.096644608491292,-54.974600330181644,24.855208746799235,1,0,0,0,0
398,422,1777638302.5351353,4817.568,1.880382997794089,-0.10436798814728299,-1.7959465028598363,-0.030235587943105102,2.0191759208216284,1.1457978958102364,0.4744842473008749,-0.5910061078946839,1.0101857885243308,-0.5547244276945777,-0.2935529893075914,1.497766677753224,4.38,30.46,59.99,0.169,1.147,1.1,67.4225192350449,-30.138230630627625,-54.86540237505452,25.045374356923887,1,0,0,0,0
399,423,1777638302.537565,4817.568,1.880382997794089,-0.10436798814728299,-1.7959465028598363,-0.030235587943105102,2.0191759208216284,1.1457978958102364,0.4744842473008749,-0.5910061078946839,1.0101857885243308,-0.5547244276945777,-0.2935529893075914,1.497766677753224,4.91,29.39,59.69,0.113,1.135,1.201,66.71413868139196,-28.92706154869574,-54.644756498869114,25.058970396591903,0,1,0,0,0
400,424,1777638302.5416124,4817.576,1.8784150446098198,-0.10342372856326953,-1.7956472126429288,-0.03484214138281949,2.0189190347232233,1.1475224189415536,0.47360189825312526,-0.5912878401295975,1.01086462119212,-0.5583835935126338,-0.29074692282818126,1.4980439915226917,4.91,29.39,59.69,0.113,1.135,1.201,66.71413868139196,-28.9674749051972,-54.52663324289987,25.268715139695107,1,0,0,0,0
401,425,1777638302.5488944,4817.584,1.876322727485137,-0.10242191338345918,-1.7953098396756024,-0.03976878199477962,2.01865799761267,1.1493526016102342,0.47261435078945635,-0.591582203144609,1.011562982318799,-0.5623687725374462,-0.2877810820145484,1.4982994763389914,4.91,29.39,59.69,0.113,1.135,1.201,66.71413868139196,-29.01385755374414,-54.3982141866367,25.49130563850822,1,0,0,0,0
402,426,1777638302.5633836,4817.592,1.8741068504603324,-0.10136341810390803,-1.7949308056689128,-0.04501917065707328,2.018395125078537,1.1512870381322742,0.4714972943471546,-0.5919186830489094,1.0123039443823598,-0.5666679459775734,-0.2845442883145148,1.498404276264915,4.91,29.39,59.69,0.113,1.135,1.201,66.71413868139196,-29.073063465125113,-54.254221682366925,25.729607661085545,1,0,0,0,0
403,427,1777638302.564638,4817.599999999999,1.871768279423959,-0.10024920630657785,-1.7945062948803843,-0.05059717498929128,2.0181328510150953,1.1533242043121326,0.4703207111268263,-0.592325958472637,1.0131044921561334,-0.5711420133805952,-0.2811762937493772,1.4984454834260503,4.91,29.39,59.69,0.113,1.135,1.201,66.71413868139196,-29.1381106052694,-54.101873058998635,25.975645167407908,1,0,0,0,0
404,428,1777638302.5706642,4817.608,1.8693079439526012,-0.09908033611928158,-1.7940322509972537,-0.05650686573401842,2.0178737230384347,1.1554624522667925,0.469087398463215,-0.5927073203917502,1.0139563045975746,-0.5759646932241305,-0.27761948477562587,1.4985803140343439,4.91,29.39,59.69,0.113,1.135,1.201,66.71413868139196,-29.202923411866962,-53.94009547965876,26.23798132185339,1,0,0,0,0
405,429,1777638302.577938,4817.616,1.8667268391393614,-0.09785796712481787,-1.7935043738865035,-0.06275251280141614,2.01762039753713,1.1577000051274504,0.4677514918222352,-0.5930808938945756,1.0148631996058093,-0.5810596237143024,-0.2737537684060395,1.4986819236983135,4.91,29.39,59.69,0.113,1.135,1.201,66.71413868139196,-29.273172611831853,-53.764419414964685,26.518764492518596,1,0,0,0,0
406,430,1777638302.5853903,4817.624,1.8640260273917169,-0.09658336772627862,-1.7929181162204326,-0.06933858096302803,2.017375634345725,1.1600349516487862,0.46646761095584977,-0.5935320673757916,1.015730227103389,-0.5861473960578404,-0.2697873071514369,1.498855010834186,4.91,29.39,59.69,0.113,1.135,1.201,66.71413868139196,-29.33885196153519,-53.586564724107866,26.804629201839745,1,0,0,0,0
407,431,1777638302.5927641,4817.632,1.86120664017858,-0.09525792297422608,-1.7922686799871403,-0.07626972518235942,2.017142291030086,1.1624652407573042,0.46518091498648007,-0.5940556939608248,1.0166332688612967,-0.5914204621433989,-0.2658158263455167,1.4990701695753414,4.91,29.39,59.69,0.113,1.135,1.201,66.71413868139196,-29.40465070406942,-53.40484586304049,27.093638650365087,1,0,0,0,0
408,432,1777638302.6000886,4817.639999999999,1.85826987970567,-0.09388314285986166,-1.7915510128957965,-0.08355078557158802,2.0169233167746667,1.16498867607169,0.46382972746804635,-0.5945441513814533,1.0175724731320348,-0.596915142655159,-0.2615503664266385,1.4993019500495333,4.91,29.39,59.69,0.113,1.135,1.201,66.71413868139196,-29.47217674578525,-53.21097516559645,27.399985762614392,1,0,0,0,0
409,433,1777638302.6094594,4817.648,1.8552170204976786,-0.09246067107642464,-1.790759804687057,-0.0911867819659582,2.0167217458629603,1.1676029104294616,0.4624490778954843,-0.5950539856989534,1.0185668407944604,-0.6027263671055418,-0.25716776835821026,1.49957846667632,4.91,29.39,59.69,0.113,1.135,1.201,66.71413868139196,-29.541517258334956,-53.007972159770034,27.71696133389341,1,0,0,0,0
410,434,1777638302.6142142,4817.656,1.852049410865164,-0.09099229424890343,-1.7898894833593664,-0.09918290811001107,2.0165406907438475,1.1703054404554534,0.46101458568025866,-0.5956108321447887,1.0195849324687203,-0.6086837280161986,-0.25252293909770235,1.4998599480840906,4.91,29.39,59.69,0.113,1.135,1.201,66.71413868139196,-29.611928323195947,-52.79418924446601,28.047880187304955,1,0,0,0,0
411,435,1777638302.621664,4817.664,1.8488087297116975,-0.08949845257702194,-1.7889462672870007,-0.10744143893730751,2.0163850792153344,1.173059461532068,0.45945655571884314,-0.5961189231498341,1.020670799595878,-0.6149890350441104,-0.24768285795828543,1.5000958153423622,4.91,29.39,59.69,0.113,1.135,1.201,66.71413868139196,-29.68933874034242,-52.56641372950684,28.39175254857507,1,0,0,0,0
412,436,1777638302.6286886,4817.672,1.8455753977252674,-0.08801700157925563,-1.7879511210928989,-0.11576055583163125,2.016259689553643,1.1757959633061459,0.45780681650981087,-0.5967291968471365,1.0217917491227742,-0.621436246193457,-0.24272712115005585,1.5001592302324245,4.91,29.39,59.69,0.113,1.135,1.201,66.71413868139196,-29.777505630484015,-52.327395263360245,28.738826757168695,1,0,0,0,0
413,437,1777638302.6367037,4817.679999999999,1.842353993823739,-0.08655038621106836,-1.7869051041453954,-0.12412886161982328,2.016164444274547,1.1785107828397383,0.4561445429097739,-0.597350400181972,1.0228694207479074,-0.6278076215870583,-0.23776225668744091,1.5001957523753788,4.91,29.39,59.69,0.113,1.135,1.201,66.71413868139196,-29.865219065689203,-52.08674862425878,29.08290920646816,1,0,0,0,0
414,438,1777638302.64347,4817.688,1.8391446485936807,-0.08509903925592077,-1.7858080148741946,-0.1325461107642978,2.0160990289023974,1.1812035643251135,0.45450371372197956,-0.5979562105747998,1.0239367422516692,-0.6340722760022823,-0.23292870934927745,1.500287878677739,4.91,29.39,59.69,0.113,1.135,1.201,66.71413868139196,-29.947827850600518,-51.850464605425366,29.418246501658206,1,0,0,0,0
415,439,1777638302.6503332,4817.696,1.8359474742459696,-0.08366340295547303,-1.784659647467719,-0.1410120498725851,2.0160631252916184,1.1838739761106412,0.45281063738978566,-0.5985560391524765,1.0250348623642318,-0.6404139531390263,-0.2280491858512946,1.500237754418231,4.91,29.39,59.69,0.113,1.135,1.201,66.71413868139196,-30.038587937782246,-51.60650358117832,29.752786807792504,1,0,0,0,0
416,440,1777638302.6615963,4817.704,1.8327625783328159,-0.0822439216898605,-1.7834597980022764,-0.14952642164330499,2.0160564121048785,1.186521693665459,0.4511508792248445,-0.5991667902351345,1.026164413844972,-0.6467820784569533,-0.22317908993851854,1.5002796012138673,4.91,29.39,59.69,0.113,1.135,1.201,66.71413868139196,-30.12411743583221,-51.36217095013245,30.087227256787205,1,0,0,0,0
417,441,1777638302.6654508,4817.7119999999995,1.8295900638602087,-0.08084104174442075,-1.7822082644853143,-0.15808896515804882,2.016078564936265,1.1891463994646436,0.4496180788758417,-0.5995880075137419,1.027298917880808,-0.6532063993267825,-0.21822678363015233,1.500514916592857,4.91,29.39,59.69,0.113,1.135,1.201,66.71413868139196,-30.199175250852694,-51.11662390161867,30.42822497400651,1,0,0,0,0
418,442,1777638302.6720943,4817.719999999999,1.826430029319752,-0.0794552111373914,-1.780904846853499,-0.16669941611013606,2.0161292564542235,1.1917477829680903,0.4480586319432551,-0.600002800466787,1.0284739159428173,-0.6596464315748923,-0.21335388655265466,1.5006844177555734,4.91,29.39,59.69,0.113,1.135,1.201,66.71413868139196,-30.277619823939595,-50.86942049069189,30.762706264861613,1,0,0,0,0
419,443,1777638302.6793413,4817.728,1.8232825687221121,-0.07808687944829096,-1.7795493469668253,-0.1753575070335538,2.016208156543457,1.1943255405966533,0.4465694263200818,-0.6004162312716529,1.02958352895774,-0.6660384770698152,-0.2084910939275757,1.500935671905409,4.91,29.39,59.69,0.113,1.135,1.201,66.71413868139196,-30.350294740794887,-50.62306235861953,31.095682442779676,1,0,0,0,0
420,444,1777638302.680912,4817.728,1.8232825687221121,-0.07808687944829096,-1.7795493469668253,-0.1753575070335538,2.016208156543457,1.1943255405966533,0.4465694263200818,-0.6004162312716529,1.02958352895774,-0.6660384770698152,-0.2084910939275757,1.500935671905409,5.58,29.04,61.38,0.122,1.167,1.229,68.1319484529835,-29.919215854511517,-52.16553440365993,32.02436483416523,0,1,0,0,0
421,445,1777638302.6860633,4817.736,1.8201477716325278,-0.0767364976467837,-1.7781415685989943,-0.18406296753232887,2.016314932445471,1.1968793757050717,0.44503914997182953,-0.6008179437489608,1.030760940038029,-0.672541020068201,-0.2034685445840552,1.501167408792707,5.58,29.04,61.38,0.122,1.167,1.229,68.1319484529835,-29.995781471047408,-51.903853899231805,32.37600105554064,1,0,0,0,0
422,446,1777638302.6934714,4817.744,1.817025723208301,-0.07540451792224534,-1.776681317424024,-0.19281552451016815,2.01644924889766,1.1994089985517677,0.4435645744495742,-0.6012101708504182,1.03189629914092,-0.6789235229423697,-0.1984791979653144,1.5014027164406927,5.58,29.04,61.38,0.122,1.167,1.229,68.1319484529835,-30.069609016120125,-51.6433328480098,32.72227354520676,1,0,0,0,0
423,447,1777638302.7007532,4817.7519999999995,1.8139165042381888,-0.07409139351426042,-1.7751684009990711,-0.20161490240023205,2.0166107682708465,1.2019141262656152,0.442024049324997,-0.6016733544987422,1.0330294617148696,-0.6853476328050889,-0.1936054352812104,1.5015580119020997,5.58,29.04,61.38,0.122,1.167,1.229,68.1319484529835,-30.1483090362905,-51.38147931133535,33.06033039809405,1,0,0,0,0
424,448,1777638302.7078319,4817.76,1.8108201911836173,-0.07279757854424407,-1.7736026287434434,-0.21046082339487082,2.016799150705181,1.2043944828097695,0.4403995497598451,-0.6022511046525401,1.0341499253529849,-0.6916107466883372,-0.1886645158205663,1.5014592405322498,5.58,29.04,61.38,0.122,1.167,1.229,68.1319484529835,-30.237410325681957,-51.11363741204192,33.39247650754062,1,0,0,0,0
425,449,1777638302.7205615,4817.768,1.80773685622164,-0.07152352784842009,-1.7719838119137554,-0.21935300767520172,2.0170140542443096,1.2068497989426503,0.43877022010282696,-0.6027224553486884,1.035325077629868,-0.6981056413694923,-0.18357463147823752,1.5014033224221717,5.58,29.04,61.38,0.122,1.167,1.229,68.1319484529835,-30.326624280431226,-50.83564059642305,33.73419489042037,1,0,0,0,0
426,450,1777638302.7335203,4817.776,1.8046665672895517,-0.0702696968123524,-1.7703117635752434,-0.228291173640347,2.017255134967742,1.2092798121761905,0.4371348680484072,-0.6033250283871755,1.0364122470706767,-0.7043759111066014,-0.1785984977945706,1.5013232902018234,5.58,29.04,61.38,0.122,1.167,1.229,68.1319484529835,-30.4131784443261,-50.562840623556355,34.06464626251706,1,0,0,0,0
427,451,1777638302.7745473,4817.784,1.8016093881310862,-0.06903654120725111,-1.7685862985691818,-0.23727503813621986,2.01752204712133,1.2116842667314385,0.4355064021787851,-0.6038844072115948,1.0375374004983668,-0.7107110127554569,-0.17360886612507162,1.501248633910962,5.58,29.04,61.38,0.122,1.167,1.229,68.1319484529835,-30.49971649709387,-50.286385613622706,34.394899556692096,1,0,0,0,0
428,452,1777638302.7768059,4817.7919999999995,1.7985653783441164,-0.06782451702824943,-1.7668072334764053,-0.2463043166836938,2.017814443245793,1.2140629134916217,0.4338622181719317,-0.6044748031246063,1.0386319657213268,-0.7170609530488633,-0.16865057093347063,1.501085567455362,5.58,29.04,61.38,0.122,1.167,1.229,68.1319484529835,-30.590747512520345,-50.00669392923544,34.72029851388086,1,0,0,0,0
429,453,1777638302.7768707,4817.8,1.7955345934297722,-0.06663408033486196,-1.764974386576915,-0.25537872370602877,2.01813197430322,1.216415509952778,0.4323157465647281,-0.6050071373369005,1.0397280981481216,-0.7232870531175584,-0.1637746488376582,1.501055177167382,5.58,29.04,61.38,0.122,1.167,1.229,68.1319484529835,-30.67215673582921,-49.73271256184281,35.04052657158347,1,0,0,0,0
430,454,1777638302.7787697,4817.808,1.7925170848429002,-0.0654656870938295,-1.7630875778055461,-0.2644979727554073,2.0184742898014876,1.218741820172057,0.43081712495708313,-0.6055308549221913,1.040826440655365,-0.7295730016287958,-0.1589492735381811,1.5011361655073259,5.58,29.04,61.38,0.122,1.167,1.229,68.1319484529835,-30.74808736901018,-49.459354707193036,35.35943657774793,1,0,0,0,0
431,455,1777638302.780722,4817.816,1.7895129000437917,-0.06431979302453872,-1.7611466287036972,-0.2736617767384617,2.018841037916529,1.2210416147137926,0.4292696278750177,-0.6060491079940971,1.0419032437604474,-0.7358106042471891,-0.15394121335834132,1.5011189426613654,5.58,29.04,61.38,0.122,1.167,1.229,68.1319484529835,-30.826920811308103,-49.17752825739619,35.68240557734776,1,0,0,0,0
432,456,1777638302.7855046,4817.824,1.7865220825510923,-0.06319685344721204,-1.7591513623670867,-0.28286984814064375,2.0192318656124124,1.223314670593462,0.42778001864650156,-0.6065467003769762,1.0430155004626556,-0.7421325096263003,-0.14888298386040172,1.5011041887822856,5.58,29.04,61.38,0.122,1.167,1.229,68.1319484529835,-30.906033564368084,-48.89047142047103,36.00696173800641,1,0,0,0,0
433,457,1777638302.7912886,4817.831999999999,1.7835446719958237,-0.0620973231340729,-1.7571016033895503,-0.29212189924932996,2.0196464187591663,1.2255607712196317,0.42626200014988436,-0.6069803754886673,1.0441409871662837,-0.7484672338358463,-0.1439278472883494,1.5010985066392795,5.58,29.04,61.38,0.122,1.167,1.229,68.1319484529835,-30.98473277343284,-48.604514342216966,36.32505912612095,1,0,0,0,0
434,458,1777638302.7914333,4817.84,1.780580704176438,-0.06102165616365163,-1.754997177802844,-0.3014176423755277,2.0200843422483152,1.2277797063339961,0.4247350964364319,-0.6075758907936126,1.0451975333524008,-0.7545846040243044,-0.13896647199575332,1.50101847502822,5.58,29.04,61.38,0.122,1.167,1.229,68.1319484529835,-31.063055104925773,-48.319518140397975,36.637046472499605,1,0,0,0,0
435,459,1777638302.791642,4817.848,1.7776302111148332,-0.05997030577843354,-1.7528379130124598,-0.3107567900740671,2.020545280106084,1.2299712719496203,0.42306399041106263,-0.6079485691902805,1.0464080673330938,-0.7611785452997493,-0.13382506347477266,1.500777340644031,5.58,29.04,61.38,0.122,1.167,1.229,68.1319484529835,-31.156275932912887,-48.01354232446059,36.958742178940895,1,0,0,0,0
436,460,1777638302.7989023,4817.856,1.7746932211132485,-0.05894372424601535,-1.7506236377294355,-0.3201390553621746,2.0210288756042294,1.2321352702874913,0.4214283023195264,-0.6085238577689649,1.0474833868162905,-0.7674110310238583,-0.12877891387996376,1.5005054590726559,5.58,29.04,61.38,0.122,1.167,1.229,68.1319484529835,-31.244846891312406,-47.71565119761014,37.268466208397285,1,0,0,0,0
437,461,1777638302.8038383,4817.864,1.7717697588119763,-0.05794236272394748,-1.7483541818981472,-0.3295641519363004,2.0215347713684753,1.2342715097114831,0.4197792780519143,-0.6091093963246503,1.0485745366176236,-0.773731794139118,-0.12384300655955516,1.5002925392213113,5.58,29.04,61.38,0.122,1.167,1.229,68.1319484529835,-31.331688769267693,-47.41867142848159,37.57335863112917,1,0,0,0,0
438,462,1777638302.8083997,4817.871999999999,1.7688598452478144,-0.05696667112843823,-1.746029376620081,-0.3390317943871164,2.0220626094845127,1.2363798046618422,0.41812483836488923,-0.6096100943269523,1.0497377604607603,-0.7801414389203181,-0.1186930263874209,1.4999793557782541,5.58,29.04,61.38,0.122,1.167,1.229,68.1319484529835,-31.423255045697893,-47.10898699309716,37.88515259065514,1,0,0,0,0
439,463,1777638302.816265,4817.88,1.7659634979131904,-0.05601709800706356,-1.7436490540735772,-0.3485416984125793,2.0226120316015486,1.238459975587295,0.4165838473750374,-0.6102083354529685,1.0508101763676354,-0.7862810906388709,-0.11381156695619717,1.4997722812070167,5.58,29.04,61.38,0.122,1.167,1.229,68.1319484529835,-31.505599447602165,-46.81407887709721,38.18116842549702,1,0,0,0,0
440,464,1777638302.8229487,4817.888,1.763080730815886,-0.05509409041567004,-1.7412130474295155,-0.3580935810289594,2.0231826790333822,1.2405118488758882,0.41503687804442146,-0.610707636358454,1.0519628444804188,-0.7925700648843462,-0.10887314366315799,1.4996034716180495,5.58,29.04,61.38,0.122,1.167,1.229,68.1319484529835,-31.587347957550186,-46.51307493642383,38.48032885731709,1,0,0,0,0
441,465,1777638302.824664,4817.888,1.763080730815886,-0.05509409041567004,-1.7412130474295155,-0.3580935810289594,2.0231826790333822,1.2405118488758882,0.41503687804442146,-0.610707636358454,1.0519628444804188,-0.7925700648843462,-0.10887314366315799,1.4996034716180495,4.82,30.52,61.9,0.227,1.134,1.096,69.18318292764506,-33.295836125924126,-46.858327908531834,38.496716772890004,0,1,0,0,0
442,466,1777638302.8300369,4817.896,1.7602115545392987,-0.05419809379960139,-1.7387211907629654,-0.3676871607797594,2.0237741928569855,1.2425352567846568,0.4135441716114978,-0.6113539887419247,1.0530054673505767,-0.7986233277319658,-0.1040714484131593,1.4995061136899106,4.82,30.52,61.9,0.227,1.134,1.096,69.18318292764506,-33.370376444119756,-46.56499773665852,38.78700506307136,1,0,0,0,0
443,467,1777638302.8375998,4817.9039999999995,1.7573559763031734,-0.05332955187940858,-1.7361733189607538,-0.3773221579424293,2.024386214008584,1.2445300373682264,0.4120071028250305,-0.6118626171813025,1.0541366644643604,-0.8048896637962082,-0.09899304713325173,1.499322085117311,4.82,30.52,61.9,0.227,1.134,1.096,69.18318292764506,-33.45050755600358,-46.25414955444754,39.088745096773664,1,0,0,0,0
444,468,1777638302.8448007,4817.911999999999,1.754514000024738,-0.052488906541183766,-1.733569267624972,-0.3869982947328161,2.025018383377222,1.2464960344064484,0.4105259661945255,-0.6124101465605251,1.0551807330189173,-0.8110225229037402,-0.09407842304250932,1.4992244448504914,4.82,30.52,61.9,0.227,1.134,1.096,69.18318292764506,-33.5242280805444,-45.95186988498102,39.38101808838125,1,0,0,0,0
445,469,1777638302.851873,4817.92,1.751685626380182,-0.051676597731659335,-1.7309088729723783,-0.3967152955072679,2.0256703418958106,1.248433097331167,0.40897722182739876,-0.6128631083062214,1.0562930570644045,-0.8173136096830976,-0.08912304285259191,1.4990704348440704,4.82,30.52,61.9,0.227,1.134,1.096,69.18318292764506,-33.6026568232178,-45.641789323195745,39.673685508130816,1,0,0,0,0
446,470,1777638302.8604956,4817.928,1.7488708528664205,-0.05089306335820076,-1.7281919717296983,-0.40647288696233375,2.026341730629649,1.2503410811522142,0.4074084686574325,-0.6132971211050564,1.0574191499299554,-0.8236541821924499,-0.08393137477923159,1.4988448278079929,4.82,30.52,61.9,0.227,1.134,1.096,69.18318292764506,-33.68318589487896,-45.319215322380465,39.97404796283134,1,0,0,0,0
447,471,1777638302.870701,4817.936,1.7460696738630745,-0.05013873919382572,-1.725418401024811,-0.41627079833200575,2.0270321908624322,1.2522198463827303,0.4057856397444012,-0.613868099252312,1.0585297842497,-0.8298127554170818,-0.07902881638379142,1.4985055844325694,4.82,30.52,61.9,0.227,1.134,1.096,69.18318292764506,-33.76810740998487,-45.00636494403521,40.254873449956875,1,0,0,0,0
448,472,1777638302.873447,4817.9439999999995,1.7432820806946212,-0.04941405878736571,-1.7225879982737862,-0.42610876158245414,2.027741364179733,1.2540692589639013,0.40416491486666106,-0.6143886127088293,1.059664080924925,-0.8361206600653901,-0.07393982172825783,1.4981213366269104,4.82,30.52,61.9,0.227,1.134,1.096,69.18318292764506,-33.85572387593256,-44.68107931983054,40.54261846072132,1,0,0,0,0
449,473,1777638302.8804789,4817.952,1.7405080616926507,-0.04871945337889372,-1.7197006010637566,-0.4359865116042023,2.0284688925499794,1.2558891901892058,0.4025117435132288,-0.6148387162585082,1.0608337565931376,-0.8426363361868187,-0.0687714492197943,1.4977284749243147,4.82,30.52,61.9,0.227,1.134,1.096,69.18318292764506,-33.94592072049787,-44.3464476833251,40.833562718770715,1,0,0,0,0
450,474,1777638302.8877926,4817.96,1.7377476022581788,-0.04805535182052978,-1.7167560470316179,-0.44590378640172634,2.0292144184029284,1.2576795166282617,0.40084572359875237,-0.6153589851189413,1.0619549157011272,-0.848932329176703,-0.06371580331271372,1.4972632953479341,4.82,30.52,61.9,0.227,1.134,1.096,69.18318292764506,-34.03627194459623,-44.01736138973957,41.11346359039281,1,0,0,0,0
451,475,1777638302.8958063,4817.968,1.7350044842963552,-0.04742303679909288,-1.7137583758219792,-0.45584649483648576,2.029976514454899,1.2594376995509862,0.3992727768438194,-0.6159123718363807,1.0630782524256417,-0.8551405640841616,-0.058728314522103434,1.4968883275080869,4.82,30.52,61.9,0.227,1.134,1.096,69.18318292764506,-34.120189571026934,-43.692985474766914,41.38898988787951,1,0,0,0,0
452,476,1777638302.9023597,4817.976,1.7323460529718553,-0.046837348105126075,-1.7107840234053455,-0.4655664026663171,2.0307352466599204,1.2611213476076772,0.3977193071204306,-0.6164707031452904,1.0642025605717491,-0.8613855018194511,-0.05382205093862386,1.4965515227415866,4.82,30.52,61.9,0.227,1.134,1.096,69.18318292764506,-34.202725764376495,-43.36991040497253,41.65977942514231,1,0,0,0,0
453,477,1777638302.909494,4817.9839999999995,1.7298046026182112,-0.0463030714948216,-1.7078757860795166,-0.47493702896806145,2.0314791080051338,1.2627118691163068,0.396203761830613,-0.617000320191548,1.0652891039552226,-0.8673187453881915,-0.049066424101746026,1.4961696439254317,4.82,30.52,61.9,0.227,1.134,1.096,69.18318292764506,-34.28286010058916,-43.0567757268941,41.91792417722249,1,0,0,0,0
454,478,1777638302.922415,4817.992,1.7273786733029945,-0.045817103212620225,-1.7050397486624682,-0.4839540127235251,2.032206001100465,1.2642123919045198,0.3948160763545566,-0.6175270246815451,1.0662687977302137,-0.8729100474938624,-0.044509169928984155,1.4958829361898596,4.82,30.52,61.9,0.227,1.134,1.096,69.18318292764506,-34.35326258620037,-42.759255377288845,42.16411067796118,1,0,0,0,0
455,479,1777638302.9277494,4818.0,1.7250668557750648,-0.04537640625132777,-1.7022817638312997,-0.4926132129791849,2.0329139734415502,1.265625948573694,0.3934167804630241,-0.6180147123996065,1.0671846500884734,-0.8783790889509351,-0.04020246680628114,1.4955270801691811,4.82,30.52,61.9,0.227,1.134,1.096,69.18318292764506,-34.4268547693664,-42.47081495305385,42.394980220686634,1,0,0,0,0
456,480,1777638302.9306452,4818.008,1.722867803822664,-0.044978012382007826,-1.6996074565811252,-0.5009107036583362,2.0336012078307912,1.266955458569987,0.3921133389089698,-0.6184166788540485,1.0680940208740939,-0.8836497757820702,-0.03605149503243395,1.4952024810318199,4.82,30.52,61.9,0.227,1.134,1.096,69.18318292764506,-34.49630550626407,-42.1921249161709,42.61622110742253,1,0,0,0,0
457,481,1777638302.939092,4818.016,1.7207802344228145,-0.044619030597014664,-1.6970222212695134,-0.5088427681013759,2.034266015451175,1.2682037251045446,0.3908280998842917,-0.6189313828330183,1.0689268977451751,-0.8884268697596613,-0.03211864413461722,1.494712937371884,4.82,30.52,61.9,0.227,1.134,1.096,69.18318292764506,-34.56725283529023,-41.928071755886414,42.818858348330096,1,0,0,0,0
458,482,1777638302.945188,4818.023999999999,1.7188029277084653,-0.0442966551407693,-1.6945312187599875,-0.5164058939110623,2.0349068292990253,1.269373432478294,0.38961467333227495,-0.6193369430727554,1.0697679510870766,-0.8931455592730235,-0.028229867144091564,1.4943853598082264,4.82,30.52,61.9,0.227,1.134,1.096,69.18318292764506,-34.628776278875435,-41.66962116532041,43.02096378936987,1,0,0,0,0
459,483,1777638302.9527924,4818.032,1.716934726843863,-0.04400817308296112,-1.6921393736998027,-0.5235967681451204,2.0355221979427505,1.2704671437007888,0.3885238392222168,-0.6197198964294156,1.0705559221310572,-0.8975827219283955,-0.024689997265683744,1.4941297642036118,4.82,30.52,61.9,0.227,1.134,1.096,69.18318292764506,-34.68467552773225,-41.43124574336903,43.205763037915375,1,0,0,0,0
460,484,1777638302.9595945,4818.04,1.7151745378245349,-0.04375097144315099,-1.689851371926613,-0.5304122728486078,2.0361107796075877,1.2714872983752752,0.3874195103412783,-0.6198362785483832,1.0713809254814626,-0.9021472557267869,-0.020996526530798667,1.4938597202810247,4.82,30.52,61.9,0.227,1.134,1.096,69.18318292764506,-34.74164870795803,-41.18316296419779,43.396747957850074,1,0,0,0,0
461,485,1777638302.9675572,4818.048,1.7135213292163975,-0.04352254387644461,-1.6876716579997844,-0.5368494809165769,2.0366713365858002,1.2724362108247085,0.38639481778536344,-0.620077924342859,1.0721267722794317,-0.9062205909588102,-0.017736785379616513,1.4935824064967378,4.82,30.52,61.9,0.227,1.134,1.096,69.18318292764506,-34.79438407407676,-40.96165322289055,43.56382217107783,1,0,0,0,0
462,486,1777638302.9736369,4818.048,1.7135213292163975,-0.04352254387644461,-1.6876716579997844,-0.5368494809165769,2.0366713365858002,1.2724362108247085,0.38639481778536344,-0.620077924342859,1.0721267722794317,-0.9062205909588102,-0.017736785379616513,1.4935824064967378,4.02,31.27,61.37,0.291,1.11,1.052,68.99456645272873,-35.709221981268854,-40.6247262805216,42.83378666572874,0,1,0,0,0
463,487,1777638302.979114,4818.056,1.7119741318471875,-0.04332049693011797,-1.6856044328535091,-0.5429056522764446,2.0372027299711264,1.2733160684354645,0.385421604962919,-0.6203031150974122,1.072809855202264,-0.9100396661039266,-0.014558136243936641,1.493266605205664,4.02,31.27,61.37,0.291,1.11,1.052,68.99456645272873,-35.75937330806873,-40.41324114899894,42.99171269497225,1,0,0,0,0
464,488,1777638302.9841225,4818.063999999999,1.710532038462163,-0.043142555881025224,-1.6836536515700846,-0.5485782303784923,2.0377039147157796,1.2741289301974004,0.38455247257964287,-0.6204948527376176,1.0734714279784006,-0.9136024178591533,-0.011674478246712314,1.492998763242346,4.02,31.27,61.37,0.291,1.11,1.052,68.99456645272873,-35.80535036023672,-40.21911261592663,43.13525316916671,1,0,0,0,0
465,489,1777638302.9883974,4818.072,1.7091942033548988,-0.04298657016349772,-1.6818230212728356,-0.5538648389823644,2.0381739350078982,1.2748767254207027,0.38372231139423174,-0.6206923975862652,1.0740734792930762,-0.9169546223145472,-0.008871766376322697,1.4927624131884019,4.02,31.27,61.37,0.291,1.11,1.052,68.99456645272873,-35.84669352785636,-40.03303836969127,43.27378654579197,1,0,0,0,0
466,490,1777638302.996004,4818.08,1.7079598419829303,-0.04285051839712217,-1.6801159991390868,-0.5587632792270361,2.0386119199670634,1.2755612526116644,0.38300315778286087,-0.6208860929722004,1.0746498116129408,-0.9200066971344518,-0.0064190265716587225,1.4926093618479641,4.02,31.27,61.37,0.291,1.11,1.052,68.99456645272873,-35.88201678258585,-39.868400448707405,43.396332993419314,1,0,0,0,0
467,491,1777638303.0029626,4818.088,1.7068282305770246,-0.042732513023419294,-1.6785357905344265,-0.563271526971584,2.0390170796553124,1.2761841784911168,0.38235210516442975,-0.6210594724501182,1.075151369812065,-0.9228210776433711,-0.004173148830684288,1.4924673111873776,4.02,31.27,61.37,0.291,1.11,1.052,68.99456645272873,-35.914651229675584,-39.71686632413895,43.508143564639006,1,0,0,0,0
468,492,1777638303.0096877,4818.096,1.7057987057519468,-0.04263080455996082,-1.677085347270177,-0.5673877303941666,2.039388701400976,1.2767470371407599,0.38170862348279344,-0.621247210954227,1.075599490855772,-0.9253508473387977,-0.002086278520854678,1.4922543153680583,4.02,31.27,61.37,0.291,1.11,1.052,68.99456645272873,-35.94744810335696,-39.575891867138026,43.60940217174565,1,0,0,0,0
469,493,1777638303.0171325,4818.103999999999,1.7048706641257452,-0.042543785479926655,-1.675767365986487,-0.5711102078368775,2.03972614643263,1.2772512292640552,0.3811743909143456,-0.6214060515761897,1.0760117099291757,-0.9276429385840188,-0.0001379553718480343,1.4921053243820364,4.02,31.27,61.37,0.291,1.11,1.052,68.99456645272873,-35.97424656977995,-39.44679165831712,43.704169270242375,1,0,0,0,0
470,494,1777638303.026051,4818.112,1.7040435619537992,-0.042469993724529864,-1.674584286663884,-0.5744374458845725,2.04002884682048,1.2776980215496934,0.38069070472610245,-0.6216097888661913,1.0763636335191589,-0.9296625843820953,0.0015520812495215168,1.492010897023301,4.02,31.27,61.37,0.291,1.11,1.052,68.99456645272873,-35.99620103643104,-39.33472792533721,43.78701736798862,1,0,0,0,0
471,495,1777638303.0631294,4818.12,1.7033169147831464,-0.04240811585511306,-1.6735382912663503,-0.5773680976663238,2.0402963027225915,1.27808854612693,0.3802546459499306,-0.6217129798801236,1.076672866525473,-0.9314733578513282,0.003063768741268703,1.4918456744286133,4.02,31.27,61.37,0.291,1.11,1.052,68.99456645272873,-36.01989016768319,-39.2324149402375,43.85926732476353,1,0,0,0,0
472,496,1777638303.1095154,4818.128,1.7026902971319227,-0.04235698985108005,-1.6726313025191253,-0.5799009813689135,2.040528079933501,1.278423800103303,0.3798488500752988,-0.6218268595040051,1.0769614515861692,-0.9330477870352639,0.00432920720986827,1.491743041656818,4.02,31.27,61.37,0.291,1.11,1.052,68.99456645272873,-36.038894266479865,-39.146159170608684,43.92068444638418,1,0,0,0,0
473,497,1777638303.1122787,4818.1359999999995,1.7021633421981275,-0.04231560755916597,-1.671864982824438,-0.5820350789525683,2.04072380773291,1.2787046451763997,0.3795366681606578,-0.6218242870774343,1.077249289405108,-0.9344797406619417,0.005500654455970922,1.4916526770998941,4.02,31.27,61.37,0.291,1.11,1.052,68.99456645272873,-36.055773219541905,-39.066921557868845,43.977347095206696,1,0,0,0,0
474,498,1777638303.1123514,4818.144,1.7017357416013186,-0.04228311679888641,-1.6712407333182515,-0.583769535060112,2.040883177032391,1.278931807312462,0.379258348495498,-0.621839716486723,1.0774448287195717,-0.9356680100785096,0.006516237267262898,1.4915869405259679,4.02,31.27,61.37,0.291,1.11,1.052,68.99456645272873,-36.06882645850515,-38.99966778808764,44.02630884283893,1,0,0,0,0
475,499,1777638303.1145897,4818.152,1.7014072451602975,-0.04225882312835161,-1.6707596930709103,-0.5851036561117322,2.041005938818229,1.279105876485676,0.37903659770318987,-0.6216877866610445,1.0776740319262492,-0.9367466153245669,0.00740939738283553,1.4915382873750451,4.02,31.27,61.37,0.291,1.11,1.052,68.99456645272873,-36.08040504379867,-38.93992167007133,44.069684276202125,1,0,0,0,0
476,500,1777638303.1188025,4818.16,1.701177660709299,-0.04224219127393081,-1.6704227384342616,-0.5860369095786524,2.0410919028888275,1.2792273064730373,0.3788491791523141,-0.621662715586211,1.0778092348073067,-0.9374100193752529,0.007995252617780658,1.4914376465942156,4.02,31.27,61.37,0.291,1.11,1.052,68.99456645272873,-36.090658515317834,-38.90014025817929,44.096413185481346,1,0,0,0,0
477,501,1777638303.118947,4818.168,1.701046853954707,-0.042232846226618825,-1.6702304825374537,-0.586568923430212,2.0411409368853395,1.2792964147006736,0.3787846803858421,-0.6216729435807425,1.0778633770716148,-0.9377620740625017,0.008298138820335296,1.491418694144378,4.02,31.27,61.37,0.291,1.11,1.052,68.99456645272873,-36.09445999565897,-38.88011734141927,44.110958197926756,1,0,0,0,0
478,502,1777638303.1229715,4818.1759999999995,1.7010113051763476,-0.04223049541683377,-1.6701811929325885,-0.5867054583674074,2.041153529864518,1.2793149578895833,0.3787528539695443,-0.621553066507307,1.0779191550123683,-0.9379943311635137,0.008535062085540402,1.4914516220658187,4.02,31.27,61.37,0.291,1.11,1.052,68.99456645272873,-36.094301618216534,-38.866529023640865,44.12306100382987,1,0,0,0,0
479,503,1777638303.124653,4818.184,1.7009258467154404,-0.042231817917775416,-1.6701871173538905,-0.5866982710159467,2.0411533730888887,1.2793495654691451,0.37874859187684984,-0.6215060329290786,1.0779270310950966,-0.9379227323987767,0.008375547980455686,1.4913764247362653,4.02,31.27,61.37,0.291,1.11,1.052,68.99456645272873,-36.09852212558316,-38.87253027987276,44.11432069055533,1,0,0,0,0
480,504,1777638303.1263263,4818.192,1.7007137854386207,-0.04223509352625765,-1.6702017894253078,-0.5866804827711611,2.041152984787197,1.2794354360717888,0.37879190037402144,-0.6214992727954072,1.0778526372215778,-0.9378602494185897,0.008327074570063181,1.491471147229876,4.02,31.27,61.37,0.291,1.11,1.052,68.99456645272873,-36.093229235398184,-38.87797557747825,44.113852907652486,1,0,0,0,0
481,505,1777638303.126386,4818.2,1.7003751349482528,-0.04224030640563203,-1.6702251338861505,-0.5866522143827364,2.041152366828075,1.2795725474991144,0.37870878841737515,-0.6215347356679355,1.077856430976143,-0.9378168787088481,0.008507439860218752,1.4913541486330681,4.02,31.27,61.37,0.291,1.11,1.052,68.99456645272873,-36.096395406587135,-38.86939748814524,44.118821126134854,1,0,0,0,0
482,506,1777638303.1264222,4818.208,1.6999099170821,-0.04224743124130104,-1.6702570305563516,-0.5866136587346196,2.041151522136596,1.2797608641950757,0.3785612191881178,-0.6216039644749609,1.077862449103479,-0.9377021796880483,0.008644265994184226,1.491262610993611,4.02,31.27,61.37,0.291,1.11,1.052,68.99456645272873,-36.097520233632125,-38.86469114493005,44.12204681552879,1,0,0,0,0
483,507,1777638303.1264555,4818.208,1.6999099170821,-0.04224743124130104,-1.6702570305563516,-0.5866136587346196,2.041151522136596,1.2797608641950757,0.3785612191881178,-0.6216039644749609,1.077862449103479,-0.9377021796880483,0.008644265994184226,1.491262610993611,3.58,31.32,61.46,0.264,1.156,1.107,69.07308013980555,-36.323098536148024,-39.124537178443575,43.829139887817405,0,1,0,0,0
484,508,1777638303.1264863,4818.215999999999,1.699318162071198,-0.04225643320903316,-1.6702973143541158,-0.5865650809057428,2.0411504546126773,1.280000337101578,0.37830649265102584,-0.6216678307023237,1.0778914511350297,-0.9376492754619058,0.009048566825229991,1.4909770996220322,3.58,31.32,61.46,0.264,1.156,1.107,69.07308013980555,-36.33226066097369,-39.103709172645374,43.840131890817034,1,0,0,0,0
485,509,1777638303.1265316,4818.224,1.6985999087566326,-0.042267267931863195,-1.6703457753200892,-0.5865068182530067,2.0411491690189933,1.2802909034602132,0.37795313623020765,-0.6219092391719911,1.0778229859685446,-0.9374483029711842,0.009384127403879353,1.4906252158503164,3.58,31.32,61.46,0.264,1.156,1.107,69.07308013980555,-36.342924395017945,-39.087296582889905,43.845929027210865,1,0,0,0,0
486,510,1777638303.1328347,4818.232,1.6977552048651028,-0.04227988142599415,-1.6704021586480122,-0.5864392805160614,2.041147670838426,1.2806324865602614,0.37744465494743473,-0.6221361352917686,1.0777996110267536,-0.9373454003359823,0.009975155201010385,1.490110649483939,3.58,31.32,61.46,0.264,1.156,1.107,69.07308013980555,-36.36070630005053,-39.055148290534405,43.85983161579434,1,0,0,0,0
487,511,1777638303.1395168,4818.24,1.6967841073431205,-0.0422942100362258,-1.6704661647217733,-0.586362949943358,2.04114596610108,1.2810249954331152,0.3768745023600779,-0.6223824450517469,1.0777573567268695,-0.937182436206598,0.010572659688295804,1.4896048880659414,3.58,31.32,61.46,0.264,1.156,1.107,69.07308013980555,-36.376926413117964,-39.02429657618215,43.87384074216409,1,0,0,0,0
488,512,1777638303.147572,4818.248,1.6956866827496522,-0.042310180361542216,-1.6705374491587799,-0.5862783814387686,2.0411440611808986,1.2814683244933325,0.3762016058149507,-0.6227890455992682,1.0776997412384088,-0.936963527859755,0.011284170045811675,1.4889105552312416,3.58,31.32,61.46,0.264,1.156,1.107,69.07308013980555,-36.40038261790746,-38.98595386883073,43.88847167773494,1,0,0,0,0
489,513,1777638303.154468,4818.255999999999,1.6944630077069798,-0.04232770917161677,-1.6706156228595255,-0.5861862027279976,2.041141962561932,1.2819623531265558,0.37551866259770017,-0.6232020317920487,1.077644699810133,-0.9366961827721932,0.01196096567312626,1.4882413207733352,3.58,31.32,61.46,0.264,1.156,1.107,69.07308013980555,-36.422083543078145,-38.9505867184575,43.90186812276851,1,0,0,0,0
490,514,1777638303.1616662,4818.264,1.6931131694094896,-0.04234670331509882,-1.6707002520632548,-0.5860871145438376,2.04113967657431,1.2825069452246045,0.3747738373192872,-0.6235199915166013,1.0776191856908144,-0.9365393725747367,0.012883625399386598,1.4874718448284798,3.58,31.32,61.46,0.264,1.156,1.107,69.07308013980555,-36.448014679206985,-38.900971148832554,43.92433345677552,1,0,0,0,0
491,515,1777638303.168372,4818.272,1.6916372661900598,-0.04236705962066978,-1.6707908584095623,-0.5859818908292187,2.041137209100004,1.2831019486680875,0.3739909529397686,-0.6239988837138699,1.0775381754271656,-0.9362200668806666,0.013616525394495683,1.4866314029123329,3.58,31.32,61.46,0.264,1.156,1.107,69.07308013980555,-36.47668278801187,-38.86057362840916,43.93629285742879,1,0,0,0,0
492,516,1777638303.1795528,4818.28,1.6900354081436553,-0.04238866479196712,-1.6708869190057802,-0.5858713789568633,2.041134565248464,1.28374719475695,0.3730975430047372,-0.6243135132599399,1.0775117255844722,-0.9361313296977195,0.014699368069487325,1.4858055393937242,3.58,31.32,61.46,0.264,1.156,1.107,69.07308013980555,-36.50473862670739,-38.80189836264739,43.96483982969297,1,0,0,0,0
493,517,1777638303.1833558,4818.288,1.6883077178076709,-0.042411395297596854,-1.6709878664999778,-0.5857564999642069,2.0411317490022465,1.2844424975894393,0.37219286705331694,-0.6248121822316648,1.0774277669747148,-0.9358230244378385,0.01576274536276322,1.4848949879264353,3.58,31.32,61.46,0.264,1.156,1.107,69.07308013980555,-36.53339238916873,-38.746900857436465,43.989536420415,1,0,0,0,0
494,518,1777638303.1900127,4818.295999999999,1.6864543308984923,-0.04243511725757543,-1.6710930891593714,-0.5856382488021321,2.041128762832763,1.285187653390046,0.3711634065680647,-0.6252027803331786,1.07740453862219,-0.9357232862342822,0.016949185093873238,1.4838840964127749,3.58,31.32,61.46,0.264,1.156,1.107,69.07308013980555,-36.56917598044658,-38.68005471329528,44.018622598709406,1,0,0,0,0
495,519,1777638303.1975384,4818.304,1.6844753971036601,-0.04245968632766495,-1.6712019309539414,-0.5855176945958913,2.0411256072863195,1.2859824397870685,0.3700642817629668,-0.6255670432704055,1.0773946580277358,-0.9356128533195263,0.018334990393081226,1.4828516903055484,3.58,31.32,61.46,0.264,1.156,1.107,69.07308013980555,-36.60354952766745,-38.605247997989366,44.055707791265085,1,0,0,0,0
496,520,1777638303.204451,4818.312,1.6823710809289372,-0.04248494758317989,-1.6713136916450138,-0.5853959809164557,2.041122280540633,1.2868266150405367,0.3688612333675173,-0.626133566329798,1.0773280903388067,-0.9353717966806115,0.01975893032708223,1.4816681631832982,3.58,31.32,61.46,0.264,1.156,1.107,69.07308013980555,-36.64264894533319,-38.52829194752977,44.09055905604946,1,0,0,0,0
497,521,1777638303.2115672,4818.32,1.6801415625994873,-0.04251073540397421,-1.6714276268785557,-0.5852743260603868,2.041118777932046,1.2877199172213276,0.3675942256967628,-0.6266085428838106,1.0772841371538344,-0.9352329429007283,0.02129066516006114,1.4804027928630632,3.58,31.32,61.46,0.264,1.156,1.107,69.07308013980555,-36.68620369496262,-38.44284670491711,44.12890657691342,1,0,0,0,0
498,522,1777638303.2191224,4818.3279999999995,1.6777870390142446,-0.04253687336243939,-1.6715429482829087,-0.5851540233361563,2.0411150914537086,1.2886620633424377,0.36623322814159387,-0.6271745834577919,1.0772410232638272,-0.9350345334413723,0.022853884680980267,1.4790543933844431,3.58,31.32,61.46,0.264,1.156,1.107,69.07308013980555,-36.73232921241597,-38.355460349331466,44.166560337222926,1,0,0,0,0
499,523,1777638303.229275,4818.335999999999,1.6753077247524601,-0.042563174116466485,-1.6716588235706684,-0.5850364413546698,2.0411112092250305,1.289652748443481,0.36486369838601873,-0.6277176741779438,1.0771837499093735,-0.9348340293603051,0.024497160902487766,1.4777334874869545,3.58,31.32,61.46,0.264,1.156,1.107,69.07308013980555,-36.7759540939597,-38.26558439003043,44.20819665818126,1,0,0,0,0
500,524,1777638303.233166,4818.344,1.6727038531312686,-0.04258943930945591,-1.6717743766443727,-0.5849230243216121,2.041107114932746,1.290691644629624,0.36342389378474116,-0.6282743654877168,1.077150743425861,-0.9346320762339541,0.02624864099241983,1.4763689562808908,3.58,31.32,61.46,0.264,1.156,1.107,69.07308013980555,-36.820275662065235,-38.17042246115611,44.25354843745748,1,0,0,0,0
501,525,1777638303.2404327,4818.352,1.6699756773129797,-0.04261545947957579,-1.671888687705679,-0.5848152923290373,2.0411027872440015,1.2917784000663206,0.36196212928162624,-0.6290127464731179,1.0770443557486606,-0.9342717011214636,0.027915431121742135,1.474939092406299,3.58,31.32,61.46,0.264,1.156,1.107,69.07308013980555,-36.86586910963197,-38.080426071310626,44.29310606650801,1,0,0,0,0
502,526,1777638303.2480845,4818.36,1.6671234714606566,-0.04264101398060305,-1.6720007933676433,-0.5847148416434509,2.04109819919191,1.292912637931358,0.3603698168274626,-0.6296689812958051,1.0769668340220426,-0.9340363490820841,0.02982085898057677,1.4733971861310948,3.58,31.32,61.46,0.264,1.156,1.107,69.07308013980555,-36.91615123354327,-37.97557492405796,44.34122108478093,1,0,0,0,0
503,527,1777638303.2551231,4818.3679999999995,1.664147531940371,-0.042665870916806625,-1.6721096867697085,-0.5846233449874818,2.0410933175340973,1.2940939553259063,0.3587678217841265,-0.6302763786631855,1.076911360257941,-0.9338314605966529,0.03171988083927622,1.4718628814448727,3.58,31.32,61.46,0.264,1.156,1.107,69.07308013980555,-36.96637298924318,-37.87028845451354,44.38940099158908,1,0,0,0,0
504,528,1777638303.2569408,4818.3679999999995,1.664147531940371,-0.042665870916806625,-1.6721096867697085,-0.5846233449874818,2.0410933175340973,1.2940939553259063,0.3587678217841265,-0.6302763786631855,1.076911360257941,-0.9338314605966529,0.03171988083927622,1.4718628814448727,3.2,30.38,61.9,0.141,1.126,1.051,69.0274901760161,-36.340800894444065,-38.731276842353545,44.09114179187629,0,1,0,0,0
505,529,1777638303.2621906,4818.376,1.6610481785683617,-0.04268978709444671,-1.6722143176949942,-0.5845425518120093,2.0410881020848066,1.2953219221464383,0.35710897893704785,-0.6309743426103118,1.0768403667358843,-0.9335300898801193,0.033772313356495394,1.4702976468727484,3.2,30.38,61.9,0.141,1.126,1.051,69.0274901760161,-36.39089402277618,-38.622934016193454,44.14483208942852,1,0,0,0,0
506,530,1777638303.2692454,4818.384,1.6578285435007885,-0.042712489286920174,-1.6723135110081913,-0.5844743406517265,2.0410825099497307,1.2965949788365152,0.35531167526063,-0.6316862526752381,1.0767810304548753,-0.9332614202537742,0.03599569571354103,1.468546145096984,3.2,30.38,61.9,0.141,1.126,1.051,69.0274901760161,-36.448566438537625,-38.50270952876252,44.20223708727023,1,0,0,0,0
507,531,1777638303.2796388,4818.392,1.6545627488487507,-0.04273327878373845,-1.67240422116687,-0.584421544082514,2.0410766451329865,1.2978836015609332,0.35344196357239355,-0.6324801315511813,1.0766793664980505,-0.9329747193894646,0.038310507311437696,1.466752332002391,3.2,30.38,61.9,0.141,1.126,1.051,69.0274901760161,-36.506614010018374,-38.37817515613271,44.262593746963454,1,0,0,0,0
508,532,1777638303.2835186,4818.4,1.6512997396504165,-0.04275178315068384,-1.6724848759460595,-0.5843853639847758,2.041070535586088,1.299168361320682,0.35150862058315313,-0.6333186938997798,1.0766113271395361,-0.9326546058078252,0.04049090709455102,1.464829235382272,3.2,30.38,61.9,0.141,1.126,1.051,69.0274901760161,-36.571715659198475,-38.256198767809856,44.31441379032967,1,0,0,0,0
509,533,1777638303.2904232,4818.407999999999,1.6480395947021635,-0.042767994597659786,-1.6725554821389768,-0.5843658253745421,2.0410641409483117,1.3004491872948274,0.34959138164166115,-0.6340594960307487,1.0765641893250495,-0.93244339146926,0.04284417359552763,1.462994048414214,3.2,30.38,61.9,0.141,1.126,1.051,69.0274901760161,-36.63183476981049,-38.12698686242388,44.37607411871695,1,0,0,0,0
510,534,1777638303.2977808,4818.416,1.6447823804289485,-0.042781906840798634,-1.6726160464172102,-0.5843629465499616,2.0410574260967804,1.301726019147283,0.34766184912854736,-0.6348741410004679,1.0764786655979022,-0.9321639973677066,0.045112593163802915,1.461126605682357,3.2,30.38,61.9,0.141,1.126,1.051,69.0274901760161,-36.69301174496601,-38.00156035219129,44.433081143248984,1,0,0,0,0
511,535,1777638303.3051121,4818.424,1.6415281629123777,-0.042793514110798014,-1.6726665753720127,-0.5843767451892399,2.0410503560338706,1.3029987968890129,0.34574816419563914,-0.6356347911306417,1.0764497565495381,-0.9319261759211092,0.047369238517585004,1.4591530036084908,3.2,30.38,61.9,0.141,1.126,1.051,69.0274901760161,-36.75989394059388,-37.87280255863546,44.48769969138553,1,0,0,0,0
512,536,1777638303.3122444,4818.432,1.6382770079617743,-0.042802811149539544,-1.672707075514717,-0.5844072383859213,2.041042895841881,1.3042674608184368,0.3439451969543472,-0.6364085685056147,1.0763722257396355,-0.9316589139882954,0.04947260345827916,1.4574214584368725,3.2,30.38,61.9,0.141,1.126,1.051,69.0274901760161,-36.81574410869623,-37.756240198068305,44.54056254504168,1,0,0,0,0
513,537,1777638303.3191562,4818.44,1.635028981106558,-0.042809793210656366,-1.6727375532761917,-0.584454442645443,2.0410350106860573,1.3055319515296007,0.3421670224829109,-0.6371749493983561,1.0763050960779381,-0.9313208625396795,0.05149749438193885,1.455692816936536,3.2,30.38,61.9,0.141,1.126,1.051,69.0274901760161,-36.87088434528518,-37.644187103607166,44.58976861237586,1,0,0,0,0
514,538,1777638303.426099,4818.447999999999,1.631784147588169,-0.042814456060036754,-1.6727580150062842,-0.5845183738815622,2.0410266658179355,1.3067922099207265,0.3404304171096224,-0.6378624793734049,1.0762571546984865,-0.9311363148592329,0.05360637919377498,1.453991898435264,3.2,30.38,61.9,0.141,1.126,1.051,69.0274901760161,-36.925852973119255,-37.525843248931835,44.64400150820012,1,0,0,0,0
515,539,1777638303.4262383,4818.456,1.6285425723520741,-0.04281679597622556,-1.6727684669732579,-0.5845990474128975,2.0410178265786474,1.3080481772026955,0.33866193480193085,-0.6385463822428177,1.0761939176964188,-0.9308700763874609,0.055716894768918425,1.4523106405995854,3.2,30.38,61.9,0.141,1.126,1.051,69.0274901760161,-36.97811622861112,-37.40960904352745,44.69826027256268,1,0,0,0,0
516,540,1777638303.4302824,4818.464,1.6253043200398556,-0.04281680975075908,-1.6727689153632426,-0.5846964779595654,2.041008458402187,1.3092997949074585,0.3368597021674764,-0.6393698945213194,1.0761066253027924,-0.9305110277325168,0.05785834823364113,1.4504865622290042,3.2,30.38,61.9,0.141,1.126,1.051,69.0274901760161,-37.03513291470018,-37.29060923098545,44.750461373849916,1,0,0,0,0
517,541,1777638303.4304903,4818.472,1.6220694549813948,-0.04281449468839682,-1.672759366279668,-0.5848106796399328,2.040998526818631,1.3105470048963659,0.33499191129985256,-0.6401068493400484,1.0760553888439381,-0.9302449071372636,0.05997702153801394,1.4486241037197725,3.2,30.38,61.9,0.141,1.126,1.051,69.0274901760161,-37.09551970862863,-37.1691565348101,44.801457789200654,1,0,0,0,0
518,542,1777638303.4306526,4818.48,1.6188405947698583,-0.042809853205988624,-1.6727398451400006,-0.5849415557452202,2.040988006038879,1.3117887685705079,0.33312469140483913,-0.6408671011275421,1.0759944133588013,-0.9299541987880454,0.06223307182022391,1.4467532444024673,3.2,30.38,61.9,0.141,1.126,1.051,69.0274901760161,-37.15376596402161,-37.04255117394603,44.8580146374792,1,0,0,0,0
519,543,1777638303.436684,4818.487999999999,1.615689884711713,-0.04280307491843338,-1.6727111479039731,-0.5850855665011281,2.040977142936555,1.3129974458132507,0.33120191202400384,-0.641723366127474,1.0759339128147296,-0.9295960354601982,0.06434615809154899,1.4448197069819064,3.2,30.38,61.9,0.141,1.126,1.051,69.0274901760161,-37.21541867053354,-36.92122164098158,44.90690821816192,1,0,0,0,0
520,544,1777638303.438571,4818.496,1.6126663254310987,-0.04279447040307627,-1.6726746247863389,-0.5852389877281698,2.0409661153365612,1.314154474609091,0.3292900970984313,-0.6424688253951525,1.0759002214362698,-0.9293767545167513,0.06659215997989992,1.44285239146438,3.2,30.38,61.9,0.141,1.126,1.051,69.0274901760161,-37.27893088662347,-36.790446731191494,44.961525121705016,1,0,0,0,0
521,545,1777638303.4386275,4818.504,1.6097695912568455,-0.04278429033966891,-1.672631358794412,-0.5854000181297634,2.040954963686607,1.3152602955667907,0.32750897892703934,-0.6432767463968326,1.075803962376001,-0.9290288768983339,0.06851276961173053,1.4410394385190943,3.2,30.38,61.9,0.141,1.126,1.051,69.0274901760161,-37.33662505952948,-36.67886739562216,45.004794363917256,1,0,0,0,0
522,546,1777638303.4411018,4818.512,1.6069993484603782,-0.042772776416519775,-1.6725823871454866,-0.5855669228379448,2.0409437369854055,1.3163153499015752,0.3258867403921877,-0.6439508040756006,1.0757650535416166,-0.9287426776428201,0.07028257112002402,1.4393704511642993,3.2,30.38,61.9,0.141,1.126,1.051,69.0274901760161,-37.39000246764625,-36.575110079116556,45.04490468598988,1,0,0,0,0
523,547,1777638303.4412136,4818.5199999999995,1.6043552681708664,-0.04276016030458418,-1.6725287018886492,-0.5857380390803169,2.040932487191335,1.3173200684661401,0.32433365942883813,-0.6446149818245503,1.0757049524557976,-0.928506373518618,0.07197220827149768,1.4377625661254023,3.2,30.38,61.9,0.141,1.126,1.051,69.0274901760161,-37.4420355164298,-36.47466144387565,45.08311711651115,1,0,0,0,0
524,548,1777638303.4428997,4818.527999999999,1.6018370277256895,-0.04274666353250822,-1.6724712500365237,-0.5859117765679587,2.0409212685030615,1.3182748705260507,0.3228602429951495,-0.6452204105796748,1.0756826766470824,-0.9282531535245538,0.0735423011169906,1.4362297876529717,3.2,30.38,61.9,0.141,1.126,1.051,69.0274901760161,-37.49148653854884,-36.38098161222636,45.117701781680516,1,0,0,0,0
525,549,1777638303.442947,4818.527999999999,1.6018370277256895,-0.04274666353250822,-1.6724712500365237,-0.5859117765679587,2.0409212685030615,1.3182748705260507,0.3228602429951495,-0.6452204105796748,1.0756826766470824,-0.9282531535245538,0.0735423011169906,1.4362297876529717,3.71,29.02,62.15,0.056,1.086,1.013,68.69168071899246,-36.1219175802322,-36.89124867806095,45.30772385918738,0,1,0,0,0
526,550,1777638303.443033,4818.536,1.5994443118772848,-0.042732497388876745,-1.672410933684473,-0.5860866178122475,2.040910136719985,1.3191801626637747,0.32150312787511626,-0.6458339295071666,1.0756411241478256,-0.9280209240219545,0.07497520982410871,1.4348577880728142,3.71,29.02,62.15,0.056,1.086,1.013,68.69168071899246,-36.16633668300563,-36.808654617589454,45.33945341724458,1,0,0,0,0
527,551,1777638303.4430683,4818.544,1.5971768139327003,-0.042717862845759846,-1.6723486101215235,-0.5862611184069522,2.04089914863616,1.3200363377453186,0.32026792632121426,-0.6463414494561048,1.075565870560953,-0.9277796308013911,0.07639843735535891,1.4335977141991967,3.71,29.02,62.15,0.056,1.086,1.013,68.69168071899246,-36.20504551622197,-36.72925894002168,45.37293484981032,1,0,0,0,0
528,552,1777638303.4450564,4818.552,1.595034236827556,-0.04270295050116335,-1.6722850919334107,-0.5864339072785052,2.0408883614670055,1.3208437739477892,0.31905592903244995,-0.6468020088308484,1.0755501262447884,-0.927637156385615,0.07782764798442662,1.432397347609085,3.71,29.02,62.15,0.056,1.086,1.013,68.69168071899246,-36.24222275054073,-36.64862799562402,45.40843926120507,1,0,0,0,0
529,553,1777638303.4451516,4818.5599999999995,1.5930162941356327,-0.04268794053807401,-1.6722211470980888,-0.5866036869070737,2.040877832308436,1.3216028338466026,0.3178850020276667,-0.6472541643389411,1.07552795726687,-0.9274240935231175,0.07926569453440807,1.431208551982288,3.71,29.02,62.15,0.056,1.086,1.013,68.69168071899246,-36.27736477903429,-36.56953524716362,45.444129395284264,1,0,0,0,0
530,554,1777638303.4452083,4818.568,1.591122711015304,-0.04267300269794294,-1.6721574990740438,-0.5867692335209362,2.0408676176280443,1.3223138635610596,0.31673835762674263,-0.6477367704500897,1.0754582020810899,-0.9272702151934779,0.08050879678551845,1.4300961055625192,3.71,29.02,62.15,0.056,1.086,1.013,68.69168071899246,-36.312286627773545,-36.49828454415813,45.47350948844927,1,0,0,0,0
531,555,1777638303.4452631,4818.576,1.5893532250940332,-0.04265829626654849,-1.6720948268817306,-0.5869293972665695,2.0408577727879615,1.3229771919570092,0.3156695687237807,-0.6481466578343932,1.0754545743029984,-0.927091165833039,0.08177094290674593,1.4289810325525285,3.71,29.02,62.15,0.056,1.086,1.013,68.69168071899246,-36.34652265251329,-36.42676327416106,45.50349666166951,1,0,0,0,0
532,556,1777638303.4493122,4818.584,1.587707587292135,-0.04264397007029874,-1.6720337651784476,-0.5870831023567114,2.0408483515990103,1.3235931299053323,0.31465868521164064,-0.6485535180657505,1.0754238592350116,-0.926964887531458,0.08295413168993927,1.4280024740684891,3.71,29.02,62.15,0.056,1.086,1.013,68.69168071899246,-36.37591888383196,-36.36029157886128,45.53316068160728,1,0,0,0,0
533,557,1777638303.4564722,4818.592,1.5861855625869625,-0.04263016248116713,-1.671974904326932,-0.5872293471985701,2.0408394059057917,1.3241619695950186,0.31368987626003153,-0.6488908001865603,1.075417983068044,-0.9268546302022727,0.08404121287686481,1.4269790063431207,3.71,29.02,62.15,0.056,1.086,1.013,68.69168071899246,-36.40902575199182,-36.29595540826856,45.5580230562277,1,0,0,0,0
534,558,1777638303.4642491,4818.599999999999,1.5847869307186793,-0.0426170014285594,-1.6719187904579718,-0.5873672045042095,2.040830985202325,1.324683983899624,0.31285109763677166,-0.6491889424257964,1.0753958468924465,-0.9267755946046565,0.08493600276378618,1.426131865470537,3.71,29.02,62.15,0.056,1.086,1.013,68.69168071899246,-36.43662726515835,-36.242552395526786,45.578466290534756,1,0,0,0,0
535,559,1777638303.4707596,4818.608,1.583511486838686,-0.042604604416534464,-1.6718659255272774,-0.5874958213849988,2.040823136277904,1.3251594257959651,0.3120826901895882,-0.6495992217458402,1.0753519714535729,-0.926571548511846,0.08574127931898726,1.4253276295686075,3.71,29.02,62.15,0.056,1.086,1.013,68.69168071899246,-36.461231791517065,-36.1966122915075,45.595293999091105,1,0,0,0,0
536,560,1777638303.478077,4818.616,1.5823590421017526,-0.04259307854493333,-1.6718167673668622,-0.5876144194319171,2.040815902892819,1.3255885278339483,0.31139659289333127,-0.6498440271410608,1.0753497043020022,-0.9265024936981152,0.08648586825657353,1.4245938180941453,3.71,29.02,62.15,0.056,1.086,1.013,68.69168071899246,-36.48545277574428,-36.15146880917476,45.6117313713062,1,0,0,0,0
537,561,1777638303.4852943,4818.624,1.5813294242028446,-0.042582520533064994,-1.6717717297311685,-0.5877222947833305,2.040809325483627,1.3259715016564873,0.3108346273117829,-0.6500628912085412,1.0753416270191989,-0.9264228079922454,0.08713048288834568,1.424055908812147,3.71,29.02,62.15,0.056,1.086,1.013,68.69168071899246,-36.50128414000156,-36.115255936264475,45.627749723046655,1,0,0,0,0
538,562,1777638303.4928236,4818.632,1.5804224778595324,-0.04257301674474334,-1.6717311823381324,-0.5878188181817396,2.0408034408976765,1.3263085375685597,0.3102894080200441,-0.6503115341849393,1.075333224580715,-0.9263239697220436,0.08767413878003605,1.4234615869365843,3.71,29.02,62.15,0.056,1.086,1.013,68.69168071899246,-36.52096054755724,-36.081966417065146,45.638340681509774,1,0,0,0,0
539,563,1777638303.501599,4818.639999999999,1.5796380652408548,-0.04256464321357534,-1.67169545090539,-0.5879034350208654,2.0407982821565964,1.32659980415449,0.3098298095334087,-0.6504350615933211,1.0753243505381758,-0.9262924722747214,0.08829786002728371,1.4230532999439025,3.71,29.02,62.15,0.056,1.086,1.013,68.69168071899246,-36.53149616705297,-36.04858337054427,45.65628570934689,1,0,0,0,0
540,564,1777638303.5068042,4818.648,1.578976066343383,-0.04255746566751206,-1.6716648171817843,-0.5879756653842785,2.040793878248506,1.3268454479426592,0.30943888424219046,-0.6506572112338462,1.0753002957303874,-0.9261675565149678,0.08869782283185858,1.4225879044449192,3.71,29.02,62.15,0.056,1.086,1.013,68.69168071899246,-36.54643587131585,-36.02462429603924,45.663239804387686,1,0,0,0,0
541,565,1777638303.5141988,4818.656,1.578436379315176,-0.0425515395518099,-1.671639518974331,-0.5880351040766536,2.0407902539487135,1.327045593116911,0.3091276847306907,-0.6507286293221901,1.075307919817287,-0.9261502776221048,0.08901860852684114,1.422264348943915,3.71,29.02,62.15,0.056,1.086,1.013,68.69168071899246,-36.557365261596125,-36.00464142462137,45.670251159969354,1,0,0,0,0
542,566,1777638303.5216138,4818.664,1.5780189207282285,-0.04254691004965938,-1.671619750170775,-0.5880814206485763,2.0407874296687005,1.3272003412740179,0.30884112029664335,-0.6508129793984778,1.0753146506714433,-0.9261399639238322,0.08931346254786494,1.421939006175139,3.71,29.02,62.15,0.056,1.086,1.013,68.69168071899246,-36.568861300815996,-35.985437688645405,45.67618260667477,1,0,0,0,0
543,567,1777638303.5284843,4818.672,1.5777236257999192,-0.04254361209983326,-1.6716056607578427,-0.5881143594156981,2.04078542133323,1.327309771226664,0.308672159351978,-0.6509326504231722,1.0752843538282664,-0.9260596117079326,0.08944179759215659,1.4217714439807587,3.71,29.02,62.15,0.056,1.086,1.013,68.69168071899246,-36.57386035724918,-35.97825758409731,45.677836198541435,1,0,0,0,0
544,568,1777638303.535601,4818.679999999999,1.577550448563883,-0.04254167041087342,-1.6715973568352913,-0.5881337394728661,2.0407842402854293,1.3273739388514976,0.30857274278239294,-0.6509617694297208,1.075301133563525,-0.9260568516013042,0.08954793006735326,1.4216266358647507,3.71,29.02,62.15,0.056,1.086,1.013,68.69168071899246,-36.57936392914387,-35.970628842178215,45.67943733494869,1,0,0,0,0
545,569,1777638303.5463152,4818.688,1.5774989060273388,-0.0425410069873875,-1.6715950912229012,-0.5881392549389961,2.0407846108271066,1.3273925407904343,0.30850729856776177,-0.6510089882972623,1.0753030646364017,-0.926034592773835,0.08951814161279166,1.4215345466068978,3.71,29.02,62.15,0.056,1.086,1.013,68.69168071899246,-36.58391743986597,-35.970014463985706,45.67627441258457,1,0,0,0,0
546,570,1777638303.5466306,4818.688,1.5774989060273388,-0.0425410069873875,-1.6715950912229012,-0.5881392549389961,2.0407846108271066,1.3273925407904343,0.30850729856776177,-0.6510089882972623,1.0753030646364017,-0.926034592773835,0.08951814161279166,1.4215345466068978,4.47,30.03,60.95,0.17,1.142,1.142,68.09320303818876,-36.88161566684893,-34.26190673291031,45.85359825387968,0,1,0,0,0
547,571,1777638303.552942,4818.696,1.5774906893340175,-0.04252571549851414,-1.6716315477522592,-0.5880967136237425,2.040909382343656,1.3273079019905367,0.3085233772336766,-0.6510852256663484,1.075288060927274,-0.9259878393212714,0.08931856452314273,1.4214963657443338,4.47,30.03,60.95,0.17,1.142,1.142,68.09320303818876,-36.88562472683748,-34.269794507611145,45.8444781071507,1,0,0,0,0
548,572,1777638303.557527,4818.704,1.5774684358205837,-0.042484185889255954,-1.6717306038721738,-0.5879811582555465,2.0412485342300135,1.3270777229185375,0.30847820240357565,-0.6510809304472079,1.0752997838765954,-0.926080211994055,0.08892686721021745,1.4214253381905464,4.47,30.03,60.95,0.17,1.142,1.142,68.09320303818876,-36.896472641141706,-34.28092613310487,45.82742312303944,1,0,0,0,0
549,573,1777638303.5645013,4818.7119999999995,1.57743219440348,-0.04241655147946677,-1.6718921266605413,-0.5877927356911385,2.041802051113187,1.3267019338295967,0.3083498985119725,-0.6510759735833413,1.0753420018412414,-0.9263129721359731,0.08818669817200375,1.4212240994569416,4.47,30.03,60.95,0.17,1.142,1.142,68.09320303818876,-36.92113040277205,-34.29886415821955,45.79413005219668,1,0,0,0,0
550,574,1777638303.5717123,4818.719999999999,1.5773820447248745,-0.042323029913906574,-1.6721158991461653,-0.5875316858939845,2.042569907952736,1.3261804205479404,0.308165266649559,-0.6511411465789455,1.075333957461421,-0.9265095273244774,0.08734011492941973,1.4209583127422314,4.47,30.03,60.95,0.17,1.142,1.142,68.09320303818876,-36.94979066207068,-34.320156624493016,45.755044741530114,1,0,0,0,0
551,575,1777638303.57919,4818.728,1.5773180968679412,-0.04220392323070854,-1.6724016202767515,-0.5871983422964213,2.043552070111953,1.3255130239929178,0.3079180331060954,-0.6510728935169736,1.0753856415756076,-0.9270272616426805,0.08619126647500691,1.4206927740352007,4.47,30.03,60.95,0.17,1.142,1.142,68.09320303818876,-36.98842585714212,-34.34539123023586,45.70486575686159,1,0,0,0,0
552,576,1777638303.586089,4818.736,1.5772404909614712,-0.04205961795517599,-1.672748904874009,-0.5867931323059157,2.044748493456018,1.3246995395194778,0.3075470575600924,-0.6511518574152367,1.0753972589813323,-0.927480891284345,0.08472933119430062,1.4202301276486782,4.47,30.03,60.95,0.17,1.142,1.142,68.09320303818876,-37.03988149409547,-34.37928455153932,45.63766287429334,1,0,0,0,0
553,577,1777638303.595307,4818.744,1.5771493966734376,-0.04189058521774491,-1.6731572835753532,-0.5863165779592014,2.0461591244765276,1.3237397160710946,0.3070490447940667,-0.6512024588159431,1.0754858665656837,-0.9280777958934482,0.0831642782508785,1.4196446149774682,4.47,30.03,60.95,0.17,1.142,1.142,68.09320303818876,-37.10102813792046,-34.410589765876225,45.564342671367584,1,0,0,0,0
554,578,1777638303.6007893,4818.7519999999995,1.5770450125930164,-0.04169738089462083,-1.6736262027616036,-0.5857692967291266,2.0477839004416554,1.3226332551425841,0.30650142748739484,-0.6512663007442763,1.0755396842613787,-0.9287787598304909,0.08120996839422433,1.4190747309515837,4.47,30.03,60.95,0.17,1.142,1.142,68.09320303818876,-37.16879614889893,-34.45479400550389,45.47562053320316,1,0,0,0,0
555,579,1777638303.6083071,4818.76,1.576927565500469,-0.04148064576924604,-1.6741550244699432,-0.5851520024901697,2.0496227495710158,1.3213798095496196,0.30586053437244554,-0.6512782716979242,1.0756684698153929,-0.9295856686545194,0.07908657545646622,1.418289182865097,4.47,30.03,60.95,0.17,1.142,1.142,68.09320303818876,-37.250855901516445,-34.49748826399029,45.37599958216138,1,0,0,0,0
556,580,1777638303.615218,4818.768,1.5767973095241725,-0.041241105712411574,-1.6747430262912495,-0.5844655066496927,2.051675591234126,1.3199789820011123,0.3051450720190966,-0.651446322933501,1.0757291492951604,-0.9304348714966861,0.07647843804081736,1.4174280323358717,4.47,30.03,60.95,0.17,1.142,1.142,68.09320303818876,-37.34398826685737,-34.555892898600156,45.25484621899952,1,0,0,0,0
557,581,1777638303.7137423,4818.776,1.576654525183983,-0.04097957187845669,-1.6753894012508272,-0.5837107194531974,2.0539423361711915,1.3184303234699088,0.30438679084194864,-0.6514627077061114,1.0758528323605117,-0.9314008373102031,0.07382387756938318,1.4164952036876433,4.47,30.03,60.95,0.17,1.142,1.142,68.09320303818876,-37.4428088607457,-34.61140870470646,45.13059662904352,1,0,0,0,0
558,582,1777638303.7138276,4818.784,1.576499518319996,-0.040696940914625834,-1.6760932576714538,-0.5828886514730751,2.0564228867347403,1.3167333313565193,0.3035474463811931,-0.6515589201217266,1.0759368396129048,-0.9324217133180689,0.07085118880424154,1.4154348913561126,4.47,30.03,60.95,0.17,1.142,1.142,68.09320303818876,-37.552738963517974,-34.67454344025301,44.990578275322115,1,0,0,0,0
559,583,1777638303.7164266,4818.7919999999995,1.576332618905659,-0.04039419518025689,-1.6768536190175212,-0.5820004152915939,2.0591171371504475,1.314887447439757,0.30265140683093117,-0.6516953321323261,1.0760392297601329,-0.9334926441415063,0.06746815100686104,1.4143108070013926,4.47,30.03,60.95,0.17,1.142,1.142,68.09320303818876,-37.67183281918444,-34.75054277293672,44.83209886933372,1,0,0,0,0
560,584,1777638303.7165105,4818.8,1.5761541797440755,-0.04007240297206316,-1.6776694237189975,-0.5810472273902354,2.0620249737952885,1.3128920556073007,0.3016526781694816,-0.6517361980209878,1.0761789386210598,-0.9348225498049704,0.06384082948790468,1.4131537255799322,4.47,30.03,60.95,0.17,1.142,1.142,68.09320303818876,-37.79963526445724,-34.828835250168254,44.663453840815286,1,0,0,0,0
561,585,1777638303.7223685,4818.808,1.5759645750462141,-0.0397327187513552,-1.678539524973809,-0.58003041025888,2.065146275490948,1.3107464793582198,0.3005772571831403,-0.6517947137099211,1.0763157949545754,-0.9362397426101016,0.05989969925163701,1.4119341865117212,4.47,30.03,60.95,0.17,1.142,1.142,68.09320303818876,-37.935447297262726,-34.91539674387922,44.48034631805502,1,0,0,0,0
562,586,1777638303.7269967,4818.816,1.5757641988896411,-0.03937638336857585,-1.6794626905271954,-0.5789513947398452,2.0684809138101965,1.3084499790684463,0.299400045681396,-0.6518900166621566,1.0764655600943525,-0.9377459114710477,0.055656756108495006,1.4105223089041514,4.47,30.03,60.95,0.17,1.142,1.142,68.09320303818876,-38.08508359498611,-35.00635385541353,44.2805363259355,1,0,0,0,0
563,587,1777638303.7270775,4818.824,1.5755534635562363,-0.03900472428006463,-1.680437602426501,-0.577811722623375,2.072028753393715,1.3060017490090265,0.2981586291764978,-0.6519745852959707,1.0766257290993653,-0.9393272456178555,0.0511686461958425,1.409057899112742,4.47,30.03,60.95,0.17,1.142,1.142,68.09320303818876,-38.240742195793615,-35.1034124155708,44.06904098227234,1,0,0,0,0
564,588,1777638303.727131,4818.831999999999,1.5753327977472606,-0.03861915575146302,-1.6814628567498033,-0.5766130495128632,2.075789652274615,1.303400914105695,0.29678878166022093,-0.6521551683909098,1.0767790843478018,-0.9408905198548746,0.046410700353120865,1.407276329269341,4.47,30.03,60.95,0.17,1.142,1.142,68.09320303818876,-38.413534585265076,-35.20280080836322,43.83888086976383,1,0,0,0,0
565,589,1777638303.7284582,4818.84,1.5751026446740006,-0.03822117904163669,-1.6825369633067648,-0.5753571479799353,2.079763462207639,1.3006465264269318,0.2953962367317872,-0.6523211339513315,1.0769603918893054,-0.9424992158616645,0.041463613513062714,1.4054432360275315,4.47,30.03,60.95,0.17,1.142,1.142,68.09320303818876,-38.59072085022249,-35.30674523088162,43.59901725339481,1,0,0,0,0
566,590,1777638303.7302608,4818.848,1.5748634600220903,-0.03781238256043373,-1.6836583453100076,-0.5740459110314617,2.0839500289997694,1.2977375613860804,0.293959664997099,-0.6525594963614246,1.0770917791059613,-0.9441173419843844,0.03615573690610455,1.4035507341029414,4.47,30.03,60.95,0.17,1.142,1.142,68.09320303818876,-38.77409903344632,-35.4223735000229,43.34176968894294,1,0,0,0,0
567,591,1777638303.7303069,4818.848,1.5748634600220903,-0.03781238256043373,-1.6836583453100076,-0.5740459110314617,2.0839500289997694,1.2977375613860804,0.293959664997099,-0.6525594963614246,1.0770917791059613,-0.9441173419843844,0.03615573690610455,1.4035507341029414,4.73,31.17,59.93,0.284,1.151,1.21,67.71666486176058,-39.449237301154334,-34.02770995666361,43.259904431960884,0,1,0,0,0
568,592,1777638303.730338,4818.856,1.5746157097874747,-0.0373944419930039,-1.6848253390153367,-0.5726813559127173,2.0883491928386895,1.2946729136414161,0.29238451444535013,-0.6527489617464086,1.0772800223230796,-0.9459189778800364,0.030697387263463376,1.4014650548260605,4.73,31.17,59.93,0.284,1.151,1.21,67.71666486176058,-39.64540561932391,-34.13963742874122,42.99155346708665,1,0,0,0,0
569,593,1777638303.7330728,4818.864,1.574359867981853,-0.03696912038276867,-1.6860361933290928,-0.571265628273208,2.0929607886152426,1.291451392676124,0.29074465295668417,-0.6529821361520554,1.0774374414174779,-0.9477900614340024,0.024783080871148035,1.3993452618783564,4.73,31.17,59.93,0.284,1.151,1.21,67.71666486176058,-39.84838079463988,-34.26611998309308,42.702298174098836,1,0,0,0,0
570,594,1777638303.7332082,4818.871999999999,1.5740964142052905,-0.03653826816446326,-1.6872890693809275,-0.5698010067242043,2.097784646235721,1.288071718038041,0.2890429256610831,-0.6532577978367451,1.0776460566652473,-0.9497761802046388,0.018362405535571495,1.397205681412756,4.73,31.17,59.93,0.284,1.151,1.21,67.71666486176058,-40.0584571617337,-34.408360259438524,42.39022828528099,1,0,0,0,0
571,595,1777638303.7333186,4818.88,1.5738258310835578,-0.036103823137940694,-1.6885820400603215,-0.5682899078197883,2.1028205909194733,1.2845325142166644,0.287222698768685,-0.6535521603591385,1.0778519077786486,-0.9518450036876475,0.011718930560678761,1.3948895507241073,4.73,31.17,59.93,0.284,1.151,1.21,67.71666486176058,-40.27841222894453,-34.55197897463305,42.06372495692371,1,0,0,0,0
572,596,1777638303.7335002,4818.888,1.5735486015676035,-0.03566781037268729,-1.6899130895151657,-0.5667348914962496,2.1080684434769728,1.2808323051323116,0.2853571947486088,-0.653845787598624,1.0780653569482692,-0.9538746318698971,0.005036020191760404,1.3924347569854936,4.73,31.17,59.93,0.284,1.151,1.21,67.71666486176058,-40.50216292892877,-34.69368357900041,41.73092160255636,1,0,0,0,0
573,597,1777638303.7335973,4818.896,1.5732677223065625,-0.035231815362346985,-1.691280132528167,-0.5651403201304666,2.1135263587327326,1.2769673042289922,0.2834250172136572,-0.6541432380469099,1.0782777858541237,-0.955978234022879,-0.0018141056596286237,1.3898927929679346,4.73,31.17,59.93,0.284,1.151,1.21,67.71666486176058,-40.73054618165534,-34.83714748752341,41.387709077413106,1,0,0,0,0
574,598,1777638303.7396579,4818.9039999999995,1.573045829339823,-0.034784950301371964,-1.6926814954688165,-0.563550368592157,2.1191531298920188,1.2728811224328132,0.2814208024187983,-0.6545474477148067,1.0784792127879324,-0.9580612491233474,-0.00911596147272811,1.387178363012556,4.73,31.17,59.93,0.284,1.151,1.21,67.71666486176058,-40.96887421135251,-34.99279202192005,41.01953866592143,1,0,0,0,0
575,599,1777638303.7441957,4818.911999999999,1.5729432313328164,-0.034316620185837365,-1.6941154742120688,-0.562009593422677,2.1249091906727586,1.2685183919598506,0.27933523330987875,-0.6548889843272061,1.078716951280646,-0.9603752054953534,-0.016593934489041243,1.3842519620539773,4.73,31.17,59.93,0.284,1.151,1.21,67.71666486176058,-41.219468732577546,-35.14348455299148,40.63788369093193,1,0,0,0,0
576,600,1777638303.7521515,4818.92,1.5729607020905347,-0.033828679769722925,-1.695579790660119,-0.5605242257625278,2.130794294076963,1.2638754618470234,0.27727150718136095,-0.6552219836319902,1.07892713385281,-0.9628250408795048,-0.024542535345510725,1.3813818307495684,4.73,31.17,59.93,0.284,1.151,1.21,67.71666486176058,-41.47131392171059,-35.30976516209232,40.23552293440244,1,0,0,0,0
577,601,1777638303.7586472,4818.928,1.573099027133202,-0.03332302717871993,-1.6970720348064177,-0.5591009409267143,2.1368081487709043,1.2589484236148465,0.275200473398843,-0.6555650898973215,1.0791340139097063,-0.9653326148868386,-0.03280023011993991,1.37832329494363,4.73,31.17,59.93,0.284,1.151,1.21,67.71666486176058,-41.73216110032918,-35.48038011192919,39.81351600912923,1,0,0,0,0
578,602,1777638303.7661314,4818.936,1.573359000956157,-0.03280160216045225,-1.6985896630931698,-0.5577468745531204,2.142950413630548,1.2537330987843562,0.27320756316681194,-0.6558471467032194,1.0793336680299164,-0.9678396625659036,-0.04107104217311633,1.3751501326791495,4.73,31.17,59.93,0.284,1.151,1.21,67.71666486176058,-41.994533573616295,-35.64743997154506,39.3861126973646,1,0,0,0,0
579,603,1777638303.7738812,4818.9439999999995,1.573741424106201,-0.03226638420513872,-1.7001299966274424,-0.5564696397735887,2.1492206917768226,1.2482250256739382,0.2712252726609461,-0.6561539189202868,1.0795188065448171,-0.9704140525632301,-0.049629272310914095,1.3719509011392503,4.73,31.17,59.93,0.284,1.151,1.21,67.71666486176058,-42.25785300412822,-35.82218011558608,38.94344580604033,1,0,0,0,0
580,604,1777638303.7806983,4818.952,1.5742471000663179,-0.031719390535551284,-1.7016902192432397,-0.5552773454509801,2.1556185240662042,1.2424194454397917,0.26927269777195056,-0.6564958737739663,1.0797202551145977,-0.9729671399017881,-0.05858648453714579,1.3684966453848828,4.73,31.17,59.93,0.284,1.151,1.21,67.71666486176058,-42.53172104767713,-36.00402528674205,38.47479132983332,1,0,0,0,0
581,605,1777638303.7876606,4818.96,1.574876831940353,-0.031162673966606214,-1.7032673753946597,-0.5541786155260615,2.162143381999563,1.2363112873231694,0.2672641942315706,-0.656842935564281,1.079931919835284,-0.9757388349522043,-0.06805204934757168,1.3650516116970939,4.73,31.17,59.93,0.284,1.151,1.21,67.71666486176058,-42.80802139087231,-36.19935200153108,37.98192885133491,1,0,0,0,0
582,606,1777638303.7952032,4818.968,1.5756091448868685,-0.030605351243065293,-1.7048495228643183,-0.5531747702369394,2.168769711788312,1.2299472476944517,0.2652530845825119,-0.6571561020568588,1.0801708500855076,-0.9785917108149322,-0.07764753213582787,1.3614544577007972,4.73,31.17,59.93,0.284,1.151,1.21,67.71666486176058,-43.08830314446789,-36.39233432723637,37.4772308788295,1,0,0,0,0
583,607,1777638303.8021054,4818.976,1.5763863119275088,-0.030067096111558556,-1.7064115105666637,-0.5522518022752543,2.1754319389728707,1.223459345146897,0.26338018018449055,-0.6574504878126127,1.080350654852272,-0.9813343139021212,-0.08716002238345259,1.3578947342838694,4.73,31.17,59.93,0.284,1.151,1.21,67.71666486176058,-43.35944006722331,-36.58441742144598,36.97412688611145,1,0,0,0,0
584,608,1777638303.809556,4818.9839999999995,1.5771722883136405,-0.029559382050506677,-1.707938703776378,-0.5513989764596285,2.1820897178685525,1.2169300254660316,0.26149777350032294,-0.6576923831327504,1.0805406896588325,-0.984102640750464,-0.09652136922655905,1.3543670186853412,4.73,31.17,59.93,0.284,1.151,1.21,67.71666486176058,-43.62330144325591,-36.77021200492024,36.47609875389697,1,0,0,0,0
585,609,1777638303.81631,4818.992,1.5779667673647573,-0.029082139538002316,-1.7094310214375188,-0.5506173198188531,2.18874291075434,1.2103583568739857,0.2596059131122762,-0.6579157489256057,1.080751273778145,-0.9869538600959485,-0.10604394817463728,1.35082094395023,4.73,31.17,59.93,0.284,1.151,1.21,67.71666486176058,-43.885093272626484,-36.95861354936251,35.96812718173898,1,0,0,0,0
586,610,1777638303.8235867,4819.0,1.5787694405186532,-0.028635293291404018,-1.7108883812064182,-0.5499078846088921,2.195391373618152,1.203743388340194,0.25759968368303476,-0.658157475021861,1.0809914350013095,-0.9898802346287731,-0.11572509869552204,1.3471705846791455,4.73,31.17,59.93,0.284,1.151,1.21,67.71666486176058,-44.148240262504416,-37.147143795122666,35.44812110096475,1,0,0,0,0
587,611,1777638303.8344176,4819.008,1.5795799973238136,-0.02821876221277897,-1.7123106993923205,-0.5492717489601526,2.2020349560271404,1.1970841489698438,0.2556456314083265,-0.6584322336972712,1.0812162619208372,-0.9926247728905838,-0.1251616943665962,1.34341987966768,4.73,31.17,59.93,0.284,1.151,1.21,67.71666486176058,-44.4065673341086,-37.32621308723877,34.93361266985315,1,0,0,0,0
588,612,1777638303.8344662,4819.008,1.5795799973238136,-0.02821876221277897,-1.7123106993923205,-0.5492717489601526,2.2020349560271404,1.1970841489698438,0.2556456314083265,-0.6584322336972712,1.0812162619208372,-0.9926247728905838,-0.1251616943665962,1.34341987966768,4.76,30.85,60.09,0.242,1.095,1.135,67.71401775112743,-44.14939807936841,-37.5694381168947,34.993658980024954,0,1,0,0,0
589,613,1777638303.8376944,4819.016,1.5803981254324928,-0.027832459336019966,-1.7136978908916287,-0.5487100175479513,2.2086735009935428,1.1903796473744155,0.2536764713091713,-0.6586152514981557,1.0814233494344443,-0.995461519348832,-0.13446497597663518,1.3397033261610658,4.76,30.85,60.09,0.242,1.095,1.135,67.71401775112743,-44.40178601449544,-37.74167799863676,34.48529165557651,1,0,0,0,0
590,614,1777638303.8449435,4819.023999999999,1.5812235105944876,-0.027476291775798245,-1.715049869115381,-0.5482238222869338,2.215306844835864,1.183628871023771,0.2517068358982603,-0.6589490675668798,1.0816336054495066,-0.9981095454832877,-0.14379245146217468,1.3359349057532997,4.76,30.85,60.09,0.242,1.095,1.135,67.71401775112743,-44.648887717455366,-37.915730116833956,33.971494451988306,1,0,0,0,0
591,615,1777638303.8524022,4819.032,1.5820558366516164,-0.02715016067852183,-1.7163665459095494,-0.5478143230501935,2.2219348170351587,1.1768307855792663,0.24962011204891468,-0.6590980073712027,1.0819201527683167,-1.0010711565931132,-0.15318444787039795,1.332058626441765,4.76,30.85,60.09,0.242,1.095,1.135,67.71401775112743,-44.90001906992755,-38.08178975126579,33.45076646148082,1,0,0,0,0
592,616,1777638303.8595848,4819.04,1.58289478553291,-0.026853961175485885,-1.7176478314677404,-0.5474827084138756,2.2285572400861646,1.169984334207344,0.24760035577845607,-0.6593537369911494,1.0821466430736673,-1.0038691847216552,-0.16276349227456477,1.3282790113076464,4.76,30.85,60.09,0.242,1.095,1.135,67.71401775112743,-45.13994804766728,-38.25933802027156,32.92106232345035,1,0,0,0,0
593,617,1777638303.867587,4819.048,1.583740037250525,-0.026587582338416738,-1.7188936342358332,-0.5472301964280346,2.2351739293430355,1.1630884368730694,0.24559498403258181,-0.6596305675840121,1.082394164425122,-1.0065456038246747,-0.1720931281536543,1.3243044404535582,4.76,30.85,60.09,0.242,1.095,1.135,67.71401775112743,-45.38071291648534,-38.423184733461156,32.39503002205521,1,0,0,0,0
594,618,1777638303.8739474,4819.056,1.5845912698963809,-0.026350907137628887,-1.720103860808095,-0.5470580354145618,2.2417846928594076,1.1561419896130634,0.24366136126641302,-0.6599351255905451,1.082623341152329,-1.009132205171579,-0.1814274157291686,1.320529940529896,4.76,30.85,60.09,0.242,1.095,1.135,67.71401775112743,-45.606168439016656,-38.593627612939784,31.871578372992026,1,0,0,0,0
595,619,1777638303.8846793,4819.063999999999,1.5854481596395325,-0.026143812403032207,-1.7212784158142433,-0.5469675047929714,2.248389331222525,1.1491438637872946,0.2416468140089078,-0.6602457180984085,1.0828450324634635,-1.0117520570899174,-0.19077872219330846,1.3165479055108635,4.76,30.85,60.09,0.242,1.095,1.135,67.71401775112743,-45.83596694490897,-38.7565524029373,31.339782706068437,1,0,0,0,0
596,620,1777638303.88853,4819.072,1.5863103807242798,-0.02596616878824598,-1.7224172017969224,-0.5469599159348686,2.2549876373811317,1.142092905309192,0.23967657538939283,-0.6605083220210773,1.0830523601265696,-1.0145275407161254,-0.2004578943287351,1.3127814491139063,4.76,30.85,60.09,0.242,1.095,1.135,67.71401775112743,-46.05331297410768,-38.933579242887134,30.797028613921714,1,0,0,0,0
597,621,1777638303.895203,4819.08,1.5871776054690208,-0.025817840738108444,-1.72352011907903,-0.5470366130479185,2.261579396466836,1.134987933853548,0.23774205926433375,-0.6608023687924793,1.0832634540077526,-1.0171656245376013,-0.21008847712536446,1.3089434161488978,4.76,30.85,60.09,0.242,1.095,1.135,67.71401775112743,-46.266357471173336,-39.107893050476534,30.252025841290227,1,0,0,0,0
598,622,1777638303.9026182,4819.088,1.5880495042658511,-0.02569868645987139,-1.724587065620284,-0.5471989740901293,2.268164385608629,1.1278277420416822,0.23577765829379538,-0.6610841954520702,1.083507521281619,-1.0197615126720159,-0.21944480894079765,1.3049947785878622,4.76,30.85,60.09,0.242,1.095,1.135,67.71401775112743,-46.47793611408211,-39.268669249821265,29.7146642236362,1,0,0,0,0
599,623,1777638303.9100711,4819.096,1.5889257455809145,-0.025608557898428863,-1.72561793686239,-0.5474484117152763,2.274742373740237,1.120611094603361,0.23381078437427882,-0.6613873836876428,1.0837509089817856,-1.0222507414405448,-0.22873880080208722,1.300932667463634,4.76,30.85,60.09,0.242,1.095,1.135,67.71401775112743,-46.68776145080501,-39.42432019422428,29.17471692983508,1,0,0,0,0
600,624,1777638303.9172378,4819.103999999999,1.5898059959555062,-0.025547300715921928,-1.7266126255621224,-0.5477863742502791,2.281313121399965,1.1133367275149677,0.23183985234272825,-0.6617285915658,1.0839307629242396,-1.0247228047918506,-0.23823509057121706,1.2968517186166766,4.76,30.85,60.09,0.242,1.095,1.135,67.71401775112743,-46.89271684307785,-39.58536939313639,28.62271540374644,1,0,0,0,0
601,625,1777638303.9763372,4819.112,1.590689920007932,-0.02551475427612182,-1.7275710216116131,-0.5482143467053415,2.2878763805226865,1.1060033471134467,0.2298476612573653,-0.6619664586842896,1.0841853367400187,-1.0274009466553613,-0.24784838276209847,1.2929624024953974,4.76,30.85,60.09,0.242,1.095,1.135,67.71401775112743,-47.086018012853266,-39.75167363911291,28.06954845705063,1,0,0,0,0
602,626,1777638304.0451612,4819.12,1.5915771804361232,-0.025510751634008955,-1.7284930118450852,-0.5487338518176301,2.2944318942236013,1.0986096291855647,0.2278723144279275,-0.6622650737576228,1.084385925483169,-1.0298990849784668,-0.25729408331734765,1.288901052262847,4.76,30.85,60.09,0.242,1.095,1.135,67.71401775112743,-47.27918209573926,-39.908492383054195,27.51689255838373,1,0,0,0,0
603,627,1777638304.0485706,4819.128,1.5924674380210089,-0.02553511953101051,-1.7293784798312224,-0.5493464511292849,2.300979396573395,1.0911542180320577,0.22590340002905185,-0.662504697126119,1.0846237625294894,-1.0323738268265805,-0.2664585286424029,1.284874163693357,4.76,30.85,60.09,0.242,1.095,1.135,67.71401775112743,-47.465530204616535,-40.055813607305595,26.976720309396917,1,0,0,0,0
604,628,1777638304.0487587,4819.1359999999995,1.5933603516306456,-0.025587678396385982,-1.730227305650324,-0.5500537461005024,2.3075186123643956,1.0836357255062676,0.22386679135698842,-0.662777297855741,1.0848624371205013,-1.0348762376949932,-0.27572338280596514,1.2806541470897483,4.76,30.85,60.09,0.242,1.095,1.135,67.71401775112743,-47.65489293647342,-40.198733204407745,26.424632977093577,1,0,0,0,0
605,629,1777638304.048856,4819.144,1.5942555782251027,-0.02566824235532117,-1.7310393656553593,-0.550857379258396,2.314049256867321,1.0760527300269143,0.2218749389031012,-0.6630619801780964,1.085057580072527,-1.0374039429497526,-0.285207931061075,1.2765832090898503,4.76,30.85,60.09,0.242,1.095,1.135,67.71401775112743,-47.83198762015099,-40.35216837774068,25.86487323611286,1,0,0,0,0
606,630,1777638304.0551236,4819.152,1.5951527728621027,-0.025776619244297194,-1.7318145322159424,-0.5517590353823163,2.3205710355781917,1.0684037755646854,0.21984099560017345,-0.6633311857787966,1.0852817879475878,-1.0399457922134698,-0.2948138539442354,1.2724358535007085,4.76,30.85,60.09,0.242,1.095,1.135,67.71401775112743,-48.006353177968265,-40.505730237937264,25.295534634469206,1,0,0,0,0
607,631,1777638304.0552719,4819.16,1.5960515887034141,-0.025912610634375,-1.732552673444264,-0.5527604427262673,2.3270836439549667,1.0606873706023894,0.21788676204893848,-0.6636782926048953,1.0854484212991746,-1.0423283512040655,-0.30418912416019983,1.2683562172258291,4.76,30.85,60.09,0.242,1.095,1.135,67.71401775112743,-48.17116031336346,-40.65476331896987,24.73697098560732,1,0,0,0,0
608,632,1777638304.0553882,4819.168,1.5969516770219925,-0.026076011863107595,-1.7332536529018796,-0.5538633742789649,2.3335867671434483,1.0529019870684717,0.21593974450942396,-0.6638660430046124,1.0857175841677762,-1.0448384857826776,-0.31340784612120365,1.2642398275423907,4.76,30.85,60.09,0.242,1.095,1.135,67.71401775112743,-48.33392692747107,-40.79410345433242,24.18389611140254,1,0,0,0,0
609,633,1777638304.0554664,4819.168,1.5969516770219925,-0.026076011863107595,-1.7332536529018796,-0.5538633742789649,2.3335867671434483,1.0529019870684717,0.21593974450942396,-0.6638660430046124,1.0857175841677762,-1.0448384857826776,-0.31340784612120365,1.2642398275423907,5.49,29.81,60.2,0.19,1.057,1.174,67.40041691265715,-47.318150893244706,-41.021454203306796,24.920856548082945,0,1,0,0,0
610,634,1777638304.0594263,4819.1759999999995,1.597852687209868,-0.02626661207578529,-1.733917329286264,-0.5550696490620552,2.3400800796919805,1.0450460592437745,0.2140111169910558,-0.6642181275567915,1.0858708751950414,-1.0471152534317478,-0.322747998776063,1.2600646810226686,5.49,29.81,60.2,0.19,1.057,1.174,67.40041691265715,-47.480867779440494,-41.16684796359264,24.365426810415975,1,0,0,0,0
611,635,1777638304.0597966,4819.184,1.5987542667867725,-0.02648419427687365,-1.734543556095927,-0.5563811334668962,2.346563245254453,1.0371179826414796,0.21206757349430244,-0.6644839218027068,1.0860858275012133,-1.0496090061834857,-0.33222976467458787,1.256046168864995,5.49,29.81,60.2,0.19,1.057,1.174,67.40041691265715,-47.632951182329435,-41.31721768569473,23.807681205332344,1,0,0,0,0
612,636,1777638304.0663464,4819.192,1.5996560614095021,-0.026728535392482655,-1.7351321812728742,-0.5577997426302375,2.353035916281109,1.0291161128603008,0.21008474401088922,-0.664698080632815,1.0863142115386042,-1.0521001308794538,-0.34167398277148436,1.2518998895217968,5.49,29.81,60.2,0.19,1.057,1.174,67.40041691265715,-47.784895061628646,-41.46105408775351,23.246526576706383,1,0,0,0,0
613,637,1777638304.0705397,4819.2,1.600557714882008,-0.02699940634483866,-1.735683046821066,-0.5593274418489944,2.3594977336966303,1.021038764411057,0.20812189929262181,-0.6649380376949533,1.0865589408865333,-1.0544663573705393,-0.3508645307031188,1.2476543485564795,5.49,29.81,60.2,0.19,1.057,1.174,67.40041691265715,-47.93552769065218,-41.593914778369836,22.692457743233234,1,0,0,0,0
614,638,1777638304.0706558,4819.208,1.6014588691662086,-0.02729657213978598,-1.736195988399528,-0.5609662480342195,2.365948326564968,1.012884209516911,0.20621306116604454,-0.665248828706259,1.0867444475667893,-1.0567695395812613,-0.3601194002348165,1.2435406206719097,5.49,29.81,60.2,0.19,1.057,1.174,67.40041691265715,-48.07406984929804,-41.732707271105724,22.137776580971543,1,0,0,0,0
615,639,1777638304.0708342,4819.215999999999,1.6023591643935138,-0.02761979196841935,-1.736670834888626,-0.5627182312041903,2.372387311740362,1.0046506768876666,0.2042386690357193,-0.6655180966776539,1.0869764716007972,-1.0591052726660006,-0.36927226985604766,1.2392796897191367,5.49,29.81,60.2,0.19,1.057,1.174,67.40041691265715,-48.21427596292697,-41.8616636704806,21.582421275433585,1,0,0,0,0
616,640,1777638304.0766656,4819.224,1.6032582388770542,-0.027968819324071248,-1.7371074079280042,-0.5645855160164093,2.3788142935039858,0.9963363504686846,0.2022474217018693,-0.6656509862404387,1.0872588907670262,-1.0616983857972344,-0.3786375150939873,1.2352220985107147,5.49,29.81,60.2,0.19,1.057,1.174,67.40041691265715,-48.34143961531872,-41.999195925798894,21.023533421022506,1,0,0,0,0
617,641,1777638304.076814,4819.232,1.6041557291246025,-0.02834340213594011,-1.7375055214245592,-0.566570283338077,2.3852288631856267,0.9879393681651374,0.2002732923370809,-0.6659721836486223,1.087458263837175,-1.0639874735338393,-0.3881666409206875,1.2309744876957132,5.49,29.81,60.2,0.19,1.057,1.174,67.40041691265715,-48.46653454633755,-42.13886225592858,20.448166588830084,1,0,0,0,0
618,642,1777638304.0769103,4819.24,1.6050512698521766,-0.028743282920766333,-1.7378649810287783,-0.5686747718544236,2.3916305987698143,0.9794578205425104,0.19832098392199277,-0.6662249653412182,1.0876645534263898,-1.0662772204694129,-0.3973253634387603,1.2267053902459288,5.49,29.81,60.2,0.19,1.057,1.174,67.40041691265715,-48.5897749215456,-42.264480082920755,19.888783180323863,1,0,0,0,0
619,643,1777638304.0770638,4819.248,1.605944493998314,-0.02916819895408551,-1.7381855835776783,-0.5709012797140272,2.3980190644857764,0.970889749504483,0.19637875293745377,-0.6664997078930018,1.087882495984218,-1.0685304813325565,-0.40654358608189134,1.222418456874776,5.49,29.81,60.2,0.19,1.057,1.174,67.40041691265715,-48.707341430299024,-42.3906023406108,19.324800749101634,1,0,0,0,0
620,644,1777638304.077185,4819.255999999999,1.6068350327389997,-0.029617882462678935,-1.7384671165024699,-0.5732521662099597,2.4043938103806046,0.9622331469495347,0.1944306876825517,-0.6666837705716636,1.088155422832517,-1.0708978700867997,-0.4156849074755169,1.218142716717134,5.49,29.81,60.2,0.19,1.057,1.174,67.40041691265715,-48.82061274930788,-42.511814947937296,18.764582612316545,1,0,0,0,0
621,645,1777638304.077318,4819.264,1.6077225155032366,-0.030092060840011925,-1.738709357199058,-0.5757298534953179,2.4107543718749973,0.9534859534079159,0.19244998026666787,-0.6669242206589063,1.088396748197597,-1.0732603939809389,-0.42498934936883753,1.2138658945014538,5.49,29.81,60.2,0.19,1.057,1.174,67.40041691265715,-48.92669676616245,-42.636993360029166,18.195640707840372,1,0,0,0,0
622,646,1777638304.0775847,4819.272,1.6086065699892405,-0.030590456886539386,-1.738912072359314,-0.5783368283313397,2.4171002693009322,0.9446460566608783,0.1904552374188519,-0.6671909428840229,1.0886179132410447,-1.0755758118727918,-0.43439899331461845,1.2095780911566556,5.49,29.81,60.2,0.19,1.057,1.174,67.40041691265715,-49.025973050005234,-42.76444270240123,17.6202328830581,1,0,0,0,0
623,647,1777638304.0821152,4819.28,1.6094868221812413,-0.031112789076942704,-1.7390750172610492,-0.5810756438659226,2.4234310074206196,0.9357112903444236,0.1885689505658013,-0.667426781644664,1.0888429112556806,-1.0777780626664624,-0.44356458294733625,1.205279458392743,5.49,29.81,60.2,0.19,1.057,1.174,67.40041691265715,-49.1215167267379,-42.883896296822336,17.054742239863813,1,0,0,0,0
624,648,1777638304.0857613,4819.288,1.6103628963668735,-0.03165877185650601,-1.739197935014488,-0.5839489214399265,2.42974607492608,0.9266794325401504,0.18655855063570498,-0.6677517853013265,1.0890670765351282,-1.0798989937690253,-0.4527582272561538,1.2006826195703106,5.49,29.81,60.2,0.19,1.057,1.174,67.40041691265715,-49.22243579043787,-42.993931083467174,16.476950714446406,1,0,0,0,0
625,649,1777638304.0902438,4819.295999999999,1.6112344151551334,-0.032228115968989,-1.7392805557629707,-0.5869593524181731,2.436044943918688,0.9175482043562146,0.1846160309906608,-0.667932755014207,1.0893297527028787,-1.0821921164384412,-0.46186548411778,1.1963187741997767,5.49,29.81,60.2,0.19,1.057,1.174,67.40041691265715,-49.31079222069419,-43.10561224407,15.91125902093884,1,0,0,0,0
626,650,1777638304.102476,4819.304,1.6121009994948807,-0.03282052881856856,-1.7393225958355423,-0.5901097000414914,2.442327069368018,0.9083152685018216,0.1826273987172966,-0.6681522355078122,1.0895829561705845,-1.0844999414506866,-0.4712001343174259,1.1920189519474327,5.49,29.81,60.2,0.19,1.057,1.174,67.40041691265715,-49.38830785899535,-43.22509938574265,15.336297790463291,1,0,0,0,0
627,651,1777638304.1067867,4819.312,1.6129622686938618,-0.03343571486856156,-1.739323756848984,-0.5934028012956283,2.4485918885493434,0.8989782278591871,0.18062766971220795,-0.6684759401483762,1.0897773666945363,-1.0866245343141465,-0.4805868444632002,1.1875037168027924,5.49,29.81,60.2,0.19,1.057,1.174,67.40041691265715,-49.46637847210589,-43.33970800153493,14.750027498146219,1,0,0,0,0
628,652,1777638304.111308,4819.32,1.6138178404382264,-0.03407337607986882,-1.7392837247567945,-0.5968415687920832,2.4548388204591367,0.8895346240574087,0.17867799411216884,-0.6687337690641608,1.0900053717438696,-1.0887446597092554,-0.48978907210803285,1.1829957986701183,5.49,29.81,60.2,0.19,1.057,1.174,67.40041691265715,-49.54067893924616,-43.44748867744684,14.172263681630392,1,0,0,0,0
629,653,1777638304.118811,4819.3279999999995,1.614667330812511,-0.03473321239228788,-1.7392021688425556,-0.6004289926553028,2.461067265207937,0.8799819360533077,0.1767106436029815,-0.6690762598329528,1.0901910757263003,-1.0907216585291895,-0.4990394023852512,1.1783825819637623,5.49,29.81,60.2,0.19,1.057,1.174,67.40041691265715,-49.611587039640156,-43.55333466962857,13.58726133418866,1,0,0,0,0
630,654,1777638304.1204326,4819.3279999999995,1.614667330812511,-0.03473321239228788,-1.7392021688425556,-0.6004289926553028,2.461067265207937,0.8799819360533077,0.1767106436029815,-0.6690762598329528,1.0901910757263003,-1.0907216585291895,-0.4990394023852512,1.1783825819637623,5.54,28.82,59.91,0.165,1.044,1.259,66.71200866410784,-48.58856768142515,-43.60532805814756,13.719276788843313,0,1,0,0,0
631,655,1777638304.1291115,4819.335999999999,1.6155103543200575,-0.035414922252037684,-1.7390787406550459,-0.6041681424097902,2.467276603389965,0.8703175787249151,0.17476105464893749,-0.6693913004961661,1.0904212186778168,-1.092759848940763,-0.5082215415135776,1.1738118323617768,5.54,28.82,59.91,0.165,1.044,1.259,66.71200866410784,-48.65456849746464,-43.70781289638342,13.147325056461522,1,0,0,0,0
632,656,1777638304.1336956,4819.344,1.6163465239038335,-0.03611820318909764,-1.7389130728824336,-0.6080621688598313,2.473466195428897,0.8605389014840137,0.17279719115635098,-0.6696786764337103,1.0906698598670599,-1.094896451572701,-0.5177672157919317,1.1693498024329816,5.54,28.82,59.91,0.165,1.044,1.259,66.71200866410784,-48.70606769788878,-43.82239404730422,12.562199225114552,1,0,0,0,0
633,657,1777638304.1401346,4819.352,1.6171754509676202,-0.036842752448182026,-1.7387047781628393,-0.6121143059535399,2.4796353808992255,0.8506431869149012,0.17088489211912136,-0.6698854766529214,1.0909201360084766,-1.096982604763093,-0.5270511023446316,1.1649229226977582,5.54,28.82,59.91,0.165,1.044,1.259,66.71200866410784,-48.7538200130488,-43.92945907841919,11.989985788679405,1,0,0,0,0
634,658,1777638304.1475918,4819.36,1.6179967453975272,-0.03758826767742107,-1.738453447828534,-0.6163278726218557,2.4857834778226917,0.8406276494474048,0.16896132685421325,-0.6702179631821188,1.0911242746386125,-1.0989760560447965,-0.5362420448366931,1.1603814078644235,5.54,28.82,59.91,0.165,1.044,1.259,66.71200866410784,-48.80103243316243,-44.029478475712565,11.417370915153466,1,0,0,0,0
635,659,1777638304.1649537,4819.3679999999995,1.6188100155837943,-0.03835444767909024,-1.7381586505810445,-0.6207062745819556,2.491909781939303,0.8304894340730957,0.16697768299635687,-0.6704797798228934,1.0913645707723318,-1.1009791778919902,-0.5453807900678627,1.1556287283617965,5.54,28.82,59.91,0.165,1.044,1.259,66.71200866410784,-48.8515589209164,-44.119323613354965,10.839860464798027,1,0,0,0,0
636,660,1777638304.1652005,4819.376,1.6196148684428335,-0.03914099322699194,-1.737819931094454,-0.6252530060931996,2.49801356595252,0.820225615114663,0.16502529697306031,-0.6706159151576259,1.0916333473174105,-1.1031085794720157,-0.5544405040751753,1.1510541227423288,5.54,28.82,59.91,0.165,1.044,1.259,66.71200866410784,-48.89181546555473,-44.2102925227809,10.27290200149336,1,0,0,0,0
637,661,1777638304.1743164,4819.384,1.6204109094394643,-0.039947607955344466,-1.7374368085442375,-0.6299716516523866,2.504094078748262,0.8098331950595092,0.16308491062695277,-0.6707995136776834,1.091863020612949,-1.1052449577722827,-0.5637847630017405,1.1466069507787624,5.54,28.82,59.91,0.165,1.044,1.259,66.71200866410784,-48.91681874095313,-44.312593455170344,9.696958571713559,1,0,0,0,0
638,662,1777638304.177609,4819.392,1.621197742609288,-0.040773999324356325,-1.7370087750590404,-0.6348658876134401,2.510150544587448,0.7993091034698256,0.1611023338772561,-0.6710298954609693,1.0920627734502784,-1.1072821010843195,-0.5731532597351247,1.141939365500242,5.54,28.82,59.91,0.165,1.044,1.259,66.71200866410784,-48.9431661555726,-44.407639360177505,9.111539558407536,1,0,0,0,0
639,663,1777638304.1835148,4819.4,1.6219749705811464,-0.04161987966788949,-1.7365352940929313,-0.6399394837150787,2.516182162271912,0.7886501959826955,0.15914172825315287,-0.6711175064017667,1.092357303530349,-1.1094625892006045,-0.5820540804341868,1.137357859777077,5.54,28.82,59.91,0.165,1.044,1.259,66.71200866410784,-48.96981747247,-44.489438747423165,8.552129363629415,1,0,0,0,0
640,664,1777638304.192637,4819.407999999999,1.6227421945996012,-0.04248496732894402,-1.7360157987158145,-0.6451963044980644,2.522188104283613,0.7778532534151834,0.15717943817410823,-0.6713993558451002,1.0925798338916664,-1.1113367901955327,-0.591176443415661,1.1326318387325176,5.54,28.82,59.91,0.165,1.044,1.259,66.71200866410784,-48.99022939541771,-44.57407745833823,7.9750324464802915,1,0,0,0,0
641,665,1777638304.1976786,4819.416,1.6234990145473709,-0.043368987888939614,-1.7354496898198875,-0.6506403105917222,2.5281675158972012,0.766914980990876,0.15526049323246816,-0.6718517459820537,1.0926904190425817,-1.1127319954909554,-0.6005387595542364,1.1276578795299683,5.54,28.82,59.91,0.165,1.044,1.259,66.71200866410784,-49.00646296767587,-44.65956978962052,7.374382252353499,1,0,0,0,0
642,666,1777638304.2051332,4819.424,1.6241927290672453,-0.04424598170282934,-1.7348803877036252,-0.6561354787853926,2.53408115528758,0.756010025633806,0.1532999796901065,-0.6719516464609147,1.093010518469534,-1.1150428858581083,-0.609585529281078,1.1231491419214141,5.54,28.82,59.91,0.165,1.044,1.259,66.71200866410784,-49.01165644715532,-44.74310287744021,6.812075836690218,1,0,0,0,0
643,667,1777638304.212835,4819.432,1.6245002827355208,-0.044948337178331244,-1.734592156971913,-0.6607839244550071,2.5396836776841893,0.7462728192222841,0.15134873327153722,-0.6722772237492365,1.093155056449841,-1.1166868278782063,-0.6185861975777442,1.1185272449733685,5.54,28.82,59.91,0.165,1.044,1.259,66.71200866410784,-49.012188890025456,-44.82547599670453,6.2429273483943994,1,0,0,0,0
644,668,1777638304.21955,4819.44,1.6243859845484439,-0.04543919076031955,-1.7346441645599988,-0.6644002426935103,2.544926582704201,0.7379182150055774,0.14956714969148374,-0.672591896769965,1.093166394395717,-1.1178888115199548,-0.6266529139204348,1.114382800810296,5.54,28.82,59.91,0.165,1.044,1.259,66.71200866410784,-49.00647114714643,-44.900066986026154,5.730782699969299,1,0,0,0,0
645,669,1777638304.2693183,4819.447999999999,1.6238760817042568,-0.04571174528061661,-1.7350428488954286,-0.6669632017609253,2.5498003202817974,0.7309569820536383,0.14771545572425643,-0.6728290141653541,1.0930082254283142,-1.1189654657195884,-0.6334260110061263,1.110776168751965,5.54,28.82,59.91,0.165,1.044,1.259,66.71200866410784,-49.003292016480074,-44.956778121248135,5.29693991890072,1,0,0,0,0
646,670,1777638304.273273,4819.456,1.6229967114026005,-0.045761705024109034,-1.735790661646078,-0.6684579468312961,2.554293280154653,0.7253964764482648,0.14577451639992783,-0.6728007607805389,1.092714304275042,-1.1201398772382813,-0.6388759922452835,1.1075755615095957,5.54,28.82,59.91,0.165,1.044,1.259,66.71200866410784,-49.01097940177014,-44.98904815258484,4.939791939309175,1,0,0,0,0
647,671,1777638304.2755888,4819.464,1.6217736767590143,-0.04558728085543695,-1.7368861438097092,-0.6688760217921015,2.5583919399361568,0.721240467464777,0.14389983668983633,-0.6728745958857675,1.0921897655545543,-1.1209521812176213,-0.6436709891955313,1.1048675943178876,5.54,28.82,59.91,0.165,1.044,1.259,66.71200866410784,-49.01083346542518,-45.0223801528279,4.627697958878368,1,0,0,0,0
648,672,1777638304.2756574,4819.472,1.6202322280262127,-0.04518916745531154,-1.7383240322018025,-0.6682154084126619,2.5620810373333156,0.7184889431366335,0.1419566611821783,-0.6730773836694501,1.091505264950609,-1.1213977678950766,-0.6476931077169025,1.1023579392525626,5.54,28.82,59.91,0.165,1.044,1.259,66.71200866410784,-49.016611434049615,-45.043240982023775,4.355495994571536,1,0,0,0,0
649,673,1777638304.2772849,4819.48,1.6183968503667616,-0.044570493650144094,-1.7400953956744996,-0.6664805743411435,2.5653437637796115,0.7171379050981912,0.13985419376296815,-0.6735181846450762,1.0906224421171455,-1.1214497458060628,-0.6509383337912575,1.099877296271084,5.54,28.82,59.91,0.165,1.044,1.259,66.71200866410784,-49.03487789944358,-45.04578929974473,4.117003248682451,1,0,0,0,0
650,674,1777638304.2799315,4819.487999999999,1.6162910595722524,-0.043736747477043814,-1.742187800101993,-0.6636825187543387,2.5681619767120987,0.7171791647997806,0.13785194562704672,-0.6740385547032777,1.0895649729315235,-1.1210643959519122,-0.6533773296351427,1.0977475524760854,5.54,28.82,59.91,0.165,1.044,1.259,66.71200866410784,-49.05509284750044,-45.04094313657312,3.9247174536644147,1,0,0,0,0
651,675,1777638304.2800105,4819.487999999999,1.6162910595722524,-0.043736747477043814,-1.742187800101993,-0.6636825187543387,2.5681619767120987,0.7171791647997806,0.13785194562704672,-0.6740385547032777,1.0895649729315235,-1.1210643959519122,-0.6533773296351427,1.0977475524760854,3.83,30.17,59.84,0.201,1.046,1.147,67.12468547412345,-49.908305159748444,-44.84602539101843,1.9283367728581995,0,1,0,0,0
652,676,1777638304.282204,4819.496,1.6139372072417713,-0.042695678276714055,-1.744585500797939,-0.659838802313832,2.5705164276418957,0.7186001549902828,0.13599583351361186,-0.6745468656534179,1.0883478329375462,-1.1204031876193712,-0.654851192043547,1.0960884810636544,3.83,30.17,59.84,0.201,1.046,1.147,67.12468547412345,-49.92868202218064,-44.82889217322378,1.7945857598487915,1,0,0,0,0
653,677,1777638304.282277,4819.504,1.6113563059285,-0.04145716869375171,-1.7472696721169747,-0.6549735539914971,2.572386996227237,0.7213837610379069,0.13431684647269362,-0.6749626417067351,1.0869740274208486,-1.1195811454299052,-0.655392222757479,1.0950577545425344,3.83,30.17,59.84,0.201,1.046,1.147,67.12468547412345,-49.94807370645456,-44.8099853444375,1.7258465881645666,1,0,0,0,0
654,678,1777638304.2873995,4819.512,1.6087588283979883,-0.040011580211066544,-1.7501651485942098,-0.6496990321572209,2.573910997815241,0.724785934679361,0.13282923976315805,-0.6753027650785514,1.0855030832250183,-1.1185575381369353,-0.6550247423739785,1.094671807488199,3.83,30.17,59.84,0.201,1.046,1.147,67.12468547412345,-49.965305621497436,-44.790945009361565,1.7213016350152683,1,0,0,0,0
655,679,1777638304.291359,4819.5199999999995,1.606368881474583,-0.038348140077892445,-1.7531945731293597,-0.6446735036683746,2.57524402312036,0.728001145340963,0.13146690364973487,-0.6756081160158112,1.084005027006081,-1.1175064002159982,-0.6545447020051572,1.094355417325132,3.83,30.17,59.84,0.201,1.046,1.147,67.12468547412345,-49.982601734695834,-44.77152602888651,1.7243494064478933,1,0,0,0,0
656,680,1777638304.3001347,4819.527999999999,1.6042177610396173,-0.036478665842183844,-1.7563352340418383,-0.639969935437132,2.5763880126323935,0.7309468278023279,0.13027328298457785,-0.6759706481310853,1.0823629421649192,-1.1163805817876435,-0.6543489273088631,1.0939412171916474,3.83,30.17,59.84,0.201,1.046,1.147,67.12468547412345,-49.99636759079307,-44.756702377419785,1.7100350947754368,1,0,0,0,0
657,681,1777638304.3062959,4819.536,1.6023196988875048,-0.03441815302253648,-1.7595679218904685,-0.6356121310028788,2.5773336977482924,0.733600468433974,0.1293158310084664,-0.6763122370343289,1.0806363676043143,-1.1153139384293351,-0.6543585194088744,1.093679287773555,3.83,30.17,59.84,0.201,1.046,1.147,67.12468547412345,-50.000404642446455,-44.752875711795106,1.6920552934933424,1,0,0,0,0
658,682,1777638304.3128724,4819.544,1.6006871050303184,-0.03218298897150795,-1.7628726673661497,-0.6316211984024331,2.578073205731423,0.7359419273745013,0.12843979091511298,-0.6765201629103637,1.0788251741919823,-1.1143395664388958,-0.6541765664133296,1.0933229769582609,3.83,30.17,59.84,0.201,1.046,1.147,67.12468547412345,-50.012528341980214,-44.73976754808476,1.6803596597060197,1,0,0,0,0
659,683,1777638304.3202746,4819.552,1.5993304820597603,-0.029790867562739187,-1.7662288636481733,-0.628015261243033,2.578600079579413,0.7379537086910006,0.12775661129036858,-0.6766672752001688,1.076918621637994,-1.1133587920739674,-0.6539859759892848,1.0930234062851287,3.83,30.17,59.84,0.201,1.046,1.147,67.12468547412345,-50.0228604721398,-44.72856278360314,1.6710779449523967,1,0,0,0,0
660,684,1777638304.3282325,4819.5599999999995,1.5982583542856368,-0.02726069262955111,-1.7696153968732293,-0.6248092042179554,2.578909289122821,0.7396211968900729,0.12734740588940785,-0.6767999954703625,1.0750021626774906,-1.1123400322905885,-0.6538761843929018,1.0928781957953597,3.83,30.17,59.84,0.201,1.046,1.147,67.12468547412345,-50.02582950767851,-44.72553274046433,1.663280839285652,1,0,0,0,0
661,685,1777638304.3356812,4819.568,1.5974772118326594,-0.024612469920518798,-1.7730107844596255,-0.6220144588921865,2.578997234664949,0.7409328544040924,0.1271109828607745,-0.6769902128988387,1.072980696649677,-1.1112808607226088,-0.6536782587160058,1.0927672042330996,3.83,30.17,59.84,0.201,1.046,1.147,67.12468547412345,-50.02945940478002,-44.721573908102926,1.6605477552771308,1,0,0,0,0
662,686,1777638304.3420186,4819.576,1.596962936984979,-0.021874544281206276,-1.7763956269920111,-0.6195991937935048,2.5788831433395245,0.7419157142838437,0.12696441896485788,-0.6770886895998095,1.07101338265575,-1.1103595819994634,-0.6533661147497775,1.0926190269104143,3.83,30.17,59.84,0.201,1.046,1.147,67.12468547412345,-50.03761294535975,-44.71236367227909,1.6628967400965555,1,0,0,0,0
663,687,1777638304.3509486,4819.584,1.5965686707811448,-0.019100450650327616,-1.7797666957305278,-0.6173602393063069,2.5786779234306163,0.7427499398245174,0.127006420096258,-0.6772830841114698,1.0689853858183607,-1.1092137587956654,-0.6532360320141232,1.0923919326942204,3.83,30.17,59.84,0.201,1.046,1.147,67.12468547412345,-50.04329168046404,-44.706405323150804,1.652174587067635,1,0,0,0,0
664,688,1777638304.3563526,4819.592,1.5961743828725794,-0.016325683299504234,-1.783129353795779,-0.6151309247679411,2.578471737943122,0.7435838402066927,0.1271543736166543,-0.6774024722644496,1.0669770330647217,-1.1080863642270422,-0.6532785567248666,1.0923299759799925,3.83,30.17,59.84,0.201,1.046,1.147,67.12468547412345,-50.039378697562526,-44.711254974972796,1.6394078580071314,1,0,0,0,0
665,689,1777638304.3643053,4819.599999999999,1.5957800740360328,-0.013550202216094931,-1.786483629951963,-0.6129112666173828,2.5782645860898654,0.7444174099499304,0.12719857913477597,-0.6776054859035003,1.0649683209214564,-1.1068777962255854,-0.6532864360559606,1.092080598869746,3.83,30.17,59.84,0.201,1.046,1.147,67.12468547412345,-50.04237159321718,-44.70857880507639,1.6209338532600999,1,0,0,0,0
666,690,1777638304.3788452,4819.608,1.5953857450477598,-0.01077396747985393,-1.7898295524854504,-0.6107012816741495,2.5780564670938197,0.7452506435772637,0.1271836277325802,-0.6778291983097235,1.06296776864999,-1.1056913354237223,-0.6530847481916007,1.0917527694935438,3.83,30.17,59.84,0.201,1.046,1.147,67.12468547412345,-50.05298558237157,-44.697102243706496,1.6096848469659832,1,0,0,0,0
667,691,1777638304.3789928,4819.616,1.5949913966835423,-0.00799693926025924,-1.7931671492093901,-0.6085009871362539,2.577847380188084,0.7460835356153148,0.1271288017925543,-0.677803988428672,1.0610920272825972,-1.10486712594545,-0.6527826245438354,1.0916225354264455,3.83,30.17,59.84,0.201,1.046,1.147,67.12468547412345,-50.06069940630759,-44.688343096281045,1.6129991507700394,1,0,0,0,0
668,692,1777638304.385092,4819.624,1.5945970297187149,-0.005219077813896078,-1.7964964474682112,-0.6063104005781943,2.577637324615864,0.7469160805944136,0.12710680872585922,-0.677920907193002,1.0590750875847132,-1.1038953174860484,-0.6525584509924968,1.0914693438999126,3.83,30.17,59.84,0.201,1.046,1.147,67.12468547412345,-50.06674662162958,-44.68165037091049,1.6107150142896325,1,0,0,0,0
669,693,1777638304.3934543,4819.632,1.5942026449281892,-0.002440343481889151,-1.7998174741420314,-0.6041295399489908,2.5774262996304547,0.7477482730487145,0.12698772776506484,-0.6780383162963859,1.0571157148539232,-1.102972064183065,-0.6522981465689296,1.0911749857014441,3.83,30.17,59.84,0.201,1.046,1.147,67.12468547412345,-50.078718077593166,-44.66842141433938,1.6054669276977256,1,0,0,0,0
670,694,1777638304.3992271,4819.639999999999,1.5938082430864773,0.0003393033126082301,-1.8031302556509807,-0.6019584235702613,2.5772143044952216,0.7485801075163139,0.12675603416978734,-0.6781949612525614,1.0550975708842687,-1.1019613870435623,-0.651960696259794,1.090583800291261,3.83,30.17,59.84,0.201,1.046,1.147,67.12468547412345,-50.102320050152954,-44.642407110160725,1.5926120063316054,1,0,0,0,0
671,695,1777638304.4064713,4819.648,1.5934138249677154,0.003119902066876805,-1.8064348179594223,-0.5997970701343371,2.57700133848358,0.7494115785393675,0.12656287670495459,-0.678309155446128,1.053138460723123,-1.100959657947902,-0.651727666070093,1.0900628344948922,3.83,30.17,59.84,0.201,1.046,1.147,67.12468547412345,-50.12113726178113,-44.621818462748315,1.5774399079610797,1,0,0,0,0
672,696,1777638304.4085412,4819.648,1.5934138249677154,0.003119902066876805,-1.8064348179594223,-0.5997970701343371,2.57700133848358,0.7494115785393675,0.12656287670495459,-0.678309155446128,1.053138460723123,-1.100959657947902,-0.651727666070093,1.0900628344948922,3.05,31.52,60.48,0.262,1.077,1.042,68.26890434158146,-51.43247914933746,-44.88916952987868,0.5530347826105544,0,1,0,0,0
673,697,1777638304.4138055,4819.656,1.5930193913456865,0.005901492201042057,-1.8097311865800947,-0.5976454987024153,2.576787400878981,0.7502426806642066,0.1264098691049799,-0.6784879422474974,1.05108992786605,-1.099907207354095,-0.6515159939153199,1.089613852577384,3.05,31.52,60.48,0.262,1.077,1.042,68.26890434158146,-51.44874650667184,-44.87068841792457,0.5395403541457631,1,0,0,0,0
674,698,1777638304.4294226,4819.664,1.5926249429938428,0.008684113060435324,-1.813019386578162,-0.5955037287027514,2.5765724909748933,0.7510734084414558,0.12628205654369312,-0.6786748908042554,1.0490660907195264,-1.0988761917735463,-0.6513457020831859,1.08923295048534,3.05,31.52,60.48,0.262,1.077,1.042,68.26890434158146,-51.46177154473314,-44.85590222749044,0.5266923537614865,1,0,0,0,0
675,699,1777638304.4296968,4819.672,1.5922304806853296,0.011467803917904966,-1.8162994425751755,-0.5933717799288845,2.5763566080747804,0.7519037564261482,0.1261364797602577,-0.6789029583478132,1.0470632758563008,-1.09779470262037,-0.6511843496165256,1.0887878952372634,3.05,31.52,60.48,0.262,1.077,1.042,68.26890434158146,-51.47658903243781,-44.83908126239305,0.5107574081836628,1,0,0,0,0
676,700,1777638304.4356704,4819.679999999999,1.5918360051930058,0.014252603976078576,-1.8195713787529595,-0.5912496725379022,2.5761397514920876,0.7527337191778426,0.12609902397978334,-0.6791220872221084,1.045090858045704,-1.0966815831655747,-0.6511479913361841,1.0885086101536747,3.05,31.52,60.48,0.262,1.077,1.042,68.26890434158146,-51.482616677106066,-44.83234174046331,0.49458482029840045,1,0,0,0,0
677,701,1777638304.443215,4819.688,1.5914415172894678,0.017038552369576705,-1.82283521885741,-0.5891374270487342,2.5759219205502255,0.7535632912607392,0.12607539988753305,-0.6792839354130706,1.0431478606169287,-1.095600913632553,-0.6510212814244315,1.0882433245756458,3.05,31.52,60.48,0.262,1.077,1.042,68.26890434158146,-51.49042309951698,-44.82349652526945,0.4835165787069524,1,0,0,0,0
678,702,1777638304.4506366,4819.696,1.5910470177470692,0.019825688167178564,-1.8260909862022103,-0.5870350643404816,2.5757031145825486,0.754392467243795,0.12601778000012506,-0.6794665774159383,1.0411280746804041,-1.0945205955617863,-0.6510237576996132,1.0879139020998492,3.05,31.52,60.48,0.262,1.077,1.042,68.26890434158146,-51.49738933529828,-44.81570016524579,0.4639076928592951,1,0,0,0,0
679,703,1777638304.4579878,4819.704,1.5906525073379418,0.022614050373940223,-1.8293387036724802,-0.5849426056507774,2.575483332932343,0.7552212417008402,0.12593946536177772,-0.6795922889946437,1.0391150224601544,-1.0934795841709741,-0.6508620421374991,1.087585413380588,3.05,31.52,60.48,0.262,1.077,1.042,68.26890434158146,-51.50835257989178,-44.803215407047404,0.4525524226712285,1,0,0,0,0
680,704,1777638304.4640784,4819.7119999999995,1.5902579868340174,0.025403677933265693,-1.8325783937283262,-0.5828600725741762,2.5752625749528093,0.7560496092106922,0.12584102549048626,-0.6796159684837492,1.0371715516769289,-1.0925836358946563,-0.6506489100159325,1.0873183434457319,3.05,31.52,60.48,0.262,1.077,1.042,68.26890434158146,-51.51898901040251,-44.79104064578847,0.44693311954929094,1,0,0,0,0
681,705,1777638304.471631,4819.719999999999,1.5898634570070502,0.028194609728931383,-1.8358100784083362,-0.5807874870605767,2.5750408400070395,0.7568775643572717,0.1257143110436667,-0.6799429588218661,1.0350999076709406,-1.0913283637151079,-0.6505814811082333,1.0867739415294957,3.05,31.52,60.48,0.262,1.077,1.042,68.26890434158146,-51.534302663735645,-44.7736648295603,0.4217661587702004,1,0,0,0,0
682,706,1777638304.4814315,4819.728,1.5894689186286328,0.03098688458706431,-1.8390337793329916,-0.5787248714136677,2.57481812746801,0.7577051017297165,0.12561334069727637,-0.680015562163057,1.033128559728945,-1.0903666040417617,-0.6504447878078466,1.0864822696681493,3.05,31.52,60.48,0.262,1.077,1.042,68.26890434158146,-51.54371583015278,-44.762926923289946,0.4111346259571649,1,0,0,0,0
683,707,1777638304.485944,4819.736,1.58907437247022,0.03378054127807445,-1.8422495177080052,-0.5766722482894071,2.574594436718563,0.7585322159224964,0.12545657671869898,-0.6801663110717164,1.0311414949115698,-1.0893820750575829,-0.6502649146612739,1.0860564594021094,3.05,31.52,60.48,0.262,1.077,1.042,68.26890434158146,-51.558670808011556,-44.74582285126434,0.39762026402920725,1,0,0,0,0
684,708,1777638304.4931283,4819.744,1.588679819303148,0.03657561851854159,-1.8454573143275912,-0.574629640694523,2.574369767151385,0.7593589015355271,0.12530211585475748,-0.6803535215439391,1.0291185807341747,-1.088324788247583,-0.6500352125946076,1.0855806866312536,3.05,31.52,60.48,0.262,1.077,1.042,68.26890434158146,-51.57622190079579,-44.72570845169961,0.3842368194707504,1,0,0,0,0
685,709,1777638304.5001323,4819.7519999999995,1.5882852598986519,0.039372154973057044,-1.8486571895776578,-0.572597071985042,2.574144118168997,0.7601851531742837,0.12520398704043373,-0.6806158049723809,1.0270825896099012,-1.0872070104840033,-0.6500171060518685,1.0851975016672233,3.05,31.52,60.48,0.262,1.077,1.042,68.26890434158146,-51.5853643564693,-44.71533666361706,0.3635261609441409,1,0,0,0,0
686,710,1777638304.5076268,4819.76,1.5878906950278884,0.04217018925602053,-1.851849163438942,-0.5705745658648418,2.573917489183737,0.7610109654499148,0.12510227548530417,-0.6808845752343946,1.0251033826439881,-1.086040260364388,-0.6499561640825876,1.0847621510786722,3.05,31.52,60.48,0.262,1.077,1.042,68.26890434158146,-51.59711237537181,-44.701944675207486,0.3426904987625994,1,0,0,0,0
687,711,1777638304.5170698,4819.768,1.5874961254619517,0.04496975993339249,-1.855033255490067,-0.5685621463842265,2.573689879617744,0.7618363329793547,0.12497810424645121,-0.681109529322587,1.0231129993142447,-1.084894474760542,-0.6498577379749325,1.0842781440947917,3.05,31.52,60.48,0.262,1.077,1.042,68.26890434158146,-51.61149806263343,-44.68548785103236,0.3220919837910463,1,0,0,0,0
688,712,1777638304.5223582,4819.776,1.5871015519718936,0.04777090552440222,-1.8582094849105388,-0.5665598379385246,2.5734612889029425,0.7626612503854371,0.12486716248249025,-0.6813292100202134,1.0211184692718016,-1.083770564651813,-0.6498040975549464,1.0838740191425151,3.05,31.52,60.48,0.262,1.077,1.042,68.26890434158146,-51.622167535989064,-44.673299615017726,0.3023580545209308,1,0,0,0,0
689,713,1777638304.5891683,4819.784,1.5867069753287426,0.050573664503211914,-1.8613778704836754,-0.5645676652667104,2.573231716481029,0.7634857122970067,0.12477622599888252,-0.6814823830784311,1.0191352520013293,-1.0827621519897541,-0.6497234566172381,1.0835537115632987,3.05,31.52,60.48,0.262,1.077,1.042,68.26890434158146,-51.63104644395909,-44.663133973293846,0.2877616815076953,1,0,1,1,0
690,714,1777638304.590676,4819.7919999999995,1.586312396303521,0.053378075300537065,-1.8645384305994739,-0.5625856534500411,2.5730011618034556,0.7643097133490319,0.1246929047756853,-0.6816016440311148,1.0171526941095965,-1.0817538477894075,-0.6495731628135893,1.0832320054523883,3.05,31.52,60.48,0.262,1.077,1.042,68.26890434158146,-51.641605638367935,-44.650995580263796,0.27651542913142535,1,0,1,1,0
691,715,1777638304.5907218,4819.8,1.5859178156672638,0.05618417630522326,-1.8676911832574117,-0.5606138279107169,2.572769624331416,0.7651332481827161,0.1245524810113979,-0.6817024052368341,1.0151689746724908,-1.0808125295140938,-0.6494001988709551,1.0828631565110367,3.05,31.52,60.48,0.262,1.077,1.042,68.26890434158146,-51.65458432886565,-44.63604938699058,0.26516586176301526,1,0,1,1,0
692,716,1777638304.590754,4819.808,1.5855232341910366,0.058992005865779636,-1.8708361460691911,-0.5586522144105608,2.5725371035358275,0.7659563114456094,0.12443507839838283,-0.6817952951386004,1.0131937233759998,-1.07984024304792,-0.6491642025294769,1.0824815876046934,3.05,31.52,60.48,0.262,1.077,1.042,68.26890434158146,-51.66934895359367,-44.61900966520012,0.256232723407261,1,0,1,1,0
693,717,1777638304.590784,4819.808,1.5855232341910366,0.058992005865779636,-1.8708361460691911,-0.5586522144105608,2.5725371035358275,0.7659563114456094,0.12443507839838283,-0.6817952951386004,1.0131937233759998,-1.07984024304792,-0.6491642025294769,1.0824815876046934,3.5,30.88,61.25,0.204,1.155,1.103,68.68323594589876,-51.454437774725946,-45.486584466249255,0.8935137836799125,0,1,1,1,0
694,718,1777638304.5918605,4819.816,1.5851286526459525,0.061801602291869234,-1.87397333626142,-0.5567008390497117,2.572303598897321,0.7667788977917191,0.12428831023422018,-0.6819347841560485,1.0111743114659235,-1.0788434508066478,-0.6490786396166919,1.0820862398552031,3.5,30.88,61.25,0.204,1.155,1.103,68.68323594589876,-51.4659894464634,-45.47385986652193,0.8757277753071362,1,0,1,1,0
695,719,1777638304.5930471,4819.824,1.584734071803191,0.06461300385575634,-1.8771027706782348,-0.5547597282653376,2.5720691099062236,0.7676010018816207,0.12421156567096031,-0.6821355072621851,1.0091606381156975,-1.0777483516977717,-0.6489740376746733,1.0816792035558949,3.5,30.88,61.25,0.204,1.155,1.103,68.68323594589876,-51.47796347620391,-45.46064798051977,0.8577071375932244,1,0,1,1,0
696,720,1777638304.5931036,4819.831999999999,1.5843394924340135,0.067426248793711,-1.880224465783865,-0.552828908830362,2.5718336360625464,0.7684226183825678,0.12409017338939834,-0.6822473756018914,1.0072032665692352,-1.0767667199071287,-0.648726796132648,1.0813285424578876,3.5,30.88,61.25,0.204,1.155,1.103,68.68323594589876,-51.491788523935504,-45.44514076276786,0.8495855804554493,1,0,1,1,0
697,721,1777638304.594161,4819.84,1.5839449153097807,0.07024137530737073,-1.8833384376651416,-0.550908407852206,2.571597176875965,0.7692437419686018,0.12397298264581738,-0.6825703594258863,1.0051612807194314,-1.0755882990311418,-0.6487253505145208,1.0809079115321056,3.5,30.88,61.25,0.204,1.155,1.103,68.68323594589876,-51.50145356338205,-45.43463280822133,0.8254225832264579,1,0,1,1,0
698,722,1777638304.5949373,4819.848,1.5835503412019705,0.0730584215650598,-1.8864447020339448,-0.5489982527715451,2.5713597318658135,0.7700643673206616,0.12387631117679904,-0.682762337118542,1.0031542768184123,-1.0744944294244245,-0.6486552397193415,1.0805246438052507,3.5,30.88,61.25,0.204,1.155,1.103,68.68323594589876,-51.51178082218035,-45.42326149109449,0.806630051079499,1,0,1,1,0
699,723,1777638304.5960941,4819.856,1.5831557708821924,0.0758774257030658,-1.8895432742296094,-0.5470984713610783,2.571121300561062,0.7708844891266925,0.12381934454474483,-0.6829398507596317,1.0011843615900387,-1.073420545424844,-0.6486099477688569,1.0802412172464229,3.5,30.88,61.25,0.204,1.155,1.103,68.68323594589876,-51.51809110697895,-45.41639009059912,0.7903795490430054,1,0,1,1,0
700,724,1777638304.6033034,4819.864,1.582761205122206,0.07869842582687389,-1.8926341692212567,-0.5452090917243062,2.5708818825003075,0.7717041020817542,0.12369551017562139,-0.6832479298629757,0.9991485859056739,-1.072238950745559,-0.6486188274932091,1.0797568891401865,3.5,30.88,61.25,0.204,1.155,1.103,68.68323594589876,-51.52974736310608,-45.403625451666116,0.763434698764561,1,0,1,1,0
701,725,1777638304.6081638,4819.871999999999,1.5823666446939368,0.08152146001235862,-1.895717401610094,-0.5433301422943249,2.57064147723176,0.7725232008881295,0.12356428767162744,-0.6833699668291111,0.9971969696238887,-1.0712519873843254,-0.6484666858280387,1.0793397477502482,3.5,30.88,61.25,0.204,1.155,1.103,68.68323594589876,-51.54365778710256,-45.38808511440986,0.7483124836234696,1,0,1,1,0
702,726,1777638304.6154008,4819.88,1.58197209036949,0.08434656630693338,-1.8987929856316477,-0.5414616518326252,2.570400084313224,0.7733417802554318,0.12347687421223333,-0.68353898676467,0.9952047238556213,-1.0702228573203454,-0.6483603975560687,1.0790373599723462,3.5,30.88,61.25,0.204,1.155,1.103,68.68323594589876,-51.55225796930735,-45.37853827629923,0.7347531370694877,1,0,1,1,0
703,727,1777638304.624605,4819.888,1.5815775429211687,0.08717378273065755,-1.901860935157952,-0.5396036494279048,2.570157703312095,0.7741598349007117,0.12335848546432043,-0.6835799130307054,0.9932418963768105,-1.069321773108787,-0.6481192812816957,1.0787059332419213,3.5,30.88,61.25,0.204,1.155,1.103,68.68323594589876,-51.56559590669548,-45.363493829724746,0.7277680591480538,1,0,1,1,0
704,728,1777638304.6298783,4819.896,1.5811830031214882,0.09000314727730134,-1.9049212636996895,-0.5377561644948852,2.5699143338053307,0.7749773595485647,0.12323832191164477,-0.6836320719043838,0.9912877544382159,-1.0684254526765062,-0.6479140982744361,1.0783905486144323,3.5,30.88,61.25,0.204,1.155,1.103,68.68323594589876,-51.57754508587391,-45.35003691879321,0.7196487884632354,1,0,1,1,0
705,729,1777638304.6370342,4819.9039999999995,1.5807884717431921,0.09283469791536819,-1.9079739844082724,-0.5359192267731387,2.569669975379451,0.7757943489312368,0.12309013115499379,-0.6837428358561775,0.9892847565848569,-1.0674350310750083,-0.6477380824872473,1.0779699414045376,3.5,30.88,61.25,0.204,1.155,1.103,68.68323594589876,-51.59210603753252,-45.333691585981896,0.7056215693096641,1,0,1,1,0
706,730,1777638304.6446526,4819.911999999999,1.5803939495592676,0.09566847258907495,-1.9110191100778877,-0.5340928663259188,2.5694246276305215,0.7766107977887303,0.12300913780258843,-0.6837946121991378,0.987367573484512,-1.0665495505951899,-0.647594957710429,1.0777316521164615,3.5,30.88,61.25,0.204,1.155,1.103,68.68323594589876,-51.59992854859742,-45.32491594402007,0.6973295111752682,1,0,1,1,0
707,731,1777638304.6514673,4819.92,1.57999943734296,0.09850450921928953,-1.9140566531474903,-0.5322771135389983,2.569178290164132,0.7774267008689096,0.12288690496052375,-0.6840163953238437,0.9853678525943369,-1.0654869801950526,-0.6474468113800196,1.0773299957004776,3.5,30.88,61.25,0.204,1.155,1.103,68.68323594589876,-51.61284537403697,-45.31043855995647,0.6820922959243552,1,0,1,1,0
708,732,1777638304.6588106,4819.928,1.5796049358677866,0.10134284570442614,-1.9170866257027477,-0.5304719991195119,2.5689309625953918,0.7782420529276055,0.12278971525783422,-0.6841760093793849,0.9833931152523077,-1.064465589572613,-0.6473108803151785,1.0769637869063053,3.5,30.88,61.25,0.204,1.155,1.103,68.68323594589876,-51.62440650128262,-45.29747809474037,0.6678560075670292,1,0,1,1,0
709,733,1777638304.666013,4819.936,1.5792104459075533,0.10418351992129794,-1.9201090394779428,-0.5286775540947986,2.5686826445489164,0.7790568487287198,0.1227143285329669,-0.684452718560547,0.9813589491606898,-1.0633022709777666,-0.6472696514293035,1.076578625646903,3.5,30.88,61.25,0.204,1.155,1.103,68.68323594589876,-51.633801204944966,-45.28706872906761,0.6472086656783773,1,0,1,1,0
710,734,1777638304.6773498,4819.9439999999995,1.5788159682363672,0.10702656972592706,-1.9231239058578247,-0.5268938098112512,2.56843333565881,0.7798710830443292,0.12259834118882647,-0.6846501854937713,0.9793610862223496,-1.0622174810011387,-0.6472629291957541,1.0761753171432336,3.5,30.88,61.25,0.204,1.155,1.103,68.68323594589876,-51.643380641135444,-45.27645885296666,0.6248277285881487,1,0,1,1,0
711,735,1777638304.6804512,4819.952,1.5784215036286522,0.10987203295431185,-1.9261312358794314,-0.525120797933166,2.5681830355686515,0.7806847506547884,0.12250307904564087,-0.6848156875477815,0.9773755581775936,-1.061126386395898,-0.647247266055893,1.0757673079379673,3.5,30.88,61.25,0.204,1.155,1.103,68.68323594589876,-51.65330554898599,-45.26543602334455,0.6026835650602944,1,0,1,1,0
712,736,1777638304.687691,4819.96,1.578027052859163,0.1127199474231513,-1.92913104023385,-0.5233585504415919,2.5679317439314886,0.781497846348833,0.12240876082167909,-0.6850602815304034,0.9754013235572724,-1.0600141981162723,-0.6471726043770895,1.0753765268625806,3.5,30.88,61.25,0.204,1.155,1.103,68.68323594589876,-51.66390035905889,-45.25358927948834,0.5839152443739755,1,0,1,1,0
713,737,1777638304.6951292,4819.968,1.5776326167029984,0.11557035093052641,-1.9321233292679452,-0.5216070996331776,2.567679460409817,0.7823103649236821,0.12229336840291395,-0.6852089095410565,0.9734026636580866,-1.058988609707664,-0.647115461765953,1.0750298550924928,3.5,30.88,61.25,0.204,1.155,1.103,68.68323594589876,-51.67291425277437,-45.24351748574105,0.5665316786127201,1,0,1,1,0
714,738,1777638304.6977808,4819.968,1.5776326167029984,0.11557035093052641,-1.9321233292679452,-0.5216070996331776,2.567679460409817,0.7823103649236821,0.12229336840291395,-0.6852089095410565,0.9734026636580866,-1.058988609707664,-0.647115461765953,1.0750298550924928,3.64,20.46,50.67,0.425,0.572,2.144,54.76595749185803,-38.242900680270395,-39.136632819780985,2.2615523625634495,0,1,1,1,0
715,739,1777638304.7021172,4819.976,1.5772381959356165,0.11842328125653831,-1.9351081129860521,-0.5198664781190248,2.5674261846755755,0.7831223011851396,0.12219423523039022,-0.6852997447617951,0.971404894622325,-1.0579819206082814,-0.6469556071640853,1.0746536999059044,3.64,20.46,50.67,0.425,0.572,2.144,54.76595749185803,-38.25281826206867,-39.12778977794005,2.2467892875111186,1,0,1,1,0
716,740,1777638304.7090526,4819.9839999999995,1.5768437913328466,0.12127877616390317,-1.9380854010516124,-0.5181367188235306,2.5671719164101248,0.7839336499476958,0.12203667130020171,-0.6854628689684102,0.9694115412173695,-1.0569745296230393,-0.6468067239926525,1.0742183669319072,3.64,20.46,50.67,0.425,0.572,2.144,54.76595749185803,-38.26436426164272,-39.117464522974245,2.229909627355119,1,0,1,1,0
717,741,1777638304.7165022,4819.992,1.5764494036709022,0.12413687339850349,-1.9410552027887853,-0.5164178549832323,2.5669166553042366,0.7847444060346277,0.12194094920258843,-0.6855170628759051,0.9674796749859,-1.0560828959900208,-0.6465334754055945,1.0739532799614,3.64,20.46,50.67,0.425,0.572,2.144,54.76595749185803,-38.27351941050355,-39.10885078213436,2.2238710471956624,1,0,1,1,0
718,742,1777638304.7288706,4820.0,1.5760550337263979,0.12699761068989562,-1.944017527184009,-0.5147099201456458,2.5666604010580905,0.7855545642780997,0.1218254648974666,-0.685717410207719,0.9654606973324354,-1.054966449192244,-0.6465024907375745,1.0734449500871954,3.64,20.46,50.67,0.425,0.572,2.144,54.76595749185803,-38.28458744951206,-39.099406026179196,2.199298120002547,1,0,1,1,0
719,743,1777638304.7321088,4820.008,1.5756606822763581,0.12986102575177347,-1.9469723828875338,-0.5130129481681003,2.5664031533812484,0.7863641195192627,0.12169058043537326,-0.6859155495401056,0.9634922753745645,-1.0539255743793796,-0.6463878622181207,1.0730512103366228,3.64,20.46,50.67,0.425,0.572,2.144,54.76595749185803,-38.294034381034436,-39.09112322962371,2.1819980454909773,1,0,1,1,0
720,744,1777638304.7381437,4820.016,1.575266350098234,0.13272715628238788,-1.949919778214909,-0.5113269732165646,2.566144911992648,0.7871730666083535,0.12156871687783107,-0.6860325447917164,0.9615305245139307,-1.052982212625782,-0.646213735685787,1.0727013952888351,3.64,20.46,50.67,0.425,0.572,2.144,54.76595749185803,-38.30370347660181,-39.08235949300526,2.1692340666843863,1,0,1,1,0
721,745,1777638304.7457457,4820.023999999999,1.5748720379699126,0.13559603996492162,-1.9528597211484335,-0.5096520297644718,2.5658856766205904,0.787981400404793,0.12146295910772284,-0.6862472632866591,0.9594845659334791,-1.0519092325435477,-0.6461466470572604,1.072323342379134,3.64,20.46,50.67,0.425,0.572,2.144,54.76595749185803,-38.31161389561933,-39.07565419001353,2.1502535514366015,1,0,1,1,0
722,746,1777638304.7526207,4820.032,1.5744777466697322,0.13846771446781972,-1.9557922193385764,-0.5079881525915297,2.565625447002727,0.7887891157772842,0.12135679261654848,-0.686456582036918,0.95748010098859,-1.050829465271506,-0.6460729266711024,1.0719333503398472,3.64,20.46,50.67,0.425,0.572,2.144,54.76595749185803,-38.3199893338728,-39.06848874231961,2.1311275989768523,1,0,1,1,0
723,747,1777638304.759877,4820.04,1.5740834769764955,0.14134221744507486,-1.9587172801053576,-0.5063353767825252,2.565364222886048,0.7895962076039095,0.12124594610214577,-0.6866324828914849,0.9555077854225562,-1.0497293777205614,-0.6460478174810979,1.0714996310620426,3.64,20.46,50.67,0.425,0.572,2.144,54.76595749185803,-38.32871165674299,-39.06114978389661,2.108682122617778,1,0,1,1,0
724,748,1777638304.76697,4820.048,1.573689229669478,0.1442195865364674,-1.9616349104396917,-0.5046937377261216,2.5651020040268673,0.7904026707722275,0.12111232940268302,-0.6868957735762111,0.9534629787567075,-1.0485988358218892,-0.6460558757718572,1.071044101826562,3.64,20.46,50.67,0.425,0.572,2.144,54.76595749185803,-38.33734320996296,-39.05400110889381,2.084037664733599,1,0,1,1,0
725,749,1777638304.7789965,4820.056,1.5732976328156383,0.14710740646186052,-1.9645418001069928,-0.50309288708553,2.5648444653360762,0.7912014737487568,0.12101787992804319,-0.6869411906543978,0.9515433862312188,-1.047683471916439,-0.6457831163531328,1.0707310320535126,3.64,20.46,50.67,0.425,0.572,2.144,54.76595749185803,-38.34786425336739,-39.04407384553842,2.0764644830698114,1,0,1,1,0
726,750,1777638304.78425,4820.063999999999,1.5729127757947756,0.15001752660367773,-1.9674327858710896,-0.5015789530014851,2.5646004803826052,0.79198173608018,0.12087049660457734,-0.6870281908452321,0.9495406517973967,-1.0468288945448685,-0.6456260494803024,1.0704007741011359,3.64,20.46,50.67,0.425,0.572,2.144,54.76595749185803,-38.35702667938186,-39.03570446687847,2.0645534848272726,1,0,1,1,0
727,751,1777638304.7894716,4820.072,1.572536121666185,0.15295431057112108,-1.9703060065361822,-0.5001684677163967,2.5643732867235123,0.7927396528014794,0.12076436356139744,-0.6870328494888098,0.9476476373085583,-1.0460676812240963,-0.6453342390229145,1.0701434051504215,3.64,20.46,50.67,0.425,0.572,2.144,54.76595749185803,-38.36690309285982,-39.02619187349947,2.060872367689795,1,0,1,1,0
728,752,1777638304.7951133,4820.08,1.5721676733469758,0.155917930217917,-1.973161433387526,-0.49886151372271303,2.5641629700249897,0.7934753260786814,0.1206746787531347,-0.6872112662376768,0.9456394379490758,-1.045142938185415,-0.6453030371348685,1.0698223036299226,3.64,20.46,50.67,0.425,0.572,2.144,54.76595749185803,-38.37307747202594,-39.021025209052766,2.0436773131689865,1,0,1,1,0
729,753,1777638304.8023565,4820.088,1.5718074338646222,0.15890855172542334,-1.9759990269899461,-0.4976581845261734,2.5639696130040726,0.7941888522679139,0.12052861376211135,-0.6873020119347182,0.9437176031824138,-1.0443798013430132,-0.6450559747674989,1.0694855429523036,3.64,20.46,50.67,0.425,0.572,2.144,54.76595749185803,-38.384566948027896,-39.01012447976181,2.0360030171520576,1,0,1,1,0
730,754,1777638304.8095937,4820.096,1.5714554063653523,0.16192633557190622,-1.9788187372294352,-0.49655858460747204,2.563793295437364,0.7948803218752185,0.12042703881604627,-0.6876436264871852,0.9416722463247453,-1.043403649848539,-0.6451018606200445,1.069141119211077,3.64,20.46,50.67,0.425,0.572,2.144,54.76595749185803,-38.38977374552406,-39.00610860990072,2.0146619766353524,1,0,1,1,0
731,755,1777638304.8167377,4820.103999999999,1.5711115941221365,0.16497143649542648,-1.98162050335287,-0.4955628293789527,2.5636340941692595,0.7955498195171398,0.12030208465892031,-0.68790551442438,0.9396315486503596,-1.0425757584061277,-0.6450542449992549,1.0688107667270812,3.64,20.46,50.67,0.425,0.572,2.144,54.76595749185803,-38.39700625054206,-38.99980398066619,1.9988247710713205,1,0,1,1,0
732,756,1777638304.859987,4820.112,1.5707797225441178,0.16798132674653452,-1.9843568250949346,-0.4946604043487195,2.5634895004936347,0.7961919379430343,0.12020599116978892,-0.6881249821010578,0.9376108596740107,-1.0417678534846566,-0.6450589988744374,1.068541036814873,3.64,20.46,50.67,0.425,0.572,2.144,54.76595749185803,-38.40146593908911,-38.99622615111807,1.9828917519206328,1,0,1,1,0
733,757,1777638304.8622003,4820.12,1.5704637288340937,0.170889526357596,-1.9869780207997607,-0.49383930750860827,2.563356868946368,0.7968009320382372,0.12009421399189121,-0.6883604359950246,0.935624413083233,-1.041001898218105,-0.6450992838972244,1.0682471089359116,3.64,20.46,50.67,0.425,0.572,2.144,54.76595749185803,-38.40620945164557,-38.99244428975121,1.965315208046304,1,0,1,1,0
734,758,1777638304.864334,4820.12,1.5704637288340937,0.170889526357596,-1.9869780207997607,-0.49383930750860827,2.563356868946368,0.7968009320382372,0.12009421399189121,-0.6883604359950246,0.935624413083233,-1.041001898218105,-0.6450992838972244,1.0682471089359116,3.57,20.84,50.82,0.456,0.575,2.083,55.042918708949294,-38.79768085005419,-39.00148836195783,1.8294169042087702,0,1,1,1,0
735,759,1777638304.8644402,4820.128,1.5701638259281543,0.17369206023061948,-1.9894821312284794,-0.4930977229059028,2.5632361411572226,0.7973765307063192,0.11997412113388753,-0.6886063778038203,0.9337026165798404,-1.0402712591157353,-0.6451155451489958,1.0679589163705692,3.57,20.84,50.82,0.456,0.575,2.083,55.042918708949294,-38.80290560668858,-38.9970386065634,1.8133936132622157,1,0,1,1,0
736,760,1777638304.8655412,4820.1359999999995,1.5698800109760604,0.17638858718689732,-1.9918699218729188,-0.4924344814402257,2.5631274035065825,0.7979187771746077,0.11984702191109756,-0.6888378123556833,0.9319678627744423,-1.0396106911587282,-0.6451222376254413,1.0676531795728834,3.57,20.84,50.82,0.456,0.575,2.083,55.042918708949294,-38.80918344492862,-38.99150706711582,1.7979313037310947,1,0,1,1,0
737,761,1777638304.866449,4820.144,1.5696122811465987,0.17897877259200948,-1.9941421255123224,-0.4918484578867348,2.5630307371758043,0.7984277111515747,0.11976418125564252,-0.6890286730709396,0.9303029145870261,-1.0390107252942804,-0.6451010820111804,1.0674714781834815,3.57,20.84,50.82,0.456,0.575,2.083,55.042918708949294,-38.8124214385862,-38.98875460532618,1.7876958352110144,1,0,1,1,0
738,762,1777638304.8681123,4820.152,1.569360633641307,0.1814622890803391,-1.9962994423395912,-0.4913385715779004,2.5629462181419065,0.798903368737019,0.1196744929634741,-0.6890854495192162,0.9287832687912629,-1.0386595845311237,-0.6448890689971594,1.0673772570368885,3.57,20.84,50.82,0.456,0.575,2.083,55.042918708949294,-38.8177108455707,-38.983389659107466,1.7898478694724451,1,0,1,1,0
739,763,1777638304.8681502,4820.16,1.5691250657073939,0.1838388172460894,-1.9983425400671884,-0.49090378706704385,2.562873917172583,0.7993457823377211,0.1195973929703687,-0.6890540735956472,0.9273345210099698,-1.0384049605781254,-0.6447173591989507,1.0673474437684,3.57,20.84,50.82,0.456,0.575,2.083,55.042918708949294,-38.8206890244404,-38.98026929457389,1.7932120315770028,1,0,1,1,0
740,764,1777638304.8792353,4820.168,1.5689055746498468,0.18610804630080469,-2.0002720540143226,-0.49054311477207424,2.5628138998215153,0.7997549805885309,0.1195084926284388,-0.689102757185478,0.9258793197640212,-1.0380899197407192,-0.6446369526684004,1.06723053784639,3.57,20.84,50.82,0.456,0.575,2.083,55.042918708949294,-38.824364130643204,-38.976759547664265,1.7899343604689806,1,0,1,1,0
741,765,1777638304.8818343,4820.1759999999995,1.5687021578427345,0.18826967469740027,-2.002088587176951,-0.4902556115979211,2.562766226423939,0.8001309882788433,0.11945400566857528,-0.68907901486625,0.9245672344210043,-1.0378730673610328,-0.6445933621238172,1.0671877982173912,3.57,20.84,50.82,0.456,0.575,2.083,55.042918708949294,-38.82550073722271,-38.97570252239785,1.788296784504256,1,0,1,1,0
742,766,1777638304.8889737,4820.184,1.568514812739692,0.1903234107207083,-2.003792710282063,-0.49004038153627416,2.5627309520924264,0.8004738262844282,0.11940734172420012,-0.6892387847235731,0.9232664567591146,-1.0374992656338355,-0.6445600732909457,1.067100519412719,3.57,20.84,50.82,0.456,0.575,2.083,55.042918708949294,-38.827092557137945,-38.97433880172749,1.7834512966720695,1,0,1,1,0
743,767,1777638304.8970544,4820.192,1.5683435368835976,0.1922689730445509,-2.005384961827609,-0.489896576241299,2.562708126712838,0.8007835115045776,0.11936367831992784,-0.6893000147326824,0.9221191088763265,-1.0372717461027445,-0.6445424885403221,1.0670530633810265,3.57,20.84,50.82,0.456,0.575,2.083,55.042918708949294,-38.82783501570486,-38.97373135912684,1.780559445740737,1,0,1,1,0
744,768,1777638304.905694,4820.2,1.5681883279154318,0.1941060912553559,-2.0068658481093564,-0.4898233955801041,2.562697794940437,0.8010600568045405,0.11928100604988502,-0.6895149281354447,0.9209142038314246,-1.0369352030852697,-0.6445771882863264,1.0669201987431323,3.57,20.84,50.82,0.456,0.575,2.083,55.042918708949294,-38.82973340836446,-38.972224575056295,1.7721216399340687,1,0,1,1,0
745,769,1777638304.9111228,4820.208,1.568049183582322,0.19583450634233598,-2.0082358432358927,-0.4898200881567947,2.5626999961960992,0.8013034709632163,0.11922496903891519,-0.6895860811150263,0.9198616816259079,-1.0367938266729972,-0.6445129343898728,1.0668864878068214,3.57,20.84,50.82,0.456,0.575,2.083,55.042918708949294,-38.831331864520344,-38.97062428928714,1.7722889523751117,1,0,1,1,0
746,770,1777638304.918302,4820.215999999999,1.5679261017447672,0.1974539711542567,-2.0094953891328977,-0.48988595180904504,2.5627147646626285,0.8015137586260834,0.11913417750555944,-0.6897545881243335,0.9188611380355098,-1.036593090154679,-0.6445613820653109,1.0667294602106123,3.57,20.84,50.82,0.456,0.575,2.083,55.042918708949294,-38.83435515828197,-38.96798978273525,1.7639534384612672,1,0,1,1,0
747,771,1777638304.9268184,4820.224,1.5678190803830505,0.19896425082282504,-2.010644895537732,-0.4900203340761884,2.5627421292811263,0.8016909202633422,0.11909829379778283,-0.689808764920082,0.9179745730276097,-1.0365139606638727,-0.6446430288922492,1.0667355678436703,3.57,20.84,50.82,0.456,0.575,2.083,55.042918708949294,-38.832255906237236,-38.97025315218308,1.7601620627850183,1,0,1,1,0
748,772,1777638304.932178,4820.232,1.5677281176028277,0.20036512315273475,-2.0116847399853324,-0.4902226326379111,2.5627821137474083,0.8018349521332538,0.11903028758624665,-0.6899444982762655,0.917128245142827,-1.0363740965500887,-0.6446305548324134,1.0666070334091997,3.57,20.84,50.82,0.456,0.575,2.083,55.042918708949294,-38.835828063769256,-38.96689839051161,1.7556162521736685,1,0,1,1,0
749,773,1777638304.939646,4820.24,1.5676509549627191,0.20164975321381934,-2.012618262263043,-0.4904667364733051,2.5628297661706805,0.8019517615614576,0.11897356542375281,-0.6899147068786584,0.9164511530837723,-1.0365211568739638,-0.6445670374567626,1.0667038955581847,3.57,20.84,50.82,0.456,0.575,2.083,55.042918708949294,-38.83470623049928,-38.96771472900133,1.762299858138073,1,0,0,0,0
750,774,1777638304.947434,4820.248,1.5675834924850243,0.20280591377456525,-2.0134512471369916,-0.4907056974416051,2.5628760725674695,0.8020520825387845,0.11896623829501987,-0.6899588573874404,0.9158031564038498,-1.0365097439879705,-0.6445355394502209,1.0667081684310569,3.57,20.84,50.82,0.456,0.575,2.083,55.042918708949294,-38.83511449620555,-38.96725167969717,1.7635414930598712,1,0,0,0,0
751,775,1777638304.9542034,4820.255999999999,1.567523886118547,0.2038280187907911,-2.0141864854629574,-0.4909181401383904,2.5629169833406102,0.8021407376747534,0.11893808290693741,-0.689972434873217,0.9152317098443348,-1.0365871495140297,-0.6444746547100488,1.0667948606116495,3.57,20.84,50.82,0.456,0.575,2.083,55.042918708949294,-38.83393322998126,-38.96817463917869,1.7691509771152036,1,0,0,0,0
752,776,1777638304.9616976,4820.264,1.5674721327555927,0.20471590670325973,-2.014824291126189,-0.4911035912471924,2.562952501800339,0.8022177254048124,0.11892336926747943,-0.6900087149762955,0.9147140474107139,-1.0365770886020798,-0.644411840423951,1.0667783281254493,3.57,20.84,50.82,0.456,0.575,2.083,55.042918708949294,-38.83558407738112,-38.966443747095454,1.7710367226875894,1,0,0,0,0
753,777,1777638304.968297,4820.272,1.5674282296940776,0.20546943690182715,-2.0153649369218165,-0.4912616392067122,2.562982630822347,0.8022830443748247,0.1189243566483625,-0.6899748506772921,0.9142717093251419,-1.036605025688781,-0.6443881270762931,1.0668259333382357,3.57,20.84,50.82,0.456,0.575,2.083,55.042918708949294,-38.83468390853281,-38.96722453585388,1.7735945694238628,1,0,0,0,0
754,778,1777638304.977301,4820.28,1.5673921746390027,0.20608848986124245,-2.0158086544588016,-0.49139193444431406,2.5630073728472587,0.8023366934391852,0.11893474946551369,-0.6900355783719827,0.9138692970265897,-1.0365544264260764,-0.6444054189576388,1.0668165454912542,3.57,20.84,50.82,0.456,0.575,2.083,55.042918708949294,-38.83441300006576,-38.96755996535027,1.772156112523633,1,0,0,0,0
755,779,1777638304.9829266,4820.288,1.5673639657037075,0.2065729672555512,-2.0161556340775846,-0.4914941895741993,2.563026729880197,0.8023786716592224,0.11891936459884433,-0.6900714911553307,0.9135582162391813,-1.0365249122468472,-0.6444082549342444,1.0667842667233247,3.57,20.84,50.82,0.456,0.575,2.083,55.042918708949294,-38.83522374066169,-38.96681198686872,1.7708361281527463,1,0,0,0,0
756,780,1777638304.984909,4820.288,1.5673639657037075,0.2065729672555512,-2.0161556340775846,-0.4914941895741993,2.563026729880197,0.8023786716592224,0.11891936459884433,-0.6900714911553307,0.9135582162391813,-1.0365249122468472,-0.6444082549342444,1.0667842667233247,4.93,22.54,50.24,0.461,0.536,1.989,55.28484512052105,-40.383798817174664,-37.65628376076731,2.7508519448589537,0,1,0,0,0
757,781,1777638304.989839,4820.295999999999,1.5673436014108955,0.20692279205149683,-2.016406024781844,-0.49156817956018983,2.5630407034904277,0.8024089783018837,0.11892202758380084,-0.6901057173054184,0.9133359277746368,-1.0364748564509447,-0.6444605297233922,1.0667553301335313,4.93,22.54,50.24,0.461,0.536,1.989,55.28484512052105,-40.38350730874755,-37.65683711599367,2.747554524273321,1,0,0,0,0
758,782,1777638304.9976265,4820.304,1.5673310806934397,0.20713790858124817,-2.0165599341847305,-0.4916137418431319,2.563049294811083,0.8024276128387082,0.11894711327193197,-0.6902509709701212,0.9131641730218937,-1.0362789022447887,-0.6445605984202909,1.0666845557837887,4.93,22.54,50.24,0.461,0.536,1.989,55.28484512052105,-40.38290918657144,-37.65802838480814,2.740007992343939,1,0,0,0,0
759,783,1777638305.0048366,4820.312,1.5673264028949605,0.2072182825947113,-2.0166174284698464,-0.4916307764328707,2.563052504538964,0.8024345749450833,0.11890540346198819,-0.6902368394120868,0.913111787666887,-1.036324111356804,-0.6445442984028831,1.0666668869074012,4.93,22.54,50.24,0.461,0.536,1.989,55.28484512052105,-40.38395918033564,-37.65686569030275,2.7405122337775474,1,0,0,0,0
760,784,1777638305.0135705,4820.32,1.5673607270735364,0.207211174991189,-2.0166049725382713,-0.4916069216544363,2.5630160525106374,0.8024415631449558,0.118934739272674,-0.6903057106016091,0.9130957894511187,-1.0361992760648528,-0.6446455935473161,1.0666079017230363,4.93,22.54,50.24,0.461,0.536,1.989,55.28484512052105,-40.38334133431634,-37.658014845898094,2.7338179424052083,1,0,0,0,0
761,785,1777638305.0191557,4820.3279999999995,1.567478872323725,0.20718458104177864,-2.016560602647271,-0.49152444274291973,2.5628906302548082,0.8024654045955603,0.1189595454474853,-0.6903455471521579,0.9131662556245176,-1.0361119880767784,-0.6445703612439723,1.0665840428191626,4.93,22.54,50.24,0.461,0.536,1.989,55.28484512052105,-40.38494216533852,-37.65618082096199,2.7354327411355497,1,0,0,0,0
762,786,1777638305.0292027,4820.335999999999,1.5676811937101225,0.20713903943341194,-2.016484620093192,-0.4913831992506932,2.5626758471412767,0.8025062326045772,0.11909388687545681,-0.690401372498618,0.9132285266224158,-1.0359235404559461,-0.6445365575255617,1.0666918690810536,4.93,22.54,50.24,0.461,0.536,1.989,55.28484512052105,-40.38131186901586,-37.659862268357564,2.738343598896474,1,0,0,0,0
763,787,1777638305.0330105,4820.344,1.567967691232729,0.20707455016608883,-2.0163770248760358,-0.49118319117775755,2.562371703170043,0.8025640471720068,0.11927171670195667,-0.6904404699346411,0.9132508416294467,-1.0356272737439933,-0.6444629456784776,1.0667077006611156,4.93,22.54,50.24,0.461,0.536,1.989,55.28484512052105,-40.38062296780963,-37.660526992598655,2.739360394572733,1,0,0,0,0
764,788,1777638305.0407345,4820.352,1.5683383648915439,0.20699111323980937,-2.016237816995801,-0.49092441852411195,2.5619781983411074,0.8026388482978488,0.11953326223931104,-0.6904492362203952,0.9133017051475069,-1.0353439114912715,-0.6443594541313754,1.0669060932877696,4.93,22.54,50.24,0.461,0.536,1.989,55.28484512052105,-40.374982965256436,-37.666027401109346,2.7468582733976428,1,0,0,0,0
765,789,1777638305.0478873,4820.36,1.5687932146865675,0.2068887286545735,-2.016066996452489,-0.4906068812897564,2.5614953326544696,0.8027306359821035,0.11993828251095329,-0.6905262226601313,0.9132930336764282,-1.0348067330986406,-0.644320587076004,1.0670940748279805,4.93,22.54,50.24,0.461,0.536,1.989,55.28484512052105,-40.367237994086864,-37.674137270843275,2.7494686080054116,1,0,0,0,0
766,790,1777638305.0551531,4820.3679999999995,1.5693322406178,0.20676739641038128,-2.0158645632460983,-0.49023057947469173,2.5609231061101294,0.8028394102247706,0.12038077159076241,-0.6907261025111753,0.9132602390221002,-1.0340597868436554,-0.6443824053699658,1.0672634487605306,4.93,22.54,50.24,0.461,0.536,1.989,55.28484512052105,-40.35722709276741,-37.68512325048153,2.7458708962398006,1,0,0,0,0
767,791,1777638305.0621538,4820.376,1.5699554426852413,0.20662711650723267,-2.0156305173766302,-0.4897955130789171,2.5602615187080877,0.8029651710258502,0.12089371651472383,-0.6909438220185293,0.9132603678293978,-1.033260906427735,-0.6444236669203504,1.0675001527120125,4.93,22.54,50.24,0.461,0.536,1.989,55.28484512052105,-40.34526104267539,-37.69802776116231,2.7445790782949464,1,0,0,0,0
768,792,1777638305.0696933,4820.384,1.5706628208888913,0.2064678889451277,-2.0153648588440847,-0.4893016821024334,2.5595105704483436,0.8031079183853423,0.12150648878123027,-0.6911957626429879,0.9132617787339931,-1.0323418421179082,-0.6443729189487497,1.0678228218832115,4.93,22.54,50.24,0.461,0.536,1.989,55.28484512052105,-40.33167227451183,-37.71228619626667,2.7484143414427766,1,0,0,0,0
769,793,1777638305.0779984,4820.392,1.57145437522875,0.20628971372406632,-2.0150675876484607,-0.48874908654523974,2.558670261330897,0.8032676523032471,0.12216056215804139,-0.6913752024089133,0.9132724429982787,-1.0314440304695547,-0.6442742306990757,1.0682074992301158,4.93,22.54,50.24,0.461,0.536,1.989,55.28484512052105,-40.31712931011565,-37.7272746322792,2.7560720259085594,1,0,0,0,0
770,794,1777638305.0838935,4820.4,1.5723301057048176,0.20609259084404857,-2.0147387037897593,-0.4881377264073361,2.5577405913557487,0.8034443727795644,0.12288866053191858,-0.6915538351762553,0.9132710168671881,-1.0304446982665878,-0.6441733307858731,1.0685831766379597,4.93,22.54,50.24,0.461,0.536,1.989,55.28484512052105,-40.30236430566268,-37.742559955410684,2.7627340418280593,1,0,0,0,0
771,795,1777638305.0905724,4820.407999999999,1.5732900123170936,0.20587652030507447,-2.0143782072679794,-0.4874676016887234,2.5567215605228983,0.8036380798142941,0.1236896392199918,-0.691722457901293,0.9133224073824683,-1.0293395057066974,-0.6440255625955756,1.0690109539478718,4.93,22.54,50.24,0.461,0.536,1.989,55.28484512052105,-40.286270778399036,-37.759067979520026,2.7718715856794507,1,0,0,0,0
772,796,1777638305.097831,4820.416,1.5743340950655786,0.20564150210714396,-2.013986098083123,-0.4867387123894007,2.555613168832346,0.8038487734074364,0.12452575595129874,-0.6919638840940106,0.9133218969061407,-1.0281260213856398,-0.6439027007687821,1.069443547356035,4.93,22.54,50.24,0.461,0.536,1.989,55.28484512052105,-40.269017290241415,-37.77692473490345,2.779263221013405,1,0,0,0,0
773,797,1777638305.1051667,4820.424,1.5754623539502723,0.2053875362502571,-2.0135623762351873,-0.48595105850936804,2.5544154162840913,0.8040764535589913,0.12547150730398499,-0.6921110516039666,0.9133907080125854,-1.026910904748975,-0.6436487380359162,1.069982762404232,4.93,22.54,50.24,0.461,0.536,1.989,55.28484512052105,-40.25075979501604,-37.79522726365137,2.7948581382359254,1,0,0,0,0
774,798,1777638305.1122472,4820.432,1.5766747889711747,0.20511462273441383,-2.013107041724175,-0.4851046400486263,2.553128302878134,0.8043211202689586,0.12650333117566376,-0.6924161149120716,0.9134020374839629,-1.025470081124311,-0.6435054345761918,1.070534142724649,4.93,22.54,50.24,0.461,0.536,1.989,55.28484512052105,-40.229005479306366,-37.817664756990915,2.8045410451240853,1,0,0,0,0
775,799,1777638305.1196468,4820.44,1.5779714001282859,0.2048227615596142,-2.0126200945500843,-0.4841994570071746,2.5517518286144756,0.8045827735373385,0.1276068632700658,-0.6926257371002211,0.9134536988083989,-1.0240082452220527,-0.643214267146645,1.0711791088321885,4.93,22.54,50.24,0.461,0.536,1.989,55.28484512052105,-40.20681278113314,-37.839918981867925,2.822558666986197,1,0,0,0,0
776,800,1777638305.1974657,4820.447999999999,1.5793521874216057,0.2045119527258582,-2.012101534712915,-0.4832355093850138,2.5502859934931146,0.804861413364131,0.12876684262972987,-0.6929203188638756,0.913469713016447,-1.0223820130173693,-0.643042013952719,1.071806863942999,4.93,22.54,50.24,0.461,0.536,1.989,55.28484512052105,-40.18217887664923,-37.86522367381469,2.8339789796233577,1,0,0,0,0
777,801,1777638305.1976337,4820.447999999999,1.5793521874216057,0.2045119527258582,-2.012101534712915,-0.4832355093850138,2.5502859934931146,0.804861413364131,0.12876684262972987,-0.6929203188638756,0.913469713016447,-1.0223820130173693,-0.643042013952719,1.071806863942999,5.51,20.93,51.19,0.252,0.689,2.014,55.57734340538417,-39.15372365345341,-39.2669129899047,3.7331713478296162,0,1,0,0,0
778,802,1777638305.1977415,4820.456,1.5808171508511344,0.20418219623314582,-2.0115513622126695,-0.48221279718214305,2.548730797514051,0.805157039749336,0.129992550034063,-0.6932328852363951,0.9134909926433367,-1.0206926003634114,-0.6428087275405506,1.0724757897633381,5.51,20.93,51.19,0.252,0.689,2.014,55.57734340538417,-39.12658255547335,-39.2928301036789,3.7450153501892074,1,0,0,0,0
779,803,1777638305.2052417,4820.464,1.5823662904168718,0.20383349208147705,-2.0109695770493445,-0.4811313203985623,2.5470862406772863,0.8054696526929535,0.13128380191012148,-0.6935389378148674,0.9135403484462457,-1.0189169689147097,-0.6425601177350804,1.0731956629010224,5.51,20.93,51.19,0.252,0.689,2.014,55.57734340538417,-39.09751645003609,-39.32051063452184,3.758024864155558,1,0,0,0,0
780,804,1777638305.2054288,4820.472,1.583999606118818,0.2034658402708519,-2.010356179222943,-0.4799910790342725,2.5453523229828185,0.8057992521949835,0.1326913514731349,-0.6938704141820302,0.913539317118838,-1.016968064223163,-0.6423288642091134,1.073967704283427,5.51,20.93,51.19,0.252,0.689,2.014,55.57734340538417,-39.06539792857886,-39.35126841786294,3.7700740824402663,1,0,0,0,0
781,805,1777638305.2078323,4820.48,1.5857170979569728,0.20307924080127038,-2.009711168733463,-0.47879207308927274,2.5435290444306493,0.8061458382554261,0.13412182758601218,-0.694247459454166,0.9135703436771727,-1.0149441583275178,-0.6420418202742214,1.074721570119773,5.51,20.93,51.19,0.252,0.689,2.014,55.57734340538417,-39.03432730935021,-39.38084723799059,3.783022908279241,1,0,0,0,0
782,806,1777638305.2113433,4820.487999999999,1.5875187659313363,0.2026736936727325,-2.0090345455809047,-0.4775343025635639,2.5416164050207777,0.8065094108742812,0.13565537808483055,-0.694539841905583,0.9136085695894676,-1.012854957117886,-0.641630486289223,1.075572094216174,5.51,20.93,51.19,0.252,0.689,2.014,55.57734340538417,-39.00184182805627,-39.411103085070245,3.802944600864661,1,0,0,0,0
783,807,1777638305.2150462,4820.496,1.5894046100419088,0.2022491988852382,-2.0083263097652697,-0.47621776745714506,2.539614404753204,0.8068899700515488,0.13734221270229083,-0.6949490825776906,0.91359064771446,-1.0105566504804022,-0.641333801344425,1.0765463487478102,5.51,20.93,51.19,0.252,0.689,2.014,55.57734340538417,-38.962043540244615,-39.44883283213768,3.819666392518806,1,0,0,0,0
784,808,1777638305.2188036,4820.504,1.5913746302886898,0.20180575643878756,-2.0075864612865564,-0.47484246777001626,2.537523043627928,0.807287515787229,0.13904673857176317,-0.6954080366131843,0.913571617727649,-1.0080752488949678,-0.6410027522160242,1.0773700487238356,5.51,20.93,51.19,0.252,0.689,2.014,55.57734340538417,-38.926531666026975,-39.482718942980384,3.8315972287567304,1,0,0,0,0
785,809,1777638305.2249243,4820.512,1.5934288266716796,0.2013433663333805,-2.0068150001447655,-0.4734084035021784,2.53534232164495,0.8077020480813216,0.14084964618776744,-0.695734952131495,0.9136144157359078,-1.0056665691603903,-0.6404974810406248,1.0783812361860936,5.51,20.93,51.19,0.252,0.689,2.014,55.57734340538417,-38.88828172809728,-39.51798210603688,3.8563887904466814,1,0,0,0,0
786,810,1777638305.2252252,4820.5199999999995,1.5955671991908782,0.2008620285690171,-2.0060119263398963,-0.47191557465363054,2.5330722388042703,0.8081335669338269,0.14274455993792773,-0.696087036125498,0.9137100834504334,-1.0031767280994786,-0.6399965387513313,1.079517505948069,5.51,20.93,51.19,0.252,0.689,2.014,55.57734340538417,-38.84527838115663,-39.55758977154055,3.8836244613705224,1,0,0,0,0
787,811,1777638305.2254035,4820.527999999999,1.5977897478462855,0.20036174314569732,-2.0051772398719487,-0.47036398122437273,2.530712795105888,0.8085820723447447,0.14469277098747418,-0.6964651640929013,0.9137736108370969,-1.0005713369322329,-0.6394376747383931,1.0806217412785335,5.51,20.93,51.19,0.252,0.689,2.014,55.57734340538417,-38.80348138620775,-39.595895591318026,3.9110081349533057,1,0,0,0,0
788,812,1777638305.225539,4820.536,1.6000964726379017,0.19984251006342116,-2.0043109407409236,-0.46875362321440583,2.528263990549804,0.8090475643140749,0.14674711046875263,-0.6969543632715169,0.9137689479260025,-0.9977665424253984,-0.6390893292038881,1.0818050915868556,5.51,20.93,51.19,0.252,0.689,2.014,55.57734340538417,-38.7541320012043,-39.64231056443356,3.930084725070344,1,0,0,0,0
789,813,1777638305.225632,4820.544,1.6024873735657263,0.1993043293221886,-2.003413028946822,-0.46708450062372897,2.5257258251360177,0.8095300428418177,0.1487885654812832,-0.6974196201508296,0.913802178172519,-0.9949137285612422,-0.6386620240716919,1.0829341550330012,5.51,20.93,51.19,0.252,0.689,2.014,55.57734340538417,-38.707468863035984,-39.685880468139885,3.9501703362782075,1,0,0,0,0
790,814,1777638305.2257662,4820.552,1.60496245062976,0.19874720092199968,-2.002483504489641,-0.465356613452343,2.523098298864529,0.8100295079279731,0.15089548832217,-0.6978490723436559,0.9138571134286096,-0.9920533727703515,-0.6381749191361824,1.0841485936470596,5.51,20.93,51.19,0.252,0.689,2.014,55.57734340538417,-38.658826041630405,-39.73080770711327,3.9748192441099297,1,0,0,0,0
791,815,1777638305.2318814,4820.5599999999995,1.6075217038300023,0.19817112486285438,-2.0015223673693825,-0.4635699617002471,2.5203814117353387,0.8105459595725409,0.15312449970037134,-0.6984247096968171,0.9138350344368077,-0.9888586696118521,-0.6377605865825301,1.0853262317901737,5.51,20.93,51.19,0.252,0.689,2.014,55.57734340538417,-38.60794997009964,-39.77852803141882,3.9919928306435213,1,0,0,0,0
792,816,1777638305.2370408,4820.568,1.6101651331664533,0.19757610114475269,-2.0005296175860465,-0.46172454536744123,2.5175751637484463,0.8110793977755214,0.15539180163740926,-0.6988410806915738,0.913918391636897,-0.9858386266594389,-0.6371934794278682,1.0866874517951197,5.51,20.93,51.19,0.252,0.689,2.014,55.57734340538417,-38.55451158434367,-39.82730461784292,4.022007380681584,1,0,0,0,0
793,817,1777638305.2418497,4820.576,1.612892738639113,0.19696212976769464,-1.999505255139633,-0.45982036445392627,2.5146795549038514,0.8116298225369144,0.1576910488293812,-0.6994507102885222,0.913868432169094,-0.9824567695927159,-0.6367443272241087,1.0878593665125327,5.51,20.93,51.19,0.252,0.689,2.014,55.57734340538417,-38.50289993872639,-39.87556906602427,4.038166411770527,1,0,0,0,0
794,818,1777638305.2497447,4820.584,1.6157045202479816,0.1963292107316802,-1.9984492800301403,-0.45785741895970133,2.5116945852015546,0.8121972338567198,0.16012049059149341,-0.6999237473441954,0.9139131530559592,-0.9791465409200746,-0.6361159654127105,1.089274903803224,5.51,20.93,51.19,0.252,0.689,2.014,55.57734340538417,-38.44651225118665,-39.92682591506818,4.068828832378423,1,0,0,0,0
795,819,1777638305.25673,4820.592,1.6186004779930587,0.1956773440367094,-1.997361692257571,-0.45583570888476643,2.5086202546415555,0.8127816317349379,0.16270675935819323,-0.7005099779434285,0.9138940028310565,-0.9754918704523453,-0.6355942466913264,1.0907039295826695,5.51,20.93,51.19,0.252,0.689,2.014,55.57734340538417,-38.38550578921348,-39.983133279779636,4.09183313902655,1,0,0,0,0
796,820,1777638305.263381,4820.599999999999,1.6214296059970454,0.19504052040737876,-1.9962992026444546,-0.45386065362069683,2.50561687011511,0.8133525435189746,0.16530303518641615,-0.7009470647862088,0.9139529324312217,-0.9720363576322179,-0.6349904245245506,1.092239538726943,5.51,20.93,51.19,0.252,0.689,2.014,55.57734340538417,-38.32331590838264,-40.03955794222283,4.122906447845574,1,0,0,0,0
797,821,1777638305.2715611,4820.608,1.624179909160532,0.19442143988508964,-1.9952663159952788,-0.4519406271202424,2.5026971655444403,0.8139075486242562,0.1678321209387322,-0.7014219817532648,0.9139860849629494,-0.9686056633508054,-0.6343651141850064,1.0936971202441077,5.51,20.93,51.19,0.252,0.689,2.014,55.57734340538417,-38.26398100322963,-40.09318752396323,4.152730662202901,1,0,0,0,0
798,822,1777638305.272524,4820.608,1.624179909160532,0.19442143988508964,-1.9952663159952788,-0.4519406271202424,2.5026971655444403,0.8139075486242562,0.1678321209387322,-0.7014219817532648,0.9139860849629494,-0.9686056633508054,-0.6343651141850064,1.0936971202441077,4.08,18.97,52.36,0.243,0.77,2.135,55.83974301516797,-36.70010561251968,-41.976265246582194,3.0285811824147575,0,1,0,0,0
799,823,1777638305.2815683,4820.616,1.62684002370513,0.19382266040380108,-1.9942673000195592,-0.45008356260179916,2.4998732046453362,0.814444353865397,0.17029049684384076,-0.701846635476072,0.9139851162439292,-0.9653112621785338,-0.6337379424509919,1.0951419568889753,4.08,18.97,52.36,0.243,0.77,2.135,55.83974301516797,-36.64252749915549,-42.02483747275881,3.052067145696577,1,0,0,0,0
800,824,1777638305.2849026,4820.624,1.629399217173473,0.19324659779003006,-1.9933061853318392,-0.44829695254940827,2.497156380927155,0.8149607934561995,0.17268152231394618,-0.7021508107699255,0.9140502735885744,-0.9622859574342438,-0.6331192588447048,1.0966810089077488,4.08,18.97,52.36,0.243,0.77,2.135,55.83974301516797,-36.58286694322952,-42.074669570747076,3.081059351329332,1,0,0,0,0
801,825,1777638305.292508,4820.632,1.6318473884292157,0.19269552576285134,-1.9923867654516876,-0.4465878487127535,2.4945574176928207,0.8154548290096542,0.1749055073324532,-0.7024430379791304,0.9140881472507543,-0.9594093268750293,-0.632567411764327,1.0980772330760873,4.08,18.97,52.36,0.243,0.77,2.135,55.83974301516797,-36.527594936332996,-42.12089512271784,3.1051412573640182,1,0,0,0,0
802,826,1777638305.2997248,4820.639999999999,1.634175067657035,0.1921715759338975,-1.9915125968037017,-0.4449628621071664,2.4920863680388248,0.8159245495379396,0.17693803383859802,-0.7027154469228027,0.9141474903410008,-0.956721913826787,-0.6320411151116015,1.099351591977626,4.08,18.97,52.36,0.243,0.77,2.135,55.83974301516797,-36.47703022709466,-42.16306959221502,3.1270958369796826,1,0,0,0,0
803,827,1777638305.3066545,4820.648,1.636373416362629,0.19167673780735897,-1.9906869987175027,-0.4434281630136203,2.489752614855226,0.8163681714524224,0.17873865894492744,-0.7030868089371334,0.9141601855776589,-0.9540865607373554,-0.6315123728393659,1.100288042078921,4.08,18.97,52.36,0.243,0.77,2.135,55.83974301516797,-36.4384722607234,-42.19541139699931,3.14036563834065,1,0,0,0,0
804,828,1777638305.315015,4820.656,1.6384342273727168,0.191212858779984,-1.9899130534277418,-0.4419894809787346,2.4875648708256506,0.8167840385636572,0.1804550275069405,-0.7034805506376755,0.9141530358757968,-0.9515833199662957,-0.6310223599426164,1.101216938392217,4.08,18.97,52.36,0.243,0.77,2.135,55.83974301516797,-36.40013353422924,-42.22751232129495,3.1534713959638156,1,0,0,0,0
805,829,1777638305.3211145,4820.664,1.64034992483504,0.19078164414107865,-1.989193606074096,-0.4406521048147729,2.4855311784272915,0.8171706220813872,0.18205609469820924,-0.7037756842950021,0.9141520424847738,-0.9493196741089704,-0.6305439681629496,1.1021207274118336,4.08,18.97,52.36,0.243,0.77,2.135,55.83974301516797,-36.36377742128942,-42.2577066177508,3.168410179099512,1,0,0,0,0
806,830,1777638305.3284204,4820.672,1.6421135642183615,0.19038465707250682,-1.9885312647012698,-0.43942088259964507,2.483658909930909,0.8175265206145432,0.18351178663619627,-0.7040500415334874,0.914177097502466,-0.9472719315651641,-0.6301054559534511,1.1029608149646342,4.08,18.97,52.36,0.243,0.77,2.135,55.83974301516797,-36.33011800880601,-42.28557474492974,3.182702304204568,1,0,0,0,0
807,831,1777638305.335952,4820.679999999999,1.6437188323124652,0.19002331864869024,-1.9879284002589923,-0.4383002216769025,2.4819547674008313,0.8178504601712443,0.18488848427105525,-0.7043180589942578,0.9141510503496761,-0.9452963638483729,-0.6296615231774257,1.103728277217954,4.08,18.97,52.36,0.243,0.77,2.135,55.83974301516797,-36.29946037427216,-42.310886387788166,3.1960866096410534,1,0,0,0,0
808,832,1777638305.342469,4820.688,1.6451600472281576,0.1896989078366085,-1.987387146602023,-0.4372940886557446,2.4804247826949526,0.8181412941587977,0.18623963821133396,-0.7045654068546048,0.9141560615529258,-0.943485785778447,-0.6294063706555303,1.1045713257578471,4.08,18.97,52.36,0.243,0.77,2.135,55.83974301516797,-36.26360836869248,-42.340867098262756,3.2060226838479933,1,0,0,0,0
809,833,1777638305.3497093,4820.696,1.6464321583972656,0.18941256149579894,-1.9869094004901466,-0.43640600941101315,2.479074317464735,0.8183980033836984,0.18749443999152757,-0.7047479054252137,0.9141439774834033,-0.9418689401316783,-0.6290825861022542,1.1053932861113893,4.08,18.97,52.36,0.243,0.77,2.135,55.83974301516797,-36.23084527853427,-42.367800990408334,3.2205883996663585,1,0,0,0,0
810,834,1777638305.357177,4820.704,1.6475307465726388,0.18916527437835678,-1.9864968215881724,-0.4356390690831953,2.477908063155209,0.81861969605163,0.18851641253711193,-0.7048802415247432,0.9141588825275447,-0.9405269751504711,-0.628812931197172,1.1060241743538999,4.08,18.97,52.36,0.243,0.77,2.135,55.83974301516797,-36.20543238473522,-42.38870656615573,3.2312724247132616,1,0,0,0,0
811,835,1777638305.3641524,4820.7119999999995,1.6484520238281473,0.18895789912893507,-1.9861508324659418,-0.43499591207842325,2.4769300410049695,0.8188056077674639,0.18940007855743396,-0.705006156043233,0.9141732150616018,-0.9393734508286448,-0.6285278231631833,1.1066034538558764,4.08,18.97,52.36,0.243,0.77,2.135,55.83974301516797,-36.1832185392915,-42.40673009508902,3.2435842489662714,1,0,0,0,0
812,836,1777638305.3713582,4820.719999999999,1.6491928335586834,0.18879114628474464,-1.985872618598318,-0.4344787420684746,2.476143602046182,0.8189551015352595,0.19012839089924374,-0.7050630561649136,0.9141759173384395,-0.9384341343286551,-0.6283597698364781,1.1070710203208065,4.08,18.97,52.36,0.243,0.77,2.135,55.83974301516797,-36.16408541360862,-42.42248812005308,3.2508964765392245,1,0,0,0,0
813,837,1777638305.3823645,4820.728,1.6497506504801611,0.18866558427555424,-1.9856631283651947,-0.43408932199076844,2.4755514271045764,0.8190676677582647,0.1906402012550698,-0.7051652800349206,0.9141640076980577,-0.9377044760770837,-0.6282042513802725,1.1073544424513024,4.08,18.97,52.36,0.243,0.77,2.135,55.83974301516797,-36.15248554899107,-42.432029036901596,3.2553955890999378,1,0,0,0,0
814,838,1777638305.385886,4820.736,1.6501235806295156,0.18858163942369033,-1.9855230730514908,-0.43382897404837273,2.475155526799451,0.8191429242389149,0.19094944498807828,-0.7051536264497434,0.9142085269702693,-0.9372926137392928,-0.6279849154327056,1.107545694030468,4.08,18.97,52.36,0.243,0.77,2.135,55.83974301516797,-36.14721610123706,-42.43585081373511,3.2640823894143782,1,0,0,0,1
815,839,1777638305.3934844,4820.744,1.6503103613647034,0.1885395959440373,-1.9854529268471524,-0.43369857970999703,2.4749572415436725,0.819180616178834,0.19103914186618348,-0.7051851427244208,0.9141834075222449,-0.9370681241699801,-0.6279490633970255,1.1074937989649711,4.08,18.97,52.36,0.243,0.77,2.135,55.83974301516797,-36.14834895170691,-42.43510807548694,3.2611916054371264,1,0,0,0,1
816,840,1777638305.4014564,4820.7519999999995,1.6503103613647034,0.1885395959440373,-1.9854529268471524,-0.43369857970999703,2.4749572415436725,0.819180616178834,0.19103694976706312,-0.7051211311363156,0.914215824231329,-0.9371308880898481,-0.6278045835680357,1.1074994987019111,4.08,18.97,52.36,0.243,0.77,2.135,55.83974301516797,-36.15114929519078,-42.432199864676114,3.267983978082911,1,0,0,0,1
817,841,1777638305.4088786,4820.76,1.6503103613647034,0.1885395959440373,-1.9854529268471524,-0.43369857970999703,2.4749572415436725,0.819180616178834,0.19086623383140522,-0.7051563318124134,0.9141617255099755,-0.937153564754362,-0.6276966334777088,1.1072405138621226,4.08,18.97,52.36,0.243,0.77,2.135,55.83974301516797,-36.16241202234239,-42.4227873447563,3.265573552674871,1,0,0,0,1
818,842,1777638305.4146135,4820.768,1.6503103613647034,0.1885395959440373,-1.9854529268471524,-0.43369857970999703,2.4749572415436725,0.819180616178834,0.19072241166996795,-0.7051309514221997,0.9141922408052106,-0.9372801238476404,-0.6276067084406124,1.1071167804308377,4.08,18.97,52.36,0.243,0.77,2.135,55.83974301516797,-36.16918622178686,-42.416865697852764,3.2674718704259496,1,0,0,0,1
819,843,1777638305.4167652,4820.768,1.6503103613647034,0.1885395959440373,-1.9854529268471524,-0.43369857970999703,2.4749572415436725,0.819180616178834,0.19072241166996795,-0.7051309514221997,0.9141922408052106,-0.9372801238476404,-0.6276067084406124,1.1071167804308377,3.09,21.33,50.94,0.515,0.585,2.137,55.31184864023259,-37.7950819842016,-40.33488493625161,2.007345258499816,0,1,0,0,1
820,844,1777638305.4219553,4820.776,1.6503103613647034,0.1885395959440373,-1.9854529268471524,-0.43369857970999703,2.4749572415436725,0.819180616178834,0.19069321959724006,-0.7051777957199532,0.9141696437270027,-0.9372155848250175,-0.6275171136176999,1.1070248668043066,3.09,21.33,50.94,0.515,0.585,2.137,55.31184864023259,-37.79942825892064,-40.33078723683275,2.0078406699832443,1,0,0,0,1
821,845,1777638305.4604,4820.784,1.6503103613647034,0.1885395959440373,-1.9854529268471524,-0.43369857970999703,2.4749572415436725,0.819180616178834,0.190665001829933,-0.7052580150455267,0.9141366017335684,-0.9371679239396757,-0.6276069148026102,1.1069762091328212,3.09,21.33,50.94,0.515,0.585,2.137,55.31184864023259,-37.79918748962801,-40.33128436121077,2.0023803083091827,1,0,0,0,1
822,846,1777638305.4626951,4820.7919999999995,1.6503103613647034,0.1885395959440373,-1.9854529268471524,-0.43369857970999703,2.4749572415436725,0.819180616178834,0.19066155827629933,-0.7052659126858349,0.9141584856227778,-0.9371385642645119,-0.6275903476777797,1.1069267930641975,3.09,21.33,50.94,0.515,0.585,2.137,55.31184864023259,-37.8009823297309,-40.32964989657828,2.00141802899731,1,0,0,0,1
823,847,1777638305.4642484,4820.8,1.6503103613647034,0.1885395959440373,-1.9854529268471524,-0.43369857970999703,2.4749572415436725,0.819180616178834,0.190738146948551,-0.7052545337534097,0.9141549684070565,-0.9371364965869491,-0.6276216463928739,1.107054470451386,3.09,21.33,50.94,0.515,0.585,2.137,55.31184864023259,-37.79615089985241,-40.33407198025748,2.00355051021763,1,0,0,0,1
824,848,1777638305.4659574,4820.808,1.6503103613647034,0.1885395959440373,-1.9854529268471524,-0.43369857970999703,2.4749572415436725,0.819180616178834,0.19085501829118184,-0.705197629793283,0.9141423049616717,-0.9371398883158952,-0.6276863818921368,1.1072528044978633,3.09,21.33,50.94,0.515,0.585,2.137,55.31184864023259,-37.7883883137818,-40.34120918731812,2.006277635791911,1,0,0,0,1
825,849,1777638305.4701092,4820.816,1.6503103613647034,0.1885395959440373,-1.9854529268471524,-0.43369857970999703,2.4749572415436725,0.819180616178834,0.19097417891226162,-0.7051991783376044,0.9141397475228794,-0.9370546329874145,-0.6277854839171164,1.10739750791097,3.09,21.33,50.94,0.515,0.585,2.137,55.31184864023259,-37.781337139832345,-40.34786495482345,2.005232533561636,1,0,0,0,1
826,850,1777638305.4722588,4820.824,1.6503103613647034,0.1885395959440373,-1.9854529268471524,-0.43369857970999703,2.4749572415436725,0.819180616178834,0.19103867115371148,-0.7051599213756563,0.914184088604377,-0.9370646549302015,-0.6276975558361189,1.1074816331003492,3.09,21.33,50.94,0.515,0.585,2.137,55.31184864023259,-37.78016711587935,-40.348664932224736,2.011171520106055,1,0,0,0,1
827,851,1777638305.4723363,4820.831999999999,1.6503103613647034,0.1885395959440373,-1.9854529268471524,-0.43369857970999703,2.4749572415436725,0.819180616178834,0.19107441370525177,-0.705218382152931,0.9141252486128733,-0.936956650826905,-0.6277500850749225,1.1074564873086594,3.09,21.33,50.94,0.515,0.585,2.137,55.31184864023259,-37.77950280132295,-40.34948368052703,2.007220665426122,1,0,0,0,1
828,852,1777638305.480707,4820.84,1.6503103613647034,0.1885395959440373,-1.9854529268471524,-0.43369857970999703,2.4749572415436725,0.819180616178834,0.19108086014548686,-0.7050916360714397,0.9141722662134346,-0.9370620077322734,-0.6276981744957584,1.1075132469724105,3.09,21.33,50.94,0.515,0.585,2.137,55.31184864023259,-37.77908774713747,-40.34963590768805,2.0119669756481353,1,0,0,0,1
829,853,1777638305.4868052,4820.848,1.6503103613647034,0.1885395959440373,-1.9854529268471524,-0.43369857970999703,2.4749572415436725,0.819180616178834,0.19110520884954516,-0.70509935579973,0.9141758867130765,-0.9370470760908154,-0.627758889210745,1.1075542291220515,3.09,21.33,50.94,0.515,0.585,2.137,55.31184864023259,-37.776549654038604,-40.35208822652193,2.0104407464399063,1,0,0,0,1
830,854,1777638305.4937403,4820.856,1.6503103613647034,0.1885395959440373,-1.9854529268471524,-0.43369857970999703,2.4749572415436725,0.819180616178834,0.19105759475014858,-0.705125173514833,0.9141638491495605,-0.9370485041055918,-0.6276895921529551,1.1074724315442046,3.09,21.33,50.94,0.515,0.585,2.137,55.31184864023259,-37.7805343032857,-40.34832578370144,2.0110778728198357,1,0,0,0,1
831,855,1777638305.5012226,4820.864,1.6503103613647034,0.1885395959440373,-1.9854529268471524,-0.43369857970999703,2.4749572415436725,0.819180616178834,0.19101227703473,-0.7051336812246265,0.9141771249532632,-0.9370596722472345,-0.6276351862776489,1.1074230710799444,3.09,21.33,50.94,0.515,0.585,2.137,55.31184864023259,-37.783218546859985,-40.34576208166574,2.012083072300422,1,0,0,0,1
832,856,1777638305.508464,4820.871999999999,1.6503103613647034,0.1885395959440373,-1.9854529268471524,-0.43369857970999703,2.4749572415436725,0.819180616178834,0.19105640191893913,-0.7051203097530394,0.9141995998444767,-0.9370819755414314,-0.6276983943876986,1.1074968398172598,3.09,21.33,50.94,0.515,0.585,2.137,55.31184864023259,-37.779734014424065,-40.349042697149194,2.01172841681011,1,0,0,0,1
833,857,1777638305.5154264,4820.88,1.6503103613647034,0.1885395959440373,-1.9854529268471524,-0.43369857970999703,2.4749572415436725,0.819180616178834,0.19107233190703327,-0.7051994415971554,0.9141209994465539,-0.9369458414538561,-0.627795187687748,1.1074399620535382,3.09,21.33,50.94,0.515,0.585,2.137,55.31184864023259,-37.779185572621685,-40.34989960024743,2.004829099789928,1,0,0,0,1
834,858,1777638305.5253549,4820.888,1.6503103613647034,0.1885395959440373,-1.9854529268471524,-0.43369857970999703,2.4749572415436725,0.819180616178834,0.19106795057239984,-0.7051354931882959,0.9141796655673389,-0.937019138386128,-0.6277707774609774,1.1074797114994739,3.09,21.33,50.94,0.515,0.585,2.137,55.31184864023259,-37.77867725581014,-40.3502346576207,2.0076622913918873,1,0,0,0,1
835,859,1777638305.5298126,4820.896,1.6503103613647034,0.1885395959440373,-1.9854529268471524,-0.43369857970999703,2.4749572415436725,0.819180616178834,0.19112851526292257,-0.7051979251333553,0.9141332704704656,-0.93686512238163,-0.6278077958071867,1.107498117006063,3.09,21.33,50.94,0.515,0.585,2.137,55.31184864023259,-37.77660239106308,-40.35230831220432,2.0050251031676507,1,0,0,0,1
836,860,1777638305.5373988,4820.9039999999995,1.6503103613647034,0.1885395959440373,-1.9854529268471524,-0.43369857970999703,2.4749572415436725,0.819180616178834,0.19112367011028597,-0.705155108242177,0.9141485992952962,-0.9369013570372614,-0.6278037473818138,1.107513923316625,3.09,21.33,50.94,0.515,0.585,2.137,55.31184864023259,-37.77633480779257,-40.35251053466594,2.0059965202445063,1,0,0,0,1
837,861,1777638305.5450606,4820.911999999999,1.6503103613647034,0.1885395959440373,-1.9854529268471524,-0.43369857970999703,2.4749572415436725,0.819180616178834,0.19112911623737133,-0.7051978375070536,0.9141240059878113,-0.9368721014485382,-0.6278511451742063,1.1075310239680247,3.09,21.33,50.94,0.515,0.585,2.137,55.31184864023259,-37.77475932402199,-40.35407368206908,2.0042193678218063,1,0,0,0,1
838,862,1777638305.5517623,4820.92,1.6503103613647034,0.1885395959440373,-1.9854529268471524,-0.43369857970999703,2.4749572415436725,0.819180616178834,0.1911189787689018,-0.7051787145328758,0.9141267860876977,-0.9368963569695062,-0.6278344051097092,1.1075291646547634,3.09,21.33,50.94,0.515,0.585,2.137,55.31184864023259,-37.77524807237761,-40.353572110015335,2.00510623961024,1,0,0,0,1
839,863,1777638305.5587611,4820.928,1.6503103613647034,0.1885395959440373,-1.9854529268471524,-0.43369857970999703,2.4749572415436725,0.819180616178834,0.191128082112333,-0.7052115607743106,0.9141209734192751,-0.9368560078448324,-0.6278614823693781,1.1075157705933567,3.09,21.33,50.94,0.515,0.585,2.137,55.31184864023259,-37.77499892747139,-40.353899028133156,2.0032197225386374,1,0,0,0,1
840,864,1777638305.56668,4820.936,1.6503103613647034,0.1885395959440373,-1.9854529268471524,-0.43369857970999703,2.4749572415436725,0.819180616178834,0.19110418574506574,-0.7051834991495732,0.914133841876427,-0.9369087278171564,-0.6277647487956552,1.1075219784227626,3.09,21.33,50.94,0.515,0.585,2.137,55.31184864023259,-37.776806849341796,-40.351975134168605,2.007876250907984,1,0,0,0,1
841,865,1777638305.5750344,4820.9439999999995,1.6503103613647034,0.1885395959440373,-1.9854529268471524,-0.43369857970999703,2.4749572415436725,0.819180616178834,0.19110539740466043,-0.705179222132321,0.9141313432326055,-0.9368923146644196,-0.6278100696767449,1.1075118525159915,3.09,21.33,50.94,0.515,0.585,2.137,55.31184864023259,-37.776243347807494,-40.35261644179273,2.0055883996443415,1,0,0,0,1
842,866,1777638305.5750806,4820.9439999999995,1.6503103613647034,0.1885395959440373,-1.9854529268471524,-0.43369857970999703,2.4749572415436725,0.819180616178834,0.19110539740466043,-0.705179222132321,0.9141313432326055,-0.9368923146644196,-0.6278100696767449,1.1075118525159915,3.73,21.61,49.76,0.394,0.421,1.999,54.37796060905557,-37.687943806598085,-39.11380031372802,2.586912570713249,0,1,0,0,1
843,867,1777638305.580333,4820.952,1.6503103613647034,0.1885395959440373,-1.9854529268471524,-0.43369857970999703,2.4749572415436725,0.819180616178834,0.1911252862195835,-0.7051778423355191,0.9141340772300953,-0.9369022377355931,-0.6277728217390262,1.1075602381428087,3.73,21.61,49.76,0.394,0.421,1.999,54.37796060905557,-37.687057648274816,-39.11446459041707,2.5897771372492615,1,0,0,0,1
844,868,1777638305.5878818,4820.96,1.6503103613647034,0.1885395959440373,-1.9854529268471524,-0.43369857970999703,2.4749572415436725,0.819180616178834,0.191101644428112,-0.7051793535734319,0.9141301790369598,-0.9369129602139656,-0.6278009855744009,1.1075354076156072,3.73,21.61,49.76,0.394,0.421,1.999,54.37796060905557,-37.68744282126269,-39.114204705398684,2.588096570497731,1,0,0,0,1
845,869,1777638305.5944934,4820.968,1.6503103613647034,0.1885395959440373,-1.9854529268471524,-0.43369857970999703,2.4749572415436725,0.819180616178834,0.1911274819968839,-0.7051152954406448,0.9141973124031696,-0.9369766823370584,-0.6278065865384589,1.1076008567644873,3.73,21.61,49.76,0.394,0.421,1.999,54.37796060905557,-37.68555966308882,-39.11587922458058,2.5902095219881742,1,0,0,0,1
846,870,1777638305.6020818,4820.976,1.6503103613647034,0.1885395959440373,-1.9854529268471524,-0.43369857970999703,2.4749572415436725,0.819180616178834,0.19115121486825087,-0.7051876983326102,0.9141424422926843,-0.9368950856491186,-0.6278163323326119,1.1076033337608429,3.73,21.61,49.76,0.394,0.421,1.999,54.37796060905557,-37.68487746461044,-39.11661025716279,2.589094912613828,1,0,0,0,1
847,871,1777638305.6090808,4820.9839999999995,1.6503103613647034,0.1885395959440373,-1.9854529268471524,-0.43369857970999703,2.4749572415436725,0.819180616178834,0.19116022175663414,-0.7052011104926699,0.9141296409504287,-0.9368625929797431,-0.6278259801068973,1.1075921483210664,3.73,21.61,49.76,0.394,0.421,1.999,54.37796060905557,-37.684903409263214,-39.116651152379276,2.5880992364215354,1,0,0,0,1
848,872,1777638305.616536,4820.992,1.6503103613647034,0.1885395959440373,-1.9854529268471524,-0.43369857970999703,2.4749572415436725,0.819180616178834,0.19115991868398213,-0.7051512435898978,0.9141588937767315,-0.936905119917678,-0.6278400782869947,1.1076146969095995,3.73,21.61,49.76,0.394,0.421,1.999,54.37796060905557,-37.684157290696035,-39.117340952662055,2.5885374409632975,1,0,0,0,1
849,873,1777638305.6277778,4821.0,1.6503103613647034,0.1885395959440373,-1.9854529268471524,-0.43369857970999703,2.4749572415436725,0.819180616178834,0.19116835319646663,-0.7051684395299825,0.9141469592433824,-0.9369075215262312,-0.6278069058324407,1.1076308392610215,3.73,21.61,49.76,0.394,0.421,1.999,54.37796060905557,-37.68420996124041,-39.11717239167588,2.5903172927381912,1,0,0,0,1
850,874,1777638305.6319842,4821.008,1.6503103613647034,0.1885395959440373,-1.9854529268471524,-0.43369857970999703,2.4749572415436725,0.819180616178834,0.1911451078621857,-0.705181311206287,0.9141531923198957,-0.9368780704473973,-0.6278430114751065,1.1075802878051726,3.73,21.61,49.76,0.394,0.421,1.999,54.37796060905557,-37.685081761378996,-39.11653531528898,2.5872528994919723,1,0,0,0,1
851,875,1777638305.6377053,4821.016,1.6503103613647034,0.1885395959440373,-1.9854529268471524,-0.43369857970999703,2.4749572415436725,0.819180616178834,0.19117029296361368,-0.7052269789523525,0.9141125092021238,-0.9368294193893245,-0.6278358365697605,1.1075806877075285,3.73,21.61,49.76,0.394,0.421,1.999,54.37796060905557,-37.68493111185226,-39.116691797164094,2.58708135562531,1,0,0,0,1
852,876,1777638305.6450217,4821.023999999999,1.6503103613647034,0.1885395959440373,-1.9854529268471524,-0.43369857970999703,2.4749572415436725,0.819180616178834,0.1911731721818259,-0.7051917817818822,0.9141435645804586,-0.9368662191526401,-0.6278504328271374,1.10760949212994,3.73,21.61,49.76,0.394,0.421,1.999,54.37796060905557,-37.68394250181584,-39.11760931081491,2.587608804723585,1,0,0,0,1
853,877,1777638305.6524823,4821.032,1.6503103613647034,0.1885395959440373,-1.9854529268471524,-0.43369857970999703,2.4749572415436725,0.819180616178834,0.1911470795164814,-0.7051968202591229,0.9141399022058668,-0.9368533454959583,-0.6278658494601144,1.107579947113487,3.73,21.61,49.76,0.394,0.421,1.999,54.37796060905557,-37.684571974843706,-39.1171034696017,2.5860880149944596,1,0,0,0,1
854,878,1777638305.659851,4821.04,1.6503103613647034,0.1885395959440373,-1.9854529268471524,-0.43369857970999703,2.4749572415436725,0.819180616178834,0.19116476962356693,-0.7052108874285784,0.9141314987220417,-0.9368285683145862,-0.6278769448695355,1.107583640054551,3.73,21.61,49.76,0.394,0.421,1.999,54.37796060905557,-37.68413067007282,-39.117567462921365,2.5855002271654013,1,0,0,0,1
855,879,1777638305.6665204,4821.048,1.6503103613647034,0.1885395959440373,-1.9854529268471524,-0.43369857970999703,2.4749572415436725,0.819180616178834,0.1911665490225873,-0.7052001422844234,0.914134835119787,-0.936885313843162,-0.6278582990317113,1.1076247530824175,3.73,21.61,49.76,0.394,0.421,1.999,54.37796060905557,-37.683414305027284,-39.118100264939876,2.5878790500669155,1,0,0,0,1
856,880,1777638305.677313,4821.056,1.6503103613647034,0.1885395959440373,-1.9854529268471524,-0.43369857970999703,2.4749572415436725,0.819180616178834,0.19114778413792283,-0.7051972218739279,0.9141452693573363,-0.9368719466199873,-0.6278830240136304,1.1075739579620987,3.73,21.61,49.76,0.394,0.421,1.999,54.37796060905557,-37.684573620532774,-39.11714600154471,2.5854206103607824,1,0,0,0,1
857,881,1777638305.6817486,4821.063999999999,1.6503103613647034,0.1885395959440373,-1.9854529268471524,-0.43369857970999703,2.4749572415436725,0.819180616178834,0.19117810209780156,-0.705224579198458,0.9141261035370887,-0.9367949274565021,-0.627882006913026,1.1075894512395321,3.73,21.61,49.76,0.394,0.421,1.999,54.37796060905557,-37.68367587521603,-39.118030402659606,2.585124745202642,1,0,0,0,1
858,882,1777638305.6885505,4821.072,1.6503103613647034,0.1885395959440373,-1.9854529268471524,-0.43369857970999703,2.4749572415436725,0.819180616178834,0.19115331078717232,-0.7052490825320323,0.9141218973438967,-0.9368258346837028,-0.6278767960879227,1.1075772553956682,3.73,21.61,49.76,0.394,0.421,1.999,54.37796060905557,-37.68432621179731,-39.11739153996488,2.5853117939484327,1,0,0,0,1
859,883,1777638305.6957004,4821.08,1.6503103613647034,0.1885395959440373,-1.9854529268471524,-0.43369857970999703,2.4749572415436725,0.819180616178834,0.19115979117356846,-0.7052383563286776,0.9141260562811659,-0.9367954660945128,-0.6278742644193039,1.1075574749945556,3.73,21.61,49.76,0.394,0.421,1.999,54.37796060905557,-37.68485033499805,-39.11693368073388,2.584599513631335,1,0,0,0,1
860,884,1777638305.7025316,4821.088,1.6503103613647034,0.1885395959440373,-1.9854529268471524,-0.43369857970999703,2.4749572415436725,0.819180616178834,0.19115571829692612,-0.7052041763099623,0.9141510582355519,-0.9368225804464722,-0.6278235835020999,1.1075723704283977,3.73,21.61,49.76,0.394,0.421,1.999,54.37796060905557,-37.68537364243748,-39.11625176376061,2.587288423035275,1,0,0,0,1
861,885,1777638305.7098138,4821.096,1.6503103613647034,0.1885395959440373,-1.9854529268471524,-0.43369857970999703,2.4749572415436725,0.819180616178834,0.19117241639746474,-0.705215755700993,0.9141432913254866,-0.9368095190490038,-0.6278691662023693,1.1075683543038752,3.73,21.61,49.76,0.394,0.421,1.999,54.37796060905557,-37.68465842667271,-39.1170771451487,2.5852262735571334,1,0,0,0,1
862,886,1777638305.7176406,4821.103999999999,1.6503103613647034,0.1885395959440373,-1.9854529268471524,-0.43369857970999703,2.4749572415436725,0.819180616178834,0.1911788807852788,-0.7052593750237074,0.9141209044996805,-0.936748602149237,-0.6278711484779651,1.1075416154535513,3.73,21.61,49.76,0.394,0.421,1.999,54.37796060905557,-37.685168832687346,-39.116676062915104,2.5838544542629434,1,0,0,0,1
863,887,1777638305.7192643,4821.103999999999,1.6503103613647034,0.1885395959440373,-1.9854529268471524,-0.43369857970999703,2.4749572415436725,0.819180616178834,0.1911788807852788,-0.7052593750237074,0.9141209044996805,-0.936748602149237,-0.6278711484779651,1.1075416154535513,3.88,21.7,49.81,0.39,0.382,1.917,54.46999632825396,-37.799880611669785,-39.124477075997405,2.72485215622143,0,1,0,0,1
864,888,1777638305.7776327,4821.112,1.6503103613647034,0.1885395959440373,-1.9854529268471524,-0.43369857970999703,2.4749572415436725,0.819180616178834,0.19117890394188036,-0.705227228902678,0.914161438908133,-0.9368365526616262,-0.6278578931993974,1.10763916851521,3.88,21.7,49.81,0.39,0.382,1.917,54.46999632825396,-37.79740485842227,-39.1265936767102,2.728800693736706,1,0,0,0,1
865,889,1777638305.8163917,4821.12,1.6503103613647034,0.1885395959440373,-1.9854529268471524,-0.43369857970999703,2.4749572415436725,0.819180616178834,0.19115801036974964,-0.7052345900944221,0.9141287176823174,-0.9368096710871958,-0.6278810107341707,1.1075641903818902,3.88,21.7,49.81,0.39,0.382,1.917,54.46999632825396,-37.79930929011047,-39.124974385506036,2.7256369024624822,1,0,0,0,1
866,890,1777638305.8166206,4821.128,1.6503103613647034,0.1885395959440373,-1.9854529268471524,-0.43369857970999703,2.4749572415436725,0.819180616178834,0.19115619911136184,-0.7051851081496073,0.9141732767640958,-0.9368686264982712,-0.627850015981314,1.1075970179383983,3.88,21.7,49.81,0.39,0.382,1.917,54.46999632825396,-37.79908449919612,-39.12500487613082,2.728315316339317,1,0,0,0,1
867,891,1777638305.8166976,4821.1359999999995,1.6503103613647034,0.1885395959440373,-1.9854529268471524,-0.43369857970999703,2.4749572415436725,0.819180616178834,0.1911713366312466,-0.7051576114329633,0.9141940761492174,-0.9368870889315891,-0.6278154622782164,1.107607666800971,3.88,21.7,49.81,0.39,0.382,1.917,54.46999632825396,-37.799422787803906,-39.12454912501237,2.730163488391041,1,0,0,0,1
868,892,1777638305.8213499,4821.144,1.6503103613647034,0.1885395959440373,-1.9854529268471524,-0.43369857970999703,2.4749572415436725,0.819180616178834,0.1911717528261854,-0.7052175363780684,0.9141560906635774,-0.9368323937134814,-0.6278827989984099,1.1075882890929993,3.88,21.7,49.81,0.39,0.382,1.917,54.46999632825396,-37.79861738278784,-39.125588401033596,2.7264182038919773,1,0,0,0,1
869,893,1777638305.8214495,4821.152,1.6503103613647034,0.1885395959440373,-1.9854529268471524,-0.43369857970999703,2.4749572415436725,0.819180616178834,0.19117242589342143,-0.7052436293375276,0.9141504806070884,-0.9368033431894878,-0.6278950256007356,1.1076006704166623,3.88,21.7,49.81,0.39,0.382,1.917,54.46999632825396,-37.79784983853899,-39.12636089718754,2.7259733172377274,1,0,0,0,1
870,894,1777638305.8227456,4821.16,1.6503103613647034,0.1885395959440373,-1.9854529268471524,-0.43369857970999703,2.4749572415436725,0.819180616178834,0.1911707159146292,-0.7052232357794469,0.9141506609630006,-0.9368362217645725,-0.6278792390466306,1.1076138870784253,3.88,21.7,49.81,0.39,0.382,1.917,54.46999632825396,-37.79786486932464,-39.126255830647665,2.727272629383186,1,0,0,0,1
871,895,1777638305.822791,4821.168,1.6503103613647034,0.1885395959440373,-1.9854529268471524,-0.43369857970999703,2.4749572415436725,0.819180616178834,0.191180969326403,-0.7051981249226107,0.9141630048902223,-0.9368474882345661,-0.6278269252436314,1.107617504764162,3.88,21.7,49.81,0.39,0.382,1.917,54.46999632825396,-37.79869386440189,-39.12529399039614,2.7295809770546233,1,0,0,0,1
872,896,1777638305.8238308,4821.1759999999995,1.6503103613647034,0.1885395959440373,-1.9854529268471524,-0.43369857970999703,2.4749572415436725,0.819180616178834,0.19114300752976532,-0.7051908728586733,0.9141721943065708,-0.9368646223883227,-0.627825708761722,1.1075796478177764,3.88,21.7,49.81,0.39,0.382,1.917,54.46999632825396,-37.80003996733091,-39.1240481603416,2.728797173748271,1,0,0,0,1
873,897,1777638305.823872,4821.184,1.6503103613647034,0.1885395959440373,-1.9854529268471524,-0.43369857970999703,2.4749572415436725,0.819180616178834,0.19118524341436888,-0.70520575860922,0.9141724060448576,-0.9368360539258475,-0.6278674111926232,1.1076180969583436,3.88,21.7,49.81,0.39,0.382,1.917,54.46999632825396,-37.7979271525879,-39.12615486801704,2.72785780633896,1,0,0,0,1
874,898,1777638305.824809,4821.192,1.6503103613647034,0.1885395959440373,-1.9854529268471524,-0.43369857970999703,2.4749572415436725,0.819180616178834,0.19118647018133694,-0.7052032392943905,0.9141591441376189,-0.9368234878289085,-0.627808752872599,1.1076145545290508,3.88,21.7,49.81,0.39,0.382,1.917,54.46999632825396,-37.798967594925955,-39.125000039560675,2.7300037842673497,1,0,0,0,1
875,899,1777638305.826051,4821.2,1.6503103613647034,0.1885395959440373,-1.9854529268471524,-0.43369857970999703,2.4749572415436725,0.819180616178834,0.19117659087898456,-0.7051799912547151,0.914179686974976,-0.9368759972056998,-0.6278405483559865,1.1076311440100326,3.88,21.7,49.81,0.39,0.382,1.917,54.46999632825396,-37.79817350059991,-39.125790761180106,2.729666157408053,1,0,0,0,1
876,900,1777638305.8261566,4821.208,1.6503103613647034,0.1885395959440373,-1.9854529268471524,-0.43369857970999703,2.4749572415436725,0.819180616178834,0.19114528598290387,-0.7052111617335033,0.9141591789774021,-0.9368646176270551,-0.6277858116998407,1.1075918320678473,3.88,21.7,49.81,0.39,0.382,1.917,54.46999632825396,-37.80031866397474,-39.12364449853341,2.730723357343051,1,0,0,0,1
877,901,1777638305.8261995,4821.215999999999,1.6503103613647034,0.1885395959440373,-1.9854529268471524,-0.43369857970999703,2.4749572415436725,0.819180616178834,0.19116015415895612,-0.7051977914953949,0.9141868370799673,-0.9368511337247608,-0.6278313759171745,1.1075880684098969,3.88,21.7,49.81,0.39,0.382,1.917,54.46999632825396,-37.79959677089812,-39.12448582251798,2.7286614082912726,1,0,0,0,1
878,902,1777638305.8262336,4821.224,1.6503103613647034,0.1885395959440373,-1.9854529268471524,-0.43369857970999703,2.4749572415436725,0.819180616178834,0.19117947255358167,-0.7051794948008868,0.9141712561644607,-0.9368712895357727,-0.6277646978136537,1.1076298689412887,3.88,21.7,49.81,0.39,0.382,1.917,54.46999632825396,-37.79947366127574,-39.12432714624215,2.7326390695333225,1,0,0,0,1
879,903,1777638305.8320012,4821.232,1.6503103613647034,0.1885395959440373,-1.9854529268471524,-0.43369857970999703,2.4749572415436725,0.819180616178834,0.19118558573839803,-0.7051921756519953,0.9141852590270034,-0.9368457024346352,-0.6277981010125114,1.1076236834469662,3.88,21.7,49.81,0.39,0.382,1.917,54.46999632825396,-37.79897099553387,-39.12493516451191,2.730886312450432,1,0,0,0,1
880,904,1777638305.839148,4821.24,1.6503103613647034,0.1885395959440373,-1.9854529268471524,-0.43369857970999703,2.4749572415436725,0.819180616178834,0.1911506115601483,-0.7052491863233238,0.9141355215796113,-0.9367928569924638,-0.6278329749336623,1.1075483890500035,3.88,21.7,49.81,0.39,0.382,1.917,54.46999632825396,-37.80054608149111,-39.123685050128934,2.7269917563835016,1,0,0,0,1
881,905,1777638305.84662,4821.248,1.6503103613647034,0.1885395959440373,-1.9854529268471524,-0.43369857970999703,2.4749572415436725,0.819180616178834,0.19116131266934588,-0.7052291674051415,0.9141511780693186,-0.936802067726791,-0.6278327628030647,1.1075486133835437,3.88,21.7,49.81,0.39,0.382,1.917,54.46999632825396,-37.80059225379445,-39.12363326379191,2.727094699985596,1,0,0,0,1
882,906,1777638305.8548138,4821.255999999999,1.6503103613647034,0.1885395959440373,-1.9854529268471524,-0.43369857970999703,2.4749572415436725,0.819180616178834,0.19116134101260185,-0.7051857527190191,0.9141882275997029,-0.9368693627289173,-0.6277690170775128,1.107606797929096,3.88,21.7,49.81,0.39,0.382,1.917,54.46999632825396,-37.80014136062846,-39.12373792277431,2.7318389532651848,1,0,0,0,1
883,907,1777638305.8638217,4821.264,1.6503103613647034,0.1885395959440373,-1.9854529268471524,-0.43369857970999703,2.4749572415436725,0.819180616178834,0.1911671094069454,-0.7052314505601127,0.9141628329642423,-0.9368175782384227,-0.6278424740338304,1.1075917120652472,3.88,21.7,49.81,0.39,0.382,1.917,54.46999632825396,-37.799108473217984,-39.125004506218986,2.727988456398844,1,0,0,0,1
884,908,1777638305.8641474,4821.264,1.6503103613647034,0.1885395959440373,-1.9854529268471524,-0.43369857970999703,2.4749572415436725,0.819180616178834,0.1911671094069454,-0.7052314505601127,0.9141628329642423,-0.9368175782384227,-0.6278424740338304,1.1075917120652472,2.77,20.64,50.92,0.447,0.45,2.038,55.01389733512797,-37.09243558532518,-40.590507077277316,1.7580834900548923,0,1,0,0,1
885,909,1777638305.868524,4821.272,1.6503103613647034,0.1885395959440373,-1.9854529268471524,-0.43369857970999703,2.4749572415436725,0.819180616178834,0.1911748864308196,-0.7052377156315006,0.9141316488342696,-0.9367852487299552,-0.627891840778075,1.1075681754427287,2.77,20.64,50.92,0.447,0.45,2.038,55.01389733512797,-37.0921568139062,-40.59089064253846,1.7551067597374264,1,0,0,0,1
886,910,1777638305.8774507,4821.28,1.6503103613647034,0.1885395959440373,-1.9854529268471524,-0.43369857970999703,2.4749572415436725,0.819180616178834,0.19116849117989454,-0.7052284497015093,0.9141581743748812,-0.9368028546393202,-0.6278510145796875,1.1075617681379897,2.77,20.64,50.92,0.447,0.45,2.038,55.01389733512797,-37.09320761752261,-40.589858211483325,1.7567751748704774,1,0,0,0,1
887,911,1777638305.8827379,4821.288,1.6503103613647034,0.1885395959440373,-1.9854529268471524,-0.43369857970999703,2.4749572415436725,0.819180616178834,0.19115158071490743,-0.7052165469856679,0.9141549384234458,-0.9368354435783316,-0.62784746242562,1.1075708103254291,2.77,20.64,50.92,0.447,0.45,2.038,55.01389733512797,-37.09313432213138,-40.589892867086306,1.75752189140703,1,0,0,0,1
888,912,1777638305.8898444,4821.295999999999,1.6503103613647034,0.1885395959440373,-1.9854529268471524,-0.43369857970999703,2.4749572415436725,0.819180616178834,0.19117835453972554,-0.7052183619382062,0.9141558888976693,-0.9368161582362893,-0.6278317893628473,1.1076105926917905,2.77,20.64,50.92,0.447,0.45,2.038,55.01389733512797,-37.091991773846054,-40.59087279902167,1.7590030308614737,1,0,0,0,1
889,913,1777638305.8975606,4821.304,1.6503103613647034,0.1885395959440373,-1.9854529268471524,-0.43369857970999703,2.4749572415436725,0.819180616178834,0.1911811331866168,-0.705190775374569,0.9141799008802006,-0.936844658940064,-0.6278394325298284,1.10762628226752,2.77,20.64,50.92,0.447,0.45,2.038,55.01389733512797,-37.091470313951376,-40.59133074380247,1.7594312707518616,1,0,0,0,1
890,914,1777638305.9046388,4821.312,1.6503103613647034,0.1885395959440373,-1.9854529268471524,-0.43369857970999703,2.4749572415436725,0.819180616178834,0.19114691086425664,-0.7051931757473653,0.9141778981490135,-0.936854924535068,-0.6278296107741791,1.107560482901853,2.77,20.64,50.92,0.447,0.45,2.038,55.01389733512797,-37.09390522897113,-40.58915981723695,1.7581809334952228,1,0,0,0,1
891,915,1777638305.9114356,4821.32,1.6503103613647034,0.1885395959440373,-1.9854529268471524,-0.43369857970999703,2.4749572415436725,0.819180616178834,0.1911330413932285,-0.7052892966855896,0.9141394229549749,-0.9367532483960145,-0.6278583161050826,1.1075013312271913,2.77,20.64,50.92,0.447,0.45,2.038,55.01389733512797,-37.09484731439246,-40.588466159964504,1.7543139694269398,1,0,0,0,1
892,916,1777638305.9186513,4821.3279999999995,1.6503103613647034,0.1885395959440373,-1.9854529268471524,-0.43369857970999703,2.4749572415436725,0.819180616178834,0.19115759005532093,-0.7052200139851668,0.9141739631244071,-0.9368418725579469,-0.6278410948804096,1.1075667599905017,2.77,20.64,50.92,0.447,0.45,2.038,55.01389733512797,-37.093418954195386,-40.58962324889231,1.7577413921050518,1,0,0,0,1
893,917,1777638305.9275932,4821.335999999999,1.6503103613647034,0.1885395959440373,-1.9854529268471524,-0.43369857970999703,2.4749572415436725,0.819180616178834,0.19118879703349928,-0.70522358243338,0.914139307667522,-0.9368079027591752,-0.627878376517009,1.1076152049988996,2.77,20.64,50.92,0.447,0.45,2.038,55.01389733512797,-37.09094281853619,-40.59191120326383,1.7571584158587252,1,0,0,0,1
894,918,1777638305.9330902,4821.344,1.6503103613647034,0.1885395959440373,-1.9854529268471524,-0.43369857970999703,2.4749572415436725,0.819180616178834,0.19116048952482315,-0.7051837795680942,0.9141987891176064,-0.9368698163551619,-0.6278085855886876,1.1075946573113722,2.77,20.64,50.92,0.447,0.45,2.038,55.01389733512797,-37.09322092829994,-40.58970170104675,1.7601070945755861,1,0,0,0,1
895,919,1777638305.9403162,4821.352,1.6503103613647034,0.1885395959440373,-1.9854529268471524,-0.43369857970999703,2.4749572415436725,0.819180616178834,0.19116180255197715,-0.7051734824049041,0.9141914616299718,-0.9368741112408786,-0.6278038966592512,1.1076050600092364,2.77,20.64,50.92,0.447,0.45,2.038,55.01389733512797,-37.092980093915884,-40.58989946314847,1.7606218571457664,1,0,0,0,1
896,920,1777638305.947664,4821.36,1.6503103613647034,0.1885395959440373,-1.9854529268471524,-0.43369857970999703,2.4749572415436725,0.819180616178834,0.19115582892001987,-0.7051886139946455,0.9141703810781359,-0.936862988688081,-0.6277907295048116,1.1075877102731035,2.77,20.64,50.92,0.447,0.45,2.038,55.01389733512797,-37.09374593911524,-40.58920206544658,1.760564652240367,1,0,0,0,1
897,921,1777638305.956157,4821.3679999999995,1.6503103613647034,0.1885395959440373,-1.9854529268471524,-0.43369857970999703,2.4749572415436725,0.819180616178834,0.19114329964698623,-0.7051755948968421,0.914185723752164,-0.936880685472201,-0.627855235869561,1.1075826390359764,2.77,20.64,50.92,0.447,0.45,2.038,55.01389733512797,-37.09282424134969,-40.590154338124,1.7580274763533144,1,0,0,0,1
898,922,1777638305.96201,4821.376,1.6503103613647034,0.1885395959440373,-1.9854529268471524,-0.43369857970999703,2.4749572415436725,0.819180616178834,0.19119305551972518,-0.7051713535729787,0.9141731044282444,-0.9368926223741264,-0.6278274319519278,1.1076843205966074,2.77,20.64,50.92,0.447,0.45,2.038,55.01389733512797,-37.08998853642464,-40.592573314388446,1.7619994562676227,1,0,0,0,1
899,923,1777638305.9690254,4821.384,1.6503103613647034,0.1885395959440373,-1.9854529268471524,-0.43369857970999703,2.4749572415436725,0.819180616178834,0.19117340254048357,-0.705166522206478,0.9141852234095527,-0.9368820188723304,-0.6278401383691772,1.107624963091114,2.77,20.64,50.92,0.447,0.45,2.038,55.01389733512797,-37.09169011793362,-40.5911146710444,1.7597823607789622,1,0,0,0,1
900,924,1777638305.9777484,4821.392,1.6503103613647034,0.1885395959440373,-1.9854529268471524,-0.43369857970999703,2.4749572415436725,0.819180616178834,0.19116675947774317,-0.7052275636472958,0.9141411472314553,-0.9368174092911968,-0.6278425287076372,1.1075914860443188,2.77,20.64,50.92,0.447,0.45,2.038,55.01389733512797,-37.0924413003094,-40.59050229325432,1.758073367188505,1,0,0,0,1
901,925,1777638305.983651,4821.4,1.6503103613647034,0.1885395959440373,-1.9854529268471524,-0.43369857970999703,2.4749572415436725,0.819180616178834,0.1911825144216491,-0.7052158963751398,0.9141584568706368,-0.936803876458604,-0.6278477882068196,1.1075999877712086,2.77,20.64,50.92,0.447,0.45,2.038,55.01389733512797,-37.09199203714496,-40.5909186684351,1.7579386703924884,1,0,0,0,1
902,926,1777638305.9906278,4821.407999999999,1.6503103613647034,0.1885395959440373,-1.9854529268471524,-0.43369857970999703,2.4749572415436725,0.819180616178834,0.19114433976068546,-0.70523386343816,0.9141751782108559,-0.9368270783615762,-0.627846465365957,1.1075557829707097,2.77,20.64,50.92,0.447,0.45,2.038,55.01389733512797,-37.09361354583912,-40.58947460575722,1.7570672555511613,1,0,0,0,1
903,927,1777638306.000134,4821.416,1.6503103613647034,0.1885395959440373,-1.9854529268471524,-0.43369857970999703,2.4749572415436725,0.819180616178834,0.19114282576585773,-0.7051981664238269,0.9141892120639682,-0.9368763396235318,-0.6278446849406483,1.107595140097918,2.77,20.64,50.92,0.447,0.45,2.038,55.01389733512797,-37.092576865227215,-40.590349595572064,1.7587385270281866,1,0,0,0,1
904,928,1777638306.005249,4821.424,1.6503103613647034,0.1885395959440373,-1.9854529268471524,-0.43369857970999703,2.4749572415436725,0.819180616178834,0.19117428329043296,-0.7052297801966216,0.9141385164800193,-0.9367981888043573,-0.6278345937938928,1.1075761234541706,2.77,20.64,50.92,0.447,0.45,2.038,55.01389733512797,-37.09300398183932,-40.59000129192698,1.7577686777896675,1,0,0,0,1
905,929,1777638306.0103295,4821.424,1.6503103613647034,0.1885395959440373,-1.9854529268471524,-0.43369857970999703,2.4749572415436725,0.819180616178834,0.19117428329043296,-0.7052297801966216,0.9141385164800193,-0.9367981888043573,-0.6278345937938928,1.1075761234541706,3.28,19.03,51.47,0.333,0.542,2.157,54.97326804911638,-35.82372185755878,-41.62634560942333,2.4430520823566457,0,1,0,0,1
906,930,1777638306.0141234,4821.432,1.6503103613647034,0.1885395959440373,-1.9854529268471524,-0.43369857970999703,2.4749572415436725,0.819180616178834,0.19113551379034996,-0.7051692411611532,0.9141919452520133,-0.9369020585673609,-0.6278263948533723,1.1075784653425824,3.28,19.03,51.47,0.333,0.542,2.157,54.97326804911638,-35.824364402368055,-41.62569314106059,2.4447465497686434,1,0,0,0,1
907,931,1777638306.0196915,4821.44,1.6503103613647034,0.1885395959440373,-1.9854529268471524,-0.43369857970999703,2.4749572415436725,0.819180616178834,0.19118754944478789,-0.7052072820024056,0.9141616400407142,-0.936831746072422,-0.6278311926103733,1.1076045334088145,3.28,19.03,51.47,0.333,0.542,2.157,54.97326804911638,-35.82298871491635,-41.62689911497398,2.444371003500642,1,0,0,0,1
908,932,1777638306.0620341,4821.447999999999,1.6503103613647034,0.1885395959440373,-1.9854529268471524,-0.43369857970999703,2.4749572415436725,0.819180616178834,0.19116033365965124,-0.7052013278234603,0.9141886899440617,-0.9368732629463749,-0.6278208950283585,1.1075968881488467,3.28,19.03,51.47,0.333,0.542,2.157,54.97326804911638,-35.82367044419999,-41.62626976566681,2.445097401185565,1,0,0,0,1
909,933,1777638306.0632548,4821.456,1.6503103613647034,0.1885395959440373,-1.9854529268471524,-0.43369857970999703,2.4749572415436725,0.819180616178834,0.19116999458625283,-0.7051950510160332,0.9141865508872795,-0.9368540838733141,-0.6278569818330373,1.1076204408580923,3.28,19.03,51.47,0.333,0.542,2.157,54.97326804911638,-35.82209013094911,-41.627691086990765,2.4440526623270507,1,0,0,0,1
910,934,1777638306.0644875,4821.464,1.6503103613647034,0.1885395959440373,-1.9854529268471524,-0.43369857970999703,2.4749572415436725,0.819180616178834,0.19116288329979947,-0.7051612072267512,0.9141918290966659,-0.936901037504346,-0.6277884396691129,1.1076245591283636,3.28,19.03,51.47,0.333,0.542,2.157,54.97326804911638,-35.82346345907369,-41.62630791256752,2.4474793900113228,1,0,0,0,1
911,935,1777638306.0661988,4821.472,1.6503103613647034,0.1885395959440373,-1.9854529268471524,-0.43369857970999703,2.4749572415436725,0.819180616178834,0.19117022321537092,-0.7051809524441869,0.9141885227469553,-0.9368835979222462,-0.6278293200032244,1.1076312870799587,3.28,19.03,51.47,0.333,0.542,2.157,54.97326804911638,-35.82238566606147,-41.62733327602221,2.4458146943150254,1,0,0,0,1
912,936,1777638306.0672839,4821.48,1.6503103613647034,0.1885395959440373,-1.9854529268471524,-0.43369857970999703,2.4749572415436725,0.819180616178834,0.1911783271355479,-0.7052182191453407,0.9141648407902134,-0.9368140905848424,-0.6278838006168928,1.107607151426688,3.28,19.03,51.47,0.333,0.542,2.157,54.97326804911638,-35.82183653880597,-41.628022331192646,2.4421268969470455,1,0,0,0,1
913,937,1777638306.0693855,4821.487999999999,1.6503103613647034,0.1885395959440373,-1.9854529268471524,-0.43369857970999703,2.4749572415436725,0.819180616178834,0.19116243292195179,-0.7051992955593616,0.9141854937649502,-0.9368451587268527,-0.6278316619769063,1.1075943646459276,3.28,19.03,51.47,0.333,0.542,2.157,54.97326804911638,-35.823405118304684,-41.6265479744187,2.4442482409197286,1,0,0,0,1
914,938,1777638306.0695753,4821.496,1.6503103613647034,0.1885395959440373,-1.9854529268471524,-0.43369857970999703,2.4749572415436725,0.819180616178834,0.19117686085310442,-0.7052251489834973,0.9141519349957312,-0.9367914680413723,-0.627810692162104,1.1075715580093242,3.28,19.03,51.47,0.333,0.542,2.157,54.97326804911638,-35.82428048612882,-41.62582118711301,2.4437958486057,1,0,0,0,1
915,939,1777638306.07882,4821.504,1.6503103613647034,0.1885395959440373,-1.9854529268471524,-0.43369857970999703,2.4749572415436725,0.819180616178834,0.19116665798365517,-0.705181490810384,0.9141732774852018,-0.9368733957907284,-0.6277991798523594,1.1076219781499197,3.28,19.03,51.47,0.333,0.542,2.157,54.97326804911638,-35.82320316605312,-41.62658152303307,2.446635573591287,1,0,0,0,1
916,940,1777638306.0842447,4821.512,1.6503103613647034,0.1885395959440373,-1.9854529268471524,-0.43369857970999703,2.4749572415436725,0.819180616178834,0.19116999162339157,-0.7052308052076133,0.9141633596949181,-0.9368107354059126,-0.6278183974536949,1.1075869510648158,3.28,19.03,51.47,0.333,0.542,2.157,54.97326804911638,-35.823714227599986,-41.626288057429534,2.44414432862503,1,0,0,0,1
917,941,1777638306.0914338,4821.5199999999995,1.6503103613647034,0.1885395959440373,-1.9854529268471524,-0.43369857970999703,2.4749572415436725,0.819180616178834,0.19118840333298343,-0.7051736868879109,0.9141842128247051,-0.9368635794603478,-0.6278354108380174,1.107645718753742,3.28,19.03,51.47,0.333,0.542,2.157,54.97326804911638,-35.821665397164566,-41.62795937123899,2.4457078239353662,1,0,0,0,1
918,942,1777638306.0990393,4821.527999999999,1.6503103613647034,0.1885395959440373,-1.9854529268471524,-0.43369857970999703,2.4749572415436725,0.819180616178834,0.19115948961891815,-0.7052165305337869,0.9141536204647729,-0.9368245476484345,-0.6278467355142642,1.107568400198791,3.28,19.03,51.47,0.333,0.542,2.157,54.97326804911638,-35.823911301484415,-41.626203623915345,2.442693374886349,1,0,0,0,1
919,943,1777638306.1061258,4821.536,1.6503103613647034,0.1885395959440373,-1.9854529268471524,-0.43369857970999703,2.4749572415436725,0.819180616178834,0.1911718607089097,-0.7051823537726897,0.9141812909057988,-0.9368581196324196,-0.6278279097258643,1.107620051599723,3.28,19.03,51.47,0.333,0.542,2.157,54.97326804911638,-35.82265875879495,-41.62713148503292,2.4452492262981744,1,0,0,0,1
920,944,1777638306.1133947,4821.544,1.6503103613647034,0.1885395959440373,-1.9854529268471524,-0.43369857970999703,2.4749572415436725,0.819180616178834,0.1911809999310171,-0.7051714133597724,0.9141875175334021,-0.9368740672276881,-0.6278115046671897,1.1076371392961253,3.28,19.03,51.47,0.333,0.542,2.157,54.97326804911638,-35.822457626173474,-41.627227530487076,2.4465603908475764,1,0,0,0,1
921,945,1777638306.1242478,4821.552,1.6503103613647034,0.1885395959440373,-1.9854529268471524,-0.43369857970999703,2.4749572415436725,0.819180616178834,0.19118492970343212,-0.7052009562172694,0.9141795792059171,-0.9368180599766758,-0.6277896547910166,1.1075931746812042,3.28,19.03,51.47,0.333,0.542,2.157,54.97326804911638,-35.82406665555187,-41.62590239994249,2.445546492921091,1,0,0,0,1
922,946,1777638306.1272101,4821.5599999999995,1.6503103613647034,0.1885395959440373,-1.9854529268471524,-0.43369857970999703,2.4749572415436725,0.819180616178834,0.19117080639741238,-0.7051701911555359,0.9141911959542973,-0.9368823347989746,-0.6277652178418374,1.1076324245462974,3.28,19.03,51.47,0.333,0.542,2.157,54.97326804911638,-35.82351437836773,-41.626211197546915,2.4483788350865447,1,0,0,0,1
923,947,1777638306.1347837,4821.568,1.6503103613647034,0.1885395959440373,-1.9854529268471524,-0.43369857970999703,2.4749572415436725,0.819180616178834,0.19116544653568932,-0.7052378613744872,0.9141484739993933,-0.936813114254411,-0.6278472172683401,1.1075810832903852,3.28,19.03,51.47,0.333,0.542,2.157,54.97326804911638,-35.82340160627182,-41.62663186633134,2.442870610714018,1,0,0,0,1
924,948,1777638306.1418324,4821.576,1.6503103613647034,0.1885395959440373,-1.9854529268471524,-0.43369857970999703,2.4749572415436725,0.819180616178834,0.19117637309860372,-0.7052284133305856,0.9141662788502165,-0.9367902918300243,-0.6278867918834334,1.1075792171649073,3.28,19.03,51.47,0.333,0.542,2.157,54.97326804911638,-35.822614615793356,-41.62742122660933,2.4409596700442417,1,0,0,0,1
925,949,1777638306.1492965,4821.584,1.6503103613647034,0.1885395959440373,-1.9854529268471524,-0.43369857970999703,2.4749572415436725,0.819180616178834,0.19120241745977384,-0.7051888517508704,0.9141573813422396,-0.9368493113599651,-0.6278422525830711,1.1076687774602096,3.28,19.03,51.47,0.333,0.542,2.157,54.97326804911638,-35.820665281457636,-41.628810164422674,2.4458747082047587,1,0,0,0,1
926,950,1777638306.1509128,4821.584,1.6503103613647034,0.1885395959440373,-1.9854529268471524,-0.43369857970999703,2.4749572415436725,0.819180616178834,0.19120241745977384,-0.7051888517508704,0.9141573813422396,-0.9368493113599651,-0.6278422525830711,1.1076687774602096,5.09,21.63,50.81,0.433,0.604,2.078,55.45647933289671,-38.18401435214666,-40.02119777211589,3.963064072185063,0,1,0,0,1
927,951,1777638306.1563184,4821.592,1.6503103613647034,0.1885395959440373,-1.9854529268471524,-0.43369857970999703,2.4749572415436725,0.819180616178834,0.19116943683669418,-0.7051806520839718,0.9141883459175634,-0.9368882634007482,-0.6277650558949157,1.1076260127109407,5.09,21.63,50.81,0.433,0.604,2.078,55.45647933289671,-38.18696716470318,-40.018142809083095,3.965461495678939,1,0,0,0,1
928,952,1777638306.163638,4821.599999999999,1.6503103613647034,0.1885395959440373,-1.9854529268471524,-0.43369857970999703,2.4749572415436725,0.819180616178834,0.1911481124503945,-0.7052016666267511,0.9141683219448251,-0.936863551252304,-0.6278211799708008,1.1075965273490174,5.09,21.63,50.81,0.433,0.604,2.078,55.45647933289671,-38.186879881428894,-40.01855603816215,3.962130429680049,1,0,0,0,1
929,953,1777638306.1709268,4821.608,1.6503103613647034,0.1885395959440373,-1.9854529268471524,-0.43369857970999703,2.4749572415436725,0.819180616178834,0.19115572069180659,-0.7052242268502587,0.9141548406225147,-0.9368351346529264,-0.62786703048915,1.1075987582257931,5.09,21.63,50.81,0.433,0.604,2.078,55.45647933289671,-38.18587265350786,-40.0197248475143,3.9600319215034574,1,0,0,0,1
930,954,1777638306.1784434,4821.616,1.6503103613647034,0.1885395959440373,-1.9854529268471524,-0.43369857970999703,2.4749572415436725,0.819180616178834,0.19116520555200311,-0.7051639756037482,0.9141876824389998,-0.9369058105692647,-0.6277836321815572,1.1076351109264153,5.09,21.63,50.81,0.433,0.604,2.078,55.45647933289671,-38.186462732836006,-40.01865759058841,3.965124033490806,1,0,0,0,1
931,955,1777638306.1853218,4821.624,1.6503103613647034,0.1885395959440373,-1.9854529268471524,-0.43369857970999703,2.4749572415436725,0.819180616178834,0.1911628893476994,-0.7052067985525847,0.9141838777577223,-0.936865500479697,-0.6278575105616195,1.1076228481651038,5.09,21.63,50.81,0.433,0.604,2.078,55.45647933289671,-38.18540690800333,-40.02003654539832,3.9613727639790133,1,0,0,0,1
932,956,1777638306.192655,4821.632,1.6503103613647034,0.1885395959440373,-1.9854529268471524,-0.43369857970999703,2.4749572415436725,0.819180616178834,0.19118201105852778,-0.7052371811760311,0.9141546864895493,-0.9367994109684504,-0.6278373373098488,1.107612505647205,5.09,21.63,50.81,0.433,0.604,2.078,55.45647933289671,-38.18568032148869,-40.01978756196761,3.9612525645373022,1,0,0,0,1
933,957,1777638306.1996648,4821.639999999999,1.6503103613647034,0.1885395959440373,-1.9854529268471524,-0.43369857970999703,2.4749572415436725,0.819180616178834,0.1911956803179975,-0.7051924199188246,0.914174676813316,-0.9368373096987695,-0.6278291225193072,1.1076514338108736,5.09,21.63,50.81,0.433,0.604,2.078,55.45647933289671,-38.18474042128699,-40.020509981702915,3.9630139746597774,1,0,0,0,1
934,958,1777638306.2088392,4821.648,1.6503103613647034,0.1885395959440373,-1.9854529268471524,-0.43369857970999703,2.4749572415436725,0.819180616178834,0.19119705520794034,-0.7052098410243683,0.9141502960801449,-0.936815658393689,-0.6278395597721922,1.1076425104846022,5.09,21.63,50.81,0.433,0.604,2.078,55.45647933289671,-38.18473470956468,-40.02060293018406,3.962130268518292,1,0,0,0,1
935,959,1777638306.2142923,4821.656,1.6503103613647034,0.1885395959440373,-1.9854529268471524,-0.43369857970999703,2.4749572415436725,0.819180616178834,0.1911725712408047,-0.705192841640106,0.9141693790754193,-0.9368671187955041,-0.6278591739721573,1.1076439123322521,5.09,21.63,50.81,0.433,0.604,2.078,55.45647933289671,-38.18468102098314,-40.020678333030645,3.9618860521045582,1,0,0,0,1
936,960,1777638306.221524,4821.664,1.6503103613647034,0.1885395959440373,-1.9854529268471524,-0.43369857970999703,2.4749572415436725,0.819180616178834,0.1911752728203498,-0.7051973996330849,0.9141589557474711,-0.9368321059125705,-0.6278021171889128,1.107597668989542,5.09,21.63,50.81,0.433,0.604,2.078,55.45647933289671,-38.18696232164279,-40.01842867638486,3.9626222275825365,1,0,0,0,1
937,961,1777638306.231379,4821.672,1.6503103613647034,0.1885395959440373,-1.9854529268471524,-0.43369857970999703,2.4749572415436725,0.819180616178834,0.19115228307082127,-0.705182325672914,0.9141823226357886,-0.9369004812291188,-0.6278356320902002,1.1076252572375918,5.09,21.63,50.81,0.433,0.604,2.078,55.45647933289671,-38.18590278857026,-40.01943365147658,3.9626832370157143,1,0,0,0,1
938,962,1777638306.2353864,4821.679999999999,1.6503103613647034,0.1885395959440373,-1.9854529268471524,-0.43369857970999703,2.4749572415436725,0.819180616178834,0.19116064881473932,-0.7051956355119552,0.914163632718474,-0.9368484849559934,-0.6278435837628749,1.1075965399436258,5.09,21.63,50.81,0.433,0.604,2.078,55.45647933289671,-38.186416685784785,-40.019103572886465,3.9610642411103636,1,0,0,0,1
939,963,1777638306.2430816,4821.688,1.6503103613647034,0.1885395959440373,-1.9854529268471524,-0.43369857970999703,2.4749572415436725,0.819180616178834,0.19117132175294038,-0.7051936328566788,0.9141806628188117,-0.9368420416351667,-0.6277980812364268,1.107617162809356,5.09,21.63,50.81,0.433,0.604,2.078,55.45647933289671,-38.18643462582569,-40.01885421170869,3.963409914397714,1,0,0,0,1
940,964,1777638306.249776,4821.696,1.6503103613647034,0.1885395959440373,-1.9854529268471524,-0.43369857970999703,2.4749572415436725,0.819180616178834,0.19118418574066165,-0.7051940095451066,0.9141669786162033,-0.9368468603109666,-0.6278468143277243,1.1076454414609773,5.09,21.63,50.81,0.433,0.604,2.078,55.45647933289671,-38.1847087507245,-40.020618087727556,3.9622273405999002,1,0,0,0,1
941,965,1777638306.2568889,4821.704,1.6503103613647034,0.1885395959440373,-1.9854529268471524,-0.43369857970999703,2.4749572415436725,0.819180616178834,0.19118688865898298,-0.7051573248463068,0.91419648730971,-0.9369077109124367,-0.6277989401482972,1.1076865196731398,5.09,21.63,50.81,0.433,0.604,2.078,55.45647933289671,-38.1844928072727,-40.02046065300831,3.965896893812782,1,0,0,0,1
942,966,1777638306.2644713,4821.7119999999995,1.6503103613647034,0.1885395959440373,-1.9854529268471524,-0.43369857970999703,2.4749572415436725,0.819180616178834,0.19118140703528808,-0.7052301861624177,0.9141428262900957,-0.9368101835710378,-0.6278474826744183,1.1075936019459043,5.09,21.63,50.81,0.433,0.604,2.078,55.45647933289671,-38.18621497817797,-40.019357815154684,3.960440089560013,1,0,0,0,1
943,967,1777638306.271641,4821.719999999999,1.6503103613647034,0.1885395959440373,-1.9854529268471524,-0.43369857970999703,2.4749572415436725,0.819180616178834,0.19115554418871578,-0.7052126476736352,0.9141653530425696,-0.9368452213560794,-0.6278376530263088,1.1075922094031105,5.09,21.63,50.81,0.433,0.604,2.078,55.45647933289671,-38.186640116973415,-40.01888115922019,3.961157323430593,1,0,0,0,1
944,968,1777638306.2784653,4821.728,1.6503103613647034,0.1885395959440373,-1.9854529268471524,-0.43369857970999703,2.4749572415436725,0.819180616178834,0.19118462816873563,-0.7051815253874056,0.9141859800488636,-0.9368651622746306,-0.6278244854947969,1.1076519494479682,5.09,21.63,50.81,0.433,0.604,2.078,55.45647933289671,-38.18497137294495,-40.0202416934353,3.963497955896603,1,0,0,0,1
945,969,1777638306.28606,4821.736,1.6503103613647034,0.1885395959440373,-1.9854529268471524,-0.43369857970999703,2.4749572415436725,0.819180616178834,0.19115655438869933,-0.7051968430098979,0.9141889425128717,-0.9368517994365224,-0.6277961069142698,1.107583359699865,5.09,21.63,50.81,0.433,0.604,2.078,55.45647933289671,-38.18766417747297,-40.0177529678155,3.9626824343419718,1,0,0,0,1
946,970,1777638306.2927637,4821.744,1.6503103613647034,0.1885395959440373,-1.9854529268471524,-0.43369857970999703,2.4749572415436725,0.819180616178834,0.19116576119581188,-0.7052152362185837,0.9141600052693579,-0.93683953133744,-0.6278319122585424,1.1076005255185808,5.09,21.63,50.81,0.433,0.604,2.078,55.45647933289671,-38.18642014669488,-40.01905146251108,3.9615573226933782,1,0,0,0,1
947,971,1777638306.2950413,4821.744,1.6503103613647034,0.1885395959440373,-1.9854529268471524,-0.43369857970999703,2.4749572415436725,0.819180616178834,0.19116576119581188,-0.7052152362185837,0.9141600052693579,-0.93683953133744,-0.6278319122585424,1.1076005255185808,4.96,21.81,51.92,0.338,0.719,1.964,56.532858586843105,-38.72579446236183,-41.006628662579445,3.8384044847076657,0,1,0,0,1
948,972,1777638306.300253,4821.7519999999995,1.6503103613647034,0.1885395959440373,-1.9854529268471524,-0.43369857970999703,2.4749572415436725,0.819180616178834,0.19118026347166456,-0.7051263852157501,0.9142192360516244,-0.9369278695595735,-0.6278450436254915,1.1076749170078315,4.96,21.81,51.92,0.338,0.719,1.964,56.532858586843105,-38.72355896437385,-41.00851293485065,3.840826474191234,1,0,0,0,1
949,973,1777638306.3076475,4821.76,1.6503103613647034,0.1885395959440373,-1.9854529268471524,-0.43369857970999703,2.4749572415436725,0.819180616178834,0.1911577511991723,-0.7051780765626079,0.914202502005501,-0.9368957063364011,-0.6278345210275301,1.1076167894703783,4.96,21.81,51.92,0.338,0.719,1.964,56.532858586843105,-38.7255387315642,-41.006783183748695,3.839333649364902,1,0,0,0,1
950,974,1777638306.3146346,4821.768,1.6503103613647034,0.1885395959440373,-1.9854529268471524,-0.43369857970999703,2.4749572415436725,0.819180616178834,0.1912025951409569,-0.7052238413734042,0.9141801897960149,-0.9367921950906043,-0.6278609980941046,1.1076275877112094,4.96,21.81,51.92,0.338,0.719,1.964,56.532858586843105,-38.72407356414275,-41.008344303840005,3.8374371729805867,1,0,0,0,1
951,975,1777638306.3219814,4821.776,1.6503103613647034,0.1885395959440373,-1.9854529268471524,-0.43369857970999703,2.4749572415436725,0.819180616178834,0.19116579606358464,-0.7052053514131892,0.9141724526571073,-0.93682579422469,-0.6278493101282822,1.1076049098277942,4.96,21.81,51.92,0.338,0.719,1.964,56.532858586843105,-38.72526149963077,-41.00720196895931,3.8376566368286484,1,0,0,0,1
952,976,1777638306.3968227,4821.784,1.6503103613647034,0.1885395959440373,-1.9854529268471524,-0.43369857970999703,2.4749572415436725,0.819180616178834,0.19118775362712723,-0.705184343814426,0.9141972261725809,-0.936878247192802,-0.6278420551398314,1.1076526292433766,4.96,21.81,51.92,0.338,0.719,1.964,56.532858586843105,-38.72406901689954,-41.00812580442257,3.8398172851129835,1,0,0,0,1
953,977,1777638306.3968902,4821.7919999999995,1.6503103613647034,0.1885395959440373,-1.9854529268471524,-0.43369857970999703,2.4749572415436725,0.819180616178834,0.1911576255046452,-0.7051935021529473,0.9141738685251563,-0.9368574647456,-0.6278309021342544,1.1075818105529254,4.96,21.81,51.92,0.338,0.719,1.964,56.532858586843105,-38.72656664610946,-41.00592572226032,3.838123430129634,1,0,0,0,1
954,978,1777638306.3997693,4821.8,1.6503103613647034,0.1885395959440373,-1.9854529268471524,-0.43369857970999703,2.4749572415436725,0.819180616178834,0.19116517085481283,-0.7052251553436891,0.9141610405608951,-0.9368209429930355,-0.6278543488727648,1.107594081557591,4.96,21.81,51.92,0.338,0.719,1.964,56.532858586843105,-38.72551789082797,-41.00701195558069,3.8370997591963487,1,0,0,0,1
955,979,1777638306.3999884,4821.808,1.6503103613647034,0.1885395959440373,-1.9854529268471524,-0.43369857970999703,2.4749572415436725,0.819180616178834,0.19117032091654929,-0.7051924639590484,0.9141586077017059,-0.9368860082571688,-0.627817321529945,1.1076222337033212,4.96,21.81,51.92,0.338,0.719,1.964,56.532858586843105,-38.7255849211454,-41.006668269302835,3.8400950465460677,1,0,0,0,1
956,980,1777638306.4000978,4821.816,1.6503103613647034,0.1885395959440373,-1.9854529268471524,-0.43369857970999703,2.4749572415436725,0.819180616178834,0.1911733532532981,-0.7051835577180277,0.9141797708783287,-0.9368568094983446,-0.6277639321704979,1.107621074412058,4.96,21.81,51.92,0.338,0.719,1.964,56.532858586843105,-38.726355023617536,-41.00576500012005,3.8419738858643346,1,0,0,0,1
957,981,1777638306.4047263,4821.824,1.6503103613647034,0.1885395959440373,-1.9854529268471524,-0.43369857970999703,2.4749572415436725,0.819180616178834,0.1911691176408006,-0.7051666810768922,0.9142037151333355,-0.936885343634274,-0.6277772804448669,1.107634756162941,4.96,21.81,51.92,0.338,0.719,1.964,56.532858586843105,-38.725833473389216,-41.00624624524394,3.8420945675170226,1,0,0,0,1
958,982,1777638306.4083126,4821.831999999999,1.6503103613647034,0.1885395959440373,-1.9854529268471524,-0.43369857970999703,2.4749572415436725,0.819180616178834,0.19115560203599247,-0.7052420988824155,0.9141704326160978,-0.9368408986891957,-0.6278271491540207,1.1076046977926277,4.96,21.81,51.92,0.338,0.719,1.964,56.532858586843105,-38.7257407224127,-41.0066488477877,3.8387310109851023,1,0,0,0,1
959,983,1777638306.41184,4821.84,1.6503103613647034,0.1885395959440373,-1.9854529268471524,-0.43369857970999703,2.4749572415436725,0.819180616178834,0.19118554942578914,-0.7052024476451283,0.9141669063178461,-0.936844295783216,-0.6278590640287973,1.107654081897718,4.96,21.81,51.92,0.338,0.719,1.964,56.532858586843105,-38.72351819561757,-41.00874191314608,3.8387921609081945,1,0,0,0,1
960,984,1777638306.4141195,4821.848,1.6503103613647034,0.1885395959440373,-1.9854529268471524,-0.43369857970999703,2.4749572415436725,0.819180616178834,0.19117086083020723,-0.7052250874481936,0.914183402413365,-0.9368381589935473,-0.6278275098916806,1.107617514890559,4.96,21.81,51.92,0.338,0.719,1.964,56.532858586843105,-38.72527668227405,-41.00705834367438,3.839037884653723,1,0,0,0,1
961,985,1777638306.417772,4821.856,1.6503103613647034,0.1885395959440373,-1.9854529268471524,-0.43369857970999703,2.4749572415436725,0.819180616178834,0.1911654495585296,-0.7052201441620668,0.9141636167560416,-0.9368424745867111,-0.6278040060940386,1.1076151126193492,4.96,21.81,51.92,0.338,0.719,1.964,56.532858586843105,-38.72578726135197,-41.00648661561266,3.8399943270909307,1,0,0,0,1
962,986,1777638306.417891,4821.864,1.6503103613647034,0.1885395959440373,-1.9854529268471524,-0.43369857970999703,2.4749572415436725,0.819180616178834,0.1911711459568541,-0.7052468482481427,0.9141311689962597,-0.936798090536334,-0.6278602657294354,1.1076020057340057,4.96,21.81,51.92,0.338,0.719,1.964,56.532858586843105,-38.72500262843917,-41.00752381206938,3.836829710834418,1,0,0,0,1
963,987,1777638306.4179485,4821.871999999999,1.6503103613647034,0.1885395959440373,-1.9854529268471524,-0.43369857970999703,2.4749572415436725,0.819180616178834,0.191179413258792,-0.705205079428704,0.9141588579292621,-0.9368317959106328,-0.6278216851777046,1.107625618034657,4.96,21.81,51.92,0.338,0.719,1.964,56.532858586843105,-38.72505791188583,-41.00722780141385,3.839434563062485,1,0,0,0,1
964,988,1777638306.4180243,4821.88,1.6503103613647034,0.1885395959440373,-1.9854529268471524,-0.43369857970999703,2.4749572415436725,0.819180616178834,0.19117764993682868,-0.7052357301702273,0.9141499974371696,-0.936789702746711,-0.6278470662969307,1.107591209047118,4.96,21.81,51.92,0.338,0.719,1.964,56.532858586843105,-38.72554734605521,-41.006994010034454,3.8369942675789286,1,0,0,0,1
965,989,1777638306.4264195,4821.888,1.6503103613647034,0.1885395959440373,-1.9854529268471524,-0.43369857970999703,2.4749572415436725,0.819180616178834,0.19117703709061346,-0.7052113967825553,0.9141871330339175,-0.9368383604578489,-0.6278459322990539,1.1076304760858315,4.96,21.81,51.92,0.338,0.719,1.964,56.532858586843105,-38.72451760359712,-41.00781342895761,3.8386292012253307,1,0,0,0,1
966,990,1777638306.4303665,4821.896,1.6503103613647034,0.1885395959440373,-1.9854529268471524,-0.43369857970999703,2.4749572415436725,0.819180616178834,0.19116541643184234,-0.7051834310874414,0.9141900410849036,-0.9368656390592301,-0.6278166705398041,1.10762004448782,4.96,21.81,51.92,0.338,0.719,1.964,56.532858586843105,-38.725545056257815,-41.00672911101668,3.8398473552269565,1,0,0,0,1
967,991,1777638306.4374847,4821.9039999999995,1.6503103613647034,0.1885395959440373,-1.9854529268471524,-0.43369857970999703,2.4749572415436725,0.819180616178834,0.19117363500754653,-0.7052331410765396,0.914158921397998,-0.9368212192815815,-0.6278330666526951,1.1076192147670525,4.96,21.81,51.92,0.338,0.719,1.964,56.532858586843105,-38.725018333179065,-41.00733630247617,3.838674832616776,1,0,0,0,1
968,992,1777638306.4388514,4821.9039999999995,1.6503103613647034,0.1885395959440373,-1.9854529268471524,-0.43369857970999703,2.4749572415436725,0.819180616178834,0.19117363500754653,-0.7052331410765396,0.914158921397998,-0.9368212192815815,-0.6278330666526951,1.1076192147670525,4.06,20.94,52.8,0.348,0.784,2.024,56.94565128260454,-38.13528335931291,-42.18041059066992,3.0529208157782968,0,1,0,0,1
969,993,1777638306.444218,4821.911999999999,1.6503103613647034,0.1885395959440373,-1.9854529268471524,-0.43369857970999703,2.4749572415436725,0.819180616178834,0.19118261789457924,-0.7051915504552044,0.9141774803958167,-0.936852384885389,-0.6278219748835738,1.1076283078263016,4.06,20.94,52.8,0.348,0.784,2.024,56.94565128260454,-38.13534931114695,-42.180272842655114,3.0539999731458067,1,0,0,0,1
970,994,1777638306.4519715,4821.92,1.6503103613647034,0.1885395959440373,-1.9854529268471524,-0.43369857970999703,2.4749572415436725,0.819180616178834,0.19118626802354197,-0.705202669969222,0.9141733416743529,-0.936854768807109,-0.6278296036630223,1.1076475918439408,4.06,20.94,52.8,0.348,0.784,2.024,56.94565128260454,-38.13454714117937,-42.18098035700934,3.054244662557271,1,0,0,0,1
971,995,1777638306.4584796,4821.928,1.6503103613647034,0.1885395959440373,-1.9854529268471524,-0.43369857970999703,2.4749572415436725,0.819180616178834,0.19115235954628873,-0.705199071947942,0.9141954121683166,-0.9368621217550568,-0.6278320669409777,1.1075905687330532,4.06,20.94,52.8,0.348,0.784,2.024,56.94565128260454,-38.13654928739895,-42.179285612264856,3.0526502729229215,1,0,0,0,1
972,996,1777638306.465806,4821.936,1.6503103613647034,0.1885395959440373,-1.9854529268471524,-0.43369857970999703,2.4749572415436725,0.819180616178834,0.1911676943962255,-0.7052118750478249,0.9141887371367231,-0.9368436401834762,-0.6278273584464403,1.1076111153856891,4.06,20.94,52.8,0.348,0.784,2.024,56.94565128260454,-38.13580394711495,-42.17991989566512,3.0531974882872883,1,0,0,0,1
973,997,1777638306.4780724,4821.9439999999995,1.6503103613647034,0.1885395959440373,-1.9854529268471524,-0.43369857970999703,2.4749572415436725,0.819180616178834,0.19116765809593508,-0.7051913699575559,0.9141944378460218,-0.9368297846025917,-0.627819969182556,1.107604714169682,4.06,20.94,52.8,0.348,0.784,2.024,56.94565128260454,-38.13608143673157,-42.17967139039341,3.0531645958585094,1,0,0,0,1
974,998,1777638306.480527,4821.952,1.6503103613647034,0.1885395959440373,-1.9854529268471524,-0.43369857970999703,2.4749572415436725,0.819180616178834,0.19116362497998118,-0.7051963279596797,0.9141807535963471,-0.9368399611414774,-0.6278560282966037,1.1076116836136087,4.06,20.94,52.8,0.348,0.784,2.024,56.94565128260454,-38.135241152063486,-42.18051696625899,3.0519781672058475,1,0,0,0,1
975,999,1777638306.4873047,4821.96,1.6503103613647034,0.1885395959440373,-1.9854529268471524,-0.43369857970999703,2.4749572415436725,0.819180616178834,0.19116757629761583,-0.7051664851704385,0.9141925736264168,-0.9369085978786905,-0.6278308485483021,1.1076423736304442,4.06,20.94,52.8,0.348,0.784,2.024,56.94565128260454,-38.135025397035605,-42.18051635848077,3.0546812762357582,1,0,0,0,1
976,1000,1777638306.4954624,4821.968,1.6503103613647034,0.1885395959440373,-1.9854529268471524,-0.43369857970999703,2.4749572415436725,0.819180616178834,0.19116274800383998,-0.7052122648718607,0.9141482937556596,-0.9368259508617326,-0.6278296747297654,1.107576604574118,4.06,20.94,52.8,0.348,0.784,2.024,56.94565128260454,-38.136870048840024,-42.17904713676903,3.051937992834017,1,0,0,0,1
977,1001,1777638306.5023663,4821.976,1.6503103613647034,0.1885395959440373,-1.9854529268471524,-0.43369857970999703,2.4749572415436725,0.819180616178834,0.19115179083490674,-0.7052269809608793,0.9141477761103268,-0.9368055780979042,-0.6278507760636945,1.1075490819612295,4.06,20.94,52.8,0.348,0.784,2.024,56.94565128260454,-38.137333320102385,-42.17876413972134,3.050059487479701,1,0,0,0,1
978,1002,1777638306.509296,4821.9839999999995,1.6503103613647034,0.1885395959440373,-1.9854529268471524,-0.43369857970999703,2.4749572415436725,0.819180616178834,0.1911876587632066,-0.705164343823987,0.9141927742360032,-0.9368743589885534,-0.6278302100063078,1.1076501354080621,4.06,20.94,52.8,0.348,0.784,2.024,56.94565128260454,-38.13456231102573,-42.18094669267192,3.0545201679584175,1,0,0,0,1
979,1003,1777638306.5161357,4821.992,1.6503103613647034,0.1885395959440373,-1.9854529268471524,-0.43369857970999703,2.4749572415436725,0.819180616178834,0.19117060739949152,-0.7052200579764438,0.9141598003475943,-0.9367947268445047,-0.6278481034485511,1.1076000299015856,4.06,20.94,52.8,0.348,0.784,2.024,56.94565128260454,-38.135527847849474,-42.180295741022846,3.0514532547208773,1,0,0,0,1
980,1004,1777638306.5272353,4822.0,1.6503103613647034,0.1885395959440373,-1.9854529268471524,-0.43369857970999703,2.4749572415436725,0.819180616178834,0.19116483226103576,-0.7052045795734981,0.9141607317606614,-0.9368589241407967,-0.6278580583777486,1.1076287437674943,4.06,20.94,52.8,0.348,0.784,2.024,56.94565128260454,-38.134716684703974,-42.18094693238986,3.0525889445303087,1,0,0,0,1
981,1005,1777638306.530865,4822.008,1.6503103613647034,0.1885395959440373,-1.9854529268471524,-0.43369857970999703,2.4749572415436725,0.819180616178834,0.19117012095056013,-0.7052056310305188,0.914179859546158,-0.9368246466347732,-0.6278447261342343,1.10762190641067,4.06,20.94,52.8,0.348,0.784,2.024,56.94565128260454,-38.13499707197796,-42.18069619095221,3.0525509278013816,1,0,0,0,1
982,1006,1777638306.5377562,4822.016,1.6503103613647034,0.1885395959440373,-1.9854529268471524,-0.43369857970999703,2.4749572415436725,0.819180616178834,0.19116731721638963,-0.7052163183159663,0.9141768342720283,-0.9368340702123757,-0.6278564309816813,1.1076178959921839,4.06,20.94,52.8,0.348,0.784,2.024,56.94565128260454,-38.13498080759214,-42.180746120945415,3.0520641351267472,1,0,0,0,1
983,1007,1777638306.5447838,4822.023999999999,1.6503103613647034,0.1885395959440373,-1.9854529268471524,-0.43369857970999703,2.4749572415436725,0.819180616178834,0.19117442628128414,-0.7051797514445997,0.9141882873725027,-0.9368820643951884,-0.627840226926532,1.1076249379011491,4.06,20.94,52.8,0.348,0.784,2.024,56.94565128260454,-38.13531103090081,-42.18034387553536,3.053496867206663,1,0,0,0,1
984,1008,1777638306.5523977,4822.032,1.6503103613647034,0.1885395959440373,-1.9854529268471524,-0.43369857970999703,2.4749572415436725,0.819180616178834,0.1911729218421908,-0.7051793520707994,0.9141821458471993,-0.9368766575797346,-0.6277899151265326,1.1076494551061966,4.06,20.94,52.8,0.348,0.784,2.024,56.94565128260454,-38.13533215468031,-42.18012876108033,3.0562033883379827,1,0,0,0,1
985,1009,1777638306.559654,4822.04,1.6503103613647034,0.1885395959440373,-1.9854529268471524,-0.43369857970999703,2.4749572415436725,0.819180616178834,0.19118837793564852,-0.7051558256536786,0.9142083065466063,-0.9368908732137087,-0.6278442108072287,1.1076763073276419,4.06,20.94,52.8,0.348,0.784,2.024,56.94565128260454,-38.13348564458846,-42.1818956737155,3.0548567831808944,1,0,0,0,1
986,1010,1777638306.5666099,4822.048,1.6503103613647034,0.1885395959440373,-1.9854529268471524,-0.43369857970999703,2.4749572415436725,0.819180616178834,0.19114235799674364,-0.70522598874148,0.9141667363796595,-0.9368216849165298,-0.6278267721860104,1.1075341681847175,4.06,20.94,52.8,0.348,0.784,2.024,56.94565128260454,-38.138388608600096,-42.17775393528918,3.050833871845382,1,0,0,0,1
987,1011,1777638306.5775049,4822.056,1.6503103613647034,0.1885395959440373,-1.9854529268471524,-0.43369857970999703,2.4749572415436725,0.819180616178834,0.19116829787613832,-0.7052029424937727,0.9141698283024147,-0.9368604716281932,-0.6278412166983374,1.1076371313390811,4.06,20.94,52.8,0.348,0.784,2.024,56.94565128260454,-38.134737241666656,-42.1808595526567,3.053539406670786,1,0,0,0,1
988,1012,1777638306.5821238,4822.063999999999,1.6503103613647034,0.1885395959440373,-1.9854529268471524,-0.43369857970999703,2.4749572415436725,0.819180616178834,0.19115669336349567,-0.7052364571346942,0.9141617248598438,-0.9368158292380957,-0.6278254864814486,1.1075936499791323,4.06,20.94,52.8,0.348,0.784,2.024,56.94565128260454,-38.136287583055136,-42.17953564484068,3.0524649331528315,1,0,0,0,1
989,1013,1777638306.5832348,4822.063999999999,1.6503103613647034,0.1885395959440373,-1.9854529268471524,-0.43369857970999703,2.4749572415436725,0.819180616178834,0.19115669336349567,-0.7052364571346942,0.9141617248598438,-0.9368158292380957,-0.6278254864814486,1.1075936499791323,4.5,20.6,51.87,0.415,0.728,2.175,55.99202532504071,-37.537102031586386,-41.39797248818656,3.5043893815642275,0,1,0,0,1
990,1014,1777638306.5879476,4822.072,1.6503103613647034,0.1885395959440373,-1.9854529268471524,-0.43369857970999703,2.4749572415436725,0.819180616178834,0.19116067846049112,-0.7052237938640109,0.914162417134698,-0.936835371010728,-0.6277862120326512,1.107608170192355,4.5,20.6,51.87,0.415,0.728,2.175,55.99202532504071,-37.53740451847591,-41.397509836559884,3.5066139434263817,1,0,0,0,1
991,1015,1777638306.5959647,4822.08,1.6503103613647034,0.1885395959440373,-1.9854529268471524,-0.43369857970999703,2.4749572415436725,0.819180616178834,0.19117055593749116,-0.7052453249354294,0.9141532750248664,-0.9367700519935933,-0.6278268839115149,1.1075608651030744,4.5,20.6,51.87,0.415,0.728,2.175,55.99202532504071,-37.53793531554429,-41.39734167766404,3.5029151101264175,1,0,0,0,1
992,1016,1777638306.6028857,4822.088,1.6503103613647034,0.1885395959440373,-1.9854529268471524,-0.43369857970999703,2.4749572415436725,0.819180616178834,0.19120450128674138,-0.7052034587568023,0.9141484584249411,-0.9367961778036722,-0.6277923634901268,1.1076394395700222,4.5,20.6,51.87,0.415,0.728,2.175,55.99202532504071,-37.53597665523826,-41.3987918909453,3.506762967126544,1,0,0,0,1
993,1017,1777638306.6101089,4822.096,1.6503103613647034,0.1885395959440373,-1.9854529268471524,-0.43369857970999703,2.4749572415436725,0.819180616178834,0.19118802162795462,-0.7052575798310817,0.9141371220255925,-0.9367546444587754,-0.6278689619857702,1.1075886647350004,4.5,20.6,51.87,0.415,0.728,2.175,55.99202532504071,-37.536143472193956,-41.399062911003995,3.5017743110605943,1,0,0,0,1
994,1018,1777638306.6172793,4822.103999999999,1.6503103613647034,0.1885395959440373,-1.9854529268471524,-0.43369857970999703,2.4749572415436725,0.819180616178834,0.1911781903369204,-0.7052081332856814,0.9141484984376433,-0.9368244490932174,-0.6278389993698584,1.1076236179457,4.5,20.6,51.87,0.415,0.728,2.175,55.99202532504071,-37.535880306645055,-41.399049623482476,3.5047510436051175,1,0,0,0,1
995,1019,1777638306.6695416,4822.112,1.6503103613647034,0.1885395959440373,-1.9854529268471524,-0.43369857970999703,2.4749572415436725,0.819180616178834,0.19118560650457556,-0.7052035678726581,0.9141547968462238,-0.9368571424645572,-0.6278172589447982,1.107638652631165,4.5,20.6,51.87,0.415,0.728,2.175,55.99202532504071,-37.53593808313017,-41.398855584272944,3.506423895071857,1,0,0,0,1
996,1020,1777638306.669665,4822.12,1.6503103613647034,0.1885395959440373,-1.9854529268471524,-0.43369857970999703,2.4749572415436725,0.819180616178834,0.19114909282894144,-0.7051408917585507,0.9142301823642037,-0.936934837958217,-0.6277835042330807,1.1076191380326765,4.5,20.6,51.87,0.415,0.728,2.175,55.99202532504071,-37.537674983378395,-41.397133197829774,3.508164740058194,1,0,0,0,1
997,1021,1777638306.66971,4822.128,1.6503103613647034,0.1885395959440373,-1.9854529268471524,-0.43369857970999703,2.4749572415436725,0.819180616178834,0.19116172505972967,-0.7051735122493112,0.9141819572369996,-0.9368852752725787,-0.6277832789893746,1.1076325698180736,4.5,20.6,51.87,0.415,0.728,2.175,55.99202532504071,-37.53691344049011,-41.39784020538307,3.5079703092701386,1,0,0,0,1
998,1022,1777638306.6710374,4822.1359999999995,1.6503103613647034,0.1885395959440373,-1.9854529268471524,-0.43369857970999703,2.4749572415436725,0.819180616178834,0.19116726992091795,-0.7052419079547192,0.9141461715238136,-0.9367988096556209,-0.6278249339690424,1.107597446902913,4.5,20.6,51.87,0.415,0.728,2.175,55.99202532504071,-37.536877071630514,-41.39818235355876,3.5043198385415324,1,0,0,0,1
999,1023,1777638306.6710825,4822.144,1.6503103613647034,0.1885395959440373,-1.9854529268471524,-0.43369857970999703,2.4749572415436725,0.819180616178834,0.19119439438276295,-0.7052042316048052,0.9141639842843876,-0.9368307855299228,-0.6278706056495765,1.1076604310068783,4.5,20.6,51.87,0.415,0.728,2.175,55.99202532504071,-37.5340912444448,-41.400690113819,3.5045331434044913,1,0,0,0,1
1000,1024,1777638306.6746533,4822.152,1.6503103613647034,0.1885395959440373,-1.9854529268471524,-0.43369857970999703,2.4749572415436725,0.819180616178834,0.1911626248716285,-0.70518291849785,0.9141928749821667,-0.9368525680353404,-0.6278142073038385,1.1075964337614201,4.5,20.6,51.87,0.415,0.728,2.175,55.99202532504071,-37.53742556235037,-41.3975979784454,3.50534788088398,1,0,0,0,1
1001,1025,1777638306.676464,4822.16,1.6503103613647034,0.1885395959440373,-1.9854529268471524,-0.43369857970999703,2.4749572415436725,0.819180616178834,0.19117588146549272,-0.705233314080704,0.9141347559190518,-0.9368021121472959,-0.6278904001848122,1.1076174975158464,4.5,20.6,51.87,0.415,0.728,2.175,55.99202532504071,-37.53505785686719,-41.40000889389822,3.502227186631416,1,0,0,0,1
1002,1026,1777638306.6765163,4822.168,1.6503103613647034,0.1885395959440373,-1.9854529268471524,-0.43369857970999703,2.4749572415436725,0.819180616178834,0.1911944210132211,-0.7052224243035012,0.9141502491682771,-0.9367930479991015,-0.6278513978043206,1.1076487833794528,4.5,20.6,51.87,0.415,0.728,2.175,55.99202532504071,-37.53460175640758,-41.40022431066565,3.5045681637619452,1,0,0,0,1
1003,1027,1777638306.681846,4822.1759999999995,1.6503103613647034,0.1885395959440373,-1.9854529268471524,-0.43369857970999703,2.4749572415436725,0.819180616178834,0.19120746024367932,-0.7051882465614345,0.9141739151442674,-0.9368473882538781,-0.6278132697090607,1.1076748067484374,4.5,20.6,51.87,0.415,0.728,2.175,55.99202532504071,-37.53469682977076,-41.39989336386523,3.507458247475439,1,0,0,0,1
1004,1028,1777638306.6889908,4822.184,1.6503103613647034,0.1885395959440373,-1.9854529268471524,-0.43369857970999703,2.4749572415436725,0.819180616178834,0.19118502605912713,-0.7052371894021563,0.9141656689039833,-0.9367724776260097,-0.6277878987090012,1.1075794332725897,4.5,20.6,51.87,0.415,0.728,2.175,55.99202532504071,-37.53798884793569,-41.39711315454492,3.5050414722309906,1,0,0,0,1
1005,1029,1777638306.6959333,4822.192,1.6503103613647034,0.1885395959440373,-1.9854529268471524,-0.43369857970999703,2.4749572415436725,0.819180616178834,0.19116705598191294,-0.7051958620925902,0.9141770721081413,-0.9368630205053308,-0.6278289834973103,1.1076285366927783,4.5,20.6,51.87,0.415,0.728,2.175,55.99202532504071,-37.5361189414062,-41.398749772209015,3.5057370287329843,1,0,0,0,1
1006,1030,1777638306.7068195,4822.2,1.6503103613647034,0.1885395959440373,-1.9854529268471524,-0.43369857970999703,2.4749572415436725,0.819180616178834,0.19117433032189263,-0.7052043142315183,0.9141696494442397,-0.9368338499555947,-0.6278505852990819,1.1076198730535316,4.5,20.6,51.87,0.415,0.728,2.175,55.99202532504071,-37.53586432860848,-41.39910368372784,3.504283562762831,1,0,0,0,1
1007,1031,1777638306.7112026,4822.208,1.6503103613647034,0.1885395959440373,-1.9854529268471524,-0.43369857970999703,2.4749572415436725,0.819180616178834,0.1911480901573284,-0.7052093727573899,0.9141712535627404,-0.9368444878292388,-0.6278193376667098,1.107579203283517,4.5,20.6,51.87,0.415,0.728,2.175,55.99202532504071,-37.53788346510267,-41.39724805319425,3.5045768050759616,1,0,0,0,1
1008,1032,1777638306.7188985,4822.215999999999,1.6503103613647034,0.1885395959440373,-1.9854529268471524,-0.43369857970999703,2.4749572415436725,0.819180616178834,0.19119421981350454,-0.705202933413688,0.9141723825223841,-0.9368437733757518,-0.6278133386288808,1.1076682606614388,4.5,20.6,51.87,0.415,0.728,2.175,55.99202532504071,-37.53490038388529,-41.39972765070073,3.5072358944918753,1,0,0,0,1
1009,1033,1777638306.7277658,4822.224,1.6503103613647034,0.1885395959440373,-1.9854529268471524,-0.43369857970999703,2.4749572415436725,0.819180616178834,0.19119510872943246,-0.7052201291332059,0.9141516487767837,-0.9367917520191628,-0.6278426032704997,1.1076145322617976,4.5,20.6,51.87,0.415,0.728,2.175,55.99202532504071,-37.53593369733163,-41.39906637708912,3.5039812463670694,1,0,0,0,1
1010,1034,1777638306.7311826,4822.224,1.6503103613647034,0.1885395959440373,-1.9854529268471524,-0.43369857970999703,2.4749572415436725,0.819180616178834,0.19119510872943246,-0.7052201291332059,0.9141516487767837,-0.9367917520191628,-0.6278426032704997,1.1076145322617976,4.7,19.74,50.98,0.276,0.598,2.141,54.87001002369144,-36.44326475041863,-40.845814290842384,3.7717249699455295,0,1,0,0,1
1011,1035,1777638306.732251,4822.232,1.6503103613647034,0.1885395959440373,-1.9854529268471524,-0.43369857970999703,2.4749572415436725,0.819180616178834,0.19114710911997346,-0.7052328201290907,0.914166256335467,-0.9368318317489419,-0.627801564000648,1.1075787064379043,4.7,19.74,50.98,0.276,0.598,2.141,54.87001002369144,-36.445437357787625,-40.843769590120374,3.772874430555014,1,0,0,0,1
1012,1036,1777638306.7397768,4822.24,1.6503103613647034,0.1885395959440373,-1.9854529268471524,-0.43369857970999703,2.4749572415436725,0.819180616178834,0.1911865813079324,-0.705187650695033,0.914187894716526,-0.9368621625161154,-0.6278121653003294,1.107649706896225,4.7,19.74,50.98,0.276,0.598,2.141,54.87001002369144,-36.443011496525855,-40.84576561344816,3.7746979369666294,1,0,0,0,1
1013,1037,1777638306.7467682,4822.248,1.6503103613647034,0.1885395959440373,-1.9854529268471524,-0.43369857970999703,2.4749572415436725,0.819180616178834,0.19115553674058808,-0.7051671890274087,0.9142082719661933,-0.9368812994751059,-0.6277529455097833,1.1076174447812408,4.7,19.74,50.98,0.276,0.598,2.141,54.87001002369144,-36.445242973030076,-40.8436149726464,3.776424314482661,1,0,0,0,1
1014,1038,1777638306.7543895,4822.255999999999,1.6503103613647034,0.1885395959440373,-1.9854529268471524,-0.43369857970999703,2.4749572415436725,0.819180616178834,0.1911876669459421,-0.7051557256500359,0.9141935825152521,-0.936873896092856,-0.6277902321276019,1.1076622842059693,4.7,19.74,50.98,0.276,0.598,2.141,54.87001002369144,-36.443026520358885,-40.845627649982056,3.776045539375722,1,0,0,0,1
1015,1039,1777638306.761902,4822.264,1.6503103613647034,0.1885395959440373,-1.9854529268471524,-0.43369857970999703,2.4749572415436725,0.819180616178834,0.19118675137423086,-0.7051915301872487,0.914174445702048,-0.9368712068313074,-0.6278436237249188,1.107673627382978,4.7,19.74,50.98,0.276,0.598,2.141,54.87001002369144,-36.4417118468701,-40.84697249438336,3.774185436988432,1,0,0,0,1
1016,1040,1777638306.776268,4822.272,1.6503103613647034,0.1885395959440373,-1.9854529268471524,-0.43369857970999703,2.4749572415436725,0.819180616178834,0.19116973074153348,-0.7052104721330907,0.9141640681601573,-0.936840085852641,-0.6277754437218194,1.1076208915161114,4.7,19.74,50.98,0.276,0.598,2.141,54.87001002369144,-36.44448827808941,-40.844407265380994,3.775138313743654,1,0,0,0,1
1017,1041,1777638306.7763681,4822.28,1.6503103613647034,0.1885395959440373,-1.9854529268471524,-0.43369857970999703,2.4749572415436725,0.819180616178834,0.19116678770631376,-0.7052362709032173,0.9141414828974227,-0.9368095668026596,-0.6278350953368917,1.1075785891443173,4.7,19.74,50.98,0.276,0.598,2.141,54.87001002369144,-36.444733220814896,-40.84454573828508,3.7712735112649587,1,0,0,0,1
1018,1042,1777638306.7825766,4822.288,1.6503103613647034,0.1885395959440373,-1.9854529268471524,-0.43369857970999703,2.4749572415436725,0.819180616178834,0.19116605215492177,-0.7052193661074095,0.9141564193827856,-0.9368373116735257,-0.6278684490679712,1.1076200141784147,4.7,19.74,50.98,0.276,0.598,2.141,54.87001002369144,-36.44291672683159,-40.84615758709972,3.7713698852052717,1,0,0,0,1
1019,1043,1777638306.7897375,4822.295999999999,1.6503103613647034,0.1885395959440373,-1.9854529268471524,-0.43369857970999703,2.4749572415436725,0.819180616178834,0.19118745624042158,-0.7051540045573605,0.9142010749933654,-0.9368959871357464,-0.6277797229228517,1.1076711618682344,4.7,19.74,50.98,0.276,0.598,2.141,54.87001002369144,-36.44303731551841,-40.84553355953247,3.776959022393164,1,0,0,0,1
1020,1044,1777638306.7971377,4822.304,1.6503103613647034,0.1885395959440373,-1.9854529268471524,-0.43369857970999703,2.4749572415436725,0.819180616178834,0.19119905358476,-0.7051818120957891,0.9141735843292702,-0.9368578285315602,-0.6278141590890133,1.1076770550459583,4.7,19.74,50.98,0.276,0.598,2.141,54.87001002369144,-36.442014184862956,-40.846600013680735,3.7752972694375875,1,0,0,0,1
1021,1045,1777638306.8044271,4822.312,1.6503103613647034,0.1885395959440373,-1.9854529268471524,-0.43369857970999703,2.4749572415436725,0.819180616178834,0.19118086451558347,-0.7052258177833453,0.9141602995549123,-0.9368522515343432,-0.6278478609086388,1.107654122894979,4.7,19.74,50.98,0.276,0.598,2.141,54.87001002369144,-36.44219114894521,-40.84662895628471,3.773275390339531,1,0,0,0,1
1022,1046,1777638306.812027,4822.32,1.6503103613647034,0.1885395959440373,-1.9854529268471524,-0.43369857970999703,2.4749572415436725,0.819180616178834,0.19119507887759948,-0.7052558629526067,0.9141378787930549,-0.9367467368943023,-0.6278405237795854,1.1076009029342144,4.7,19.74,50.98,0.276,0.598,2.141,54.87001002369144,-36.44349022849233,-40.84568740364511,3.7709203769758126,1,0,0,0,1
1023,1047,1777638306.818337,4822.3279999999995,1.6503103613647034,0.1885395959440373,-1.9854529268471524,-0.43369857970999703,2.4749572415436725,0.819180616178834,0.19116964471236542,-0.7051655194917886,0.9142023463414908,-0.9369047546669994,-0.6277790117685422,1.1076521977335256,4.7,19.74,50.98,0.276,0.598,2.141,54.87001002369144,-36.443752867986234,-40.84492982551684,3.776583700350009,1,0,0,0,1
1024,1048,1777638306.829342,4822.335999999999,1.6503103613647034,0.1885395959440373,-1.9854529268471524,-0.43369857970999703,2.4749572415436725,0.819180616178834,0.19117890191812983,-0.7052160760859847,0.9141667057758007,-0.936813290948906,-0.6278596760974072,1.107596141455568,4.7,19.74,50.98,0.276,0.598,2.141,54.87001002369144,-36.44373615632384,-40.84547874890402,3.770803726141719,1,0,0,0,1
1025,1049,1777638306.8389235,4822.344,1.6503103613647034,0.1885395959440373,-1.9854529268471524,-0.43369857970999703,2.4749572415436725,0.819180616178834,0.1911846492394899,-0.7051982253405641,0.9141896014041441,-0.9368382240976645,-0.6277999097768756,1.1076448547300992,4.7,19.74,50.98,0.276,0.598,2.141,54.87001002369144,-36.44323929080652,-40.84555487583224,3.774779050274676,1,0,0,0,1
1026,1050,1777638306.8403914,4822.352,1.6503103613647034,0.1885395959440373,-1.9854529268471524,-0.43369857970999703,2.4749572415436725,0.819180616178834,0.1911533127628421,-0.7051759070773038,0.9141919321074439,-0.9368772036093037,-0.6277820203859561,1.1076176527313748,4.7,19.74,50.98,0.276,0.598,2.141,54.87001002369144,-36.44471537748048,-40.84419693833024,3.7752215189750182,1,0,0,0,1
1027,1051,1777638306.8474412,4822.36,1.6503103613647034,0.1885395959440373,-1.9854529268471524,-0.43369857970999703,2.4749572415436725,0.819180616178834,0.19118397448876512,-0.7052336272125002,0.9141444353572036,-0.9367717549507667,-0.6278478813438885,1.107610110700837,4.7,19.74,50.98,0.276,0.598,2.141,54.87001002369144,-36.443203317657904,-40.84592094302754,3.771163515918224,1,0,0,0,1
1028,1052,1777638306.8544078,4822.3679999999995,1.6503103613647034,0.1885395959440373,-1.9854529268471524,-0.43369857970999703,2.4749572415436725,0.819180616178834,0.19118823345714137,-0.7051980523168767,0.9141813470450618,-0.9368288766006118,-0.627788260636282,1.1076487485096351,4.7,19.74,50.98,0.276,0.598,2.141,54.87001002369144,-36.44324690597053,-40.84550556336439,3.7752390948968735,1,0,0,0,1
1029,1053,1777638306.8615782,4822.376,1.6503103613647034,0.1885395959440373,-1.9854529268471524,-0.43369857970999703,2.4749572415436725,0.819180616178834,0.19118454953240577,-0.7052314844193646,0.9141463002928851,-0.9367709544992904,-0.6278237565832779,1.1075991011894921,4.7,19.74,50.98,0.276,0.598,2.141,54.87001002369144,-36.4439864978215,-40.84516121248152,3.7718236534862757,1,0,0,0,1
1030,1054,1777638306.869427,4822.384,1.6503103613647034,0.1885395959440373,-1.9854529268471524,-0.43369857970999703,2.4749572415436725,0.819180616178834,0.1911876846280131,-0.7052372398643678,0.9141613613108814,-0.9368032485535175,-0.627867892344816,1.107627782913484,4.7,19.74,50.98,0.276,0.598,2.141,54.87001002369144,-36.44245071236888,-40.84658879705159,3.7712026889499652,1,0,0,0,1
1031,1055,1777638306.871116,4822.384,1.6503103613647034,0.1885395959440373,-1.9854529268471524,-0.43369857970999703,2.4749572415436725,0.819180616178834,0.1911876846280131,-0.7052372398643678,0.9141613613108814,-0.9368032485535175,-0.627867892344816,1.107627782913484,3.56,21.98,50.49,0.435,0.451,1.914,55.181827624680935,-38.26500010396791,-39.687327972054334,2.395801636598793,0,1,0,0,1
1032,1056,1777638306.877146,4822.392,1.6503103613647034,0.1885395959440373,-1.9854529268471524,-0.43369857970999703,2.4749572415436725,0.819180616178834,0.19119058598002225,-0.7051739855030001,0.914201242670272,-0.9368598284859769,-0.6277835392211445,1.1076556339196832,3.56,21.98,50.49,0.435,0.451,1.914,55.181827624680935,-38.26585293304606,-39.6862195266073,2.400537229959958,1,0,0,0,1
1033,1057,1777638306.8838968,4822.4,1.6503103613647034,0.1885395959440373,-1.9854529268471524,-0.43369857970999703,2.4749572415436725,0.819180616178834,0.19118296955957684,-0.7052047633392428,0.9141595558257574,-0.936820381913434,-0.6278620472478228,1.10762607031883,3.56,21.98,50.49,0.435,0.451,1.914,55.181827624680935,-38.26524912196114,-39.687066131230566,2.396161832928524,1,0,0,0,1
1034,1058,1777638306.89058,4822.407999999999,1.6503103613647034,0.1885395959440373,-1.9854529268471524,-0.43369857970999703,2.4749572415436725,0.819180616178834,0.1911956945385568,-0.7052100107217731,0.9141752213847558,-0.9368213277586835,-0.6278149394569513,1.1076255597992324,3.56,21.98,50.49,0.435,0.451,1.914,55.181827624680935,-38.266092031927734,-39.68613768947843,2.3980775416561584,1,0,0,0,1
1035,1059,1777638306.897804,4822.416,1.6503103613647034,0.1885395959440373,-1.9854529268471524,-0.43369857970999703,2.4749572415436725,0.819180616178834,0.19119013539829172,-0.705223209836039,0.9141646469863488,-0.9368159306046244,-0.6278456604658755,1.1076406265303194,3.56,21.98,50.49,0.435,0.451,1.914,55.181827624680935,-38.26503187771187,-39.68721441519941,2.3971748704843776,1,0,0,0,1
1036,1060,1777638306.9055934,4822.424,1.6503103613647034,0.1885395959440373,-1.9854529268471524,-0.43369857970999703,2.4749572415436725,0.819180616178834,0.19118966062775755,-0.7051729910762093,0.9141740686271,-0.9368804185882725,-0.627849331636879,1.1076717677737875,3.56,21.98,50.49,0.435,0.451,1.914,55.181827624680935,-38.26428402236698,-39.68785612450388,2.3984879604263383,1,0,0,0,1
1037,1061,1777638306.9124684,4822.432,1.6503103613647034,0.1885395959440373,-1.9854529268471524,-0.43369857970999703,2.4749572415436725,0.819180616178834,0.19117207735851297,-0.7052206443017615,0.9141563258963747,-0.9368107974058756,-0.6278777650866005,1.107602800075807,3.56,21.98,50.49,0.435,0.451,1.914,55.181827624680935,-38.26569059871771,-39.68672230382435,2.39480600098158,1,0,0,0,1
1038,1062,1777638306.9197133,4822.44,1.6503103613647034,0.1885395959440373,-1.9854529268471524,-0.43369857970999703,2.4749572415436725,0.819180616178834,0.19118741881009135,-0.7051896440112161,0.914186168582471,-0.9368592100384918,-0.6278248159314131,1.107658233156155,3.56,21.98,50.49,0.435,0.451,1.914,55.181827624680935,-38.265044671307805,-39.6870967420993,2.3989181907830552,1,0,0,0,1
1039,1063,1777638306.9878533,4822.447999999999,1.6503103613647034,0.1885395959440373,-1.9854529268471524,-0.43369857970999703,2.4749572415436725,0.819180616178834,0.19116596754493576,-0.7052168803213932,0.9141775910148561,-0.9368288283157917,-0.6278216870023045,1.1076195315826807,3.56,21.98,50.49,0.435,0.451,1.914,55.181827624680935,-38.26621264496632,-39.68604330033355,2.3977149485018434,1,0,0,0,1
1040,1064,1777638306.9892907,4822.456,1.6503103613647034,0.1885395959440373,-1.9854529268471524,-0.43369857970999703,2.4749572415436725,0.819180616178834,0.19116736659215255,-0.7051986835905947,0.9141769534356894,-0.9368414546855159,-0.6278392501159955,1.1076199227040446,3.56,21.98,50.49,0.435,0.451,1.914,55.181827624680935,-38.26596051591097,-39.686321556761904,2.3971330976894967,1,0,0,0,1
1041,1065,1777638306.989339,4822.464,1.6503103613647034,0.1885395959440373,-1.9854529268471524,-0.43369857970999703,2.4749572415436725,0.819180616178834,0.19116067737271952,-0.705213486438449,0.91417395911302,-0.9368307385329495,-0.6278503677083789,1.1076136031459285,3.56,21.98,50.49,0.435,0.451,1.914,55.181827624680935,-38.26591806255011,-39.68640638222495,2.396406329297407,1,0,0,0,1
1042,1066,1777638306.9906595,4822.472,1.6503103613647034,0.1885395959440373,-1.9854529268471524,-0.43369857970999703,2.4749572415436725,0.819180616178834,0.1912038026414138,-0.7052138669978298,0.9141604594887403,-0.9368194076327442,-0.6278454326900736,1.1076470232526872,3.56,21.98,50.49,0.435,0.451,1.914,55.181827624680935,-38.26484363231858,-39.687382980060505,2.3973889939289177,1,0,0,0,1
1043,1067,1777638306.9919527,4822.48,1.6503103613647034,0.1885395959440373,-1.9854529268471524,-0.43369857970999703,2.4749572415436725,0.819180616178834,0.1911681480395779,-0.7052607425943456,0.9141476562893964,-0.9367685192702369,-0.6278285172642263,1.1075755776276652,3.56,21.98,50.49,0.435,0.451,1.914,55.181827624680935,-38.2672214630454,-39.68519388719838,2.395672689185335,1,0,0,0,1
1044,1068,1777638306.9941342,4822.487999999999,1.6503103613647034,0.1885395959440373,-1.9854529268471524,-0.43369857970999703,2.4749572415436725,0.819180616178834,0.19117410866137682,-0.7051849245672477,0.9141929164183958,-0.9368764050127936,-0.6277655925452104,1.1076386959478235,3.56,21.98,50.49,0.435,0.451,1.914,55.181827624680935,-38.26681122635071,-39.6852688048016,2.400978645777678,1,0,0,0,1
1045,1069,1777638306.99419,4822.496,1.6503103613647034,0.1885395959440373,-1.9854529268471524,-0.43369857970999703,2.4749572415436725,0.819180616178834,0.19117630572625682,-0.7052117541034326,0.9141781522337636,-0.9368396082638824,-0.6278698317786393,1.1076416147510386,3.56,21.98,50.49,0.435,0.451,1.914,55.181827624680935,-38.264703414707476,-39.68757501449522,2.396447798991036,1,0,0,0,1
1046,1070,1777638306.9942696,4822.504,1.6503103613647034,0.1885395959440373,-1.9854529268471524,-0.43369857970999703,2.4749572415436725,0.819180616178834,0.19118486718240513,-0.7052190164522913,0.9141793330042571,-0.9368196057184125,-0.6278224561916466,1.1076382493975834,3.56,21.98,50.49,0.435,0.451,1.914,55.181827624680935,-38.2655340621939,-39.68667474306723,2.398093153542772,1,0,0,0,1
1047,1071,1777638306.9958096,4822.512,1.6503103613647034,0.1885395959440373,-1.9854529268471524,-0.43369857970999703,2.4749572415436725,0.819180616178834,0.19119365922002712,-0.7051945454220221,0.9141878479380058,-0.9368546503580539,-0.6278234651697813,1.1076497473078653,3.56,21.98,50.49,0.435,0.451,1.914,55.181827624680935,-38.26532348571345,-39.68684098207714,2.3987020233926843,1,0,0,0,1
1048,1072,1777638306.99589,4822.5199999999995,1.6503103613647034,0.1885395959440373,-1.9854529268471524,-0.43369857970999703,2.4749572415436725,0.819180616178834,0.19114773661136755,-0.7052053831856084,0.9141840741369431,-0.9368539747930328,-0.6278349242790712,1.1076266728540642,3.56,21.98,50.49,0.435,0.451,1.914,55.181827624680935,-38.26587996097233,-39.68637028744465,2.3976121913868016,1,0,0,0,1
1049,1073,1777638307.0015936,4822.527999999999,1.6503103613647034,0.1885395959440373,-1.9854529268471524,-0.43369857970999703,2.4749572415436725,0.819180616178834,0.19116812778518635,-0.7051990629315823,0.9141832773407293,-0.9368514271454071,-0.6278097583710467,1.1076132108991728,3.56,21.98,50.49,0.435,0.451,1.914,55.181827624680935,-38.26674835819608,-39.68549420270343,2.3982535265664615,1,0,0,0,1
1050,1074,1777638307.005765,4822.536,1.6503103613647034,0.1885395959440373,-1.9854529268471524,-0.43369857970999703,2.4749572415436725,0.819180616178834,0.1911593886406452,-0.7051794779301526,0.9141952701531056,-0.9368702282084014,-0.6278331108157901,1.107605553709384,3.56,21.98,50.49,0.435,0.451,1.914,55.181827624680935,-38.26669302952919,-39.68560629959471,2.3972812136565165,1,0,0,0,1
1051,1075,1777638307.0127316,4822.544,1.6503103613647034,0.1885395959440373,-1.9854529268471524,-0.43369857970999703,2.4749572415436725,0.819180616178834,0.19118326776791342,-0.705155369072317,0.9142011932048487,-0.936897086942863,-0.627769022983672,1.1076773370869848,3.56,21.98,50.49,0.435,0.451,1.914,55.181827624680935,-38.26558861717171,-39.686381453177724,2.402073049316028,1,0,0,0,1
1052,1076,1777638307.0147197,4822.544,1.6503103613647034,0.1885395959440373,-1.9854529268471524,-0.43369857970999703,2.4749572415436725,0.819180616178834,0.19118326776791342,-0.705155369072317,0.9142011932048487,-0.936897086942863,-0.627769022983672,1.1076773370869848,2.54,21.21,50.91,0.437,0.434,1.885,55.20999728310082,-37.5999946402022,-40.40054579490666,1.476517026795101,0,1,0,0,1
1053,1077,1777638307.0199602,4822.552,1.6503103613647034,0.1885395959440373,-1.9854529268471524,-0.43369857970999703,2.4749572415436725,0.819180616178834,0.19116117541852476,-0.7052111011183559,0.9141748062929083,-0.9368385667951025,-0.627872906412849,1.1076033149700002,2.54,21.21,50.91,0.437,0.434,1.885,55.20999728310082,-37.60025809161874,-40.40054938999562,1.469693992021051,1,0,0,0,1
1054,1078,1777638307.0291893,4822.5599999999995,1.6503103613647034,0.1885395959440373,-1.9854529268471524,-0.43369857970999703,2.4749572415436725,0.819180616178834,0.19117159040123327,-0.7052141822954097,0.9141803393753537,-0.936812983437028,-0.6278255806057373,1.1076064785736184,2.54,21.21,50.91,0.437,0.434,1.885,55.20999728310082,-37.60089962933241,-40.399889306494565,1.471424849543801,1,0,0,0,1
1055,1079,1777638307.0353668,4822.568,1.6503103613647034,0.1885395959440373,-1.9854529268471524,-0.43369857970999703,2.4749572415436725,0.819180616178834,0.19116396210910538,-0.7052023930462121,0.9141870604777619,-0.9368729306192876,-0.6278404182250416,1.1076248494863288,2.54,21.21,50.91,0.437,0.434,1.885,55.20999728310082,-37.600307744330394,-40.40042082207231,1.4719561580134792,1,0,0,0,1
1056,1080,1777638307.0421677,4822.576,1.6503103613647034,0.1885395959440373,-1.9854529268471524,-0.43369857970999703,2.4749572415436725,0.819180616178834,0.19117858378738128,-0.7052132843952186,0.9141673808287156,-0.9368353662779503,-0.6278338514067948,1.1076280995677252,2.54,21.21,50.91,0.437,0.434,1.885,55.20999728310082,-37.60013750029422,-40.40058101272071,1.4719082150593037,1,0,0,0,1
1057,1081,1777638307.049706,4822.584,1.6503103613647034,0.1885395959440373,-1.9854529268471524,-0.43369857970999703,2.4749572415436725,0.819180616178834,0.19118438683357428,-0.7051510205104135,0.9141987809418137,-0.9368808084268683,-0.6278142289712936,1.107667148412278,2.54,21.21,50.91,0.437,0.434,1.885,55.20999728310082,-37.59942181585062,-40.401162184007454,1.4742365126605734,1,0,0,0,1
1058,1082,1777638307.0559256,4822.592,1.6503103613647034,0.1885395959440373,-1.9854529268471524,-0.43369857970999703,2.4749572415436725,0.819180616178834,0.1911593771418465,-0.7051616226763757,0.9142011005479584,-0.9369017547162694,-0.6277534249503854,1.1076199428815676,2.54,21.21,50.91,0.437,0.434,1.885,55.20999728310082,-37.60221303204122,-40.39851235210269,1.4756608112962,1,0,0,0,1
1059,1083,1777638307.0639591,4822.599999999999,1.6503103613647034,0.1885395959440373,-1.9854529268471524,-0.43369857970999703,2.4749572415436725,0.819180616178834,0.19117632371602078,-0.7052477706894817,0.9141537960823771,-0.9368043896677761,-0.6278784727580886,1.1076087808343733,2.54,21.21,50.91,0.437,0.434,1.885,55.20999728310082,-37.59980727773767,-40.40098511730878,1.4692495458500843,1,0,0,0,1
1060,1084,1777638307.0715868,4822.608,1.6503103613647034,0.1885395959440373,-1.9854529268471524,-0.43369857970999703,2.4749572415436725,0.819180616178834,0.19115409272031614,-0.7052144422033428,0.9141874285849831,-0.9368707727494605,-0.6278236823774112,1.107626599731218,2.54,21.21,50.91,0.437,0.434,1.885,55.20999728310082,-37.60054717859278,-40.40017237574811,1.4726587793026833,1,0,0,0,1
1061,1085,1777638307.0794008,4822.616,1.6503103613647034,0.1885395959440373,-1.9854529268471524,-0.43369857970999703,2.4749572415436725,0.819180616178834,0.19114593818020054,-0.7051746823085756,0.9142008075335707,-0.9369050522690787,-0.6278364065198929,1.1076338871240492,2.54,21.21,50.91,0.437,0.434,1.885,55.20999728310082,-37.600237653605355,-40.400458786235696,1.4727044014563373,1,0,0,0,1
1062,1086,1777638307.0847476,4822.624,1.6503103613647034,0.1885395959440373,-1.9854529268471524,-0.43369857970999703,2.4749572415436725,0.819180616178834,0.19118135451446858,-0.7052115827934644,0.9141946255138947,-0.9368373206695635,-0.6278412962017689,1.107647516842015,2.54,21.21,50.91,0.437,0.434,1.885,55.20999728310082,-37.599364278902115,-40.40129189664193,1.4721477183878453,1,0,0,0,1
1063,1087,1777638307.0923233,4822.632,1.6503103613647034,0.1885395959440373,-1.9854529268471524,-0.43369857970999703,2.4749572415436725,0.819180616178834,0.19117063310718171,-0.7052110634832962,0.9141982159715906,-0.9368347035778678,-0.6278553564396857,1.1076030194755462,2.54,21.21,50.91,0.437,0.434,1.885,55.20999728310082,-37.60057225154053,-40.400232894372756,1.4703565680203998,1,0,0,0,1
1064,1088,1777638307.0994976,4822.639999999999,1.6503103613647034,0.1885395959440373,-1.9854529268471524,-0.43369857970999703,2.4749572415436725,0.819180616178834,0.19119903603696461,-0.7051536850517324,0.9142160250855302,-0.9368865969535813,-0.6277622342593753,1.1076772905375065,2.54,21.21,50.91,0.437,0.434,1.885,55.20999728310082,-37.600070031164684,-40.40046970923526,1.4766790188376735,1,0,0,0,1
1065,1089,1777638307.1062744,4822.648,1.6503103613647034,0.1885395959440373,-1.9854529268471524,-0.43369857970999703,2.4749572415436725,0.819180616178834,0.19117618137129475,-0.7051852145185449,0.9141836469680948,-0.9368790035118848,-0.6277975160406711,1.1076687975812767,2.54,21.21,50.91,0.437,0.434,1.885,55.20999728310082,-37.59966588609148,-40.400909388616206,1.4749392621762984,1,0,0,0,1
1066,1090,1777638307.1169016,4822.656,1.6503103613647034,0.1885395959440373,-1.9854529268471524,-0.43369857970999703,2.4749572415436725,0.819180616178834,0.19121485717955217,-0.7052444038971467,0.9141565854465344,-0.9367838933604757,-0.6278522993908869,1.107667463796103,2.54,21.21,50.91,0.437,0.434,1.885,55.20999728310082,-37.598237956403075,-40.40235765374165,1.4716652448276228,1,0,0,0,1
1067,1091,1777638307.1208196,4822.664,1.6503103613647034,0.1885395959440373,-1.9854529268471524,-0.43369857970999703,2.4749572415436725,0.819180616178834,0.19118337101211288,-0.7051731738966365,0.9141960322059618,-0.9368568955345264,-0.6278171072963921,1.107639051810671,2.54,21.21,50.91,0.437,0.434,1.885,55.20999728310082,-37.600186545620005,-40.400491528466546,1.4731109913641824,1,0,0,0,1
1068,1092,1777638307.1283445,4822.672,1.6503103613647034,0.1885395959440373,-1.9854529268471524,-0.43369857970999703,2.4749572415436725,0.819180616178834,0.19117124613989053,-0.7052460196165076,0.9141589912448724,-0.9367886908837317,-0.6278289964464376,1.1075780472833452,2.54,21.21,50.91,0.437,0.434,1.885,55.20999728310082,-37.60166371708796,-40.39922038734786,1.470264534540259,1,0,0,0,1
1069,1093,1777638307.1351993,4822.679999999999,1.6503103613647034,0.1885395959440373,-1.9854529268471524,-0.43369857970999703,2.4749572415436725,0.819180616178834,0.19116935761559817,-0.7051695031072234,0.914193536133755,-0.9368744336837515,-0.6277824893285437,1.1076303080785674,2.54,21.21,50.91,0.437,0.434,1.885,55.20999728310082,-37.60120013297356,-40.39949866875011,1.4744679968472307,1,0,0,0,1
1070,1094,1777638307.1426911,4822.688,1.6503103613647034,0.1885395959440373,-1.9854529268471524,-0.43369857970999703,2.4749572415436725,0.819180616178834,0.19115412211226068,-0.7051965427669197,0.9141874864398329,-0.9368781559341763,-0.6278064995137018,1.107628626756016,2.54,21.21,50.91,0.437,0.434,1.885,55.20999728310082,-37.60083213074397,-40.39987689987783,1.4734889040403898,1,0,0,0,1
1071,1095,1777638307.1501033,4822.696,1.6503103613647034,0.1885395959440373,-1.9854529268471524,-0.43369857970999703,2.4749572415436725,0.819180616178834,0.19118069393592377,-0.7052032760381488,0.914185892143423,-0.9368376374577647,-0.6278410787877071,1.1076476142097778,2.54,21.21,50.91,0.437,0.434,1.885,55.20999728310082,-37.59936658844205,-40.40128920749998,1.472162531751557,1,0,0,0,1
1072,1096,1777638307.1576169,4822.704,1.6503103613647034,0.1885395959440373,-1.9854529268471524,-0.43369857970999703,2.4749572415436725,0.819180616178834,0.19117862208001302,-0.7051866660180587,0.9141918082815714,-0.9368618373022795,-0.627818482554024,1.107647690163378,2.54,21.21,50.91,0.437,0.434,1.885,55.20999728310082,-37.59989806652327,-40.40075167346945,1.473339609769242,1,0,0,0,1
1073,1097,1777638307.1594455,4822.704,1.6503103613647034,0.1885395959440373,-1.9854529268471524,-0.43369857970999703,2.4749572415436725,0.819180616178834,0.19117862208001302,-0.7051866660180587,0.9141918082815714,-0.9368618373022795,-0.627818482554024,1.107647690163378,4.99,23.92,51.18,0.318,0.64,1.775,56.71383340949543,-40.443704172165496,-39.59220639417536,3.636328598378111,0,1,0,0,1
1074,1098,1777638307.1643784,4822.7119999999995,1.6503103613647034,0.1885395959440373,-1.9854529268471524,-0.43369857970999703,2.4749572415436725,0.819180616178834,0.1911853241900974,-0.7052608969907912,0.9141320968511051,-0.9367743948878172,-0.6278358997510617,1.1076012129463864,4.99,23.92,51.18,0.318,0.64,1.775,56.71383340949543,-40.44443889697515,-39.591708381155,3.633578094719294,1,0,0,0,1
1075,1099,1777638307.1714704,4822.719999999999,1.6503103613647034,0.1885395959440373,-1.9854529268471524,-0.43369857970999703,2.4749572415436725,0.819180616178834,0.19117910548181166,-0.7051755262184872,0.9141929120476734,-0.9368782754937671,-0.6278325024256353,1.1076737256973312,4.99,23.92,51.18,0.318,0.64,1.775,56.71383340949543,-40.442705996325266,-39.59320227507939,3.6365870399928104,1,0,0,0,1
1076,1100,1777638307.1828241,4822.728,1.6503103613647034,0.1885395959440373,-1.9854529268471524,-0.43369857970999703,2.4749572415436725,0.819180616178834,0.19119340445379568,-0.7052019193112623,0.9141797107914382,-0.9368644113170531,-0.6278788264324202,1.1076846763498112,4.99,23.92,51.18,0.318,0.64,1.775,56.71383340949543,-40.44149425577429,-39.59460306760615,3.634810900017805,1,0,0,0,1
1077,1101,1777638307.1859736,4822.736,1.6503103613647034,0.1885395959440373,-1.9854529268471524,-0.43369857970999703,2.4749572415436725,0.819180616178834,0.19117623392839184,-0.7052200336756853,0.9141814987194243,-0.9368205415330648,-0.6278526287798314,1.1076473097892292,4.99,23.92,51.18,0.318,0.64,1.775,56.71383340949543,-40.44290673865042,-39.593186738926434,3.6345231303876875,1,0,0,0,1
1078,1102,1777638307.1937163,4822.744,1.6503103613647034,0.1885395959440373,-1.9854529268471524,-0.43369857970999703,2.4749572415436725,0.819180616178834,0.1911886509539765,-0.7052201705834436,0.9141877547672108,-0.9367990782548985,-0.6278314390506006,1.1076146789960717,4.99,23.92,51.18,0.318,0.64,1.775,56.71383340949543,-40.44421246527915,-39.59186932496578,3.6343447027203517,1,0,0,0,1
1079,1103,1777638307.2008262,4822.7519999999995,1.6503103613647034,0.1885395959440373,-1.9854529268471524,-0.43369857970999703,2.4749572415436725,0.819180616178834,0.19116990621971333,-0.7052116210859176,0.9141646270063637,-0.9368249642286648,-0.6278844834638531,1.107609573857571,4.99,23.92,51.18,0.318,0.64,1.775,56.71383340949543,-40.44365899449426,-39.59263272391273,3.6321868242722952,1,0,0,0,1
1080,1104,1777638307.2078357,4822.76,1.6503103613647034,0.1885395959440373,-1.9854529268471524,-0.43369857970999703,2.4749572415436725,0.819180616178834,0.19116691239408018,-0.7052023335256719,0.9141733027174572,-0.9368443735515962,-0.627811618000767,1.1076344669327078,4.99,23.92,51.18,0.318,0.64,1.775,56.71383340949543,-40.44415268358985,-39.591768437024086,3.6361085978742316,1,0,0,0,1
1081,1105,1777638307.2149556,4822.768,1.6503103613647034,0.1885395959440373,-1.9854529268471524,-0.43369857970999703,2.4749572415436725,0.819180616178834,0.19117116901196518,-0.7052191094887643,0.9141494484945025,-0.9368158789221825,-0.6277979795879267,1.1076207828394982,4.99,23.92,51.18,0.318,0.64,1.775,56.71383340949543,-40.444662841238525,-39.59125103791464,3.6360677814586686,1,0,0,0,1
1082,1106,1777638307.2912476,4822.776,1.6503103613647034,0.1885395959440373,-1.9854529268471524,-0.43369857970999703,2.4749572415436725,0.819180616178834,0.19117828806933998,-0.7051724080472765,0.9142068235920605,-0.9368589491545952,-0.6278460076352392,1.1076333073458777,4.99,23.92,51.18,0.318,0.64,1.775,56.71383340949543,-40.44370940853227,-39.59234605650003,3.6347493752037296,1,0,0,0,1
1083,1107,1777638307.2913063,4822.784,1.6503103613647034,0.1885395959440373,-1.9854529268471524,-0.43369857970999703,2.4749572415436725,0.819180616178834,0.19117974517531106,-0.7051901233697444,0.914167809942073,-0.9368155474179725,-0.6278667820298622,1.107615589538314,4.99,23.92,51.18,0.318,0.64,1.775,56.71383340949543,-40.443695953029255,-39.59251872543287,3.6330178412955823,1,0,0,0,1
1084,1108,1777638307.293028,4822.7919999999995,1.6503103613647034,0.1885395959440373,-1.9854529268471524,-0.43369857970999703,2.4749572415436725,0.819180616178834,0.19117308289738666,-0.705207421429867,0.9141748652086984,-0.9368394075107714,-0.6278104107451196,1.1076257009840804,4.99,23.92,51.18,0.318,0.64,1.775,56.71383340949543,-40.444434066488995,-39.59150216248513,3.635878100178806,1,0,0,0,1
1085,1109,1777638307.293074,4822.8,1.6503103613647034,0.1885395959440373,-1.9854529268471524,-0.43369857970999703,2.4749572415436725,0.819180616178834,0.19117284259747686,-0.705148794501337,0.9142044509855222,-0.9368811127464289,-0.6278003390420354,1.1076372502077119,4.99,23.92,51.18,0.318,0.64,1.775,56.71383340949543,-40.444465244021075,-39.591369570614795,3.636974930923788,1,0,0,0,1
1086,1110,1777638307.2931037,4822.808,1.6503103613647034,0.1885395959440373,-1.9854529268471524,-0.43369857970999703,2.4749572415436725,0.819180616178834,0.19119086976404637,-0.7052214790266249,0.9141524257402434,-0.9367843498179068,-0.6278007160397026,1.1075968011954427,4.99,23.92,51.18,0.318,0.64,1.775,56.71383340949543,-40.44522609648439,-39.590771045096915,3.635028756278745,1,0,0,0,1
1087,1111,1777638307.294468,4822.816,1.6503103613647034,0.1885395959440373,-1.9854529268471524,-0.43369857970999703,2.4749572415436725,0.819180616178834,0.19117636943247668,-0.7051863692583945,0.9141659429661388,-0.936868114368391,-0.6278180719435305,1.1076412836887632,4.99,23.92,51.18,0.318,0.64,1.775,56.71383340949543,-40.443960942860286,-39.59195362097728,3.636224927967897,1,0,0,0,1
1088,1112,1777638307.2958245,4822.824,1.6503103613647034,0.1885395959440373,-1.9854529268471524,-0.43369857970999703,2.4749572415436725,0.819180616178834,0.19116324622048722,-0.7052277372039465,0.9141594617761503,-0.9368161001602404,-0.6278592356400398,1.1075834270264697,4.99,23.92,51.18,0.318,0.64,1.775,56.71383340949543,-40.44489152310976,-39.591348207281676,3.632464289385065,1,0,0,0,1
1089,1113,1777638307.297313,4822.831999999999,1.6503103613647034,0.1885395959440373,-1.9854529268471524,-0.43369857970999703,2.4749572415436725,0.819180616178834,0.19118096380586966,-0.7051616780618855,0.9141809465593043,-0.936873119861896,-0.6277720708281016,1.1076491768964076,4.99,23.92,51.18,0.318,0.64,1.775,56.71383340949543,-40.44448904398989,-39.59121197485101,3.6384255294008683,1,0,0,0,1
1090,1114,1777638307.2985415,4822.84,1.6503103613647034,0.1885395959440373,-1.9854529268471524,-0.43369857970999703,2.4749572415436725,0.819180616178834,0.19116676412955685,-0.7051906247202382,0.9141833495589053,-0.9368539920065588,-0.6277975088602175,1.1076045698815078,4.99,23.92,51.18,0.318,0.64,1.775,56.71383340949543,-40.44543544656463,-39.59047060822127,3.6359714736699313,1,0,0,0,1
1091,1115,1777638307.2997172,4822.848,1.6503103613647034,0.1885395959440373,-1.9854529268471524,-0.43369857970999703,2.4749572415436725,0.819180616178834,0.19118374682316025,-0.7051782656366372,0.9141892841810461,-0.9368654953697728,-0.627864152752883,1.1076398246333075,4.99,23.92,51.18,0.318,0.64,1.775,56.71383340949543,-40.443232059665675,-39.59288255067466,3.6342168202395273,1,0,0,0,1
1092,1116,1777638307.2997677,4822.856,1.6503103613647034,0.1885395959440373,-1.9854529268471524,-0.43369857970999703,2.4749572415436725,0.819180616178834,0.19118030153886584,-0.7052258084224157,0.9141643862657773,-0.9368219840765475,-0.6278512743063789,1.1076323817158589,4.99,23.92,51.18,0.318,0.64,1.775,56.71383340949543,-40.44343321795523,-39.59267993405915,3.634185628713148,1,0,0,0,1
1093,1117,1777638307.302456,4822.864,1.6503103613647034,0.1885395959440373,-1.9854529268471524,-0.43369857970999703,2.4749572415436725,0.819180616178834,0.1911786525542732,-0.7051422193488919,0.9142064687723999,-0.936906496552995,-0.6277805318110047,1.1076735131760924,4.99,23.92,51.18,0.318,0.64,1.775,56.71383340949543,-40.44373993370177,-39.591922838545074,3.639017191741346,1,0,0,0,1
1094,1118,1777638307.305523,4822.864,1.6503103613647034,0.1885395959440373,-1.9854529268471524,-0.43369857970999703,2.4749572415436725,0.819180616178834,0.1911786525542732,-0.7051422193488919,0.9142064687723999,-0.936906496552995,-0.6277805318110047,1.1076735131760924,4.93,23.93,51.22,0.315,0.664,1.783,56.7489048352477,-40.46152862242418,-39.62943510717954,3.579214246534331,0,1,0,0,1
1095,1119,1777638307.307975,4822.871999999999,1.6503103613647034,0.1885395959440373,-1.9854529268471524,-0.43369857970999703,2.4749572415436725,0.819180616178834,0.1911746398651706,-0.7051724679453477,0.914196267633405,-0.9368815598034591,-0.6278003283463417,1.107637238199062,4.93,23.93,51.22,0.315,0.664,1.783,56.7489048352477,-40.46225720102022,-39.62887541728898,3.577174214303235,1,0,0,0,1
1096,1120,1777638307.3152196,4822.88,1.6503103613647034,0.1885395959440373,-1.9854529268471524,-0.43369857970999703,2.4749572415436725,0.819180616178834,0.1911761805347555,-0.7052271789858368,0.9141495178551977,-0.9368013656258898,-0.6278662120719857,1.1076066367912367,4.93,23.93,51.22,0.315,0.664,1.783,56.7489048352477,-40.46170569118186,-39.629826983093174,3.5728680146740315,1,0,0,0,1
1097,1121,1777638307.3223462,4822.888,1.6503103613647034,0.1885395959440373,-1.9854529268471524,-0.43369857970999703,2.4749572415436725,0.819180616178834,0.1911890864293441,-0.7051639977526951,0.9142024628641681,-0.9368692376694494,-0.6278545570545854,1.1076675907305351,4.93,23.93,51.22,0.315,0.664,1.783,56.7489048352477,-40.46027673450088,-39.63103899982951,3.575605453849596,1,0,0,0,1
1098,1122,1777638307.3295941,4822.896,1.6503103613647034,0.1885395959440373,-1.9854529268471524,-0.43369857970999703,2.4749572415436725,0.819180616178834,0.1911825934199289,-0.7052085065486905,0.9141658799685558,-0.936812537601772,-0.6278395252153695,1.107636404950016,4.93,23.93,51.22,0.315,0.664,1.783,56.7489048352477,-40.461226058732336,-39.63013309850517,3.574903693657087,1,0,0,0,1
1099,1123,1777638307.3371396,4822.9039999999995,1.6503103613647034,0.1885395959440373,-1.9854529268471524,-0.43369857970999703,2.4749572415436725,0.819180616178834,0.1911828506451293,-0.7052303623287188,0.9141774159247253,-0.9368156541410173,-0.6278517503208939,1.1076386390190658,4.93,23.93,51.22,0.315,0.664,1.783,56.7489048352477,-40.46096750930444,-39.6304357556777,3.574474790247154,1,0,0,0,1
1100,1124,1777638307.343995,4822.911999999999,1.6503103613647034,0.1885395959440373,-1.9854529268471524,-0.43369857970999703,2.4749572415436725,0.819180616178834,0.191179432146673,-0.7051975326526954,0.9141814655450959,-0.9368531345500598,-0.6277716253072909,1.107646654220343,4.93,23.93,51.22,0.315,0.664,1.783,56.7489048352477,-40.46225236316562,-39.628769653432265,3.578400404469086,1,0,0,0,1
1101,1125,1777638307.3513596,4822.92,1.6503103613647034,0.1885395959440373,-1.9854529268471524,-0.43369857970999703,2.4749572415436725,0.819180616178834,0.1912031917432643,-0.7051871758536085,0.9141795545446718,-0.9368268840499258,-0.6278128092047286,1.1076724270776726,4.93,23.93,51.22,0.315,0.664,1.783,56.7489048352477,-40.460557966859724,-39.63061353930666,3.5771384525214183,1,0,0,0,1
1102,1126,1777638307.3584752,4822.928,1.6503103613647034,0.1885395959440373,-1.9854529268471524,-0.43369857970999703,2.4749572415436725,0.819180616178834,0.19114996859027591,-0.7051799858413996,0.9141873699678881,-0.9368866724956242,-0.627793919369252,1.1076137023296662,4.93,23.93,51.22,0.315,0.664,1.783,56.7489048352477,-40.463175308222745,-39.627967552132695,3.5768466088373296,1,0,0,0,1
1103,1127,1777638307.3657866,4822.936,1.6503103613647034,0.1885395959440373,-1.9854529268471524,-0.43369857970999703,2.4749572415436725,0.819180616178834,0.1911806964916799,-0.7052111082984504,0.9141548786418185,-0.9368093603335985,-0.6278079068473615,1.1076058914722517,4.93,23.93,51.22,0.315,0.664,1.783,56.7489048352477,-40.46274501125861,-39.62853926863619,3.5753799221935703,1,0,0,0,1
1104,1128,1777638307.378816,4822.9439999999995,1.6503103613647034,0.1885395959440373,-1.9854529268471524,-0.43369857970999703,2.4749572415436725,0.819180616178834,0.19115465173288276,-0.705181770051511,0.9141969051673341,-0.9368526755015626,-0.6278203176004846,1.1075945913928866,4.93,23.93,51.22,0.315,0.664,1.783,56.7489048352477,-40.46317075545575,-39.62814619989522,3.5749183451597335,1,0,0,0,1
1105,1129,1777638307.383395,4822.952,1.6503103613647034,0.1885395959440373,-1.9854529268471524,-0.43369857970999703,2.4749572415436725,0.819180616178834,0.19117457049745393,-0.7051727772008884,0.9141966210941552,-0.9368815540725339,-0.6277849645661835,1.1076602581573063,4.93,23.93,51.22,0.315,0.664,1.783,56.7489048352477,-40.461747598686216,-39.62928041358113,3.5784515033692945,1,0,0,0,1
1106,1130,1777638307.3886101,4822.96,1.6503103613647034,0.1885395959440373,-1.9854529268471524,-0.43369857970999703,2.4749572415436725,0.819180616178834,0.19120231771663074,-0.7052132149837796,0.9141633505868646,-0.9368120833047944,-0.6278473842404407,1.1076682975391963,4.93,23.93,51.22,0.315,0.664,1.783,56.7489048352477,-40.46003391472124,-39.631302010955736,3.5754379502409157,1,0,0,0,1
1107,1131,1777638307.3947186,4822.968,1.6503103613647034,0.1885395959440373,-1.9854529268471524,-0.43369857970999703,2.4749572415436725,0.819180616178834,0.1911620905261507,-0.7052041669393473,0.9141735352329512,-0.9368351565680892,-0.6278609429954927,1.107600970634625,4.93,23.93,51.22,0.315,0.664,1.783,56.7489048352477,-40.46218126975123,-39.629309170805314,3.5732256489785894,1,0,0,0,1
1108,1132,1777638307.4026246,4822.976,1.6503103613647034,0.1885395959440373,-1.9854529268471524,-0.43369857970999703,2.4749572415436725,0.819180616178834,0.19120135104121988,-0.7052177336162119,0.9141607198530745,-0.9367955545894828,-0.6278330807817604,1.1076422280154652,4.93,23.93,51.22,0.315,0.664,1.783,56.7489048352477,-40.46103906446577,-39.630298245262715,3.575189339783486,1,0,0,0,1
1109,1133,1777638307.4095485,4822.9839999999995,1.6503103613647034,0.1885395959440373,-1.9854529268471524,-0.43369857970999703,2.4749572415436725,0.819180616178834,0.19121301024466023,-0.7052201391583737,0.9141649437191411,-0.9367843108160674,-0.6278518944710283,1.1076678249687604,4.93,23.93,51.22,0.315,0.664,1.783,56.7489048352477,-40.459810370891944,-39.631570058451096,3.574996427067651,1,0,0,0,1
1110,1134,1777638307.4160979,4822.992,1.6503103613647034,0.1885395959440373,-1.9854529268471524,-0.43369857970999703,2.4749572415436725,0.819180616178834,0.1911465425842342,-0.7051881775771474,0.9141845606758217,-0.9368462161333397,-0.6277826179290699,1.1075596654136175,4.93,23.93,51.22,0.315,0.664,1.783,56.7489048352477,-40.464917597557985,-39.62630971995991,3.575503013654412,1,0,0,0,1
1111,1135,1777638307.4275656,4823.0,1.6503103613647034,0.1885395959440373,-1.9854529268471524,-0.43369857970999703,2.4749572415436725,0.819180616178834,0.19114989339717536,-0.7052055561318737,0.9141661311876512,-0.936849746797267,-0.6277989276456493,1.1076131119549981,4.93,23.93,51.22,0.315,0.664,1.783,56.7489048352477,-40.46289325888277,-39.6283046556164,3.576302453919506,1,0,0,0,1
1112,1136,1777638307.4303055,4823.008,1.6503103613647034,0.1885395959440373,-1.9854529268471524,-0.43369857970999703,2.4749572415436725,0.819180616178834,0.1911805279125362,-0.7051659858525376,0.9142082602431051,-0.9368961798466738,-0.6277856311291219,1.1076692916781057,4.93,23.93,51.22,0.315,0.664,1.783,56.7489048352477,-40.46152314790639,-39.62947854371882,3.578795174966776,1,0,0,0,1
1113,1137,1777638307.4377844,4823.016,1.6503103613647034,0.1885395959440373,-1.9854529268471524,-0.43369857970999703,2.4749572415436725,0.819180616178834,0.19117608044430603,-0.7052004340527018,0.9141796264087035,-0.9368516799615877,-0.6277884313883472,1.1076383566734762,4.93,23.93,51.22,0.315,0.664,1.783,56.7489048352477,-40.46224052527763,-39.62886742352721,3.577451383748645,1,0,0,0,1
1114,1138,1777638307.4450357,4823.023999999999,1.6503103613647034,0.1885395959440373,-1.9854529268471524,-0.43369857970999703,2.4749572415436725,0.819180616178834,0.19118679597561922,-0.7052149115751164,0.9141686669241782,-0.9367919803056179,-0.6278482973060329,1.1076127290393485,4.93,23.93,51.22,0.315,0.664,1.783,56.7489048352477,-40.461745045476675,-39.629710810302484,3.5737108118365164,1,0,0,0,1
1115,1139,1777638307.4468572,4823.023999999999,1.6503103613647034,0.1885395959440373,-1.9854529268471524,-0.43369857970999703,2.4749572415436725,0.819180616178834,0.19118679597561922,-0.7052149115751164,0.9141686669241782,-0.9367919803056179,-0.6278482973060329,1.1076127290393485,4.83,23.84,51.33,0.308,0.683,1.794,56.80179046473799,-40.406662504153246,-39.76924608271591,3.4859849810119274,0,1,0,0,1
1116,1140,1777638307.452371,4823.032,1.6503103613647034,0.1885395959440373,-1.9854529268471524,-0.43369857970999703,2.4749572415436725,0.819180616178834,0.19118370889308475,-0.7052129719996121,0.9141692818000451,-0.9368116920863554,-0.627815206429825,1.1076253354139451,4.83,23.84,51.33,0.308,0.683,1.794,56.80179046473799,-40.406911975706194,-39.76882472135773,3.487899779158892,1,0,0,0,1
1117,1141,1777638307.4595091,4823.04,1.6503103613647034,0.1885395959440373,-1.9854529268471524,-0.43369857970999703,2.4749572415436725,0.819180616178834,0.19119240403405863,-0.7051535558306196,0.9141924176876728,-0.9368918498563377,-0.6277875175913393,1.107696546362747,4.83,23.84,51.33,0.308,0.683,1.794,56.80179046473799,-40.405475627508906,-39.76994936607109,3.491714011044586,1,0,0,0,1
1118,1142,1777638307.4666688,4823.048,1.6503103613647034,0.1885395959440373,-1.9854529268471524,-0.43369857970999703,2.4749572415436725,0.819180616178834,0.19117085351798796,-0.7051882826344906,0.9141763276113267,-0.9368527670959896,-0.6277929435605473,1.1076214308290142,4.83,23.84,51.33,0.308,0.683,1.794,56.80179046473799,-40.40765592299258,-39.76796427087713,3.489091652462292,1,0,0,0,1
1119,1143,1777638307.4755657,4823.056,1.6503103613647034,0.1885395959440373,-1.9854529268471524,-0.43369857970999703,2.4749572415436725,0.819180616178834,0.1911640429448648,-0.7052017279057416,0.9141661618952683,-0.9368420658389094,-0.6278040446312835,1.1076150661399038,4.83,23.84,51.33,0.308,0.683,1.794,56.80179046473799,-40.40761928142742,-39.76806609568003,3.4883553455514895,1,0,0,0,1
1120,1144,1777638307.480726,4823.063999999999,1.6503103613647034,0.1885395959440373,-1.9854529268471524,-0.43369857970999703,2.4749572415436725,0.819180616178834,0.19116100278605952,-0.7051651765459707,0.9141879176201291,-0.9369073432196352,-0.6277727251240559,1.1076414603227391,4.83,23.84,51.33,0.308,0.683,1.794,56.80179046473799,-40.40764826552305,-39.76780732345877,3.4909686813306493,1,0,0,0,1
1121,1145,1777638307.4881306,4823.072,1.6503103613647034,0.1885395959440373,-1.9854529268471524,-0.43369857970999703,2.4749572415436725,0.819180616178834,0.19118234463777778,-0.7052314737359278,0.9141693928830011,-0.9367982329627023,-0.6278133580091613,1.1076014693508902,4.83,23.84,51.33,0.308,0.683,1.794,56.80179046473799,-40.40765827988673,-39.76812704826267,3.4872085411027802,1,0,0,0,1
1122,1146,1777638307.4951768,4823.08,1.6503103613647034,0.1885395959440373,-1.9854529268471524,-0.43369857970999703,2.4749572415436725,0.819180616178834,0.1911850250524365,-0.705194482136787,0.9141832773407293,-0.9368460693214294,-0.6278224323243325,1.10763451994589,4.83,23.84,51.33,0.308,0.683,1.794,56.80179046473799,-40.40668775149655,-39.76903106680494,3.488144630109402,1,0,0,0,1
1123,1147,1777638307.5024512,4823.088,1.6503103613647034,0.1885395959440373,-1.9854529268471524,-0.43369857970999703,2.4749572415436725,0.819180616178834,0.19118728155057513,-0.705223848825215,0.9141641255315635,-0.9368227058708098,-0.6278694988291406,1.1076453399184998,4.83,23.84,51.33,0.308,0.683,1.794,56.80179046473799,-40.40540311696595,-39.77050259958735,3.4862475430888407,1,0,0,0,1
1124,1148,1777638307.509628,4823.096,1.6503103613647034,0.1885395959440373,-1.9854529268471524,-0.43369857970999703,2.4749572415436725,0.819180616178834,0.19117882744873693,-0.7052416457312204,0.9141454657269512,-0.9367763653354917,-0.6278646831334616,1.1075955508162776,4.83,23.84,51.33,0.308,0.683,1.794,56.80179046473799,-40.406868608762345,-39.76915042806501,3.4846869965826626,1,0,0,0,1
1125,1149,1777638307.5173285,4823.103999999999,1.6503103613647034,0.1885395959440373,-1.9854529268471524,-0.43369857970999703,2.4749572415436725,0.819180616178834,0.19114940565360874,-0.7052180689665651,0.9141862290544379,-0.9368636428050207,-0.6278059512024322,1.1076197630892552,4.83,23.84,51.33,0.308,0.683,1.794,56.80179046473799,-40.40755804206744,-39.76810765263187,3.488590948453522,1,0,0,0,1
1126,1150,1777638307.5908685,4823.112,1.6503103613647034,0.1885395959440373,-1.9854529268471524,-0.43369857970999703,2.4749572415436725,0.819180616178834,0.19115970400454058,-0.7052562402159338,0.9141666464387944,-0.9368124427457039,-0.627813463681248,1.1075912078097925,4.83,23.84,51.33,0.308,0.683,1.794,56.80179046473799,-40.408081819081715,-39.76771082754092,3.487047352629693,1,0,0,0,1
1127,1151,1777638307.5910637,4823.12,1.6503103613647034,0.1885395959440373,-1.9854529268471524,-0.43369857970999703,2.4749572415436725,0.819180616178834,0.19117040655854883,-0.7052005669718772,0.9141819339765431,-0.9368454520635979,-0.6278100445963702,1.1076195072666883,4.83,23.84,51.33,0.308,0.683,1.794,56.80179046473799,-40.40739105136243,-39.76830700847146,3.4882525857848234,1,0,0,0,1
1128,1152,1777638307.5962186,4823.128,1.6503103613647034,0.1885395959440373,-1.9854529268471524,-0.43369857970999703,2.4749572415436725,0.819180616178834,0.19119362611545604,-0.7052383489194274,0.9141522857094994,-0.9367791520953073,-0.6278249771586853,1.1076140357478859,4.83,23.84,51.33,0.308,0.683,1.794,56.80179046473799,-40.40693332155003,-39.76889116921558,3.4868947100387806,1,0,0,0,1
1129,1153,1777638307.5963802,4823.1359999999995,1.6503103613647034,0.1885395959440373,-1.9854529268471524,-0.43369857970999703,2.4749572415436725,0.819180616178834,0.19116712312045192,-0.7052227161937118,0.9141536670427157,-0.9368278519479833,-0.6277974508536569,1.1076081773051503,4.83,23.84,51.33,0.308,0.683,1.794,56.80179046473799,-40.407875193285584,-39.767808986189685,3.4883220610753813,1,0,0,0,1
1130,1154,1777638307.5999038,4823.144,1.6503103613647034,0.1885395959440373,-1.9854529268471524,-0.43369857970999703,2.4749572415436725,0.819180616178834,0.19118092236251805,-0.7051714429917212,0.9141780129904592,-0.9368852315018489,-0.6277908870346259,1.1076646491151323,4.83,23.84,51.33,0.308,0.683,1.794,56.80179046473799,-40.40644242307884,-39.76906118142752,3.490642270168524,1,0,0,0,1
1131,1155,1777638307.6025317,4823.152,1.6503103613647034,0.1885395959440373,-1.9854529268471524,-0.43369857970999703,2.4749572415436725,0.819180616178834,0.19116997818435894,-0.705153028405303,0.9141962730263348,-0.9369212758041806,-0.6277932528699107,1.107678235167956,4.83,23.84,51.33,0.308,0.683,1.794,56.80179046473799,-40.406162710251735,-39.7692940171866,3.491227349690539,1,0,0,0,1
1132,1156,1777638307.6076653,4823.16,1.6503103613647034,0.1885395959440373,-1.9854529268471524,-0.43369857970999703,2.4749572415436725,0.819180616178834,0.1911702064178391,-0.7051891675296174,0.9141772608667588,-0.936842886971917,-0.6278223998188458,1.10762823289697,4.83,23.84,51.33,0.308,0.683,1.794,56.80179046473799,-40.40687889316238,-39.76885423828793,3.487946485701358,1,0,0,0,1
1133,1157,1777638307.6122053,4823.168,1.6503103613647034,0.1885395959440373,-1.9854529268471524,-0.43369857970999703,2.4749572415436725,0.819180616178834,0.19119114685482114,-0.7051629653561796,0.9142028931237653,-0.9368672359422235,-0.6277664025851033,1.107657647173906,4.83,23.84,51.33,0.308,0.683,1.794,56.80179046473799,-40.40697886957358,-39.768455833875045,3.491329148471083,1,0,0,0,1
1134,1158,1777638307.6185462,4823.1759999999995,1.6503103613647034,0.1885395959440373,-1.9854529268471524,-0.43369857970999703,2.4749572415436725,0.819180616178834,0.19118214147007132,-0.7051674446562753,0.9141853729060028,-0.9368576481623859,-0.6278414614262965,1.1076500319757216,4.83,23.84,51.33,0.308,0.683,1.794,56.80179046473799,-40.40592131643942,-39.7698342964067,3.487865049863713,1,0,0,0,1
1135,1159,1777638307.618713,4823.184,1.6503103613647034,0.1885395959440373,-1.9854529268471524,-0.43369857970999703,2.4749572415436725,0.819180616178834,0.19113899639522938,-0.7052216225085786,0.9141790128772432,-0.936844168398566,-0.627726477738823,1.1075737420068805,4.83,23.84,51.33,0.308,0.683,1.794,56.80179046473799,-40.41030399684992,-39.765147807590544,3.4905229869823264,1,0,0,0,1
1136,1160,1777638307.618822,4823.184,1.6503103613647034,0.1885395959440373,-1.9854529268471524,-0.43369857970999703,2.4749572415436725,0.819180616178834,0.19113899639522938,-0.7052216225085786,0.9141790128772432,-0.936844168398566,-0.627726477738823,1.1075737420068805,4.78,23.79,51.37,0.311,0.69,1.802,56.8127573701541,-40.37292582863991,-39.82255043425275,3.4468444912030134,0,1,0,0,1
1137,1161,1777638307.6188796,4823.192,1.6503103613647034,0.1885395959440373,-1.9854529268471524,-0.43369857970999703,2.4749572415436725,0.819180616178834,0.19118994230936256,-0.7052294583037845,0.9141504371456799,-0.9368075785130221,-0.62783845302114,1.1076274195407414,4.78,23.79,51.37,0.311,0.69,1.802,56.8127573701541,-40.369043910616924,-39.82679578805512,3.4432587761068616,1,0,0,0,1
1138,1162,1777638307.6189222,4823.2,1.6503103613647034,0.1885395959440373,-1.9854529268471524,-0.43369857970999703,2.4749572415436725,0.819180616178834,0.19116345122607717,-0.705166907324283,0.9142059368873804,-0.9368790077698802,-0.6277989460997033,1.107615863048843,4.78,23.79,51.37,0.311,0.69,1.802,56.8127573701541,-40.37051101612181,-39.82513740856429,3.445238843122447,1,0,0,0,1
1139,1163,1777638307.6189644,4823.208,1.6503103613647034,0.1885395959440373,-1.9854529268471524,-0.43369857970999703,2.4749572415436725,0.819180616178834,0.19120537871570537,-0.7051973205986516,0.9141774026444262,-0.9368213985929816,-0.6278530091810668,1.1076664675835002,4.78,23.79,51.37,0.311,0.69,1.802,56.8127573701541,-40.367579327505425,-39.82823066051111,3.4438324132683458,1,0,0,0,1
1140,1164,1777638307.6190536,4823.215999999999,1.6503103613647034,0.1885395959440373,-1.9854529268471524,-0.43369857970999703,2.4749572415436725,0.819180616178834,0.19116213380332245,-0.7052055543506762,0.914171202705675,-0.9368463066773531,-0.6278403430670123,1.10762852602721,4.78,23.79,51.37,0.311,0.69,1.802,56.8127573701541,-40.36920262918743,-39.82660983375238,3.443548784853303,1,0,0,0,1
1141,1165,1777638307.6285613,4823.224,1.6503103613647034,0.1885395959440373,-1.9854529268471524,-0.43369857970999703,2.4749572415436725,0.819180616178834,0.19117917328896197,-0.7052022578906689,0.9141690370669591,-0.9368427058979328,-0.6278164764632148,1.1076300662583596,4.78,23.79,51.37,0.311,0.69,1.802,56.8127573701541,-40.36953051155359,-39.82618934480275,3.444567977071235,1,0,0,0,1
1142,1166,1777638307.6323338,4823.232,1.6503103613647034,0.1885395959440373,-1.9854529268471524,-0.43369857970999703,2.4749572415436725,0.819180616178834,0.19115507707318094,-0.7051452554377958,0.9142007899630002,-0.9369192956594408,-0.6277566364650341,1.1076520611943474,4.78,23.79,51.37,0.311,0.69,1.802,56.8127573701541,-40.370250642370294,-39.82513035824003,3.448369907853402,1,0,0,0,1
1143,1167,1777638307.6391463,4823.24,1.6503103613647034,0.1885395959440373,-1.9854529268471524,-0.43369857970999703,2.4749572415436725,0.819180616178834,0.19117630937177965,-0.7051863352509666,0.9141815979403676,-0.9368811934709476,-0.627760768740516,1.10764920192968,4.78,23.79,51.37,0.311,0.69,1.802,56.8127573701541,-40.37005299233178,-39.82538152711512,3.4477830001380383,1,0,0,0,1
1144,1168,1777638307.64644,4823.248,1.6503103613647034,0.1885395959440373,-1.9854529268471524,-0.43369857970999703,2.4749572415436725,0.819180616178834,0.1911554599869485,-0.7052127934323676,0.9141658236709765,-0.9368456494137758,-0.6278220833371521,1.1076154032039365,4.78,23.79,51.37,0.311,0.69,1.802,56.8127573701541,-40.36994245755687,-39.82582470667045,3.443955924094237,1,0,0,0,1
1145,1169,1777638307.6541402,4823.255999999999,1.6503103613647034,0.1885395959440373,-1.9854529268471524,-0.43369857970999703,2.4749572415436725,0.819180616178834,0.19119343658531487,-0.7052102600995176,0.914168990412032,-0.9368147374055517,-0.6278409880590197,1.1076576484676475,4.78,23.79,51.37,0.311,0.69,1.802,56.8127573701541,-40.368035841145414,-39.82774993097052,3.444040906272334,1,0,0,0,1
1146,1170,1777638307.6611986,4823.264,1.6503103613647034,0.1885395959440373,-1.9854529268471524,-0.43369857970999703,2.4749572415436725,0.819180616178834,0.19117096915439807,-0.7051819140213693,0.9141899901699703,-0.9368701501400333,-0.6278313071359246,1.1076586599021008,4.78,23.79,51.37,0.311,0.69,1.802,56.8127573701541,-40.36848977178475,-39.82721003129839,3.44496366717479,1,0,0,0,1
1147,1171,1777638307.6684155,4823.272,1.6503103613647034,0.1885395959440373,-1.9854529268471524,-0.43369857970999703,2.4749572415436725,0.819180616178834,0.19114933867463518,-0.705171906759447,0.9142031885133692,-0.9368975439995567,-0.6277886825279105,1.1076182090910165,4.78,23.79,51.37,0.311,0.69,1.802,56.8127573701541,-40.37071376870826,-39.824874738695485,3.4458992806295057,1,0,0,0,1
1148,1172,1777638307.6778047,4823.28,1.6503103613647034,0.1885395959440373,-1.9854529268471524,-0.43369857970999703,2.4749572415436725,0.819180616178834,0.19119807832673644,-0.7052131220516819,0.914165833059897,-0.9368023592705508,-0.6278571297250056,1.1076470469173634,4.78,23.79,51.37,0.311,0.69,1.802,56.8127573701541,-40.368045771598915,-39.827833294332876,3.4429603048718658,1,0,0,0,1
1149,1173,1777638307.6834757,4823.288,1.6503103613647034,0.1885395959440373,-1.9854529268471524,-0.43369857970999703,2.4749572415436725,0.819180616178834,0.19119127147013534,-0.7051922860986385,0.9141677404807984,-0.9368388851615109,-0.6278181369736988,1.1076576313159339,4.78,23.79,51.37,0.311,0.69,1.802,56.8127573701541,-40.36856146605541,-39.82711536654569,3.4452179526361175,1,0,0,0,1
1150,1174,1777638307.6898887,4823.295999999999,1.6503103613647034,0.1885395959440373,-1.9854529268471524,-0.43369857970999703,2.4749572415436725,0.819180616178834,0.19117687733108782,-0.7051920357405508,0.9141957058964956,-0.936859163761682,-0.6277712755576618,1.1076405061704022,4.78,23.79,51.37,0.311,0.69,1.802,56.8127573701541,-40.37003730178324,-39.82547317035542,3.446908036186732,1,0,0,0,1
1151,1175,1777638307.6972692,4823.304,1.6503103613647034,0.1885395959440373,-1.9854529268471524,-0.43369857970999703,2.4749572415436725,0.819180616178834,0.19116238041938555,-0.7052170366565116,0.9141608522182345,-0.9368268950940309,-0.6278540183742168,1.1075877980181263,4.78,23.79,51.37,0.311,0.69,1.802,56.8127573701541,-40.37021674457574,-39.825742808620866,3.44168704817252,1,0,0,0,1
1152,1176,1777638307.7048407,4823.312,1.6503103613647034,0.1885395959440373,-1.9854529268471524,-0.43369857970999703,2.4749572415436725,0.819180616178834,0.19115965033060467,-0.7052447224146401,0.9141468091903222,-0.9367876988175344,-0.6278517235125435,1.1075679453826186,4.78,23.79,51.37,0.311,0.69,1.802,56.8127573701541,-40.37068688212339,-39.82533446011725,3.4408975290391166,1,0,0,0,1
1153,1177,1777638307.7115197,4823.32,1.6503103613647034,0.1885395959440373,-1.9854529268471524,-0.43369857970999703,2.4749572415436725,0.819180616178834,0.1911681480395779,-0.7052607425943456,0.9141476562893964,-0.9367685192702369,-0.6278285172642263,1.1075755776276652,4.78,23.79,51.37,0.311,0.69,1.802,56.8127573701541,-40.37070923003095,-39.82522355617333,3.44191879118474,1,0,0,0,1
1154,1178,1777638307.7194371,4823.3279999999995,1.6503103613647034,0.1885395959440373,-1.9854529268471524,-0.43369857970999703,2.4749572415436725,0.819180616178834,0.1911603553226425,-0.7052273542807381,0.9141527008026884,-0.9368141540803675,-0.6278364463829391,1.1075873292814848,4.78,23.79,51.37,0.311,0.69,1.802,56.8127573701541,-40.37045236935464,-39.82545054060582,3.442305147924375,1,0,0,0,1
1155,1179,1777638307.7266333,4823.335999999999,1.6503103613647034,0.1885395959440373,-1.9854529268471524,-0.43369857970999703,2.4749572415436725,0.819180616178834,0.1911675161947424,-0.7052001843099598,0.9141751726786256,-0.9368435049503219,-0.6277872550757528,1.10762340963571,4.78,23.79,51.37,0.311,0.69,1.802,56.8127573701541,-40.37024721137542,-39.825371160491635,3.4456279575014843,1,0,0,0,1
1156,1180,1777638307.7336383,4823.344,1.6503103613647034,0.1885395959440373,-1.9854529268471524,-0.43369857970999703,2.4749572415436725,0.819180616178834,0.19118818230014417,-0.7052080374342812,0.9141626409057078,-0.9368275033109198,-0.6278645235210855,1.1076560196107397,4.78,23.79,51.37,0.311,0.69,1.802,56.8127573701541,-40.367770244482465,-39.82809929809913,3.443113676518853,1,0,0,0,1
1157,1181,1777638307.7348888,4823.344,1.6503103613647034,0.1885395959440373,-1.9854529268471524,-0.43369857970999703,2.4749572415436725,0.819180616178834,0.19118818230014417,-0.7052080374342812,0.9141626409057078,-0.9368275033109198,-0.6278645235210855,1.1076560196107397,4.79,23.82,51.34,0.314,0.693,1.804,56.79905016811461,-40.38635167020038,-39.78915730277299,3.4492984657883263,0,1,0,0,1
1158,1182,1777638307.7405868,4823.352,1.6503103613647034,0.1885395959440373,-1.9854529268471524,-0.43369857970999703,2.4749572415436725,0.819180616178834,0.19119235967137324,-0.7051891250472236,0.9141775425743013,-0.9368553984258512,-0.6278324562835406,1.1076837470224974,4.79,23.82,51.34,0.314,0.693,1.804,56.79905016811461,-40.38612921877392,-39.789178735931586,3.4516550008054825,1,0,0,0,1
1159,1183,1777638307.746994,4823.36,1.6503103613647034,0.1885395959440373,-1.9854529268471524,-0.43369857970999703,2.4749572415436725,0.819180616178834,0.19115758924671838,-0.7052003669008483,0.9141892680182934,-0.9368254558489562,-0.6278553259454045,1.1076029939270782,4.79,23.82,51.34,0.314,0.693,1.804,56.79905016811461,-40.38825952090096,-39.78731420000536,3.448220065831849,1,0,0,0,1
1160,1184,1777638307.7545252,4823.3679999999995,1.6503103613647034,0.1885395959440373,-1.9854529268471524,-0.43369857970999703,2.4749572415436725,0.819180616178834,0.19115743947525551,-0.705164321092548,0.9142182559699348,-0.9368930809620846,-0.6278312896890728,1.1076487875130698,4.79,23.82,51.34,0.314,0.693,1.804,56.79905016811461,-40.38753410991525,-39.78780278620008,3.4510777978599214,1,0,0,0,1
1161,1185,1777638307.7615976,4823.376,1.6503103613647034,0.1885395959440373,-1.9854529268471524,-0.43369857970999703,2.4749572415436725,0.819180616178834,0.1911753199534615,-0.7051988459321877,0.9141995553708969,-0.9368500097416143,-0.6278647760524989,1.107646005430631,4.79,23.82,51.34,0.314,0.693,1.804,56.79905016811461,-40.38681300526959,-39.78869665544861,3.4492105963655653,1,0,0,0,1
1162,1186,1777638307.769032,4823.384,1.6503103613647034,0.1885395959440373,-1.9854529268471524,-0.43369857970999703,2.4749572415436725,0.819180616178834,0.19119186145379768,-0.7051989940218086,0.914179247176625,-0.9368281441007266,-0.6278232910566925,1.1076534091363996,4.79,23.82,51.34,0.314,0.693,1.804,56.79905016811461,-40.387133094527925,-39.78821873792896,3.4509752342787476,1,0,0,0,1
1163,1187,1777638307.7770808,4823.392,1.6503103613647034,0.1885395959440373,-1.9854529268471524,-0.43369857970999703,2.4749572415436725,0.819180616178834,0.19117989924558115,-0.7051929606856967,0.9141888462499229,-0.9368307975930825,-0.6277579782912464,1.1076271359678505,4.79,23.82,51.34,0.314,0.693,1.804,56.79905016811461,-40.38911756811983,-39.786025095126575,3.453040572966315,1,0,0,0,1
1164,1188,1777638307.783623,4823.4,1.6503103613647034,0.1885395959440373,-1.9854529268471524,-0.43369857970999703,2.4749572415436725,0.819180616178834,0.19116358597422456,-0.7052230689140684,0.9141567966518278,-0.936813892298654,-0.6278558909040344,1.1076153921791732,4.79,23.82,51.34,0.314,0.693,1.804,56.79905016811461,-40.387769337608404,-39.787793231942615,3.448434088730648,1,0,0,0,1
1165,1189,1777638307.7903988,4823.407999999999,1.6503103613647034,0.1885395959440373,-1.9854529268471524,-0.43369857970999703,2.4749572415436725,0.819180616178834,0.19117943976521526,-0.7052153068073173,0.9141411689101394,-0.9368217923672215,-0.6278512847039787,1.1076321682900196,4.79,23.82,51.34,0.314,0.693,1.804,56.79905016811461,-40.38733421351883,-39.78817231912921,3.4491562198328434,1,0,0,0,1
1166,1190,1777638307.802104,4823.416,1.6503103613647034,0.1885395959440373,-1.9854529268471524,-0.43369857970999703,2.4749572415436725,0.819180616178834,0.19116271102914872,-0.7052365575253623,0.9141643541995292,-0.9367783918222589,-0.6278397092861513,1.1075720890677843,4.79,23.82,51.34,0.314,0.693,1.804,56.79905016811461,-40.389274071398134,-39.786335905886084,3.44762456910345,1,0,0,0,1
1167,1191,1777638307.8061488,4823.424,1.6503103613647034,0.1885395959440373,-1.9854529268471524,-0.43369857970999703,2.4749572415436725,0.819180616178834,0.19117065811827783,-0.7052300797125349,0.914166724358293,-0.9367956425805567,-0.6278722368991239,1.1076111166404579,4.79,23.82,51.34,0.314,0.693,1.804,56.79905016811461,-40.38753077368678,-39.78811918855831,3.4474671052209853,1,0,0,0,1
1168,1192,1777638307.812806,4823.432,1.6503103613647034,0.1885395959440373,-1.9854529268471524,-0.43369857970999703,2.4749572415436725,0.819180616178834,0.19116866084546652,-0.7052404175297815,0.9141491499532317,-0.9367845657832302,-0.6278181603027788,1.1075907905332132,4.79,23.82,51.34,0.314,0.693,1.804,56.79905016811461,-40.389048528528136,-39.786436963195946,3.4491002788893064,1,0,0,0,1
1169,1193,1777638307.819488,4823.44,1.6503103613647034,0.1885395959440373,-1.9854529268471524,-0.43369857970999703,2.4749572415436725,0.819180616178834,0.19117528692987007,-0.7052343722031478,0.9141518114754428,-0.9367961056087463,-0.6278312112810456,1.1076081069962929,4.79,23.82,51.34,0.314,0.693,1.804,56.79905016811461,-40.38832099104596,-39.787173562302144,3.449122706933199,1,0,0,0,1
1170,1194,1777638307.8643403,4823.447999999999,1.6503103613647034,0.1885395959440373,-1.9854529268471524,-0.43369857970999703,2.4749572415436725,0.819180616178834,0.19119011516764234,-0.7052546041129233,0.9141611953293354,-0.9367262388855024,-0.6278798550034658,1.107586250854402,4.79,23.82,51.34,0.314,0.693,1.804,56.79905016811461,-40.38782390060232,-39.7879608919355,3.445859636686814,1,0,0,0,1
1171,1195,1777638307.8655295,4823.456,1.6503103613647034,0.1885395959440373,-1.9854529268471524,-0.43369857970999703,2.4749572415436725,0.819180616178834,0.19118855335939305,-0.7053001575015783,0.9141331507527573,-0.9367159828993957,-0.627950180201721,1.107595436960334,4.79,23.82,51.34,0.314,0.693,1.804,56.79905016811461,-40.386279527577784,-39.78977179239432,3.443049030950942,1,0,0,0,1
1172,1196,1777638307.866543,4823.464,1.6503103613647034,0.1885395959440373,-1.9854529268471524,-0.43369857970999703,2.4749572415436725,0.819180616178834,0.19119098403800425,-0.7052853548765855,0.9141635859382508,-0.9367279990167252,-0.6279285205881611,1.1076082642656104,4.79,23.82,51.34,0.314,0.693,1.804,56.79905016811461,-40.38628580911091,-39.789646770431425,3.4444198973271614,1,0,0,0,1
1173,1197,1777638307.8676772,4823.472,1.6503103613647034,0.1885395959440373,-1.9854529268471524,-0.43369857970999703,2.4749572415436725,0.819180616178834,0.19120114537092373,-0.7053388815572691,0.9141147789761725,-0.9366473009495612,-0.6279640200207188,1.107568773923201,4.79,23.82,51.34,0.314,0.693,1.804,56.79905016811461,-40.386532486987306,-39.78968055569147,3.4411357069355235,1,0,0,0,1
1174,1198,1777638307.8677137,4823.48,1.6503103613647034,0.1885395959440373,-1.9854529268471524,-0.43369857970999703,2.4749572415436725,0.819180616178834,0.19120526703071208,-0.7053711166886876,0.914096112372272,-0.9365893445805116,-0.6279782939399045,1.1075443353385626,4.79,23.82,51.34,0.314,0.693,1.804,56.79905016811461,-40.386767035144885,-39.789596148905005,3.4393584802953185,1,0,0,0,1
1175,1199,1777638307.8712296,4823.487999999999,1.6503103613647034,0.1885395959440373,-1.9854529268471524,-0.43369857970999703,2.4749572415436725,0.819180616178834,0.191206325547085,-0.705366548665506,0.9140994132247179,-0.9365972073597362,-0.6279609954231602,1.1075465131592719,4.79,23.82,51.34,0.314,0.693,1.804,56.79905016811461,-40.38703051701366,-39.78925442588529,3.440217761999111,1,0,0,0,1
1176,1200,1777638307.8713577,4823.496,1.6503103613647034,0.1885395959440373,-1.9854529268471524,-0.43369857970999703,2.4749572415436725,0.819180616178834,0.19118173091131008,-0.7053387963179858,0.9141392934676852,-0.9366474917901899,-0.6279409580162835,1.107559951355017,4.79,23.82,51.34,0.314,0.693,1.804,56.79905016811461,-40.38721383219585,-39.788925384928575,3.441870942536277,1,0,0,0,1
1177,1201,1777638307.8766565,4823.504,1.6503103613647034,0.1885395959440373,-1.9854529268471524,-0.43369857970999703,2.4749572415436725,0.819180616178834,0.19120385585101793,-0.7054071800905343,0.9140899578056564,-0.9365537508946746,-0.628086834552031,1.1075302112023386,4.79,23.82,51.34,0.314,0.693,1.804,56.79905016811461,-40.385209449857925,-39.791633434309304,3.434074303311457,1,0,0,0,1
1178,1202,1777638307.8786788,4823.504,1.6503103613647034,0.1885395959440373,-1.9854529268471524,-0.43369857970999703,2.4749572415436725,0.819180616178834,0.19120385585101793,-0.7054071800905343,0.9140899578056564,-0.9365537508946746,-0.628086834552031,1.1075302112023386,4.87,23.79,51.3,0.315,0.693,1.805,56.75712290100687,-40.350522056383525,-39.75984422744809,3.515843680593466,0,1,0,0,1
1179,1203,1777638307.8839288,4823.512,1.6503103613647034,0.1885395959440373,-1.9854529268471524,-0.43369857970999703,2.4749572415436725,0.819180616178834,0.19120827920659766,-0.7053821594852185,0.9141101305855429,-0.936592002666917,-0.6280097362486109,1.1075745485127795,4.87,23.79,51.3,0.315,0.693,1.805,56.75712290100687,-40.3505583771054,-39.75938260429633,3.520643915676106,1,0,0,0,1
1180,1204,1777638307.8912117,4823.5199999999995,1.6503103613647034,0.1885395959440373,-1.9854529268471524,-0.43369857970999703,2.4749572415436725,0.819180616178834,0.1912017355208669,-0.7053547682109143,0.9141258997923848,-0.9366368840416766,-0.627993313432075,1.1075753232722805,4.87,23.79,51.3,0.315,0.693,1.805,56.75712290100687,-40.35107179228471,-39.758763565220676,3.521750272061378,1,0,0,0,1
1181,1205,1777638307.900034,4823.527999999999,1.6503103613647034,0.1885395959440373,-1.9854529268471524,-0.43369857970999703,2.4749572415436725,0.819180616178834,0.1912049149284617,-0.7053582208431775,0.9141234932105928,-0.9366193584103242,-0.6279748857860384,1.107566300973763,4.87,23.79,51.3,0.315,0.693,1.805,56.75712290100687,-40.3515761420829,-39.75821813554543,3.5221291197331577,1,0,0,0,1
1182,1206,1777638307.9075108,4823.536,1.6503103613647034,0.1885395959440373,-1.9854529268471524,-0.43369857970999703,2.4749572415436725,0.819180616178834,0.1911830451382367,-0.7053887900560066,0.9141442432306804,-0.9365998481330461,-0.6280061431349917,1.1075197124256588,4.87,23.79,51.3,0.315,0.693,1.805,56.75712290100687,-40.35249055681099,-39.75753467335812,3.519366783841407,1,0,0,0,1
1183,1207,1777638307.9133036,4823.544,1.6503103613647034,0.1885395959440373,-1.9854529268471524,-0.43369857970999703,2.4749572415436725,0.819180616178834,0.19118404649375562,-0.7053400280406669,0.9141369370794485,-0.9366500515178501,-0.6279877302310795,1.1075670232678052,4.87,23.79,51.3,0.315,0.693,1.805,56.75712290100687,-40.35151911742045,-39.75829858377463,3.5218743077904695,1,0,0,0,1
1184,1208,1777638307.920045,4823.552,1.6503103613647034,0.1885395959440373,-1.9854529268471524,-0.43369857970999703,2.4749572415436725,0.819180616178834,0.19119495339186218,-0.7054208636658383,0.9140898695344124,-0.9365313790821936,-0.6280197837452748,1.1074927559386205,4.87,23.79,51.3,0.315,0.693,1.805,56.75712290100687,-40.35275598770936,-39.75743426279625,3.517457183225014,1,0,0,0,1
