epoch_time,Time,Act_q0,Act_q1,Act_q2,Act_q3,Act_q4,Act_q5,Act_qd0,Act_qd1,Act_qd2,Act_qd3,Act_qd4,Act_qd5,Act_I0,Act_I1,Act_I2,Act_I3,Act_I4,Act_I5,Act_X,Act_Y,Act_Z,Act_RX,Act_RY,Act_RZ,Act_dX,Act_dY,Act_dZ,Act_dRX,Act_dRY,Act_dRZ,Tgt_q0,Tgt_q1,Tgt_q2,Tgt_q3,Tgt_q4,Tgt_q5,Robot_Mode,Safety_Mode,Main_Voltage,Robot_Voltage,Robot_Current,Fx,Fy,Fz,Mx,My,Mz,Label,ur_fresh,ft_fresh
1777636293.098311,nan,nan,nan,nan,nan,nan,nan,nan,nan,nan,nan,nan,nan,nan,nan,nan,nan,nan,nan,nan,nan,nan,nan,nan,nan,nan,nan,nan,nan,nan,nan,nan,nan,nan,nan,nan,nan,nan,nan,nan,nan,nan,7.63,22.92,43.55,0.292,0.406,1.638,0,0,1
1777636293.2426465,nan,nan,nan,nan,nan,nan,nan,nan,nan,nan,nan,nan,nan,nan,nan,nan,nan,nan,nan,nan,nan,nan,nan,nan,nan,nan,nan,nan,nan,nan,nan,nan,nan,nan,nan,nan,nan,nan,nan,nan,nan,nan,7.7,22.9,43.53,0.293,0.411,1.64,0,0,1
1777636293.3862092,nan,nan,nan,nan,nan,nan,nan,nan,nan,nan,nan,nan,nan,nan,nan,nan,nan,nan,nan,nan,nan,nan,nan,nan,nan,nan,nan,nan,nan,nan,nan,nan,nan,nan,nan,nan,nan,nan,nan,nan,nan,nan,7.78,22.78,43.49,0.287,0.412,1.645,0,0,1
1777636293.4396544,2808.1839999999997,1.6198418140411377,-0.01651937166322881,-1.955073658620016,-0.21885520616640264,2.6996960639953613,0.7617068886756897,0.0,0.0,-0.0,0.0,0.0,0.0,0.1052856519818306,5.506897449493408,-1.5244312286376953,0.4822540879249573,0.1592559963464737,-0.0807495191693306,0.1342235162331886,-0.6594263022019273,0.9807201630241409,-0.9422149890975707,-0.8768612646179778,1.0541732519815261,0.0,0.0,0.0,0.0,0.0,0.0,1.6198333141838692,-0.01647421686747297,-1.9551005710225118,-0.21877398384506108,2.699735954880354,0.7617014498525398,7.0,1.0,48.0,48.2130012512207,48.029998779296875,7.78,22.78,43.49,0.287,0.412,1.645,0,1,0
1777636293.4699383,2808.192,1.619817852973938,-0.016543213521138966,-1.9550612608539026,-0.2188790480243128,2.6997082233428955,0.7617188692092896,0.0,0.0,-0.0,0.0,0.0,0.0,0.1007080152630806,5.516052722930908,-1.5221893787384033,0.4687958359718323,0.1614990383386612,-0.0852356031537056,0.1342070268037027,-0.6594100740173959,0.9807435010331933,-0.9422632627298383,-0.8768411347942546,1.0541826962107632,0.0,0.0,0.0,0.0,0.0,0.0,1.6198333141838692,-0.01647421686747297,-1.9551005710225118,-0.21877398384506108,2.699735954880354,0.7617014498525398,7.0,1.0,48.0,48.2130012512207,48.029998779296875,7.78,22.78,43.49,0.287,0.412,1.645,0,1,0
1777636293.4729645,2808.2,1.6198781728744507,-0.016531292592183888,-1.955073658620016,-0.2188189665423792,2.6996841430664062,0.7616589069366455,0.0,0.0,-0.0,0.0,0.0,0.0,0.0869751051068306,5.484009265899658,-1.5199475288391113,0.4777680039405823,0.1502838283777237,-0.0874786451458931,0.1342433255226041,-0.6594323436738002,0.9807100490060017,-0.9421529056968866,-0.8768979547727346,1.0541493037654972,0.0,0.0,0.0,0.0,0.0,0.0,1.6198333141838692,-0.01647421686747297,-1.9551005710225118,-0.21877398384506108,2.699735954880354,0.7617014498525398,7.0,1.0,48.0,48.22800064086914,48.029998779296875,7.78,22.78,43.49,0.287,0.412,1.645,0,1,0
1777636293.474676,2808.208,1.619829773902893,-0.016483608876363576,-1.9550851027118128,-0.21885520616640264,2.6996960639953613,0.76168292760849,0.0,0.0,-0.0,0.0,0.0,0.0,0.0778198316693306,5.493164539337158,-1.5177057981491089,0.4553375840187073,0.1480407863855362,-0.0829925611615181,0.1342138617055019,-0.6594537977291974,0.9806926660966427,-0.9421856496889665,-0.8768740281344086,1.0541301306370088,0.0,0.0,0.0,0.0,0.0,0.0,1.6198333141838692,-0.01647421686747297,-1.9551005710225118,-0.21877398384506108,2.699735954880354,0.7617014498525398,7.0,1.0,48.029998779296875,48.22800064086914,48.029998779296875,7.78,22.78,43.49,0.287,0.412,1.645,0,1,0
1777636293.4758346,2808.216,1.6198418140411377,-0.016555134450094044,-1.9550612608539026,-0.21883088747133428,2.699648141860962,0.7616709470748901,0.0,0.0,-0.0,0.0,0.0,0.0,0.0823974683880806,5.497742176055908,-1.4840785264968872,0.4486084580421448,0.1525268703699112,-0.0852356031537056,0.13422346417310466,-0.6594195855137477,0.9807324998438884,-0.9421833122339274,-0.8768271736752716,1.0541346742939939,0.0,0.0,0.0,0.0,0.0,0.0,1.6198333141838692,-0.01647421686747297,-1.9551005710225118,-0.21877398384506108,2.699735954880354,0.7617014498525398,7.0,1.0,48.029998779296875,48.22800064086914,48.029998779296875,7.78,22.78,43.49,0.287,0.412,1.645,0,1,0
1777636293.4795713,2808.2239999999997,1.6198538541793823,-0.016459290181295216,-1.9550612608539026,-0.21886712709535772,2.6997320652008057,0.7616709470748901,0.0,0.0,-0.0,0.0,0.0,0.0,0.1052856519818306,5.525207996368408,-1.5266729593276978,0.4800110459327698,0.1547699123620987,-0.0829925611615181,0.13422678023930062,-0.6594915479987,0.9806745699860251,-0.9421484783848949,-0.8769434394687345,1.05412784090792,0.0,0.0,0.0,0.0,0.0,0.0,1.6198333141838692,-0.01647421686747297,-1.9551005710225118,-0.21877398384506108,2.699735954880354,0.7617014498525398,7.0,1.0,48.029998779296875,48.22800064086914,48.029998779296875,7.78,22.78,43.49,0.287,0.412,1.645,0,1,0
1777636293.4827583,2808.232,1.619829773902893,-0.016507450734273732,-1.9551094214068812,-0.21880704561342412,2.6996960639953613,0.76168292760849,0.0,0.0,-0.0,0.0,0.0,0.0,0.0732421949505806,5.506897449493408,-1.513222098350525,0.4598236680030823,0.1659851223230362,-0.0874786451458931,0.13421268216101595,-0.6594282539174334,0.980696519102906,-0.9421855224270026,-0.8768738559715245,1.054130238214448,0.0,0.0,0.0,0.0,0.0,0.0,1.6198333141838692,-0.01647421686747297,-1.9551005710225118,-0.21877398384506108,2.699735954880354,0.7617014498525398,7.0,1.0,48.029998779296875,48.22800064086914,48.029998779296875,7.78,22.78,43.49,0.287,0.412,1.645,0,1,0
1777636293.4899533,2808.24,1.6198538541793823,-0.016483608876363576,-1.955097500477926,-0.2188189665423792,2.699648141860962,0.7617188692092896,0.0,0.0,-0.0,0.0,0.0,0.0,0.0595092847943306,5.474853992462158,-1.4930458068847656,0.4643097519874573,0.1592559963464737,-0.0874786451458931,0.1342385014562068,-0.6594420794671872,0.9806921638024388,-0.9421634993616035,-0.8768345923345846,1.0541620018000468,0.0,0.0,0.0,0.0,0.0,0.0,1.6198333141838692,-0.01647421686747297,-1.9551005710225118,-0.21877398384506108,2.699735954880354,0.7617014498525398,7.0,1.0,48.029998779296875,48.22800064086914,48.04600143432617,7.78,22.78,43.49,0.287,0.412,1.645,0,1,0
1777636293.4985952,2808.248,1.619866132736206,-0.016483608876363576,-1.9550851027118128,-0.21878320375551397,2.699672222137451,0.76168292760849,0.0,0.0,-0.0,0.0,0.0,0.0,0.0457763709127903,5.520630359649658,-1.513222098350525,0.4575806260108948,0.1592559963464737,-0.0829925611615181,0.13424139321337658,-0.6594707064153292,0.9806739704411425,-0.9421044894043402,-0.8768995615031333,1.054121392420332,0.0,0.0,0.0,0.0,0.0,0.0,1.6198333141838692,-0.01647421686747297,-1.9551005710225118,-0.21877398384506108,2.699735954880354,0.7617014498525398,7.0,1.0,48.029998779296875,48.22800064086914,48.04600143432617,7.78,22.78,43.49,0.287,0.412,1.645,0,1,0
1777636293.5046341,2808.256,1.6198538541793823,-0.016507450734273732,-1.9550851027118128,-0.21885520616640264,2.699672222137451,0.76168292760849,0.0,0.0,-0.0,0.0,0.0,0.0,0.0869751051068306,5.488586902618408,-1.5333983898162842,0.4665527939796448,0.1435547024011612,-0.0807495191693306,0.13423101312005298,-0.6594292935498054,0.980709712409951,-0.9421918843195102,-0.8768533501469841,1.0541590375695313,0.0,0.0,0.0,0.0,0.0,0.0,1.6198333141838692,-0.01647421686747297,-1.9551005710225118,-0.21877398384506108,2.699735954880354,0.7617014498525398,7.0,1.0,48.029998779296875,48.22800064086914,48.04600143432617,7.78,22.78,43.49,0.287,0.412,1.645,0,1,0
1777636293.511876,2808.2639999999997,1.6198418140411377,-0.016483608876363576,-1.9551094214068812,-0.21885520616640264,2.6997082233428955,0.7616589069366455,0.0,0.0,-0.0,0.0,0.0,0.0,0.0869751051068306,5.493164539337158,-1.513222098350525,0.4643097519874573,0.1659851223230362,-0.0852356031537056,0.13421687486399458,-0.6594372753384891,0.9806890288627585,-0.942192870309863,-0.8768922574067497,1.0541339905675837,0.0,0.0,0.0,0.0,0.0,0.0,1.6198333141838692,-0.01647421686747297,-1.9551005710225118,-0.21877398384506108,2.699735954880354,0.7617014498525398,7.0,1.0,48.029998779296875,48.22800064086914,48.04600143432617,7.78,22.78,43.49,0.287,0.412,1.645,0,1,0
1777636293.5188823,2808.272,1.6198781728744507,-0.016495529805318654,-1.9550851027118128,-0.2188189665423792,2.6997082233428955,0.7617188692092896,0.0,0.0,-0.0,0.0,0.0,0.0,0.0869751051068306,5.520630359649658,-1.4930458068847656,0.4553375840187073,0.1570129543542862,-0.0874786451458931,0.13424885012785426,-0.6594415234223553,0.9806964532593041,-0.9421693749879554,-0.8769089539309892,1.054192016049378,0.0,0.0,0.0,0.0,0.0,0.0,1.6198333141838692,-0.01647421686747297,-1.9551005710225118,-0.21877398384506108,2.699735954880354,0.7617014498525398,7.0,1.0,48.029998779296875,48.22800064086914,48.04600143432617,7.78,22.78,43.49,0.287,0.412,1.645,0,1,0
1777636293.5260198,2808.2799999999997,1.6198418140411377,-0.016495529805318654,-1.955073658620016,-0.21885520616640264,2.6997201442718506,0.76168292760849,0.0,0.0,-0.0,0.0,0.0,0.0,0.1007080152630806,5.502319812774658,-1.4952876567840576,0.4486084580421448,0.1570129543542862,-0.0785064771771431,0.134219500428612,-0.6594526305315793,0.980698794439785,-0.9421877608752024,-0.8769048254833498,1.0541444840464391,0.0,0.0,0.0,0.0,0.0,0.0,1.6198333141838692,-0.01647421686747297,-1.9551005710225118,-0.21877398384506108,2.699735954880354,0.7617014498525398,7.0,1.0,48.0,48.22800064086914,48.04600143432617,7.78,22.78,43.49,0.287,0.412,1.645,0,1,0
1777636293.5293982,2808.2799999999997,1.6198418140411377,-0.016495529805318654,-1.955073658620016,-0.21885520616640264,2.6997201442718506,0.76168292760849,0.0,0.0,-0.0,0.0,0.0,0.0,0.1007080152630806,5.502319812774658,-1.4952876567840576,0.4486084580421448,0.1570129543542862,-0.0785064771771431,0.134219500428612,-0.6594526305315793,0.980698794439785,-0.9421877608752024,-0.8769048254833498,1.0541444840464391,0.0,0.0,0.0,0.0,0.0,0.0,1.6198333141838692,-0.01647421686747297,-1.9551005710225118,-0.21877398384506108,2.699735954880354,0.7617014498525398,7.0,1.0,48.0,48.22800064086914,48.04600143432617,7.74,22.86,43.49,0.288,0.411,1.643,0,0,1
1777636293.5336087,2808.288,1.6198538541793823,-0.016483608876363576,-1.955073658620016,-0.21884280840028936,2.6996960639953613,0.7616949081420898,0.0,0.0,-0.0,0.0,0.0,0.0,0.0915527418255806,5.493164539337158,-1.5199475288391113,0.4777680039405823,0.1457977443933487,-0.0942077711224556,0.13423181344264773,-0.6594615876322858,0.9806907920567098,-0.9421628065158827,-0.8768924786478157,1.0541490113228018,0.0,0.0,0.0,0.0,0.0,0.0,1.6198333141838692,-0.01647421686747297,-1.9551005710225118,-0.21877398384506108,2.699735954880354,0.7617014498525398,7.0,1.0,48.0,48.22800064086914,48.04600143432617,7.74,22.86,43.49,0.288,0.411,1.643,0,1,0
1777636293.5411801,2808.296,1.6198538541793823,-0.016543213521138966,-1.9550612608539026,-0.2188189665423792,2.6996960639953613,0.7616709470748901,0.0,0.0,-0.0,0.0,0.0,0.0,0.02288818545639515,5.497742176055908,-1.5177057981491089,0.4710388779640198,0.1525268703699112,-0.0942077711224556,0.13422755354819296,-0.6594338308399637,0.9807188969829836,-0.9421702906579027,-0.8768920904138064,1.0541404780272072,0.0,0.0,0.0,0.0,0.0,0.0,1.6198333141838692,-0.01647421686747297,-1.9551005710225118,-0.21877398384506108,2.699735954880354,0.7617014498525398,7.0,1.0,48.0,48.22800064086914,48.04600143432617,7.74,22.86,43.49,0.288,0.411,1.643,0,1,0
1777636293.5476923,2808.304,1.619866132736206,-0.016507450734273732,-1.9550493399249476,-0.21889096895326787,2.699648141860962,0.7616949081420898,0.0,0.0,-0.0,0.0,0.0,0.0,0.02288818545639515,5.506897449493408,-1.515463948249817,0.4598236680030823,0.1502838283777237,-0.0874786451458931,0.13424365676242786,-0.659442929581718,0.9807210431681348,-0.9421879596191538,-0.8768312496012511,1.0541759966480087,0.0,0.0,0.0,0.0,0.0,0.0,1.6198333141838692,-0.01647421686747297,-1.9551005710225118,-0.21877398384506108,2.699735954880354,0.7617014498525398,7.0,1.0,48.0,48.22800064086914,48.04600143432617,7.74,22.86,43.49,0.288,0.411,1.643,0,1,0
1777636293.5551534,2808.312,1.6198418140411377,-0.016495529805318654,-1.9550612608539026,-0.2188189665423792,2.699660301208496,0.7616949081420898,0.0,0.0,-0.0,0.0,0.0,0.0,0.1098632961511612,5.502319812774658,-1.5378820896148682,0.4486084580421448,0.1547699123620987,-0.0852356031537056,0.13422773530016233,-0.6594695665367721,0.9806932602315875,-0.9421370646874955,-0.8768596790212221,1.0541209671772238,0.0,0.0,0.0,0.0,0.0,0.0,1.6198333141838692,-0.01647421686747297,-1.9551005710225118,-0.21877398384506108,2.699735954880354,0.7617014498525398,7.0,1.0,48.0,48.22800064086914,48.04600143432617,7.74,22.86,43.49,0.288,0.411,1.643,0,1,0
1777636293.5621693,2808.3199999999997,1.6198781728744507,-0.01651937166322881,-1.9550851027118128,-0.21878320375551397,2.6996960639953613,0.7616709470748901,0.0,0.0,-0.0,0.0,0.0,0.0,0.1327514797449112,5.497742176055908,-1.513222098350525,0.4620667099952698,0.1435547024011612,-0.0829925611615181,0.13424420542044035,-0.65944211904113,0.9806944238637102,-0.9421307595651236,-0.8769201814882239,1.054143254781512,0.0,0.0,0.0,0.0,0.0,0.0,1.6198333141838692,-0.01647421686747297,-1.9551005710225118,-0.21877398384506108,2.699735954880354,0.7617014498525398,7.0,1.0,48.0,48.22800064086914,48.04600143432617,7.74,22.86,43.49,0.288,0.411,1.643,0,1,0
1777636293.5694842,2808.328,1.6198781728744507,-0.016483608876363576,-1.9550851027118128,-0.21884280840028936,2.6996841430664062,0.7616949081420898,0.0,0.0,-0.0,0.0,0.0,0.0,0.0640869215130806,5.516052722930908,-1.513222098350525,0.4710388779640198,0.1547699123620987,-0.0874786451458931,0.13424849513522089,-0.6594482133352626,0.9806919906709543,-0.9421612196065344,-0.8768891059829942,1.054173680246362,0.0,0.0,0.0,0.0,0.0,0.0,1.6198333141838692,-0.01647421686747297,-1.9551005710225118,-0.21877398384506108,2.699735954880354,0.7617014498525398,7.0,1.0,48.0,48.22800064086914,48.04600143432617,7.74,22.86,43.49,0.288,0.411,1.643,0,1,0
1777636293.5766573,2808.336,1.619817852973938,-0.016507450734273732,-1.955097500477926,-0.21885520616640264,2.6996960639953613,0.7617068886756897,0.0,0.0,-0.0,0.0,0.0,0.0,0.0549316480755806,5.502319812774658,-1.5109803676605225,0.4800110459327698,0.1547699123620987,-0.0874786451458931,0.1342071939192339,-0.6594196150803349,0.9807134947395527,-0.9422337641998841,-0.8768430890551042,1.054158696899626,0.0,0.0,0.0,0.0,0.0,0.0,1.6198333141838692,-0.01647421686747297,-1.9551005710225118,-0.21877398384506108,2.699735954880354,0.7617014498525398,7.0,1.0,48.0,48.22800064086914,48.04600143432617,7.74,22.86,43.49,0.288,0.411,1.643,0,1,0
1777636293.5834978,2808.344,1.6198418140411377,-0.01651937166322881,-1.9550612608539026,-0.21883088747133428,2.699672222137451,0.7617068886756897,0.0,0.0,-0.0,0.0,0.0,0.0,0.1007080152630806,5.511475086212158,-1.5109803676605225,0.4687958359718323,0.1457977443933487,-0.0785064771771431,0.13422675071130696,-0.6594434519305372,0.9807139767995536,-0.942177250276761,-0.876852290675311,1.054151106374238,0.0,0.0,0.0,0.0,0.0,0.0,1.6198333141838692,-0.01647421686747297,-1.9551005710225118,-0.21877398384506108,2.699735954880354,0.7617014498525398,7.0,1.0,48.0,48.18299865722656,48.04600143432617,7.74,22.86,43.49,0.288,0.411,1.643,0,1,0
1777636293.5909982,2808.352,1.619817852973938,-0.016495529805318654,-1.9550612608539026,-0.21885520616640264,2.6997082233428955,0.7616469264030457,0.0,0.0,-0.0,0.0,0.0,0.0,0.0411987341940403,5.497742176055908,-1.5177057981491089,0.4553375840187073,0.1547699123620987,-0.0874786451458931,0.13420127580668903,-0.6594733747731798,0.9806922530144002,-0.9421635866518338,-0.876898739729921,1.0540851214428617,0.0,0.0,0.0,0.0,0.0,0.0,1.6198333141838692,-0.01647421686747297,-1.9551005710225118,-0.21877398384506108,2.699735954880354,0.7617014498525398,7.0,1.0,48.0,48.18299865722656,48.04600143432617,7.74,22.86,43.49,0.288,0.411,1.643,0,1,0
1777636293.5979872,2808.3599999999997,1.6198538541793823,-0.016471211110250294,-1.9550851027118128,-0.2188189665423792,2.6996841430664062,0.7616709470748901,0.0,0.0,-0.0,0.0,0.0,0.0,0.0549316480755806,5.470276355743408,-1.5199475288391113,0.4912262558937073,0.1525268703699112,-0.0807495191693306,0.13423068122490373,-0.659474617886981,0.9806728487609707,-0.9421257833612098,-0.8768999561843946,1.054114176263694,0.0,0.0,0.0,0.0,0.0,0.0,1.6198333141838692,-0.01647421686747297,-1.9551005710225118,-0.21877398384506108,2.699735954880354,0.7617014498525398,7.0,1.0,47.97100067138672,48.18299865722656,48.04600143432617,7.74,22.86,43.49,0.288,0.411,1.643,0,1,0
1777636293.6051588,2808.368,1.6198418140411377,-0.016567532216207326,-1.955097500477926,-0.21884280840028936,2.699672222137451,0.76168292760849,0.0,0.0,-0.0,0.0,0.0,0.0,0.0778198316693306,5.493164539337158,-1.499771237373352,0.4665527939796448,0.1547699123620987,-0.0807495191693306,0.13422024938220392,-0.6593732239572876,0.9807469152947746,-0.9422480072533627,-0.8768217886257242,1.0541791137044199,0.0,0.0,0.0,0.0,0.0,0.0,1.6198333141838692,-0.01647421686747297,-1.9551005710225118,-0.21877398384506108,2.699735954880354,0.7617014498525398,7.0,1.0,47.97100067138672,48.18299865722656,48.04600143432617,7.74,22.86,43.49,0.288,0.411,1.643,0,1,0
1777636293.612441,2808.3759999999997,1.619829773902893,-0.016507450734273732,-1.955073658620016,-0.21883088747133428,2.6996841430664062,0.7616349458694458,0.0,0.0,-0.0,0.0,0.0,0.0,0.0640869215130806,5.534363269805908,-1.499771237373352,0.4710388779640198,0.1704712063074112,-0.0897216871380806,0.13420947296793195,-0.6594604256114149,0.9806931676979732,-0.9421470810114286,-0.8768855657648046,1.0540813512722906,0.0,0.0,0.0,0.0,0.0,0.0,1.6198333141838692,-0.01647421686747297,-1.9551005710225118,-0.21877398384506108,2.699735954880354,0.7617014498525398,7.0,1.0,47.97100067138672,48.18299865722656,48.04600143432617,7.74,22.86,43.49,0.288,0.411,1.643,0,1,0
1777636293.6198251,2808.384,1.6198418140411377,-0.01651937166322881,-1.9550851027118128,-0.21880704561342412,2.6997082233428955,0.76168292760849,0.0,0.0,-0.0,0.0,0.0,0.0,0.0915527418255806,5.493164539337158,-1.504254937171936,0.4486084580421448,0.1502838283777237,-0.0874786451458931,0.13422000661432615,-0.6594374342290102,0.9807025578906827,-0.9421735331259194,-0.8768979403066396,1.0541362652342188,0.0,0.0,0.0,0.0,0.0,0.0,1.6198333141838692,-0.01647421686747297,-1.9551005710225118,-0.21877398384506108,2.699735954880354,0.7617014498525398,7.0,1.0,47.97100067138672,48.18299865722656,48.04600143432617,7.74,22.86,43.49,0.288,0.411,1.643,0,1,0
1777636293.627192,2808.392,1.619866132736206,-0.016507450734273732,-1.955097500477926,-0.2188189665423792,2.699672222137451,0.7617068886756897,0.0,0.0,-0.0,0.0,0.0,0.0,0.0595092847943306,5.502319812774658,-1.5087385177612305,0.4755249619483948,0.1502838283777237,-0.0852356031537056,0.13424194695030345,-0.6594236226556237,0.9807046740466794,-0.9421794462241267,-0.8768605183170043,1.0541780799246503,0.0,0.0,0.0,0.0,0.0,0.0,1.6198333141838692,-0.01647421686747297,-1.9551005710225118,-0.21877398384506108,2.699735954880354,0.7617014498525398,7.0,1.0,47.97100067138672,48.18299865722656,48.04600143432617,7.74,22.86,43.49,0.288,0.411,1.643,0,1,0
1777636293.6341345,2808.4,1.6198418140411377,-0.016483608876363576,-1.9550851027118128,-0.21886712709535772,2.699648141860962,0.7617188692092896,0.0,0.0,-0.0,0.0,0.0,0.0,0.0366210974752903,5.497742176055908,-1.499771237373352,0.4575806260108948,0.1749572902917862,-0.0829925611615181,0.13423023333805148,-0.6594389045154978,0.9807048035911723,-0.9421987839538284,-0.8768133089961501,1.0541696284652027,0.0,0.0,0.0,0.0,0.0,0.0,1.6198333141838692,-0.01647421686747297,-1.9551005710225118,-0.21877398384506108,2.699735954880354,0.7617014498525398,7.0,1.0,47.97100067138672,48.18299865722656,48.04600143432617,7.74,22.86,43.49,0.288,0.411,1.643,0,1,0
1777636293.6420825,2808.408,1.6198781728744507,-0.016507450734273732,-1.955073658620016,-0.2188189665423792,2.6997082233428955,0.7616589069366455,0.0,0.0,-0.0,0.0,0.0,0.0,0.0778198316693306,5.529785633087158,-1.5064966678619385,0.4553375840187073,0.1614990383386612,-0.0807495191693306,0.13424203189287687,-0.6594536254689751,0.9806929905999775,-0.9421382630421838,-0.876932163802733,1.054141025350125,0.0,0.0,0.0,0.0,0.0,0.0,1.6198333141838692,-0.01647421686747297,-1.9551005710225118,-0.21877398384506108,2.699735954880354,0.7617014498525398,7.0,1.0,47.97100067138672,48.18299865722656,48.04600143432617,7.74,22.86,43.49,0.288,0.411,1.643,0,1,0
1777636293.648804,2808.4159999999997,1.6198538541793823,-0.016483608876363576,-1.9551094214068812,-0.21883088747133428,2.6997201442718506,0.7616949081420898,0.0,0.0,-0.0,0.0,0.0,0.0,0.0640869215130806,5.529785633087158,-1.513222098350525,0.4620667099952698,0.1682281643152237,-0.0874786451458931,0.1342282021608721,-0.659436245425375,0.9806881989683032,-0.9421893959168827,-0.8769068898617667,1.0541647484689676,0.0,0.0,0.0,0.0,0.0,0.0,1.6198333141838692,-0.01647421686747297,-1.9551005710225118,-0.21877398384506108,2.699735954880354,0.7617014498525398,7.0,1.0,47.97100067138672,48.198001861572266,48.04600143432617,7.74,22.86,43.49,0.288,0.411,1.643,0,1,0
1777636293.6558328,2808.424,1.6198538541793823,-0.016471211110250294,-1.9550851027118128,-0.21880704561342412,2.699660301208496,0.7616949081420898,0.0,0.0,-0.0,0.0,0.0,0.0,0.1007080152630806,5.488586902618408,-1.504254937171936,0.4710388779640198,0.1637420803308487,-0.0874786451458931,0.13423588497337724,-0.6594723738030395,0.9806750525680527,-0.9421221272774181,-0.876871400407219,1.0541249554792487,0.0,0.0,0.0,0.0,0.0,0.0,1.6198333141838692,-0.01647421686747297,-1.9551005710225118,-0.21877398384506108,2.699735954880354,0.7617014498525398,7.0,1.0,47.97100067138672,48.198001861572266,48.04600143432617,7.74,22.86,43.49,0.288,0.411,1.643,0,1,0
1777636293.6629202,2808.432,1.619817852973938,-0.016495529805318654,-1.9551094214068812,-0.2188189665423792,2.6996841430664062,0.7616949081420898,0.0,0.0,-0.0,0.0,0.0,0.0,0.0686645582318306,5.488586902618408,-1.5064966678619385,0.4777680039405823,0.1502838283777237,-0.0829925611615181,0.13420760278849558,-0.6594332339665631,0.9806946271338581,-0.9421931020554416,-0.8768505891991227,1.0541283717826448,0.0,0.0,0.0,0.0,0.0,0.0,1.6198333141838692,-0.01647421686747297,-1.9551005710225118,-0.21877398384506108,2.699735954880354,0.7617014498525398,7.0,1.0,48.01499938964844,48.198001861572266,48.04600143432617,7.74,22.86,43.49,0.288,0.411,1.643,0,1,0
1777636293.6725345,2808.44,1.6198418140411377,-0.016507450734273732,-1.955097500477926,-0.21884280840028936,2.6997082233428955,0.7617068886756897,0.0,0.0,-0.0,0.0,0.0,0.0,0.0778198316693306,5.506897449493408,-1.5199475288391113,0.4687958359718323,0.1457977443933487,-0.0874786451458931,0.13422205787212405,-0.6594208097049667,0.9807094678980679,-0.9422175908097622,-0.8768736970969134,1.054174876874714,0.0,0.0,0.0,0.0,0.0,0.0,1.6198333141838692,-0.01647421686747297,-1.9551005710225118,-0.21877398384506108,2.699735954880354,0.7617014498525398,7.0,1.0,48.01499938964844,48.198001861572266,48.04600143432617,7.74,22.86,43.49,0.288,0.411,1.643,0,1,0
1777636293.6746562,2808.44,1.6198418140411377,-0.016507450734273732,-1.955097500477926,-0.21884280840028936,2.6997082233428955,0.7617068886756897,0.0,0.0,-0.0,0.0,0.0,0.0,0.0778198316693306,5.506897449493408,-1.5199475288391113,0.4687958359718323,0.1457977443933487,-0.0874786451458931,0.13422205787212405,-0.6594208097049667,0.9807094678980679,-0.9422175908097622,-0.8768736970969134,1.054174876874714,0.0,0.0,0.0,0.0,0.0,0.0,1.6198333141838692,-0.01647421686747297,-1.9551005710225118,-0.21877398384506108,2.699735954880354,0.7617014498525398,7.0,1.0,48.01499938964844,48.198001861572266,48.04600143432617,7.66,22.98,43.53,0.29,0.409,1.639,0,0,1
1777636293.6778102,2808.448,1.6197938919067383,-0.01651937166322881,-1.955097500477926,-0.21883088747133428,2.6997082233428955,0.7616949081420898,0.0,0.0,-0.0,0.0,0.0,0.0,0.0549316480755806,5.497742176055908,-1.504254937171936,0.4687958359718323,0.1592559963464737,-0.0852356031537056,0.13418881023525445,-0.6594233783330171,0.9807119521850509,-0.942228101059353,-0.8768518839044054,1.0541237022208376,0.0,0.0,0.0,0.0,0.0,0.0,1.6198333141838692,-0.01647421686747297,-1.9551005710225118,-0.21877398384506108,2.699735954880354,0.7617014498525398,7.0,1.0,48.01499938964844,48.198001861572266,48.04600143432617,7.66,22.98,43.53,0.29,0.409,1.639,0,1,0
1777636293.6848652,2808.4559999999997,1.6198538541793823,-0.016495529805318654,-1.9551094214068812,-0.21883088747133428,2.6997082233428955,0.7616349458694458,0.0,0.0,-0.0,0.0,0.0,0.0,0.0915527418255806,5.511475086212158,-1.5177057981491089,0.4665527939796448,0.1614990383386612,-0.0829925611615181,0.13422202831605987,-0.6594382377403036,0.9806859347648647,-0.9421652477445601,-0.8769133060485252,1.054117631125988,0.0,0.0,0.0,0.0,0.0,0.0,1.6198333141838692,-0.01647421686747297,-1.9551005710225118,-0.21877398384506108,2.699735954880354,0.7617014498525398,7.0,1.0,48.01499938964844,48.198001861572266,48.04600143432617,7.66,22.98,43.53,0.29,0.409,1.639,0,1,0
1777636293.6919224,2808.464,1.6198418140411377,-0.016483608876363576,-1.955073658620016,-0.21885520616640264,2.6996960639953613,0.7617068886756897,0.0,0.0,-0.0,0.0,0.0,0.0,0.0869751051068306,5.529785633087158,-1.5221893787384033,0.4710388779640198,0.1525268703699112,-0.0807495191693306,0.1342250128939305,-0.6594567625508936,0.9806963702980072,-0.9421840908261622,-0.8768760667976112,1.054155175381991,0.0,0.0,0.0,0.0,0.0,0.0,1.6198333141838692,-0.01647421686747297,-1.9551005710225118,-0.21877398384506108,2.699735954880354,0.7617014498525398,7.0,1.0,48.01499938964844,48.198001861572266,48.04600143432617,7.66,22.98,43.53,0.29,0.409,1.639,0,1,0
1777636293.6989813,2808.4719999999998,1.6198418140411377,-0.016483608876363576,-1.955073658620016,-0.21886712709535772,2.6997201442718506,0.7617188692092896,0.0,0.0,-0.0,0.0,0.0,0.0,0.0640869215130806,5.511475086212158,-1.4952876567840576,0.4687958359718323,0.1480407863855362,-0.0807495191693306,0.13422386832208932,-0.6594514468765729,0.9807006204403969,-0.9422066858222957,-0.8768908374221397,1.0541751689635435,0.0,0.0,0.0,0.0,0.0,0.0,1.6198333141838692,-0.01647421686747297,-1.9551005710225118,-0.21877398384506108,2.699735954880354,0.7617014498525398,7.0,1.0,48.01499938964844,48.198001861572266,48.04600143432617,7.66,22.98,43.53,0.29,0.409,1.639,0,1,0
1777636293.7065868,2808.48,1.619866132736206,-0.016495529805318654,-1.9550493399249476,-0.21879512468446904,2.6996841430664062,0.7616949081420898,0.0,0.0,-0.0,0.0,0.0,0.0,0.0823974683880806,5.525207996368408,-1.515463948249817,0.4732819199562073,0.1592559963464737,-0.0762634351849556,0.13424243912840922,-0.6594848298668555,0.9806848608395622,-0.9421033992150141,-0.8769119332445122,1.0541275658984133,0.0,0.0,0.0,0.0,0.0,0.0,1.6198333141838692,-0.01647421686747297,-1.9551005710225118,-0.21877398384506108,2.699735954880354,0.7617014498525398,7.0,1.0,48.01499938964844,48.198001861572266,48.04600143432617,7.66,22.98,43.53,0.29,0.409,1.639,0,1,0
1777636293.7135954,2808.488,1.619817852973938,-0.016495529805318654,-1.955097500477926,-0.21884280840028936,2.6996960639953613,0.7616709470748901,0.0,0.0,-0.0,0.0,0.0,0.0,0.0732421949505806,5.529785633087158,-1.5266729593276978,0.4643097519874573,0.1502838283777237,-0.0897216871380806,0.13420383154191684,-0.6594412561875256,0.9806956755613304,-0.9421938275961725,-0.8768671417274864,1.054115721689506,0.0,0.0,0.0,0.0,0.0,0.0,1.6198333141838692,-0.01647421686747297,-1.9551005710225118,-0.21877398384506108,2.699735954880354,0.7617014498525398,7.0,1.0,48.01499938964844,48.2130012512207,48.04600143432617,7.66,22.98,43.53,0.29,0.409,1.639,0,1,0
1777636293.7206256,2808.496,1.6198058128356934,-0.016483608876363576,-1.9551094214068812,-0.21878320375551397,2.6997320652008057,0.76168292760849,0.0,0.0,-0.0,0.0,0.0,0.0,0.1098632961511612,5.534363269805908,-1.5401238203048706,0.4687958359718323,0.1547699123620987,-0.0852356031537056,0.13419487642476255,-0.6594607681124373,0.9806722857959136,-0.9421615674662764,-0.876916682024254,1.0540913849833533,0.0,0.0,0.0,0.0,0.0,0.0,1.6198333141838692,-0.01647421686747297,-1.9551005710225118,-0.21877398384506108,2.699735954880354,0.7617014498525398,7.0,1.0,48.01499938964844,48.2130012512207,48.04600143432617,7.66,22.98,43.53,0.29,0.409,1.639,0,1,0
1777636293.7278106,2808.504,1.6198418140411377,-0.016483608876363576,-1.955073658620016,-0.21886712709535772,2.6997201442718506,0.7616949081420898,0.0,0.0,-0.0,0.0,0.0,0.0,0.0732421949505806,5.529785633087158,-1.515463948249817,0.4777680039405823,0.1547699123620987,-0.0852356031537056,0.13422114721036,-0.6594564932989764,0.980696309953688,-0.9421940989289446,-0.8769001885197112,1.0541546793079497,0.0,0.0,0.0,0.0,0.0,0.0,1.6198333141838692,-0.01647421686747297,-1.9551005710225118,-0.21877398384506108,2.699735954880354,0.7617014498525398,7.0,1.0,48.0,48.2130012512207,48.04600143432617,7.66,22.98,43.53,0.29,0.409,1.639,0,1,0
1777636293.7351048,2808.5119999999997,1.6198418140411377,-0.01651937166322881,-1.955097500477926,-0.21885520616640264,2.6997082233428955,0.7616469264030457,0.0,0.0,-0.0,0.0,0.0,0.0,0.0915527418255806,5.484009265899658,-1.513222098350525,0.4575806260108948,0.1614990383386612,-0.0829925611615181,0.1342145280211131,-0.6594193666355734,0.9807100345528202,-0.9422071498924897,-0.8768870733420581,1.0541358424219198,0.0,0.0,0.0,0.0,0.0,0.0,1.6198333141838692,-0.01647421686747297,-1.9551005710225118,-0.21877398384506108,2.699735954880354,0.7617014498525398,7.0,1.0,48.0,48.2130012512207,48.04600143432617,7.66,22.98,43.53,0.29,0.409,1.639,0,1,0
1777636293.80705,2808.52,1.619829773902893,-0.016483608876363576,-1.955073658620016,-0.21885520616640264,2.699660301208496,0.7617068886756897,0.0,0.0,-0.0,0.0,0.0,0.0,0.0549316480755806,5.529785633087158,-1.515463948249817,0.4710388779640198,0.1614990383386612,-0.0852356031537056,0.134220477664802,-0.6594569307315297,0.9806981469706658,-0.942179475682919,-0.8768332706839691,1.0541392763513764,0.0,0.0,0.0,0.0,0.0,0.0,1.6198333141838692,-0.01647421686747297,-1.9551005710225118,-0.21877398384506108,2.699735954880354,0.7617014498525398,7.0,1.0,48.0,48.2130012512207,48.04600143432617,7.66,22.98,43.53,0.29,0.409,1.639,0,1,0
1777636293.8071702,2808.528,1.6198418140411377,-0.016495529805318654,-1.955097500477926,-0.21883088747133428,2.6996960639953613,0.76168292760849,0.0,0.0,-0.0,0.0,0.0,0.0,0.0640869215130806,5.484009265899658,-1.5087385177612305,0.4800110459327698,0.1457977443933487,-0.0852356031537056,0.134221205728723,-0.6594392845923377,0.980694539555167,-0.9421813525576138,-0.8768805863823014,1.0541404803778673,0.0,0.0,0.0,0.0,0.0,0.0,1.6198333141838692,-0.01647421686747297,-1.9551005710225118,-0.21877398384506108,2.699735954880354,0.7617014498525398,7.0,1.0,48.0,48.2130012512207,48.06100082397461,7.66,22.98,43.53,0.29,0.409,1.639,0,1,0
1777636293.8098714,2808.536,1.619817852973938,-0.016543213521138966,-1.9551094214068812,-0.21883088747133428,2.6997082233428955,0.7616709470748901,0.0,0.0,-0.0,0.0,0.0,0.0,0.0320434607565403,5.493164539337158,-1.502013087272644,0.4755249619483948,0.1502838283777237,-0.0829925611615181,0.13420038188625996,-0.6593948738798614,0.9807241337180486,-0.942238014393402,-0.8768596500857639,1.0541417336669165,0.0,0.0,0.0,0.0,0.0,0.0,1.6198333141838692,-0.01647421686747297,-1.9551005710225118,-0.21877398384506108,2.699735954880354,0.7617014498525398,7.0,1.0,48.0,48.2130012512207,48.06100082397461,7.66,22.98,43.53,0.29,0.409,1.639,0,1,0
1777636293.8099802,2808.544,1.6198058128356934,-0.016531292592183888,-1.955073658620016,-0.21885520616640264,2.6997439861297607,0.76168292760849,0.0,0.0,-0.0,0.0,0.0,0.0,0.0503540076315403,5.470276355743408,-1.515463948249817,0.4755249619483948,0.1570129543542862,-0.0897216871380806,0.13419199407794694,-0.6594279670216832,0.980721402441331,-0.9422372148093265,-0.8768942533537457,1.0541355118420828,0.0,0.0,0.0,0.0,0.0,0.0,1.6198333141838692,-0.01647421686747297,-1.9551005710225118,-0.21877398384506108,2.699735954880354,0.7617014498525398,7.0,1.0,48.0,48.2130012512207,48.06100082397461,7.66,22.98,43.53,0.29,0.409,1.639,0,1,0
1777636293.8138669,2808.5519999999997,1.6198418140411377,-0.016483608876363576,-1.9550612608539026,-0.21883088747133428,2.699660301208496,0.7616949081420898,0.0,0.0,-0.0,0.0,0.0,0.0,0.0595092847943306,5.497742176055908,-1.515463948249817,0.4620667099952698,0.1570129543542862,-0.0874786451458931,0.13422802151972282,-0.6594759525045317,0.9806886203784514,-0.9421371092774674,-0.876859717558427,1.0541209176043012,0.0,0.0,0.0,0.0,0.0,0.0,1.6198333141838692,-0.01647421686747297,-1.9551005710225118,-0.21877398384506108,2.699735954880354,0.7617014498525398,7.0,1.0,48.0,48.2130012512207,48.06100082397461,7.66,22.98,43.53,0.29,0.409,1.639,0,1,0
1777636293.8139963,2808.56,1.619829773902893,-0.016483608876363576,-1.9550851027118128,-0.21883088747133428,2.699672222137451,0.7616589069366455,0.0,0.0,-0.0,0.0,0.0,0.0,0.0778198316693306,5.502319812774658,-1.5221893787384033,0.4418793320655823,0.1659851223230362,-0.0897216871380806,0.13421383681122157,-0.6594655764501864,0.980682814895309,-0.9421460317991476,-0.8768692881872799,1.0540936632440312,0.0,0.0,0.0,0.0,0.0,0.0,1.6198333141838692,-0.01647421686747297,-1.9551005710225118,-0.21877398384506108,2.699735954880354,0.7617014498525398,7.0,1.0,48.0,48.2130012512207,48.06100082397461,7.66,22.98,43.53,0.29,0.409,1.639,0,1,0
1777636293.8195066,2808.5679999999998,1.619866132736206,-0.016495529805318654,-1.9550254980670374,-0.21879512468446904,2.699660301208496,0.7616589069366455,0.0,0.0,-0.0,0.0,0.0,0.0,0.0732421949505806,5.534363269805908,-1.4863203763961792,0.4598236680030823,0.1637420803308487,-0.0897216871380806,0.13424164126072619,-0.6595115019601657,0.9806783039126945,-0.9420579383638475,-0.8769117635862881,1.0540810853149076,0.0,0.0,0.0,0.0,0.0,0.0,1.6198333141838692,-0.01647421686747297,-1.9551005710225118,-0.21877398384506108,2.699735954880354,0.7617014498525398,7.0,1.0,48.0,48.2130012512207,48.06100082397461,7.66,22.98,43.53,0.29,0.409,1.639,0,1,0
1777636293.8240387,2808.576,1.6198781728744507,-0.016507450734273732,-1.9551094214068812,-0.21880704561342412,2.699660301208496,0.7616589069366455,0.0,0.0,-0.0,0.0,0.0,0.0,0.0915527418255806,5.488586902618408,-1.5266729593276978,0.4530945420265198,0.1592559963464737,-0.0874786451458931,0.13424527396749897,-0.6594253681078136,0.9806939745955384,-0.9421470412579014,-0.8768737911763735,1.0541454814149158,0.0,0.0,0.0,0.0,0.0,0.0,1.6198333141838692,-0.01647421686747297,-1.9551005710225118,-0.21877398384506108,2.699735954880354,0.7617014498525398,7.0,1.0,48.0,48.2130012512207,48.06100082397461,7.66,22.98,43.53,0.29,0.409,1.639,0,1,0
1777636293.8285344,2808.584,1.619829773902893,-0.016483608876363576,-1.9551094214068812,-0.21884280840028936,2.6996841430664062,0.76168292760849,0.0,0.0,-0.0,0.0,0.0,0.0,0.1007080152630806,5.511475086212158,-1.5177057981491089,0.4553375840187073,0.1637420803308487,-0.0807495191693306,0.1342141766437657,-0.6594367755917959,0.9806911235998477,-0.9421930064113868,-0.8768569872852079,1.0541342471613289,0.0,0.0,0.0,0.0,0.0,0.0,1.6198333141838692,-0.01647421686747297,-1.9551005710225118,-0.21877398384506108,2.699735954880354,0.7617014498525398,7.0,1.0,47.97100067138672,48.2130012512207,48.06100082397461,7.66,22.98,43.53,0.29,0.409,1.639,0,1,0
1777636293.832896,2808.592,1.6198538541793823,-0.016471211110250294,-1.9550374189959925,-0.21885520616640264,2.6996841430664062,0.7617188692092896,0.0,0.0,-0.0,0.0,0.0,0.0,0.0686645582318306,5.511475086212158,-1.5087385177612305,0.4889832139015198,0.1547699123620987,-0.0785064771771431,0.1342375193812406,-0.6594931859753012,0.9806889484593617,-0.942141100966894,-0.8768861413257683,1.0541494026838503,0.0,0.0,0.0,0.0,0.0,0.0,1.6198333141838692,-0.01647421686747297,-1.9551005710225118,-0.21877398384506108,2.699735954880354,0.7617014498525398,7.0,1.0,47.97100067138672,48.2130012512207,48.06100082397461,7.66,22.98,43.53,0.29,0.409,1.639,0,1,0
1777636293.8329654,2808.6,1.6198538541793823,-0.016483608876363576,-1.9550612608539026,-0.2188189665423792,2.6996960639953613,0.7616949081420898,0.0,0.0,-0.0,0.0,0.0,0.0,0.1007080152630806,5.548096179962158,-1.513222098350525,0.4351502060890198,0.1614990383386612,-0.0852356031537056,0.13423276980760657,-0.6594795514666051,0.9806835521488928,-0.9421313799083575,-0.8769074087399129,1.054130839923159,0.0,0.0,0.0,0.0,0.0,0.0,1.6198333141838692,-0.01647421686747297,-1.9551005710225118,-0.21877398384506108,2.699735954880354,0.7617014498525398,7.0,1.0,47.97100067138672,48.2130012512207,48.01499938964844,7.66,22.98,43.53,0.29,0.409,1.639,0,1,0
1777636293.8329995,2808.6,1.6198538541793823,-0.016483608876363576,-1.9550612608539026,-0.2188189665423792,2.6996960639953613,0.7616949081420898,0.0,0.0,-0.0,0.0,0.0,0.0,0.1007080152630806,5.548096179962158,-1.513222098350525,0.4351502060890198,0.1614990383386612,-0.0852356031537056,0.13423276980760657,-0.6594795514666051,0.9806835521488928,-0.9421313799083575,-0.8769074087399129,1.054130839923159,0.0,0.0,0.0,0.0,0.0,0.0,1.6198333141838692,-0.01647421686747297,-1.9551005710225118,-0.21877398384506108,2.699735954880354,0.7617014498525398,7.0,1.0,47.97100067138672,48.2130012512207,48.01499938964844,7.66,23.03,43.53,0.29,0.403,1.636,0,0,1
1777636293.8330307,2808.6079999999997,1.6198538541793823,-0.016531292592183888,-1.9550612608539026,-0.21884280840028936,2.6996841430664062,0.7616949081420898,0.0,0.0,-0.0,0.0,0.0,0.0,0.0595092847943306,5.479431629180908,-1.5177057981491089,0.4777680039405823,0.1637420803308487,-0.0807495191693306,0.134231483223754,-0.6594309206195622,0.9807224514725672,-0.9421903169047945,-0.8768658323352462,1.0541650263842257,0.0,0.0,0.0,0.0,0.0,0.0,1.6198333141838692,-0.01647421686747297,-1.9551005710225118,-0.21877398384506108,2.699735954880354,0.7617014498525398,7.0,1.0,47.97100067138672,48.2130012512207,48.01499938964844,7.66,23.03,43.53,0.29,0.403,1.636,0,1,0
1777636293.8331416,2808.616,1.619829773902893,-0.016495529805318654,-1.9550851027118128,-0.21885520616640264,2.699672222137451,0.76168292760849,0.0,0.0,-0.0,0.0,0.0,0.0,0.1190185695886612,5.456543445587158,-1.5177057981491089,0.4643097519874573,0.1659851223230362,-0.0942077711224556,0.13421563260461356,-0.6594426791041861,0.9807017815678247,-0.9421900507012075,-0.8768449935534026,1.0541324203695044,0.0,0.0,0.0,0.0,0.0,0.0,1.6198333141838692,-0.01647421686747297,-1.9551005710225118,-0.21877398384506108,2.699735954880354,0.7617014498525398,7.0,1.0,47.97100067138672,48.2130012512207,48.01499938964844,7.66,23.03,43.53,0.29,0.403,1.636,0,1,0
1777636293.8419247,2808.624,1.619829773902893,-0.016507450734273732,-1.9550851027118128,-0.21883088747133428,2.699672222137451,0.76168292760849,0.0,0.0,-0.0,0.0,0.0,0.0,0.0457763709127903,5.488586902618408,-1.5221893787384033,0.4575806260108948,0.1704712063074112,-0.0897216871380806,0.13421556758581973,-0.6594402112607183,0.9807029982847317,-0.9421792483074526,-0.8768500463037624,1.0541262550651282,0.0,0.0,0.0,0.0,0.0,0.0,1.6198333141838692,-0.01647421686747297,-1.9551005710225118,-0.21877398384506108,2.699735954880354,0.7617014498525398,7.0,1.0,47.97100067138672,48.2130012512207,48.01499938964844,7.66,23.03,43.53,0.29,0.403,1.636,0,1,0
1777636293.848922,2808.632,1.619817852973938,-0.016507450734273732,-1.9550612608539026,-0.21879512468446904,2.699648141860962,0.7616949081420898,0.0,0.0,-0.0,0.0,0.0,0.0,0.0595092847943306,5.479431629180908,-1.515463948249817,0.4463654160499573,0.1659851223230362,-0.0897216871380806,0.1342130177590331,-0.6594696715962555,0.9806952126377018,-0.9421320917491633,-0.8768390205821065,1.054092645989936,0.0,0.0,0.0,0.0,0.0,0.0,1.6198333141838692,-0.01647421686747297,-1.9551005710225118,-0.21877398384506108,2.699735954880354,0.7617014498525398,7.0,1.0,47.97100067138672,48.22800064086914,48.01499938964844,7.66,23.03,43.53,0.29,0.403,1.636,0,1,0
1777636293.8548265,2808.64,1.619829773902893,-0.016567532216207326,-1.9550851027118128,-0.2188189665423792,2.6997320652008057,0.7616709470748901,0.0,0.0,-0.0,0.0,0.0,0.0,0.0869751051068306,5.502319812774658,-1.5064966678619385,0.4755249619483948,0.1457977443933487,-0.0874786451458931,0.13420620907324043,-0.6593977508595184,0.9807345489516252,-0.9422293244645811,-0.8768952425291585,1.0541497804058102,0.0,0.0,0.0,0.0,0.0,0.0,1.6198333141838692,-0.01647421686747297,-1.9551005710225118,-0.21877398384506108,2.699735954880354,0.7617014498525398,7.0,1.0,47.97100067138672,48.22800064086914,48.01499938964844,7.66,23.03,43.53,0.29,0.403,1.636,0,1,0
1777636293.8577154,2808.6479999999997,1.619866132736206,-0.016495529805318654,-1.955073658620016,-0.21883088747133428,2.6996841430664062,0.76168292760849,0.0,0.0,-0.0,0.0,0.0,0.0,0.0503540076315403,5.497742176055908,-1.5244312286376953,0.4755249619483948,0.1659851223230362,-0.0919647291302681,0.13423939852054934,-0.6594555939352232,0.9806938687819817,-0.9421492023726266,-0.876891841756426,1.0541474481564055,0.0,0.0,0.0,0.0,0.0,0.0,1.6198333141838692,-0.01647421686747297,-1.9551005710225118,-0.21877398384506108,2.699735954880354,0.7617014498525398,7.0,1.0,47.97100067138672,48.22800064086914,48.01499938964844,7.66,23.03,43.53,0.29,0.403,1.636,0,1,0
1777636293.865251,2808.656,1.619829773902893,-0.016495529805318654,-1.9550612608539026,-0.21886712709535772,2.699660301208496,0.7616709470748901,0.0,0.0,-0.0,0.0,0.0,0.0,0.0915527418255806,5.493164539337158,-1.4930458068847656,0.4800110459327698,0.1592559963464737,-0.0829925611615181,0.13421621463848243,-0.659461008672882,0.9807022467721722,-0.9421705017146642,-0.8768426074704041,1.0541143233930503,0.0,0.0,0.0,0.0,0.0,0.0,1.6198333141838692,-0.01647421686747297,-1.9551005710225118,-0.21877398384506108,2.699735954880354,0.7617014498525398,7.0,1.0,47.97100067138672,48.22800064086914,48.01499938964844,7.66,23.03,43.53,0.29,0.403,1.636,0,1,0
1777636293.8718717,2808.6639999999998,1.619829773902893,-0.016507450734273732,-1.955097500477926,-0.21883088747133428,2.699660301208496,0.7616949081420898,0.0,0.0,-0.0,0.0,0.0,0.0,0.0823974683880806,5.493164539337158,-1.5064966678619385,0.4508515000343323,0.1525268703699112,-0.0807495191693306,0.13421753250503213,-0.6594267761627022,0.9807064022928635,-0.9421933304930202,-0.8768281806734635,1.054140851263656,0.0,0.0,0.0,0.0,0.0,0.0,1.6198333141838692,-0.01647421686747297,-1.9551005710225118,-0.21877398384506108,2.699735954880354,0.7617014498525398,7.0,1.0,47.986000061035156,48.22800064086914,48.01499938964844,7.66,23.03,43.53,0.29,0.403,1.636,0,1,0
1777636293.879029,2808.672,1.6198418140411377,-0.016483608876363576,-1.955073658620016,-0.2188189665423792,2.6996841430664062,0.7617068886756897,0.0,0.0,-0.0,0.0,0.0,0.0,0.0549316480755806,5.493164539337158,-1.499771237373352,0.4351502060890198,0.1457977443933487,-0.0807495191693306,0.1342267942784141,-0.6594677326487832,0.980686956859288,-0.9421496955900501,-0.8768788985834982,1.0541351408953177,0.0,0.0,0.0,0.0,0.0,0.0,1.6198333141838692,-0.01647421686747297,-1.9551005710225118,-0.21877398384506108,2.699735954880354,0.7617014498525398,7.0,1.0,47.986000061035156,48.22800064086914,48.06100082397461,7.66,23.03,43.53,0.29,0.403,1.636,0,1,0
1777636293.8870347,2808.68,1.619817852973938,-0.016483608876363576,-1.9550851027118128,-0.21884280840028936,2.6996841430664062,0.7616709470748901,0.0,0.0,-0.0,0.0,0.0,0.0,0.0640869215130806,5.456543445587158,-1.515463948249817,0.4643097519874573,0.1614990383386612,-0.0897216871380806,0.13420599555170373,-0.6594613561257638,0.9806876800849929,-0.9421698407020805,-0.8768651651927724,1.0541016089104396,0.0,0.0,0.0,0.0,0.0,0.0,1.6198333141838692,-0.01647421686747297,-1.9551005710225118,-0.21877398384506108,2.699735954880354,0.7617014498525398,7.0,1.0,47.986000061035156,48.22800064086914,48.06100082397461,7.66,23.03,43.53,0.29,0.403,1.636,0,1,0
1777636293.894967,2808.6879999999996,1.619866132736206,-0.016483608876363576,-1.9550851027118128,-0.21880704561342412,2.6997082233428955,0.7616709470748901,0.0,0.0,-0.0,0.0,0.0,0.0,0.0640869215130806,5.479431629180908,-1.513222098350525,0.4687958359718323,0.1592559963464737,-0.0829925611615181,0.13423618005147941,-0.6594671527204633,0.9806766093479182,-0.9421277905946006,-0.8769308385824367,1.0541287389248657,0.0,0.0,0.0,0.0,0.0,0.0,1.6198333141838692,-0.01647421686747297,-1.9551005710225118,-0.21877398384506108,2.699735954880354,0.7617014498525398,7.0,1.0,47.986000061035156,48.22800064086914,48.06100082397461,7.66,23.03,43.53,0.29,0.403,1.636,0,1,0
1777636293.9013305,2808.696,1.619866132736206,-0.016567532216207326,-1.955073658620016,-0.21883088747133428,2.6996960639953613,0.7617068886756897,0.0,0.0,-0.0,0.0,0.0,0.0,0.0869751051068306,5.484009265899658,-1.5064966678619385,0.4553375840187073,0.1614990383386612,-0.0785064771771431,0.13423797005811297,-0.6593897026041873,0.9807454885196489,-0.9422269473556429,-0.8768647404860218,1.0542061995851335,0.0,0.0,0.0,0.0,0.0,0.0,1.6198333141838692,-0.01647421686747297,-1.9551005710225118,-0.21877398384506108,2.699735954880354,0.7617014498525398,7.0,1.0,47.986000061035156,48.22800064086914,48.06100082397461,7.66,23.03,43.53,0.29,0.403,1.636,0,1,0
1777636293.907457,2808.7039999999997,1.6198418140411377,-0.016543213521138966,-1.955097500477926,-0.21886712709535772,2.699672222137451,0.7617188692092896,0.0,0.0,-0.0,0.0,0.0,0.0,0.0732421949505806,5.497742176055908,-1.5311566591262817,0.4934692978858948,0.1614990383386612,-0.0874786451458931,0.13422491540331102,-0.6593786817292204,0.9807439163033957,-0.9422669773854448,-0.8768078393854252,1.0542097471653233,0.0,0.0,0.0,0.0,0.0,0.0,1.6198333141838692,-0.01647421686747297,-1.9551005710225118,-0.21877398384506108,2.699735954880354,0.7617014498525398,7.0,1.0,47.986000061035156,48.198001861572266,48.06100082397461,7.66,23.03,43.53,0.29,0.403,1.636,0,1,0
1777636293.915057,2808.712,1.6198538541793823,-0.016495529805318654,-1.955073658620016,-0.21880704561342412,2.6996960639953613,0.76168292760849,0.0,0.0,-0.0,0.0,0.0,0.0,0.0732421949505806,5.442810535430908,-1.4863203763961792,0.4620667099952698,0.1659851223230362,-0.0829925611615181,0.13423059193811368,-0.6594652593498589,0.9806866936586273,-0.9421357803594503,-0.8769069058842883,1.0541268639339456,0.0,0.0,0.0,0.0,0.0,0.0,1.6198333141838692,-0.01647421686747297,-1.9551005710225118,-0.21877398384506108,2.699735954880354,0.7617014498525398,7.0,1.0,47.986000061035156,48.198001861572266,48.06100082397461,7.66,23.03,43.53,0.29,0.403,1.636,0,1,0
1777636293.9234796,2808.72,1.6198538541793823,-0.01651937166322881,-1.955097500477926,-0.21884280840028936,2.6996960639953613,0.7617188692092896,0.0,0.0,-0.0,0.0,0.0,0.0,0.0732421949505806,5.470276355743408,-1.5064966678619385,0.4844971299171448,0.1525268703699112,-0.0852356031537056,0.13423201654159703,-0.6594060244545926,0.9807201576812773,-0.9422269423782701,-0.8768584414539637,1.0541995378069338,0.0,0.0,0.0,0.0,0.0,0.0,1.6198333141838692,-0.01647421686747297,-1.9551005710225118,-0.21877398384506108,2.699735954880354,0.7617014498525398,7.0,1.0,47.986000061035156,48.198001861572266,48.06100082397461,7.66,23.03,43.53,0.29,0.403,1.636,0,1,0
1777636293.933231,2808.728,1.6198418140411377,-0.016507450734273732,-1.955097500477926,-0.21883088747133428,2.6997082233428955,0.7617068886756897,0.0,0.0,-0.0,0.0,0.0,0.0,0.0869751051068306,5.502319812774658,-1.5064966678619385,0.4822540879249573,0.1659851223230362,-0.0807495191693306,0.1342222705396533,-0.6594245771950823,0.9807061767267803,-0.9422072468241716,-0.8768785926486683,1.0541689008494832,0.0,0.0,0.0,0.0,0.0,0.0,1.6198333141838692,-0.01647421686747297,-1.9551005710225118,-0.21877398384506108,2.699735954880354,0.7617014498525398,7.0,1.0,47.986000061035156,48.198001861572266,48.06100082397461,7.66,23.03,43.53,0.29,0.403,1.636,0,1,0
1777636293.9364161,2808.736,1.619829773902893,-0.01651937166322881,-1.955097500477926,-0.21884280840028936,2.6996841430664062,0.7617188692092896,0.0,0.0,-0.0,0.0,0.0,0.0,0.0595092847943306,5.488586902618408,-1.513222098350525,0.4575806260108948,0.1570129543542862,-0.0874786451458931,0.13421727276163697,-0.659408773960638,0.9807207498821039,-0.9422324587381036,-0.8768331000121442,1.054177078199911,0.0,0.0,0.0,0.0,0.0,0.0,1.6198333141838692,-0.01647421686747297,-1.9551005710225118,-0.21877398384506108,2.699735954880354,0.7617014498525398,7.0,1.0,48.01499938964844,48.198001861572266,48.06100082397461,7.66,23.03,43.53,0.29,0.403,1.636,0,1,0
1777636293.9464781,2808.7439999999997,1.619866132736206,-0.016507450734273732,-1.9551094214068812,-0.2188189665423792,2.699648141860962,0.7616709470748901,0.0,0.0,-0.0,0.0,0.0,0.0,0.0686645582318306,5.493164539337158,-1.5087385177612305,0.4486084580421448,0.1637420803308487,-0.0785064771771431,0.13423964659808219,-0.6594201890046845,0.9807000359614384,-0.9421649351596761,-0.8768452609348262,1.054149551883445,0.0,0.0,0.0,0.0,0.0,0.0,1.6198333141838692,-0.01647421686747297,-1.9551005710225118,-0.21877398384506108,2.699735954880354,0.7617014498525398,7.0,1.0,48.01499938964844,48.198001861572266,48.029998779296875,7.66,23.03,43.53,0.29,0.403,1.636,0,1,0
1777636293.9513102,2808.752,1.6198538541793823,-0.01651937166322881,-1.9550612608539026,-0.21883088747133428,2.6996841430664062,0.76168292760849,0.0,0.0,-0.0,0.0,0.0,0.0,0.1098632961511612,5.493164539337158,-1.5109803676605225,0.4486084580421448,0.1525268703699112,-0.0829925611615181,0.13423083429681942,-0.6594473647120205,0.9807090740513595,-0.9421633800078174,-0.8768803370233491,1.0541427800977214,0.0,0.0,0.0,0.0,0.0,0.0,1.6198333141838692,-0.01647421686747297,-1.9551005710225118,-0.21877398384506108,2.699735954880354,0.7617014498525398,7.0,1.0,48.01499938964844,48.198001861572266,48.029998779296875,7.66,23.03,43.53,0.29,0.403,1.636,0,1,0
1777636293.9576445,2808.7599999999998,1.6198781728744507,-0.016483608876363576,-1.955073658620016,-0.21885520616640264,2.6996960639953613,0.7616709470748901,0.0,0.0,-0.0,0.0,0.0,0.0,0.0503540076315403,5.493164539337158,-1.5333983898162842,0.4598236680030823,0.1525268703699112,-0.0919647291302681,0.13424490823099097,-0.6594594513729806,0.9806899044288838,-0.9421524271882517,-0.8769101601124927,1.0541555321694955,0.0,0.0,0.0,0.0,0.0,0.0,1.6198333141838692,-0.01647421686747297,-1.9551005710225118,-0.21877398384506108,2.699735954880354,0.7617014498525398,7.0,1.0,48.01499938964844,48.198001861572266,48.029998779296875,7.66,23.03,43.53,0.29,0.403,1.636,0,1,0
1777636293.96165,2808.7599999999998,1.6198781728744507,-0.016483608876363576,-1.955073658620016,-0.21885520616640264,2.6996960639953613,0.7616709470748901,0.0,0.0,-0.0,0.0,0.0,0.0,0.0503540076315403,5.493164539337158,-1.5333983898162842,0.4598236680030823,0.1525268703699112,-0.0919647291302681,0.13424490823099097,-0.6594594513729806,0.9806899044288838,-0.9421524271882517,-0.8769101601124927,1.0541555321694955,0.0,0.0,0.0,0.0,0.0,0.0,1.6198333141838692,-0.01647421686747297,-1.9551005710225118,-0.21877398384506108,2.699735954880354,0.7617014498525398,7.0,1.0,48.01499938964844,48.198001861572266,48.029998779296875,7.58,23.03,43.51,0.294,0.4,1.631,0,0,1
1777636293.9652734,2808.768,1.6198781728744507,-0.016483608876363576,-1.9551094214068812,-0.21884280840028936,2.6996841430664062,0.7617068886756897,0.0,0.0,-0.0,0.0,0.0,0.0,0.1144409328699112,5.506897449493408,-1.515463948249817,0.4508515000343323,0.1592559963464737,-0.0829925611615181,0.1342488137171185,-0.6594252325297729,0.9806954340046764,-0.9421885770300773,-0.8768743491086053,1.0541961243414795,0.0,0.0,0.0,0.0,0.0,0.0,1.6198333141838692,-0.01647421686747297,-1.9551005710225118,-0.21877398384506108,2.699735954880354,0.7617014498525398,7.0,1.0,48.01499938964844,48.198001861572266,48.029998779296875,7.58,23.03,43.51,0.294,0.4,1.631,0,1,0
1777636293.9726832,2808.776,1.619866132736206,-0.016483608876363576,-1.9550612608539026,-0.21883088747133428,2.6997320652008057,0.7617068886756897,0.0,0.0,-0.0,0.0,0.0,0.0,0.1007080152630806,5.511475086212158,-1.5177057981491089,0.4755249619483948,0.1413116604089737,-0.0807495191693306,0.13423858779052392,-0.659473070533809,0.9806872102983727,-0.9421526069580696,-0.8769410071317978,1.0541632000010275,0.0,0.0,0.0,0.0,0.0,0.0,1.6198333141838692,-0.01647421686747297,-1.9551005710225118,-0.21877398384506108,2.699735954880354,0.7617014498525398,7.0,1.0,48.01499938964844,48.24300003051758,48.029998779296875,7.58,23.03,43.51,0.294,0.4,1.631,0,1,0
1777636293.9791067,2808.7839999999997,1.6198781728744507,-0.01651937166322881,-1.9550493399249476,-0.21885520616640264,2.6996960639953613,0.76168292760849,0.0,0.0,-0.0,0.0,0.0,0.0,0.1235962063074112,5.502319812774658,-1.5177057981491089,0.4822540879249573,0.1413116604089737,-0.0829925611615181,0.13424581302972438,-0.6594469256640189,0.9807145645298868,-0.9421685553801159,-0.8769007649482328,1.0541716542727713,0.0,0.0,0.0,0.0,0.0,0.0,1.6198333141838692,-0.01647421686747297,-1.9551005710225118,-0.21877398384506108,2.699735954880354,0.7617014498525398,7.0,1.0,48.01499938964844,48.24300003051758,48.029998779296875,7.58,23.03,43.51,0.294,0.4,1.631,0,1,0
1777636293.9865282,2808.792,1.619866132736206,-0.016507450734273732,-1.955097500477926,-0.2187588850604456,2.6996841430664062,0.76168292760849,0.0,0.0,-0.0,0.0,0.0,0.0,0.0686645582318306,5.493164539337158,-1.502013087272644,0.4822540879249573,0.1547699123620987,-0.0852356031537056,0.13423916308097023,-0.6594481388446449,0.980683182707116,-0.9421176741719699,-0.8769065912322751,1.0541293391307938,0.0,0.0,0.0,0.0,0.0,0.0,1.6198333141838692,-0.01647421686747297,-1.9551005710225118,-0.21877398384506108,2.699735954880354,0.7617014498525398,7.0,1.0,48.01499938964844,48.24300003051758,48.029998779296875,7.58,23.03,43.51,0.294,0.4,1.631,0,1,0
1777636293.9967263,2808.7999999999997,1.619866132736206,-0.016543213521138966,-1.955097500477926,-0.21885520616640264,2.6997082233428955,0.7617068886756897,0.0,0.0,-0.0,0.0,0.0,0.0,0.0366210974752903,5.497742176055908,-1.5064966678619385,0.4687958359718323,0.1659851223230362,-0.0829925611615181,0.13423637538401784,-0.6593831662761265,0.9807366819648576,-0.9422506971531789,-0.8768672262203818,1.05421996395892,0.0,0.0,0.0,0.0,0.0,0.0,1.6198333141838692,-0.01647421686747297,-1.9551005710225118,-0.21877398384506108,2.699735954880354,0.7617014498525398,7.0,1.0,48.01499938964844,48.24300003051758,48.029998779296875,7.58,23.03,43.51,0.294,0.4,1.631,0,1,0
1777636294.0012782,2808.808,1.619866132736206,-0.016495529805318654,-1.9550851027118128,-0.2188189665423792,2.699672222137451,0.7616709470748901,0.0,0.0,-0.0,0.0,0.0,0.0,0.1052856519818306,5.442810535430908,-1.5401238203048706,0.4575806260108948,0.1570129543542862,-0.0897216871380806,0.1342388951891064,-0.6594517746510514,0.9806896206765947,-0.942139528332422,-0.8768846176815954,1.0541351005105286,0.0,0.0,0.0,0.0,0.0,0.0,1.6198333141838692,-0.01647421686747297,-1.9551005710225118,-0.21877398384506108,2.699735954880354,0.7617014498525398,7.0,1.0,48.01499938964844,48.24300003051758,48.029998779296875,7.58,23.03,43.51,0.294,0.4,1.631,0,1,0
1777636294.0087326,2808.816,1.619817852973938,-0.016471211110250294,-1.9550851027118128,-0.21884280840028936,2.699672222137451,0.7617308497428894,0.0,0.0,-0.0,0.0,0.0,0.0,0.0411987341940403,5.538940906524658,-1.5311566591262817,0.4553375840187073,0.1659851223230362,-0.0874786451458931,0.13421445280774977,-0.659458817415897,0.9806908002559391,-0.9421876454207991,-0.8768348688479556,1.05414469950011,0.0,0.0,0.0,0.0,0.0,0.0,1.6198333141838692,-0.01647421686747297,-1.9551005710225118,-0.21877398384506108,2.699735954880354,0.7617014498525398,7.0,1.0,48.01499938964844,48.24300003051758,48.04600143432617,7.58,23.03,43.51,0.294,0.4,1.631,0,1,0
1777636294.0155826,2808.824,1.6198781728744507,-0.016495529805318654,-1.9550493399249476,-0.21886712709535772,2.6996841430664062,0.7617068886756897,0.0,0.0,-0.0,0.0,0.0,0.0,0.0732421949505806,5.506897449493408,-1.504254937171936,0.4575806260108948,0.1525268703699112,-0.0807495191693306,0.13425045471703625,-0.6594579361094224,0.9807068963742711,-0.9421679381533593,-0.8768843361434825,1.0541842013630573,0.0,0.0,0.0,0.0,0.0,0.0,1.6198333141838692,-0.01647421686747297,-1.9551005710225118,-0.21877398384506108,2.699735954880354,0.7617014498525398,7.0,1.0,48.01499938964844,48.24300003051758,48.04600143432617,7.58,23.03,43.51,0.294,0.4,1.631,0,1,0
1777636294.022914,2808.832,1.6198418140411377,-0.016507450734273732,-1.955097500477926,-0.21885520616640264,2.6997201442718506,0.7617188692092896,0.0,0.0,-0.0,0.0,0.0,0.0,0.0595092847943306,5.520630359649658,-1.5087385177612305,0.4553375840187073,0.1413116604089737,-0.0874786451458931,0.1342220623695876,-0.6594148508552571,0.9807144535706874,-0.942237591147325,-0.8768759802919528,1.054193204649529,0.0,0.0,0.0,0.0,0.0,0.0,1.6198333141838692,-0.01647421686747297,-1.9551005710225118,-0.21877398384506108,2.699735954880354,0.7617014498525398,7.0,1.0,48.01499938964844,48.24300003051758,48.04600143432617,7.58,23.03,43.51,0.294,0.4,1.631,0,1,0
1777636294.0299423,2808.8399999999997,1.6198418140411377,-0.016531292592183888,-1.955073658620016,-0.21883088747133428,2.6997201442718506,0.7617068886756897,0.0,0.0,-0.0,0.0,0.0,0.0,0.0595092847943306,5.520630359649658,-1.5087385177612305,0.4800110459327698,0.1592559963464737,-0.0807495191693306,0.13422115872217177,-0.6594248092852447,0.9807201834296828,-0.9422101442185518,-0.87689065914745,1.0541708595016708,0.0,0.0,0.0,0.0,0.0,0.0,1.6198333141838692,-0.01647421686747297,-1.9551005710225118,-0.21877398384506108,2.699735954880354,0.7617014498525398,7.0,1.0,48.01499938964844,48.24300003051758,48.04600143432617,7.58,23.03,43.51,0.294,0.4,1.631,0,1,0
1777636294.0373518,2808.848,1.6198538541793823,-0.016447369252340138,-1.955073658620016,-0.21884280840028936,2.699660301208496,0.7616949081420898,0.0,0.0,-0.0,0.0,0.0,0.0,0.0732421949505806,5.516052722930908,-1.502013087272644,0.4665527939796448,0.1570129543542862,-0.0807495191693306,0.13423673496376193,-0.6594910051520784,0.9806684575286347,-0.9421226481434596,-0.876871326418844,1.0541250913949083,0.0,0.0,0.0,0.0,0.0,0.0,1.6198333141838692,-0.01647421686747297,-1.9551005710225118,-0.21877398384506108,2.699735954880354,0.7617014498525398,7.0,1.0,48.01499938964844,48.2130012512207,48.04600143432617,7.58,23.03,43.51,0.294,0.4,1.631,0,1,0
1777636294.073865,2808.8559999999998,1.6198538541793823,-0.01651937166322881,-1.955097500477926,-0.2188790480243128,2.6996841430664062,0.7617068886756897,0.0,0.0,-0.0,0.0,0.0,0.0,0.0686645582318306,5.529785633087158,-1.5378820896148682,0.4598236680030823,0.1525268703699112,-0.0785064771771431,0.1342311441653961,-0.6593966115084733,0.9807285995016131,-0.9422491459179109,-0.8768361841836562,1.0542055914865216,0.0,0.0,0.0,0.0,0.0,0.0,1.6198333141838692,-0.01647421686747297,-1.9551005710225118,-0.21877398384506108,2.699735954880354,0.7617014498525398,7.0,1.0,48.01499938964844,48.2130012512207,48.04600143432617,7.58,23.03,43.51,0.294,0.4,1.631,0,1,0
1777636294.0755434,2808.864,1.6198418140411377,-0.016459290181295216,-1.9550493399249476,-0.21880704561342412,2.6996841430664062,0.7616709470748901,0.0,0.0,-0.0,0.0,0.0,0.0,0.0778198316693306,5.497742176055908,-1.5221893787384033,0.4620667099952698,0.1390686184167862,-0.0897216871380806,0.1342249837979179,-0.6595202382192384,0.980659729261184,-0.9420783968019719,-0.8769179651973723,1.0540739382220645,0.0,0.0,0.0,0.0,0.0,0.0,1.6198333141838692,-0.01647421686747297,-1.9551005710225118,-0.21877398384506108,2.699735954880354,0.7617014498525398,7.0,1.0,48.01499938964844,48.2130012512207,48.04600143432617,7.58,23.03,43.51,0.294,0.4,1.631,0,1,0
1777636294.0782833,2808.872,1.619829773902893,-0.01651937166322881,-1.9550612608539026,-0.21885520616640264,2.6996841430664062,0.7616589069366455,0.0,0.0,-0.0,0.0,0.0,0.0,0.0869751051068306,5.525207996368408,-1.499771237373352,0.4912262558937073,0.1480407863855362,-0.0807495191693306,0.13421179263946326,-0.6594479701141385,0.9807114670270649,-0.9421803303765046,-0.8768664343420518,1.0541138383599828,0.0,0.0,0.0,0.0,0.0,0.0,1.6198333141838692,-0.01647421686747297,-1.9551005710225118,-0.21877398384506108,2.699735954880354,0.7617014498525398,7.0,1.0,48.01499938964844,48.2130012512207,48.04600143432617,7.58,23.03,43.51,0.294,0.4,1.631,0,1,0
1777636294.0812416,2808.8799999999997,1.6198418140411377,-0.016495529805318654,-1.9550612608539026,-0.21879512468446904,2.6996960639953613,0.7616589069366455,0.0,0.0,-0.0,0.0,0.0,0.0,0.0823974683880806,5.516052722930908,-1.502013087272644,0.4755249619483948,0.1592559963464737,-0.0807495191693306,0.13422066727293744,-0.6594861302761256,0.9806784233600971,-0.9421063131592078,-0.8769196690108205,1.0540838316284764,0.0,0.0,0.0,0.0,0.0,0.0,1.6198333141838692,-0.01647421686747297,-1.9551005710225118,-0.21877398384506108,2.699735954880354,0.7617014498525398,7.0,1.0,48.01499938964844,48.2130012512207,48.04600143432617,7.58,23.03,43.51,0.294,0.4,1.631,0,1,0
1777636294.083733,2808.888,1.619817852973938,-0.01651937166322881,-1.9550612608539026,-0.21883088747133428,2.6997201442718506,0.7616709470748901,0.0,0.0,-0.0,0.0,0.0,0.0,0.1144409328699112,5.511475086212158,-1.4975295066833496,0.4777680039405823,0.1525268703699112,-0.0919647291302681,0.13420230551845438,-0.6594561773998627,0.9807051300257799,-0.9421786508788123,-0.876901534620861,1.0541073900702522,0.0,0.0,0.0,0.0,0.0,0.0,1.6198333141838692,-0.01647421686747297,-1.9551005710225118,-0.21877398384506108,2.699735954880354,0.7617014498525398,7.0,1.0,47.97100067138672,48.2130012512207,48.04600143432617,7.58,23.03,43.51,0.294,0.4,1.631,0,1,0
1777636294.0837889,2808.8959999999997,1.6198538541793823,-0.016507450734273732,-1.9550851027118128,-0.21884280840028936,2.6997082233428955,0.7617068886756897,0.0,0.0,-0.0,0.0,0.0,0.0,0.0732421949505806,5.511475086212158,-1.5199475288391113,0.4822540879249573,0.1547699123620987,-0.0785064771771431,0.13423052834340682,-0.659429622985929,0.9807088114022715,-0.9422026193873018,-0.8768854823799362,1.0541789533211747,0.0,0.0,0.0,0.0,0.0,0.0,1.6198333141838692,-0.01647421686747297,-1.9551005710225118,-0.21877398384506108,2.699735954880354,0.7617014498525398,7.0,1.0,47.97100067138672,48.2130012512207,48.04600143432617,7.58,23.03,43.51,0.294,0.4,1.631,0,1,0
1777636294.0873334,2808.904,1.6198538541793823,-0.016459290181295216,-1.9550493399249476,-0.21878320375551397,2.699648141860962,0.7616709470748901,0.0,0.0,-0.0,0.0,0.0,0.0,0.1007080152630806,5.493164539337158,-1.5289148092269897,0.4665527939796448,0.1435547024011612,-0.0852356031537056,0.1342367769634844,-0.6595246985942262,0.9806549344901034,-0.9420445679852366,-0.8768980077521277,1.054066643800843,0.0,0.0,0.0,0.0,0.0,0.0,1.6198333141838692,-0.01647421686747297,-1.9551005710225118,-0.21877398384506108,2.699735954880354,0.7617014498525398,7.0,1.0,47.97100067138672,48.2130012512207,48.04600143432617,7.58,23.03,43.51,0.294,0.4,1.631,0,1,0
1777636294.0976076,2808.912,1.6199021339416504,-0.016507450734273732,-1.955097500477926,-0.21884280840028936,2.699672222137451,0.7617068886756897,0.0,0.0,-0.0,0.0,0.0,0.0,0.1007080152630806,5.511475086212158,-1.502013087272644,0.4598236680030823,0.1659851223230362,-0.0829925611615181,0.13426526111882575,-0.659411254398614,0.9807112564039737,-0.9421874776255887,-0.8768705978006609,1.0542208171565206,0.0,0.0,0.0,0.0,0.0,0.0,1.6198333141838692,-0.01647421686747297,-1.9551005710225118,-0.21877398384506108,2.699735954880354,0.7617014498525398,7.0,1.0,47.97100067138672,48.2130012512207,48.04600143432617,7.58,23.03,43.51,0.294,0.4,1.631,0,1,0
1777636294.1016433,2808.92,1.619829773902893,-0.016507450734273732,-1.955073658620016,-0.21884280840028936,2.6996841430664062,0.76168292760849,0.0,0.0,-0.0,0.0,0.0,0.0,0.1190185695886612,5.484009265899658,-1.5087385177612305,0.4979553818702698,0.1547699123620987,-0.0829925611615181,0.13421471002057728,-0.6594465535785683,0.9807050911453019,-0.9421826292171085,-0.8768619455172709,1.054128357982259,0.0,0.0,0.0,0.0,0.0,0.0,1.6198333141838692,-0.01647421686747297,-1.9551005710225118,-0.21877398384506108,2.699735954880354,0.7617014498525398,7.0,1.0,47.97100067138672,48.24300003051758,48.04600143432617,7.58,23.03,43.51,0.294,0.4,1.631,0,1,0
1777636294.106044,2808.92,1.619829773902893,-0.016507450734273732,-1.955073658620016,-0.21884280840028936,2.6996841430664062,0.76168292760849,0.0,0.0,-0.0,0.0,0.0,0.0,0.1190185695886612,5.484009265899658,-1.5087385177612305,0.4979553818702698,0.1547699123620987,-0.0829925611615181,0.13421471002057728,-0.6594465535785683,0.9807050911453019,-0.9421826292171085,-0.8768619455172709,1.054128357982259,0.0,0.0,0.0,0.0,0.0,0.0,1.6198333141838692,-0.01647421686747297,-1.9551005710225118,-0.21877398384506108,2.699735954880354,0.7617014498525398,7.0,1.0,47.97100067138672,48.24300003051758,48.04600143432617,7.53,22.91,43.52,0.292,0.402,1.634,0,0,1
1777636294.1095676,2808.928,1.6198538541793823,-0.016543213521138966,-1.955097500477926,-0.2188189665423792,2.6997082233428955,0.7616589069366455,0.0,0.0,-0.0,0.0,0.0,0.0,0.0915527418255806,5.520630359649658,-1.502013087272644,0.4889832139015198,0.1637420803308487,-0.0874786451458931,0.1342234767112972,-0.6594063734770119,0.9807180456787945,-0.9421983631163502,-0.876894057197767,1.0541502671146172,0.0,0.0,0.0,0.0,0.0,0.0,1.6198333141838692,-0.01647421686747297,-1.9551005710225118,-0.21877398384506108,2.699735954880354,0.7617014498525398,7.0,1.0,47.97100067138672,48.24300003051758,48.04600143432617,7.53,22.91,43.52,0.292,0.402,1.634,0,1,0
1777636294.1164305,2808.9359999999997,1.6198900938034058,-0.016495529805318654,-1.9551213423358362,-0.21885520616640264,2.6997082233428955,0.7616949081420898,0.0,0.0,-0.0,0.0,0.0,0.0,0.0823974683880806,5.520630359649658,-1.504254937171936,0.4441223740577698,0.1570129543542862,-0.0785064771771431,0.13425179012423408,-0.6594030307424427,0.9807040671404738,-0.9422154323790217,-0.8768949792349108,1.0542180668374272,0.0,0.0,0.0,0.0,0.0,0.0,1.6198333141838692,-0.01647421686747297,-1.9551005710225118,-0.21877398384506108,2.699735954880354,0.7617014498525398,7.0,1.0,47.97100067138672,48.24300003051758,48.04600143432617,7.53,22.91,43.52,0.292,0.402,1.634,0,1,0
1777636294.1251185,2808.944,1.6198418140411377,-0.01651937166322881,-1.9550612608539026,-0.2188189665423792,2.699672222137451,0.76168292760849,0.0,0.0,-0.0,0.0,0.0,0.0,0.0961303785443306,5.511475086212158,-1.5244312286376953,0.4755249619483948,0.1570129543542862,-0.0785064771771431,0.13422424193797267,-0.6594522655133432,0.9807063749535596,-0.9421543198688518,-0.8768665368949703,1.054124640589239,0.0,0.0,0.0,0.0,0.0,0.0,1.6198333141838692,-0.01647421686747297,-1.9551005710225118,-0.21877398384506108,2.699735954880354,0.7617014498525398,7.0,1.0,47.97100067138672,48.24300003051758,48.04600143432617,7.53,22.91,43.52,0.292,0.402,1.634,0,1,0
1777636294.1309233,2808.9519999999998,1.6198058128356934,-0.016507450734273732,-1.955073658620016,-0.21884280840028936,2.6996841430664062,0.7616709470748901,0.0,0.0,-0.0,0.0,0.0,0.0,0.0869751051068306,5.488586902618408,-1.5311566591262817,0.4800110459327698,0.1637420803308487,-0.0829925611615181,0.13419754816284085,-0.659452292379821,0.9807029358672852,-0.9421847602236199,-0.8768533964162194,1.0540976231717163,0.0,0.0,0.0,0.0,0.0,0.0,1.6198333141838692,-0.01647421686747297,-1.9551005710225118,-0.21877398384506108,2.699735954880354,0.7617014498525398,7.0,1.0,47.97100067138672,48.24300003051758,48.04600143432617,7.53,22.91,43.52,0.292,0.402,1.634,0,1,0
1777636294.1382165,2808.96,1.619866132736206,-0.016495529805318654,-1.9550851027118128,-0.2188189665423792,2.6997082233428955,0.7617068886756897,0.0,0.0,-0.0,0.0,0.0,0.0,0.0961303785443306,5.506897449493408,-1.513222098350525,0.4800110459327698,0.1502838283777237,-0.0897216871380806,0.13423954981787467,-0.6594456629466472,0.9806942979854226,-0.9421673147652888,-0.8769069840095146,1.054171475343331,0.0,0.0,0.0,0.0,0.0,0.0,1.6198333141838692,-0.01647421686747297,-1.9551005710225118,-0.21877398384506108,2.699735954880354,0.7617014498525398,7.0,1.0,47.97100067138672,48.24300003051758,48.06100082397461,7.53,22.91,43.52,0.292,0.402,1.634,0,1,0
1777636294.1468542,2808.968,1.619829773902893,-0.016483608876363576,-1.9551094214068812,-0.21885520616640264,2.6997201442718506,0.7616949081420898,0.0,0.0,-0.0,0.0,0.0,0.0,0.1235962063074112,5.497742176055908,-1.5244312286376953,0.4351502060890198,0.1435547024011612,-0.0852356031537056,0.13421188897104075,-0.6594317919062842,0.9806949130714716,-0.9422189639905871,-0.8768836122364093,1.0541563481764822,0.0,0.0,0.0,0.0,0.0,0.0,1.6198333141838692,-0.01647421686747297,-1.9551005710225118,-0.21877398384506108,2.699735954880354,0.7617014498525398,7.0,1.0,47.986000061035156,48.24300003051758,48.06100082397461,7.53,22.91,43.52,0.292,0.402,1.634,0,1,0
1777636294.15293,2808.9759999999997,1.6198538541793823,-0.016483608876363576,-1.9550493399249476,-0.21886712709535772,2.699660301208496,0.76168292760849,0.0,0.0,-0.0,0.0,0.0,0.0,0.1098632961511612,5.543518543243408,-1.4975295066833496,0.4732819199562073,0.1637420803308487,-0.0942077711224556,0.13423446488269333,-0.6594754350269,0.9806958390755703,-0.9421477037869379,-0.8768610980349636,1.0541331550540045,0.0,0.0,0.0,0.0,0.0,0.0,1.6198333141838692,-0.01647421686747297,-1.9551005710225118,-0.21877398384506108,2.699735954880354,0.7617014498525398,7.0,1.0,47.986000061035156,48.24300003051758,48.06100082397461,7.53,22.91,43.52,0.292,0.402,1.634,0,1,0
1777636294.1592734,2808.984,1.6198538541793823,-0.016591374074117482,-1.9550851027118128,-0.2188189665423792,2.6996960639953613,0.7617308497428894,0.0,0.0,-0.0,0.0,0.0,0.0,0.1190185695886612,5.497742176055908,-1.513222098350525,0.4643097519874573,0.1592559963464737,-0.0829925611615181,0.1342313194059085,-0.6593601366112752,0.9807629733514308,-0.9422640178270398,-0.8768388942969183,1.054228005360539,0.0,0.0,0.0,0.0,0.0,0.0,1.6198333141838692,-0.01647421686747297,-1.9551005710225118,-0.21877398384506108,2.699735954880354,0.7617014498525398,7.0,1.0,47.986000061035156,48.24300003051758,48.06100082397461,7.53,22.91,43.52,0.292,0.402,1.634,0,1,0
1777636294.1665456,2808.9919999999997,1.619817852973938,-0.016507450734273732,-1.9550374189959925,-0.2188189665423792,2.6997082233428955,0.7616589069366455,0.0,0.0,-0.0,0.0,0.0,0.0,0.1144409328699112,5.506897449493408,-1.504254937171936,0.4889832139015198,0.1525268703699112,-0.0852356031537056,0.1342038043957782,-0.659492207054968,0.9806910698913901,-0.9421280831668127,-0.8769138959449531,1.0540712639421952,0.0,0.0,0.0,0.0,0.0,0.0,1.6198333141838692,-0.01647421686747297,-1.9551005710225118,-0.21877398384506108,2.699735954880354,0.7617014498525398,7.0,1.0,47.986000061035156,48.22800064086914,48.06100082397461,7.53,22.91,43.52,0.292,0.402,1.634,0,1,0
1777636294.1739743,2809.0,1.619817852973938,-0.016507450734273732,-1.955097500477926,-0.2188189665423792,2.699648141860962,0.7617068886756897,0.0,0.0,-0.0,0.0,0.0,0.0,0.0411987341940403,5.506897449493408,-1.5221893787384033,0.4665527939796448,0.1525268703699112,-0.0874786451458931,0.13421240253595138,-0.6594291282011546,0.9807058702950806,-0.9421904618725732,-0.8768095299559796,1.054133021255978,0.0,0.0,0.0,0.0,0.0,0.0,1.6198333141838692,-0.01647421686747297,-1.9551005710225118,-0.21877398384506108,2.699735954880354,0.7617014498525398,7.0,1.0,47.986000061035156,48.22800064086914,48.06100082397461,7.53,22.91,43.52,0.292,0.402,1.634,0,1,0
1777636294.1819046,2809.008,1.6198538541793823,-0.016507450734273732,-1.955073658620016,-0.21885520616640264,2.6996960639953613,0.7616589069366455,0.0,0.0,-0.0,0.0,0.0,0.0,0.0961303785443306,5.497742176055908,-1.499771237373352,0.4755249619483948,0.1525268703699112,-0.0897216871380806,0.13422650560217303,-0.6594449448867793,0.9807036005269123,-0.9421752519702056,-0.8768915693622091,1.054136491819028,0.0,0.0,0.0,0.0,0.0,0.0,1.6198333141838692,-0.01647421686747297,-1.9551005710225118,-0.21877398384506108,2.699735954880354,0.7617014498525398,7.0,1.0,47.986000061035156,48.22800064086914,48.06100082397461,7.53,22.91,43.52,0.292,0.402,1.634,0,1,0
1777636294.1881468,2809.016,1.619829773902893,-0.016507450734273732,-1.9551094214068812,-0.21884280840028936,2.6996841430664062,0.7616709470748901,0.0,0.0,-0.0,0.0,0.0,0.0,0.0869751051068306,5.497742176055908,-1.4975295066833496,0.4575806260108948,0.1659851223230362,-0.0874786451458931,0.1342118184132441,-0.6594189920721151,0.9807048298302763,-0.94220731209815,-0.8768517948679742,1.0541360532053858,0.0,0.0,0.0,0.0,0.0,0.0,1.6198333141838692,-0.01647421686747297,-1.9551005710225118,-0.21877398384506108,2.699735954880354,0.7617014498525398,7.0,1.0,47.986000061035156,48.22800064086914,48.06100082397461,7.53,22.91,43.52,0.292,0.402,1.634,0,1,0
1777636294.1974146,2809.024,1.619829773902893,-0.01651937166322881,-1.955073658620016,-0.21884280840028936,2.6997201442718506,0.7616589069366455,0.0,0.0,-0.0,0.0,0.0,0.0,0.0778198316693306,5.484009265899658,-1.4975295066833496,0.4598236680030823,0.1525268703699112,-0.0829925611615181,0.1342080561433146,-0.6594429165790359,0.9807069120514885,-0.9421892169821972,-0.8769027778036145,1.0541194838497803,0.0,0.0,0.0,0.0,0.0,0.0,1.6198333141838692,-0.01647421686747297,-1.9551005710225118,-0.21877398384506108,2.699735954880354,0.7617014498525398,7.0,1.0,47.986000061035156,48.22800064086914,48.06100082397461,7.53,22.91,43.52,0.292,0.402,1.634,0,1,0
1777636294.2025278,2809.0319999999997,1.619829773902893,-0.016483608876363576,-1.9550612608539026,-0.21883088747133428,2.699672222137451,0.7616589069366455,0.0,0.0,-0.0,0.0,0.0,0.0,0.0823974683880806,5.502319812774658,-1.499771237373352,0.4643097519874573,0.1570129543542862,-0.0807495191693306,0.13421485739917735,-0.6594856326823196,0.9806815512672818,-0.9421253809812666,-0.8768791718745468,1.0540817031372058,0.0,0.0,0.0,0.0,0.0,0.0,1.6198333141838692,-0.01647421686747297,-1.9551005710225118,-0.21877398384506108,2.699735954880354,0.7617014498525398,7.0,1.0,47.986000061035156,48.22800064086914,48.029998779296875,7.53,22.91,43.52,0.292,0.402,1.634,0,1,0
1777636294.210335,2809.04,1.6198538541793823,-0.016531292592183888,-1.9550851027118128,-0.2188189665423792,2.699672222137451,0.7616709470748901,0.0,0.0,-0.0,0.0,0.0,0.0,0.0732421949505806,5.497742176055908,-1.504254937171936,0.4463654160499573,0.1682281643152237,-0.0897216871380806,0.13422930104723732,-0.6594229627713889,0.9807134133373906,-0.9421747440476389,-0.876863039731704,1.0541426769369209,0.0,0.0,0.0,0.0,0.0,0.0,1.6198333141838692,-0.01647421686747297,-1.9551005710225118,-0.21877398384506108,2.699735954880354,0.7617014498525398,7.0,1.0,48.0,48.22800064086914,48.029998779296875,7.53,22.91,43.52,0.292,0.402,1.634,0,1,0
1777636294.2184203,2809.048,1.619829773902893,-0.016495529805318654,-1.9551213423358362,-0.21885520616640264,2.699672222137451,0.76168292760849,0.0,0.0,-0.0,0.0,0.0,0.0,0.0869751051068306,5.520630359649658,-1.504254937171936,0.4867401719093323,0.1592559963464737,-0.0874786451458931,0.13421408129186338,-0.6594121931516117,0.9807037005445055,-0.9422214398202499,-0.8768299694244968,1.05415059940986,0.0,0.0,0.0,0.0,0.0,0.0,1.6198333141838692,-0.01647421686747297,-1.9551005710225118,-0.21877398384506108,2.699735954880354,0.7617014498525398,7.0,1.0,48.0,48.22800064086914,48.029998779296875,7.53,22.91,43.52,0.292,0.402,1.634,0,1,0
1777636294.224287,2809.056,1.619866132736206,-0.01651937166322881,-1.9550612608539026,-0.21884280840028936,2.6996960639953613,0.7617188692092896,0.0,0.0,-0.0,0.0,0.0,0.0,0.0778198316693306,5.529785633087158,-1.502013087272644,0.4665527939796448,0.1614990383386612,-0.0874786451458931,0.1342416655126442,-0.6594348621924377,0.9807182387980911,-0.9421912363404462,-0.8768802425996638,1.0541918581568352,0.0,0.0,0.0,0.0,0.0,0.0,1.6198333141838692,-0.01647421686747297,-1.9551005710225118,-0.21877398384506108,2.699735954880354,0.7617014498525398,7.0,1.0,48.0,48.22800064086914,48.029998779296875,7.53,22.91,43.52,0.292,0.402,1.634,0,1,0
1777636294.2311985,2809.064,1.619817852973938,-0.016495529805318654,-1.9550851027118128,-0.21885520616640264,2.6996960639953613,0.76168292760849,0.0,0.0,-0.0,0.0,0.0,0.0,0.0457763709127903,5.529785633087158,-1.502013087272644,0.4553375840187073,0.1547699123620987,-0.0785064771771431,0.13420550175725868,-0.6594452443131771,0.9807005970701206,-0.9422001402233039,-0.8768625145992522,1.0541259622853354,0.0,0.0,0.0,0.0,0.0,0.0,1.6198333141838692,-0.01647421686747297,-1.9551005710225118,-0.21877398384506108,2.699735954880354,0.7617014498525398,7.0,1.0,48.0,48.24300003051758,48.029998779296875,7.53,22.91,43.52,0.292,0.402,1.634,0,1,0
1777636294.2384999,2809.0719999999997,1.619866132736206,-0.016507450734273732,-1.9550851027118128,-0.21879512468446904,2.699672222137451,0.7616709470748901,0.0,0.0,-0.0,0.0,0.0,0.0,0.1052856519818306,5.529785633087158,-1.5087385177612305,0.4598236680030823,0.1570129543542862,-0.0829925611615181,0.13423882156252392,-0.6594491559694596,0.98069096887901,-0.9421291395383135,-0.8768894742618147,1.0541291742194612,0.0,0.0,0.0,0.0,0.0,0.0,1.6198333141838692,-0.01647421686747297,-1.9551005710225118,-0.21877398384506108,2.699735954880354,0.7617014498525398,7.0,1.0,48.0,48.24300003051758,48.029998779296875,7.53,22.91,43.52,0.292,0.402,1.634,0,1,0
1777636294.247753,2809.08,1.6198538541793823,-0.016495529805318654,-1.9550493399249476,-0.21885520616640264,2.6996960639953613,0.76168292760849,0.0,0.0,-0.0,0.0,0.0,0.0,0.1190185695886612,5.511475086212158,-1.5109803676605225,0.4553375840187073,0.1637420803308487,-0.0829925611615181,0.13423077411781492,-0.6594704970004184,0.9806987022282797,-0.9421565066321994,-0.8768972105284913,1.0541388075456992,0.0,0.0,0.0,0.0,0.0,0.0,1.6198333141838692,-0.01647421686747297,-1.9551005710225118,-0.21877398384506108,2.699735954880354,0.7617014498525398,7.0,1.0,48.0,48.24300003051758,48.029998779296875,7.53,22.91,43.52,0.292,0.402,1.634,0,1,0
1777636294.2498736,2809.08,1.6198538541793823,-0.016495529805318654,-1.9550493399249476,-0.21885520616640264,2.6996960639953613,0.76168292760849,0.0,0.0,-0.0,0.0,0.0,0.0,0.1190185695886612,5.511475086212158,-1.5109803676605225,0.4553375840187073,0.1637420803308487,-0.0829925611615181,0.13423077411781492,-0.6594704970004184,0.9806987022282797,-0.9421565066321994,-0.8768972105284913,1.0541388075456992,0.0,0.0,0.0,0.0,0.0,0.0,1.6198333141838692,-0.01647421686747297,-1.9551005710225118,-0.21877398384506108,2.699735954880354,0.7617014498525398,7.0,1.0,48.0,48.24300003051758,48.029998779296875,7.59,22.91,43.55,0.292,0.402,1.639,0,0,1
1777636294.2555213,2809.0879999999997,1.619817852973938,-0.01651937166322881,-1.9550851027118128,-0.21886712709535772,2.6997082233428955,0.7616949081420898,0.0,0.0,-0.0,0.0,0.0,0.0,0.0503540076315403,5.474853992462158,-1.5087385177612305,0.4508515000343323,0.1525268703699112,-0.0897216871380806,0.134204495032476,-0.6594191389527735,0.9807213008519017,-0.9422403842432695,-0.876855366223313,1.0541561397050394,0.0,0.0,0.0,0.0,0.0,0.0,1.6198333141838692,-0.01647421686747297,-1.9551005710225118,-0.21877398384506108,2.699735954880354,0.7617014498525398,7.0,1.0,48.0,48.24300003051758,48.029998779296875,7.59,22.91,43.55,0.292,0.402,1.639,0,1,0
1777636294.2605484,2809.096,1.619866132736206,-0.016459290181295216,-1.9551094214068812,-0.21885520616640264,2.6997082233428955,0.7617068886756897,0.0,0.0,-0.0,0.0,0.0,0.0,0.0549316480755806,5.502319812774658,-1.5109803676605225,0.4575806260108948,0.1570129543542862,-0.0807495191693306,0.13423937862299629,-0.6594446182555109,0.9806814815600409,-0.9421885141801738,-0.876897019565916,1.0541835241931012,0.0,0.0,0.0,0.0,0.0,0.0,1.6198333141838692,-0.01647421686747297,-1.9551005710225118,-0.21877398384506108,2.699735954880354,0.7617014498525398,7.0,1.0,48.0,48.24300003051758,48.029998779296875,7.59,22.91,43.55,0.292,0.402,1.639,0,1,0
1777636294.2674103,2809.104,1.6198781728744507,-0.01651937166322881,-1.955073658620016,-0.21885520616640264,2.699672222137451,0.7616589069366455,0.0,0.0,-0.0,0.0,0.0,0.0,0.1144409328699112,5.511475086212158,-1.4975295066833496,0.4575806260108948,0.1502838283777237,-0.0785064771771431,0.13424431260304132,-0.6594305615893085,0.9807127159767097,-0.9421711037616846,-0.8768759568664227,1.0541595770536363,0.0,0.0,0.0,0.0,0.0,0.0,1.6198333141838692,-0.01647421686747297,-1.9551005710225118,-0.21877398384506108,2.699735954880354,0.7617014498525398,7.0,1.0,48.0,48.24300003051758,48.04600143432617,7.59,22.91,43.55,0.292,0.402,1.639,0,1,0
1777636294.2749546,2809.112,1.6198418140411377,-0.016495529805318654,-1.9551094214068812,-0.21883088747133428,2.6996960639953613,0.7617188692092896,0.0,0.0,-0.0,0.0,0.0,0.0,0.0640869215130806,5.488586902618408,-1.499771237373352,0.4822540879249573,0.1592559963464737,-0.0829925611615181,0.1342247772177257,-0.6594216868054353,0.9807016365009367,-0.942210557775601,-0.8768616176095781,1.0541771951295962,0.0,0.0,0.0,0.0,0.0,0.0,1.6198333141838692,-0.01647421686747297,-1.9551005710225118,-0.21877398384506108,2.699735954880354,0.7617014498525398,7.0,1.0,48.0,48.24300003051758,48.04600143432617,7.59,22.91,43.55,0.292,0.402,1.639,0,1,0
1777636294.2820933,2809.12,1.6198538541793823,-0.016495529805318654,-1.9550851027118128,-0.21885520616640264,2.6996960639953613,0.7616589069366455,0.0,0.0,-0.0,0.0,0.0,0.0,0.0869751051068306,5.474853992462158,-1.5064966678619385,0.4553375840187073,0.1614990383386612,-0.0852356031537056,0.13422651448905415,-0.6594454711737282,0.9806962757894843,-0.9421748648758852,-0.8768917589598894,1.054136207176387,0.0,0.0,0.0,0.0,0.0,0.0,1.6198333141838692,-0.01647421686747297,-1.9551005710225118,-0.21877398384506108,2.699735954880354,0.7617014498525398,7.0,1.0,47.97100067138672,48.24300003051758,48.04600143432617,7.59,22.91,43.55,0.292,0.402,1.639,0,1,0
1777636294.2892199,2809.1279999999997,1.6198538541793823,-0.016531292592183888,-1.955097500477926,-0.21885520616640264,2.6997082233428955,0.7617068886756897,0.0,0.0,-0.0,0.0,0.0,0.0,0.0778198316693306,5.484009265899658,-1.5087385177612305,0.4777680039405823,0.1480407863855362,-0.0852356031537056,0.13422877812364292,-0.6593949681901541,0.9807287516539218,-0.9422447144275239,-0.8768653830360593,1.0542034388096784,0.0,0.0,0.0,0.0,0.0,0.0,1.6198333141838692,-0.01647421686747297,-1.9551005710225118,-0.21877398384506108,2.699735954880354,0.7617014498525398,7.0,1.0,47.97100067138672,48.24300003051758,48.04600143432617,7.59,22.91,43.55,0.292,0.402,1.639,0,1,0
1777636294.2996237,2809.136,1.619866132736206,-0.016495529805318654,-1.955073658620016,-0.21885520616640264,2.6996960639953613,0.7616949081420898,0.0,0.0,-0.0,0.0,0.0,0.0,0.1098632961511612,5.534363269805908,-1.5064966678619385,0.4620667099952698,0.1592559963464737,-0.0852356031537056,0.1342391902782522,-0.6594458680485203,0.9807021460984024,-0.9421795468728029,-0.8768892304764994,1.0541717516313172,0.0,0.0,0.0,0.0,0.0,0.0,1.6198333141838692,-0.01647421686747297,-1.9551005710225118,-0.21877398384506108,2.699735954880354,0.7617014498525398,7.0,1.0,47.97100067138672,48.24300003051758,48.04600143432617,7.59,22.91,43.55,0.292,0.402,1.639,0,1,0
1777636294.303745,2809.144,1.619866132736206,-0.01651937166322881,-1.9550612608539026,-0.21884280840028936,2.6997201442718506,0.7616949081420898,0.0,0.0,-0.0,0.0,0.0,0.0,0.0595092847943306,5.474853992462158,-1.515463948249817,0.4508515000343323,0.1637420803308487,-0.0807495191693306,0.13423665200892987,-0.6594408836872513,0.9807127319960883,-0.9421846066846631,-0.8769139353278275,1.054175141109315,0.0,0.0,0.0,0.0,0.0,0.0,1.6198333141838692,-0.01647421686747297,-1.9551005710225118,-0.21877398384506108,2.699735954880354,0.7617014498525398,7.0,1.0,47.97100067138672,48.24300003051758,48.04600143432617,7.59,22.91,43.55,0.292,0.402,1.639,0,1,0
1777636294.3114007,2809.152,1.6198538541793823,-0.016447369252340138,-1.9550851027118128,-0.21884280840028936,2.699660301208496,0.7616949081420898,0.0,0.0,-0.0,0.0,0.0,0.0,0.0823974683880806,5.543518543243408,-1.499771237373352,0.4732819199562073,0.1592559963464737,-0.0829925611615181,0.13423624484530666,-0.6594813780724471,0.9806690642273412,-0.9421325606218884,-0.8768665822358388,1.0541308321356813,0.0,0.0,0.0,0.0,0.0,0.0,1.6198333141838692,-0.01647421686747297,-1.9551005710225118,-0.21877398384506108,2.699735954880354,0.7617014498525398,7.0,1.0,47.97100067138672,48.24300003051758,48.04600143432617,7.59,22.91,43.55,0.292,0.402,1.639,0,1,0
1777636294.318923,2809.16,1.619866132736206,-0.016567532216207326,-1.955097500477926,-0.21883088747133428,2.699672222137451,0.7616709470748901,0.0,0.0,-0.0,0.0,0.0,0.0,0.0778198316693306,5.497742176055908,-1.5356402397155762,0.5046845078468323,0.1592559963464737,-0.0829925611615181,0.1342351365513736,-0.6593762506449304,0.9807414692201795,-0.9422228206709967,-0.8768447826795496,1.0541836886579699,0.0,0.0,0.0,0.0,0.0,0.0,1.6198333141838692,-0.01647421686747297,-1.9551005710225118,-0.21877398384506108,2.699735954880354,0.7617014498525398,7.0,1.0,47.97100067138672,48.24300003051758,48.04600143432617,7.59,22.91,43.55,0.292,0.402,1.639,0,1,0
1777636294.3248963,2809.1679999999997,1.6198538541793823,-0.016507450734273732,-1.955097500477926,-0.21883088747133428,2.699672222137451,0.7616589069366455,0.0,0.0,-0.0,0.0,0.0,0.0,0.0595092847943306,5.493164539337158,-1.5109803676605225,0.4710388779640198,0.1547699123620987,-0.0829925611615181,0.13422818793034683,-0.659431608627119,0.9806993336499248,-0.9421689030655964,-0.8768675712198519,1.0541325252112848,0.0,0.0,0.0,0.0,0.0,0.0,1.6198333141838692,-0.01647421686747297,-1.9551005710225118,-0.21877398384506108,2.699735954880354,0.7617014498525398,7.0,1.0,47.97100067138672,48.24300003051758,48.04600143432617,7.59,22.91,43.55,0.292,0.402,1.639,0,1,0
1777636294.3337986,2809.176,1.619829773902893,-0.016447369252340138,-1.9551094214068812,-0.21883088747133428,2.6997201442718506,0.7617308497428894,0.0,0.0,-0.0,0.0,0.0,0.0,0.1144409328699112,5.511475086212158,-1.5087385177612305,0.4575806260108948,0.1570129543542862,-0.0829925611615181,0.13421792066603142,-0.659462773437729,0.9806705545391197,-0.9421854326751214,-0.8768945721907302,1.0541565732075988,0.0,0.0,0.0,0.0,0.0,0.0,1.6198333141838692,-0.01647421686747297,-1.9551005710225118,-0.21877398384506108,2.699735954880354,0.7617014498525398,7.0,1.0,47.97100067138672,48.24300003051758,48.04600143432617,7.59,22.91,43.55,0.292,0.402,1.639,0,1,0
1777636294.339347,2809.1839999999997,1.6198538541793823,-0.01651937166322881,-1.9550612608539026,-0.21883088747133428,2.6996841430664062,0.7617068886756897,0.0,0.0,-0.0,0.0,0.0,0.0,0.0778198316693306,5.497742176055908,-1.5221893787384033,0.4643097519874573,0.1614990383386612,-0.0785064771771431,0.13423355559306369,-0.6594423184207465,0.9807133845750995,-0.9421759665675269,-0.87687098622394,1.0541632699550072,0.0,0.0,0.0,0.0,0.0,0.0,1.6198333141838692,-0.01647421686747297,-1.9551005710225118,-0.21877398384506108,2.699735954880354,0.7617014498525398,7.0,1.0,47.97100067138672,48.24300003051758,48.04600143432617,7.59,22.91,43.55,0.292,0.402,1.639,0,1,0
1777636294.4122376,2809.192,1.6198538541793823,-0.016483608876363576,-1.9550851027118128,-0.21885520616640264,2.699660301208496,0.76168292760849,0.0,0.0,-0.0,0.0,0.0,0.0,0.1235962063074112,5.506897449493408,-1.504254937171936,0.4800110459327698,0.1525268703699112,-0.0874786451458931,0.13423314596162375,-0.6594491176197802,0.9806944428415821,-0.9421683361184736,-0.8768511676000221,1.0541451189862823,0.0,0.0,0.0,0.0,0.0,0.0,1.6198333141838692,-0.01647421686747297,-1.9551005710225118,-0.21877398384506108,2.699735954880354,0.7617014498525398,7.0,1.0,48.0,48.24300003051758,48.04600143432617,7.59,22.91,43.55,0.292,0.402,1.639,0,1,0
1777636294.4123137,2809.2,1.6198418140411377,-0.016507450734273732,-1.955073658620016,-0.21884280840028936,2.6996960639953613,0.76168292760849,0.0,0.0,-0.0,0.0,0.0,0.0,0.0915527418255806,5.534363269805908,-1.5064966678619385,0.4687958359718323,0.1659851223230362,-0.0807495191693306,0.13422151502002075,-0.6594454202315194,0.9807044988858402,-0.9421813453015141,-0.8768806410716526,1.0541405216809103,0.0,0.0,0.0,0.0,0.0,0.0,1.6198333141838692,-0.01647421686747297,-1.9551005710225118,-0.21877398384506108,2.699735954880354,0.7617014498525398,7.0,1.0,48.0,48.24300003051758,48.04600143432617,7.59,22.91,43.55,0.292,0.402,1.639,0,1,0
1777636294.4139142,2809.208,1.619829773902893,-0.016495529805318654,-1.955073658620016,-0.21884280840028936,2.6996960639953613,0.7616949081420898,0.0,0.0,-0.0,0.0,0.0,0.0,0.0869751051068306,5.497742176055908,-1.5378820896148682,0.4598236680030823,0.1570129543542862,-0.0874786451458931,0.13421543462958227,-0.6594546664854544,0.9806987231626331,-0.942181572296459,-0.8768742543035358,1.0541344451389592,0.0,0.0,0.0,0.0,0.0,0.0,1.6198333141838692,-0.01647421686747297,-1.9551005710225118,-0.21877398384506108,2.699735954880354,0.7617014498525398,7.0,1.0,48.0,48.22800064086914,48.04600143432617,7.59,22.91,43.55,0.292,0.402,1.639,0,1,0
1777636294.4139912,2809.216,1.619866132736206,-0.016531292592183888,-1.9550612608539026,-0.2188189665423792,2.699672222137451,0.761622965335846,0.0,0.0,-0.0,0.0,0.0,0.0,0.1144409328699112,5.534363269805908,-1.504254937171936,0.4575806260108948,0.1592559963464737,-0.0829925611615181,0.1342329696412515,-0.6594514755071724,0.9807035184276277,-0.9421245716281955,-0.8768984242878032,1.0541001859502144,0.0,0.0,0.0,0.0,0.0,0.0,1.6198333141838692,-0.01647421686747297,-1.9551005710225118,-0.21877398384506108,2.699735954880354,0.7617014498525398,7.0,1.0,48.0,48.22800064086914,48.04600143432617,7.59,22.91,43.55,0.292,0.402,1.639,0,1,0
1777636294.4170845,2809.2239999999997,1.6198781728744507,-0.016531292592183888,-1.9550493399249476,-0.21884280840028936,2.6997201442718506,0.7617308497428894,0.0,0.0,-0.0,0.0,0.0,0.0,0.0595092847943306,5.470276355743408,-1.4863203763961792,0.4553375840187073,0.1659851223230362,-0.0897216871380806,0.1342486846671597,-0.6594315722573503,0.9807264971607758,-0.9421992281805521,-0.8769065624548293,1.0542162167765725,0.0,0.0,0.0,0.0,0.0,0.0,1.6198333141838692,-0.01647421686747297,-1.9551005710225118,-0.21877398384506108,2.699735954880354,0.7617014498525398,7.0,1.0,48.0,48.22800064086914,48.04600143432617,7.59,22.91,43.55,0.292,0.402,1.639,0,1,0
1777636294.4172726,2809.232,1.6198538541793823,-0.016507450734273732,-1.9551213423358362,-0.2188790480243128,2.6996960639953613,0.7616709470748901,0.0,0.0,-0.0,0.0,0.0,0.0,0.0823974683880806,5.493164539337158,-1.5064966678619385,0.4486084580421448,0.1525268703699112,-0.0829925611615181,0.13422540539464944,-0.6593947611049916,0.9807148735195157,-0.9422435664899357,-0.8768573118573245,1.0541826598123885,0.0,0.0,0.0,0.0,0.0,0.0,1.6198333141838692,-0.01647421686747297,-1.9551005710225118,-0.21877398384506108,2.699735954880354,0.7617014498525398,7.0,1.0,48.0,48.22800064086914,48.04600143432617,7.59,22.91,43.55,0.292,0.402,1.639,0,1,0
1777636294.420261,2809.24,1.619866132736206,-0.016507450734273732,-1.9550851027118128,-0.21886712709535772,2.6996960639953613,0.7617068886756897,0.0,0.0,-0.0,0.0,0.0,0.0,0.0686645582318306,5.548096179962158,-1.5064966678619385,0.4687958359718323,0.1592559963464737,-0.0852356031537056,0.1342393487169758,-0.6594197967133031,0.9807161294189715,-0.942216396306563,-0.8768699812798837,1.0541997387802924,0.0,0.0,0.0,0.0,0.0,0.0,1.6198333141838692,-0.01647421686747297,-1.9551005710225118,-0.21877398384506108,2.699735954880354,0.7617014498525398,7.0,1.0,48.0,48.22800064086914,48.04600143432617,7.59,22.91,43.55,0.292,0.402,1.639,0,1,0
1777636294.4203439,2809.24,1.619866132736206,-0.016507450734273732,-1.9550851027118128,-0.21886712709535772,2.6996960639953613,0.7617068886756897,0.0,0.0,-0.0,0.0,0.0,0.0,0.0686645582318306,5.548096179962158,-1.5064966678619385,0.4687958359718323,0.1592559963464737,-0.0852356031537056,0.1342393487169758,-0.6594197967133031,0.9807161294189715,-0.942216396306563,-0.8768699812798837,1.0541997387802924,0.0,0.0,0.0,0.0,0.0,0.0,1.6198333141838692,-0.01647421686747297,-1.9551005710225118,-0.21877398384506108,2.699735954880354,0.7617014498525398,7.0,1.0,48.0,48.22800064086914,48.04600143432617,7.67,22.94,43.6,0.291,0.404,1.641,0,0,1
1777636294.4226172,2809.248,1.619829773902893,-0.016495529805318654,-1.9550851027118128,-0.21879512468446904,2.6997082233428955,0.76168292760849,0.0,0.0,-0.0,0.0,0.0,0.0,0.1052856519818306,5.484009265899658,-1.504254937171936,0.4732819199562073,0.1547699123620987,-0.0919647291302681,0.1342132770097842,-0.6594631240391109,0.9806834044771603,-0.9421468236306733,-0.8769060582322473,1.0541079418767398,0.0,0.0,0.0,0.0,0.0,0.0,1.6198333141838692,-0.01647421686747297,-1.9551005710225118,-0.21877398384506108,2.699735954880354,0.7617014498525398,7.0,1.0,48.0,48.22800064086914,48.04600143432617,7.67,22.94,43.6,0.291,0.404,1.641,0,1,0
1777636294.4227028,2809.256,1.619829773902893,-0.016459290181295216,-1.9550851027118128,-0.21879512468446904,2.6996960639953613,0.76168292760849,0.0,0.0,-0.0,0.0,0.0,0.0,0.0869751051068306,5.493164539337158,-1.513222098350525,0.4844971299171448,0.1435547024011612,-0.0897216871380806,0.13421595070297235,-0.65949349694734,0.980659897389776,-0.9421125051138154,-0.8769087656958745,1.0540877190310973,0.0,0.0,0.0,0.0,0.0,0.0,1.6198333141838692,-0.01647421686747297,-1.9551005710225118,-0.21877398384506108,2.699735954880354,0.7617014498525398,7.0,1.0,48.0,48.22800064086914,48.04600143432617,7.67,22.94,43.6,0.291,0.404,1.641,0,1,0
1777636294.4293435,2809.2639999999997,1.6198418140411377,-0.016495529805318654,-1.955097500477926,-0.21878320375551397,2.6997201442718506,0.7616949081420898,0.0,0.0,-0.0,0.0,0.0,0.0,0.0549316480755806,5.538940906524658,-1.502013087272644,0.4822540879249573,0.1547699123620987,-0.0874786451458931,0.1342211246226445,-0.659452805712478,0.9806823329959933,-0.9421522273156064,-0.8769198340696956,1.0541305934416194,0.0,0.0,0.0,0.0,0.0,0.0,1.6198333141838692,-0.01647421686747297,-1.9551005710225118,-0.21877398384506108,2.699735954880354,0.7617014498525398,7.0,1.0,48.01499938964844,48.22800064086914,48.04600143432617,7.67,22.94,43.6,0.291,0.404,1.641,0,1,0
1777636294.429479,2809.272,1.6198418140411377,-0.016507450734273732,-1.9550851027118128,-0.21883088747133428,2.6997201442718506,0.7616469264030457,0.0,0.0,-0.0,0.0,0.0,0.0,0.0778198316693306,5.520630359649658,-1.5064966678619385,0.4889832139015198,0.1525268703699112,-0.0852356031537056,0.13421485688181847,-0.6594481174365647,0.9806941405932595,-0.9421679590830369,-0.8769191833724791,1.054113273990927,0.0,0.0,0.0,0.0,0.0,0.0,1.6198333141838692,-0.01647421686747297,-1.9551005710225118,-0.21877398384506108,2.699735954880354,0.7617014498525398,7.0,1.0,48.01499938964844,48.22800064086914,48.04600143432617,7.67,22.94,43.6,0.291,0.404,1.641,0,1,0
1777636294.4295418,2809.2799999999997,1.6198418140411377,-0.016495529805318654,-1.9550851027118128,-0.21883088747133428,2.6996841430664062,0.7616949081420898,0.0,0.0,-0.0,0.0,0.0,0.0,0.1510620266199112,5.511475086212158,-1.5064966678619385,0.4732819199562073,0.1614990383386612,-0.0897216871380806,0.13422423206225614,-0.659446708113684,0.9806966303747988,-0.942173958236604,-0.8768690002917547,1.0541426382524393,0.0,0.0,0.0,0.0,0.0,0.0,1.6198333141838692,-0.01647421686747297,-1.9551005710225118,-0.21877398384506108,2.699735954880354,0.7617014498525398,7.0,1.0,48.01499938964844,48.2130012512207,48.04600143432617,7.67,22.94,43.6,0.291,0.404,1.641,0,1,0
1777636294.4351578,2809.288,1.619817852973938,-0.01651937166322881,-1.955097500477926,-0.21884280840028936,2.699648141860962,0.7616949081420898,0.0,0.0,-0.0,0.0,0.0,0.0,0.0549316480755806,5.474853992462158,-1.504254937171936,0.4665527939796448,0.1480407863855362,-0.0897216871380806,0.1342101178841964,-0.6594139628101425,0.9807182281219115,-0.9422151564889748,-0.8767994801269458,1.0541407528290085,0.0,0.0,0.0,0.0,0.0,0.0,1.6198333141838692,-0.01647421686747297,-1.9551005710225118,-0.21877398384506108,2.699735954880354,0.7617014498525398,7.0,1.0,48.01499938964844,48.2130012512207,48.04600143432617,7.67,22.94,43.6,0.291,0.404,1.641,0,1,0
1777636294.4439123,2809.296,1.6198781728744507,-0.016507450734273732,-1.955097500477926,-0.2188189665423792,2.6996841430664062,0.7616589069366455,0.0,0.0,-0.0,0.0,0.0,0.0,0.1190185695886612,5.516052722930908,-1.502013087272644,0.4844971299171448,0.1547699123620987,-0.0829925611615181,0.1342433024719533,-0.6594325942543133,0.9806954500548908,-0.9421529575438852,-0.8768979386235626,1.0541492128898748,0.0,0.0,0.0,0.0,0.0,0.0,1.6198333141838692,-0.01647421686747297,-1.9551005710225118,-0.21877398384506108,2.699735954880354,0.7617014498525398,7.0,1.0,48.01499938964844,48.2130012512207,48.04600143432617,7.67,22.94,43.6,0.291,0.404,1.641,0,1,0
1777636294.4484375,2809.304,1.619866132736206,-0.016459290181295216,-1.9550851027118128,-0.21884280840028936,2.699672222137451,0.7616949081420898,0.0,0.0,-0.0,0.0,0.0,0.0,0.1052856519818306,5.493164539337158,-1.5199475288391113,0.4486084580421448,0.1547699123620987,-0.0852356031537056,0.13424270833712423,-0.6594700594242342,0.9806764033333204,-0.9421414924757514,-0.8768804753643219,1.0541492248757078,0.0,0.0,0.0,0.0,0.0,0.0,1.6198333141838692,-0.01647421686747297,-1.9551005710225118,-0.21877398384506108,2.699735954880354,0.7617014498525398,7.0,1.0,48.01499938964844,48.2130012512207,48.04600143432617,7.67,22.94,43.6,0.291,0.404,1.641,0,1,0
1777636294.4549005,2809.312,1.619866132736206,-0.016495529805318654,-1.9550851027118128,-0.21880704561342412,2.6996960639953613,0.7616949081420898,0.0,0.0,-0.0,0.0,0.0,0.0,0.0549316480755806,5.506897449493408,-1.5289148092269897,0.4553375840187073,0.1547699123620987,-0.0785064771771431,0.13423955956318318,-0.6594514610923815,0.9806894554154467,-0.9421476690381472,-0.8769042631575907,1.054153349590394,0.0,0.0,0.0,0.0,0.0,0.0,1.6198333141838692,-0.01647421686747297,-1.9551005710225118,-0.21877398384506108,2.699735954880354,0.7617014498525398,7.0,1.0,48.01499938964844,48.2130012512207,48.04600143432617,7.67,22.94,43.6,0.291,0.404,1.641,0,1,0
1777636294.4626155,2809.3199999999997,1.6198538541793823,-0.016543213521138966,-1.9551094214068812,-0.2188189665423792,2.6996841430664062,0.76168292760849,0.0,0.0,-0.0,0.0,0.0,0.0,0.1007080152630806,5.529785633087158,-1.515463948249817,0.4934692978858948,0.1525268703699112,-0.0807495191693306,0.13422798640637004,-0.6593903112834327,0.9807241941188645,-0.9422153497191317,-0.8768553989570712,1.0541730143853039,0.0,0.0,0.0,0.0,0.0,0.0,1.6198333141838692,-0.01647421686747297,-1.9551005710225118,-0.21877398384506108,2.699735954880354,0.7617014498525398,7.0,1.0,48.01499938964844,48.2130012512207,48.029998779296875,7.67,22.94,43.6,0.291,0.404,1.641,0,1,0
1777636294.4693174,2809.328,1.6198418140411377,-0.016483608876363576,-1.9550851027118128,-0.2188790480243128,2.6996960639953613,0.7616949081420898,0.0,0.0,-0.0,0.0,0.0,0.0,0.0915527418255806,5.456543445587158,-1.504254937171936,0.4508515000343323,0.1502838283777237,-0.0852356031537056,0.13422273692018802,-0.6594421236744725,0.980701403793939,-0.9422083979175477,-0.8768662069475339,1.0541626233290617,0.0,0.0,0.0,0.0,0.0,0.0,1.6198333141838692,-0.01647421686747297,-1.9551005710225118,-0.21877398384506108,2.699735954880354,0.7617014498525398,7.0,1.0,48.01499938964844,48.2130012512207,48.029998779296875,7.67,22.94,43.6,0.291,0.404,1.641,0,1,0
1777636294.4760196,2809.336,1.6198418140411377,-0.016507450734273732,-1.9550851027118128,-0.21885520616640264,2.6997082233428955,0.7616589069366455,0.0,0.0,-0.0,0.0,0.0,0.0,0.0778198316693306,5.497742176055908,-1.5109803676605225,0.4710388779640198,0.1547699123620987,-0.0874786451458931,0.1342169183560854,-0.6594374262344036,0.9807036025648517,-0.9421924054486281,-0.8768924712379601,1.0541338422347002,0.0,0.0,0.0,0.0,0.0,0.0,1.6198333141838692,-0.01647421686747297,-1.9551005710225118,-0.21877398384506108,2.699735954880354,0.7617014498525398,7.0,1.0,48.01499938964844,48.2130012512207,48.029998779296875,7.67,22.94,43.6,0.291,0.404,1.641,0,1,0
1777636294.4840074,2809.344,1.619829773902893,-0.016471211110250294,-1.955073658620016,-0.21883088747133428,2.6997320652008057,0.7616949081420898,0.0,0.0,-0.0,0.0,0.0,0.0,0.0595092847943306,5.529785633087158,-1.5064966678619385,0.4643097519874573,0.1525268703699112,-0.0829925611615181,0.13421323746589298,-0.659480603923456,0.9806774634460373,-0.9421591246087323,-0.8769256069119379,1.0541218165673794,0.0,0.0,0.0,0.0,0.0,0.0,1.6198333141838692,-0.01647421686747297,-1.9551005710225118,-0.21877398384506108,2.699735954880354,0.7617014498525398,7.0,1.0,47.97100067138672,48.2130012512207,48.029998779296875,7.67,22.94,43.6,0.291,0.404,1.641,0,1,0
1777636294.4922402,2809.352,1.6198538541793823,-0.016483608876363576,-1.9551094214068812,-0.21883088747133428,2.6996841430664062,0.7616709470748901,0.0,0.0,-0.0,0.0,0.0,0.0,0.0961303785443306,5.525207996368408,-1.5177057981491089,0.4575806260108948,0.1413116604089737,-0.0785064771771431,0.13422890807862992,-0.6594398340255415,0.9806856770573851,-0.9421679029589866,-0.8768798486133472,1.0541386181084789,0.0,0.0,0.0,0.0,0.0,0.0,1.6198333141838692,-0.01647421686747297,-1.9551005710225118,-0.21877398384506108,2.699735954880354,0.7617014498525398,7.0,1.0,47.97100067138672,48.2130012512207,48.029998779296875,7.67,22.94,43.6,0.291,0.404,1.641,0,1,0
1777636294.4976869,2809.3599999999997,1.619866132736206,-0.016495529805318654,-1.9550851027118128,-0.21884280840028936,2.699636220932007,0.7617068886756897,0.0,0.0,-0.0,0.0,0.0,0.0,0.0915527418255806,5.502319812774658,-1.4728695154190063,0.4732819199562073,0.1637420803308487,-0.0874786451458931,0.13424597908774744,-0.6594352128869865,0.9807044575282471,-0.9421701898329087,-0.8768244090618399,1.0541721464239926,0.0,0.0,0.0,0.0,0.0,0.0,1.6198333141838692,-0.01647421686747297,-1.9551005710225118,-0.21877398384506108,2.699735954880354,0.7617014498525398,7.0,1.0,47.97100067138672,48.2130012512207,48.029998779296875,7.67,22.94,43.6,0.291,0.404,1.641,0,1,0
1777636294.505103,2809.368,1.6198538541793823,-0.01651937166322881,-1.955073658620016,-0.21884280840028936,2.6996960639953613,0.7616949081420898,0.0,0.0,-0.0,0.0,0.0,0.0,0.0778198316693306,5.538940906524658,-1.504254937171936,0.4687958359718323,0.1525268703699112,-0.0942077711224556,0.13423031642491956,-0.6594311275005867,0.9807145850109289,-0.9421937049747876,-0.876877676939927,1.0541670879673384,0.0,0.0,0.0,0.0,0.0,0.0,1.6198333141838692,-0.01647421686747297,-1.9551005710225118,-0.21877398384506108,2.699735954880354,0.7617014498525398,7.0,1.0,47.97100067138672,48.2130012512207,48.029998779296875,7.67,22.94,43.6,0.291,0.404,1.641,0,1,0
1777636294.512931,2809.3759999999997,1.619817852973938,-0.016507450734273732,-1.9550493399249476,-0.2188189665423792,2.6996841430664062,0.7616949081420898,0.0,0.0,-0.0,0.0,0.0,0.0,0.1327514797449112,5.538940906524658,-1.5109803676605225,0.4732819199562073,0.1637420803308487,-0.0829925611615181,0.13420967544024515,-0.6594736226062288,0.9806993752123161,-0.9421513619297053,-0.8768705634394894,1.0541042576515958,0.0,0.0,0.0,0.0,0.0,0.0,1.6198333141838692,-0.01647421686747297,-1.9551005710225118,-0.21877398384506108,2.699735954880354,0.7617014498525398,7.0,1.0,47.97100067138672,48.2130012512207,48.029998779296875,7.67,22.94,43.6,0.291,0.404,1.641,0,1,0
1777636294.5190632,2809.384,1.619866132736206,-0.016495529805318654,-1.9550612608539026,-0.21885520616640264,2.6996960639953613,0.7617068886756897,0.0,0.0,-0.0,0.0,0.0,0.0,0.0823974683880806,5.493164539337158,-1.504254937171936,0.4800110459327698,0.1502838283777237,-0.0852356031537056,0.13424108194640483,-0.6594537742363283,0.9807036445126628,-0.9421751017957575,-0.8768896946910231,1.0541757772211013,0.0,0.0,0.0,0.0,0.0,0.0,1.6198333141838692,-0.01647421686747297,-1.9551005710225118,-0.21877398384506108,2.699735954880354,0.7617014498525398,7.0,1.0,47.97100067138672,48.2130012512207,48.029998779296875,7.67,22.94,43.6,0.291,0.404,1.641,0,1,0
1777636294.5262628,2809.392,1.619829773902893,-0.016471211110250294,-1.955097500477926,-0.2188189665423792,2.6996841430664062,0.7616949081420898,0.0,0.0,-0.0,0.0,0.0,0.0,0.0732421949505806,5.497742176055908,-1.504254937171936,0.4486084580421448,0.1547699123620987,-0.0919647291302681,0.13421699158457098,-0.659462374720306,0.9806778165119274,-0.9421575748255374,-0.87687217611249,1.0541202936296934,0.0,0.0,0.0,0.0,0.0,0.0,1.6198333141838692,-0.01647421686747297,-1.9551005710225118,-0.21877398384506108,2.699735954880354,0.7617014498525398,7.0,1.0,47.97100067138672,48.2130012512207,48.029998779296875,7.67,22.94,43.6,0.291,0.404,1.641,0,1,0
1777636294.5337343,2809.4,1.6198418140411377,-0.016495529805318654,-1.955073658620016,-0.21885520616640264,2.6997201442718506,0.7616709470748901,0.0,0.0,-0.0,0.0,0.0,0.0,0.0732421949505806,5.474853992462158,-1.5221893787384033,0.4643097519874573,0.1614990383386612,-0.0852356031537056,0.13421813985937806,-0.659455153669537,0.9806966391191239,-0.9421814674025959,-0.8769095009493522,1.0541342392069009,0.0,0.0,0.0,0.0,0.0,0.0,1.6198333141838692,-0.01647421686747297,-1.9551005710225118,-0.21877398384506108,2.699735954880354,0.7617014498525398,7.0,1.0,47.97100067138672,48.2130012512207,48.029998779296875,7.67,22.94,43.6,0.291,0.404,1.641,0,1,0
1777636294.537611,2809.4,1.6198418140411377,-0.016495529805318654,-1.955073658620016,-0.21885520616640264,2.6997201442718506,0.7616709470748901,0.0,0.0,-0.0,0.0,0.0,0.0,0.0732421949505806,5.474853992462158,-1.5221893787384033,0.4643097519874573,0.1614990383386612,-0.0852356031537056,0.13421813985937806,-0.659455153669537,0.9806966391191239,-0.9421814674025959,-0.8769095009493522,1.0541342392069009,0.0,0.0,0.0,0.0,0.0,0.0,1.6198333141838692,-0.01647421686747297,-1.9551005710225118,-0.21877398384506108,2.699735954880354,0.7617014498525398,7.0,1.0,47.97100067138672,48.2130012512207,48.029998779296875,7.68,22.9,43.61,0.288,0.409,1.643,0,0,1
1777636294.5478644,2809.408,1.6198418140411377,-0.016495529805318654,-1.955097500477926,-0.21883088747133428,2.6997082233428955,0.7616949081420898,0.0,0.0,-0.0,0.0,0.0,0.0,0.0823974683880806,5.470276355743408,-1.504254937171936,0.4598236680030823,0.1704712063074112,-0.0852356031537056,0.1342214088257624,-0.6594372537598531,0.9806960907152213,-0.9421906540528433,-0.8768882022313632,1.0541526303775353,0.0,0.0,0.0,0.0,0.0,0.0,1.6198333141838692,-0.01647421686747297,-1.9551005710225118,-0.21877398384506108,2.699735954880354,0.7617014498525398,7.0,1.0,47.97100067138672,48.2130012512207,48.029998779296875,7.68,22.9,43.61,0.288,0.409,1.643,0,1,0
1777636294.5498,2809.4159999999997,1.6198418140411377,-0.016483608876363576,-1.9550612608539026,-0.2188189665423792,2.6996841430664062,0.7616589069366455,0.0,0.0,-0.0,0.0,0.0,0.0,0.0915527418255806,5.479431629180908,-1.5109803676605225,0.4710388779640198,0.1570129543542862,-0.0829925611615181,0.13422187558716084,-0.6594882664791991,0.9806776674199942,-0.9421137527106214,-0.8769027621542693,1.054087890684895,0.0,0.0,0.0,0.0,0.0,0.0,1.6198333141838692,-0.01647421686747297,-1.9551005710225118,-0.21877398384506108,2.699735954880354,0.7617014498525398,7.0,1.0,47.97100067138672,48.2130012512207,48.029998779296875,7.68,22.9,43.61,0.288,0.409,1.643,0,1,0
1777636294.5554132,2809.424,1.6198418140411377,-0.016543213521138966,-1.9550851027118128,-0.21886712709535772,2.6996841430664062,0.7616589069366455,0.0,0.0,-0.0,0.0,0.0,0.0,0.1281738430261612,5.497742176055908,-1.5109803676605225,0.4575806260108948,0.1727142482995987,-0.0852356031537056,0.13421750117692338,-0.6594022229740307,0.980731882067268,-0.9422276911480402,-0.876848432361674,1.0541541211093763,0.0,0.0,0.0,0.0,0.0,0.0,1.6198333141838692,-0.01647421686747297,-1.9551005710225118,-0.21877398384506108,2.699735954880354,0.7617014498525398,7.0,1.0,47.97100067138672,48.22800064086914,48.029998779296875,7.68,22.9,43.61,0.288,0.409,1.643,0,1,0
1777636294.5629685,2809.432,1.6198418140411377,-0.016507450734273732,-1.9550851027118128,-0.21879512468446904,2.6996841430664062,0.76168292760849,0.0,0.0,-0.0,0.0,0.0,0.0,0.0457763709127903,5.511475086212158,-1.499771237373352,0.4687958359718323,0.1592559963464737,-0.0829925611615181,0.1342230104788411,-0.6594503798972883,0.9806925319677107,-0.942146932265422,-0.8768834278208104,1.0541204909980222,0.0,0.0,0.0,0.0,0.0,0.0,1.6198333141838692,-0.01647421686747297,-1.9551005710225118,-0.21877398384506108,2.699735954880354,0.7617014498525398,7.0,1.0,47.97100067138672,48.22800064086914,48.029998779296875,7.68,22.9,43.61,0.288,0.409,1.643,0,1,0
1777636294.5698576,2809.44,1.6198418140411377,-0.016531292592183888,-1.955073658620016,-0.21883088747133428,2.6996841430664062,0.7616709470748901,0.0,0.0,-0.0,0.0,0.0,0.0,0.0823974683880806,5.506897449493408,-1.502013087272644,0.4755249619483948,0.1637420803308487,-0.0874786451458931,0.13422050404099622,-0.659430921145165,0.9807155063314057,-0.942182357814514,-0.876868293785136,1.0541344840162676,0.0,0.0,0.0,0.0,0.0,0.0,1.6198333141838692,-0.01647421686747297,-1.9551005710225118,-0.21877398384506108,2.699735954880354,0.7617014498525398,7.0,1.0,47.97100067138672,48.22800064086914,48.029998779296875,7.68,22.9,43.61,0.288,0.409,1.643,0,1,0
1777636294.5785882,2809.448,1.6198538541793823,-0.016495529805318654,-1.9551094214068812,-0.2188189665423792,2.6996960639953613,0.76168292760849,0.0,0.0,-0.0,0.0,0.0,0.0,0.0869751051068306,5.516052722930908,-1.513222098350525,0.4732819199562073,0.1570129543542862,-0.0874786451458931,0.13422884763028556,-0.6594314077391933,0.980691879627523,-0.9421771007304883,-0.8768871850218837,1.0541507803757597,0.0,0.0,0.0,0.0,0.0,0.0,1.6198333141838692,-0.01647421686747297,-1.9551005710225118,-0.21877398384506108,2.699735954880354,0.7617014498525398,7.0,1.0,47.97100067138672,48.22800064086914,48.029998779296875,7.68,22.9,43.61,0.288,0.409,1.643,0,1,0
1777636294.58408,2809.4559999999997,1.6198538541793823,-0.016447369252340138,-1.955073658620016,-0.21885520616640264,2.6997082233428955,0.7616949081420898,0.0,0.0,-0.0,0.0,0.0,0.0,0.0640869215130806,5.502319812774658,-1.499771237373352,0.4710388779640198,0.1570129543542862,-0.0852356031537056,0.1342319516293675,-0.6594890274117393,0.9806694997530205,-0.9421452621302849,-0.8769146777281414,1.0541388133564806,0.0,0.0,0.0,0.0,0.0,0.0,1.6198333141838692,-0.01647421686747297,-1.9551005710225118,-0.21877398384506108,2.699735954880354,0.7617014498525398,7.0,1.0,47.97100067138672,48.22800064086914,48.029998779296875,7.68,22.9,43.61,0.288,0.409,1.643,0,1,0
1777636294.594924,2809.464,1.6198538541793823,-0.016459290181295216,-1.9551094214068812,-0.2188189665423792,2.6997082233428955,0.7616949081420898,0.0,0.0,-0.0,0.0,0.0,0.0,0.0732421949505806,5.511475086212158,-1.5401238203048706,0.4732819199562073,0.1637420803308487,-0.0874786451458931,0.13423056764309046,-0.6594602423996154,0.9806693206522141,-0.9421550918347327,-0.8769097998998123,1.0541446123916265,0.0,0.0,0.0,0.0,0.0,0.0,1.6198333141838692,-0.01647421686747297,-1.9551005710225118,-0.21877398384506108,2.699735954880354,0.7617014498525398,7.0,1.0,47.97100067138672,48.22800064086914,48.04600143432617,7.68,22.9,43.61,0.288,0.409,1.643,0,1,0
1777636294.599655,2809.4719999999998,1.619829773902893,-0.016471211110250294,-1.9550612608539026,-0.21883088747133428,2.6996841430664062,0.7617188692092896,0.0,0.0,-0.0,0.0,0.0,0.0,0.0732421949505806,5.488586902618408,-1.499771237373352,0.4665527939796448,0.1614990383386612,-0.0852356031537056,0.13422105169038256,-0.6594840469939091,0.9806834979297998,-0.9421491162286634,-0.8768729538474209,1.0541285800347437,0.0,0.0,0.0,0.0,0.0,0.0,1.6198333141838692,-0.01647421686747297,-1.9551005710225118,-0.21877398384506108,2.699735954880354,0.7617014498525398,7.0,1.0,47.97100067138672,48.22800064086914,48.04600143432617,7.68,22.9,43.61,0.288,0.409,1.643,0,1,0
1777636294.6063633,2809.48,1.619866132736206,-0.016495529805318654,-1.955097500477926,-0.21884280840028936,2.6996841430664062,0.7617068886756897,0.0,0.0,-0.0,0.0,0.0,0.0,0.0778198316693306,5.516052722930908,-1.5199475288391113,0.4687958359718323,0.1570129543542862,-0.0852356031537056,0.1342408856728178,-0.659426723783211,0.9807027334838264,-0.942192784130986,-0.876867711834694,1.0541858739176384,0.0,0.0,0.0,0.0,0.0,0.0,1.6198333141838692,-0.01647421686747297,-1.9551005710225118,-0.21877398384506108,2.699735954880354,0.7617014498525398,7.0,1.0,47.97100067138672,48.22800064086914,48.04600143432617,7.68,22.9,43.61,0.288,0.409,1.643,0,1,0
1777636294.61317,2809.488,1.6198418140411377,-0.016483608876363576,-1.9550612608539026,-0.21884280840028936,2.699672222137451,0.7616589069366455,0.0,0.0,-0.0,0.0,0.0,0.0,0.0686645582318306,5.516052722930908,-1.4885622262954712,0.4643097519874573,0.1502838283777237,-0.0897216871380806,0.13422258503367002,-0.6594802494578965,0.9806848427668954,-0.9421314918292232,-0.8768809215787373,1.0540979750355381,0.0,0.0,0.0,0.0,0.0,0.0,1.6198333141838692,-0.01647421686747297,-1.9551005710225118,-0.21877398384506108,2.699735954880354,0.7617014498525398,7.0,1.0,47.97100067138672,48.22800064086914,48.04600143432617,7.68,22.9,43.61,0.288,0.409,1.643,0,1,0
1777636294.6201208,2809.496,1.6198418140411377,-0.016495529805318654,-1.955073658620016,-0.21879512468446904,2.6996960639953613,0.7616709470748901,0.0,0.0,-0.0,0.0,0.0,0.0,0.0823974683880806,5.511475086212158,-1.5087385177612305,0.4486084580421448,0.1727142482995987,-0.0829925611615181,0.13422150387574983,-0.6594731656598982,0.9806812467259105,-0.9421233762833641,-0.8769098312711667,1.0541003470036943,0.0,0.0,0.0,0.0,0.0,0.0,1.6198333141838692,-0.01647421686747297,-1.9551005710225118,-0.21877398384506108,2.699735954880354,0.7617014498525398,7.0,1.0,48.01499938964844,48.198001861572266,48.04600143432617,7.68,22.9,43.61,0.288,0.409,1.643,0,1,0
1777636294.6276948,2809.504,1.6198418140411377,-0.01651937166322881,-1.9550851027118128,-0.21889096895326787,2.6996841430664062,0.7617308497428894,0.0,0.0,-0.0,0.0,0.0,0.0,0.0823974683880806,5.561829090118408,-1.5266729593276978,0.4844971299171448,0.1480407863855362,-0.0852356031537056,0.13422624441499864,-0.659399842758567,0.9807355442535268,-0.9422655705503389,-0.8768204309241739,1.0542155420211319,0.0,0.0,0.0,0.0,0.0,0.0,1.6198333141838692,-0.01647421686747297,-1.9551005710225118,-0.21877398384506108,2.699735954880354,0.7617014498525398,7.0,1.0,48.01499938964844,48.198001861572266,48.04600143432617,7.68,22.9,43.61,0.288,0.409,1.643,0,1,0
1777636294.6353302,2809.5119999999997,1.619866132736206,-0.016471211110250294,-1.955073658620016,-0.21884280840028936,2.6997201442718506,0.7616709470748901,0.0,0.0,-0.0,0.0,0.0,0.0,0.0686645582318306,5.511475086212158,-1.4885622262954712,0.4508515000343323,0.1682281643152237,-0.0874786451458931,0.1342354163753326,-0.6594765199314101,0.9806770363872801,-0.9421411479969443,-0.8769380787388075,1.0541365270024647,0.0,0.0,0.0,0.0,0.0,0.0,1.6198333141838692,-0.01647421686747297,-1.9551005710225118,-0.21877398384506108,2.699735954880354,0.7617014498525398,7.0,1.0,48.01499938964844,48.198001861572266,48.04600143432617,7.68,22.9,43.61,0.288,0.409,1.643,0,1,0
1777636294.708182,2809.52,1.619817852973938,-0.016531292592183888,-1.9550851027118128,-0.21879512468446904,2.699672222137451,0.76168292760849,0.0,0.0,-0.0,0.0,0.0,0.0,0.0869751051068306,5.534363269805908,-1.5177057981491089,0.4687958359718323,0.1682281643152237,-0.0874786451458931,0.1342073468669168,-0.6594328064747554,0.9807089860052195,-0.9421730061798032,-0.8768482853193679,1.054110184344936,0.0,0.0,0.0,0.0,0.0,0.0,1.6198333141838692,-0.01647421686747297,-1.9551005710225118,-0.21877398384506108,2.699735954880354,0.7617014498525398,7.0,1.0,48.01499938964844,48.198001861572266,48.04600143432617,7.68,22.9,43.61,0.288,0.409,1.643,0,1,0
1777636294.708256,2809.528,1.619829773902893,-0.016507450734273732,-1.9551094214068812,-0.21880704561342412,2.6997082233428955,0.7616709470748901,0.0,0.0,-0.0,0.0,0.0,0.0,0.1144409328699112,5.506897449493408,-1.513222098350525,0.4710388779640198,0.1525268703699112,-0.0852356031537056,0.13421016401097663,-0.6594312693411485,0.9806937596797655,-0.9421822372576487,-0.8768908227845698,1.0541218985050753,0.0,0.0,0.0,0.0,0.0,0.0,1.6198333141838692,-0.01647421686747297,-1.9551005710225118,-0.21877398384506108,2.699735954880354,0.7617014498525398,7.0,1.0,48.01499938964844,48.198001861572266,48.04600143432617,7.68,22.9,43.61,0.288,0.409,1.643,0,1,0
1777636294.7106493,2809.536,1.619866132736206,-0.016495529805318654,-1.9550851027118128,-0.2188189665423792,2.6996960639953613,0.7616589069366455,0.0,0.0,-0.0,0.0,0.0,0.0,0.0778198316693306,5.479431629180908,-1.504254937171936,0.4755249619483948,0.1637420803308487,-0.0942077711224556,0.13423525827900018,-0.6594552756395704,0.980686270013143,-0.9421391015638952,-0.8769134169251555,1.0541285398715747,0.0,0.0,0.0,0.0,0.0,0.0,1.6198333141838692,-0.01647421686747297,-1.9551005710225118,-0.21877398384506108,2.699735954880354,0.7617014498525398,7.0,1.0,48.01499938964844,48.198001861572266,48.04600143432617,7.68,22.9,43.61,0.288,0.409,1.643,0,1,0
1777636294.7107074,2809.544,1.619817852973938,-0.01651937166322881,-1.9550851027118128,-0.21885520616640264,2.699672222137451,0.7616949081420898,0.0,0.0,-0.0,0.0,0.0,0.0,0.0595092847943306,5.543518543243408,-1.5378820896148682,0.4575806260108948,0.1682281643152237,-0.0852356031537056,0.13420813491172223,-0.6594214488975844,0.9807197982758555,-0.9422211335265952,-0.876823870094306,1.0541445221255965,0.0,0.0,0.0,0.0,0.0,0.0,1.6198333141838692,-0.01647421686747297,-1.9551005710225118,-0.21877398384506108,2.699735954880354,0.7617014498525398,7.0,1.0,48.01499938964844,48.198001861572266,48.04600143432617,7.68,22.9,43.61,0.288,0.409,1.643,0,1,0
1777636294.7107444,2809.5519999999997,1.6198418140411377,-0.016495529805318654,-1.955073658620016,-0.21885520616640264,2.699672222137451,0.76168292760849,0.0,0.0,-0.0,0.0,0.0,0.0,0.1190185695886612,5.506897449493408,-1.499771237373352,0.4620667099952698,0.1659851223230362,-0.0874786451458931,0.13422406238018653,-0.6594506902041614,0.9807011753453645,-0.9421759053504553,-0.8768563831496318,1.0541369755172387,0.0,0.0,0.0,0.0,0.0,0.0,1.6198333141838692,-0.01647421686747297,-1.9551005710225118,-0.21877398384506108,2.699735954880354,0.7617014498525398,7.0,1.0,48.01499938964844,48.198001861572266,48.04600143432617,7.68,22.9,43.61,0.288,0.409,1.643,0,1,0
1777636294.7203016,2809.56,1.6198538541793823,-0.016507450734273732,-1.9550851027118128,-0.21884280840028936,2.6996960639953613,0.7617068886756897,0.0,0.0,-0.0,0.0,0.0,0.0,0.0503540076315403,5.493164539337158,-1.5109803676605225,0.4777680039405823,0.1659851223230362,-0.0762634351849556,0.1342316859209005,-0.6594291306566233,0.9807094154840209,-0.9421996112109112,-0.8768731910035013,1.0541770481991528,0.0,0.0,0.0,0.0,0.0,0.0,1.6198333141838692,-0.01647421686747297,-1.9551005710225118,-0.21877398384506108,2.699735954880354,0.7617014498525398,7.0,1.0,48.01499938964844,48.198001861572266,48.04600143432617,7.68,22.9,43.61,0.288,0.409,1.643,0,1,0
1777636294.7204938,2809.56,1.6198538541793823,-0.016507450734273732,-1.9550851027118128,-0.21884280840028936,2.6996960639953613,0.7617068886756897,0.0,0.0,-0.0,0.0,0.0,0.0,0.0503540076315403,5.493164539337158,-1.5109803676605225,0.4777680039405823,0.1659851223230362,-0.0762634351849556,0.1342316859209005,-0.6594291306566233,0.9807094154840209,-0.9421996112109112,-0.8768731910035013,1.0541770481991528,0.0,0.0,0.0,0.0,0.0,0.0,1.6198333141838692,-0.01647421686747297,-1.9551005710225118,-0.21877398384506108,2.699735954880354,0.7617014498525398,7.0,1.0,48.01499938964844,48.198001861572266,48.04600143432617,7.67,22.89,43.58,0.291,0.412,1.645,0,0,1
1777636294.7206697,2809.5679999999998,1.6198538541793823,-0.016507450734273732,-1.9550851027118128,-0.21885520616640264,2.6996960639953613,0.7616949081420898,0.0,0.0,-0.0,0.0,0.0,0.0,0.0595092847943306,5.456543445587158,-1.5087385177612305,0.4687958359718323,0.1682281643152237,-0.0874786451458931,0.13423010409563002,-0.6594277357093529,0.9807106831255776,-0.9422040757156178,-0.8768727752975194,1.05417301831021,0.0,0.0,0.0,0.0,0.0,0.0,1.6198333141838692,-0.01647421686747297,-1.9551005710225118,-0.21877398384506108,2.699735954880354,0.7617014498525398,7.0,1.0,48.01499938964844,48.22800064086914,48.04600143432617,7.67,22.89,43.58,0.291,0.412,1.645,0,1,0
1777636294.7305677,2809.576,1.6198900938034058,-0.016471211110250294,-1.955073658620016,-0.21886712709535772,2.699648141860962,0.7616949081420898,0.0,0.0,-0.0,0.0,0.0,0.0,0.0823974683880806,5.493164539337158,-1.502013087272644,0.4329071640968323,0.1525268703699112,-0.0897216871380806,0.13426035922291257,-0.6594576562208282,0.9806916387170851,-0.9421486003634911,-0.8768591820693877,1.0541784174810378,0.0,0.0,0.0,0.0,0.0,0.0,1.6198333141838692,-0.01647421686747297,-1.9551005710225118,-0.21877398384506108,2.699735954880354,0.7617014498525398,7.0,1.0,47.986000061035156,48.22800064086914,48.04600143432617,7.67,22.89,43.58,0.291,0.412,1.645,0,1,0
1777636294.7342024,2809.584,1.6198781728744507,-0.016459290181295216,-1.955073658620016,-0.21884280840028936,2.6996960639953613,0.7617068886756897,0.0,0.0,-0.0,0.0,0.0,0.0,0.0686645582318306,5.479431629180908,-1.5109803676605225,0.4575806260108948,0.1614990383386612,-0.0897216871380806,0.13425022964972866,-0.6594765123494664,0.9806767675735968,-0.9421395384826385,-0.8769112901385142,1.054167759733291,0.0,0.0,0.0,0.0,0.0,0.0,1.6198333141838692,-0.01647421686747297,-1.9551005710225118,-0.21877398384506108,2.699735954880354,0.7617014498525398,7.0,1.0,47.986000061035156,48.22800064086914,48.04600143432617,7.67,22.89,43.58,0.291,0.412,1.645,0,1,0
1777636294.7343366,2809.592,1.6198418140411377,-0.016507450734273732,-1.9550851027118128,-0.2188790480243128,2.6997201442718506,0.7617188692092896,0.0,0.0,-0.0,0.0,0.0,0.0,0.1098632961511612,5.497742176055908,-1.5109803676605225,0.4687958359718323,0.1457977443933487,-0.0807495191693306,0.13422216786668817,-0.659417745169324,0.9807203793080037,-0.9422475407475241,-0.8768713289205287,1.0541989373666756,0.0,0.0,0.0,0.0,0.0,0.0,1.6198333141838692,-0.01647421686747297,-1.9551005710225118,-0.21877398384506108,2.699735954880354,0.7617014498525398,7.0,1.0,47.986000061035156,48.22800064086914,48.04600143432617,7.67,22.89,43.58,0.291,0.412,1.645,0,1,0
1777636294.7345004,2809.6,1.6198538541793823,-0.016459290181295216,-1.9550851027118128,-0.21885520616640264,2.6997082233428955,0.7617188692092896,0.0,0.0,-0.0,0.0,0.0,0.0,0.0778198316693306,5.529785633087158,-1.5109803676605225,0.4486084580421448,0.1614990383386612,-0.0919647291302681,0.13423368365434457,-0.6594642009517271,0.9806823483234549,-0.9421780608505567,-0.8768956489395275,1.0541710697928846,0.0,0.0,0.0,0.0,0.0,0.0,1.6198333141838692,-0.01647421686747297,-1.9551005710225118,-0.21877398384506108,2.699735954880354,0.7617014498525398,7.0,1.0,47.986000061035156,48.22800064086914,48.04600143432617,7.67,22.89,43.58,0.291,0.412,1.645,0,1,0
1777636294.734617,2809.6079999999997,1.6198538541793823,-0.016507450734273732,-1.9551213423358362,-0.2188189665423792,2.6997082233428955,0.7616949081420898,0.0,0.0,-0.0,0.0,0.0,0.0,0.1281738430261612,5.493164539337158,-1.5087385177612305,0.4822540879249573,0.1390686184167862,-0.0897216871380806,0.13422804116350273,-0.6594091954279451,0.9807019926317015,-0.9422070270376103,-0.8768849249749937,1.0541749361121633,0.0,0.0,0.0,0.0,0.0,0.0,1.6198333141838692,-0.01647421686747297,-1.9551005710225118,-0.21877398384506108,2.699735954880354,0.7617014498525398,7.0,1.0,47.986000061035156,48.22800064086914,48.06100082397461,7.67,22.89,43.58,0.291,0.412,1.645,0,1,0
1777636294.734696,2809.616,1.6198538541793823,-0.016531292592183888,-1.9551094214068812,-0.2188189665423792,2.6996841430664062,0.7616949081420898,0.0,0.0,-0.0,0.0,0.0,0.0,0.0549316480755806,5.497742176055908,-1.504254937171936,0.4508515000343323,0.1502838283777237,-0.0807495191693306,0.13422984606850996,-0.6593979416350753,0.9807184189018625,-0.9422113434440645,-0.87685565730124,1.0541772338443167,0.0,0.0,0.0,0.0,0.0,0.0,1.6198333141838692,-0.01647421686747297,-1.9551005710225118,-0.21877398384506108,2.699735954880354,0.7617014498525398,7.0,1.0,47.986000061035156,48.22800064086914,48.06100082397461,7.67,22.89,43.58,0.291,0.412,1.645,0,1,0
1777636294.740117,2809.624,1.619829773902893,-0.016495529805318654,-1.9550851027118128,-0.2188189665423792,2.6997082233428955,0.76168292760849,0.0,0.0,-0.0,0.0,0.0,0.0,0.0549316480755806,5.506897449493408,-1.5064966678619385,0.4575806260108948,0.1614990383386612,-0.0852356031537056,0.13421285178847037,-0.6594555895120443,0.9806899873447803,-0.9421675115806165,-0.8768962675440931,1.0541198941333947,0.0,0.0,0.0,0.0,0.0,0.0,1.6198333141838692,-0.01647421686747297,-1.9551005710225118,-0.21877398384506108,2.699735954880354,0.7617014498525398,7.0,1.0,47.986000061035156,48.22800064086914,48.06100082397461,7.67,22.89,43.58,0.291,0.412,1.645,0,1,0
1777636294.7536268,2809.632,1.6198781728744507,-0.016483608876363576,-1.9550612608539026,-0.21880704561342412,2.6996841430664062,0.7616469264030457,0.0,0.0,-0.0,0.0,0.0,0.0,0.1190185695886612,5.506897449493408,-1.504254937171936,0.4732819199562073,0.1614990383386612,-0.0874786451458931,0.1342447058970743,-0.6594896759582973,0.9806722203089924,-0.9420843307862201,-0.8769323979507597,1.0541027614613072,0.0,0.0,0.0,0.0,0.0,0.0,1.6198333141838692,-0.01647421686747297,-1.9551005710225118,-0.21877398384506108,2.699735954880354,0.7617014498525398,7.0,1.0,47.986000061035156,48.22800064086914,48.06100082397461,7.67,22.89,43.58,0.291,0.412,1.645,0,1,0
1777636294.760954,2809.64,1.6198538541793823,-0.016471211110250294,-1.9550612608539026,-0.21880704561342412,2.6996841430664062,0.7616709470748901,0.0,0.0,-0.0,0.0,0.0,0.0,0.1098632961511612,5.470276355743408,-1.515463948249817,0.4844971299171448,0.1614990383386612,-0.0785064771771431,0.13423191498741788,-0.6594984411461631,0.9806682932305486,-0.942094788271721,-0.8769147346548457,1.0540962400038612,0.0,0.0,0.0,0.0,0.0,0.0,1.6198333141838692,-0.01647421686747297,-1.9551005710225118,-0.21877398384506108,2.699735954880354,0.7617014498525398,7.0,1.0,47.986000061035156,48.22800064086914,48.06100082397461,7.67,22.89,43.58,0.291,0.412,1.645,0,1,0
1777636294.7610993,2809.6479999999997,1.6198058128356934,-0.016483608876363576,-1.9550612608539026,-0.21886712709535772,2.6997201442718506,0.7617068886756897,0.0,0.0,-0.0,0.0,0.0,0.0,0.1052856519818306,5.529785633087158,-1.5087385177612305,0.4643097519874573,0.1682281643152237,-0.0852356031537056,0.1341992970091997,-0.6594692312980885,0.9806978083089408,-0.942202311711731,-0.8768807824848383,1.054127919149056,0.0,0.0,0.0,0.0,0.0,0.0,1.6198333141838692,-0.01647421686747297,-1.9551005710225118,-0.21877398384506108,2.699735954880354,0.7617014498525398,7.0,1.0,47.986000061035156,48.22800064086914,48.06100082397461,7.67,22.89,43.58,0.291,0.412,1.645,0,1,0
1777636294.7657773,2809.656,1.619829773902893,-0.016543213521138966,-1.9551094214068812,-0.21885520616640264,2.6996960639953613,0.7616589069366455,0.0,0.0,-0.0,0.0,0.0,0.0,0.0778198316693306,5.511475086212158,-1.5064966678619385,0.4912262558937073,0.1637420803308487,-0.0919647291302681,0.13420759874393562,-0.6593876315880187,0.9807292857259687,-0.9422455925904566,-0.8768486507139885,1.0541519170312625,0.0,0.0,0.0,0.0,0.0,0.0,1.6198333141838692,-0.01647421686747297,-1.9551005710225118,-0.21877398384506108,2.699735954880354,0.7617014498525398,7.0,1.0,47.97100067138672,48.22800064086914,48.06100082397461,7.67,22.89,43.58,0.291,0.412,1.645,0,1,0
1777636294.771838,2809.6639999999998,1.619817852973938,-0.016507450734273732,-1.9550851027118128,-0.21880704561342412,2.6996960639953613,0.7616709470748901,0.0,0.0,-0.0,0.0,0.0,0.0,0.0778198316693306,5.502319812774658,-1.502013087272644,0.4687958359718323,0.1502838283777237,-0.0897216871380806,0.13420450119707597,-0.6594528341929002,0.9806930757473746,-0.9421623567864247,-0.8768820337751315,1.0540975998098396,0.0,0.0,0.0,0.0,0.0,0.0,1.6198333141838692,-0.01647421686747297,-1.9551005710225118,-0.21877398384506108,2.699735954880354,0.7617014498525398,7.0,1.0,47.97100067138672,48.22800064086914,48.06100082397461,7.67,22.89,43.58,0.291,0.412,1.645,0,1,0
1777636294.778279,2809.672,1.6198538541793823,-0.016483608876363576,-1.955097500477926,-0.21884280840028936,2.699648141860962,0.7616949081420898,0.0,0.0,-0.0,0.0,0.0,0.0,0.0274658240377903,5.534363269805908,-1.513222098350525,0.4575806260108948,0.1502838283777237,-0.0852356031537056,0.13423535451882557,-0.6594395909186208,0.9806944359472056,-0.9421716016335302,-0.8768341523448803,1.0541534630977731,0.0,0.0,0.0,0.0,0.0,0.0,1.6198333141838692,-0.01647421686747297,-1.9551005710225118,-0.21877398384506108,2.699735954880354,0.7617014498525398,7.0,1.0,47.97100067138672,48.22800064086914,48.06100082397461,7.67,22.89,43.58,0.291,0.412,1.645,0,1,0
1777636294.7854283,2809.68,1.6198418140411377,-0.016471211110250294,-1.955073658620016,-0.2188189665423792,2.6996960639953613,0.7616709470748901,0.0,0.0,-0.0,0.0,0.0,0.0,0.1052856519818306,5.461121082305908,-1.5087385177612305,0.4553375840187073,0.1637420803308487,-0.0852356031537056,0.13422209626449247,-0.6594863435945274,0.9806716498404979,-0.9421230534843765,-0.8769101056938525,1.0541000068338413,0.0,0.0,0.0,0.0,0.0,0.0,1.6198333141838692,-0.01647421686747297,-1.9551005710225118,-0.21877398384506108,2.699735954880354,0.7617014498525398,7.0,1.0,47.97100067138672,48.22800064086914,48.029998779296875,7.67,22.89,43.58,0.291,0.412,1.645,0,1,0
1777636294.7961702,2809.6879999999996,1.6198538541793823,-0.01651937166322881,-1.955073658620016,-0.21880704561342412,2.6997082233428955,0.7617188692092896,0.0,0.0,-0.0,0.0,0.0,0.0,0.1190185695886612,5.474853992462158,-1.5356402397155762,0.4687958359718323,0.1659851223230362,-0.0897216871380806,0.13423251814353648,-0.6594378756550995,0.9807084176195661,-0.9421782677934211,-0.8768953036493987,1.054171554713108,0.0,0.0,0.0,0.0,0.0,0.0,1.6198333141838692,-0.01647421686747297,-1.9551005710225118,-0.21877398384506108,2.699735954880354,0.7617014498525398,7.0,1.0,47.97100067138672,48.22800064086914,48.029998779296875,7.67,22.89,43.58,0.291,0.412,1.645,0,1,0
1777636294.8014286,2809.696,1.6198418140411377,-0.016483608876363576,-1.9550612608539026,-0.2188790480243128,2.6996841430664062,0.7617068886756897,0.0,0.0,-0.0,0.0,0.0,0.0,0.0869751051068306,5.493164539337158,-1.5087385177612305,0.4732819199562073,0.1547699123620987,-0.0919647291302681,0.13422625330111673,-0.6594591745103908,0.9807028881462454,-0.9421910911982314,-0.8768593652809022,1.0541590402722067,0.0,0.0,0.0,0.0,0.0,0.0,1.6198333141838692,-0.01647421686747297,-1.9551005710225118,-0.21877398384506108,2.699735954880354,0.7617014498525398,7.0,1.0,47.97100067138672,48.22800064086914,48.029998779296875,7.67,22.89,43.58,0.291,0.412,1.645,0,1,0
1777636294.8076417,2809.7039999999997,1.6198781728744507,-0.016483608876363576,-1.9551094214068812,-0.2188189665423792,2.699660301208496,0.7616469264030457,0.0,0.0,-0.0,0.0,0.0,0.0,0.0686645582318306,5.525207996368408,-1.515463948249817,0.4665527939796448,0.1570129543542862,-0.0829925611615181,0.13424469897663002,-0.6594444302113496,0.9806792488704883,-0.9421304928975952,-0.876883438514249,1.0541291615232218,0.0,0.0,0.0,0.0,0.0,0.0,1.6198333141838692,-0.01647421686747297,-1.9551005710225118,-0.21877398384506108,2.699735954880354,0.7617014498525398,7.0,1.0,47.97100067138672,48.22800064086914,48.029998779296875,7.67,22.89,43.58,0.291,0.412,1.645,0,1,0
1777636294.8146102,2809.712,1.6198418140411377,-0.016531292592183888,-1.9550493399249476,-0.21884280840028936,2.699672222137451,0.7617188692092896,0.0,0.0,-0.0,0.0,0.0,0.0,0.0915527418255806,5.525207996368408,-1.5109803676605225,0.4710388779640198,0.1592559963464737,-0.0874786451458931,0.1342279102820807,-0.6594370359749671,0.9807267226939231,-0.9421938615522676,-0.8768427277048869,1.0541673725767595,0.0,0.0,0.0,0.0,0.0,0.0,1.6198333141838692,-0.01647421686747297,-1.9551005710225118,-0.21877398384506108,2.699735954880354,0.7617014498525398,7.0,1.0,47.97100067138672,48.22800064086914,48.029998779296875,7.67,22.89,43.58,0.291,0.412,1.645,0,1,0
1777636294.8218622,2809.72,1.6198781728744507,-0.016471211110250294,-1.9550612608539026,-0.21884280840028936,2.6996960639953613,0.7617068886756897,0.0,0.0,-0.0,0.0,0.0,0.0,0.0961303785443306,5.529785633087158,-1.513222098350525,0.4710388779640198,0.1637420803308487,-0.0874786451458931,0.1342502616259834,-0.6594767885817261,0.9806840417796358,-0.9421390995394618,-0.8769114958874532,1.0541675659657608,0.0,0.0,0.0,0.0,0.0,0.0,1.6198333141838692,-0.01647421686747297,-1.9551005710225118,-0.21877398384506108,2.699735954880354,0.7617014498525398,7.0,1.0,47.97100067138672,48.22800064086914,48.029998779296875,7.67,22.89,43.58,0.291,0.412,1.645,0,1,0
1777636294.8259902,2809.72,1.6198781728744507,-0.016471211110250294,-1.9550612608539026,-0.21884280840028936,2.6996960639953613,0.7617068886756897,0.0,0.0,-0.0,0.0,0.0,0.0,0.0961303785443306,5.529785633087158,-1.513222098350525,0.4710388779640198,0.1637420803308487,-0.0874786451458931,0.1342502616259834,-0.6594767885817261,0.9806840417796358,-0.9421390995394618,-0.8769114958874532,1.0541675659657608,0.0,0.0,0.0,0.0,0.0,0.0,1.6198333141838692,-0.01647421686747297,-1.9551005710225118,-0.21877398384506108,2.699735954880354,0.7617014498525398,7.0,1.0,47.97100067138672,48.22800064086914,48.029998779296875,7.66,22.87,43.56,0.289,0.411,1.643,0,0,1
1777636294.829094,2809.728,1.619829773902893,-0.016507450734273732,-1.9550493399249476,-0.21884280840028936,2.699672222137451,0.7617188692092896,0.0,0.0,-0.0,0.0,0.0,0.0,0.1144409328699112,5.506897449493408,-1.5064966678619385,0.4643097519874573,0.1592559963464737,-0.0829925611615181,0.1342209681009181,-0.6594589592117134,0.9807108607369439,-0.9421774955683342,-0.8768459506647907,1.054145025860099,0.0,0.0,0.0,0.0,0.0,0.0,1.6198333141838692,-0.01647421686747297,-1.9551005710225118,-0.21877398384506108,2.699735954880354,0.7617014498525398,7.0,1.0,48.0,48.22800064086914,48.029998779296875,7.66,22.87,43.56,0.289,0.411,1.643,0,1,0
1777636294.8363864,2809.736,1.6198781728744507,-0.016531292592183888,-1.955073658620016,-0.21880704561342412,2.6996841430664062,0.7616949081420898,0.0,0.0,-0.0,0.0,0.0,0.0,0.0915527418255806,5.479431629180908,-1.5199475288391113,0.4710388779640198,0.1570129543542862,-0.0785064771771431,0.13424762687258665,-0.6594285290292853,0.9807132342822082,-0.9421614729357788,-0.8768888007709119,1.0541741136027882,0.0,0.0,0.0,0.0,0.0,0.0,1.6198333141838692,-0.01647421686747297,-1.9551005710225118,-0.21877398384506108,2.699735954880354,0.7617014498525398,7.0,1.0,48.0,48.22800064086914,48.029998779296875,7.66,22.87,43.56,0.289,0.411,1.643,0,1,0
1777636294.8452358,2809.7439999999997,1.6198418140411377,-0.01651937166322881,-1.9550374189959925,-0.21880704561342412,2.6996841430664062,0.7616949081420898,0.0,0.0,-0.0,0.0,0.0,0.0,0.1373291164636612,5.511475086212158,-1.5087385177612305,0.4732819199562073,0.1727142482995987,-0.0874786451458931,0.1342257012825113,-0.659474048605176,0.9807033832265248,-0.9421325674731871,-0.8768886910639386,1.0541188170679612,0.0,0.0,0.0,0.0,0.0,0.0,1.6198333141838692,-0.01647421686747297,-1.9551005710225118,-0.21877398384506108,2.699735954880354,0.7617014498525398,7.0,1.0,48.0,48.22800064086914,48.029998779296875,7.66,22.87,43.56,0.289,0.411,1.643,0,1,0
1777636294.8512325,2809.752,1.6198418140411377,-0.01651937166322881,-1.9550493399249476,-0.21885520616640264,2.699648141860962,0.7616949081420898,0.0,0.0,-0.0,0.0,0.0,0.0,0.0640869215130806,5.548096179962158,-1.5177057981491089,0.4598236680030823,0.1637420803308487,-0.0919647291302681,0.13422775904092532,-0.6594473428677677,0.9807191005481607,-0.9421757761281888,-0.8768275798885723,1.0541432991357786,0.0,0.0,0.0,0.0,0.0,0.0,1.6198333141838692,-0.01647421686747297,-1.9551005710225118,-0.21877398384506108,2.699735954880354,0.7617014498525398,7.0,1.0,48.0,48.22800064086914,48.01499938964844,7.66,22.87,43.56,0.289,0.411,1.643,0,1,0
1777636294.8585222,2809.7599999999998,1.6198418140411377,-0.016471211110250294,-1.9550851027118128,-0.21880704561342412,2.6996960639953613,0.7616949081420898,0.0,0.0,-0.0,0.0,0.0,0.0,0.0732421949505806,5.506897449493408,-1.5087385177612305,0.4463654160499573,0.1413116604089737,-0.0807495191693306,0.13422454022179484,-0.6594754378121819,0.9806732757899559,-0.9421352085406188,-0.8769009064236815,1.0541202616757273,0.0,0.0,0.0,0.0,0.0,0.0,1.6198333141838692,-0.01647421686747297,-1.9551005710225118,-0.21877398384506108,2.699735954880354,0.7617014498525398,7.0,1.0,48.0,48.22800064086914,48.01499938964844,7.66,22.87,43.56,0.289,0.411,1.643,0,1,0
1777636294.8656528,2809.768,1.619829773902893,-0.016483608876363576,-1.9550612608539026,-0.21885520616640264,2.6997320652008057,0.7616349458694458,0.0,0.0,-0.0,0.0,0.0,0.0,0.0823974683880806,5.516052722930908,-1.513222098350525,0.4844971299171448,0.1682281643152237,-0.0897216871380806,0.13420600613203892,-0.6594854164911165,0.9806809815376111,-0.9421487002219481,-0.8769390287190046,1.0540827802206298,0.0,0.0,0.0,0.0,0.0,0.0,1.6198333141838692,-0.01647421686747297,-1.9551005710225118,-0.21877398384506108,2.699735954880354,0.7617014498525398,7.0,1.0,48.0,48.22800064086914,48.01499938964844,7.66,22.87,43.56,0.289,0.411,1.643,0,1,0
1777636294.8726103,2809.776,1.6198538541793823,-0.016507450734273732,-1.9550851027118128,-0.21883088747133428,2.6996841430664062,0.7616709470748901,0.0,0.0,-0.0,0.0,0.0,0.0,0.0640869215130806,5.502319812774658,-1.504254937171936,0.4800110459327698,0.1413116604089737,-0.0807495191693306,0.13422895157271905,-0.6594399849189777,0.9807002507572447,-0.9421674380947905,-0.8768800624406233,1.054138469781944,0.0,0.0,0.0,0.0,0.0,0.0,1.6198333141838692,-0.01647421686747297,-1.9551005710225118,-0.21877398384506108,2.699735954880354,0.7617014498525398,7.0,1.0,48.0,48.22800064086914,48.01499938964844,7.66,22.87,43.56,0.289,0.411,1.643,0,1,0
1777636294.8792524,2809.7839999999997,1.619817852973938,-0.016483608876363576,-1.9550851027118128,-0.21883088747133428,2.6996841430664062,0.7616949081420898,0.0,0.0,-0.0,0.0,0.0,0.0,0.1098632961511612,5.456543445587158,-1.5064966678619385,0.4710388779640198,0.1727142482995987,-0.0897216871380806,0.13420892961136072,-0.6594600773560629,0.9806886993438906,-0.942172083045152,-0.8768607097265501,1.0541161228547389,0.0,0.0,0.0,0.0,0.0,0.0,1.6198333141838692,-0.01647421686747297,-1.9551005710225118,-0.21877398384506108,2.699735954880354,0.7617014498525398,7.0,1.0,48.0,48.22800064086914,48.01499938964844,7.66,22.87,43.56,0.289,0.411,1.643,0,1,0
1777636294.886651,2809.792,1.6198418140411377,-0.016531292592183888,-1.955097500477926,-0.2188189665423792,2.6996960639953613,0.7616949081420898,0.0,0.0,-0.0,0.0,0.0,0.0,0.0320434607565403,5.497742176055908,-1.5064966678619385,0.4575806260108948,0.1457977443933487,-0.0897216871380806,0.13422128237757225,-0.6594100685932205,0.9807171956737231,-0.9422082001406347,-0.8768660043250179,1.054162825919057,0.0,0.0,0.0,0.0,0.0,0.0,1.6198333141838692,-0.01647421686747297,-1.9551005710225118,-0.21877398384506108,2.699735954880354,0.7617014498525398,7.0,1.0,48.0,48.22800064086914,48.01499938964844,7.66,22.87,43.56,0.289,0.411,1.643,0,1,0
1777636294.8952065,2809.7999999999997,1.619866132736206,-0.016495529805318654,-1.955097500477926,-0.21880704561342412,2.6997082233428955,0.76168292760849,0.0,0.0,-0.0,0.0,0.0,0.0,0.0915527418255806,5.493164539337158,-1.5064966678619385,0.4800110459327698,0.1682281643152237,-0.0852356031537056,0.1342365104014076,-0.6594440473378242,0.9806873527548613,-0.9421551221265398,-0.876916090322925,1.0541512289311057,0.0,0.0,0.0,0.0,0.0,0.0,1.6198333141838692,-0.01647421686747297,-1.9551005710225118,-0.21877398384506108,2.699735954880354,0.7617014498525398,7.0,1.0,48.0,48.22800064086914,48.01499938964844,7.66,22.87,43.56,0.289,0.411,1.643,0,1,0
1777636294.9010043,2809.808,1.6198538541793823,-0.016507450734273732,-1.9550493399249476,-0.2188189665423792,2.6996841430664062,0.7617188692092896,0.0,0.0,-0.0,0.0,0.0,0.0,0.1007080152630806,5.488586902618408,-1.4975295066833496,0.4687958359718323,0.1592559963464737,-0.0852356031537056,0.13423613849178967,-0.6594637442726105,0.9807036858493725,-0.9421512908334545,-0.876881082201002,1.0541555334575459,0.0,0.0,0.0,0.0,0.0,0.0,1.6198333141838692,-0.01647421686747297,-1.9551005710225118,-0.21877398384506108,2.699735954880354,0.7617014498525398,7.0,1.0,47.986000061035156,48.22800064086914,48.01499938964844,7.66,22.87,43.56,0.289,0.411,1.643,0,1,0
1777636294.9082594,2809.816,1.6198538541793823,-0.016495529805318654,-1.9550851027118128,-0.2188189665423792,2.6997201442718506,0.76168292760849,0.0,0.0,-0.0,0.0,0.0,0.0,0.1007080152630806,5.479431629180908,-1.5177057981491089,0.4620667099952698,0.1570129543542862,-0.0829925611615181,0.1342275968273918,-0.659452840117234,0.9806893950523564,-0.9421619940613561,-0.87692160824409,1.054142353426471,0.0,0.0,0.0,0.0,0.0,0.0,1.6198333141838692,-0.01647421686747297,-1.9551005710225118,-0.21877398384506108,2.699735954880354,0.7617014498525398,7.0,1.0,47.986000061035156,48.22800064086914,48.01499938964844,7.66,22.87,43.56,0.289,0.411,1.643,0,1,0
1777636294.9160018,2809.824,1.6198418140411377,-0.016531292592183888,-1.9550851027118128,-0.21883088747133428,2.699660301208496,0.76168292760849,0.0,0.0,-0.0,0.0,0.0,0.0,0.0961303785443306,5.502319812774658,-1.5087385177612305,0.4710388779640198,0.1525268703699112,-0.0807495191693306,0.13422364438650136,-0.6594178056131083,0.9807194520159096,-0.9421926651829956,-0.876834773265639,1.0541467337877581,0.0,0.0,0.0,0.0,0.0,0.0,1.6198333141838692,-0.01647421686747297,-1.9551005710225118,-0.21877398384506108,2.699735954880354,0.7617014498525398,7.0,1.0,47.986000061035156,48.22800064086914,48.06100082397461,7.66,22.87,43.56,0.289,0.411,1.643,0,1,0
1777636294.9229114,2809.832,1.619829773902893,-0.016531292592183888,-1.9550851027118128,-0.21884280840028936,2.6996960639953613,0.76168292760849,0.0,0.0,-0.0,0.0,0.0,0.0,0.0915527418255806,5.497742176055908,-1.513222098350525,0.4418793320655823,0.1547699123620987,-0.0852356031537056,0.13421208777514837,-0.65941710212133,0.9807209664826133,-0.9422160895298051,-0.8768593833260845,1.0541480178357705,0.0,0.0,0.0,0.0,0.0,0.0,1.6198333141838692,-0.01647421686747297,-1.9551005710225118,-0.21877398384506108,2.699735954880354,0.7617014498525398,7.0,1.0,47.986000061035156,48.22800064086914,48.06100082397461,7.66,22.87,43.56,0.289,0.411,1.643,0,1,0
1777636294.9298584,2809.8399999999997,1.6198781728744507,-0.016471211110250294,-1.955073658620016,-0.2188189665423792,2.6996841430664062,0.7616949081420898,0.0,0.0,-0.0,0.0,0.0,0.0,0.0915527418255806,5.484009265899658,-1.4930458068847656,0.4710388779640198,0.1570129543542862,-0.0897216871380806,0.13424993028867205,-0.6594759342277874,0.980676552959411,-0.942119907077121,-0.8769087714507381,1.0541497210788295,0.0,0.0,0.0,0.0,0.0,0.0,1.6198333141838692,-0.01647421686747297,-1.9551005710225118,-0.21877398384506108,2.699735954880354,0.7617014498525398,7.0,1.0,47.986000061035156,48.22800064086914,48.06100082397461,7.66,22.87,43.56,0.289,0.411,1.643,0,1,0
1777636294.937453,2809.848,1.6198418140411377,-0.016507450734273732,-1.955097500477926,-0.21884280840028936,2.6996960639953613,0.7616949081420898,0.0,0.0,-0.0,0.0,0.0,0.0,0.0686645582318306,5.484009265899658,-1.5221893787384033,0.4418793320655823,0.1570129543542862,-0.0762634351849556,0.13422185482137625,-0.659422840612176,0.9807079168023141,-0.9422082893214727,-0.8768660813990066,1.054162726775672,0.0,0.0,0.0,0.0,0.0,0.0,1.6198333141838692,-0.01647421686747297,-1.9551005710225118,-0.21877398384506108,2.699735954880354,0.7617014498525398,7.0,1.0,47.986000061035156,48.22800064086914,48.06100082397461,7.66,22.87,43.56,0.289,0.411,1.643,0,1,0
1777636294.9763591,2809.8559999999998,1.619829773902893,-0.016459290181295216,-1.9550612608539026,-0.2188189665423792,2.699648141860962,0.76168292760849,0.0,0.0,-0.0,0.0,0.0,0.0,0.0823974683880806,5.493164539337158,-1.5177057981491089,0.4598236680030823,0.1637420803308487,-0.0852356031537056,0.1342211081376631,-0.6595040788319568,0.9806675973699782,-0.9421006857881975,-0.8768604168961533,1.0540802041510127,0.0,0.0,0.0,0.0,0.0,0.0,1.6198333141838692,-0.01647421686747297,-1.9551005710225118,-0.21877398384506108,2.699735954880354,0.7617014498525398,7.0,1.0,47.986000061035156,48.2130012512207,48.06100082397461,7.66,22.87,43.56,0.289,0.411,1.643,0,1,0
1777636294.9775903,2809.864,1.6198418140411377,-0.016483608876363576,-1.955073658620016,-0.21884280840028936,2.6997201442718506,0.76168292760849,0.0,0.0,-0.0,0.0,0.0,0.0,0.1052856519818306,5.561829090118408,-1.502013087272644,0.4508515000343323,0.1682281643152237,-0.0919647291302681,0.13422022047315801,-0.6594667018289107,0.9806874403177299,-0.9421667037249606,-0.8769148505239144,1.0541322431017859,0.0,0.0,0.0,0.0,0.0,0.0,1.6198333141838692,-0.01647421686747297,-1.9551005710225118,-0.21877398384506108,2.699735954880354,0.7617014498525398,7.0,1.0,47.986000061035156,48.2130012512207,48.06100082397461,7.66,22.87,43.56,0.289,0.411,1.643,0,1,0
1777636294.9786396,2809.872,1.6198418140411377,-0.016507450734273732,-1.955097500477926,-0.21880704561342412,2.699660301208496,0.76168292760849,0.0,0.0,-0.0,0.0,0.0,0.0,0.0640869215130806,5.479431629180908,-1.502013087272644,0.4463654160499573,0.1570129543542862,-0.0829925611615181,0.13422453665598935,-0.6594352180840195,0.9806976645501929,-0.9421621163688989,-0.8768492922721359,1.0541289507118434,0.0,0.0,0.0,0.0,0.0,0.0,1.6198333141838692,-0.01647421686747297,-1.9551005710225118,-0.21877398384506108,2.699735954880354,0.7617014498525398,7.0,1.0,47.986000061035156,48.2130012512207,48.06100082397461,7.66,22.87,43.56,0.289,0.411,1.643,0,1,0
1777636294.979585,2809.8799999999997,1.619829773902893,-0.016483608876363576,-1.955097500477926,-0.21884280840028936,2.699672222137451,0.76168292760849,0.0,0.0,-0.0,0.0,0.0,0.0,0.0869751051068306,5.506897449493408,-1.502013087272644,0.4575806260108948,0.1457977443933487,-0.0874786451458931,0.13421582177483413,-0.6594463211674452,0.9806910844366286,-0.9421797318349497,-0.8768498790812139,1.0541263992545828,0.0,0.0,0.0,0.0,0.0,0.0,1.6198333141838692,-0.01647421686747297,-1.9551005710225118,-0.21877398384506108,2.699735954880354,0.7617014498525398,7.0,1.0,47.986000061035156,48.2130012512207,48.06100082397461,7.66,22.87,43.56,0.289,0.411,1.643,0,1,0
1777636294.9804714,2809.8799999999997,1.619829773902893,-0.016483608876363576,-1.955097500477926,-0.21884280840028936,2.699672222137451,0.76168292760849,0.0,0.0,-0.0,0.0,0.0,0.0,0.0869751051068306,5.506897449493408,-1.502013087272644,0.4575806260108948,0.1457977443933487,-0.0874786451458931,0.13421582177483413,-0.6594463211674452,0.9806910844366286,-0.9421797318349497,-0.8768498790812139,1.0541263992545828,0.0,0.0,0.0,0.0,0.0,0.0,1.6198333141838692,-0.01647421686747297,-1.9551005710225118,-0.21877398384506108,2.699735954880354,0.7617014498525398,7.0,1.0,47.986000061035156,48.2130012512207,48.06100082397461,7.64,22.92,43.57,0.291,0.408,1.641,0,0,1
1777636294.9812357,2809.888,1.6198418140411377,-0.016495529805318654,-1.955073658620016,-0.21883088747133428,2.6996960639953613,0.7616949081420898,0.0,0.0,-0.0,0.0,0.0,0.0,0.0457763709127903,5.516052722930908,-1.5087385177612305,0.4530945420265198,0.1614990383386612,-0.0919647291302681,0.1342235872062336,-0.6594568178193505,0.9806954318323581,-0.9421669951352744,-0.876885794940973,1.0541387650125769,0.0,0.0,0.0,0.0,0.0,0.0,1.6198333141838692,-0.01647421686747297,-1.9551005710225118,-0.21877398384506108,2.699735954880354,0.7617014498525398,7.0,1.0,47.986000061035156,48.2130012512207,48.06100082397461,7.64,22.92,43.57,0.291,0.408,1.641,0,1,0
1777636294.9821234,2809.8959999999997,1.619866132736206,-0.016471211110250294,-1.955073658620016,-0.21883088747133428,2.6997082233428955,0.7616949081420898,0.0,0.0,-0.0,0.0,0.0,0.0,0.1098632961511612,5.497742176055908,-1.4863203763961792,0.4844971299171448,0.1637420803308487,-0.0874786451458931,0.1342394849698153,-0.6594747583022796,0.9806786480336198,-0.942140441946783,-0.8769215731216371,1.0541491732118438,0.0,0.0,0.0,0.0,0.0,0.0,1.6198333141838692,-0.01647421686747297,-1.9551005710225118,-0.21877398384506108,2.699735954880354,0.7617014498525398,7.0,1.0,47.986000061035156,48.2130012512207,48.029998779296875,7.64,22.92,43.57,0.291,0.408,1.641,0,1,0
1777636294.9873383,2809.904,1.619866132736206,-0.016459290181295216,-1.955097500477926,-0.21884280840028936,2.6997082233428955,0.7616709470748901,0.0,0.0,-0.0,0.0,0.0,0.0,0.0915527418255806,5.520630359649658,-1.5064966678619385,0.4710388779640198,0.1614990383386612,-0.0897216871380806,0.13423602892053887,-0.6594661339952024,0.9806709610318944,-0.9421485504038285,-0.8769210785321075,1.0541405943036881,0.0,0.0,0.0,0.0,0.0,0.0,1.6198333141838692,-0.01647421686747297,-1.9551005710225118,-0.21877398384506108,2.699735954880354,0.7617014498525398,7.0,1.0,47.986000061035156,48.2130012512207,48.029998779296875,7.64,22.92,43.57,0.291,0.408,1.641,0,1,0
1777636294.9991398,2809.912,1.6198781728744507,-0.016471211110250294,-1.9550851027118128,-0.2188189665423792,2.699672222137451,0.7617068886756897,0.0,0.0,-0.0,0.0,0.0,0.0,0.1007080152630806,5.484009265899658,-1.504254937171936,0.4687958359718323,0.1614990383386612,-0.0807495191693306,0.13425193541588049,-0.6594633014662921,0.980679907099514,-0.9421331637818483,-0.8768873018515576,1.0541638395357122,0.0,0.0,0.0,0.0,0.0,0.0,1.6198333141838692,-0.01647421686747297,-1.9551005710225118,-0.21877398384506108,2.699735954880354,0.7617014498525398,7.0,1.0,47.986000061035156,48.2130012512207,48.029998779296875,7.64,22.92,43.57,0.291,0.408,1.641,0,1,0
1777636295.001559,2809.92,1.6198781728744507,-0.016483608876363576,-1.955097500477926,-0.21879512468446904,2.6996841430664062,0.76168292760849,0.0,0.0,-0.0,0.0,0.0,0.0,0.0549316480755806,5.506897449493408,-1.515463948249817,0.4575806260108948,0.1592559963464737,-0.0919647291302681,0.13424745451423833,-0.659455376418057,0.9806773266807364,-0.9421242879384716,-0.8769082223444712,1.0541457509164944,0.0,0.0,0.0,0.0,0.0,0.0,1.6198333141838692,-0.01647421686747297,-1.9551005710225118,-0.21877398384506108,2.699735954880354,0.7617014498525398,7.0,1.0,47.986000061035156,48.2130012512207,48.029998779296875,7.64,22.92,43.57,0.291,0.408,1.641,0,1,0
1777636295.0086432,2809.928,1.619829773902893,-0.01651937166322881,-1.9550851027118128,-0.21883088747133428,2.699660301208496,0.7617068886756897,0.0,0.0,-0.0,0.0,0.0,0.0,0.0869751051068306,5.529785633087158,-1.502013087272644,0.4598236680030823,0.1727142482995987,-0.0897216871380806,0.13421892523050005,-0.659424528883311,0.9807158316784328,-0.9421991845587823,-0.8768237108158267,1.0541509024758595,0.0,0.0,0.0,0.0,0.0,0.0,1.6198333141838692,-0.01647421686747297,-1.9551005710225118,-0.21877398384506108,2.699735954880354,0.7617014498525398,7.0,1.0,47.986000061035156,48.198001861572266,48.029998779296875,7.64,22.92,43.57,0.291,0.408,1.641,0,1,0
1777636295.0172377,2809.9359999999997,1.619829773902893,-0.016483608876363576,-1.9550612608539026,-0.21878320375551397,2.6996960639953613,0.7616949081420898,0.0,0.0,-0.0,0.0,0.0,0.0,0.0686645582318306,5.502319812774658,-1.515463948249817,0.4710388779640198,0.1637420803308487,-0.0829925611615181,0.1342175271361221,-0.65949408511501,0.9806736774779696,-0.942108814582064,-0.8769088046575364,1.0540923198135337,0.0,0.0,0.0,0.0,0.0,0.0,1.6198333141838692,-0.01647421686747297,-1.9551005710225118,-0.21877398384506108,2.699735954880354,0.7617014498525398,7.0,1.0,47.986000061035156,48.198001861572266,48.029998779296875,7.64,22.92,43.57,0.291,0.408,1.641,0,1,0
1777636295.026106,2809.944,1.619866132736206,-0.016495529805318654,-1.955073658620016,-0.21885520616640264,2.6997082233428955,0.7616589069366455,0.0,0.0,-0.0,0.0,0.0,0.0,0.1007080152630806,5.543518543243408,-1.513222098350525,0.4373932480812073,0.1659851223230362,-0.0829925611615181,0.13423394433802535,-0.6594539424349342,0.9806950653553561,-0.9421636431520413,-0.8769155712805722,1.0541428711333347,0.0,0.0,0.0,0.0,0.0,0.0,1.6198333141838692,-0.01647421686747297,-1.9551005710225118,-0.21877398384506108,2.699735954880354,0.7617014498525398,7.0,1.0,47.986000061035156,48.198001861572266,48.029998779296875,7.64,22.92,43.57,0.291,0.408,1.641,0,1,0
1777636295.0343091,2809.9519999999998,1.619866132736206,-0.016495529805318654,-1.9550612608539026,-0.21879512468446904,2.6997201442718506,0.7617188692092896,0.0,0.0,-0.0,0.0,0.0,0.0,0.0961303785443306,5.506897449493408,-1.5087385177612305,0.4665527939796448,0.1682281643152237,-0.0829925611615181,0.13424122226543805,-0.6594712132433423,0.9806880149008481,-0.9421352185992887,-0.8769340335009803,1.0541596748107813,0.0,0.0,0.0,0.0,0.0,0.0,1.6198333141838692,-0.01647421686747297,-1.9551005710225118,-0.21877398384506108,2.699735954880354,0.7617014498525398,7.0,1.0,47.986000061035156,48.198001861572266,48.029998779296875,7.64,22.92,43.57,0.291,0.408,1.641,0,1,0
1777636295.0395854,2809.96,1.6198418140411377,-0.016483608876363576,-1.955073658620016,-0.2188189665423792,2.699672222137451,0.7616949081420898,0.0,0.0,-0.0,0.0,0.0,0.0,0.0869751051068306,5.516052722930908,-1.5289148092269897,0.4418793320655823,0.1570129543542862,-0.0874786451458931,0.13422656846607414,-0.6594697730963126,0.9806853937803196,-0.9421404529853116,-0.8768715235596464,1.0541230284437821,0.0,0.0,0.0,0.0,0.0,0.0,1.6198333141838692,-0.01647421686747297,-1.9551005710225118,-0.21877398384506108,2.699735954880354,0.7617014498525398,7.0,1.0,47.986000061035156,48.198001861572266,48.029998779296875,7.64,22.92,43.57,0.291,0.408,1.641,0,1,0
1777636295.0477674,2809.968,1.619866132736206,-0.016483608876363576,-1.9551094214068812,-0.2188790480243128,2.6997082233428955,0.7616949081420898,0.0,0.0,-0.0,0.0,0.0,0.0,0.0457763709127903,5.506897449493408,-1.502013087272644,0.4643097519874573,0.1502838283777237,-0.0762634351849556,0.13423657435710162,-0.6594188939302311,0.980702087591277,-0.9422239198784212,-0.8768818390564144,1.0541975235305363,0.0,0.0,0.0,0.0,0.0,0.0,1.6198333141838692,-0.01647421686747297,-1.9551005710225118,-0.21877398384506108,2.699735954880354,0.7617014498525398,7.0,1.0,47.97100067138672,48.198001861572266,48.029998779296875,7.64,22.92,43.57,0.291,0.408,1.641,0,1,0
1777636295.05453,2809.9759999999997,1.6198538541793823,-0.016459290181295216,-1.955073658620016,-0.21885520616640264,2.6996960639953613,0.7617068886756897,0.0,0.0,-0.0,0.0,0.0,0.0,0.0640869215130806,5.534363269805908,-1.5221893787384033,0.5158997178077698,0.1525268703699112,-0.0919647291302681,0.1342339707897356,-0.659475858954968,0.9806801906212574,-0.9421588467736974,-0.8768927772629452,1.054153179109081,0.0,0.0,0.0,0.0,0.0,0.0,1.6198333141838692,-0.01647421686747297,-1.9551005710225118,-0.21877398384506108,2.699735954880354,0.7617014498525398,7.0,1.0,47.97100067138672,48.198001861572266,48.029998779296875,7.64,22.92,43.57,0.291,0.408,1.641,0,1,0
1777636295.0606441,2809.984,1.619866132736206,-0.01651937166322881,-1.955097500477926,-0.2188189665423792,2.6997201442718506,0.7616949081420898,0.0,0.0,-0.0,0.0,0.0,0.0,0.1281738430261612,5.516052722930908,-1.5177057981491089,0.4620667099952698,0.1637420803308487,-0.0897216871380806,0.1342355251081062,-0.6594179328666854,0.9807080687220919,-0.9421953077708942,-0.8769087024831319,1.054181368828023,0.0,0.0,0.0,0.0,0.0,0.0,1.6198333141838692,-0.01647421686747297,-1.9551005710225118,-0.21877398384506108,2.699735954880354,0.7617014498525398,7.0,1.0,47.97100067138672,48.198001861572266,48.029998779296875,7.64,22.92,43.57,0.291,0.408,1.641,0,1,0
1777636295.0666683,2809.9919999999997,1.619829773902893,-0.016495529805318654,-1.9550612608539026,-0.2188189665423792,2.6997082233428955,0.7616949081420898,0.0,0.0,-0.0,0.0,0.0,0.0,0.1052856519818306,5.488586902618408,-1.5064966678619385,0.4710388779640198,0.1637420803308487,-0.0829925611615181,0.13421523301415333,-0.659473122703127,0.9806908793470159,-0.9421531543506159,-0.8769014761691232,1.0541181785259772,0.0,0.0,0.0,0.0,0.0,0.0,1.6198333141838692,-0.01647421686747297,-1.9551005710225118,-0.21877398384506108,2.699735954880354,0.7617014498525398,7.0,1.0,47.97100067138672,48.198001861572266,48.029998779296875,7.64,22.92,43.57,0.291,0.408,1.641,0,1,0
1777636295.074315,2810.0,1.619829773902893,-0.016483608876363576,-1.955073658620016,-0.21884280840028936,2.6997082233428955,0.7616949081420898,0.0,0.0,-0.0,0.0,0.0,0.0,0.0869751051068306,5.470276355743408,-1.5199475288391113,0.4553375840187073,0.1614990383386612,-0.0874786451458931,0.13421477583509378,-0.6594653120689457,0.9806901879448678,-0.9421742812134726,-0.8768914795990772,1.0541303245293572,0.0,0.0,0.0,0.0,0.0,0.0,1.6198333141838692,-0.01647421686747297,-1.9551005710225118,-0.21877398384506108,2.699735954880354,0.7617014498525398,7.0,1.0,47.97100067138672,48.27399826049805,48.029998779296875,7.64,22.92,43.57,0.291,0.408,1.641,0,1,0
1777636295.080837,2810.008,1.6198058128356934,-0.016507450734273732,-1.9550612608539026,-0.21884280840028936,2.6996960639953613,0.7616949081420898,0.0,0.0,-0.0,0.0,0.0,0.0,0.1052856519818306,5.525207996368408,-1.5177057981491089,0.4508515000343323,0.1525268703699112,-0.0874786451458931,0.13419966529684862,-0.6594581582115076,0.980705997377582,-0.9421895576082828,-0.8768612353563255,1.0541137615438672,0.0,0.0,0.0,0.0,0.0,0.0,1.6198333141838692,-0.01647421686747297,-1.9551005710225118,-0.21877398384506108,2.699735954880354,0.7617014498525398,7.0,1.0,47.97100067138672,48.27399826049805,48.029998779296875,7.64,22.92,43.57,0.291,0.408,1.641,0,1,0
1777636295.0878391,2810.016,1.6198418140411377,-0.016507450734273732,-1.955097500477926,-0.2188189665423792,2.6996960639953613,0.76168292760849,0.0,0.0,-0.0,0.0,0.0,0.0,0.1235962063074112,5.488586902618408,-1.4885622262954712,0.4710388779640198,0.1525268703699112,-0.0829925611615181,0.13422091951073628,-0.6594328986657663,0.9806991791052686,-0.9421813079675206,-0.8768805478454433,1.0541405299495794,0.0,0.0,0.0,0.0,0.0,0.0,1.6198333141838692,-0.01647421686747297,-1.9551005710225118,-0.21877398384506108,2.699735954880354,0.7617014498525398,7.0,1.0,47.97100067138672,48.27399826049805,48.029998779296875,7.64,22.92,43.57,0.291,0.408,1.641,0,1,0
1777636295.0996246,2810.024,1.619817852973938,-0.016483608876363576,-1.9550851027118128,-0.21880704561342412,2.699672222137451,0.7617188692092896,0.0,0.0,-0.0,0.0,0.0,0.0,0.0686645582318306,5.534363269805908,-1.4975295066833496,0.5046845078468323,0.1570129543542862,-0.0829925611615181,0.13421321117823695,-0.6594620832935971,0.9806870194169839,-0.9421610318118668,-0.8768490996920494,1.0541227933777257,0.0,0.0,0.0,0.0,0.0,0.0,1.6198333141838692,-0.01647421686747297,-1.9551005710225118,-0.21877398384506108,2.699735954880354,0.7617014498525398,7.0,1.0,47.97100067138672,48.27399826049805,48.029998779296875,7.64,22.92,43.57,0.291,0.408,1.641,0,1,0
1777636295.102494,2810.0319999999997,1.619829773902893,-0.01651937166322881,-1.9550612608539026,-0.21884280840028936,2.6997082233428955,0.7616949081420898,0.0,0.0,-0.0,0.0,0.0,0.0,0.0640869215130806,5.529785633087158,-1.5266729593276978,0.4598236680030823,0.1637420803308487,-0.0829925611615181,0.1342138102633419,-0.6594452812819693,0.9807133242639712,-0.9421944410109109,-0.8768818173440563,1.0541421820756587,0.0,0.0,0.0,0.0,0.0,0.0,1.6198333141838692,-0.01647421686747297,-1.9551005710225118,-0.21877398384506108,2.699735954880354,0.7617014498525398,7.0,1.0,47.97100067138672,48.27399826049805,48.029998779296875,7.64,22.92,43.57,0.291,0.408,1.641,0,1,0
1777636295.1104054,2810.04,1.619829773902893,-0.016495529805318654,-1.9550851027118128,-0.21883088747133428,2.6997082233428955,0.7616469264030457,0.0,0.0,-0.0,0.0,0.0,0.0,0.0778198316693306,5.479431629180908,-1.5064966678619385,0.4508515000343323,0.1547699123620987,-0.0897216871380806,0.13420855047081945,-0.6594594039108099,0.9806868018819594,-0.9421589441259499,-0.8769054216328238,1.054095084596854,0.0,0.0,0.0,0.0,0.0,0.0,1.6198333141838692,-0.01647421686747297,-1.9551005710225118,-0.21877398384506108,2.699735954880354,0.7617014498525398,7.0,1.0,47.97100067138672,48.27399826049805,48.04600143432617,7.64,22.92,43.57,0.291,0.408,1.641,0,1,0
1777636295.1134796,2810.04,1.619829773902893,-0.016495529805318654,-1.9550851027118128,-0.21883088747133428,2.6997082233428955,0.7616469264030457,0.0,0.0,-0.0,0.0,0.0,0.0,0.0778198316693306,5.479431629180908,-1.5064966678619385,0.4508515000343323,0.1547699123620987,-0.0897216871380806,0.13420855047081945,-0.6594594039108099,0.9806868018819594,-0.9421589441259499,-0.8769054216328238,1.054095084596854,0.0,0.0,0.0,0.0,0.0,0.0,1.6198333141838692,-0.01647421686747297,-1.9551005710225118,-0.21877398384506108,2.699735954880354,0.7617014498525398,7.0,1.0,47.97100067138672,48.27399826049805,48.04600143432617,7.56,22.95,43.55,0.293,0.403,1.641,0,0,1
1777636295.1165974,2810.048,1.6198781728744507,-0.016495529805318654,-1.9550612608539026,-0.21884280840028936,2.699672222137451,0.7616709470748901,0.0,0.0,-0.0,0.0,0.0,0.0,0.1235962063074112,5.511475086212158,-1.4975295066833496,0.4732819199562073,0.1547699123620987,-0.0829925611615181,0.13424743104164616,-0.6594626800216311,0.9806949401523872,-0.9421353324263707,-0.8768913559076933,1.0541453881822762,0.0,0.0,0.0,0.0,0.0,0.0,1.6198333141838692,-0.01647421686747297,-1.9551005710225118,-0.21877398384506108,2.699735954880354,0.7617014498525398,7.0,1.0,47.986000061035156,48.27399826049805,48.04600143432617,7.56,22.95,43.55,0.293,0.403,1.641,0,1,0
1777636295.1239455,2810.056,1.6198418140411377,-0.01643544832338506,-1.955097500477926,-0.21879512468446904,2.699672222137451,0.7617068886756897,0.0,0.0,-0.0,0.0,0.0,0.0,0.0595092847943306,5.506897449493408,-1.5109803676605225,0.4777680039405823,0.1413116604089737,-0.0807495191693306,0.1342293490724851,-0.6594957462579272,0.9806501871144575,-0.9421050988734739,-0.87688668782776,1.0541089387944163,0.0,0.0,0.0,0.0,0.0,0.0,1.6198333141838692,-0.01647421686747297,-1.9551005710225118,-0.21877398384506108,2.699735954880354,0.7617014498525398,7.0,1.0,47.986000061035156,48.27399826049805,48.04600143432617,7.56,22.95,43.55,0.293,0.403,1.641,0,1,0
1777636295.1313589,2810.064,1.6198781728744507,-0.01651937166322881,-1.955097500477926,-0.21879512468446904,2.6996841430664062,0.7616469264030457,0.0,0.0,-0.0,0.0,0.0,0.0,0.0640869215130806,5.543518543243408,-1.4952876567840576,0.4643097519874573,0.1637420803308487,-0.0829925611615181,0.13424186820888653,-0.6594324986755207,0.9806946427920002,-0.942136275315456,-0.8769074703417991,1.05413304161521,0.0,0.0,0.0,0.0,0.0,0.0,1.6198333141838692,-0.01647421686747297,-1.9551005710225118,-0.21877398384506108,2.699735954880354,0.7617014498525398,7.0,1.0,47.986000061035156,48.27399826049805,48.04600143432617,7.56,22.95,43.55,0.293,0.403,1.641,0,1,0
1777636295.1386263,2810.0719999999997,1.619829773902893,-0.016483608876363576,-1.9550851027118128,-0.21880704561342412,2.6997082233428955,0.7617068886756897,0.0,0.0,-0.0,0.0,0.0,0.0,0.0686645582318306,5.502319812774658,-1.515463948249817,0.4575806260108948,0.1547699123620987,-0.0807495191693306,0.13421628442079553,-0.6594644638414761,0.9806830755305176,-0.9421594549819714,-0.8768967461582632,1.054128382136918,0.0,0.0,0.0,0.0,0.0,0.0,1.6198333141838692,-0.01647421686747297,-1.9551005710225118,-0.21877398384506108,2.699735954880354,0.7617014498525398,7.0,1.0,47.986000061035156,48.198001861572266,48.04600143432617,7.56,22.95,43.55,0.293,0.403,1.641,0,1,0
1777636295.1465182,2810.08,1.619866132736206,-0.016483608876363576,-1.955073658620016,-0.21884280840028936,2.6997082233428955,0.7616709470748901,0.0,0.0,-0.0,0.0,0.0,0.0,0.0823974683880806,5.506897449493408,-1.5087385177612305,0.4598236680030823,0.1480407863855362,-0.0942077711224556,0.1342360320433444,-0.6594654779905555,0.9806858772443243,-0.9421489105385973,-0.8769208973393753,1.0541409262049635,0.0,0.0,0.0,0.0,0.0,0.0,1.6198333141838692,-0.01647421686747297,-1.9551005710225118,-0.21877398384506108,2.699735954880354,0.7617014498525398,7.0,1.0,47.986000061035156,48.198001861572266,48.04600143432617,7.56,22.95,43.55,0.293,0.403,1.641,0,1,0
1777636295.1543639,2810.0879999999997,1.6198781728744507,-0.01651937166322881,-1.9550851027118128,-0.21886712709535772,2.699660301208496,0.7616949081420898,0.0,0.0,-0.0,0.0,0.0,0.0,0.1052856519818306,5.479431629180908,-1.5087385177612305,0.4687958359718323,0.1525268703699112,-0.0807495191693306,0.1342488329512957,-0.659409102009942,0.9807236815735261,-0.9422073226822038,-0.8768402171797911,1.0542002111682522,0.0,0.0,0.0,0.0,0.0,0.0,1.6198333141838692,-0.01647421686747297,-1.9551005710225118,-0.21877398384506108,2.699735954880354,0.7617014498525398,7.0,1.0,47.986000061035156,48.198001861572266,48.04600143432617,7.56,22.95,43.55,0.293,0.403,1.641,0,1,0
1777636295.1604104,2810.096,1.619829773902893,-0.016483608876363576,-1.9550612608539026,-0.2188189665423792,2.6997320652008057,0.76168292760849,0.0,0.0,-0.0,0.0,0.0,0.0,0.0778198316693306,5.543518543243408,-1.499771237373352,0.4486084580421448,0.1592559963464737,-0.0874786451458931,0.1342121015208012,-0.6594867641856808,0.9806796079714678,-0.9421424601771581,-0.876935185894562,1.054105642657624,0.0,0.0,0.0,0.0,0.0,0.0,1.6198333141838692,-0.01647421686747297,-1.9551005710225118,-0.21877398384506108,2.699735954880354,0.7617014498525398,7.0,1.0,47.986000061035156,48.198001861572266,48.04600143432617,7.56,22.95,43.55,0.293,0.403,1.641,0,1,0
1777636295.1670175,2810.104,1.6198418140411377,-0.01651937166322881,-1.955073658620016,-0.21883088747133428,2.6997320652008057,0.7616949081420898,0.0,0.0,-0.0,0.0,0.0,0.0,0.0503540076315403,5.484009265899658,-1.502013087272644,0.4643097519874573,0.1682281643152237,-0.0874786451458931,0.13421916222548494,-0.6594379687041644,0.9807095051227155,-0.9421965005690021,-0.8769123190840841,1.054156456687846,0.0,0.0,0.0,0.0,0.0,0.0,1.6198333141838692,-0.01647421686747297,-1.9551005710225118,-0.21877398384506108,2.699735954880354,0.7617014498525398,7.0,1.0,47.986000061035156,48.198001861572266,48.04600143432617,7.56,22.95,43.55,0.293,0.403,1.641,0,1,0
1777636295.174741,2810.112,1.6198538541793823,-0.016495529805318654,-1.955097500477926,-0.21879512468446904,2.6996960639953613,0.76168292760849,0.0,0.0,-0.0,0.0,0.0,0.0,0.1052856519818306,5.497742176055908,-1.5177057981491089,0.4912262558937073,0.1659851223230362,-0.0829925611615181,0.13422978357309534,-0.6594489704804469,0.9806846654768794,-0.9421460871239944,-0.8769019174509511,1.054132848234058,0.0,0.0,0.0,0.0,0.0,0.0,1.6198333141838692,-0.01647421686747297,-1.9551005710225118,-0.21877398384506108,2.699735954880354,0.7617014498525398,7.0,1.0,47.986000061035156,48.198001861572266,48.029998779296875,7.56,22.95,43.55,0.293,0.403,1.641,0,1,0
1777636295.1832073,2810.12,1.6198538541793823,-0.016471211110250294,-1.9550851027118128,-0.2188189665423792,2.6997201442718506,0.7616949081420898,0.0,0.0,-0.0,0.0,0.0,0.0,0.0778198316693306,5.470276355743408,-1.5087385177612305,0.4553375840187073,0.1570129543542862,-0.0874786451458931,0.13422997531298053,-0.6594710294094024,0.9806753708479514,-0.9421472767316782,-0.8769269978937858,1.0541403057696657,0.0,0.0,0.0,0.0,0.0,0.0,1.6198333141838692,-0.01647421686747297,-1.9551005710225118,-0.21877398384506108,2.699735954880354,0.7617014498525398,7.0,1.0,47.986000061035156,48.198001861572266,48.029998779296875,7.56,22.95,43.55,0.293,0.403,1.641,0,1,0
1777636295.1889508,2810.1279999999997,1.6198538541793823,-0.016531292592183888,-1.955097500477926,-0.21885520616640264,2.6996960639953613,0.7616949081420898,0.0,0.0,-0.0,0.0,0.0,0.0,0.0915527418255806,5.484009265899658,-1.513222098350525,0.4710388779640198,0.1592559963464737,-0.0829925611615181,0.1342285751001403,-0.6593969991559385,0.9807272006312991,-0.9422354130772485,-0.8768577674376226,1.054191288541943,0.0,0.0,0.0,0.0,0.0,0.0,1.6198333141838692,-0.01647421686747297,-1.9551005710225118,-0.21877398384506108,2.699735954880354,0.7617014498525398,7.0,1.0,47.986000061035156,48.198001861572266,48.029998779296875,7.56,22.95,43.55,0.293,0.403,1.641,0,1,0
1777636295.195828,2810.136,1.619829773902893,-0.016483608876363576,-1.9550374189959925,-0.2188189665423792,2.6997082233428955,0.7616709470748901,0.0,0.0,-0.0,0.0,0.0,0.0,0.1235962063074112,5.484009265899658,-1.5109803676605225,0.4575806260108948,0.1457977443933487,-0.0897216871380806,0.134214031067694,-0.6595083780327784,0.9806773729749102,-0.942109617509899,-0.8769256440806418,1.054079702312767,0.0,0.0,0.0,0.0,0.0,0.0,1.6198333141838692,-0.01647421686747297,-1.9551005710225118,-0.21877398384506108,2.699735954880354,0.7617014498525398,7.0,1.0,47.986000061035156,48.198001861572266,48.029998779296875,7.56,22.95,43.55,0.293,0.403,1.641,0,1,0
1777636295.2034853,2810.144,1.6198900938034058,-0.016447369252340138,-1.9551213423358362,-0.21884280840028936,2.699756145477295,0.7616709470748901,0.0,0.0,-0.0,0.0,0.0,0.0,0.1098632961511612,5.511475086212158,-1.4863203763961792,0.4710388779640198,0.1659851223230362,-0.0829925611615181,0.13424674635301992,-0.6594549546847953,0.9806619121208083,-0.9421623309369388,-0.8769777962092394,1.0541745264009856,0.0,0.0,0.0,0.0,0.0,0.0,1.6198333141838692,-0.01647421686747297,-1.9551005710225118,-0.21877398384506108,2.699735954880354,0.7617014498525398,7.0,1.0,47.986000061035156,48.2130012512207,48.029998779296875,7.56,22.95,43.55,0.293,0.403,1.641,0,1,0
1777636295.2103,2810.152,1.619829773902893,-0.016459290181295216,-1.955073658620016,-0.21885520616640264,2.6996960639953613,0.7617188692092896,0.0,0.0,-0.0,0.0,0.0,0.0,0.0640869215130806,5.525207996368408,-1.5244312286376953,0.4777680039405823,0.1614990383386612,-0.0852356031537056,0.1342194510547151,-0.6594765680401828,0.9806823459087096,-0.9421736064380609,-0.8768748115355879,1.0541428322489794,0.0,0.0,0.0,0.0,0.0,0.0,1.6198333141838692,-0.01647421686747297,-1.9551005710225118,-0.21877398384506108,2.699735954880354,0.7617014498525398,7.0,1.0,47.986000061035156,48.2130012512207,48.029998779296875,7.56,22.95,43.55,0.293,0.403,1.641,0,1,0
1777636295.2175314,2810.16,1.6198538541793823,-0.016543213521138966,-1.955073658620016,-0.21879512468446904,2.6996960639953613,0.7616949081420898,0.0,0.0,-0.0,0.0,0.0,0.0,0.1052856519818306,5.451965808868408,-1.4885622262954712,0.4889832139015198,0.1659851223230362,-0.0829925611615181,0.13423016923411651,-0.6594258900719672,0.98071728150319,-0.9421729276434443,-0.8768873906259708,1.0541552351738521,0.0,0.0,0.0,0.0,0.0,0.0,1.6198333141838692,-0.01647421686747297,-1.9551005710225118,-0.21877398384506108,2.699735954880354,0.7617014498525398,7.0,1.0,47.986000061035156,48.2130012512207,48.029998779296875,7.56,22.95,43.55,0.293,0.403,1.641,0,1,0
1777636295.2250383,2810.1679999999997,1.619866132736206,-0.01651937166322881,-1.9550851027118128,-0.21880704561342412,2.6996960639953613,0.7616949081420898,0.0,0.0,-0.0,0.0,0.0,0.0,0.0915527418255806,5.534363269805908,-1.499771237373352,0.4732819199562073,0.1502838283777237,-0.0897216871380806,0.13423856130821696,-0.659431154476434,0.9807053173038042,-0.9421682681172054,-0.8768943955786246,1.0541654007059573,0.0,0.0,0.0,0.0,0.0,0.0,1.6198333141838692,-0.01647421686747297,-1.9551005710225118,-0.21877398384506108,2.699735954880354,0.7617014498525398,7.0,1.0,47.986000061035156,48.2130012512207,48.029998779296875,7.56,22.95,43.55,0.293,0.403,1.641,0,1,0
1777636295.2341511,2810.176,1.6198418140411377,-0.016543213521138966,-1.9550851027118128,-0.21883088747133428,2.6996841430664062,0.7617068886756897,0.0,0.0,-0.0,0.0,0.0,0.0,0.0778198316693306,5.548096179962158,-1.5177057981491089,0.4351502060890198,0.1480407863855362,-0.0874786451458931,0.13422359717574334,-0.659403570867397,0.9807305084160467,-0.9422214492592192,-0.8768445885229229,1.0541769849801634,0.0,0.0,0.0,0.0,0.0,0.0,1.6198333141838692,-0.01647421686747297,-1.9551005710225118,-0.21877398384506108,2.699735954880354,0.7617014498525398,7.0,1.0,47.986000061035156,48.2130012512207,48.029998779296875,7.56,22.95,43.55,0.293,0.403,1.641,0,1,0
1777636295.2449858,2810.1839999999997,1.6198781728744507,-0.016471211110250294,-1.955097500477926,-0.21883088747133428,2.6996841430664062,0.76168292760849,0.0,0.0,-0.0,0.0,0.0,0.0,0.0686645582318306,5.493164539337158,-1.4930458068847656,0.4800110459327698,0.1637420803308487,-0.0874786451458931,0.13424733534110297,-0.659454633809161,0.9806789525772892,-0.9421446089759625,-0.8768986680287091,1.054157412169307,0.0,0.0,0.0,0.0,0.0,0.0,1.6198333141838692,-0.01647421686747297,-1.9551005710225118,-0.21877398384506108,2.699735954880354,0.7617014498525398,7.0,1.0,47.986000061035156,48.2130012512207,48.029998779296875,7.56,22.95,43.55,0.293,0.403,1.641,0,1,0
1777636295.2908874,2810.192,1.619866132736206,-0.016495529805318654,-1.9551213423358362,-0.21884280840028936,2.6996841430664062,0.7616589069366455,0.0,0.0,-0.0,0.0,0.0,0.0,0.0640869215130806,5.474853992462158,-1.5109803676605225,0.4643097519874573,0.1457977443933487,-0.0829925611615181,0.13423441510289702,-0.6594167727563525,0.9806953644086033,-0.9421882305921815,-0.8768765532604363,1.0541568033726054,0.0,0.0,0.0,0.0,0.0,0.0,1.6198333141838692,-0.01647421686747297,-1.9551005710225118,-0.21877398384506108,2.699735954880354,0.7617014498525398,7.0,1.0,47.986000061035156,48.2130012512207,48.029998779296875,7.56,22.95,43.55,0.293,0.403,1.641,0,1,0
1777636295.2970421,2810.2,1.619829773902893,-0.01651937166322881,-1.9551094214068812,-0.21885520616640264,2.6996960639953613,0.7616709470748901,0.0,0.0,-0.0,0.0,0.0,0.0,0.0869751051068306,5.488586902618408,-1.5087385177612305,0.4755249619483948,0.1570129543542862,-0.0852356031537056,0.13420996373432575,-0.65940540305429,0.9807155908969775,-0.9422313183069958,-0.8768538197853372,1.0541501618232132,0.0,0.0,0.0,0.0,0.0,0.0,1.6198333141838692,-0.01647421686747297,-1.9551005710225118,-0.21877398384506108,2.699735954880354,0.7617014498525398,7.0,1.0,47.986000061035156,48.2130012512207,48.029998779296875,7.56,22.95,43.55,0.293,0.403,1.641,0,1,0
1777636295.3012426,2810.2,1.619829773902893,-0.01651937166322881,-1.9551094214068812,-0.21885520616640264,2.6996960639953613,0.7616709470748901,0.0,0.0,-0.0,0.0,0.0,0.0,0.0869751051068306,5.488586902618408,-1.5087385177612305,0.4755249619483948,0.1570129543542862,-0.0852356031537056,0.13420996373432575,-0.65940540305429,0.9807155908969775,-0.9422313183069958,-0.8768538197853372,1.0541501618232132,0.0,0.0,0.0,0.0,0.0,0.0,1.6198333141838692,-0.01647421686747297,-1.9551005710225118,-0.21877398384506108,2.699735954880354,0.7617014498525398,7.0,1.0,47.986000061035156,48.2130012512207,48.029998779296875,7.49,22.88,43.54,0.289,0.401,1.638,0,0,1
1777636295.3013906,2810.208,1.6198418140411377,-0.016495529805318654,-1.9550851027118128,-0.21886712709535772,2.6996841430664062,0.76168292760849,0.0,0.0,-0.0,0.0,0.0,0.0,0.0686645582318306,5.488586902618408,-1.502013087272644,0.4508515000343323,0.1525268703699112,-0.0874786451458931,0.1342222248827421,-0.6594377782924032,0.980704480544067,-0.942199110951242,-0.8768587936946601,1.054150560076947,0.0,0.0,0.0,0.0,0.0,0.0,1.6198333141838692,-0.01647421686747297,-1.9551005710225118,-0.21877398384506108,2.699735954880354,0.7617014498525398,7.0,1.0,47.97100067138672,48.2130012512207,48.029998779296875,7.49,22.88,43.54,0.289,0.401,1.638,0,1,0
1777636295.3014934,2810.216,1.6198058128356934,-0.016483608876363576,-1.9550612608539026,-0.21884280840028936,2.6997082233428955,0.7616709470748901,0.0,0.0,-0.0,0.0,0.0,0.0,0.0411987341940403,5.511475086212158,-1.499771237373352,0.4687958359718323,0.1637420803308487,-0.0852356031537056,0.13419678336507984,-0.6594840031901091,0.9806852201594142,-0.9421593809025706,-0.8768927456274758,1.0540831254255887,0.0,0.0,0.0,0.0,0.0,0.0,1.6198333141838692,-0.01647421686747297,-1.9551005710225118,-0.21877398384506108,2.699735954880354,0.7617014498525398,7.0,1.0,47.97100067138672,48.24300003051758,48.029998779296875,7.49,22.88,43.54,0.289,0.401,1.638,0,1,0
1777636295.3051522,2810.2239999999997,1.6198538541793823,-0.016531292592183888,-1.955073658620016,-0.21883088747133428,2.6996960639953613,0.7616949081420898,0.0,0.0,-0.0,0.0,0.0,0.0,0.0640869215130806,5.479431629180908,-1.504254937171936,0.4732819199562073,0.1413116604089737,-0.0829925611615181,0.13423003012189955,-0.6594247414035785,0.9807192245579679,-0.9421936603841609,-0.8768776384022502,1.0541671375397117,0.0,0.0,0.0,0.0,0.0,0.0,1.6198333141838692,-0.01647421686747297,-1.9551005710225118,-0.21877398384506108,2.699735954880354,0.7617014498525398,7.0,1.0,47.97100067138672,48.24300003051758,48.029998779296875,7.49,22.88,43.54,0.289,0.401,1.638,0,1,0
1777636295.3100832,2810.232,1.6198418140411377,-0.016495529805318654,-1.9551094214068812,-0.2188189665423792,2.6997201442718506,0.7616589069366455,0.0,0.0,-0.0,0.0,0.0,0.0,0.1190185695886612,5.520630359649658,-1.4908039569854736,0.4732819199562073,0.1525268703699112,-0.0874786451458931,0.13421588775566015,-0.6594390576273972,0.9806863618318264,-0.9421746728484944,-0.8769142556137788,1.054123716749876,0.0,0.0,0.0,0.0,0.0,0.0,1.6198333141838692,-0.01647421686747297,-1.9551005710225118,-0.21877398384506108,2.699735954880354,0.7617014498525398,7.0,1.0,47.97100067138672,48.24300003051758,48.029998779296875,7.49,22.88,43.54,0.289,0.401,1.638,0,1,0
1777636295.3103843,2810.24,1.619866132736206,-0.016471211110250294,-1.9550851027118128,-0.21884280840028936,2.6996960639953613,0.7616589069366455,0.0,0.0,-0.0,0.0,0.0,0.0,0.0732421949505806,5.511475086212158,-1.5109803676605225,0.4800110459327698,0.1614990383386612,-0.0919647291302681,0.13423585098521967,-0.6594684535013003,0.9806766732780179,-0.9421387787596307,-0.87691369134414,1.054128199702903,0.0,0.0,0.0,0.0,0.0,0.0,1.6198333141838692,-0.01647421686747297,-1.9551005710225118,-0.21877398384506108,2.699735954880354,0.7617014498525398,7.0,1.0,47.97100067138672,48.24300003051758,48.029998779296875,7.49,22.88,43.54,0.289,0.401,1.638,0,1,0
1777636295.3104804,2810.248,1.6198538541793823,-0.016471211110250294,-1.9550493399249476,-0.21884280840028936,2.699660301208496,0.7617068886756897,0.0,0.0,-0.0,0.0,0.0,0.0,0.0915527418255806,5.488586902618408,-1.5333983898162842,0.4553375840187073,0.1592559963464737,-0.0874786451458931,0.13423813921308242,-0.6594886335357175,0.9806851865485835,-0.9421284764459842,-0.8768668650808139,1.054135188104968,0.0,0.0,0.0,0.0,0.0,0.0,1.6198333141838692,-0.01647421686747297,-1.9551005710225118,-0.21877398384506108,2.699735954880354,0.7617014498525398,7.0,1.0,47.97100067138672,48.24300003051758,48.029998779296875,7.49,22.88,43.54,0.289,0.401,1.638,0,1,0
1777636295.3105595,2810.256,1.6198538541793823,-0.01651937166322881,-1.9550851027118128,-0.21883088747133428,2.699648141860962,0.7617068886756897,0.0,0.0,-0.0,0.0,0.0,0.0,0.1007080152630806,5.525207996368408,-1.504254937171936,0.4867401719093323,0.1547699123620987,-0.0807495191693306,0.13423596193133164,-0.6594208043649245,0.9807164357139929,-0.9421877107053971,-0.8768247100842089,1.0541695891295677,0.0,0.0,0.0,0.0,0.0,0.0,1.6198333141838692,-0.01647421686747297,-1.9551005710225118,-0.21877398384506108,2.699735954880354,0.7617014498525398,7.0,1.0,47.97100067138672,48.24300003051758,48.029998779296875,7.49,22.88,43.54,0.289,0.401,1.638,0,1,0
1777636295.318573,2810.2639999999997,1.6198538541793823,-0.016507450734273732,-1.9550374189959925,-0.21880704561342412,2.6997082233428955,0.7617068886756897,0.0,0.0,-0.0,0.0,0.0,0.0,0.1007080152630806,5.516052722930908,-1.515463948249817,0.4755249619483948,0.1435547024011612,-0.0785064771771431,0.13423320861574728,-0.6594810376658372,0.9806964108829427,-0.9421302857392084,-0.8769199363343867,1.05413710427648,0.0,0.0,0.0,0.0,0.0,0.0,1.6198333141838692,-0.01647421686747297,-1.9551005710225118,-0.21877398384506108,2.699735954880354,0.7617014498525398,7.0,1.0,47.97100067138672,48.24300003051758,48.029998779296875,7.49,22.88,43.54,0.289,0.401,1.638,0,1,0
1777636295.3232982,2810.272,1.619866132736206,-0.016507450734273732,-1.9550493399249476,-0.2188189665423792,2.6997082233428955,0.7616949081420898,0.0,0.0,-0.0,0.0,0.0,0.0,0.0778198316693306,5.506897449493408,-1.4840785264968872,0.4575806260108948,0.1547699123620987,-0.0874786451458931,0.1342392221329043,-0.6594681171980539,0.9806981788247585,-0.9421403444716311,-0.8769215510592718,1.0541493154772883,0.0,0.0,0.0,0.0,0.0,0.0,1.6198333141838692,-0.01647421686747297,-1.9551005710225118,-0.21877398384506108,2.699735954880354,0.7617014498525398,7.0,1.0,47.97100067138672,48.24300003051758,48.029998779296875,7.49,22.88,43.54,0.289,0.401,1.638,0,1,0
1777636295.3275766,2810.2799999999997,1.619866132736206,-0.016483608876363576,-1.9551094214068812,-0.21884280840028936,2.6996841430664062,0.7616949081420898,0.0,0.0,-0.0,0.0,0.0,0.0,0.0961303785443306,5.465698719024658,-1.5333983898162842,0.4867401719093323,0.1614990383386612,-0.0829925611615181,0.13423951352430366,-0.6594293720853056,0.9806932788177424,-0.9421865167563289,-0.8768723792561811,1.054175583582951,0.0,0.0,0.0,0.0,0.0,0.0,1.6198333141838692,-0.01647421686747297,-1.9551005710225118,-0.21877398384506108,2.699735954880354,0.7617014498525398,7.0,1.0,48.0,48.24300003051758,48.029998779296875,7.49,22.88,43.54,0.289,0.401,1.638,0,1,0
1777636295.3332436,2810.288,1.619866132736206,-0.016495529805318654,-1.9551213423358362,-0.21884280840028936,2.6996960639953613,0.7617068886756897,0.0,0.0,-0.0,0.0,0.0,0.0,0.1327514797449112,5.465698719024658,-1.4930458068847656,0.4844971299171448,0.1570129543542862,-0.0874786451458931,0.1342387294604036,-0.6594071499542027,0.98070340361546,-0.9422163841478656,-0.8768698781113519,1.0541997017778377,0.0,0.0,0.0,0.0,0.0,0.0,1.6198333141838692,-0.01647421686747297,-1.9551005710225118,-0.21877398384506108,2.699735954880354,0.7617014498525398,7.0,1.0,48.0,48.22800064086914,48.029998779296875,7.49,22.88,43.54,0.289,0.401,1.638,0,1,0
1777636295.34076,2810.296,1.619866132736206,-0.016495529805318654,-1.9550851027118128,-0.21885520616640264,2.699672222137451,0.7616589069366455,0.0,0.0,-0.0,0.0,0.0,0.0,0.1190185695886612,5.529785633087158,-1.499771237373352,0.4912262558937073,0.1525268703699112,-0.0829925611615181,0.13423688098569672,-0.6594428575923785,0.9806974603452367,-0.9421646501378443,-0.8768744349779306,1.0541429711329715,0.0,0.0,0.0,0.0,0.0,0.0,1.6198333141838692,-0.01647421686747297,-1.9551005710225118,-0.21877398384506108,2.699735954880354,0.7617014498525398,7.0,1.0,48.0,48.22800064086914,48.029998779296875,7.49,22.88,43.54,0.289,0.401,1.638,0,1,0
1777636295.3524404,2810.304,1.619866132736206,-0.016543213521138966,-1.955097500477926,-0.21884280840028936,2.699636220932007,0.7617188692092896,0.0,0.0,-0.0,0.0,0.0,0.0,0.0686645582318306,5.488586902618408,-1.5064966678619385,0.4643097519874573,0.1547699123620987,-0.0785064771771431,0.13424481218562934,-0.6593816457935163,0.980738991132661,-0.9422284199245922,-0.8767948574667255,1.0542127105919907,0.0,0.0,0.0,0.0,0.0,0.0,1.6198333141838692,-0.01647421686747297,-1.9551005710225118,-0.21877398384506108,2.699735954880354,0.7617014498525398,7.0,1.0,48.0,48.22800064086914,48.029998779296875,7.49,22.88,43.54,0.289,0.401,1.638,0,1,0
1777636295.3558826,2810.312,1.6198781728744507,-0.016495529805318654,-1.9550851027118128,-0.21886712709535772,2.6996841430664062,0.7616589069366455,0.0,0.0,-0.0,0.0,0.0,0.0,0.1144409328699112,5.506897449493408,-1.504254937171936,0.4643097519874573,0.1637420803308487,-0.0852356031537056,0.13424347322608832,-0.6594379566417903,0.9807001593509054,-0.9421737100015488,-0.8768882354270124,1.0541611107932911,0.0,0.0,0.0,0.0,0.0,0.0,1.6198333141838692,-0.01647421686747297,-1.9551005710225118,-0.21877398384506108,2.699735954880354,0.7617014498525398,7.0,1.0,48.0,48.22800064086914,48.029998779296875,7.49,22.88,43.54,0.289,0.401,1.638,0,1,0
1777636295.364113,2810.3199999999997,1.619817852973938,-0.016495529805318654,-1.9550851027118128,-0.21880704561342412,2.6996960639953613,0.76168292760849,0.0,0.0,-0.0,0.0,0.0,0.0,0.1007080152630806,5.451965808868408,-1.504254937171936,0.4732819199562073,0.1480407863855362,-0.0852356031537056,0.13420636054090976,-0.6594604644167852,0.9806873000652587,-0.9421583506720196,-0.8768822923193803,1.054101819117145,0.0,0.0,0.0,0.0,0.0,0.0,1.6198333141838692,-0.01647421686747297,-1.9551005710225118,-0.21877398384506108,2.699735954880354,0.7617014498525398,7.0,1.0,48.0,48.22800064086914,48.029998779296875,7.49,22.88,43.54,0.289,0.401,1.638,0,1,0
1777636295.3712714,2810.328,1.6198058128356934,-0.016483608876363576,-1.9550851027118128,-0.21883088747133428,2.699672222137451,0.7616709470748901,0.0,0.0,-0.0,0.0,0.0,0.0,0.1052856519818306,5.529785633087158,-1.502013087272644,0.4822540879249573,0.1570129543542862,-0.0785064771771431,0.1341994028663743,-0.6594662566427367,0.980684980972636,-0.9421607805145944,-0.8768513653074214,1.0540834692191072,0.0,0.0,0.0,0.0,0.0,0.0,1.6198333141838692,-0.01647421686747297,-1.9551005710225118,-0.21877398384506108,2.699735954880354,0.7617014498525398,7.0,1.0,48.0,48.22800064086914,48.01499938964844,7.49,22.88,43.54,0.289,0.401,1.638,0,1,0
1777636295.376536,2810.336,1.619866132736206,-0.016531292592183888,-1.9551094214068812,-0.2188189665423792,2.6997082233428955,0.7617068886756897,0.0,0.0,-0.0,0.0,0.0,0.0,0.0595092847943306,5.516052722930908,-1.513222098350525,0.4575806260108948,0.1547699123620987,-0.0874786451458931,0.1342370106699296,-0.6593947452107094,0.980719377743867,-0.9422192770979649,-0.8768821005326521,1.0542017516123778,0.0,0.0,0.0,0.0,0.0,0.0,1.6198333141838692,-0.01647421686747297,-1.9551005710225118,-0.21877398384506108,2.699735954880354,0.7617014498525398,7.0,1.0,48.0,48.22800064086914,48.01499938964844,7.49,22.88,43.54,0.289,0.401,1.638,0,1,0
1777636295.3837674,2810.344,1.6198418140411377,-0.016507450734273732,-1.955097500477926,-0.21886712709535772,2.699672222137451,0.7616589069366455,0.0,0.0,-0.0,0.0,0.0,0.0,0.0549316480755806,5.543518543243408,-1.5064966678619385,0.4800110459327698,0.1659851223230362,-0.0874786451458931,0.13421960177003409,-0.6594217716612596,0.9807093389800989,-0.9422045822196704,-0.8768460441973459,1.0541403958013866,0.0,0.0,0.0,0.0,0.0,0.0,1.6198333141838692,-0.01647421686747297,-1.9551005710225118,-0.21877398384506108,2.699735954880354,0.7617014498525398,7.0,1.0,48.0,48.22800064086914,48.01499938964844,7.49,22.88,43.54,0.289,0.401,1.638,0,1,0
1777636295.3912919,2810.352,1.6198538541793823,-0.01651937166322881,-1.955073658620016,-0.21883088747133428,2.6997320652008057,0.7617188692092896,0.0,0.0,-0.0,0.0,0.0,0.0,0.1098632961511612,5.484009265899658,-1.4975295066833496,0.4777680039405823,0.1614990383386612,-0.0942077711224556,0.1342298229148416,-0.6594313061690853,0.9807138156401416,-0.9422048543925096,-0.8769096134702146,1.0541872420494993,0.0,0.0,0.0,0.0,0.0,0.0,1.6198333141838692,-0.01647421686747297,-1.9551005710225118,-0.21877398384506108,2.699735954880354,0.7617014498525398,7.0,1.0,48.0,48.22800064086914,48.01499938964844,7.49,22.88,43.54,0.289,0.401,1.638,0,1,0
1777636295.3975415,2810.3599999999997,1.619829773902893,-0.016495529805318654,-1.9551213423358362,-0.21884280840028936,2.6997201442718506,0.7616949081420898,0.0,0.0,-0.0,0.0,0.0,0.0,0.1052856519818306,5.470276355743408,-1.502013087272644,0.4710388779640198,0.1525268703699112,-0.0874786451458931,0.13421110104109038,-0.6594155285241557,0.9807000521339766,-0.9422288308959067,-0.8768788273285673,1.0541621389504385,0.0,0.0,0.0,0.0,0.0,0.0,1.6198333141838692,-0.01647421686747297,-1.9551005710225118,-0.21877398384506108,2.699735954880354,0.7617014498525398,7.0,1.0,47.986000061035156,48.27399826049805,48.01499938964844,7.49,22.88,43.54,0.289,0.401,1.638,0,1,0
1777636295.4013782,2810.3599999999997,1.619829773902893,-0.016495529805318654,-1.9551213423358362,-0.21884280840028936,2.6997201442718506,0.7616949081420898,0.0,0.0,-0.0,0.0,0.0,0.0,0.1052856519818306,5.470276355743408,-1.502013087272644,0.4710388779640198,0.1525268703699112,-0.0874786451458931,0.13421110104109038,-0.6594155285241557,0.9807000521339766,-0.9422288308959067,-0.8768788273285673,1.0541621389504385,0.0,0.0,0.0,0.0,0.0,0.0,1.6198333141838692,-0.01647421686747297,-1.9551005710225118,-0.21877398384506108,2.699735954880354,0.7617014498525398,7.0,1.0,47.986000061035156,48.27399826049805,48.01499938964844,7.51,22.95,43.53,0.291,0.401,1.637,0,0,1
1777636295.404882,2810.368,1.6198418140411377,-0.016483608876363576,-1.955097500477926,-0.21883088747133428,2.6997320652008057,0.7616589069366455,0.0,0.0,-0.0,0.0,0.0,0.0,0.0778198316693306,5.538940906524658,-1.4975295066833496,0.4553375840187073,0.1525268703699112,-0.0852356031537056,0.13421554966827892,-0.659455954264608,0.9806804984220752,-0.9421673410589169,-0.8769312863591052,1.0541195545803956,0.0,0.0,0.0,0.0,0.0,0.0,1.6198333141838692,-0.01647421686747297,-1.9551005710225118,-0.21877398384506108,2.699735954880354,0.7617014498525398,7.0,1.0,47.986000061035156,48.27399826049805,48.01499938964844,7.51,22.95,43.53,0.291,0.401,1.637,0,1,0
1777636295.4124358,2810.3759999999997,1.6198538541793823,-0.016483608876363576,-1.9550254980670374,-0.2188189665423792,2.6996960639953613,0.76168292760849,0.0,0.0,-0.0,0.0,0.0,0.0,0.0869751051068306,5.456543445587158,-1.502013087272644,0.4553375840187073,0.1570129543542862,-0.0897216871380806,0.13423294079666587,-0.6595121587524151,0.9806795004108293,-0.9420941101788056,-0.8769269090433094,1.0541026543386816,0.0,0.0,0.0,0.0,0.0,0.0,1.6198333141838692,-0.01647421686747297,-1.9551005710225118,-0.21877398384506108,2.699735954880354,0.7617014498525398,7.0,1.0,47.986000061035156,48.27399826049805,48.01499938964844,7.51,22.95,43.53,0.291,0.401,1.637,0,1,0
1777636295.4195476,2810.384,1.6198418140411377,-0.016495529805318654,-1.9550851027118128,-0.21885520616640264,2.6996960639953613,0.7617068886756897,0.0,0.0,-0.0,0.0,0.0,0.0,0.0823974683880806,5.493164539337158,-1.502013087272644,0.4777680039405823,0.1592559963464737,-0.0919647291302681,0.13422402400573327,-0.6594369820374179,0.9807049075039809,-0.9422043025860124,-0.8768663883195746,1.0541669418217479,0.0,0.0,0.0,0.0,0.0,0.0,1.6198333141838692,-0.01647421686747297,-1.9551005710225118,-0.21877398384506108,2.699735954880354,0.7617014498525398,7.0,1.0,47.986000061035156,48.27399826049805,48.01499938964844,7.51,22.95,43.53,0.291,0.401,1.637,0,1,0
1777636295.4263086,2810.392,1.619829773902893,-0.016483608876363576,-1.9550612608539026,-0.2188189665423792,2.699672222137451,0.7616949081420898,0.0,0.0,-0.0,0.0,0.0,0.0,0.0961303785443306,5.502319812774658,-1.504254937171936,0.4710388779640198,0.1570129543542862,-0.0852356031537056,0.13421915905668916,-0.6594818184311348,0.9806847366785221,-0.9421339477294199,-0.8768700182324277,1.0541065132329763,0.0,0.0,0.0,0.0,0.0,0.0,1.6198333141838692,-0.01647421686747297,-1.9551005710225118,-0.21877398384506108,2.699735954880354,0.7617014498525398,7.0,1.0,47.986000061035156,48.27399826049805,48.01499938964844,7.51,22.95,43.53,0.291,0.401,1.637,0,1,0
1777636295.4334946,2810.4,1.6198538541793823,-0.016483608876363576,-1.9550851027118128,-0.2188189665423792,2.6997201442718506,0.76168292760849,0.0,0.0,-0.0,0.0,0.0,0.0,0.1098632961511612,5.493164539337158,-1.4908039569854736,0.4508515000343323,0.1614990383386612,-0.0785064771771431,0.13422809582321218,-0.659462993288973,0.980681463931868,-0.9421516946093229,-0.8769265420127027,1.0541363276806892,0.0,0.0,0.0,0.0,0.0,0.0,1.6198333141838692,-0.01647421686747297,-1.9551005710225118,-0.21877398384506108,2.699735954880354,0.7617014498525398,7.0,1.0,47.986000061035156,48.27399826049805,48.06100082397461,7.51,22.95,43.53,0.291,0.401,1.637,0,1,0
1777636295.4471552,2810.408,1.6198538541793823,-0.016495529805318654,-1.9551094214068812,-0.21883088747133428,2.6997201442718506,0.76168292760849,0.0,0.0,-0.0,0.0,0.0,0.0,0.0549316480755806,5.538940906524658,-1.499771237373352,0.4687958359718323,0.1480407863855362,-0.0919647291302681,0.13422634262846098,-0.6594286153816399,0.9806939745088604,-0.9421934018521453,-0.8769066314489442,1.054160529339177,0.0,0.0,0.0,0.0,0.0,0.0,1.6198333141838692,-0.01647421686747297,-1.9551005710225118,-0.21877398384506108,2.699735954880354,0.7617014498525398,7.0,1.0,47.986000061035156,48.27399826049805,48.06100082397461,7.51,22.95,43.53,0.291,0.401,1.637,0,1,0
1777636295.4526923,2810.4159999999997,1.6198418140411377,-0.016543213521138966,-1.9550851027118128,-0.21885520616640264,2.6996841430664062,0.76168292760849,0.0,0.0,-0.0,0.0,0.0,0.0,0.0961303785443306,5.538940906524658,-1.4795949459075928,0.4755249619483948,0.1592559963464737,-0.0852356031537056,0.13422044198059457,-0.6594009315284577,0.9807329119863241,-0.9422299647539443,-0.8768439530470492,1.05416868595883,0.0,0.0,0.0,0.0,0.0,0.0,1.6198333141838692,-0.01647421686747297,-1.9551005710225118,-0.21877398384506108,2.699735954880354,0.7617014498525398,7.0,1.0,47.986000061035156,48.27399826049805,48.06100082397461,7.51,22.95,43.53,0.291,0.401,1.637,0,1,0
1777636295.456059,2810.424,1.6198418140411377,-0.016531292592183888,-1.9551332632647913,-0.21879512468446904,2.6996960639953613,0.7616949081420898,0.0,0.0,-0.0,0.0,0.0,0.0,0.0915527418255806,5.506897449493408,-1.4908039569854736,0.4710388779640198,0.1570129543542862,-0.0807495191693306,0.13422017646823844,-0.6593875191612975,0.9807125061443311,-0.9422184881609036,-0.8768609689590716,1.0541688142617442,0.0,0.0,0.0,0.0,0.0,0.0,1.6198333141838692,-0.01647421686747297,-1.9551005710225118,-0.21877398384506108,2.699735954880354,0.7617014498525398,7.0,1.0,47.986000061035156,48.27399826049805,48.06100082397461,7.51,22.95,43.53,0.291,0.401,1.637,0,1,0
1777636295.4627583,2810.432,1.619866132736206,-0.016483608876363576,-1.9551094214068812,-0.21884280840028936,2.699660301208496,0.7617308497428894,0.0,0.0,-0.0,0.0,0.0,0.0,0.1007080152630806,5.502319812774658,-1.4952876567840576,0.4620667099952698,0.1547699123620987,-0.0942077711224556,0.13424586529167779,-0.6594208370015767,0.980700928645001,-0.9421994979769791,-0.8768342519139212,1.054202582785378,0.0,0.0,0.0,0.0,0.0,0.0,1.6198333141838692,-0.01647421686747297,-1.9551005710225118,-0.21877398384506108,2.699735954880354,0.7617014498525398,7.0,1.0,47.986000061035156,48.22800064086914,48.06100082397461,7.51,22.95,43.53,0.291,0.401,1.637,0,1,0
1777636295.470061,2810.44,1.619817852973938,-0.016507450734273732,-1.9550851027118128,-0.21883088747133428,2.6996841430664062,0.7616949081420898,0.0,0.0,-0.0,0.0,0.0,0.0,0.1327514797449112,5.520630359649658,-1.5109803676605225,0.4329071640968323,0.1547699123620987,-0.0852356031537056,0.1342079323376698,-0.6594397707099502,0.9807045612845242,-0.9421926817886122,-0.8768508415758753,1.0541281738839956,0.0,0.0,0.0,0.0,0.0,0.0,1.6198333141838692,-0.01647421686747297,-1.9551005710225118,-0.21877398384506108,2.699735954880354,0.7617014498525398,7.0,1.0,47.986000061035156,48.22800064086914,48.06100082397461,7.51,22.95,43.53,0.291,0.401,1.637,0,1,0
1777636295.476637,2810.448,1.619829773902893,-0.016483608876363576,-1.955073658620016,-0.21886712709535772,2.6997082233428955,0.7616949081420898,0.0,0.0,-0.0,0.0,0.0,0.0,0.1052856519818306,5.497742176055908,-1.4975295066833496,0.4889832139015198,0.1570129543542862,-0.0785064771771431,0.13421434209752878,-0.6594576266344425,0.9806969022213362,-0.9421953828872119,-0.8768814928341887,1.054142515743169,0.0,0.0,0.0,0.0,0.0,0.0,1.6198333141838692,-0.01647421686747297,-1.9551005710225118,-0.21877398384506108,2.699735954880354,0.7617014498525398,7.0,1.0,47.986000061035156,48.22800064086914,48.06100082397461,7.51,22.95,43.53,0.291,0.401,1.637,0,1,0
1777636295.4861603,2810.4559999999997,1.619866132736206,-0.016507450734273732,-1.9551094214068812,-0.2188189665423792,2.6996960639953613,0.7616709470748901,0.0,0.0,-0.0,0.0,0.0,0.0,0.0732421949505806,5.484009265899658,-1.504254937171936,0.4598236680030823,0.1502838283777237,-0.0829925611615181,0.13423508477504925,-0.6594221294421554,0.9806976551092309,-0.9421767898584714,-0.8768937034794498,1.054157060768345,0.0,0.0,0.0,0.0,0.0,0.0,1.6198333141838692,-0.01647421686747297,-1.9551005710225118,-0.21877398384506108,2.699735954880354,0.7617014498525398,7.0,1.0,47.986000061035156,48.22800064086914,48.06100082397461,7.51,22.95,43.53,0.291,0.401,1.637,0,1,0
1777636295.4953942,2810.464,1.619817852973938,-0.016495529805318654,-1.9550851027118128,-0.2187712828265589,2.6996960639953613,0.76168292760849,0.0,0.0,-0.0,0.0,0.0,0.0,0.0961303785443306,5.493164539337158,-1.5177057981491089,0.4620667099952698,0.1525268703699112,-0.0852356031537056,0.13420699823017976,-0.6594717660601288,0.9806774255767505,-0.9421273187961577,-0.8768969784012794,1.0540838908659542,0.0,0.0,0.0,0.0,0.0,0.0,1.6198333141838692,-0.01647421686747297,-1.9551005710225118,-0.21877398384506108,2.699735954880354,0.7617014498525398,7.0,1.0,47.986000061035156,48.22800064086914,48.06100082397461,7.51,22.95,43.53,0.291,0.401,1.637,0,1,0
1777636295.498886,2810.4719999999998,1.619829773902893,-0.016531292592183888,-1.9550851027118128,-0.21884280840028936,2.6997439861297607,0.7616949081420898,0.0,0.0,-0.0,0.0,0.0,0.0,0.0778198316693306,5.493164539337158,-1.5087385177612305,0.4396362900733948,0.1682281643152237,-0.0807495191693306,0.13420888639119516,-0.6594165192948065,0.9807207407796975,-0.9422342384277139,-0.8769031499209411,1.054165771961348,0.0,0.0,0.0,0.0,0.0,0.0,1.6198333141838692,-0.01647421686747297,-1.9551005710225118,-0.21877398384506108,2.699735954880354,0.7617014498525398,7.0,1.0,47.986000061035156,48.22800064086914,48.01499938964844,7.51,22.95,43.53,0.291,0.401,1.637,0,1,0
1777636295.5061228,2810.48,1.6198418140411377,-0.016495529805318654,-1.955073658620016,-0.21885520616640264,2.6996960639953613,0.76168292760849,0.0,0.0,-0.0,0.0,0.0,0.0,0.1098632961511612,5.474853992462158,-1.5087385177612305,0.4777680039405823,0.1480407863855362,-0.0807495191693306,0.13422179273419355,-0.6594516555259303,0.9806999908379417,-0.9421818036537838,-0.876880483792896,1.054140711147802,0.0,0.0,0.0,0.0,0.0,0.0,1.6198333141838692,-0.01647421686747297,-1.9551005710225118,-0.21877398384506108,2.699735954880354,0.7617014498525398,7.0,1.0,47.986000061035156,48.22800064086914,48.01499938964844,7.51,22.95,43.53,0.291,0.401,1.637,0,1,0
1777636295.513315,2810.488,1.6198538541793823,-0.016543213521138966,-1.9550612608539026,-0.21879512468446904,2.699672222137451,0.7617068886756897,0.0,0.0,-0.0,0.0,0.0,0.0,0.0549316480755806,5.502319812774658,-1.5177057981491089,0.4800110459327698,0.1570129543542862,-0.0897216871380806,0.13423433058824205,-0.6594328308483703,0.9807199646794543,-0.9421625839917968,-0.8768637542030107,1.0541555256194861,0.0,0.0,0.0,0.0,0.0,0.0,1.6198333141838692,-0.01647421686747297,-1.9551005710225118,-0.21877398384506108,2.699735954880354,0.7617014498525398,7.0,1.0,47.986000061035156,48.22800064086914,48.01499938964844,7.51,22.95,43.53,0.291,0.401,1.637,0,1,0
1777636295.5199368,2810.496,1.6198781728744507,-0.016531292592183888,-1.9550493399249476,-0.21883088747133428,2.6996841430664062,0.7616949081420898,0.0,0.0,-0.0,0.0,0.0,0.0,0.0869751051068306,5.534363269805908,-1.4908039569854736,0.4822540879249573,0.1547699123620987,-0.0874786451458931,0.13424824326988094,-0.6594414517002793,0.9807185288034386,-0.9421610972469995,-0.8768890916715603,1.0541738661330606,0.0,0.0,0.0,0.0,0.0,0.0,1.6198333141838692,-0.01647421686747297,-1.9551005710225118,-0.21877398384506108,2.699735954880354,0.7617014498525398,7.0,1.0,47.986000061035156,48.22800064086914,48.01499938964844,7.51,22.95,43.53,0.291,0.401,1.637,0,1,0
1777636295.5269969,2810.504,1.6198538541793823,-0.016495529805318654,-1.955073658620016,-0.2188189665423792,2.6996841430664062,0.7616949081420898,0.0,0.0,-0.0,0.0,0.0,0.0,0.1007080152630806,5.502319812774658,-1.4930458068847656,0.4665527939796448,0.1570129543542862,-0.0942077711224556,0.13423287470424894,-0.6594584863646703,0.9806927327171922,-0.9421494686099475,-0.8768852850639097,1.0541412173798435,0.0,0.0,0.0,0.0,0.0,0.0,1.6198333141838692,-0.01647421686747297,-1.9551005710225118,-0.21877398384506108,2.699735954880354,0.7617014498525398,7.0,1.0,47.986000061035156,48.22800064086914,48.01499938964844,7.51,22.95,43.53,0.291,0.401,1.637,0,1,0
1777636295.534856,2810.5119999999997,1.6198781728744507,-0.016507450734273732,-1.9550851027118128,-0.2188189665423792,2.699660301208496,0.7617068886756897,0.0,0.0,-0.0,0.0,0.0,0.0,0.0549316480755806,5.465698719024658,-1.515463948249817,0.4777680039405823,0.1592559963464737,-0.0874786451458931,0.13425155260256208,-0.6594319529580434,0.9807046096863969,-0.9421615254962781,-0.8768602527680809,1.054180289093434,0.0,0.0,0.0,0.0,0.0,0.0,1.6198333141838692,-0.01647421686747297,-1.9551005710225118,-0.21877398384506108,2.699735954880354,0.7617014498525398,7.0,1.0,48.0,48.22800064086914,48.01499938964844,7.51,22.95,43.53,0.291,0.401,1.637,0,1,0
1777636295.58361,2810.52,1.6198418140411377,-0.016483608876363576,-1.9551094214068812,-0.21886712709535772,2.699672222137451,0.7616949081420898,0.0,0.0,-0.0,0.0,0.0,0.0,0.0411987341940403,5.497742176055908,-1.4975295066833496,0.4486084580421448,0.1704712063074112,-0.0897216871380806,0.1342241780449305,-0.659424468052287,0.980700585016774,-0.9422132193099529,-0.8768369198509328,1.0541651107092436,0.0,0.0,0.0,0.0,0.0,0.0,1.6198333141838692,-0.01647421686747297,-1.9551005710225118,-0.21877398384506108,2.699735954880354,0.7617014498525398,7.0,1.0,48.0,48.22800064086914,48.01499938964844,7.51,22.95,43.53,0.291,0.401,1.637,0,1,0
1777636295.5836563,2810.52,1.6198418140411377,-0.016483608876363576,-1.9551094214068812,-0.21886712709535772,2.699672222137451,0.7616949081420898,0.0,0.0,-0.0,0.0,0.0,0.0,0.0411987341940403,5.497742176055908,-1.4975295066833496,0.4486084580421448,0.1704712063074112,-0.0897216871380806,0.1342241780449305,-0.659424468052287,0.980700585016774,-0.9422132193099529,-0.8768369198509328,1.0541651107092436,0.0,0.0,0.0,0.0,0.0,0.0,1.6198333141838692,-0.01647421686747297,-1.9551005710225118,-0.21877398384506108,2.699735954880354,0.7617014498525398,7.0,1.0,48.0,48.22800064086914,48.01499938964844,7.8,23.01,43.54,0.292,0.407,1.64,0,0,1
1777636295.5836844,2810.528,1.6198418140411377,-0.016507450734273732,-1.9550493399249476,-0.21880704561342412,2.699672222137451,0.7616949081420898,0.0,0.0,-0.0,0.0,0.0,0.0,0.1281738430261612,5.497742176055908,-1.499771237373352,0.4575806260108948,0.1592559963464737,-0.0829925611615181,0.13422682461680535,-0.6594736912386153,0.9806966760094065,-0.9421296440294717,-0.8768766326911217,1.0541169042261485,0.0,0.0,0.0,0.0,0.0,0.0,1.6198333141838692,-0.01647421686747297,-1.9551005710225118,-0.21877398384506108,2.699735954880354,0.7617014498525398,7.0,1.0,48.0,48.22800064086914,48.01499938964844,7.8,23.01,43.54,0.292,0.407,1.64,0,1,0
1777636295.585047,2810.536,1.619829773902893,-0.01651937166322881,-1.9550851027118128,-0.21885520616640264,2.6996960639953613,0.7616949081420898,0.0,0.0,-0.0,0.0,0.0,0.0,0.1007080152630806,5.497742176055908,-1.499771237373352,0.4620667099952698,0.1502838283777237,-0.0829925611615181,0.13421372608612284,-0.6594208142845349,0.9807186138274393,-0.9422228411040422,-0.8768545503225812,1.0541584521646852,0.0,0.0,0.0,0.0,0.0,0.0,1.6198333141838692,-0.01647421686747297,-1.9551005710225118,-0.21877398384506108,2.699735954880354,0.7617014498525398,7.0,1.0,48.0,48.22800064086914,48.01499938964844,7.8,23.01,43.54,0.292,0.407,1.64,0,1,0
1777636295.5851405,2810.544,1.619866132736206,-0.01651937166322881,-1.955073658620016,-0.21880704561342412,2.699672222137451,0.7616709470748901,0.0,0.0,-0.0,0.0,0.0,0.0,0.0549316480755806,5.488586902618408,-1.502013087272644,0.4643097519874573,0.1457977443933487,-0.0807495191693306,0.13423859991713166,-0.6594448623289901,0.9807015850411228,-0.9421398708418326,-0.8768843895476606,1.054135434719788,0.0,0.0,0.0,0.0,0.0,0.0,1.6198333141838692,-0.01647421686747297,-1.9551005710225118,-0.21877398384506108,2.699735954880354,0.7617014498525398,7.0,1.0,48.0,48.22800064086914,48.04600143432617,7.8,23.01,43.54,0.292,0.407,1.64,0,1,0
1777636295.586475,2810.5519999999997,1.6198538541793823,-0.016531292592183888,-1.9550851027118128,-0.2188189665423792,2.699672222137451,0.7616469264030457,0.0,0.0,-0.0,0.0,0.0,0.0,0.0686645582318306,5.493164539337158,-1.4952876567840576,0.4530945420265198,0.1525268703699112,-0.0874786451458931,0.13422657287729348,-0.6594280215252097,0.9807090920509571,-0.9421621263191967,-0.8768724138345987,1.0541221360719233,0.0,0.0,0.0,0.0,0.0,0.0,1.6198333141838692,-0.01647421686747297,-1.9551005710225118,-0.21877398384506108,2.699735954880354,0.7617014498525398,7.0,1.0,48.0,48.22800064086914,48.04600143432617,7.8,23.01,43.54,0.292,0.407,1.64,0,1,0
1777636295.5894663,2810.56,1.6198418140411377,-0.016495529805318654,-1.955097500477926,-0.2188189665423792,2.6997082233428955,0.76168292760849,0.0,0.0,-0.0,0.0,0.0,0.0,0.0915527418255806,5.534363269805908,-1.5244312286376953,0.4732819199562073,0.1547699123620987,-0.0852356031537056,0.13422026088410782,-0.6594435442782619,0.9806906441194018,-0.9421740166540472,-0.8768977730896848,1.0541364094341332,0.0,0.0,0.0,0.0,0.0,0.0,1.6198333141838692,-0.01647421686747297,-1.9551005710225118,-0.21877398384506108,2.699735954880354,0.7617014498525398,7.0,1.0,48.0,48.22800064086914,48.04600143432617,7.8,23.01,43.54,0.292,0.407,1.64,0,1,0
1777636295.5951028,2810.5679999999998,1.6198781728744507,-0.016543213521138966,-1.955097500477926,-0.21883088747133428,2.6997082233428955,0.7616709470748901,0.0,0.0,-0.0,0.0,0.0,0.0,0.0457763709127903,5.543518543243408,-1.5266729593276978,0.4575806260108948,0.1570129543542862,-0.0852356031537056,0.1342406670563848,-0.6593968058792627,0.9807235028206416,-0.9422064818079088,-0.8768978855563782,1.054187334381713,0.0,0.0,0.0,0.0,0.0,0.0,1.6198333141838692,-0.01647421686747297,-1.9551005710225118,-0.21877398384506108,2.699735954880354,0.7617014498525398,7.0,1.0,48.0,48.22800064086914,48.04600143432617,7.8,23.01,43.54,0.292,0.407,1.64,0,1,0
1777636295.5952914,2810.576,1.6198418140411377,-0.016495529805318654,-1.9551094214068812,-0.2188189665423792,2.6997201442718506,0.7616109848022461,0.0,0.0,-0.0,0.0,0.0,0.0,0.0549316480755806,5.516052722930908,-1.4930458068847656,0.4777680039405823,0.1502838283777237,-0.0852356031537056,0.13421044540227936,-0.6594491497639025,0.980677740111259,-0.9421494988130775,-0.8769329570044776,1.05408273732332,0.0,0.0,0.0,0.0,0.0,0.0,1.6198333141838692,-0.01647421686747297,-1.9551005710225118,-0.21877398384506108,2.699735954880354,0.7617014498525398,7.0,1.0,48.0,48.22800064086914,48.04600143432617,7.8,23.01,43.54,0.292,0.407,1.64,0,1,0
1777636295.6013246,2810.584,1.6198418140411377,-0.016483608876363576,-1.9551094214068812,-0.2188189665423792,2.6996960639953613,0.7616709470748901,0.0,0.0,-0.0,0.0,0.0,0.0,0.0732421949505806,5.493164539337158,-1.499771237373352,0.4508515000343323,0.1570129543542862,-0.0919647291302681,0.13422004620183606,-0.6594457001270252,0.9806817934398541,-0.9421647411132985,-0.8768901490708814,1.0541242140294826,0.0,0.0,0.0,0.0,0.0,0.0,1.6198333141838692,-0.01647421686747297,-1.9551005710225118,-0.21877398384506108,2.699735954880354,0.7617014498525398,7.0,1.0,48.0,48.22800064086914,48.04600143432617,7.8,23.01,43.54,0.292,0.407,1.64,0,1,0
1777636295.606669,2810.592,1.619866132736206,-0.016555134450094044,-1.955073658620016,-0.21884280840028936,2.6997082233428955,0.7617308497428894,0.0,0.0,-0.0,0.0,0.0,0.0,0.1007080152630806,5.520630359649658,-1.5244312286376953,0.4934692978858948,0.1592559963464737,-0.0919647291302681,0.13423983988881477,-0.6593919406500554,0.980744238085896,-0.9422421747995295,-0.8768679163375256,1.0542283039170524,0.0,0.0,0.0,0.0,0.0,0.0,1.6198333141838692,-0.01647421686747297,-1.9551005710225118,-0.21877398384506108,2.699735954880354,0.7617014498525398,7.0,1.0,47.986000061035156,48.22800064086914,48.04600143432617,7.8,23.01,43.54,0.292,0.407,1.64,0,1,0
1777636295.6145604,2810.6,1.619866132736206,-0.016507450734273732,-1.955097500477926,-0.21885520616640264,2.6997082233428955,0.7616589069366455,0.0,0.0,-0.0,0.0,0.0,0.0,0.1190185695886612,5.516052722930908,-1.4863203763961792,0.4553375840187073,0.1637420803308487,-0.0829925611615181,0.13423242388572387,-0.6594237327489582,0.9807042591336996,-0.9421945936122447,-0.8769007539756036,1.0541608571209513,0.0,0.0,0.0,0.0,0.0,0.0,1.6198333141838692,-0.01647421686747297,-1.9551005710225118,-0.21877398384506108,2.699735954880354,0.7617014498525398,7.0,1.0,47.986000061035156,48.22800064086914,48.04600143432617,7.8,23.01,43.54,0.292,0.407,1.64,0,1,0
1777636295.620889,2810.6079999999997,1.6198781728744507,-0.016447369252340138,-1.9550851027118128,-0.21879512468446904,2.6997201442718506,0.7617068886756897,0.0,0.0,-0.0,0.0,0.0,0.0,0.0595092847943306,5.479431629180908,-1.4952876567840576,0.4755249619483948,0.1614990383386612,-0.0829925611615181,0.13424879726249841,-0.6594930819965252,0.9806550803628847,-0.9421037322258781,-0.8769554020457977,1.054147342348504,0.0,0.0,0.0,0.0,0.0,0.0,1.6198333141838692,-0.01647421686747297,-1.9551005710225118,-0.21877398384506108,2.699735954880354,0.7617014498525398,7.0,1.0,47.986000061035156,48.22800064086914,48.04600143432617,7.8,23.01,43.54,0.292,0.407,1.64,0,1,0
1777636295.6283743,2810.616,1.619829773902893,-0.016531292592183888,-1.955097500477926,-0.21883088747133428,2.6997201442718506,0.7617188692092896,0.0,0.0,-0.0,0.0,0.0,0.0,0.0640869215130806,5.479431629180908,-1.5064966678619385,0.4710388779640198,0.1570129543542862,-0.0897216871380806,0.1342135591292885,-0.6594038455365794,0.9807236007988667,-0.9422413211879046,-0.8768694534027475,1.0541827689918224,0.0,0.0,0.0,0.0,0.0,0.0,1.6198333141838692,-0.01647421686747297,-1.9551005710225118,-0.21877398384506108,2.699735954880354,0.7617014498525398,7.0,1.0,47.986000061035156,48.22800064086914,48.07600021362305,7.8,23.01,43.54,0.292,0.407,1.64,0,1,0
1777636295.6352987,2810.624,1.6198538541793823,-0.016507450734273732,-1.955097500477926,-0.21880704561342412,2.6996841430664062,0.7616589069366455,0.0,0.0,-0.0,0.0,0.0,0.0,0.0686645582318306,5.502319812774658,-1.5221893787384033,0.4418793320655823,0.1480407863855362,-0.0829925611615181,0.13422747859637696,-0.6594396260020298,0.9806921586870031,-0.942151163706764,-0.8768894119780879,1.0541224412852481,0.0,0.0,0.0,0.0,0.0,0.0,1.6198333141838692,-0.01647421686747297,-1.9551005710225118,-0.21877398384506108,2.699735954880354,0.7617014498525398,7.0,1.0,47.986000061035156,48.22800064086914,48.07600021362305,7.8,23.01,43.54,0.292,0.407,1.64,0,1,0
1777636295.6463442,2810.632,1.619829773902893,-0.016507450734273732,-1.955097500477926,-0.21883088747133428,2.6996960639953613,0.7617068886756897,0.0,0.0,-0.0,0.0,0.0,0.0,0.1190185695886612,5.557251453399658,-1.4930458068847656,0.4957123398780823,0.1659851223230362,-0.0897216871380806,0.1342154885562329,-0.6594257009002804,0.9807067808082708,-0.9422084715680826,-0.8768596558974001,1.0541566998475855,0.0,0.0,0.0,0.0,0.0,0.0,1.6198333141838692,-0.01647421686747297,-1.9551005710225118,-0.21877398384506108,2.699735954880354,0.7617014498525398,7.0,1.0,47.986000061035156,48.22800064086914,48.07600021362305,7.8,23.01,43.54,0.292,0.407,1.64,0,1,0
1777636295.6520507,2810.64,1.6198538541793823,-0.01651937166322881,-1.9550851027118128,-0.21884280840028936,2.6996960639953613,0.7617068886756897,0.0,0.0,-0.0,0.0,0.0,0.0,0.0686645582318306,5.534363269805908,-1.5109803676605225,0.4867401719093323,0.1592559963464737,-0.0874786451458931,0.13423118690876507,-0.6594189771520821,0.980717346203416,-0.9422099106795343,-0.876868256975995,1.05418307370644,0.0,0.0,0.0,0.0,0.0,0.0,1.6198333141838692,-0.01647421686747297,-1.9551005710225118,-0.21877398384506108,2.699735954880354,0.7617014498525398,7.0,1.0,47.986000061035156,48.22800064086914,48.07600021362305,7.8,23.01,43.54,0.292,0.407,1.64,0,1,0
1777636295.6572106,2810.6479999999997,1.6198538541793823,-0.016447369252340138,-1.9550612608539026,-0.21880704561342412,2.699672222137451,0.7617068886756897,0.0,0.0,-0.0,0.0,0.0,0.0,0.0915527418255806,5.516052722930908,-1.5064966678619385,0.4777680039405823,0.1592559963464737,-0.0852356031537056,0.1342381298346501,-0.6595106955284238,0.9806594885795109,-0.942090119809028,-0.8768985267421039,1.0541130568417165,0.0,0.0,0.0,0.0,0.0,0.0,1.6198333141838692,-0.01647421686747297,-1.9551005710225118,-0.21877398384506108,2.699735954880354,0.7617014498525398,7.0,1.0,47.986000061035156,48.25899887084961,48.07600021362305,7.8,23.01,43.54,0.292,0.407,1.64,0,1,0
1777636295.6644115,2810.656,1.6198538541793823,-0.016507450734273732,-1.9551094214068812,-0.21886712709535772,2.6996960639953613,0.7617068886756897,0.0,0.0,-0.0,0.0,0.0,0.0,0.0961303785443306,5.516052722930908,-1.502013087272644,0.4687958359718323,0.1570129543542862,-0.0807495191693306,0.13423021047030848,-0.6594009871119662,0.9807174168408974,-0.9422417768718636,-0.8768531221049771,1.054201438355203,0.0,0.0,0.0,0.0,0.0,0.0,1.6198333141838692,-0.01647421686747297,-1.9551005710225118,-0.21877398384506108,2.699735954880354,0.7617014498525398,7.0,1.0,47.986000061035156,48.25899887084961,48.07600021362305,7.8,23.01,43.54,0.292,0.407,1.64,0,1,0
1777636295.671298,2810.6639999999998,1.6198058128356934,-0.016483608876363576,-1.9550612608539026,-0.21885520616640264,2.6996841430664062,0.7617188692092896,0.0,0.0,-0.0,0.0,0.0,0.0,0.0595092847943306,5.516052722930908,-1.4885622262954712,0.4575806260108948,0.1614990383386612,-0.0852356031537056,0.13420429770818304,-0.6594690181183255,0.9806984608427077,-0.9421893533792932,-0.8768446108803681,1.0541265476039845,0.0,0.0,0.0,0.0,0.0,0.0,1.6198333141838692,-0.01647421686747297,-1.9551005710225118,-0.21877398384506108,2.699735954880354,0.7617014498525398,7.0,1.0,48.029998779296875,48.25899887084961,48.07600021362305,7.8,23.01,43.54,0.292,0.407,1.64,0,1,0
1777636295.678801,2810.672,1.619866132736206,-0.016507450734273732,-1.955097500477926,-0.21880704561342412,2.6997082233428955,0.7617068886756897,0.0,0.0,-0.0,0.0,0.0,0.0,0.0961303785443306,5.520630359649658,-1.499771237373352,0.4486084580421448,0.1614990383386612,-0.0874786451458931,0.13423873235741243,-0.6594288477419615,0.9806995942492562,-0.9421780086152686,-0.8769018058546342,1.0541777443020883,0.0,0.0,0.0,0.0,0.0,0.0,1.6198333141838692,-0.01647421686747297,-1.9551005710225118,-0.21877398384506108,2.699735954880354,0.7617014498525398,7.0,1.0,48.029998779296875,48.25899887084961,48.07600021362305,7.8,23.01,43.54,0.292,0.407,1.64,0,1,0
1777636295.6855865,2810.68,1.6198781728744507,-0.016495529805318654,-1.955097500477926,-0.21883088747133428,2.6997201442718506,0.7616949081420898,0.0,0.0,-0.0,0.0,0.0,0.0,0.0595092847943306,5.484009265899658,-1.502013087272644,0.4777680039405823,0.1659851223230362,-0.0874786451458931,0.13424425028521658,-0.6594328559026901,0.980695498447548,-0.9421808195633357,-0.8769203202314579,1.0541855893700471,0.0,0.0,0.0,0.0,0.0,0.0,1.6198333141838692,-0.01647421686747297,-1.9551005710225118,-0.21877398384506108,2.699735954880354,0.7617014498525398,7.0,1.0,48.029998779296875,48.25899887084961,48.07600021362305,7.8,23.01,43.54,0.292,0.407,1.64,0,1,0
1777636295.6899269,2810.68,1.6198781728744507,-0.016495529805318654,-1.955097500477926,-0.21883088747133428,2.6997201442718506,0.7616949081420898,0.0,0.0,-0.0,0.0,0.0,0.0,0.0595092847943306,5.484009265899658,-1.502013087272644,0.4777680039405823,0.1659851223230362,-0.0874786451458931,0.13424425028521658,-0.6594328559026901,0.980695498447548,-0.9421808195633357,-0.8769203202314579,1.0541855893700471,0.0,0.0,0.0,0.0,0.0,0.0,1.6198333141838692,-0.01647421686747297,-1.9551005710225118,-0.21877398384506108,2.699735954880354,0.7617014498525398,7.0,1.0,48.029998779296875,48.25899887084961,48.07600021362305,7.8,22.96,43.57,0.288,0.404,1.639,0,0,1
1777636295.6984432,2810.6879999999996,1.6198538541793823,-0.016543213521138966,-1.9551094214068812,-0.21883088747133428,2.6997201442718506,0.7616709470748901,0.0,0.0,-0.0,0.0,0.0,0.0,0.1098632961511612,5.506897449493408,-1.5244312286376953,0.4777680039405823,0.1659851223230362,-0.0874786451458931,0.13422298605531297,-0.6593905248138101,0.980723541446825,-0.9422283061342569,-0.8768915713822281,1.0541743872213123,0.0,0.0,0.0,0.0,0.0,0.0,1.6198333141838692,-0.01647421686747297,-1.9551005710225118,-0.21877398384506108,2.699735954880354,0.7617014498525398,7.0,1.0,48.029998779296875,48.25899887084961,48.06100082397461,7.8,22.96,43.57,0.288,0.404,1.639,0,1,0
1777636295.7001877,2810.696,1.6198781728744507,-0.016531292592183888,-1.955097500477926,-0.21883088747133428,2.6996960639953613,0.7617068886756897,0.0,0.0,-0.0,0.0,0.0,0.0,0.1007080152630806,5.520630359649658,-1.5177057981491089,0.4889832139015198,0.1614990383386612,-0.0829925611615181,0.13424640540511143,-0.6593988972198391,0.9807226419668634,-0.9422120547167062,-0.8768765012373649,1.0542101380346838,0.0,0.0,0.0,0.0,0.0,0.0,1.6198333141838692,-0.01647421686747297,-1.9551005710225118,-0.21877398384506108,2.699735954880354,0.7617014498525398,7.0,1.0,48.029998779296875,48.25899887084961,48.06100082397461,7.8,22.96,43.57,0.288,0.404,1.639,0,1,0
1777636295.7074995,2810.7039999999997,1.6198538541793823,-0.016495529805318654,-1.9550851027118128,-0.21885520616640264,2.6997082233428955,0.76168292760849,0.0,0.0,-0.0,0.0,0.0,0.0,0.1281738430261612,5.502319812774658,-1.4885622262954712,0.4351502060890198,0.1525268703699112,-0.0874786451458931,0.13422808499481054,-0.6594409046725137,0.9806999929589713,-0.9421904909128546,-0.8768946761565645,1.0541586530983749,0.0,0.0,0.0,0.0,0.0,0.0,1.6198333141838692,-0.01647421686747297,-1.9551005710225118,-0.21877398384506108,2.699735954880354,0.7617014498525398,7.0,1.0,48.029998779296875,48.25899887084961,48.06100082397461,7.8,22.96,43.57,0.288,0.404,1.639,0,1,0
1777636295.714991,2810.712,1.6198781728744507,-0.016483608876363576,-1.955073658620016,-0.21886712709535772,2.699660301208496,0.76168292760849,0.0,0.0,-0.0,0.0,0.0,0.0,0.0778198316693306,5.493164539337158,-1.5064966678619385,0.4844971299171448,0.1614990383386612,-0.0919647291302681,0.13424946041821148,-0.6594517127715285,0.9806971278066825,-0.942160217963318,-0.8768644384092233,1.054166149811955,0.0,0.0,0.0,0.0,0.0,0.0,1.6198333141838692,-0.01647421686747297,-1.9551005710225118,-0.21877398384506108,2.699735954880354,0.7617014498525398,7.0,1.0,48.029998779296875,48.25899887084961,48.06100082397461,7.8,22.96,43.57,0.288,0.404,1.639,0,1,0
1777636295.721955,2810.72,1.6198418140411377,-0.016507450734273732,-1.9550851027118128,-0.21883088747133428,2.6996960639953613,0.7616709470748901,0.0,0.0,-0.0,0.0,0.0,0.0,0.0915527418255806,5.520630359649658,-1.5177057981491089,0.5001984238624573,0.1570129543542862,-0.0807495191693306,0.13421987703420876,-0.6594420836787447,0.9806996584831558,-0.9421746203037477,-0.8768854675949496,1.0541300417111854,0.0,0.0,0.0,0.0,0.0,0.0,1.6198333141838692,-0.01647421686747297,-1.9551005710225118,-0.21877398384506108,2.699735954880354,0.7617014498525398,7.0,1.0,48.029998779296875,48.25899887084961,48.06100082397461,7.8,22.96,43.57,0.288,0.404,1.639,0,1,0
1777636295.7291205,2810.728,1.6198418140411377,-0.016531292592183888,-1.9550851027118128,-0.21880704561342412,2.6996960639953613,0.7616949081420898,0.0,0.0,-0.0,0.0,0.0,0.0,0.02288818545639515,5.502319812774658,-1.4751113653182983,0.4463654160499573,0.1592559963464737,-0.0874786451458931,0.13422202587587387,-0.6594242653263249,0.9807132480662071,-0.9421871177437247,-0.8768760395739,1.0541506306483273,0.0,0.0,0.0,0.0,0.0,0.0,1.6198333141838692,-0.01647421686747297,-1.9551005710225118,-0.21877398384506108,2.699735954880354,0.7617014498525398,7.0,1.0,48.029998779296875,48.25899887084961,48.06100082397461,7.8,22.96,43.57,0.288,0.404,1.639,0,1,0
1777636295.7362046,2810.736,1.619866132736206,-0.016483608876363576,-1.955097500477926,-0.21879512468446904,2.699648141860962,0.7616949081420898,0.0,0.0,-0.0,0.0,0.0,0.0,0.1098632961511612,5.529785633087158,-1.4975295066833496,0.4732819199562073,0.1637420803308487,-0.0874786451458931,0.1342443024864352,-0.65945301208266,0.9806812706167082,-0.9421259080043844,-0.876860510150318,1.054140060252894,0.0,0.0,0.0,0.0,0.0,0.0,1.6198333141838692,-0.01647421686747297,-1.9551005710225118,-0.21877398384506108,2.699735954880354,0.7617014498525398,7.0,1.0,48.029998779296875,48.25899887084961,48.06100082397461,7.8,22.96,43.57,0.288,0.404,1.639,0,1,0
1777636295.74857,2810.7439999999997,1.619866132736206,-0.01651937166322881,-1.955073658620016,-0.2188189665423792,2.699672222137451,0.7617068886756897,0.0,0.0,-0.0,0.0,0.0,0.0,0.0778198316693306,5.534363269805908,-1.499771237373352,0.4553375840187073,0.1570129543542862,-0.0807495191693306,0.13424246914133597,-0.6594335255961425,0.9807113422046002,-0.9421690948035117,-0.8768654683752563,1.0541721454318171,0.0,0.0,0.0,0.0,0.0,0.0,1.6198333141838692,-0.01647421686747297,-1.9551005710225118,-0.21877398384506108,2.699735954880354,0.7617014498525398,7.0,1.0,47.986000061035156,48.25899887084961,48.06100082397461,7.8,22.96,43.57,0.288,0.404,1.639,0,1,0
1777636295.7528715,2810.752,1.619866132736206,-0.016471211110250294,-1.9550851027118128,-0.2188189665423792,2.6996841430664062,0.7616949081420898,0.0,0.0,-0.0,0.0,0.0,0.0,0.0778198316693306,5.493164539337158,-1.4952876567840576,0.4800110459327698,0.1570129543542862,-0.0897216871380806,0.13424149986431358,-0.6594679235683448,0.9806771595243726,-0.9421340529094339,-0.8768973824053881,1.0541451660161345,0.0,0.0,0.0,0.0,0.0,0.0,1.6198333141838692,-0.01647421686747297,-1.9551005710225118,-0.21877398384506108,2.699735954880354,0.7617014498525398,7.0,1.0,47.986000061035156,48.25899887084961,48.06100082397461,7.8,22.96,43.57,0.288,0.404,1.639,0,1,0
1777636295.7594543,2810.7599999999998,1.6198418140411377,-0.016495529805318654,-1.9551094214068812,-0.2188189665423792,2.6997082233428955,0.7616589069366455,0.0,0.0,-0.0,0.0,0.0,0.0,0.0595092847943306,5.557251453399658,-1.4975295066833496,0.4463654160499573,0.1592559963464737,-0.0852356031537056,0.13421702247899137,-0.6594385749311402,0.9806869541429466,-0.9421717238922608,-0.8769022052627806,1.0541218489342525,0.0,0.0,0.0,0.0,0.0,0.0,1.6198333141838692,-0.01647421686747297,-1.9551005710225118,-0.21877398384506108,2.699735954880354,0.7617014498525398,7.0,1.0,47.986000061035156,48.25899887084961,48.06100082397461,7.8,22.96,43.57,0.288,0.404,1.639,0,1,0
1777636295.7662165,2810.768,1.6198538541793823,-0.016495529805318654,-1.955073658620016,-0.2188189665423792,2.6997201442718506,0.76168292760849,0.0,0.0,-0.0,0.0,0.0,0.0,0.0411987341940403,5.502319812774658,-1.499771237373352,0.4800110459327698,0.1547699123620987,-0.0829925611615181,0.13422808694098157,-0.6594624670924756,0.9806887886790896,-0.9421520817004511,-0.8769263524157374,1.0541366123306173,0.0,0.0,0.0,0.0,0.0,0.0,1.6198333141838692,-0.01647421686747297,-1.9551005710225118,-0.21877398384506108,2.699735954880354,0.7617014498525398,7.0,1.0,47.986000061035156,48.25899887084961,48.06100082397461,7.8,22.96,43.57,0.288,0.404,1.639,0,1,0
1777636295.773304,2810.776,1.6198418140411377,-0.016507450734273732,-1.9550612608539026,-0.2188189665423792,2.6996841430664062,0.7616949081420898,0.0,0.0,-0.0,0.0,0.0,0.0,0.1144409328699112,5.488586902618408,-1.502013087272644,0.4777680039405823,0.1592559963464737,-0.0874786451458931,0.1342249666765531,-0.6594603784654831,0.9807000069287231,-0.9421532628613453,-0.8768788457438228,1.054130727689625,0.0,0.0,0.0,0.0,0.0,0.0,1.6198333141838692,-0.01647421686747297,-1.9551005710225118,-0.21877398384506108,2.699735954880354,0.7617014498525398,7.0,1.0,47.986000061035156,48.25899887084961,48.06100082397461,7.8,22.96,43.57,0.288,0.404,1.639,0,1,0
1777636295.7800782,2810.7839999999997,1.6198418140411377,-0.016495529805318654,-1.9550374189959925,-0.21879512468446904,2.6996841430664062,0.7617068886756897,0.0,0.0,-0.0,0.0,0.0,0.0,0.0778198316693306,5.506897449493408,-1.504254937171936,0.4643097519874573,0.1659851223230362,-0.0874786451458931,0.13422827237596396,-0.6594955993591674,0.9806863842445743,-0.9421079177451172,-0.8768987788169116,1.054111034942357,0.0,0.0,0.0,0.0,0.0,0.0,1.6198333141838692,-0.01647421686747297,-1.9551005710225118,-0.21877398384506108,2.699735954880354,0.7617014498525398,7.0,1.0,47.986000061035156,48.25899887084961,48.06100082397461,7.8,22.96,43.57,0.288,0.404,1.639,0,1,0
1777636295.7878084,2810.792,1.6198418140411377,-0.016483608876363576,-1.9550493399249476,-0.21885520616640264,2.6997439861297607,0.7616709470748901,0.0,0.0,-0.0,0.0,0.0,0.0,0.0778198316693306,5.511475086212158,-1.504254937171936,0.4463654160499573,0.1682281643152237,-0.0852356031537056,0.13421741049227426,-0.6594867297773372,0.980686234399293,-0.9421560024781169,-0.8769486168979614,1.0541197486469729,0.0,0.0,0.0,0.0,0.0,0.0,1.6198333141838692,-0.01647421686747297,-1.9551005710225118,-0.21877398384506108,2.699735954880354,0.7617014498525398,7.0,1.0,47.986000061035156,48.18299865722656,48.06100082397461,7.8,22.96,43.57,0.288,0.404,1.639,0,1,0
1777636295.7956016,2810.7999999999997,1.6198538541793823,-0.016459290181295216,-1.9550851027118128,-0.21884280840028936,2.6996960639953613,0.7617068886756897,0.0,0.0,-0.0,0.0,0.0,0.0,0.1007080152630806,5.506897449493408,-1.5064966678619385,0.4351502060890198,0.1614990383386612,-0.0829925611615181,0.13423370188286243,-0.659470149853588,0.9806773741439185,-0.9421580013265571,-0.876893124142417,1.054152705000067,0.0,0.0,0.0,0.0,0.0,0.0,1.6198333141838692,-0.01647421686747297,-1.9551005710225118,-0.21877398384506108,2.699735954880354,0.7617014498525398,7.0,1.0,47.986000061035156,48.18299865722656,48.06100082397461,7.8,22.96,43.57,0.288,0.404,1.639,0,1,0
1777636295.8010964,2810.808,1.6198418140411377,-0.016495529805318654,-1.955073658620016,-0.21879512468446904,2.6997082233428955,0.7617188692092896,0.0,0.0,-0.0,0.0,0.0,0.0,0.0915527418255806,5.502319812774658,-1.502013087272644,0.4508515000343323,0.1547699123620987,-0.0852356031537056,0.13422578883261002,-0.6594635657800225,0.9806892641959805,-0.9421515581948124,-0.8769034217859012,1.054143231465266,0.0,0.0,0.0,0.0,0.0,0.0,1.6198333141838692,-0.01647421686747297,-1.9551005710225118,-0.21877398384506108,2.699735954880354,0.7617014498525398,7.0,1.0,47.986000061035156,48.18299865722656,48.06100082397461,7.8,22.96,43.57,0.288,0.404,1.639,0,1,0
1777636295.8081708,2810.816,1.619866132736206,-0.016471211110250294,-1.9551094214068812,-0.21884280840028936,2.699660301208496,0.7617188692092896,0.0,0.0,-0.0,0.0,0.0,0.0,0.0915527418255806,5.502319812774658,-1.4885622262954712,0.4732819199562073,0.1457977443933487,-0.0785064771771431,0.1342450237043899,-0.6594339196790208,0.9806905255203928,-0.9421824932866966,-0.8768440588369149,1.0541860715640246,0.0,0.0,0.0,0.0,0.0,0.0,1.6198333141838692,-0.01647421686747297,-1.9551005710225118,-0.21877398384506108,2.699735954880354,0.7617014498525398,7.0,1.0,47.986000061035156,48.18299865722656,48.06100082397461,7.8,22.96,43.57,0.288,0.404,1.639,0,1,0
1777636295.8156686,2810.824,1.619829773902893,-0.016483608876363576,-1.9551213423358362,-0.2188189665423792,2.6996960639953613,0.7616949081420898,0.0,0.0,-0.0,0.0,0.0,0.0,0.1007080152630806,5.488586902618408,-1.4885622262954712,0.4530945420265198,0.1547699123620987,-0.0874786451458931,0.1342143174321792,-0.6594322417552544,0.980686735409753,-0.9421918861986086,-0.8768692108963312,1.0541403881046785,0.0,0.0,0.0,0.0,0.0,0.0,1.6198333141838692,-0.01647421686747297,-1.9551005710225118,-0.21877398384506108,2.699735954880354,0.7617014498525398,7.0,1.0,47.97100067138672,48.18299865722656,48.06100082397461,7.8,22.96,43.57,0.288,0.404,1.639,0,1,0
1777636295.8232417,2810.832,1.6198418140411377,-0.016483608876363576,-1.955097500477926,-0.2188189665423792,2.6996841430664062,0.76168292760849,0.0,0.0,-0.0,0.0,0.0,0.0,0.0778198316693306,5.516052722930908,-1.499771237373352,0.4755249619483948,0.1592559963464737,-0.0829925611615181,0.13422305208394267,-0.6594527225095421,0.9806839095245149,-0.9421577598668955,-0.876878365301053,1.0541266111446932,0.0,0.0,0.0,0.0,0.0,0.0,1.6198333141838692,-0.01647421686747297,-1.9551005710225118,-0.21877398384506108,2.699735954880354,0.7617014498525398,7.0,1.0,47.97100067138672,48.18299865722656,48.029998779296875,7.8,22.96,43.57,0.288,0.404,1.639,0,1,0
1777636295.8309925,2810.8399999999997,1.6198058128356934,-0.016507450734273732,-1.9550493399249476,-0.2188189665423792,2.6997320652008057,0.7616709470748901,0.0,0.0,-0.0,0.0,0.0,0.0,0.0961303785443306,5.506897449493408,-1.504254937171936,0.4508515000343323,0.1682281643152237,-0.0852356031537056,0.13419445188346935,-0.6594822245217655,0.9806926833601339,-0.9421548651520101,-0.8769217110407207,1.054080979363145,0.0,0.0,0.0,0.0,0.0,0.0,1.6198333141838692,-0.01647421686747297,-1.9551005710225118,-0.21877398384506108,2.699735954880354,0.7617014498525398,7.0,1.0,47.97100067138672,48.18299865722656,48.029998779296875,7.8,22.96,43.57,0.288,0.404,1.639,0,1,0
1777636295.8341587,2810.8399999999997,1.6198058128356934,-0.016507450734273732,-1.9550493399249476,-0.2188189665423792,2.6997320652008057,0.7616709470748901,0.0,0.0,-0.0,0.0,0.0,0.0,0.0961303785443306,5.506897449493408,-1.504254937171936,0.4508515000343323,0.1682281643152237,-0.0852356031537056,0.13419445188346935,-0.6594822245217655,0.9806926833601339,-0.9421548651520101,-0.8769217110407207,1.054080979363145,0.0,0.0,0.0,0.0,0.0,0.0,1.6198333141838692,-0.01647421686747297,-1.9551005710225118,-0.21877398384506108,2.699735954880354,0.7617014498525398,7.0,1.0,47.97100067138672,48.18299865722656,48.029998779296875,7.76,23.03,43.58,0.294,0.4,1.637,0,0,1
1777636295.8391166,2810.848,1.6198058128356934,-0.016507450734273732,-1.9551094214068812,-0.21885520616640264,2.6996960639953613,0.76168292760849,0.0,0.0,-0.0,0.0,0.0,0.0,0.0869751051068306,5.506897449493408,-1.4952876567840576,0.4665527939796448,0.1547699123620987,-0.0829925611615181,0.13419602289467103,-0.6594162490119406,0.9807098155553248,-0.9422357359877269,-0.8768408528484801,1.054133891441828,0.0,0.0,0.0,0.0,0.0,0.0,1.6198333141838692,-0.01647421686747297,-1.9551005710225118,-0.21877398384506108,2.699735954880354,0.7617014498525398,7.0,1.0,47.97100067138672,48.18299865722656,48.029998779296875,7.76,23.03,43.58,0.294,0.4,1.637,0,1,0
1777636295.8980365,2810.8559999999998,1.6198538541793823,-0.016507450734273732,-1.9550493399249476,-0.21884280840028936,2.6996960639953613,0.76168292760849,0.0,0.0,-0.0,0.0,0.0,0.0,0.0778198316693306,5.465698719024658,-1.504254937171936,0.4800110459327698,0.1637420803308487,-0.0852356031537056,0.13423049632545678,-0.6594642616415396,0.9807032104249358,-0.9421560482776331,-0.8768973678014212,1.0541386180787637,0.0,0.0,0.0,0.0,0.0,0.0,1.6198333141838692,-0.01647421686747297,-1.9551005710225118,-0.21877398384506108,2.699735954880354,0.7617014498525398,7.0,1.0,47.97100067138672,48.18299865722656,48.029998779296875,7.76,23.03,43.58,0.294,0.4,1.637,0,1,0
1777636295.8981125,2810.864,1.619829773902893,-0.016471211110250294,-1.9550851027118128,-0.2188189665423792,2.6996960639953613,0.7616589069366455,0.0,0.0,-0.0,0.0,0.0,0.0,0.0503540076315403,5.461121082305908,-1.5266729593276978,0.4844971299171448,0.1502838283777237,-0.0852356031537056,0.13421229860995842,-0.6594808681598342,0.9806700903001282,-0.942130874594667,-0.8769034150934639,1.0540851559821318,0.0,0.0,0.0,0.0,0.0,0.0,1.6198333141838692,-0.01647421686747297,-1.9551005710225118,-0.21877398384506108,2.699735954880354,0.7617014498525398,7.0,1.0,47.97100067138672,48.25899887084961,48.029998779296875,7.76,23.03,43.58,0.294,0.4,1.637,0,1,0
1777636295.90067,2810.872,1.619829773902893,-0.016459290181295216,-1.9550851027118128,-0.21885520616640264,2.6996841430664062,0.7616589069366455,0.0,0.0,-0.0,0.0,0.0,0.0,0.0823974683880806,5.497742176055908,-1.4952876567840576,0.4418793320655823,0.1592559963464737,-0.0874786451458931,0.13421328577090694,-0.6594790861760038,0.9806727573750433,-0.9421490718863911,-0.8768814170814548,1.0540954298686172,0.0,0.0,0.0,0.0,0.0,0.0,1.6198333141838692,-0.01647421686747297,-1.9551005710225118,-0.21877398384506108,2.699735954880354,0.7617014498525398,7.0,1.0,47.97100067138672,48.25899887084961,48.029998779296875,7.76,23.03,43.58,0.294,0.4,1.637,0,1,0
1777636295.900713,2810.8799999999997,1.619866132736206,-0.01651937166322881,-1.955073658620016,-0.21883088747133428,2.6997082233428955,0.7617068886756897,0.0,0.0,-0.0,0.0,0.0,0.0,0.0595092847943306,5.525207996368408,-1.504254937171936,0.4687958359718323,0.1525268703699112,-0.0874786451458931,0.13423882903695106,-0.659431215848354,0.9807128449144631,-0.9421883454455408,-0.8768969651842679,1.0541837616352332,0.0,0.0,0.0,0.0,0.0,0.0,1.6198333141838692,-0.01647421686747297,-1.9551005710225118,-0.21877398384506108,2.699735954880354,0.7617014498525398,7.0,1.0,47.97100067138672,48.25899887084961,48.029998779296875,7.76,23.03,43.58,0.294,0.4,1.637,0,1,0
1777636295.9021397,2810.888,1.6198418140411377,-0.016507450734273732,-1.955097500477926,-0.21879512468446904,2.6996841430664062,0.7617188692092896,0.0,0.0,-0.0,0.0,0.0,0.0,0.0915527418255806,5.488586902618408,-1.4952876567840576,0.4598236680030823,0.1592559963464737,-0.0829925611615181,0.13422656168281877,-0.6594323813539263,0.9806996545235838,-0.9421765504054596,-0.8768642620268494,1.0541574451161857,0.0,0.0,0.0,0.0,0.0,0.0,1.6198333141838692,-0.01647421686747297,-1.9551005710225118,-0.21877398384506108,2.699735954880354,0.7617014498525398,7.0,1.0,47.97100067138672,48.25899887084961,48.029998779296875,7.76,23.03,43.58,0.294,0.4,1.637,0,1,0
1777636295.9035447,2810.8959999999997,1.6198781728744507,-0.016495529805318654,-1.9550851027118128,-0.21885520616640264,2.6996960639953613,0.76168292760849,0.0,0.0,-0.0,0.0,0.0,0.0,0.0823974683880806,5.479431629180908,-1.499771237373352,0.4732819199562073,0.1659851223230362,-0.0807495191693306,0.13424527918462018,-0.6594371478509746,0.9807005970701206,-0.9421789327413521,-0.8768958069731042,1.0541775434807918,0.0,0.0,0.0,0.0,0.0,0.0,1.6198333141838692,-0.01647421686747297,-1.9551005710225118,-0.21877398384506108,2.699735954880354,0.7617014498525398,7.0,1.0,47.97100067138672,48.25899887084961,48.029998779296875,7.76,23.03,43.58,0.294,0.4,1.637,0,1,0
1777636295.9071474,2810.904,1.6198418140411377,-0.016495529805318654,-1.9551094214068812,-0.21884280840028936,2.699672222137451,0.76168292760849,0.0,0.0,-0.0,0.0,0.0,0.0,0.0823974683880806,5.502319812774658,-1.5064966678619385,0.4800110459327698,0.1614990383386612,-0.0852356031537056,0.13422275229169858,-0.6594245236231916,0.9806996466089476,-0.9421961237602561,-0.8768466482812232,1.0541487005339856,0.0,0.0,0.0,0.0,0.0,0.0,1.6198333141838692,-0.01647421686747297,-1.9551005710225118,-0.21877398384506108,2.699735954880354,0.7617014498525398,7.0,1.0,47.986000061035156,48.25899887084961,48.04600143432617,7.76,23.03,43.58,0.294,0.4,1.637,0,1,0
1777636295.909829,2810.912,1.619829773902893,-0.01643544832338506,-1.9551094214068812,-0.21889096895326787,2.6996960639953613,0.7616709470748901,0.0,0.0,-0.0,0.0,0.0,0.0,0.0549316480755806,5.511475086212158,-1.515463948249817,0.4665527939796448,0.1592559963464737,-0.0852356031537056,0.13421283710805373,-0.659465579622305,0.9806696315175004,-0.9421898424841897,-0.876873868823155,1.0541256699033972,0.0,0.0,0.0,0.0,0.0,0.0,1.6198333141838692,-0.01647421686747297,-1.9551005710225118,-0.21877398384506108,2.699735954880354,0.7617014498525398,7.0,1.0,47.986000061035156,48.25899887084961,48.04600143432617,7.76,23.03,43.58,0.294,0.4,1.637,0,1,0
1777636295.9099495,2810.92,1.6198418140411377,-0.01651937166322881,-1.9551094214068812,-0.21884280840028936,2.6997201442718506,0.7616709470748901,0.0,0.0,-0.0,0.0,0.0,0.0,0.0595092847943306,5.488586902618408,-1.515463948249817,0.4822540879249573,0.1727142482995987,-0.0897216871380806,0.13421583200789516,-0.6594086804189148,0.9807109717477699,-0.9422222844332043,-0.8768898983276123,1.0541580162345223,0.0,0.0,0.0,0.0,0.0,0.0,1.6198333141838692,-0.01647421686747297,-1.9551005710225118,-0.21877398384506108,2.699735954880354,0.7617014498525398,7.0,1.0,47.986000061035156,48.25899887084961,48.04600143432617,7.76,23.03,43.58,0.294,0.4,1.637,0,1,0
1777636295.9100351,2810.928,1.6198418140411377,-0.016495529805318654,-1.9550851027118128,-0.21885520616640264,2.6997082233428955,0.7616469264030457,0.0,0.0,-0.0,0.0,0.0,0.0,0.0778198316693306,5.506897449493408,-1.4930458068847656,0.4867401719093323,0.1570129543542862,-0.0785064771771431,0.13421605662085845,-0.6594501026767569,0.9806935163085215,-0.9421758126025337,-0.876902080537077,1.0541175717225777,0.0,0.0,0.0,0.0,0.0,0.0,1.6198333141838692,-0.01647421686747297,-1.9551005710225118,-0.21877398384506108,2.699735954880354,0.7617014498525398,7.0,1.0,47.986000061035156,48.25899887084961,48.04600143432617,7.76,23.03,43.58,0.294,0.4,1.637,0,1,0
1777636295.9165728,2810.9359999999997,1.6198538541793823,-0.016507450734273732,-1.955097500477926,-0.21885520616640264,2.699660301208496,0.7616469264030457,0.0,0.0,-0.0,0.0,0.0,0.0,0.0366210974752903,5.497742176055908,-1.5177057981491089,0.4687958359718323,0.1592559963464737,-0.0852356031537056,0.13422752801690954,-0.6594259635067133,0.9807044848272282,-0.9421807631533291,-0.8768502100470822,1.054132602823052,0.0,0.0,0.0,0.0,0.0,0.0,1.6198333141838692,-0.01647421686747297,-1.9551005710225118,-0.21877398384506108,2.699735954880354,0.7617014498525398,7.0,1.0,47.986000061035156,48.22800064086914,48.04600143432617,7.76,23.03,43.58,0.294,0.4,1.637,0,1,0
1777636295.9230955,2810.944,1.6198418140411377,-0.016483608876363576,-1.9550851027118128,-0.21880704561342412,2.6996960639953613,0.7616949081420898,0.0,0.0,-0.0,0.0,0.0,0.0,0.0823974683880806,5.525207996368408,-1.5109803676605225,0.4553375840187073,0.1637420803308487,-0.0942077711224556,0.13422402139811992,-0.6594648786067578,0.9806815242894945,-0.9421459199698391,-0.8768957752368359,1.0541265283196928,0.0,0.0,0.0,0.0,0.0,0.0,1.6198333141838692,-0.01647421686747297,-1.9551005710225118,-0.21877398384506108,2.699735954880354,0.7617014498525398,7.0,1.0,47.986000061035156,48.22800064086914,48.04600143432617,7.76,23.03,43.58,0.294,0.4,1.637,0,1,0
1777636295.9309678,2810.9519999999998,1.619866132736206,-0.016483608876363576,-1.9550851027118128,-0.21884280840028936,2.6997082233428955,0.7616949081420898,0.0,0.0,-0.0,0.0,0.0,0.0,0.1281738430261612,5.433655261993408,-1.499771237373352,0.4732819199562073,0.1480407863855362,-0.0897216871380806,0.13423826289933238,-0.6594508046718356,0.9806907943137748,-0.9421714099676615,-0.8769068025971298,1.0541671569522353,0.0,0.0,0.0,0.0,0.0,0.0,1.6198333141838692,-0.01647421686747297,-1.9551005710225118,-0.21877398384506108,2.699735954880354,0.7617014498525398,7.0,1.0,47.986000061035156,48.22800064086914,48.04600143432617,7.76,23.03,43.58,0.294,0.4,1.637,0,1,0
1777636295.9377906,2810.96,1.619866132736206,-0.016483608876363576,-1.955097500477926,-0.2188189665423792,2.6997082233428955,0.7617068886756897,0.0,0.0,-0.0,0.0,0.0,0.0,0.1007080152630806,5.511475086212158,-1.502013087272644,0.4867401719093323,0.1457977443933487,-0.0874786451458931,0.13423951785440114,-0.659445386893424,0.9806870237668464,-0.942167753705754,-0.876906778255897,1.0541716691132508,0.0,0.0,0.0,0.0,0.0,0.0,1.6198333141838692,-0.01647421686747297,-1.9551005710225118,-0.21877398384506108,2.699735954880354,0.7617014498525398,7.0,1.0,47.986000061035156,48.22800064086914,48.04600143432617,7.76,23.03,43.58,0.294,0.4,1.637,0,1,0
1777636295.9450417,2810.968,1.619829773902893,-0.016507450734273732,-1.955073658620016,-0.2188189665423792,2.699672222137451,0.7617188692092896,0.0,0.0,-0.0,0.0,0.0,0.0,0.1007080152630806,5.511475086212158,-1.4908039569854736,0.4732819199562073,0.1614990383386612,-0.0942077711224556,0.13422035232370744,-0.6594460363810157,0.9807055665194626,-0.9421778712456251,-0.8768456597523021,1.0541452733293297,0.0,0.0,0.0,0.0,0.0,0.0,1.6198333141838692,-0.01647421686747297,-1.9551005710225118,-0.21877398384506108,2.699735954880354,0.7617014498525398,7.0,1.0,47.986000061035156,48.22800064086914,48.04600143432617,7.76,23.03,43.58,0.294,0.4,1.637,0,1,0
1777636295.952392,2810.9759999999997,1.619829773902893,-0.016483608876363576,-1.955097500477926,-0.21886712709535772,2.6997082233428955,0.7616709470748901,0.0,0.0,-0.0,0.0,0.0,0.0,0.0961303785443306,5.516052722930908,-1.5109803676605225,0.4844971299171448,0.1614990383386612,-0.0919647291302681,0.1342106002278461,-0.6594426163948857,0.9806938547171575,-0.9422034468131367,-0.8768809598236564,1.05413398643268,0.0,0.0,0.0,0.0,0.0,0.0,1.6198333141838692,-0.01647421686747297,-1.9551005710225118,-0.21877398384506108,2.699735954880354,0.7617014498525398,7.0,1.0,48.0,48.22800064086914,48.029998779296875,7.76,23.03,43.58,0.294,0.4,1.637,0,1,0
1777636295.959172,2810.984,1.6198538541793823,-0.016507450734273732,-1.9551094214068812,-0.21885520616640264,2.699660301208496,0.7616709470748901,0.0,0.0,-0.0,0.0,0.0,0.0,0.1007080152630806,5.538940906524658,-1.4975295066833496,0.4710388779640198,0.1502838283777237,-0.0785064771771431,0.1342297457170099,-0.6594108764123038,0.9807094371076924,-0.9422037061755194,-0.8768358936938864,1.0541591235377876,0.0,0.0,0.0,0.0,0.0,0.0,1.6198333141838692,-0.01647421686747297,-1.9551005710225118,-0.21877398384506108,2.699735954880354,0.7617014498525398,7.0,1.0,48.0,48.22800064086914,48.029998779296875,7.76,23.03,43.58,0.294,0.4,1.637,0,1,0
1777636295.9661777,2810.9919999999997,1.6198538541793823,-0.016495529805318654,-1.9550851027118128,-0.21883088747133428,2.6996841430664062,0.7616949081420898,0.0,0.0,-0.0,0.0,0.0,0.0,0.1007080152630806,5.516052722930908,-1.499771237373352,0.4800110459327698,0.1637420803308487,-0.0852356031537056,0.13423217188206527,-0.6594450919875757,0.9806966303747988,-0.9421697251391848,-0.8768756454887559,1.0541529341531464,0.0,0.0,0.0,0.0,0.0,0.0,1.6198333141838692,-0.01647421686747297,-1.9551005710225118,-0.21877398384506108,2.699735954880354,0.7617014498525398,7.0,1.0,48.0,48.22800064086914,48.029998779296875,7.76,23.03,43.58,0.294,0.4,1.637,0,1,0
1777636295.9735157,2811.0,1.619866132736206,-0.016471211110250294,-1.9550612608539026,-0.2188790480243128,2.6996960639953613,0.7616709470748901,0.0,0.0,-0.0,0.0,0.0,0.0,0.0778198316693306,5.497742176055908,-1.4952876567840576,0.4710388779640198,0.1480407863855362,-0.0829925611615181,0.13423759291416407,-0.659474521700881,0.9806875816033672,-0.9421558987650609,-0.8769039951466778,1.0541447023610082,0.0,0.0,0.0,0.0,0.0,0.0,1.6198333141838692,-0.01647421686747297,-1.9551005710225118,-0.21877398384506108,2.699735954880354,0.7617014498525398,7.0,1.0,48.0,48.22800064086914,48.029998779296875,7.76,23.03,43.58,0.294,0.4,1.637,0,1,0
1777636295.9777627,2811.0,1.619866132736206,-0.016471211110250294,-1.9550612608539026,-0.2188790480243128,2.6996960639953613,0.7616709470748901,0.0,0.0,-0.0,0.0,0.0,0.0,0.0778198316693306,5.497742176055908,-1.4952876567840576,0.4710388779640198,0.1480407863855362,-0.0829925611615181,0.13423759291416407,-0.659474521700881,0.9806875816033672,-0.9421558987650609,-0.8769039951466778,1.0541447023610082,0.0,0.0,0.0,0.0,0.0,0.0,1.6198333141838692,-0.01647421686747297,-1.9551005710225118,-0.21877398384506108,2.699735954880354,0.7617014498525398,7.0,1.0,48.0,48.22800064086914,48.029998779296875,7.74,23.02,43.59,0.294,0.399,1.638,0,0,1
1777636295.9818528,2811.008,1.6198538541793823,-0.016507450734273732,-1.955073658620016,-0.21884280840028936,2.6996841430664062,0.7616949081420898,0.0,0.0,-0.0,0.0,0.0,0.0,0.0778198316693306,5.461121082305908,-1.4975295066833496,0.4912262558937073,0.1614990383386612,-0.0874786451458931,0.134231950286486,-0.6594407983024924,0.9807072463923586,-0.9421804563361152,-0.8768705605172339,1.054159194690575,0.0,0.0,0.0,0.0,0.0,0.0,1.6198333141838692,-0.01647421686747297,-1.9551005710225118,-0.21877398384506108,2.699735954880354,0.7617014498525398,7.0,1.0,48.0,48.24300003051758,48.029998779296875,7.74,23.02,43.59,0.294,0.399,1.638,0,1,0
1777636295.9881237,2811.016,1.6198418140411377,-0.016483608876363576,-1.955073658620016,-0.2188189665423792,2.6996960639953613,0.7616949081420898,0.0,0.0,-0.0,0.0,0.0,0.0,0.0595092847943306,5.511475086212158,-1.4952876567840576,0.4508515000343323,0.1614990383386612,-0.0829925611615181,0.13422429874043681,-0.6594707383446783,0.980684209261218,-0.9421463516519153,-0.8768956241726172,1.054126763391814,0.0,0.0,0.0,0.0,0.0,0.0,1.6198333141838692,-0.01647421686747297,-1.9551005710225118,-0.21877398384506108,2.699735954880354,0.7617014498525398,7.0,1.0,48.0,48.24300003051758,48.029998779296875,7.74,23.02,43.59,0.294,0.399,1.638,0,1,0
1777636295.9948714,2811.024,1.6198781728744507,-0.016495529805318654,-1.955073658620016,-0.2188189665423792,2.6997201442718506,0.7617188692092896,0.0,0.0,-0.0,0.0,0.0,0.0,0.1190185695886612,5.456543445587158,-1.4975295066833496,0.4732819199562073,0.1547699123620987,-0.0852356031537056,0.134248205580568,-0.6594516331410162,0.9806952547211897,-0.9421624117653045,-0.8769257485928975,1.0541881424368291,0.0,0.0,0.0,0.0,0.0,0.0,1.6198333141838692,-0.01647421686747297,-1.9551005710225118,-0.21877398384506108,2.699735954880354,0.7617014498525398,7.0,1.0,48.0,48.24300003051758,48.029998779296875,7.74,23.02,43.59,0.294,0.399,1.638,0,1,0
1777636296.0027196,2811.0319999999997,1.619817852973938,-0.016507450734273732,-1.9550851027118128,-0.21879512468446904,2.6997082233428955,0.7616709470748901,0.0,0.0,-0.0,0.0,0.0,0.0,0.0457763709127903,5.493164539337158,-1.499771237373352,0.4508515000343323,0.1614990383386612,-0.0852356031537056,0.13420355628341873,-0.6594570937445571,0.9806891801655236,-0.9421550210686601,-0.8768992204070981,1.0540935287269662,0.0,0.0,0.0,0.0,0.0,0.0,1.6198333141838692,-0.01647421686747297,-1.9551005710225118,-0.21877398384506108,2.699735954880354,0.7617014498525398,7.0,1.0,48.0,48.24300003051758,48.029998779296875,7.74,23.02,43.59,0.294,0.399,1.638,0,1,0
1777636296.0121617,2811.04,1.6198058128356934,-0.016483608876363576,-1.9550493399249476,-0.21884280840028936,2.6996960639953613,0.7616949081420898,0.0,0.0,-0.0,0.0,0.0,0.0,0.1052856519818306,5.506897449493408,-1.5064966678619385,0.4620667099952698,0.1457977443933487,-0.0897216871380806,0.13420117238625393,-0.6594884931229159,0.9806895031670343,-0.9421586337771879,-0.8768760456904573,1.054095730101992,0.0,0.0,0.0,0.0,0.0,0.0,1.6198333141838692,-0.01647421686747297,-1.9551005710225118,-0.21877398384506108,2.699735954880354,0.7617014498525398,7.0,1.0,48.0,48.24300003051758,48.029998779296875,7.74,23.02,43.59,0.294,0.399,1.638,0,1,0
1777636296.0176487,2811.048,1.6198538541793823,-0.016507450734273732,-1.9550851027118128,-0.21879512468446904,2.699648141860962,0.7617308497428894,0.0,0.0,-0.0,0.0,0.0,0.0,0.0640869215130806,5.484009265899658,-1.504254937171936,0.4800110459327698,0.1480407863855362,-0.0829925611615181,0.1342398205817025,-0.6594372138143282,0.980702941550704,-0.9421589647092977,-0.8768349796380199,1.0541661269769305,0.0,0.0,0.0,0.0,0.0,0.0,1.6198333141838692,-0.01647421686747297,-1.9551005710225118,-0.21877398384506108,2.699735954880354,0.7617014498525398,7.0,1.0,48.0,48.24300003051758,48.06100082397461,7.74,23.02,43.59,0.294,0.399,1.638,0,1,0
1777636296.0249906,2811.056,1.619829773902893,-0.016495529805318654,-1.9551094214068812,-0.21879512468446904,2.6996841430664062,0.7616949081420898,0.0,0.0,-0.0,0.0,0.0,0.0,0.1052856519818306,5.493164539337158,-1.513222098350525,0.4732819199562073,0.1659851223230362,-0.0785064771771431,0.13421588906856718,-0.6594391688069781,0.9806880445283064,-0.9421682229688075,-0.876866959639246,1.0541266138799863,0.0,0.0,0.0,0.0,0.0,0.0,1.6198333141838692,-0.01647421686747297,-1.9551005710225118,-0.21877398384506108,2.699735954880354,0.7617014498525398,7.0,1.0,48.0,48.24300003051758,48.06100082397461,7.74,23.02,43.59,0.294,0.399,1.638,0,1,0
1777636296.032265,2811.064,1.6198538541793823,-0.016507450734273732,-1.9550851027118128,-0.21886712709535772,2.6997201442718506,0.7616949081420898,0.0,0.0,-0.0,0.0,0.0,0.0,0.0915527418255806,5.557251453399658,-1.5221893787384033,0.4643097519874573,0.1614990383386612,-0.0874786451458931,0.13422759901222547,-0.6594249432595269,0.9807127779372163,-0.9422203768734612,-0.8768922216071728,1.0541827674853115,0.0,0.0,0.0,0.0,0.0,0.0,1.6198333141838692,-0.01647421686747297,-1.9551005710225118,-0.21877398384506108,2.699735954880354,0.7617014498525398,7.0,1.0,48.0,48.24300003051758,48.06100082397461,7.74,23.02,43.59,0.294,0.399,1.638,0,1,0
1777636296.0386899,2811.0719999999997,1.619866132736206,-0.016531292592183888,-1.9550493399249476,-0.21885520616640264,2.6996960639953613,0.7616589069366455,0.0,0.0,-0.0,0.0,0.0,0.0,0.0640869215130806,5.529785633087158,-1.513222098350525,0.4867401719093323,0.1592559963464737,-0.0874786451458931,0.13423464610558053,-0.6594434472762509,0.980718174218447,-0.9421704700391218,-0.8768985599968322,1.0541468432238292,0.0,0.0,0.0,0.0,0.0,0.0,1.6198333141838692,-0.01647421686747297,-1.9551005710225118,-0.21877398384506108,2.699735954880354,0.7617014498525398,7.0,1.0,48.0,48.24300003051758,48.06100082397461,7.74,23.02,43.59,0.294,0.399,1.638,0,1,0
1777636296.0464287,2811.08,1.619866132736206,-0.016495529805318654,-1.9550493399249476,-0.21885520616640264,2.6997201442718506,0.76168292760849,0.0,0.0,-0.0,0.0,0.0,0.0,0.0411987341940403,5.484009265899658,-1.504254937171936,0.4777680039405823,0.1614990383386612,-0.0897216871380806,0.13423657917041604,-0.6594698238230655,0.9806975058092636,-0.9421581465683905,-0.8769283290483674,1.0541530797686234,0.0,0.0,0.0,0.0,0.0,0.0,1.6198333141838692,-0.01647421686747297,-1.9551005710225118,-0.21877398384506108,2.699735954880354,0.7617014498525398,7.0,1.0,48.0,48.22800064086914,48.06100082397461,7.74,23.02,43.59,0.294,0.399,1.638,0,1,0
1777636296.052702,2811.0879999999997,1.619866132736206,-0.016471211110250294,-1.9551094214068812,-0.21885520616640264,2.699648141860962,0.7616709470748901,0.0,0.0,-0.0,0.0,0.0,0.0,0.0961303785443306,5.516052722930908,-1.513222098350525,0.4598236680030823,0.1502838283777237,-0.0919647291302681,0.13424051715957774,-0.6594396019329849,0.9806859317205929,-0.9421650707075065,-0.8768453780882496,1.0541494011836838,0.0,0.0,0.0,0.0,0.0,0.0,1.6198333141838692,-0.01647421686747297,-1.9551005710225118,-0.21877398384506108,2.699735954880354,0.7617014498525398,7.0,1.0,48.0,48.22800064086914,48.06100082397461,7.74,23.02,43.59,0.294,0.399,1.638,0,1,0
1777636296.0602016,2811.096,1.6198418140411377,-0.016531292592183888,-1.9551094214068812,-0.21884280840028936,2.699672222137451,0.7617068886756897,0.0,0.0,-0.0,0.0,0.0,0.0,0.1281738430261612,5.493164539337158,-1.4840785264968872,0.4687958359718323,0.1570129543542862,-0.0807495191693306,0.13422397704428157,-0.6593890166059603,0.9807277483214398,-0.9422396084015175,-0.876822494538574,1.054187266388761,0.0,0.0,0.0,0.0,0.0,0.0,1.6198333141838692,-0.01647421686747297,-1.9551005710225118,-0.21877398384506108,2.699735954880354,0.7617014498525398,7.0,1.0,48.0,48.22800064086914,48.06100082397461,7.74,23.02,43.59,0.294,0.399,1.638,0,1,0
1777636296.0673385,2811.104,1.6198418140411377,-0.016495529805318654,-1.9551094214068812,-0.2188189665423792,2.699672222137451,0.76168292760849,0.0,0.0,-0.0,0.0,0.0,0.0,0.0595092847943306,5.488586902618408,-1.4952876567840576,0.4530945420265198,0.1614990383386612,-0.0919647291302681,0.13422317762146613,-0.6594320585041757,0.9806930641350402,-0.9421754355854408,-0.8768564391261557,1.0541367488871805,0.0,0.0,0.0,0.0,0.0,0.0,1.6198333141838692,-0.01647421686747297,-1.9551005710225118,-0.21877398384506108,2.699735954880354,0.7617014498525398,7.0,1.0,48.0,48.22800064086914,48.06100082397461,7.74,23.02,43.59,0.294,0.399,1.638,0,1,0
1777636296.0767047,2811.112,1.6198418140411377,-0.016531292592183888,-1.9551094214068812,-0.21884280840028936,2.6996960639953613,0.7617068886756897,0.0,0.0,-0.0,0.0,0.0,0.0,0.0595092847943306,5.511475086212158,-1.4930458068847656,0.4732819199562073,0.1749572902917862,-0.0807495191693306,0.13422170724819388,-0.6593899819641611,0.9807265639223735,-0.9422455067603964,-0.8768465952058997,1.0541910026707828,0.0,0.0,0.0,0.0,0.0,0.0,1.6198333141838692,-0.01647421686747297,-1.9551005710225118,-0.21877398384506108,2.699735954880354,0.7617014498525398,7.0,1.0,48.0,48.22800064086914,48.06100082397461,7.74,23.02,43.59,0.294,0.399,1.638,0,1,0
1777636296.0812674,2811.12,1.6198418140411377,-0.016507450734273732,-1.9551213423358362,-0.21885520616640264,2.6996841430664062,0.7616589069366455,0.0,0.0,-0.0,0.0,0.0,0.0,0.0503540076315403,5.484009265899658,-1.4975295066833496,0.4643097519874573,0.1614990383386612,-0.0852356031537056,0.13421765885069925,-0.6594059654030635,0.9807067177851072,-0.9422178378613874,-0.8768531058934292,1.054148248136116,0.0,0.0,0.0,0.0,0.0,0.0,1.6198333141838692,-0.01647421686747297,-1.9551005710225118,-0.21877398384506108,2.699735954880354,0.7617014498525398,7.0,1.0,48.0,48.22800064086914,48.04600143432617,7.74,23.02,43.59,0.294,0.399,1.638,0,1,0
1777636296.0885353,2811.1279999999997,1.6198418140411377,-0.016483608876363576,-1.955097500477926,-0.21886712709535772,2.6997320652008057,0.7616949081420898,0.0,0.0,-0.0,0.0,0.0,0.0,0.0686645582318306,5.484009265899658,-1.499771237373352,0.4396362900733948,0.1659851223230362,-0.0807495191693306,0.13421899153690137,-0.659436919420689,0.980696980655587,-0.9422176986615917,-0.8769023547097256,1.054168507685793,0.0,0.0,0.0,0.0,0.0,0.0,1.6198333141838692,-0.01647421686747297,-1.9551005710225118,-0.21877398384506108,2.699735954880354,0.7617014498525398,7.0,1.0,47.97100067138672,48.22800064086914,48.04600143432617,7.74,23.02,43.59,0.294,0.399,1.638,0,1,0
1777636296.0957599,2811.136,1.619866132736206,-0.016531292592183888,-1.955097500477926,-0.21885520616640264,2.6996960639953613,0.7616949081420898,0.0,0.0,-0.0,0.0,0.0,0.0,0.0549316480755806,5.484009265899658,-1.504254937171936,0.4732819199562073,0.1547699123620987,-0.0829925611615181,0.13423667153352137,-0.6593953509730447,0.9807272006312991,-0.9422310963473759,-0.8768645446365733,1.0542017882121923,0.0,0.0,0.0,0.0,0.0,0.0,1.6198333141838692,-0.01647421686747297,-1.9551005710225118,-0.21877398384506108,2.699735954880354,0.7617014498525398,7.0,1.0,47.97100067138672,48.22800064086914,48.04600143432617,7.74,23.02,43.59,0.294,0.399,1.638,0,1,0
1777636296.1038306,2811.144,1.619829773902893,-0.016471211110250294,-1.955097500477926,-0.2188189665423792,2.6997082233428955,0.7616949081420898,0.0,0.0,-0.0,0.0,0.0,0.0,0.1235962063074112,5.516052722930908,-1.546849250793457,0.4979553818702698,0.1457977443933487,-0.0852356031537056,0.13421469916909579,-0.6594633496224306,0.980676620134459,-0.9421635325320987,-0.876896517690503,1.0541240660918616,0.0,0.0,0.0,0.0,0.0,0.0,1.6198333141838692,-0.01647421686747297,-1.9551005710225118,-0.21877398384506108,2.699735954880354,0.7617014498525398,7.0,1.0,47.97100067138672,48.22800064086914,48.04600143432617,7.74,23.02,43.59,0.294,0.399,1.638,0,1,0
1777636296.110629,2811.152,1.6198418140411377,-0.01651937166322881,-1.9550612608539026,-0.2188189665423792,2.6997201442718506,0.7616589069366455,0.0,0.0,-0.0,0.0,0.0,0.0,0.1052856519818306,5.506897449493408,-1.504254937171936,0.4508515000343323,0.1547699123620987,-0.0852356031537056,0.1342169520649211,-0.6594592644751027,0.9806996724896182,-0.9421535572909737,-0.8769243531055756,1.0541116077671764,0.0,0.0,0.0,0.0,0.0,0.0,1.6198333141838692,-0.01647421686747297,-1.9551005710225118,-0.21877398384506108,2.699735954880354,0.7617014498525398,7.0,1.0,47.97100067138672,48.22800064086914,48.04600143432617,7.74,23.02,43.59,0.294,0.399,1.638,0,1,0
1777636296.1177115,2811.16,1.6198418140411377,-0.01651937166322881,-1.9550851027118128,-0.21884280840028936,2.699660301208496,0.7616949081420898,0.0,0.0,-0.0,0.0,0.0,0.0,0.0595092847943306,5.497742176055908,-1.5087385177612305,0.4620667099952698,0.1614990383386612,-0.0807495191693306,0.13422529136538605,-0.659421668508436,0.9807169677015315,-0.9421990028208678,-0.8768301361976627,1.054156929173056,0.0,0.0,0.0,0.0,0.0,0.0,1.6198333141838692,-0.01647421686747297,-1.9551005710225118,-0.21877398384506108,2.699735954880354,0.7617014498525398,7.0,1.0,47.97100067138672,48.22800064086914,48.04600143432617,7.74,23.02,43.59,0.294,0.399,1.638,0,1,0
1777636296.1214664,2811.16,1.6198418140411377,-0.01651937166322881,-1.9550851027118128,-0.21884280840028936,2.699660301208496,0.7616949081420898,0.0,0.0,-0.0,0.0,0.0,0.0,0.0595092847943306,5.497742176055908,-1.5087385177612305,0.4620667099952698,0.1614990383386612,-0.0807495191693306,0.13422529136538605,-0.659421668508436,0.9807169677015315,-0.9421990028208678,-0.8768301361976627,1.054156929173056,0.0,0.0,0.0,0.0,0.0,0.0,1.6198333141838692,-0.01647421686747297,-1.9551005710225118,-0.21877398384506108,2.699735954880354,0.7617014498525398,7.0,1.0,47.97100067138672,48.22800064086914,48.04600143432617,7.66,23.1,43.61,0.294,0.401,1.636,0,0,1
1777636296.1246095,2811.1679999999997,1.6198418140411377,-0.016507450734273732,-1.955097500477926,-0.21884280840028936,2.699660301208496,0.7617188692092896,0.0,0.0,-0.0,0.0,0.0,0.0,0.0961303785443306,5.470276355743408,-1.5087385177612305,0.4665527939796448,0.1368255764245987,-0.0897216871380806,0.13422798090957072,-0.6594163461851361,0.980714003699611,-0.9422120278245886,-0.8768205791202229,1.0541776128286195,0.0,0.0,0.0,0.0,0.0,0.0,1.6198333141838692,-0.01647421686747297,-1.9551005710225118,-0.21877398384506108,2.699735954880354,0.7617014498525398,7.0,1.0,47.97100067138672,48.22800064086914,48.04600143432617,7.66,23.1,43.61,0.294,0.401,1.636,0,1,0
1777636296.1322072,2811.176,1.619817852973938,-0.016531292592183888,-1.9550612608539026,-0.21880704561342412,2.6996841430664062,0.7616589069366455,0.0,0.0,-0.0,0.0,0.0,0.0,0.0869751051068306,5.488586902618408,-1.499771237373352,0.4665527939796448,0.1704712063074112,-0.0874786451458931,0.13420429153272298,-0.659454636532332,0.9807061008909104,-0.9421530311978017,-0.8768746983122174,1.0540855270180909,0.0,0.0,0.0,0.0,0.0,0.0,1.6198333141838692,-0.01647421686747297,-1.9551005710225118,-0.21877398384506108,2.699735954880354,0.7617014498525398,7.0,1.0,47.97100067138672,48.22800064086914,48.04600143432617,7.66,23.1,43.61,0.294,0.401,1.636,0,1,0
1777636296.1398692,2811.1839999999997,1.619866132736206,-0.016543213521138966,-1.955073658620016,-0.21880704561342412,2.6997082233428955,0.7616949081420898,0.0,0.0,-0.0,0.0,0.0,0.0,0.0915527418255806,5.529785633087158,-1.502013087272644,0.4553375840187073,0.1614990383386612,-0.0829925611615181,0.13423689573524647,-0.659420966826632,0.9807199686872401,-0.9421819627981883,-0.8769015635481897,1.0541736159285355,0.0,0.0,0.0,0.0,0.0,0.0,1.6198333141838692,-0.01647421686747297,-1.9551005710225118,-0.21877398384506108,2.699735954880354,0.7617014498525398,7.0,1.0,47.97100067138672,48.22800064086914,48.04600143432617,7.66,23.1,43.61,0.294,0.401,1.636,0,1,0
1777636296.17986,2811.192,1.6198538541793823,-0.016483608876363576,-1.9550851027118128,-0.21885520616640264,2.6996243000030518,0.7616709470748901,0.0,0.0,-0.0,0.0,0.0,0.0,0.0915527418255806,5.474853992462158,-1.5221893787384033,0.4351502060890198,0.1435547024011612,-0.0874786451458931,0.1342352123585225,-0.659450183110078,0.9806940761237941,-0.9421531368160246,-0.8768194510393058,1.0541292329827072,0.0,0.0,0.0,0.0,0.0,0.0,1.6198333141838692,-0.01647421686747297,-1.9551005710225118,-0.21877398384506108,2.699735954880354,0.7617014498525398,7.0,1.0,47.97100067138672,48.22800064086914,48.04600143432617,7.66,23.1,43.61,0.294,0.401,1.636,0,1,0
1777636296.1839936,2811.2,1.6198781728744507,-0.016507450734273732,-1.9550612608539026,-0.21879512468446904,2.699672222137451,0.7616709470748901,0.0,0.0,-0.0,0.0,0.0,0.0,0.0915527418255806,5.497742176055908,-1.4930458068847656,0.4620667099952698,0.1480407863855362,-0.0942077711224556,0.13424778296336676,-0.6594675956967715,0.9806897055186257,-0.9421042550694197,-0.8769060024394034,1.0541275101603127,0.0,0.0,0.0,0.0,0.0,0.0,1.6198333141838692,-0.01647421686747297,-1.9551005710225118,-0.21877398384506108,2.699735954880354,0.7617014498525398,7.0,1.0,48.01499938964844,48.22800064086914,48.04600143432617,7.66,23.1,43.61,0.294,0.401,1.636,0,1,0
1777636296.1891766,2811.208,1.6198538541793823,-0.016495529805318654,-1.955073658620016,-0.2188189665423792,2.6997082233428955,0.7616469264030457,0.0,0.0,-0.0,0.0,0.0,0.0,0.0915527418255806,5.538940906524658,-1.5199475288391113,0.4620667099952698,0.1480407863855362,-0.0919647291302681,0.13422513320761575,-0.6594695660889315,0.9806829039753259,-0.9421302208087864,-0.8769283509089066,1.0541039591481807,0.0,0.0,0.0,0.0,0.0,0.0,1.6198333141838692,-0.01647421686747297,-1.9551005710225118,-0.21877398384506108,2.699735954880354,0.7617014498525398,7.0,1.0,48.01499938964844,48.22800064086914,48.04600143432617,7.66,23.1,43.61,0.294,0.401,1.636,0,1,0
1777636296.1965358,2811.216,1.619829773902893,-0.016507450734273732,-1.955097500477926,-0.21885520616640264,2.6996841430664062,0.7616949081420898,0.0,0.0,-0.0,0.0,0.0,0.0,0.1144409328699112,5.502319812774658,-1.4975295066833496,0.4665527939796448,0.1502838283777237,-0.0852356031537056,0.13421482900288184,-0.659420055735587,0.9807119318273904,-0.9422203308280092,-0.8768422942560791,1.0541567778935659,0.0,0.0,0.0,0.0,0.0,0.0,1.6198333141838692,-0.01647421686747297,-1.9551005710225118,-0.21877398384506108,2.699735954880354,0.7617014498525398,7.0,1.0,48.01499938964844,48.22800064086914,48.04600143432617,7.66,23.1,43.61,0.294,0.401,1.636,0,1,0
1777636296.1986158,2811.2239999999997,1.6198538541793823,-0.016459290181295216,-1.955073658620016,-0.21884280840028936,2.6996841430664062,0.7616949081420898,0.0,0.0,-0.0,0.0,0.0,0.0,0.0595092847943306,5.493164539337158,-1.5244312286376953,0.4979553818702698,0.1525268703699112,-0.0874786451458931,0.13423396624338896,-0.6594818173951033,0.98067520449039,-0.942138846288016,-0.8768904932969331,1.0541348516979057,0.0,0.0,0.0,0.0,0.0,0.0,1.6198333141838692,-0.01647421686747297,-1.9551005710225118,-0.21877398384506108,2.699735954880354,0.7617014498525398,7.0,1.0,48.01499938964844,48.22800064086914,48.04600143432617,7.66,23.1,43.61,0.294,0.401,1.636,0,1,0
1777636296.2004476,2811.232,1.6198538541793823,-0.016495529805318654,-1.9550851027118128,-0.21878320375551397,2.6996960639953613,0.76168292760849,0.0,0.0,-0.0,0.0,0.0,0.0,0.0686645582318306,5.484009265899658,-1.5087385177612305,0.4620667099952698,0.1637420803308487,-0.0852356031537056,0.13423052722506942,-0.6594631668514415,0.9806807171178996,-0.9421250045757127,-0.8769119521161286,1.0541206528141396,0.0,0.0,0.0,0.0,0.0,0.0,1.6198333141838692,-0.01647421686747297,-1.9551005710225118,-0.21877398384506108,2.699735954880354,0.7617014498525398,7.0,1.0,48.01499938964844,48.22800064086914,48.04600143432617,7.66,23.1,43.61,0.294,0.401,1.636,0,1,0
1777636296.2004874,2811.24,1.6198058128356934,-0.016531292592183888,-1.9550612608539026,-0.21880704561342412,2.6996960639953613,0.76168292760849,0.0,0.0,-0.0,0.0,0.0,0.0,0.0686645582318306,5.493164539337158,-1.5087385177612305,0.4598236680030823,0.1547699123620987,-0.0740203931927681,0.13419794509417218,-0.6594516763878856,0.9807098300503173,-0.9421728313422338,-0.8768707293580192,1.0540976397149544,0.0,0.0,0.0,0.0,0.0,0.0,1.6198333141838692,-0.01647421686747297,-1.9551005710225118,-0.21877398384506108,2.699735954880354,0.7617014498525398,7.0,1.0,48.01499938964844,48.22800064086914,48.04600143432617,7.66,23.1,43.61,0.294,0.401,1.636,0,1,0
1777636296.2005088,2811.248,1.619829773902893,-0.016483608876363576,-1.9551094214068812,-0.2188189665423792,2.6997201442718506,0.76168292760849,0.0,0.0,-0.0,0.0,0.0,0.0,0.0549316480755806,5.516052722930908,-1.4728695154190063,0.5091705918312073,0.1592559963464737,-0.0897216871380806,0.1342111747352514,-0.6594457679922352,0.9806827523529692,-0.942181225024574,-0.8769031700905507,1.054127935855152,0.0,0.0,0.0,0.0,0.0,0.0,1.6198333141838692,-0.01647421686747297,-1.9551005710225118,-0.21877398384506108,2.699735954880354,0.7617014498525398,7.0,1.0,48.01499938964844,48.22800064086914,48.04600143432617,7.66,23.1,43.61,0.294,0.401,1.636,0,1,0
1777636296.2045517,2811.256,1.6198418140411377,-0.016483608876363576,-1.955073658620016,-0.21883088747133428,2.699660301208496,0.7616349458694458,0.0,0.0,-0.0,0.0,0.0,0.0,0.0503540076315403,5.534363269805908,-1.4930458068847656,0.4710388779640198,0.1525268703699112,-0.0852356031537056,0.1342206800590244,-0.6594781506833555,0.9806784898662686,-0.9421163507964305,-0.8768779773660232,1.0540758606349965,0.0,0.0,0.0,0.0,0.0,0.0,1.6198333141838692,-0.01647421686747297,-1.9551005710225118,-0.21877398384506108,2.699735954880354,0.7617014498525398,7.0,1.0,48.01499938964844,48.22800064086914,48.04600143432617,7.66,23.1,43.61,0.294,0.401,1.636,0,1,0
1777636296.2109315,2811.2639999999997,1.6198781728744507,-0.016483608876363576,-1.9550851027118128,-0.21884280840028936,2.699648141860962,0.7617308497428894,0.0,0.0,-0.0,0.0,0.0,0.0,0.0823974683880806,5.516052722930908,-1.5333983898162842,0.4755249619483948,0.1637420803308487,-0.0897216871380806,0.13425600449016759,-0.6594391860651311,0.9807002447141577,-0.9421711927502018,-0.876838687697562,1.0541987749478567,0.0,0.0,0.0,0.0,0.0,0.0,1.6198333141838692,-0.01647421686747297,-1.9551005710225118,-0.21877398384506108,2.699735954880354,0.7617014498525398,7.0,1.0,48.01499938964844,48.22800064086914,48.029998779296875,7.66,23.1,43.61,0.294,0.401,1.636,0,1,0
1777636296.2186246,2811.272,1.6198538541793823,-0.016531292592183888,-1.9551094214068812,-0.21880704561342412,2.6997082233428955,0.7616589069366455,0.0,0.0,-0.0,0.0,0.0,0.0,0.0961303785443306,5.470276355743408,-1.502013087272644,0.4643097519874573,0.1547699123620987,-0.0874786451458931,0.13422367789912829,-0.6594102663213879,0.980707454962357,-0.9421880449645184,-0.8768989443974231,1.054144245629084,0.0,0.0,0.0,0.0,0.0,0.0,1.6198333141838692,-0.01647421686747297,-1.9551005710225118,-0.21877398384506108,2.699735954880354,0.7617014498525398,7.0,1.0,48.0,48.22800064086914,48.029998779296875,7.66,23.1,43.61,0.294,0.401,1.636,0,1,0
1777636296.2272289,2811.2799999999997,1.6198418140411377,-0.016531292592183888,-1.955073658620016,-0.21885520616640264,2.6997082233428955,0.7616589069366455,0.0,0.0,-0.0,0.0,0.0,0.0,0.0778198316693306,5.552673816680908,-1.499771237373352,0.4710388779640198,0.1570129543542862,-0.0785064771771431,0.13421641058053754,-0.6594267463319161,0.9807188580849002,-0.9422030919779869,-0.8768873477599148,1.0541401525110476,0.0,0.0,0.0,0.0,0.0,0.0,1.6198333141838692,-0.01647421686747297,-1.9551005710225118,-0.21877398384506108,2.699735954880354,0.7617014498525398,7.0,1.0,48.0,48.22800064086914,48.029998779296875,7.66,23.1,43.61,0.294,0.401,1.636,0,1,0
1777636296.234031,2811.288,1.6198058128356934,-0.016507450734273732,-1.955097500477926,-0.21884280840028936,2.699672222137451,0.7616949081420898,0.0,0.0,-0.0,0.0,0.0,0.0,0.0549316480755806,5.497742176055908,-1.502013087272644,0.4486084580421448,0.1614990383386612,-0.0874786451458931,0.1342003844734211,-0.6594267070824874,0.9807091012607921,-0.9422150475094351,-0.8768221104321405,1.0541282051326395,0.0,0.0,0.0,0.0,0.0,0.0,1.6198333141838692,-0.01647421686747297,-1.9551005710225118,-0.21877398384506108,2.699735954880354,0.7617014498525398,7.0,1.0,48.0,48.22800064086914,48.029998779296875,7.66,23.1,43.61,0.294,0.401,1.636,0,1,0
1777636296.239817,2811.296,1.619817852973938,-0.016483608876363576,-1.955097500477926,-0.21879512468446904,2.699672222137451,0.7617068886756897,0.0,0.0,-0.0,0.0,0.0,0.0,0.0823974683880806,5.529785633087158,-1.5401238203048706,0.4867401719093323,0.1592559963464737,-0.0874786451458931,0.13421153239085995,-0.6594579443853041,0.9806822296165728,-0.9421551330727073,-0.8768535307854374,1.0541127917121913,0.0,0.0,0.0,0.0,0.0,0.0,1.6198333141838692,-0.01647421686747297,-1.9551005710225118,-0.21877398384506108,2.699735954880354,0.7617014498525398,7.0,1.0,48.0,48.22800064086914,48.029998779296875,7.66,23.1,43.61,0.294,0.401,1.636,0,1,0
1777636296.2471306,2811.304,1.6198781728744507,-0.016507450734273732,-1.955073658620016,-0.21885520616640264,2.6996841430664062,0.76168292760849,0.0,0.0,-0.0,0.0,0.0,0.0,0.0823974683880806,5.502319812774658,-1.502013087272644,0.4777680039405823,0.1592559963464737,-0.0807495191693306,0.13424640508526722,-0.6594361388490939,0.9807085140593987,-0.9421763709227053,-0.876883566944933,1.0541759603277288,0.0,0.0,0.0,0.0,0.0,0.0,1.6198333141838692,-0.01647421686747297,-1.9551005710225118,-0.21877398384506108,2.699735954880354,0.7617014498525398,7.0,1.0,48.0,48.22800064086914,48.029998779296875,7.66,23.1,43.61,0.294,0.401,1.636,0,1,0
1777636296.2547257,2811.312,1.619817852973938,-0.016543213521138966,-1.955097500477926,-0.21880704561342412,2.6997320652008057,0.7616949081420898,0.0,0.0,-0.0,0.0,0.0,0.0,0.0457763709127903,5.520630359649658,-1.502013087272644,0.4643097519874573,0.1592559963464737,-0.0829925611615181,0.1342017688513017,-0.6594083560176148,0.9807200463782371,-0.9422254863748024,-0.876889132579858,1.0541480269270214,0.0,0.0,0.0,0.0,0.0,0.0,1.6198333141838692,-0.01647421686747297,-1.9551005710225118,-0.21877398384506108,2.699735954880354,0.7617014498525398,7.0,1.0,48.0,48.22800064086914,48.029998779296875,7.66,23.1,43.61,0.294,0.401,1.636,0,1,0
1777636296.261928,2811.3199999999997,1.619829773902893,-0.016459290181295216,-1.955073658620016,-0.21884280840028936,2.6996960639953613,0.7616949081420898,0.0,0.0,-0.0,0.0,0.0,0.0,0.0640869215130806,5.465698719024658,-1.502013087272644,0.4553375840187073,0.1525268703699112,-0.0874786451458931,0.13421695083589022,-0.6594855322088679,0.9806746122248664,-0.9421502621284875,-0.8768892535471887,1.0541161273088564,0.0,0.0,0.0,0.0,0.0,0.0,1.6198333141838692,-0.01647421686747297,-1.9551005710225118,-0.21877398384506108,2.699735954880354,0.7617014498525398,7.0,1.0,48.0,48.22800064086914,48.029998779296875,7.66,23.1,43.61,0.294,0.401,1.636,0,1,0
1777636296.2658646,2811.3199999999997,1.619829773902893,-0.016459290181295216,-1.955073658620016,-0.21884280840028936,2.6996960639953613,0.7616949081420898,0.0,0.0,-0.0,0.0,0.0,0.0,0.0640869215130806,5.465698719024658,-1.502013087272644,0.4553375840187073,0.1525268703699112,-0.0874786451458931,0.13421695083589022,-0.6594855322088679,0.9806746122248664,-0.9421502621284875,-0.8768892535471887,1.0541161273088564,0.0,0.0,0.0,0.0,0.0,0.0,1.6198333141838692,-0.01647421686747297,-1.9551005710225118,-0.21877398384506108,2.699735954880354,0.7617014498525398,7.0,1.0,48.0,48.22800064086914,48.029998779296875,7.68,23.17,43.64,0.296,0.402,1.634,0,0,1
1777636296.2732675,2811.328,1.619829773902893,-0.016459290181295216,-1.9550851027118128,-0.21883088747133428,2.6996960639953613,0.7617068886756897,0.0,0.0,-0.0,0.0,0.0,0.0,0.1007080152630806,5.502319812774658,-1.4952876567840576,0.4800110459327698,0.1413116604089737,-0.0829925611615181,0.13421803423329964,-0.6594771493477943,0.9806740827492374,-0.9421561237441132,-0.8768847292963908,1.0541261371803052,0.0,0.0,0.0,0.0,0.0,0.0,1.6198333141838692,-0.01647421686747297,-1.9551005710225118,-0.21877398384506108,2.699735954880354,0.7617014498525398,7.0,1.0,48.0,48.22800064086914,48.029998779296875,7.68,23.17,43.64,0.296,0.402,1.634,0,1,0
1777636296.27593,2811.336,1.6198418140411377,-0.016483608876363576,-1.955073658620016,-0.21879512468446904,2.6996841430664062,0.76168292760849,0.0,0.0,-0.0,0.0,0.0,0.0,0.0549316480755806,5.497742176055908,-1.4908039569854736,0.4441223740577698,0.1614990383386612,-0.0852356031537056,0.13422449821989507,-0.6594803131520002,0.9806760631388414,-0.9421164208925493,-0.8768980395542659,1.054102698980686,0.0,0.0,0.0,0.0,0.0,0.0,1.6198333141838692,-0.01647421686747297,-1.9551005710225118,-0.21877398384506108,2.699735954880354,0.7617014498525398,7.0,1.0,48.0,48.22800064086914,48.04600143432617,7.68,23.17,43.64,0.296,0.402,1.634,0,1,0
1777636296.2872608,2811.344,1.619829773902893,-0.016507450734273732,-1.955097500477926,-0.21885520616640264,2.6996841430664062,0.7616949081420898,0.0,0.0,-0.0,0.0,0.0,0.0,0.0732421949505806,5.497742176055908,-1.4952876567840576,0.4755249619483948,0.1637420803308487,-0.0807495191693306,0.13421482900288184,-0.659420055735587,0.9807119318273904,-0.9422203308280092,-0.8768422942560791,1.0541567778935659,0.0,0.0,0.0,0.0,0.0,0.0,1.6198333141838692,-0.01647421686747297,-1.9551005710225118,-0.21877398384506108,2.699735954880354,0.7617014498525398,7.0,1.0,48.01499938964844,48.22800064086914,48.04600143432617,7.68,23.17,43.64,0.296,0.402,1.634,0,1,0
1777636296.296544,2811.352,1.6198418140411377,-0.016459290181295216,-1.9551094214068812,-0.21884280840028936,2.6997201442718506,0.7617068886756897,0.0,0.0,-0.0,0.0,0.0,0.0,0.0961303785443306,5.543518543243408,-1.5064966678619385,0.4508515000343323,0.1525268703699112,-0.0852356031537056,0.13422242804367868,-0.6594522833499739,0.9806774663888247,-0.9421892558591324,-0.8769007388826509,1.0541583811946176,0.0,0.0,0.0,0.0,0.0,0.0,1.6198333141838692,-0.01647421686747297,-1.9551005710225118,-0.21877398384506108,2.699735954880354,0.7617014498525398,7.0,1.0,48.01499938964844,48.22800064086914,48.04600143432617,7.68,23.17,43.64,0.296,0.402,1.634,0,1,0
1777636296.3006012,2811.3599999999997,1.6198538541793823,-0.016507450734273732,-1.9551094214068812,-0.21885520616640264,2.6996841430664062,0.7617068886756897,0.0,0.0,-0.0,0.0,0.0,0.0,0.1052856519818306,5.511475086212158,-1.499771237373352,0.4732819199562073,0.1592559963464737,-0.0852356031537056,0.13423155807751955,-0.6594042720360607,0.9807147180215845,-0.9422284836921256,-0.8768459673274553,1.0541935944388328,0.0,0.0,0.0,0.0,0.0,0.0,1.6198333141838692,-0.01647421686747297,-1.9551005710225118,-0.21877398384506108,2.699735954880354,0.7617014498525398,7.0,1.0,48.01499938964844,48.22800064086914,48.04600143432617,7.68,23.17,43.64,0.296,0.402,1.634,0,1,0
1777636296.3056026,2811.368,1.6198538541793823,-0.016531292592183888,-1.9550612608539026,-0.21885520616640264,2.6997082233428955,0.7616949081420898,0.0,0.0,-0.0,0.0,0.0,0.0,0.0961303785443306,5.484009265899658,-1.4930458068847656,0.4710388779640198,0.1570129543542862,-0.0874786451458931,0.1342289696142807,-0.6594279774744559,0.9807246779854101,-0.9422070319382029,-0.8768850828320103,1.0541750144192714,0.0,0.0,0.0,0.0,0.0,0.0,1.6198333141838692,-0.01647421686747297,-1.9551005710225118,-0.21877398384506108,2.699735954880354,0.7617014498525398,7.0,1.0,48.01499938964844,48.25899887084961,48.04600143432617,7.68,23.17,43.64,0.296,0.402,1.634,0,1,0
1777636296.3145902,2811.3759999999997,1.6198418140411377,-0.016495529805318654,-1.955097500477926,-0.21883088747133428,2.6997201442718506,0.7616589069366455,0.0,0.0,-0.0,0.0,0.0,0.0,0.0595092847943306,5.465698719024658,-1.499771237373352,0.5024414658546448,0.1525268703699112,-0.0807495191693306,0.13421618550948844,-0.6594453183945284,0.9806890217592357,-0.9421746915147668,-0.8769143022270773,1.0541237126159346,0.0,0.0,0.0,0.0,0.0,0.0,1.6198333141838692,-0.01647421686747297,-1.9551005710225118,-0.21877398384506108,2.699735954880354,0.7617014498525398,7.0,1.0,48.01499938964844,48.25899887084961,48.04600143432617,7.68,23.17,43.64,0.296,0.402,1.634,0,1,0
1777636296.3285086,2811.384,1.6198538541793823,-0.016495529805318654,-1.9550374189959925,-0.21883088747133428,2.6997082233428955,0.7617188692092896,0.0,0.0,-0.0,0.0,0.0,0.0,0.0686645582318306,5.516052722930908,-1.499771237373352,0.4598236680030823,0.1570129543542862,-0.0852356031537056,0.13423464278571717,-0.6594811334331178,0.9806972178059267,-0.9421469678540738,-0.8769104044036921,1.0541532757302532,0.0,0.0,0.0,0.0,0.0,0.0,1.6198333141838692,-0.01647421686747297,-1.9551005710225118,-0.21877398384506108,2.699735954880354,0.7617014498525398,7.0,1.0,48.01499938964844,48.25899887084961,48.04600143432617,7.68,23.17,43.64,0.296,0.402,1.634,0,1,0
1777636296.3285818,2811.392,1.6198538541793823,-0.016531292592183888,-1.9551094214068812,-0.21885520616640264,2.699672222137451,0.7616709470748901,0.0,0.0,-0.0,0.0,0.0,0.0,0.0549316480755806,5.520630359649658,-1.4863203763961792,0.4732819199562073,0.1637420803308487,-0.0897216871380806,0.13422761289771296,-0.6593910520219685,0.9807247057674565,-0.9422272541939098,-0.876838076116026,1.0541730423673457,0.0,0.0,0.0,0.0,0.0,0.0,1.6198333141838692,-0.01647421686747297,-1.9551005710225118,-0.21877398384506108,2.699735954880354,0.7617014498525398,7.0,1.0,48.01499938964844,48.25899887084961,48.04600143432617,7.68,23.17,43.64,0.296,0.402,1.634,0,1,0
1777636296.3440723,2811.4,1.619829773902893,-0.016495529805318654,-1.955073658620016,-0.21880704561342412,2.699672222137451,0.7616709470748901,0.0,0.0,-0.0,0.0,0.0,0.0,0.1007080152630806,5.534363269805908,-1.4975295066833496,0.4912262558937073,0.1592559963464737,-0.0829925611615181,0.13421562069488127,-0.6594700492153345,0.9806857228262937,-0.9421320552217356,-0.8768741905730361,1.0540922920308904,0.0,0.0,0.0,0.0,0.0,0.0,1.6198333141838692,-0.01647421686747297,-1.9551005710225118,-0.21877398384506108,2.699735954880354,0.7617014498525398,7.0,1.0,48.01499938964844,48.25899887084961,48.04600143432617,7.68,23.17,43.64,0.296,0.402,1.634,0,1,0
1777636296.3441653,2811.408,1.6198418140411377,-0.016531292592183888,-1.9550612608539026,-0.2188189665423792,2.6996960639953613,0.7617308497428894,0.0,0.0,-0.0,0.0,0.0,0.0,0.1144409328699112,5.451965808868408,-1.4908039569854736,0.4889832139015198,0.1547699123620987,-0.0897216871380806,0.13422691594254615,-0.6594329846781165,0.980721742392713,-0.9421956909361033,-0.8768670017458594,1.0541753810846575,0.0,0.0,0.0,0.0,0.0,0.0,1.6198333141838692,-0.01647421686747297,-1.9551005710225118,-0.21877398384506108,2.699735954880354,0.7617014498525398,7.0,1.0,48.01499938964844,48.25899887084961,48.04600143432617,7.68,23.17,43.64,0.296,0.402,1.634,0,1,0
1777636296.3556142,2811.4159999999997,1.6198538541793823,-0.016471211110250294,-1.9550851027118128,-0.2188189665423792,2.699672222137451,0.7616949081420898,0.0,0.0,-0.0,0.0,0.0,0.0,0.0503540076315403,5.543518543243408,-1.4975295066833496,0.4822540879249573,0.1704712063074112,-0.0829925611615181,0.13423453740143015,-0.6594690891770598,0.980677751778728,-0.9421354207359771,-0.876878555488316,1.0541327987537283,0.0,0.0,0.0,0.0,0.0,0.0,1.6198333141838692,-0.01647421686747297,-1.9551005710225118,-0.21877398384506108,2.699735954880354,0.7617014498525398,7.0,1.0,48.0,48.25899887084961,48.04600143432617,7.68,23.17,43.64,0.296,0.402,1.634,0,1,0
1777636296.3558247,2811.424,1.6198781728744507,-0.016459290181295216,-1.9550851027118128,-0.21884280840028936,2.6996960639953613,0.76168292760849,0.0,0.0,-0.0,0.0,0.0,0.0,0.0823974683880806,5.516052722930908,-1.504254937171936,0.4620667099952698,0.1614990383386612,-0.0852356031537056,0.13424701819455737,-0.659471931539169,0.9806730634715973,-0.9421368640166923,-0.8769158963793006,1.054153010818553,0.0,0.0,0.0,0.0,0.0,0.0,1.6198333141838692,-0.01647421686747297,-1.9551005710225118,-0.21877398384506108,2.699735954880354,0.7617014498525398,7.0,1.0,48.0,48.25899887084961,48.04600143432617,7.68,23.17,43.64,0.296,0.402,1.634,0,1,0
1777636296.3623168,2811.432,1.619829773902893,-0.016471211110250294,-1.9550851027118128,-0.21886712709535772,2.699636220932007,0.7616949081420898,0.0,0.0,-0.0,0.0,0.0,0.0,0.0961303785443306,5.520630359649658,-1.4975295066833496,0.4777680039405823,0.1682281643152237,-0.0852356031537056,0.1342212255664036,-0.659455643791457,0.98069283729307,-0.9421767699616119,-0.8768090961381851,1.0541307083717983,0.0,0.0,0.0,0.0,0.0,0.0,1.6198333141838692,-0.01647421686747297,-1.9551005710225118,-0.21877398384506108,2.699735954880354,0.7617014498525398,7.0,1.0,48.0,48.25899887084961,48.04600143432617,7.68,23.17,43.64,0.296,0.402,1.634,0,1,0
1777636296.369346,2811.44,1.6198418140411377,-0.016459290181295216,-1.9550851027118128,-0.2188189665423792,2.6997201442718506,0.76168292760849,0.0,0.0,-0.0,0.0,0.0,0.0,0.0366210974752903,5.506897449493408,-1.4930458068847656,0.4463654160499573,0.1592559963464737,-0.0919647291302681,0.13422117347568596,-0.6594853215557827,0.9806652840703161,-0.9421349172546346,-0.8769299617970282,1.0541137392472482,0.0,0.0,0.0,0.0,0.0,0.0,1.6198333141838692,-0.01647421686747297,-1.9551005710225118,-0.21877398384506108,2.699735954880354,0.7617014498525398,7.0,1.0,48.0,48.22800064086914,48.04600143432617,7.68,23.17,43.64,0.296,0.402,1.634,0,1,0
1777636296.3768263,2811.448,1.6198418140411377,-0.01651937166322881,-1.9550612608539026,-0.2188189665423792,2.6997201442718506,0.761622965335846,0.0,0.0,-0.0,0.0,0.0,0.0,0.0732421949505806,5.548096179962158,-1.4930458068847656,0.4665527939796448,0.1525268703699112,-0.0829925611615181,0.1342128703010212,-0.6594668334651524,0.9806932060669906,-0.9421346767071753,-0.8769383788210844,1.0540808731302957,0.0,0.0,0.0,0.0,0.0,0.0,1.6198333141838692,-0.01647421686747297,-1.9551005710225118,-0.21877398384506108,2.699735954880354,0.7617014498525398,7.0,1.0,48.0,48.22800064086914,48.04600143432617,7.68,23.17,43.64,0.296,0.402,1.634,0,1,0
1777636296.3837554,2811.4559999999997,1.6198781728744507,-0.016495529805318654,-1.955097500477926,-0.21880704561342412,2.6996841430664062,0.7616949081420898,0.0,0.0,-0.0,0.0,0.0,0.0,0.0869751051068306,5.506897449493408,-1.5109803676605225,0.4620667099952698,0.1480407863855362,-0.0874786451458931,0.13424810307028207,-0.6594389328798004,0.9806907044560688,-0.9421512251711425,-0.8768937183686848,1.0541679972666513,0.0,0.0,0.0,0.0,0.0,0.0,1.6198333141838692,-0.01647421686747297,-1.9551005710225118,-0.21877398384506108,2.699735954880354,0.7617014498525398,7.0,1.0,48.0,48.22800064086914,48.04600143432617,7.68,23.17,43.64,0.296,0.402,1.634,0,1,0
1777636296.3918283,2811.464,1.6198418140411377,-0.016507450734273732,-1.955073658620016,-0.2188189665423792,2.6996841430664062,0.7617068886756897,0.0,0.0,-0.0,0.0,0.0,0.0,0.0411987341940403,5.484009265899658,-1.4952876567840576,0.4598236680030823,0.1457977443933487,-0.0919647291302681,0.1342257965201799,-0.659447426068067,0.9807028190612124,-0.942170294510956,-0.8768690306858247,1.0541471919098466,0.0,0.0,0.0,0.0,0.0,0.0,1.6198333141838692,-0.01647421686747297,-1.9551005710225118,-0.21877398384506108,2.699735954880354,0.7617014498525398,7.0,1.0,48.0,48.22800064086914,48.04600143432617,7.68,23.17,43.64,0.296,0.402,1.634,0,1,0
1777636296.3994203,2811.4719999999998,1.6198781728744507,-0.016531292592183888,-1.9551094214068812,-0.21883088747133428,2.699672222137451,0.7616469264030457,0.0,0.0,-0.0,0.0,0.0,0.0,0.1098632961511612,5.525207996368408,-1.4908039569854736,0.4598236680030823,0.1368255764245987,-0.0807495191693306,0.13424135447759677,-0.659400532394745,0.9807136708450173,-0.9421849846300031,-0.8768708594487244,1.0541611066555043,0.0,0.0,0.0,0.0,0.0,0.0,1.6198333141838692,-0.01647421686747297,-1.9551005710225118,-0.21877398384506108,2.699735954880354,0.7617014498525398,7.0,1.0,48.0,48.22800064086914,48.04600143432617,7.68,23.17,43.64,0.296,0.402,1.634,0,1,0
1777636296.409503,2811.4719999999998,1.6198781728744507,-0.016531292592183888,-1.9551094214068812,-0.21883088747133428,2.699672222137451,0.7616469264030457,0.0,0.0,-0.0,0.0,0.0,0.0,0.1098632961511612,5.525207996368408,-1.4908039569854736,0.4598236680030823,0.1368255764245987,-0.0807495191693306,0.13424135447759677,-0.659400532394745,0.9807136708450173,-0.9421849846300031,-0.8768708594487244,1.0541611066555043,0.0,0.0,0.0,0.0,0.0,0.0,1.6198333141838692,-0.01647421686747297,-1.9551005710225118,-0.21877398384506108,2.699735954880354,0.7617014498525398,7.0,1.0,48.0,48.22800064086914,48.04600143432617,7.78,23.08,43.68,0.294,0.403,1.638,0,0,1
1777636296.4096665,2811.48,1.619866132736206,-0.016495529805318654,-1.955097500477926,-0.21878320375551397,2.6996960639953613,0.76168292760849,0.0,0.0,-0.0,0.0,0.0,0.0,0.1098632961511612,5.529785633087158,-1.5087385177612305,0.4732819199562073,0.1570129543542862,-0.0807495191693306,0.13423809339148757,-0.6594510895276561,0.9806813740274882,-0.9421314258135506,-0.8769135892353387,1.0541373719892666,0.0,0.0,0.0,0.0,0.0,0.0,1.6198333141838692,-0.01647421686747297,-1.9551005710225118,-0.21877398384506108,2.699735954880354,0.7617014498525398,7.0,1.0,48.0,48.22800064086914,48.06100082397461,7.78,23.08,43.68,0.294,0.403,1.638,0,1,0
1777636296.412628,2811.488,1.619817852973938,-0.01651937166322881,-1.9550851027118128,-0.2188189665423792,2.699672222137451,0.76168292760849,0.0,0.0,-0.0,0.0,0.0,0.0,0.0732421949505806,5.525207996368408,-1.502013087272644,0.4351502060890198,0.1525268703699112,-0.0829925611615181,0.13420742036724292,-0.6594354251664307,0.9807076378361916,-0.9421833947677303,-0.8768434283608743,1.0541161106448351,0.0,0.0,0.0,0.0,0.0,0.0,1.6198333141838692,-0.01647421686747297,-1.9551005710225118,-0.21877398384506108,2.699735954880354,0.7617014498525398,7.0,1.0,48.0,48.22800064086914,48.06100082397461,7.78,23.08,43.68,0.294,0.403,1.638,0,1,0
1777636296.4197967,2811.496,1.6198781728744507,-0.016495529805318654,-1.9550851027118128,-0.21884280840028936,2.699672222137451,0.7617068886756897,0.0,0.0,-0.0,0.0,0.0,0.0,0.0640869215130806,5.529785633087158,-1.5064966678619385,0.4755249619483948,0.1570129543542862,-0.0740203931927681,0.1342504913560131,-0.6594350541502959,0.9807026690936629,-0.9421748634548113,-0.8768674463998293,1.0541880829237218,0.0,0.0,0.0,0.0,0.0,0.0,1.6198333141838692,-0.01647421686747297,-1.9551005710225118,-0.21877398384506108,2.699735954880354,0.7617014498525398,7.0,1.0,47.97100067138672,48.22800064086914,48.06100082397461,7.78,23.08,43.68,0.294,0.403,1.638,0,1,0
1777636296.427395,2811.504,1.6198538541793823,-0.01651937166322881,-1.9550612608539026,-0.21886712709535772,2.6996960639953613,0.7616709470748901,0.0,0.0,-0.0,0.0,0.0,0.0,0.0823974683880806,5.488586902618408,-1.5064966678619385,0.4575806260108948,0.1637420803308487,-0.0785064771771431,0.13422769223442838,-0.6594389176641043,0.9807163320144545,-0.942191481793921,-0.8768821810983068,1.054152569878,0.0,0.0,0.0,0.0,0.0,0.0,1.6198333141838692,-0.01647421686747297,-1.9551005710225118,-0.21877398384506108,2.699735954880354,0.7617014498525398,7.0,1.0,47.97100067138672,48.22800064086914,48.06100082397461,7.78,23.08,43.68,0.294,0.403,1.638,0,1,0
1777636296.4341505,2811.5119999999997,1.619829773902893,-0.01651937166322881,-1.9551094214068812,-0.21880704561342412,2.6996841430664062,0.7616949081420898,0.0,0.0,-0.0,0.0,0.0,0.0,0.1556396633386612,5.506897449493408,-1.4952876567840576,0.4979553818702698,0.1614990383386612,-0.0874786451458931,0.1342146789343477,-0.6594150947462828,0.9807071972433907,-0.9421991658106184,-0.8768521960820614,1.0541446407913095,0.0,0.0,0.0,0.0,0.0,0.0,1.6198333141838692,-0.01647421686747297,-1.9551005710225118,-0.21877398384506108,2.699735954880354,0.7617014498525398,7.0,1.0,47.97100067138672,48.2130012512207,48.06100082397461,7.78,23.08,43.68,0.294,0.403,1.638,0,1,0
1777636296.4841838,2811.52,1.6198538541793823,-0.016447369252340138,-1.955097500477926,-0.21884280840028936,2.6997201442718506,0.7616949081420898,0.0,0.0,-0.0,0.0,0.0,0.0,0.0823974683880806,5.493164539337158,-1.4952876567840576,0.4800110459327698,0.1570129543542862,-0.0852356031537056,0.13423001692660014,-0.6594733716227994,0.9806667482115909,-0.942158104294723,-0.8769219354155272,1.0541464261478088,0.0,0.0,0.0,0.0,0.0,0.0,1.6198333141838692,-0.01647421686747297,-1.9551005710225118,-0.21877398384506108,2.699735954880354,0.7617014498525398,7.0,1.0,47.97100067138672,48.2130012512207,48.06100082397461,7.78,23.08,43.68,0.294,0.403,1.638,0,1,0
1777636296.489616,2811.528,1.619829773902893,-0.016507450734273732,-1.955097500477926,-0.21879512468446904,2.6996841430664062,0.76168292760849,0.0,0.0,-0.0,0.0,0.0,0.0,0.0640869215130806,5.506897449493408,-1.4952876567840576,0.4553375840187073,0.1435547024011612,-0.0874786451458931,0.1342145398925475,-0.6594415667210062,0.9806931887007704,-0.9421619038417779,-0.8768716431246444,1.054116414365449,0.0,0.0,0.0,0.0,0.0,0.0,1.6198333141838692,-0.01647421686747297,-1.9551005710225118,-0.21877398384506108,2.699735954880354,0.7617014498525398,7.0,1.0,47.97100067138672,48.2130012512207,48.06100082397461,7.78,23.08,43.68,0.294,0.403,1.638,0,1,0
1777636296.495795,2811.536,1.619829773902893,-0.016531292592183888,-1.955097500477926,-0.2188189665423792,2.6997439861297607,0.7616949081420898,0.0,0.0,-0.0,0.0,0.0,0.0,0.1190185695886612,5.456543445587158,-1.4975295066833496,0.4687958359718323,0.1614990383386612,-0.0874786451458931,0.13420878092569144,-0.6594136249435433,0.9807148147766954,-0.9422242888984109,-0.8769078011950948,1.054160039043693,0.0,0.0,0.0,0.0,0.0,0.0,1.6198333141838692,-0.01647421686747297,-1.9551005710225118,-0.21877398384506108,2.699735954880354,0.7617014498525398,7.0,1.0,47.97100067138672,48.2130012512207,48.06100082397461,7.78,23.08,43.68,0.294,0.403,1.638,0,1,0
1777636296.4986227,2811.544,1.6198538541793823,-0.016507450734273732,-1.9550493399249476,-0.2188790480243128,2.699660301208496,0.7616949081420898,0.0,0.0,-0.0,0.0,0.0,0.0,0.0823974683880806,5.488586902618408,-1.513222098350525,0.4620667099952698,0.1592559963464737,-0.0807495191693306,0.13423461488360994,-0.6594488376547997,0.9807171479425972,-0.9421849402104114,-0.8768416595139237,1.0541614264305879,0.0,0.0,0.0,0.0,0.0,0.0,1.6198333141838692,-0.01647421686747297,-1.9551005710225118,-0.21877398384506108,2.699735954880354,0.7617014498525398,7.0,1.0,47.97100067138672,48.2130012512207,48.06100082397461,7.78,23.08,43.68,0.294,0.403,1.638,0,1,0
1777636296.5044208,2811.5519999999997,1.619866132736206,-0.016495529805318654,-1.9551094214068812,-0.21883088747133428,2.6996841430664062,0.7617068886756897,0.0,0.0,-0.0,0.0,0.0,0.0,0.0732421949505806,5.497742176055908,-1.4975295066833496,0.4598236680030823,0.1547699123620987,-0.0874786451458931,0.13424058776761075,-0.6594204630234364,0.9807000735560008,-0.9421927654638613,-0.8768676652213654,1.0541858780523914,0.0,0.0,0.0,0.0,0.0,0.0,1.6198333141838692,-0.01647421686747297,-1.9551005710225118,-0.21877398384506108,2.699735954880354,0.7617014498525398,7.0,1.0,47.97100067138672,48.2130012512207,48.04600143432617,7.78,23.08,43.68,0.294,0.403,1.638,0,1,0
1777636296.5158072,2811.56,1.619866132736206,-0.016483608876363576,-1.9550493399249476,-0.21885520616640264,2.699660301208496,0.7616589069366455,0.0,0.0,-0.0,0.0,0.0,0.0,0.0686645582318306,5.538940906524658,-1.4863203763961792,0.5001984238624573,0.1435547024011612,-0.0874786451458931,0.1342400468469036,-0.6594826127026013,0.9806882262582532,-0.9421204249126831,-0.8768821434170009,1.0541171381342247,0.0,0.0,0.0,0.0,0.0,0.0,1.6198333141838692,-0.01647421686747297,-1.9551005710225118,-0.21877398384506108,2.699735954880354,0.7617014498525398,7.0,1.0,47.97100067138672,48.2130012512207,48.04600143432617,7.78,23.08,43.68,0.294,0.403,1.638,0,1,0
1777636296.515861,2811.5679999999998,1.619866132736206,-0.016531292592183888,-1.9550493399249476,-0.2188189665423792,2.6997082233428955,0.7616589069366455,0.0,0.0,-0.0,0.0,0.0,0.0,0.0686645582318306,5.506897449493408,-1.4795949459075928,0.4620667099952698,0.1547699123620987,-0.0897216871380806,0.13423413545205082,-0.6594553922557718,0.9807075642858802,-0.9421420316588643,-0.8769257325590493,1.0541305811573751,0.0,0.0,0.0,0.0,0.0,0.0,1.6198333141838692,-0.01647421686747297,-1.9551005710225118,-0.21877398384506108,2.699735954880354,0.7617014498525398,7.0,1.0,48.0,48.2130012512207,48.04600143432617,7.78,23.08,43.68,0.294,0.403,1.638,0,1,0
1777636296.5158834,2811.576,1.619817852973938,-0.016495529805318654,-1.9550493399249476,-0.21883088747133428,2.6996960639953613,0.7616949081420898,0.0,0.0,-0.0,0.0,0.0,0.0,0.1098632961511612,5.529785633087158,-1.4863203763961792,0.4687958359718323,0.1570129543542862,-0.0852356031537056,0.13420882664117945,-0.6594804912682511,0.980694143095111,-0.9421543559799994,-0.87688265222152,1.054106075596797,0.0,0.0,0.0,0.0,0.0,0.0,1.6198333141838692,-0.01647421686747297,-1.9551005710225118,-0.21877398384506108,2.699735954880354,0.7617014498525398,7.0,1.0,48.0,48.2130012512207,48.04600143432617,7.78,23.08,43.68,0.294,0.403,1.638,0,1,0
1777636296.5159044,2811.584,1.6198058128356934,-0.016483608876363576,-1.9550851027118128,-0.2188189665423792,2.6996960639953613,0.7617188692092896,0.0,0.0,-0.0,0.0,0.0,0.0,0.0457763709127903,5.506897449493408,-1.502013087272644,0.4396362900733948,0.1570129543542862,-0.0829925611615181,0.13420278871614413,-0.6594608969911596,0.980689126319217,-0.9421815080450228,-0.8768616593707967,1.0541222084512418,0.0,0.0,0.0,0.0,0.0,0.0,1.6198333141838692,-0.01647421686747297,-1.9551005710225118,-0.21877398384506108,2.699735954880354,0.7617014498525398,7.0,1.0,48.0,48.24300003051758,48.04600143432617,7.78,23.08,43.68,0.294,0.403,1.638,0,1,0
1777636296.5159247,2811.592,1.619829773902893,-0.016459290181295216,-1.9550851027118128,-0.21879512468446904,2.6996841430664062,0.7616949081420898,0.0,0.0,-0.0,0.0,0.0,0.0,0.0503540076315403,5.497742176055908,-1.4975295066833496,0.4732819199562073,0.1570129543542862,-0.0874786451458931,0.13421844624929857,-0.6594904914032017,0.9806626451387283,-0.9421158489839694,-0.8768920403273982,1.054096096761165,0.0,0.0,0.0,0.0,0.0,0.0,1.6198333141838692,-0.01647421686747297,-1.9551005710225118,-0.21877398384506108,2.699735954880354,0.7617014498525398,7.0,1.0,48.0,48.24300003051758,48.04600143432617,7.78,23.08,43.68,0.294,0.403,1.638,0,1,0
1777636296.5159898,2811.6,1.6198418140411377,-0.016507450734273732,-1.9550851027118128,-0.21879512468446904,2.699648141860962,0.7616469264030457,0.0,0.0,-0.0,0.0,0.0,0.0,0.0457763709127903,5.511475086212158,-1.4975295066833496,0.4530945420265198,0.1435547024011612,-0.0852356031537056,0.13422234848762224,-0.6594565038515928,0.9806878437840467,-0.9421191150648605,-0.8768610848761749,1.0540840646753702,0.0,0.0,0.0,0.0,0.0,0.0,1.6198333141838692,-0.01647421686747297,-1.9551005710225118,-0.21877398384506108,2.699735954880354,0.7617014498525398,7.0,1.0,48.0,48.24300003051758,48.04600143432617,7.78,23.08,43.68,0.294,0.403,1.638,0,1,0
1777636296.5229976,2811.6079999999997,1.6198058128356934,-0.016483608876363576,-1.9550851027118128,-0.21886712709535772,2.6997320652008057,0.7616949081420898,0.0,0.0,-0.0,0.0,0.0,0.0,0.1052856519818306,5.479431629180908,-1.499771237373352,0.4643097519874573,0.1614990383386612,-0.0852356031537056,0.13419578138934526,-0.6594521804715525,0.980696323965329,-0.9422196180652719,-0.876887623860928,1.0541315027800244,0.0,0.0,0.0,0.0,0.0,0.0,1.6198333141838692,-0.01647421686747297,-1.9551005710225118,-0.21877398384506108,2.699735954880354,0.7617014498525398,7.0,1.0,48.0,48.24300003051758,48.04600143432617,7.78,23.08,43.68,0.294,0.403,1.638,0,1,0
1777636296.5355856,2811.616,1.619866132736206,-0.016471211110250294,-1.955097500477926,-0.21885520616640264,2.6997082233428955,0.76168292760849,0.0,0.0,-0.0,0.0,0.0,0.0,0.0595092847943306,5.520630359649658,-1.502013087272644,0.4575806260108948,0.1525268703699112,-0.0897216871380806,0.13423666909111426,-0.6594495397709805,0.980684470520313,-0.9421759013136666,-0.8769063784949445,1.0541630799256536,0.0,0.0,0.0,0.0,0.0,0.0,1.6198333141838692,-0.01647421686747297,-1.9551005710225118,-0.21877398384506108,2.699735954880354,0.7617014498525398,7.0,1.0,48.0,48.24300003051758,48.04600143432617,7.78,23.08,43.68,0.294,0.403,1.638,0,1,0
1777636296.5357273,2811.624,1.6198538541793823,-0.016531292592183888,-1.9551213423358362,-0.21880704561342412,2.6997201442718506,0.7616469264030457,0.0,0.0,-0.0,0.0,0.0,0.0,0.0869751051068306,5.451965808868408,-1.504254937171936,0.4800110459327698,0.1704712063074112,-0.0874786451458931,0.13422067210425728,-0.6594032441628812,0.9807053383873809,-0.942195025683271,-0.8769107284413379,1.054141849018806,0.0,0.0,0.0,0.0,0.0,0.0,1.6198333141838692,-0.01647421686747297,-1.9551005710225118,-0.21877398384506108,2.699735954880354,0.7617014498525398,7.0,1.0,48.0,48.24300003051758,48.04600143432617,7.78,23.08,43.68,0.294,0.403,1.638,0,1,0
1777636296.5428183,2811.632,1.619866132736206,-0.016495529805318654,-1.955097500477926,-0.21880704561342412,2.699672222137451,0.7616949081420898,0.0,0.0,-0.0,0.0,0.0,0.0,0.1007080152630806,5.497742176055908,-1.499771237373352,0.4732819199562073,0.1570129543542862,-0.0785064771771431,0.13424129817961483,-0.6594400665356845,0.9806912966998004,-0.9421525092276418,-0.8768750228731415,1.0541558337826376,0.0,0.0,0.0,0.0,0.0,0.0,1.6198333141838692,-0.01647421686747297,-1.9551005710225118,-0.21877398384506108,2.699735954880354,0.7617014498525398,7.0,1.0,48.0,48.24300003051758,48.04600143432617,7.78,23.08,43.68,0.294,0.403,1.638,0,1,0
1777636296.5516565,2811.64,1.6198418140411377,-0.016531292592183888,-1.955073658620016,-0.21886712709535772,2.6997201442718506,0.7617308497428894,0.0,0.0,-0.0,0.0,0.0,0.0,0.1235962063074112,5.506897449493408,-1.4930458068847656,0.4889832139015198,0.1614990383386612,-0.0874786451458931,0.1342232332981453,-0.6594083093288639,0.9807344986569408,-0.9422541766265875,-0.8768664249273876,1.054209516358175,0.0,0.0,0.0,0.0,0.0,0.0,1.6198333141838692,-0.01647421686747297,-1.9551005710225118,-0.21877398384506108,2.699735954880354,0.7617014498525398,7.0,1.0,48.01499938964844,48.24300003051758,48.04600143432617,7.78,23.08,43.68,0.294,0.403,1.638,0,1,0
1777636296.5563164,2811.64,1.6198418140411377,-0.016531292592183888,-1.955073658620016,-0.21886712709535772,2.6997201442718506,0.7617308497428894,0.0,0.0,-0.0,0.0,0.0,0.0,0.1235962063074112,5.506897449493408,-1.4930458068847656,0.4889832139015198,0.1614990383386612,-0.0874786451458931,0.1342232332981453,-0.6594083093288639,0.9807344986569408,-0.9422541766265875,-0.8768664249273876,1.054209516358175,0.0,0.0,0.0,0.0,0.0,0.0,1.6198333141838692,-0.01647421686747297,-1.9551005710225118,-0.21877398384506108,2.699735954880354,0.7617014498525398,7.0,1.0,48.01499938964844,48.24300003051758,48.04600143432617,7.78,23.06,43.65,0.294,0.404,1.639,0,0,1
1777636296.5565495,2811.6479999999997,1.619866132736206,-0.016495529805318654,-1.9550851027118128,-0.21880704561342412,2.699672222137451,0.7616709470748901,0.0,0.0,-0.0,0.0,0.0,0.0,0.0778198316693306,5.488586902618408,-1.502013087272644,0.4373932480812073,0.1682281643152237,-0.0807495191693306,0.13423910793754157,-0.6594555419220214,0.9806863292512553,-0.9421291841270886,-0.8768895128005801,1.054129124647852,0.0,0.0,0.0,0.0,0.0,0.0,1.6198333141838692,-0.01647421686747297,-1.9551005710225118,-0.21877398384506108,2.699735954880354,0.7617014498525398,7.0,1.0,48.01499938964844,48.24300003051758,48.04600143432617,7.78,23.06,43.65,0.294,0.404,1.639,0,1,0
1777636296.5636888,2811.656,1.619866132736206,-0.016507450734273732,-1.955073658620016,-0.21883088747133428,2.6997082233428955,0.76168292760849,0.0,0.0,-0.0,0.0,0.0,0.0,0.0549316480755806,5.474853992462158,-1.4975295066833496,0.4508515000343323,0.1480407863855362,-0.0807495191693306,0.13423660709176,-0.6594464156533799,0.9807006034500458,-0.9421654589824069,-0.8769112498076561,1.054157246302886,0.0,0.0,0.0,0.0,0.0,0.0,1.6198333141838692,-0.01647421686747297,-1.9551005710225118,-0.21877398384506108,2.699735954880354,0.7617014498525398,7.0,1.0,48.01499938964844,48.27399826049805,48.04600143432617,7.78,23.06,43.65,0.294,0.404,1.639,0,1,0
1777636296.571198,2811.6639999999998,1.6198418140411377,-0.016531292592183888,-1.9550493399249476,-0.21885520616640264,2.699660301208496,0.7616589069366455,0.0,0.0,-0.0,0.0,0.0,0.0,0.0686645582318306,5.511475086212158,-1.5356402397155762,0.4687958359718323,0.1592559963464737,-0.0829925611615181,0.13422201351265178,-0.6594452634507109,0.9807199510350102,-0.9421701733764526,-0.8768489869833568,1.0541204437542115,0.0,0.0,0.0,0.0,0.0,0.0,1.6198333141838692,-0.01647421686747297,-1.9551005710225118,-0.21877398384506108,2.699735954880354,0.7617014498525398,7.0,1.0,48.01499938964844,48.27399826049805,48.04600143432617,7.78,23.06,43.65,0.294,0.404,1.639,0,1,0
1777636296.5781898,2811.672,1.6198058128356934,-0.016495529805318654,-1.9550493399249476,-0.21883088747133428,2.6996841430664062,0.7616469264030457,0.0,0.0,-0.0,0.0,0.0,0.0,0.01831054873764515,5.488586902618408,-1.504254937171936,0.4732819199562073,0.1457977443933487,-0.0874786451458931,0.13419657136599009,-0.6594917288569021,0.980686102990775,-0.9421304357358423,-0.8768826814824542,1.0540528811877037,0.0,0.0,0.0,0.0,0.0,0.0,1.6198333141838692,-0.01647421686747297,-1.9551005710225118,-0.21877398384506108,2.699735954880354,0.7617014498525398,7.0,1.0,48.01499938964844,48.27399826049805,48.04600143432617,7.78,23.06,43.65,0.294,0.404,1.639,0,1,0
1777636296.5856473,2811.68,1.619866132736206,-0.016471211110250294,-1.9550493399249476,-0.21886712709535772,2.6996841430664062,0.7617188692092896,0.0,0.0,-0.0,0.0,0.0,0.0,0.0823974683880806,5.511475086212158,-1.513222098350525,0.4732819199562073,0.1704712063074112,-0.0852356031537056,0.1342448935757917,-0.6594777420834849,0.980692871822899,-0.9421574535188117,-0.8768830806947786,1.0541718584600261,0.0,0.0,0.0,0.0,0.0,0.0,1.6198333141838692,-0.01647421686747297,-1.9551005710225118,-0.21877398384506108,2.699735954880354,0.7617014498525398,7.0,1.0,48.01499938964844,48.27399826049805,48.04600143432617,7.78,23.06,43.65,0.294,0.404,1.639,0,1,0
1777636296.6006827,2811.6879999999996,1.6198418140411377,-0.016495529805318654,-1.9550851027118128,-0.21883088747133428,2.6996841430664062,0.7617068886756897,0.0,0.0,-0.0,0.0,0.0,0.0,0.0732421949505806,5.520630359649658,-1.5177057981491089,0.4710388779640198,0.1592559963464737,-0.0852356031537056,0.13422559273823614,-0.6594441849698955,0.9806987856212458,-0.9421802514653193,-0.8768643248325309,1.0541528831833529,0.0,0.0,0.0,0.0,0.0,0.0,1.6198333141838692,-0.01647421686747297,-1.9551005710225118,-0.21877398384506108,2.699735954880354,0.7617014498525398,7.0,1.0,48.01499938964844,48.27399826049805,48.04600143432617,7.78,23.06,43.65,0.294,0.404,1.639,0,1,0
1777636296.6007285,2811.696,1.619866132736206,-0.016483608876363576,-1.9550851027118128,-0.21884280840028936,2.6997320652008057,0.7616589069366455,0.0,0.0,-0.0,0.0,0.0,0.0,0.0732421949505806,5.502319812774658,-1.4751113653182983,0.4530945420265198,0.1570129543542862,-0.0852356031537056,0.13423190507254756,-0.6594593520701914,0.9806831329331016,-0.9421583958381626,-0.8769449526322086,1.0541401066972191,0.0,0.0,0.0,0.0,0.0,0.0,1.6198333141838692,-0.01647421686747297,-1.9551005710225118,-0.21877398384506108,2.699735954880354,0.7617014498525398,7.0,1.0,48.01499938964844,48.27399826049805,48.06100082397461,7.78,23.06,43.65,0.294,0.404,1.639,0,1,0
1777636296.6068864,2811.7039999999997,1.6198418140411377,-0.016495529805318654,-1.9550851027118128,-0.21883088747133428,2.699672222137451,0.76168292760849,0.0,0.0,-0.0,0.0,0.0,0.0,0.0595092847943306,5.493164539337158,-1.502013087272644,0.5046845078468323,0.1570129543542862,-0.0897216871380806,0.13422400620892413,-0.6594487485786443,0.9806950673508432,-0.9421647158101092,-0.8768616254048156,1.0541305255741908,0.0,0.0,0.0,0.0,0.0,0.0,1.6198333141838692,-0.01647421686747297,-1.9551005710225118,-0.21877398384506108,2.699735954880354,0.7617014498525398,7.0,1.0,48.01499938964844,48.27399826049805,48.06100082397461,7.78,23.06,43.65,0.294,0.404,1.639,0,1,0
1777636296.6141407,2811.712,1.619829773902893,-0.016531292592183888,-1.955073658620016,-0.21885520616640264,2.6996841430664062,0.7616709470748901,0.0,0.0,-0.0,0.0,0.0,0.0,0.0595092847943306,5.511475086212158,-1.504254937171936,0.4553375840187073,0.1525268703699112,-0.0807495191693306,0.1342121306465997,-0.6594248515320424,0.9807222204308866,-0.9422076926801565,-0.8768516618137402,1.0541363789829867,0.0,0.0,0.0,0.0,0.0,0.0,1.6198333141838692,-0.01647421686747297,-1.9551005710225118,-0.21877398384506108,2.699735954880354,0.7617014498525398,7.0,1.0,48.01499938964844,48.27399826049805,48.06100082397461,7.78,23.06,43.65,0.294,0.404,1.639,0,1,0
1777636296.6215405,2811.72,1.6198418140411377,-0.016459290181295216,-1.955097500477926,-0.21883088747133428,2.699660301208496,0.76168292760849,0.0,0.0,-0.0,0.0,0.0,0.0,0.0961303785443306,5.484009265899658,-1.4952876567840576,0.4620667099952698,0.1727142482995987,-0.0829925611615181,0.13422612678519738,-0.6594687022400015,0.9806722059104497,-0.942141194499673,-0.8768594344294285,1.0541165598290523,0.0,0.0,0.0,0.0,0.0,0.0,1.6198333141838692,-0.01647421686747297,-1.9551005710225118,-0.21877398384506108,2.699735954880354,0.7617014498525398,7.0,1.0,47.97100067138672,48.27399826049805,48.06100082397461,7.78,23.06,43.65,0.294,0.404,1.639,0,1,0
1777636296.628664,2811.728,1.6198418140411377,-0.0165789763080042,-1.955097500477926,-0.21886712709535772,2.6997082233428955,0.7617068886756897,0.0,0.0,-0.0,0.0,0.0,0.0,0.0732421949505806,5.538940906524658,-1.502013087272644,0.4598236680030823,0.1614990383386612,-0.0852356031537056,0.13421863059185152,-0.6593522009406132,0.9807637629801422,-0.9423004887977431,-0.8768341044645271,1.0542232210195837,0.0,0.0,0.0,0.0,0.0,0.0,1.6198333141838692,-0.01647421686747297,-1.9551005710225118,-0.21877398384506108,2.699735954880354,0.7617014498525398,7.0,1.0,47.97100067138672,48.25899887084961,48.06100082397461,7.78,23.06,43.65,0.294,0.404,1.639,0,1,0
1777636296.6364605,2811.736,1.619866132736206,-0.016495529805318654,-1.9550851027118128,-0.2188189665423792,2.699660301208496,0.76168292760849,0.0,0.0,-0.0,0.0,0.0,0.0,0.0869751051068306,5.548096179962158,-1.5311566591262817,0.4665527939796448,0.1525268703699112,-0.0897216871380806,0.13424139067972948,-0.659448768904198,0.9806923682468526,-0.9421428725142837,-0.8768678920706181,1.0541434778540162,0.0,0.0,0.0,0.0,0.0,0.0,1.6198333141838692,-0.01647421686747297,-1.9551005710225118,-0.21877398384506108,2.699735954880354,0.7617014498525398,7.0,1.0,47.97100067138672,48.25899887084961,48.06100082397461,7.78,23.06,43.65,0.294,0.404,1.639,0,1,0
1777636296.649198,2811.7439999999997,1.619817852973938,-0.016495529805318654,-1.9551094214068812,-0.21886712709535772,2.6997320652008057,0.7616949081420898,0.0,0.0,-0.0,0.0,0.0,0.0,0.1235962063074112,5.520630359649658,-1.513222098350525,0.4530945420265198,0.1570129543542862,-0.0762634351849556,0.1342021818646678,-0.6594199535774579,0.9807055426368458,-0.9422467475220171,-0.8768792529677939,1.0541600242120466,0.0,0.0,0.0,0.0,0.0,0.0,1.6198333141838692,-0.01647421686747297,-1.9551005710225118,-0.21877398384506108,2.699735954880354,0.7617014498525398,7.0,1.0,47.97100067138672,48.25899887084961,48.06100082397461,7.78,23.06,43.65,0.294,0.404,1.639,0,1,0
1777636296.6538177,2811.752,1.6198418140411377,-0.01651937166322881,-1.955073658620016,-0.21879512468446904,2.6997082233428955,0.7616949081420898,0.0,0.0,-0.0,0.0,0.0,0.0,0.0595092847943306,5.488586902618408,-1.5109803676605225,0.4912262558937073,0.1525268703699112,-0.0785064771771431,0.1342220698747953,-0.6594483053946472,0.9807008156630567,-0.9421595701869889,-0.8769029045611014,1.054134793008125,0.0,0.0,0.0,0.0,0.0,0.0,1.6198333141838692,-0.01647421686747297,-1.9551005710225118,-0.21877398384506108,2.699735954880354,0.7617014498525398,7.0,1.0,47.97100067138672,48.25899887084961,48.06100082397461,7.78,23.06,43.65,0.294,0.404,1.639,0,1,0
1777636296.657484,2811.7599999999998,1.619829773902893,-0.016495529805318654,-1.955073658620016,-0.2188189665423792,2.699672222137451,0.76168292760849,0.0,0.0,-0.0,0.0,0.0,0.0,0.1007080152630806,5.525207996368408,-1.502013087272644,0.4620667099952698,0.1570129543542862,-0.0897216871380806,0.13421676884297795,-0.6594637589639963,0.9806911696459044,-0.9421486924361074,-0.8768646199824189,1.0541085129419454,0.0,0.0,0.0,0.0,0.0,0.0,1.6198333141838692,-0.01647421686747297,-1.9551005710225118,-0.21877398384506108,2.699735954880354,0.7617014498525398,7.0,1.0,47.97100067138672,48.25899887084961,48.06100082397461,7.78,23.06,43.65,0.294,0.404,1.639,0,1,0
1777636296.6658826,2811.768,1.6198418140411377,-0.016507450734273732,-1.955073658620016,-0.21885520616640264,2.6996841430664062,0.7616949081420898,0.0,0.0,-0.0,0.0,0.0,0.0,0.0411987341940403,5.484009265899658,-1.4908039569854736,0.4710388779640198,0.1547699123620987,-0.0807495191693306,0.1342237893463757,-0.659438496288067,0.980710669276136,-0.9421954471986036,-0.8768588239715721,1.0541551137335694,0.0,0.0,0.0,0.0,0.0,0.0,1.6198333141838692,-0.01647421686747297,-1.9551005710225118,-0.21877398384506108,2.699735954880354,0.7617014498525398,7.0,1.0,47.97100067138672,48.25899887084961,48.04600143432617,7.78,23.06,43.65,0.294,0.404,1.639,0,1,0
1777636296.6720996,2811.776,1.6198538541793823,-0.016507450734273732,-1.955097500477926,-0.21885520616640264,2.699660301208496,0.7617308497428894,0.0,0.0,-0.0,0.0,0.0,0.0,0.0595092847943306,5.511475086212158,-1.499771237373352,0.4732819199562073,0.1525268703699112,-0.0874786451458931,0.13423705984381712,-0.659408288422599,0.9807195814552239,-0.9422248460331081,-0.8768174573767766,1.0542043683687026,0.0,0.0,0.0,0.0,0.0,0.0,1.6198333141838692,-0.01647421686747297,-1.9551005710225118,-0.21877398384506108,2.699735954880354,0.7617014498525398,7.0,1.0,47.97100067138672,48.25899887084961,48.04600143432617,7.78,23.06,43.65,0.294,0.404,1.639,0,1,0
1777636296.681903,2811.7839999999997,1.619866132736206,-0.01651937166322881,-1.955073658620016,-0.21883088747133428,2.6996841430664062,0.7616469264030457,0.0,0.0,-0.0,0.0,0.0,0.0,0.1007080152630806,5.493164539337158,-1.502013087272644,0.4530945420265198,0.1592559963464737,-0.0852356031537056,0.13423431160345536,-0.6594428691138035,0.9807032541187584,-0.9421508901892834,-0.8768960234992256,1.0541287133732062,0.0,0.0,0.0,0.0,0.0,0.0,1.6198333141838692,-0.01647421686747297,-1.9551005710225118,-0.21877398384506108,2.699735954880354,0.7617014498525398,7.0,1.0,47.97100067138672,48.25899887084961,48.04600143432617,7.78,23.06,43.65,0.294,0.404,1.639,0,1,0
1777636296.686884,2811.792,1.6198538541793823,-0.016507450734273732,-1.9551213423358362,-0.21886712709535772,2.6996841430664062,0.7616589069366455,0.0,0.0,-0.0,0.0,0.0,0.0,0.0915527418255806,5.506897449493408,-1.4975295066833496,0.4620667099952698,0.1480407863855362,-0.0829925611615181,0.13422538546385987,-0.6594005817986448,0.9807100088813012,-0.9422239490338955,-0.8768548559625272,1.0541645198233474,0.0,0.0,0.0,0.0,0.0,0.0,1.6198333141838692,-0.01647421686747297,-1.9551005710225118,-0.21877398384506108,2.699735954880354,0.7617014498525398,7.0,1.0,48.0,48.25899887084961,48.04600143432617,7.78,23.06,43.65,0.294,0.404,1.639,0,1,0
1777636296.6962917,2811.7999999999997,1.6198418140411377,-0.01651937166322881,-1.955073658620016,-0.21883088747133428,2.699672222137451,0.7616949081420898,0.0,0.0,-0.0,0.0,0.0,0.0,0.0778198316693306,5.520630359649658,-1.4952876567840576,0.4777680039405823,0.1637420803308487,-0.0874786451458931,0.13422485916094032,-0.6594355457321113,0.980712478249195,-0.9421816955558413,-0.8768518264032361,1.0541470805809545,0.0,0.0,0.0,0.0,0.0,0.0,1.6198333141838692,-0.01647421686747297,-1.9551005710225118,-0.21877398384506108,2.699735954880354,0.7617014498525398,7.0,1.0,48.0,48.198001861572266,48.04600143432617,7.78,23.06,43.65,0.294,0.404,1.639,0,1,0
1777636296.698964,2811.7999999999997,1.6198418140411377,-0.01651937166322881,-1.955073658620016,-0.21883088747133428,2.699672222137451,0.7616949081420898,0.0,0.0,-0.0,0.0,0.0,0.0,0.0778198316693306,5.520630359649658,-1.4952876567840576,0.4777680039405823,0.1637420803308487,-0.0874786451458931,0.13422485916094032,-0.6594355457321113,0.980712478249195,-0.9421816955558413,-0.8768518264032361,1.0541470805809545,0.0,0.0,0.0,0.0,0.0,0.0,1.6198333141838692,-0.01647421686747297,-1.9551005710225118,-0.21877398384506108,2.699735954880354,0.7617014498525398,7.0,1.0,48.0,48.198001861572266,48.04600143432617,7.67,23.16,43.62,0.295,0.407,1.639,0,0,1
1777636296.70091,2811.808,1.619866132736206,-0.01651937166322881,-1.955073658620016,-0.21883088747133428,2.6997201442718506,0.7616949081420898,0.0,0.0,-0.0,0.0,0.0,0.0,0.0869751051068306,5.538940906524658,-1.502013087272644,0.4553375840187073,0.1457977443933487,-0.0852356031537056,0.13423633367438845,-0.6594342217677571,0.9807100974015905,-0.9421850010339347,-0.8769136910375546,1.0541753844543222,0.0,0.0,0.0,0.0,0.0,0.0,1.6198333141838692,-0.01647421686747297,-1.9551005710225118,-0.21877398384506108,2.699735954880354,0.7617014498525398,7.0,1.0,48.0,48.198001861572266,48.04600143432617,7.67,23.16,43.62,0.295,0.407,1.639,0,1,0
1777636296.7080245,2811.816,1.6198781728744507,-0.016483608876363576,-1.955097500477926,-0.21885520616640264,2.6996841430664062,0.7616709470748901,0.0,0.0,-0.0,0.0,0.0,0.0,0.0961303785443306,5.493164539337158,-1.5356402397155762,0.4530945420265198,0.1525268703699112,-0.0829925611615181,0.1342450214262431,-0.6594389122700196,0.9806917598547105,-0.9421701294046059,-0.8768882261846881,1.0541656245511783,0.0,0.0,0.0,0.0,0.0,0.0,1.6198333141838692,-0.01647421686747297,-1.9551005710225118,-0.21877398384506108,2.699735954880354,0.7617014498525398,7.0,1.0,48.0,48.198001861572266,48.04600143432617,7.67,23.16,43.62,0.295,0.407,1.639,0,1,0
1777636296.7152405,2811.824,1.619866132736206,-0.016507450734273732,-1.9550851027118128,-0.21883088747133428,2.699660301208496,0.7616589069366455,0.0,0.0,-0.0,0.0,0.0,0.0,0.0457763709127903,5.488586902618408,-1.4885622262954712,0.4620667099952698,0.1547699123620987,-0.0785064771771431,0.13423795062234445,-0.6594399070046661,0.9806992692676915,-0.9421508986862324,-0.8768674370235208,1.0541349380007956,0.0,0.0,0.0,0.0,0.0,0.0,1.6198333141838692,-0.01647421686747297,-1.9551005710225118,-0.21877398384506108,2.699735954880354,0.7617014498525398,7.0,1.0,48.0,48.198001861572266,48.04600143432617,7.67,23.16,43.62,0.295,0.407,1.639,0,1,0
1777636296.7226658,2811.832,1.6198418140411377,-0.016471211110250294,-1.9551094214068812,-0.2188790480243128,2.6996960639953613,0.7616589069366455,0.0,0.0,-0.0,0.0,0.0,0.0,0.0686645582318306,5.488586902618408,-1.5064966678619385,0.4261780083179474,0.1547699123620987,-0.0874786451458931,0.13421812579146308,-0.6594398074588202,0.9806879673710519,-0.9421998390772636,-0.8768753066001953,1.0541377705971717,0.0,0.0,0.0,0.0,0.0,0.0,1.6198333141838692,-0.01647421686747297,-1.9551005710225118,-0.21877398384506108,2.699735954880354,0.7617014498525398,7.0,1.0,48.0,48.198001861572266,48.04600143432617,7.67,23.16,43.62,0.295,0.407,1.639,0,1,0
1777636296.7307553,2811.8399999999997,1.6198058128356934,-0.016507450734273732,-1.9550612608539026,-0.21878320375551397,2.6996841430664062,0.7616709470748901,0.0,0.0,-0.0,0.0,0.0,0.0,0.0686645582318306,5.506897449493408,-1.5244312286376953,0.4239349663257599,0.1637420803308487,-0.0919647291302681,0.1341991412178041,-0.659481557893239,0.9806858216653374,-0.9421223022143969,-0.8768830131961655,1.0540615237824236,0.0,0.0,0.0,0.0,0.0,0.0,1.6198333141838692,-0.01647421686747297,-1.9551005710225118,-0.21877398384506108,2.699735954880354,0.7617014498525398,7.0,1.0,48.0,48.198001861572266,48.04600143432617,7.67,23.16,43.62,0.295,0.407,1.639,0,1,0
1777636296.7698298,2811.848,1.619866132736206,-0.016507450734273732,-1.9551094214068812,-0.2188189665423792,2.6996841430664062,0.7616349458694458,0.0,0.0,-0.0,0.0,0.0,0.0,0.1052856519818306,5.506897449493408,-1.5064966678619385,0.4822540879249573,0.1637420803308487,-0.0852356031537056,0.13423213087316976,-0.6594292286230808,0.9806917707230755,-0.942154929626496,-0.8768957024387872,1.0541244072026892,0.0,0.0,0.0,0.0,0.0,0.0,1.6198333141838692,-0.01647421686747297,-1.9551005710225118,-0.21877398384506108,2.699735954880354,0.7617014498525398,7.0,1.0,48.0,48.198001861572266,48.04600143432617,7.67,23.16,43.62,0.295,0.407,1.639,0,1,0
1777636296.8152275,2811.8559999999998,1.6198418140411377,-0.016483608876363576,-1.955073658620016,-0.21884280840028936,2.6997082233428955,0.7616949081420898,0.0,0.0,-0.0,0.0,0.0,0.0,0.0640869215130806,5.520630359649658,-1.5199475288391113,0.4486084580421448,0.1637420803308487,-0.0829925611615181,0.13422271587889947,-0.6594636960566911,0.9806901879448678,-0.9421700479691368,-0.8768981248118525,1.0541406203874673,0.0,0.0,0.0,0.0,0.0,0.0,1.6198333141838692,-0.01647421686747297,-1.9551005710225118,-0.21877398384506108,2.699735954880354,0.7617014498525398,7.0,1.0,48.0,48.198001861572266,48.04600143432617,7.67,23.16,43.62,0.295,0.407,1.639,0,1,0
1777636296.8153784,2811.864,1.6198781728744507,-0.016531292592183888,-1.9550851027118128,-0.21883088747133428,2.6997201442718506,0.7616709470748901,0.0,0.0,-0.0,0.0,0.0,0.0,0.1144409328699112,5.516052722930908,-1.513222098350525,0.4710388779640198,0.1592559963464737,-0.0874786451458931,0.13424056278750132,-0.6594178714510062,0.980714323658791,-0.942188392507765,-0.8769200092896042,1.054176957313779,0.0,0.0,0.0,0.0,0.0,0.0,1.6198333141838692,-0.01647421686747297,-1.9551005710225118,-0.21877398384506108,2.699735954880354,0.7617014498525398,7.0,1.0,48.0,48.198001861572266,48.04600143432617,7.67,23.16,43.62,0.295,0.407,1.639,0,1,0
1777636296.819545,2811.872,1.619866132736206,-0.016507450734273732,-1.955097500477926,-0.21885520616640264,2.6996841430664062,0.7617068886756897,0.0,0.0,-0.0,0.0,0.0,0.0,0.0732421949505806,5.525207996368408,-1.5087385177612305,0.4755249619483948,0.1525268703699112,-0.0829925611615181,0.13424016526748275,-0.6594126521237134,0.9807140869547277,-0.9422138415691486,-0.8768576865833675,1.0541981141971062,0.0,0.0,0.0,0.0,0.0,0.0,1.6198333141838692,-0.01647421686747297,-1.9551005710225118,-0.21877398384506108,2.699735954880354,0.7617014498525398,7.0,1.0,47.97100067138672,48.24300003051758,48.04600143432617,7.67,23.16,43.62,0.295,0.407,1.639,0,1,0
1777636296.8234894,2811.8799999999997,1.6198538541793823,-0.01651937166322881,-1.9550851027118128,-0.2188189665423792,2.6996960639953613,0.7616709470748901,0.0,0.0,-0.0,0.0,0.0,0.0,0.0778198316693306,5.465698719024658,-1.46614408493042,0.4575806260108948,0.1592559963464737,-0.0829925611615181,0.13422753049919503,-0.6594340815938079,0.980704298034856,-0.9421703425056516,-0.8768920742646771,1.0541403871518042,0.0,0.0,0.0,0.0,0.0,0.0,1.6198333141838692,-0.01647421686747297,-1.9551005710225118,-0.21877398384506108,2.699735954880354,0.7617014498525398,7.0,1.0,47.97100067138672,48.24300003051758,48.04600143432617,7.67,23.16,43.62,0.295,0.407,1.639,0,1,0
1777636296.8285606,2811.888,1.6198538541793823,-0.016531292592183888,-1.9550851027118128,-0.2188189665423792,2.6996960639953613,0.7616709470748901,0.0,0.0,-0.0,0.0,0.0,0.0,0.0640869215130806,5.525207996368408,-1.499771237373352,0.4822540879249573,0.1637420803308487,-0.0874786451458931,0.1342270314900427,-0.6594239281501946,0.9807122288107722,-0.9421806420126418,-0.8768871404526399,1.0541464127093847,0.0,0.0,0.0,0.0,0.0,0.0,1.6198333141838692,-0.01647421686747297,-1.9551005710225118,-0.21877398384506108,2.699735954880354,0.7617014498525398,7.0,1.0,47.97100067138672,48.24300003051758,48.04600143432617,7.67,23.16,43.62,0.295,0.407,1.639,0,1,0
1777636296.8318038,2811.8959999999997,1.619829773902893,-0.016459290181295216,-1.955073658620016,-0.21884280840028936,2.6996841430664062,0.7616709470748901,0.0,0.0,-0.0,0.0,0.0,0.0,0.0595092847943306,5.520630359649658,-1.4975295066833496,0.4553375840187073,0.1547699123620987,-0.0829925611615181,0.13421536426399722,-0.6594900956078473,0.9806708937290058,-0.9421347262661227,-0.8768865538070909,1.0540937698628225,0.0,0.0,0.0,0.0,0.0,0.0,1.6198333141838692,-0.01647421686747297,-1.9551005710225118,-0.21877398384506108,2.699735954880354,0.7617014498525398,7.0,1.0,47.97100067138672,48.24300003051758,48.04600143432617,7.67,23.16,43.62,0.295,0.407,1.639,0,1,0
1777636296.8318992,2811.904,1.6198538541793823,-0.016471211110250294,-1.955097500477926,-0.21884280840028936,2.6997201442718506,0.7616589069366455,0.0,0.0,-0.0,0.0,0.0,0.0,0.0595092847943306,5.502319812774658,-1.4975295066833496,0.4800110459327698,0.1592559963464737,-0.0829925611615181,0.13422493055732176,-0.6594606474676078,0.980676133800779,-0.9421597912690856,-0.8769261170579395,1.0541276920880898,0.0,0.0,0.0,0.0,0.0,0.0,1.6198333141838692,-0.01647421686747297,-1.9551005710225118,-0.21877398384506108,2.699735954880354,0.7617014498525398,7.0,1.0,47.97100067138672,48.24300003051758,48.04600143432617,7.67,23.16,43.62,0.295,0.407,1.639,0,1,0
1777636296.8356133,2811.912,1.6198418140411377,-0.016507450734273732,-1.9550612608539026,-0.21885520616640264,2.6997082233428955,0.7616949081420898,0.0,0.0,-0.0,0.0,0.0,0.0,0.1007080152630806,5.488586902618408,-1.499771237373352,0.5024414658546448,0.1502838283777237,-0.0852356031537056,0.134222027784271,-0.6594499006632715,0.9807088162136977,-0.9421906662112836,-0.8768883053983834,1.0541526673795745,0.0,0.0,0.0,0.0,0.0,0.0,1.6198333141838692,-0.01647421686747297,-1.9551005710225118,-0.21877398384506108,2.699735954880354,0.7617014498525398,7.0,1.0,47.97100067138672,48.24300003051758,48.04600143432617,7.67,23.16,43.62,0.295,0.407,1.639,0,1,0
1777636296.8391747,2811.92,1.6198538541793823,-0.016471211110250294,-1.9551213423358362,-0.2188790480243128,2.6997082233428955,0.7616589069366455,0.0,0.0,-0.0,0.0,0.0,0.0,0.0457763709127903,5.516052722930908,-1.513222098350525,0.4867401719093323,0.1435547024011612,-0.0852356031537056,0.1342243975669726,-0.659428655524119,0.9806879945888083,-0.9422089391789235,-0.8768893014255452,1.0541559520017103,0.0,0.0,0.0,0.0,0.0,0.0,1.6198333141838692,-0.01647421686747297,-1.9551005710225118,-0.21877398384506108,2.699735954880354,0.7617014498525398,7.0,1.0,47.97100067138672,48.24300003051758,48.04600143432617,7.67,23.16,43.62,0.295,0.407,1.639,0,1,0
1777636296.8392508,2811.928,1.619829773902893,-0.016531292592183888,-1.9550851027118128,-0.21886712709535772,2.6996841430664062,0.7616349458694458,0.0,0.0,-0.0,0.0,0.0,0.0,0.0549316480755806,5.506897449493408,-1.515463948249817,0.4934692978858948,0.1570129543542862,-0.0874786451458931,0.13420733920429911,-0.6594190389135255,0.9807196411508465,-0.9422090382613877,-0.8768560723326804,1.0541173100653414,0.0,0.0,0.0,0.0,0.0,0.0,1.6198333141838692,-0.01647421686747297,-1.9551005710225118,-0.21877398384506108,2.699735954880354,0.7617014498525398,7.0,1.0,47.97100067138672,48.24300003051758,48.04600143432617,7.67,23.16,43.62,0.295,0.407,1.639,0,1,0
1777636296.8392963,2811.9359999999997,1.619866132736206,-0.01651937166322881,-1.9550851027118128,-0.21885520616640264,2.6996960639953613,0.7616949081420898,0.0,0.0,-0.0,0.0,0.0,0.0,0.1052856519818306,5.529785633087158,-1.5064966678619385,0.4643097519874573,0.1570129543542862,-0.0897216871380806,0.13423770176888436,-0.6594159339941754,0.9807186138274393,-0.9422100583640285,-0.8768746183664665,1.0541895435098434,0.0,0.0,0.0,0.0,0.0,0.0,1.6198333141838692,-0.01647421686747297,-1.9551005710225118,-0.21877398384506108,2.699735954880354,0.7617014498525398,7.0,1.0,47.97100067138672,48.24300003051758,48.04600143432617,7.67,23.16,43.62,0.295,0.407,1.639,0,1,0
1777636296.8393288,2811.944,1.619829773902893,-0.016483608876363576,-1.955073658620016,-0.21885520616640264,2.6996841430664062,0.7616469264030457,0.0,0.0,-0.0,0.0,0.0,0.0,0.0869751051068306,5.525207996368408,-1.4975295066833496,0.4665527939796448,0.1435547024011612,-0.0785064771771431,0.13421139748164684,-0.6594705238696995,0.980686175279216,-0.9421538771882703,-0.8768807716911065,1.0540917361254396,0.0,0.0,0.0,0.0,0.0,0.0,1.6198333141838692,-0.01647421686747297,-1.9551005710225118,-0.21877398384506108,2.699735954880354,0.7617014498525398,7.0,1.0,48.01499938964844,48.22800064086914,48.04600143432617,7.67,23.16,43.62,0.295,0.407,1.639,0,1,0
1777636296.8393595,2811.9519999999998,1.619866132736206,-0.016495529805318654,-1.9550612608539026,-0.21883088747133428,2.6997201442718506,0.7617188692092896,0.0,0.0,-0.0,0.0,0.0,0.0,0.0549316480755806,5.520630359649658,-1.499771237373352,0.4598236680030823,0.1547699123620987,-0.0807495191693306,0.13424058401960293,-0.6594599114428357,0.9806978891573438,-0.9421662507865629,-0.8769193476402052,1.0541776032724404,0.0,0.0,0.0,0.0,0.0,0.0,1.6198333141838692,-0.01647421686747297,-1.9551005710225118,-0.21877398384506108,2.699735954880354,0.7617014498525398,7.0,1.0,48.01499938964844,48.22800064086914,48.04600143432617,7.67,23.16,43.62,0.295,0.407,1.639,0,1,0
1777636296.8394375,2811.96,1.6198418140411377,-0.01651937166322881,-1.9550493399249476,-0.21880704561342412,2.6996841430664062,0.7616349458694458,0.0,0.0,-0.0,0.0,0.0,0.0,0.0640869215130806,5.488586902618408,-1.502013087272644,0.4441223740577698,0.1637420803308487,-0.0874786451458931,0.1342183806190539,-0.6594766479474254,0.9806932271300639,-0.9421113950874531,-0.8769071482876772,1.0540735212958543,0.0,0.0,0.0,0.0,0.0,0.0,1.6198333141838692,-0.01647421686747297,-1.9551005710225118,-0.21877398384506108,2.699735954880354,0.7617014498525398,7.0,1.0,48.01499938964844,48.22800064086914,48.04600143432617,7.67,23.16,43.62,0.295,0.407,1.639,0,1,0
1777636296.8504932,2811.96,1.6198418140411377,-0.01651937166322881,-1.9550493399249476,-0.21880704561342412,2.6996841430664062,0.7616349458694458,0.0,0.0,-0.0,0.0,0.0,0.0,0.0640869215130806,5.488586902618408,-1.502013087272644,0.4441223740577698,0.1637420803308487,-0.0874786451458931,0.1342183806190539,-0.6594766479474254,0.9806932271300639,-0.9421113950874531,-0.8769071482876772,1.0540735212958543,0.0,0.0,0.0,0.0,0.0,0.0,1.6198333141838692,-0.01647421686747297,-1.9551005710225118,-0.21877398384506108,2.699735954880354,0.7617014498525398,7.0,1.0,48.01499938964844,48.22800064086914,48.04600143432617,7.61,23.18,43.58,0.295,0.408,1.639,0,0,1
1777636296.8507214,2811.968,1.619829773902893,-0.016495529805318654,-1.9550612608539026,-0.21883088747133428,2.699648141860962,0.7616589069366455,0.0,0.0,-0.0,0.0,0.0,0.0,0.0640869215130806,5.479431629180908,-1.4952876567840576,0.4777680039405823,0.1547699123620987,-0.0807495191693306,0.1342166508857422,-0.6594745045907412,0.9806906790171399,-0.942129723138532,-0.8768498965925275,1.0540839558657553,0.0,0.0,0.0,0.0,0.0,0.0,1.6198333141838692,-0.01647421686747297,-1.9551005710225118,-0.21877398384506108,2.699735954880354,0.7617014498525398,7.0,1.0,48.01499938964844,48.22800064086914,48.04600143432617,7.61,23.18,43.58,0.295,0.408,1.639,0,1,0
1777636296.854383,2811.9759999999997,1.619829773902893,-0.016483608876363576,-1.955073658620016,-0.2188189665423792,2.6996960639953613,0.7616469264030457,0.0,0.0,-0.0,0.0,0.0,0.0,0.0732421949505806,5.511475086212158,-1.504254937171936,0.4912262558937073,0.1570129543542862,-0.0852356031537056,0.1342109091021081,-0.6594824588741809,0.9806755768383281,-0.9421253803258024,-0.8769077033382682,1.0540754366937937,0.0,0.0,0.0,0.0,0.0,0.0,1.6198333141838692,-0.01647421686747297,-1.9551005710225118,-0.21877398384506108,2.699735954880354,0.7617014498525398,7.0,1.0,48.01499938964844,48.22800064086914,48.04600143432617,7.61,23.18,43.58,0.295,0.408,1.639,0,1,0
1777636296.860214,2811.984,1.6198781728744507,-0.016471211110250294,-1.955073658620016,-0.2188790480243128,2.6997082233428955,0.7616949081420898,0.0,0.0,-0.0,0.0,0.0,0.0,0.1098632961511612,5.525207996368408,-1.504254937171936,0.4418793320655823,0.1547699123620987,-0.0829925611615181,0.1342465654282955,-0.6594579220245579,0.980691945123066,-0.9421779988734691,-0.8769084416261113,1.0541836123270478,0.0,0.0,0.0,0.0,0.0,0.0,1.6198333141838692,-0.01647421686747297,-1.9551005710225118,-0.21877398384506108,2.699735954880354,0.7617014498525398,7.0,1.0,48.01499938964844,48.22800064086914,48.04600143432617,7.61,23.18,43.58,0.295,0.408,1.639,0,1,0
1777636296.8662922,2811.9919999999997,1.619829773902893,-0.016495529805318654,-1.9550612608539026,-0.21884280840028936,2.6996841430664062,0.7616949081420898,0.0,0.0,-0.0,0.0,0.0,0.0,0.1052856519818306,5.552673816680908,-1.5064966678619385,0.4530945420265198,0.1637420803308487,-0.0829925611615181,0.13421710020397964,-0.6594646132083257,0.9806986585236875,-0.9421678846246555,-0.8768673437728495,1.0541263581394997,0.0,0.0,0.0,0.0,0.0,0.0,1.6198333141838692,-0.01647421686747297,-1.9551005710225118,-0.21877398384506108,2.699735954880354,0.7617014498525398,7.0,1.0,48.01499938964844,48.22800064086914,48.04600143432617,7.61,23.18,43.58,0.295,0.408,1.639,0,1,0
1777636296.8747332,2812.0,1.619866132736206,-0.016483608876363576,-1.9550851027118128,-0.21883088747133428,2.6997201442718506,0.76168292760849,0.0,0.0,-0.0,0.0,0.0,0.0,0.0686645582318306,5.525207996368408,-1.513222098350525,0.5136566758155823,0.1570129543542862,-0.0852356031537056,0.13423598031855305,-0.6594575778435893,0.9806847553481975,-0.9421577213948115,-0.8769284235530925,1.0541528035568135,0.0,0.0,0.0,0.0,0.0,0.0,1.6198333141838692,-0.01647421686747297,-1.9551005710225118,-0.21877398384506108,2.699735954880354,0.7617014498525398,7.0,1.0,48.01499938964844,48.22800064086914,48.04600143432617,7.61,23.18,43.58,0.295,0.408,1.639,0,1,0
1777636296.8807101,2812.008,1.6198538541793823,-0.016495529805318654,-1.9551094214068812,-0.2188790480243128,2.6997082233428955,0.7617068886756897,0.0,0.0,-0.0,0.0,0.0,0.0,0.1052856519818306,5.506897449493408,-1.5087385177612305,0.4800110459327698,0.1592559963464737,-0.0829925611615181,0.13422933918715246,-0.6594078653619608,0.9807121733048338,-0.9422448295325296,-0.8768654520296788,1.0542032942260264,0.0,0.0,0.0,0.0,0.0,0.0,1.6198333141838692,-0.01647421686747297,-1.9551005710225118,-0.21877398384506108,2.699735954880354,0.7617014498525398,7.0,1.0,48.01499938964844,48.22800064086914,48.04600143432617,7.61,23.18,43.58,0.295,0.408,1.639,0,1,0
1777636296.888324,2812.016,1.6198418140411377,-0.016543213521138966,-1.955097500477926,-0.21880704561342412,2.699756145477295,0.7616709470748901,0.0,0.0,-0.0,0.0,0.0,0.0,0.1098632961511612,5.502319812774658,-1.502013087272644,0.5069275498390198,0.1637420803308487,-0.0829925611615181,0.1342125557168004,-0.6594111617297802,0.980714539378866,-0.9422104317675931,-0.8769360508259796,1.0541518000576429,0.0,0.0,0.0,0.0,0.0,0.0,1.6198333141838692,-0.01647421686747297,-1.9551005710225118,-0.21877398384506108,2.699735954880354,0.7617014498525398,7.0,1.0,48.01499938964844,48.18299865722656,48.04600143432617,7.61,23.18,43.58,0.295,0.408,1.639,0,1,0
1777636296.8996494,2812.024,1.6198058128356934,-0.016507450734273732,-1.955097500477926,-0.21883088747133428,2.6996960639953613,0.7616709470748901,0.0,0.0,-0.0,0.0,0.0,0.0,0.0320434607565403,5.479431629180908,-1.499771237373352,0.4710388779640198,0.1525268703699112,-0.0852356031537056,0.1341956057802745,-0.659436486035581,0.9807003151115272,-0.9421980160628158,-0.8768604578940158,1.0541054753907566,0.0,0.0,0.0,0.0,0.0,0.0,1.6198333141838692,-0.01647421686747297,-1.9551005710225118,-0.21877398384506108,2.699735954880354,0.7617014498525398,7.0,1.0,47.97100067138672,48.18299865722656,48.04600143432617,7.61,23.18,43.58,0.295,0.408,1.639,0,1,0
1777636296.903383,2812.0319999999997,1.619829773902893,-0.016543213521138966,-1.9550612608539026,-0.2188189665423792,2.6997320652008057,0.7617068886756897,0.0,0.0,-0.0,0.0,0.0,0.0,0.0823974683880806,5.529785633087158,-1.46614408493042,0.4867401719093323,0.1480407863855362,-0.0897216871380806,0.13421232883019465,-0.6594309510890405,0.9807235741659284,-0.9422065438097613,-0.8769011653316365,1.0541562615139952,0.0,0.0,0.0,0.0,0.0,0.0,1.6198333141838692,-0.01647421686747297,-1.9551005710225118,-0.21877398384506108,2.699735954880354,0.7617014498525398,7.0,1.0,47.97100067138672,48.18299865722656,48.04600143432617,7.61,23.18,43.58,0.295,0.408,1.639,0,1,0
1777636296.9097033,2812.04,1.6198418140411377,-0.016483608876363576,-1.955097500477926,-0.21880704561342412,2.699660301208496,0.7616949081420898,0.0,0.0,-0.0,0.0,0.0,0.0,0.0595092847943306,5.516052722930908,-1.515463948249817,0.4822540879249573,0.1637420803308487,-0.0852356031537056,0.13422689516885347,-0.6594530014944298,0.980683957946071,-0.9421478104089741,-0.8768544847014581,1.0541271450057843,0.0,0.0,0.0,0.0,0.0,0.0,1.6198333141838692,-0.01647421686747297,-1.9551005710225118,-0.21877398384506108,2.699735954880354,0.7617014498525398,7.0,1.0,47.97100067138672,48.18299865722656,48.04600143432617,7.61,23.18,43.58,0.295,0.408,1.639,0,1,0
1777636296.9178553,2812.048,1.6198058128356934,-0.016471211110250294,-1.955073658620016,-0.21884280840028936,2.699660301208496,0.7616949081420898,0.0,0.0,-0.0,0.0,0.0,0.0,0.0411987341940403,5.502319812774658,-1.504254937171936,0.4979553818702698,0.1637420803308487,-0.0852356031537056,0.1342040549691858,-0.6594771471280552,0.9806843203255811,-0.9421601374153364,-0.8768349445466824,1.054096060112663,0.0,0.0,0.0,0.0,0.0,0.0,1.6198333141838692,-0.01647421686747297,-1.9551005710225118,-0.21877398384506108,2.699735954880354,0.7617014498525398,7.0,1.0,47.97100067138672,48.18299865722656,48.04600143432617,7.61,23.18,43.58,0.295,0.408,1.639,0,1,0
1777636296.9239008,2812.056,1.6198418140411377,-0.016471211110250294,-1.9550374189959925,-0.21885520616640264,2.699672222137451,0.76168292760849,0.0,0.0,-0.0,0.0,0.0,0.0,0.0457763709127903,5.511475086212158,-1.504254937171936,0.4373932480812073,0.1480407863855362,-0.0874786451458931,0.13422663176987584,-0.6595018886682529,0.9806830746426739,-0.9421235050433706,-0.8768814716358199,1.0541065043748419,0.0,0.0,0.0,0.0,0.0,0.0,1.6198333141838692,-0.01647421686747297,-1.9551005710225118,-0.21877398384506108,2.699735954880354,0.7617014498525398,7.0,1.0,47.97100067138672,48.18299865722656,48.06100082397461,7.61,23.18,43.58,0.295,0.408,1.639,0,1,0
1777636296.931669,2812.064,1.619829773902893,-0.016459290181295216,-1.9550851027118128,-0.21884280840028936,2.6997082233428955,0.7617068886756897,0.0,0.0,-0.0,0.0,0.0,0.0,0.0686645582318306,5.506897449493408,-1.502013087272644,0.4777680039405823,0.1502838283777237,-0.0852356031537056,0.13421666402961985,-0.6594738743194205,0.9806767700412201,-0.942169476143509,-0.8768921251373339,1.0541340180753758,0.0,0.0,0.0,0.0,0.0,0.0,1.6198333141838692,-0.01647421686747297,-1.9551005710225118,-0.21877398384506108,2.699735954880354,0.7617014498525398,7.0,1.0,47.97100067138672,48.18299865722656,48.06100082397461,7.61,23.18,43.58,0.295,0.408,1.639,0,1,0
1777636296.9387243,2812.0719999999997,1.6198781728744507,-0.016495529805318654,-1.9551213423358362,-0.21880704561342412,2.6996841430664062,0.7617188692092896,0.0,0.0,-0.0,0.0,0.0,0.0,0.0915527418255806,5.474853992462158,-1.4885622262954712,0.4934692978858948,0.1435547024011612,-0.0874786451458931,0.1342498026733733,-0.6594138301841141,0.9806962775322738,-0.9421844629347599,-0.8768744838676309,1.0542004471015205,0.0,0.0,0.0,0.0,0.0,0.0,1.6198333141838692,-0.01647421686747297,-1.9551005710225118,-0.21877398384506108,2.699735954880354,0.7617014498525398,7.0,1.0,47.97100067138672,48.18299865722656,48.06100082397461,7.61,23.18,43.58,0.295,0.408,1.639,0,1,0
1777636296.9495268,2812.08,1.619817852973938,-0.016471211110250294,-1.9550851027118128,-0.21886712709535772,2.6996841430664062,0.7616949081420898,0.0,0.0,-0.0,0.0,0.0,0.0,0.0686645582318306,5.538940906524658,-1.513222098350525,0.4575806260108948,0.1525268703699112,-0.0829925611615181,0.13420880197045254,-0.6594591838766795,0.9806904565802012,-0.9421928173448711,-0.8768509587234173,1.054128023183143,0.0,0.0,0.0,0.0,0.0,0.0,1.6198333141838692,-0.01647421686747297,-1.9551005710225118,-0.21877398384506108,2.699735954880354,0.7617014498525398,7.0,1.0,47.97100067138672,48.18299865722656,48.06100082397461,7.61,23.18,43.58,0.295,0.408,1.639,0,1,0
1777636296.9534512,2812.0879999999997,1.619817852973938,-0.016495529805318654,-1.9550851027118128,-0.2188189665423792,2.6996960639953613,0.7616589069366455,0.0,0.0,-0.0,0.0,0.0,0.0,0.0366210974752903,5.497742176055908,-1.504254937171936,0.4620667099952698,0.1525268703699112,-0.0829925611615181,0.1342034197786169,-0.6594617557173521,0.980686270013143,-0.9421560768086223,-0.8768867709584196,1.05408725433149,0.0,0.0,0.0,0.0,0.0,0.0,1.6198333141838692,-0.01647421686747297,-1.9551005710225118,-0.21877398384506108,2.699735954880354,0.7617014498525398,7.0,1.0,47.97100067138672,48.22800064086914,48.06100082397461,7.61,23.18,43.58,0.295,0.408,1.639,0,1,0
1777636296.9601839,2812.096,1.6198538541793823,-0.016483608876363576,-1.9551094214068812,-0.2188189665423792,2.6997439861297607,0.7617068886756897,0.0,0.0,-0.0,0.0,0.0,0.0,0.0732421949505806,5.502319812774658,-1.4952876567840576,0.4732819199562073,0.1704712063074112,-0.0852356031537056,0.13422750568225997,-0.6594384549774805,0.9806858784116438,-0.9421912438073234,-0.8769312105713878,1.0541727522973456,0.0,0.0,0.0,0.0,0.0,0.0,1.6198333141838692,-0.01647421686747297,-1.9551005710225118,-0.21877398384506108,2.699735954880354,0.7617014498525398,7.0,1.0,48.0,48.22800064086914,48.06100082397461,7.61,23.18,43.58,0.295,0.408,1.639,0,1,0
1777636296.967171,2812.104,1.6198418140411377,-0.016543213521138966,-1.9550374189959925,-0.2188189665423792,2.699660301208496,0.76168292760849,0.0,0.0,-0.0,0.0,0.0,0.0,0.0549316480755806,5.511475086212158,-1.4795949459075928,0.4934692978858948,0.1592559963464737,-0.0852356031537056,0.1342253998288887,-0.6594515321242188,0.9807215661486728,-0.9421513187942406,-0.8768545027425596,1.0541228637780842,0.0,0.0,0.0,0.0,0.0,0.0,1.6198333141838692,-0.01647421686747297,-1.9551005710225118,-0.21877398384506108,2.699735954880354,0.7617014498525398,7.0,1.0,48.0,48.22800064086914,48.06100082397461,7.61,23.18,43.58,0.295,0.408,1.639,0,1,0
1777636296.9744272,2812.112,1.6198538541793823,-0.016483608876363576,-1.9551332632647913,-0.2188189665423792,2.6996960639953613,0.7616709470748901,0.0,0.0,-0.0,0.0,0.0,0.0,0.1190185695886612,5.529785633087158,-1.4728695154190063,0.4553375840187073,0.1570129543542862,-0.0852356031537056,0.13422696494172093,-0.6594240278377616,0.9806830561522012,-0.9421811587231568,-0.8768869104725201,1.0541464701630363,0.0,0.0,0.0,0.0,0.0,0.0,1.6198333141838692,-0.01647421686747297,-1.9551005710225118,-0.21877398384506108,2.699735954880354,0.7617014498525398,7.0,1.0,48.0,48.22800064086914,48.06100082397461,7.61,23.18,43.58,0.295,0.408,1.639,0,1,0
1777636296.982835,2812.12,1.619866132736206,-0.016459290181295216,-1.9550493399249476,-0.21884280840028936,2.6996841430664062,0.7616949081420898,0.0,0.0,-0.0,0.0,0.0,0.0,0.1098632961511612,5.479431629180908,-1.5064966678619385,0.4463654160499573,0.1502838283777237,-0.0874786451458931,0.1342431054707007,-0.6595006266411307,0.9806739151128964,-0.9421134651716293,-0.876907351094296,1.0541331521299027,0.0,0.0,0.0,0.0,0.0,0.0,1.6198333141838692,-0.01647421686747297,-1.9551005710225118,-0.21877398384506108,2.699735954880354,0.7617014498525398,7.0,1.0,48.0,48.22800064086914,48.06100082397461,7.61,23.18,43.58,0.295,0.408,1.639,0,1,0
1777636296.9862123,2812.12,1.619866132736206,-0.016459290181295216,-1.9550493399249476,-0.21884280840028936,2.6996841430664062,0.7616949081420898,0.0,0.0,-0.0,0.0,0.0,0.0,0.1098632961511612,5.479431629180908,-1.5064966678619385,0.4463654160499573,0.1502838283777237,-0.0874786451458931,0.1342431054707007,-0.6595006266411307,0.9806739151128964,-0.9421134651716293,-0.876907351094296,1.0541331521299027,0.0,0.0,0.0,0.0,0.0,0.0,1.6198333141838692,-0.01647421686747297,-1.9551005710225118,-0.21877398384506108,2.699735954880354,0.7617014498525398,7.0,1.0,48.0,48.22800064086914,48.06100082397461,7.68,23.09,43.52,0.295,0.404,1.637,0,0,1
1777636296.9887702,2812.1279999999997,1.6198538541793823,-0.016495529805318654,-1.9550851027118128,-0.21880704561342412,2.6997082233428955,0.7616949081420898,0.0,0.0,-0.0,0.0,0.0,0.0,0.0686645582318306,5.511475086212158,-1.504254937171936,0.4867401719093323,0.1592559963464737,-0.0807495191693306,0.1342303049009768,-0.6594536016198546,0.9806888512984142,-0.9421549943607579,-0.8769097778403029,1.0541447546560958,0.0,0.0,0.0,0.0,0.0,0.0,1.6198333141838692,-0.01647421686747297,-1.9551005710225118,-0.21877398384506108,2.699735954880354,0.7617014498525398,7.0,1.0,48.0,48.22800064086914,48.029998779296875,7.68,23.09,43.52,0.295,0.404,1.637,0,1,0
1777636296.9991193,2812.136,1.6198781728744507,-0.016507450734273732,-1.955073658620016,-0.21886712709535772,2.6996960639953613,0.7616949081420898,0.0,0.0,-0.0,0.0,0.0,0.0,0.0366210974752903,5.543518543243408,-1.4885622262954712,0.4665527939796448,0.1547699123620987,-0.0852356031537056,0.13424641802903658,-0.659430330870994,0.9807133682298911,-0.9421959574364458,-0.8768860466430992,1.054194048909436,0.0,0.0,0.0,0.0,0.0,0.0,1.6198333141838692,-0.01647421686747297,-1.9551005710225118,-0.21877398384506108,2.699735954880354,0.7617014498525398,7.0,1.0,48.0,48.22800064086914,48.029998779296875,7.68,23.09,43.52,0.295,0.404,1.637,0,1,0
1777636297.0034146,2812.144,1.6198058128356934,-0.016483608876363576,-1.955073658620016,-0.2188189665423792,2.6996960639953613,0.7616949081420898,0.0,0.0,-0.0,0.0,0.0,0.0,0.0686645582318306,5.520630359649658,-1.4908039569854736,0.4800110459327698,0.1592559963464737,-0.0829925611615181,0.13420055691192317,-0.6594755701538663,0.980684209261218,-0.9421590094496253,-0.8768757547814682,1.054095977580937,0.0,0.0,0.0,0.0,0.0,0.0,1.6198333141838692,-0.01647421686747297,-1.9551005710225118,-0.21877398384506108,2.699735954880354,0.7617014498525398,7.0,1.0,48.0,48.22800064086914,48.029998779296875,7.68,23.09,43.52,0.295,0.404,1.637,0,1,0
1777636297.0114307,2812.152,1.6198418140411377,-0.016495529805318654,-1.9550493399249476,-0.21886712709535772,2.699672222137451,0.7617068886756897,0.0,0.0,-0.0,0.0,0.0,0.0,0.0595092847943306,5.497742176055908,-1.5064966678619385,0.4441223740577698,0.1480407863855362,-0.0897216871380806,0.13422761241167935,-0.6594623342302262,0.9807074885987224,-0.9421777718894095,-0.8768522185424801,1.054151242124919,0.0,0.0,0.0,0.0,0.0,0.0,1.6198333141838692,-0.01647421686747297,-1.9551005710225118,-0.21877398384506108,2.699735954880354,0.7617014498525398,7.0,1.0,48.0,48.22800064086914,48.029998779296875,7.68,23.09,43.52,0.295,0.404,1.637,0,1,0
1777636297.0177827,2812.16,1.6198418140411377,-0.016483608876363576,-1.9550851027118128,-0.21885520616640264,2.6997082233428955,0.7616949081420898,0.0,0.0,-0.0,0.0,0.0,0.0,0.1052856519818306,5.520630359649658,-1.4840785264968872,0.4530945420265198,0.1525268703699112,-0.0919647291302681,0.13422200470756906,-0.6594501508954762,0.9806942172567306,-0.9421907180580166,-0.8768882892444999,1.0541525765044368,0.0,0.0,0.0,0.0,0.0,0.0,1.6198333141838692,-0.01647421686747297,-1.9551005710225118,-0.21877398384506108,2.699735954880354,0.7617014498525398,7.0,1.0,48.0,48.24300003051758,48.029998779296875,7.68,23.09,43.52,0.295,0.404,1.637,0,1,0
1777636297.0249712,2812.1679999999997,1.6198538541793823,-0.016531292592183888,-1.9550851027118128,-0.21884280840028936,2.6996841430664062,0.7616709470748901,0.0,0.0,-0.0,0.0,0.0,0.0,0.0915527418255806,5.488586902618408,-1.5221893787384033,0.4800110459327698,0.1592559963464737,-0.0874786451458931,0.1342277408428951,-0.6594159105712044,0.9807194035355751,-0.9421983812741143,-0.8768652994363001,1.054156496607748,0.0,0.0,0.0,0.0,0.0,0.0,1.6198333141838692,-0.01647421686747297,-1.9551005710225118,-0.21877398384506108,2.699735954880354,0.7617014498525398,7.0,1.0,48.01499938964844,48.24300003051758,48.029998779296875,7.68,23.09,43.52,0.295,0.404,1.637,0,1,0
1777636297.0370276,2812.176,1.619866132736206,-0.016507450734273732,-1.9550612608539026,-0.21884280840028936,2.6996841430664062,0.76168292760849,0.0,0.0,-0.0,0.0,0.0,0.0,0.0457763709127903,5.538940906524658,-1.5087385177612305,0.4800110459327698,0.1592559963464737,-0.0874786451458931,0.13423921772891229,-0.6594521025725658,0.980704434350388,-0.9421591075949477,-0.8768871522945324,1.0541532303047711,0.0,0.0,0.0,0.0,0.0,0.0,1.6198333141838692,-0.01647421686747297,-1.9551005710225118,-0.21877398384506108,2.699735954880354,0.7617014498525398,7.0,1.0,48.01499938964844,48.24300003051758,48.029998779296875,7.68,23.09,43.52,0.295,0.404,1.637,0,1,0
1777636297.0683215,2812.1839999999997,1.619866132736206,-0.016507450734273732,-1.9550493399249476,-0.21883088747133428,2.699660301208496,0.7616949081420898,0.0,0.0,-0.0,0.0,0.0,0.0,0.0823974683880806,5.502319812774658,-1.4952876567840576,0.4687958359718323,0.1592559963464737,-0.0762634351849556,0.1342435714839137,-0.6594624096483022,0.9807038511162466,-0.942138832904558,-0.8768682133426892,1.054147784257281,0.0,0.0,0.0,0.0,0.0,0.0,1.6198333141838692,-0.01647421686747297,-1.9551005710225118,-0.21877398384506108,2.699735954880354,0.7617014498525398,7.0,1.0,48.01499938964844,48.24300003051758,48.029998779296875,7.68,23.09,43.52,0.295,0.404,1.637,0,1,0
1777636297.075462,2812.192,1.619866132736206,-0.016495529805318654,-1.955097500477926,-0.21883088747133428,2.699660301208496,0.7617068886756897,0.0,0.0,-0.0,0.0,0.0,0.0,0.1007080152630806,5.497742176055908,-1.4863203763961792,0.4508515000343323,0.1525268703699112,-0.0829925611615181,0.13424336822505156,-0.6594295259151811,0.9807006267049001,-0.9421765416162208,-0.8768485064844413,1.054176162623904,0.0,0.0,0.0,0.0,0.0,0.0,1.6198333141838692,-0.01647421686747297,-1.9551005710225118,-0.21877398384506108,2.699735954880354,0.7617014498525398,7.0,1.0,48.01499938964844,48.24300003051758,48.029998779296875,7.68,23.09,43.52,0.295,0.404,1.637,0,1,0
1777636297.1084898,2812.2,1.6198781728744507,-0.016543213521138966,-1.9550374189959925,-0.21880704561342412,2.6996960639953613,0.7616709470748901,0.0,0.0,-0.0,0.0,0.0,0.0,0.0961303785443306,5.538940906524658,-1.4975295066833496,0.4732819199562073,0.1525268703699112,-0.0919647291302681,0.13424482443211624,-0.6594543898331882,0.9807143425863094,-0.9421307450471202,-0.8769202908627651,1.054143337388982,0.0,0.0,0.0,0.0,0.0,0.0,1.6198333141838692,-0.01647421686747297,-1.9551005710225118,-0.21877398384506108,2.699735954880354,0.7617014498525398,7.0,1.0,48.01499938964844,48.24300003051758,48.029998779296875,7.68,23.09,43.52,0.295,0.404,1.637,0,1,0
1777636297.1122313,2812.208,1.6198418140411377,-0.016483608876363576,-1.9550851027118128,-0.21879512468446904,2.6996841430664062,0.7616349458694458,0.0,0.0,-0.0,0.0,0.0,0.0,0.1098632961511612,5.502319812774658,-1.4930458068847656,0.4755249619483948,0.1637420803308487,-0.0852356031537056,0.13421855865604596,-0.6594807905393448,0.98066803708864,-0.9421011287336108,-0.876912019058113,1.0540674089531588,0.0,0.0,0.0,0.0,0.0,0.0,1.6198333141838692,-0.01647421686747297,-1.9551005710225118,-0.21877398384506108,2.699735954880354,0.7617014498525398,7.0,1.0,48.01499938964844,48.24300003051758,48.029998779296875,7.68,23.09,43.52,0.295,0.404,1.637,0,1,0
1777636297.1123838,2812.216,1.619866132736206,-0.016495529805318654,-1.9551094214068812,-0.2188189665423792,2.6996960639953613,0.7616949081420898,0.0,0.0,-0.0,0.0,0.0,0.0,0.0778198316693306,5.497742176055908,-1.4975295066833496,0.4755249619483948,0.1614990383386612,-0.0852356031537056,0.13423830506666892,-0.6594272363704676,0.9806940348889528,-0.9421790771071138,-0.8768892864493307,1.054171524998069,0.0,0.0,0.0,0.0,0.0,0.0,1.6198333141838692,-0.01647421686747297,-1.9551005710225118,-0.21877398384506108,2.699735954880354,0.7617014498525398,7.0,1.0,48.01499938964844,48.24300003051758,48.029998779296875,7.68,23.09,43.52,0.295,0.404,1.637,0,1,0
1777636297.1182034,2812.2239999999997,1.6198900938034058,-0.016507450734273732,-1.955097500477926,-0.21883088747133428,2.699660301208496,0.7617068886756897,0.0,0.0,-0.0,0.0,0.0,0.0,0.0595092847943306,5.493164539337158,-1.4908039569854736,0.4643097519874573,0.1637420803308487,-0.0897216871380806,0.1342586694467354,-0.6594161557297121,0.9807085574507224,-0.9421784173111678,-0.8768567973069525,1.0542026777966174,0.0,0.0,0.0,0.0,0.0,0.0,1.6198333141838692,-0.01647421686747297,-1.9551005710225118,-0.21877398384506108,2.699735954880354,0.7617014498525398,7.0,1.0,48.01499938964844,48.24300003051758,48.029998779296875,7.68,23.09,43.52,0.295,0.404,1.637,0,1,0
1777636297.120956,2812.232,1.6198418140411377,-0.016483608876363576,-1.9551094214068812,-0.2188189665423792,2.699660301208496,0.7617308497428894,0.0,0.0,-0.0,0.0,0.0,0.0,0.0823974683880806,5.511475086212158,-1.4885622262954712,0.4777680039405823,0.1413116604089737,-0.0807495191693306,0.13423025433499797,-0.6594316365124134,0.9806943463243787,-0.9421873591479193,-0.8768306208370512,1.0541698356467473,0.0,0.0,0.0,0.0,0.0,0.0,1.6198333141838692,-0.01647421686747297,-1.9551005710225118,-0.21877398384506108,2.699735954880354,0.7617014498525398,7.0,1.0,48.01499938964844,48.22800064086914,48.029998779296875,7.68,23.09,43.52,0.295,0.404,1.637,0,1,0
1777636297.123024,2812.24,1.619829773902893,-0.016483608876363576,-1.9551094214068812,-0.2188189665423792,2.6996960639953613,0.76168292760849,0.0,0.0,-0.0,0.0,0.0,0.0,0.0640869215130806,5.479431629180908,-1.5177057981491089,0.4598236680030823,0.1749572902917862,-0.0807495191693306,0.1342134670535065,-0.6594447930291021,0.9806839487614907,-0.942175267613799,-0.8768788284745708,1.054124163059765,0.0,0.0,0.0,0.0,0.0,0.0,1.6198333141838692,-0.01647421686747297,-1.9551005710225118,-0.21877398384506108,2.699735954880354,0.7617014498525398,7.0,1.0,48.0,48.22800064086914,48.029998779296875,7.68,23.09,43.52,0.295,0.404,1.637,0,1,0
1777636297.1230893,2812.248,1.619866132736206,-0.016507450734273732,-1.955097500477926,-0.2188189665423792,2.6996841430664062,0.76168292760849,0.0,0.0,-0.0,0.0,0.0,0.0,0.0778198316693306,5.488586902618408,-1.4863203763961792,0.4620667099952698,0.1547699123620987,-0.0852356031537056,0.1342380908254639,-0.6594291517011852,0.9806997713646279,-0.9421698087775463,-0.8768819195373917,1.0541594578082847,0.0,0.0,0.0,0.0,0.0,0.0,1.6198333141838692,-0.01647421686747297,-1.9551005710225118,-0.21877398384506108,2.699735954880354,0.7617014498525398,7.0,1.0,48.0,48.22800064086914,48.029998779296875,7.68,23.09,43.52,0.295,0.404,1.637,0,1,0
1777636297.1247344,2812.256,1.6198538541793823,-0.016483608876363576,-1.9550851027118128,-0.21886712709535772,2.699672222137451,0.7616949081420898,0.0,0.0,-0.0,0.0,0.0,0.0,0.02288818545639515,5.511475086212158,-1.515463948249817,0.4665527939796448,0.1547699123620987,-0.0919647291302681,0.13423315910753944,-0.6594433096896064,0.9806992970675094,-0.9421879225491037,-0.876853647088758,1.0541632075546947,0.0,0.0,0.0,0.0,0.0,0.0,1.6198333141838692,-0.01647421686747297,-1.9551005710225118,-0.21877398384506108,2.699735954880354,0.7617014498525398,7.0,1.0,48.0,48.22800064086914,48.029998779296875,7.68,23.09,43.52,0.295,0.404,1.637,0,1,0
1777636297.1266177,2812.2639999999997,1.6198418140411377,-0.01643544832338506,-1.9550612608539026,-0.21885520616640264,2.6997201442718506,0.7617068886756897,0.0,0.0,-0.0,0.0,0.0,0.0,0.0411987341940403,5.511475086212158,-1.5109803676605225,0.4800110459327698,0.1592559963464737,-0.0897216871380806,0.13422526670452609,-0.6595091854043054,0.9806624738587739,-0.9421377005847387,-0.8769254811950508,1.0541283844588913,0.0,0.0,0.0,0.0,0.0,0.0,1.6198333141838692,-0.01647421686747297,-1.9551005710225118,-0.21877398384506108,2.699735954880354,0.7617014498525398,7.0,1.0,48.0,48.22800064086914,48.029998779296875,7.68,23.09,43.52,0.295,0.404,1.637,0,1,0
1777636297.1266792,2812.272,1.6198418140411377,-0.016531292592183888,-1.955097500477926,-0.2188189665423792,2.6997201442718506,0.7617068886756897,0.0,0.0,-0.0,0.0,0.0,0.0,0.1052856519818306,5.502319812774658,-1.502013087272644,0.4710388779640198,0.1682281643152237,-0.0807495191693306,0.13422035055217035,-0.6594085203630894,0.9807181545264809,-0.9422204508438328,-0.8768856703731224,1.0541768438725787,0.0,0.0,0.0,0.0,0.0,0.0,1.6198333141838692,-0.01647421686747297,-1.9551005710225118,-0.21877398384506108,2.699735954880354,0.7617014498525398,7.0,1.0,48.0,48.22800064086914,48.06100082397461,7.68,23.09,43.52,0.295,0.404,1.637,0,1,0
