epoch_time,Time,Act_q0,Act_q1,Act_q2,Act_q3,Act_q4,Act_q5,Act_qd0,Act_qd1,Act_qd2,Act_qd3,Act_qd4,Act_qd5,Act_I0,Act_I1,Act_I2,Act_I3,Act_I4,Act_I5,Act_X,Act_Y,Act_Z,Act_RX,Act_RY,Act_RZ,Act_dX,Act_dY,Act_dZ,Act_dRX,Act_dRY,Act_dRZ,Tgt_q0,Tgt_q1,Tgt_q2,Tgt_q3,Tgt_q4,Tgt_q5,Robot_Mode,Safety_Mode,Main_Voltage,Robot_Voltage,Robot_Current,Fx,Fy,Fz,Mx,My,Mz,Label,ur_fresh,ft_fresh
1778204800.1758566,1331.0639999999999,1.7695993185043335,0.24337971210479736,-2.3298097292529505,-1.0040929953204554,3.5407354831695557,0.5643907189369202,0.0,0.0,-0.0,0.0,0.0,0.0,-0.1144409328699112,3.982544422149658,-1.5109803676605225,0.1973877102136612,-0.0403747595846653,-0.1749572902917862,0.14224888307809774,-0.34685572013827287,0.8900970202173648,-1.385376492370387,-1.5063033083445443,1.9509586038523123,0.0,0.0,0.0,0.0,0.0,0.0,1.7695566142836938,0.24339841436500986,-2.329816140589685,-1.004101392145385,3.540695881423035,0.5643377819968957,7.0,1.0,48.0,48.27399826049805,48.04600143432617,nan,nan,nan,nan,nan,nan,0,1,0
1778204800.235142,1331.072,1.769647240638733,0.2434157133102417,-2.3298335711108606,-1.0041049162494105,3.5407116413116455,0.5643547773361206,0.0,0.0,-0.0,0.0,0.0,0.0,-0.0686645582318306,3.973389148712158,-1.5244312286376953,0.2086029201745987,-0.0403747595846653,-0.1996307522058487,0.14227051490378428,-0.34685664139878847,0.8900787611280238,-1.3853267911869402,-1.5063409247786643,1.9509519442747358,0.0,0.0,0.0,0.0,0.0,0.0,1.7695566142836938,0.24339841436500986,-2.329816140589685,-1.004101392145385,3.540695881423035,0.5643377819968957,7.0,1.0,48.0,48.27399826049805,48.04600143432617,nan,nan,nan,nan,nan,nan,0,1,0
1778204800.2384531,1331.08,1.769647240638733,0.2434636354446411,-2.3298097292529505,-1.0040810743915003,3.540783166885376,0.5643907189369202,0.0,0.0,-0.0,0.0,0.0,0.0,-0.1052856519818306,3.964233875274658,-1.5378820896148682,0.2018737941980362,-0.0314025916159153,-0.1951446682214737,0.14228160637195572,-0.3469203030396405,0.8900652389458616,-1.385271375732571,-1.5064623327264581,1.9509262633017252,0.0,0.0,0.0,0.0,0.0,0.0,1.7695566142836938,0.24339841436500986,-2.329816140589685,-1.004101392145385,3.540695881423035,0.5643377819968957,7.0,1.0,48.0,48.27399826049805,48.04600143432617,nan,nan,nan,nan,nan,nan,0,1,0
1778204800.2531776,1331.088,1.7696592807769775,0.2434396743774414,-2.329773728047506,-1.0041287581073206,3.5407354831695557,0.5643787384033203,0.0,0.0,-0.0,0.0,0.0,0.0,-0.1327514797449112,3.982544422149658,-1.5109803676605225,0.1973877102136612,-0.0426178015768528,-0.2063598781824112,0.14228421669048527,-0.3469125882329044,0.8900849455260149,-1.3852967802583223,-1.5064073041705408,1.9509319539922232,0.0,0.0,0.0,0.0,0.0,0.0,1.7695566142836938,0.24339841436500986,-2.329816140589685,-1.004101392145385,3.540695881423035,0.5643377819968957,7.0,1.0,48.0,48.27399826049805,48.04600143432617,nan,nan,nan,nan,nan,nan,0,1,0
1778204800.2663584,1331.096,1.769647240638733,0.24342775344848633,-2.3297975699054163,-1.0041049162494105,3.54074764251709,0.5643667578697205,0.0,0.0,-0.0,0.0,0.0,0.0,-0.1007080152630806,3.982544422149658,-1.5244312286376953,0.2130890041589737,-0.0314025916159153,-0.2130890041589737,0.14227861778833759,-0.3468977155838138,0.8900824356394428,-1.3852927473572385,-1.5064045566369402,1.9509354875420475,0.0,0.0,0.0,0.0,0.0,0.0,1.7695566142836938,0.24339841436500986,-2.329816140589685,-1.004101392145385,3.540695881423035,0.5643377819968957,7.0,1.0,48.0,48.27399826049805,48.04600143432617,nan,nan,nan,nan,nan,nan,0,1,0
1778204800.267927,1331.104,1.7695872783660889,0.24336779117584229,-2.3297975699054163,-1.0040810743915003,3.5407354831695557,0.5643907189369202,0.0,0.0,-0.0,0.0,0.0,0.0,-0.1190185695886612,3.977966785430908,-1.5087385177612305,0.1996307522058487,-0.0403747595846653,-0.1884155422449112,0.14224608454302914,-0.3468641874875151,0.8901034988241674,-1.385374585670787,-1.5062997196986894,1.9509404106302461,0.0,0.0,0.0,0.0,0.0,0.0,1.7695566142836938,0.24339841436500986,-2.329816140589685,-1.004101392145385,3.540695881423035,0.5643377819968957,7.0,1.0,48.0,48.27399826049805,48.04600143432617,nan,nan,nan,nan,nan,nan,0,1,0
1778204800.2751207,1331.1119999999999,1.7696112394332886,0.24345171451568604,-2.3297856489764612,-1.004068676625387,3.5407590866088867,0.56440269947052,0.0,0.0,-0.0,0.0,0.0,0.0,-0.1510620266199112,3.968811511993408,-1.5199475288391113,0.2018737941980362,-0.0471038855612278,-0.1996307522058487,0.14226939217096748,-0.34693808976035284,0.8900746232341203,-1.3852959401571998,-1.506414566883393,1.9508760762378596,0.0,0.0,0.0,0.0,0.0,0.0,1.7695566142836938,0.24339841436500986,-2.329816140589685,-1.004101392145385,3.540695881423035,0.5643377819968957,7.0,1.0,48.0,48.27399826049805,48.04600143432617,nan,nan,nan,nan,nan,nan,0,1,0
1778204800.2771604,1331.12,1.7696112394332886,0.2434396743774414,-2.3297856489764612,-1.0041049162494105,3.5407590866088867,0.5643308162689209,0.0,0.0,-0.0,0.0,0.0,0.0,-0.0961303785443306,3.968811511993408,-1.5266729593276978,0.2086029201745987,-0.0426178015768528,-0.1973877102136612,0.14227674634915916,-0.34693216540680655,0.890080309878448,-1.3852537860349603,-1.5064115123353654,1.9508774632152162,0.0,0.0,0.0,0.0,0.0,0.0,1.7695566142836938,0.24339841436500986,-2.329816140589685,-1.004101392145385,3.540695881423035,0.5643377819968957,7.0,1.0,48.0,48.27399826049805,48.029998779296875,nan,nan,nan,nan,nan,nan,0,1,0
1778204800.2854698,1331.128,1.7696112394332886,0.2434396743774414,-2.329761568699972,-1.0040929953204554,3.5407116413116455,0.5643907189369202,0.0,0.0,-0.0,0.0,0.0,0.0,-0.0915527418255806,3.968811511993408,-1.5177057981491089,0.2041168361902237,-0.0336456336081028,-0.2243042290210724,0.1422694422021032,-0.34693982836973414,0.8900859444438829,-1.3853122183810518,-1.5063636082621519,1.9508534319439668,0.0,0.0,0.0,0.0,0.0,0.0,1.7695566142836938,0.24339841436500986,-2.329816140589685,-1.004101392145385,3.540695881423035,0.5643377819968957,7.0,1.0,48.0,48.27399826049805,48.029998779296875,nan,nan,nan,nan,nan,nan,0,1,0
1778204800.2939262,1331.136,1.7696112394332886,0.24345171451568604,-2.3298216501819056,-1.0040929953204554,3.5407116413116455,0.5644146800041199,0.0,0.0,-0.0,0.0,0.0,0.0,-0.0595092847943306,3.977966785430908,-1.5401238203048706,0.2063598781824112,-0.0358886756002903,-0.2108459621667862,0.14225642341688252,-0.3468893414789393,0.8900681732677915,-1.3853672059866322,-1.5063214476349953,1.9509114468600026,0.0,0.0,0.0,0.0,0.0,0.0,1.7695566142836938,0.24339841436500986,-2.329816140589685,-1.004101392145385,3.540695881423035,0.5643377819968957,7.0,1.0,48.0,48.27399826049805,48.029998779296875,nan,nan,nan,nan,nan,nan,0,1,0
1778204800.295489,1331.144,1.7696112394332886,0.243391752243042,-2.3298454920398157,-1.0040929953204554,3.54074764251709,0.5643547773361206,0.0,0.0,-0.0,0.0,0.0,0.0,-0.1327514797449112,3.950500965118408,-1.5177057981491089,0.1996307522058487,-0.0314025916159153,-0.2332763969898224,0.14225514279878437,-0.3468409804528395,0.8900840601430289,-1.3853440187690085,-1.5063258129460644,1.9509728148466763,0.0,0.0,0.0,0.0,0.0,0.0,1.7695566142836938,0.24339841436500986,-2.329816140589685,-1.004101392145385,3.540695881423035,0.5643377819968957,7.0,1.0,48.0,48.27399826049805,48.029998779296875,nan,nan,nan,nan,nan,nan,0,1,0
1778204800.3030713,1331.152,1.7696353197097778,0.24345171451568604,-2.3297975699054163,-1.0040929953204554,3.5406875610351562,0.5643547773361206,0.0,0.0,-0.0,0.0,0.0,0.0,-0.0686645582318306,3.968811511993408,-1.5177057981491089,0.2063598781824112,-0.0336456336081028,-0.2265472710132599,0.14227799923579565,-0.34692019542326763,0.8900730966995226,-1.3852896491618065,-1.5063614066868651,1.9508546460587235,0.0,0.0,0.0,0.0,0.0,0.0,1.7695566142836938,0.24339841436500986,-2.329816140589685,-1.004101392145385,3.540695881423035,0.5643377819968957,7.0,1.0,48.0,48.27399826049805,48.029998779296875,nan,nan,nan,nan,nan,nan,0,1,0
1778204800.3098617,1331.1599999999999,1.7696353197097778,0.2434396743774414,-2.3298097292529505,-1.0041168371783655,3.5407354831695557,0.5644146800041199,0.0,0.0,-0.0,0.0,0.0,0.0,-0.0869751051068306,3.973389148712158,-1.5266729593276978,0.2018737941980362,-0.0426178015768528,-0.2086029201745987,0.14226435051672312,-0.34687985357608225,0.8900765189907436,-1.3853603570977575,-1.506352965165301,1.9509610446515468,0.0,0.0,0.0,0.0,0.0,0.0,1.7695566142836938,0.24339841436500986,-2.329816140589685,-1.004101392145385,3.540695881423035,0.5643377819968957,7.0,1.0,48.0,48.27399826049805,48.029998779296875,nan,nan,nan,nan,nan,nan,0,1,0
1778204800.3159626,1331.168,1.7696112394332886,0.24340379238128662,-2.3298216501819056,-1.0040929953204554,3.5406997203826904,0.56440269947052,0.0,0.0,-0.0,0.0,0.0,0.0,-0.1647949367761612,3.977966785430908,-1.5289148092269897,0.2063598781824112,-0.0314025916159153,-0.2086029201745987,0.14225062193306898,-0.34685552120827,0.890085745957921,-1.3853906336815627,-1.5062822333815968,1.950941466962543,0.0,0.0,0.0,0.0,0.0,0.0,1.7695566142836938,0.24339841436500986,-2.329816140589685,-1.004101392145385,3.540695881423035,0.5643377819968957,7.0,1.0,48.0,48.27399826049805,48.029998779296875,nan,nan,nan,nan,nan,nan,0,1,0
1778204800.3193827,1331.176,1.769647240638733,0.2434396743774414,-2.3297856489764612,-1.0041049162494105,3.5407354831695557,0.5643787384033203,0.0,0.0,-0.0,0.0,0.0,0.0,-0.0778198316693306,3.973389148712158,-1.5199475288391113,0.2063598781824112,-0.0381317175924778,-0.2041168361902237,0.14227988872533556,-0.3469133088544526,0.8900809245860699,-1.3852950222074831,-1.5064034667394914,1.950913958276405,0.0,0.0,0.0,0.0,0.0,0.0,1.7695566142836938,0.24339841436500986,-2.329816140589685,-1.004101392145385,3.540695881423035,0.5643377819968957,7.0,1.0,48.0,48.27399826049805,48.029998779296875,nan,nan,nan,nan,nan,nan,0,1,0
1778204800.3251328,1331.184,1.7696353197097778,0.2434157133102417,-2.329773728047506,-1.0041411558734339,3.5407116413116455,0.5644146800041199,0.0,0.0,-0.0,0.0,0.0,0.0,-0.1327514797449112,3.973389148712158,-1.5266729593276978,0.2041168361902237,-0.0314025916159153,-0.2153320610523224,0.14226393550822491,-0.3468822832086606,0.8900949454159076,-1.385378534525921,-1.5063209005656781,1.9509588458833076,0.0,0.0,0.0,0.0,0.0,0.0,1.7695566142836938,0.24339841436500986,-2.329816140589685,-1.004101392145385,3.540695881423035,0.5643377819968957,7.0,1.0,48.0,48.198001861572266,48.029998779296875,nan,nan,nan,nan,nan,nan,0,1,0
1778204800.3323815,1331.192,1.7696353197097778,0.2434157133102417,-2.329761568699972,-1.0040929953204554,3.54074764251709,0.5644266605377197,0.0,0.0,-0.0,0.0,0.0,0.0,-0.1144409328699112,3.991699695587158,-1.5199475288391113,0.2108459621667862,-0.0358886756002903,-0.2332763969898224,0.1422699622650217,-0.34691257075350423,0.8900949843273135,-1.3853364961253964,-1.506392660996602,1.950931268489495,0.0,0.0,0.0,0.0,0.0,0.0,1.7695566142836938,0.24339841436500986,-2.329816140589685,-1.004101392145385,3.540695881423035,0.5643377819968957,7.0,1.0,48.0,48.198001861572266,48.029998779296875,nan,nan,nan,nan,nan,nan,0,1,0
1778204800.3423765,1331.2,1.769647240638733,0.24345171451568604,-2.329773728047506,-1.0040810743915003,3.5407116413116455,0.56440269947052,0.0,0.0,-0.0,0.0,0.0,0.0,-0.1281738430261612,3.964233875274658,-1.5289148092269897,0.2086029201745987,-0.0426178015768528,-0.2063598781824112,0.14228052749638134,-0.34693472438450407,0.8900782246687944,-1.3852991883537809,-1.5064017951521484,1.9508711174328062,0.0,0.0,0.0,0.0,0.0,0.0,1.7695566142836938,0.24339841436500986,-2.329816140589685,-1.004101392145385,3.540695881423035,0.5643377819968957,7.0,1.0,48.0,48.198001861572266,48.029998779296875,nan,nan,nan,nan,nan,nan,0,1,0
1778204800.344337,1331.2079999999999,1.7696112394332886,0.24342775344848633,-2.3298097292529505,-1.0041049162494105,3.5407235622406006,0.5643667578697205,0.0,0.0,-0.0,0.0,0.0,0.0,-0.0961303785443306,3.959656238555908,-1.5199475288391113,0.2063598781824112,-0.0358886756002903,-0.1435547024011612,0.1422627010572324,-0.3468900350894185,0.8900797944595918,-1.3853286142320254,-1.5063369479514648,1.950911642369882,0.0,0.0,0.0,0.0,0.0,0.0,1.7695566142836938,0.24339841436500986,-2.329816140589685,-1.004101392145385,3.540695881423035,0.5643377819968957,7.0,1.0,48.0,48.198001861572266,48.029998779296875,nan,nan,nan,nan,nan,nan,0,1,0
1778204800.3584569,1331.216,1.7696112394332886,0.2434157133102417,-2.3297856489764612,-1.0040929953204554,3.5407116413116455,0.56440269947052,0.0,0.0,-0.0,0.0,0.0,0.0,-0.1190185695886612,3.977966785430908,-1.5221893787384033,0.2018737941980362,-0.0448608435690403,-0.2063598781824112,0.14225948772428235,-0.3468975003122924,0.8900894476709102,-1.385354946445614,-1.5063264552033964,1.9509044353060938,0.0,0.0,0.0,0.0,0.0,0.0,1.7695566142836938,0.24339841436500986,-2.329816140589685,-1.004101392145385,3.540695881423035,0.5643377819968957,7.0,1.0,48.0,48.198001861572266,48.029998779296875,nan,nan,nan,nan,nan,nan,0,1,0
1778204800.364662,1331.224,1.7696112394332886,0.24342775344848633,-2.329773728047506,-1.0041168371783655,3.5407590866088867,0.5643787384033203,0.0,0.0,-0.0,0.0,0.0,0.0,-0.1510620266199112,3.964233875274658,-1.5199475288391113,0.2086029201745987,-0.0358886756002903,-0.1929016262292862,0.14226797218954298,-0.34691725686002506,0.8900885657424413,-1.3853100560089797,-1.5063840503551529,1.9509167966657928,0.0,0.0,0.0,0.0,0.0,0.0,1.7695566142836938,0.24339841436500986,-2.329816140589685,-1.004101392145385,3.540695881423035,0.5643377819968957,7.0,1.0,48.0,48.198001861572266,48.029998779296875,nan,nan,nan,nan,nan,nan,0,1,0
1778204800.3698592,1331.232,1.7695993185043335,0.2434157133102417,-2.329761568699972,-1.0040810743915003,3.5407354831695557,0.5643547773361206,0.0,0.0,-0.0,0.0,0.0,0.0,-0.1098632961511612,3.973389148712158,-1.5177057981491089,0.2086029201745987,-0.0403747595846653,-0.2310333549976349,0.14227002021662083,-0.34693924196059966,0.8900936170089208,-1.3852788062536334,-1.50638249310846,1.9508495314637957,0.0,0.0,0.0,0.0,0.0,0.0,1.7695566142836938,0.24339841436500986,-2.329816140589685,-1.004101392145385,3.540695881423035,0.5643377819968957,7.0,1.0,48.0,48.198001861572266,48.029998779296875,nan,nan,nan,nan,nan,nan,0,1,0
1778204800.3746138,1331.24,1.7696112394332886,0.24342775344848633,-2.3297856489764612,-1.0040810743915003,3.5407354831695557,0.56440269947052,0.0,0.0,-0.0,0.0,0.0,0.0,-0.1098632961511612,3.987122058868408,-1.5109803676605225,0.2041168361902237,-0.0403747595846653,-0.2018737941980362,0.14226352894211663,-0.3469132552632942,0.8900842433703327,-1.3853293280474177,-1.5063664777773123,1.9508959948984237,0.0,0.0,0.0,0.0,0.0,0.0,1.7695566142836938,0.24339841436500986,-2.329816140589685,-1.004101392145385,3.540695881423035,0.5643377819968957,7.0,1.0,48.0,48.198001861572266,48.029998779296875,nan,nan,nan,nan,nan,nan,0,1,0
1778204800.386234,1331.248,1.7696112394332886,0.24342775344848633,-2.3297856489764612,-1.0040929953204554,3.54074764251709,0.5643907189369202,0.0,0.0,-0.0,0.0,0.0,0.0,-0.1327514797449112,3.982544422149658,-1.5177057981491089,0.2041168361902237,-0.0336456336081028,-0.1839294582605362,0.1422651970836618,-0.34691237958521987,0.8900847235195877,-1.3853195198546153,-1.506375600862119,1.9509066034824107,0.0,0.0,0.0,0.0,0.0,0.0,1.7695566142836938,0.24339841436500986,-2.329816140589685,-1.004101392145385,3.540695881423035,0.5643377819968957,7.0,1.0,48.0,48.198001861572266,48.029998779296875,nan,nan,nan,nan,nan,nan,0,1,0
1778204800.3974218,1331.2559999999999,1.7696112394332886,0.2434636354446411,-2.3297856489764612,-1.0040929953204554,3.5407354831695557,0.5643907189369202,0.0,0.0,-0.0,0.0,0.0,0.0,-0.1052856519818306,3.987122058868408,-1.5177057981491089,0.2018737941980362,-0.0314025916159153,-0.1906585842370987,0.1422699686422399,-0.34693819792745245,0.8900715651952433,-1.3853020147915192,-1.5063874159360362,1.9508669152786724,0.0,0.0,0.0,0.0,0.0,0.0,1.7695566142836938,0.24339841436500986,-2.329816140589685,-1.004101392145385,3.540695881423035,0.5643377819968957,7.0,1.0,48.0,48.22800064086914,48.029998779296875,nan,nan,nan,nan,nan,nan,0,1,0
1778204800.4025104,1331.264,1.7695872783660889,0.2434396743774414,-2.3298097292529505,-1.0041168371783655,3.5407354831695557,0.5643787384033203,0.0,0.0,-0.0,0.0,0.0,0.0,-0.1281738430261612,3.977966785430908,-1.5199475288391113,0.2063598781824112,-0.0336456336081028,-0.1951446682214737,0.14225377797061453,-0.34689554811391454,0.8900761393751626,-1.3853474347846388,-1.506320624139688,1.9509112086238964,0.0,0.0,0.0,0.0,0.0,0.0,1.7695566142836938,0.24339841436500986,-2.329816140589685,-1.004101392145385,3.540695881423035,0.5643377819968957,7.0,1.0,48.0,48.22800064086914,48.029998779296875,nan,nan,nan,nan,nan,nan,0,1,0
1778204800.408367,1331.272,1.7695993185043335,0.24342775344848633,-2.3297975699054163,-1.0040929953204554,3.54074764251709,0.5643667578697205,0.0,0.0,-0.0,0.0,0.0,0.0,-0.1098632961511612,3.987122058868408,-1.5244312286376953,0.2108459621667862,-0.0426178015768528,-0.2130890041589737,0.1422629864125244,-0.3469093522877375,0.8900817734468435,-1.3853086356907633,-1.5063656744728078,1.9508961866831587,0.0,0.0,0.0,0.0,0.0,0.0,1.7695566142836938,0.24339841436500986,-2.329816140589685,-1.004101392145385,3.540695881423035,0.5643377819968957,7.0,1.0,48.0,48.22800064086914,48.029998779296875,nan,nan,nan,nan,nan,nan,0,1,0
1778204800.4166386,1331.28,1.7695993185043335,0.24342775344848633,-2.3298097292529505,-1.0041049162494105,3.54074764251709,0.5643907189369202,0.0,0.0,-0.0,0.0,0.0,0.0,-0.1556396633386612,3.973389148712158,-1.515463948249817,0.1973877102136612,-0.0403747595846653,-0.2041168361902237,0.14225575246579303,-0.34688778409215315,0.8900799380867386,-1.3853483526538692,-1.5063397400866452,1.9509323622882835,0.0,0.0,0.0,0.0,0.0,0.0,1.7695566142836938,0.24339841436500986,-2.329816140589685,-1.004101392145385,3.540695881423035,0.5643377819968957,7.0,1.0,48.0,48.22800064086914,48.029998779296875,nan,nan,nan,nan,nan,nan,0,1,0
1778204800.425206,1331.288,1.7695753574371338,0.24345171451568604,-2.329773728047506,-1.004068676625387,3.540783166885376,0.5643907189369202,0.0,0.0,-0.0,0.0,0.0,0.0,-0.1281738430261612,3.996277332305908,-1.504254937171936,0.2041168361902237,-0.0381317175924778,-0.2130890041589737,0.1422623586743779,-0.3469587380098654,0.8900770828204035,-1.3852833426582634,-1.5064165978531958,1.9508503719709824,0.0,0.0,0.0,0.0,0.0,0.0,1.7695566142836938,0.24339841436500986,-2.329816140589685,-1.004101392145385,3.540695881423035,0.5643377819968957,7.0,1.0,48.0,48.22800064086914,48.029998779296875,nan,nan,nan,nan,nan,nan,0,1,0
1778204800.4319866,1331.296,1.7696112394332886,0.2434396743774414,-2.329773728047506,-1.0040929953204554,3.5407235622406006,0.56440269947052,0.0,0.0,-0.0,0.0,0.0,0.0,-0.0869751051068306,3.987122058868408,-1.5109803676605225,0.2063598781824112,-0.0336456336081028,-0.2063598781824112,0.14226584968565287,-0.34692700257769626,0.8900832665816711,-1.3853269652500584,-1.5063625244417618,1.9508783544360977,0.0,0.0,0.0,0.0,0.0,0.0,1.7695566142836938,0.24339841436500986,-2.329816140589685,-1.004101392145385,3.540695881423035,0.5643377819968957,7.0,1.0,48.0,48.22800064086914,48.029998779296875,nan,nan,nan,nan,nan,nan,0,1,0
1778204800.4366457,1331.3039999999999,1.7695872783660889,0.24345171451568604,-2.3297856489764612,-1.0041287581073206,3.5407354831695557,0.5643787384033203,0.0,0.0,-0.0,0.0,0.0,0.0,-0.0961303785443306,3.973389148712158,-1.5221893787384033,0.2041168361902237,-0.0426178015768528,-0.2265472710132599,0.14225891350293027,-0.3469211974778288,0.8900778152313669,-1.3853320753598346,-1.506336927069537,1.9508890857365215,0.0,0.0,0.0,0.0,0.0,0.0,1.7695566142836938,0.24339841436500986,-2.329816140589685,-1.004101392145385,3.540695881423035,0.5643377819968957,7.0,1.0,48.0,48.22800064086914,48.029998779296875,nan,nan,nan,nan,nan,nan,0,1,0
1778204800.4379456,1331.3039999999999,1.7695872783660889,0.24345171451568604,-2.3297856489764612,-1.0041287581073206,3.5407354831695557,0.5643787384033203,0.0,0.0,-0.0,0.0,0.0,0.0,-0.0961303785443306,3.973389148712158,-1.5221893787384033,0.2041168361902237,-0.0426178015768528,-0.2265472710132599,0.14225891350293027,-0.3469211974778288,0.8900778152313669,-1.3853320753598346,-1.506336927069537,1.9508890857365215,0.0,0.0,0.0,0.0,0.0,0.0,1.7695566142836938,0.24339841436500986,-2.329816140589685,-1.004101392145385,3.540695881423035,0.5643377819968957,7.0,1.0,48.0,48.22800064086914,48.029998779296875,-0.07,32.14,28.04,0.401,-0.268,1.303,0,0,1
1778204800.4577987,1331.312,1.7696353197097778,0.24345171451568604,-2.3298097292529505,-1.0040810743915003,3.5407590866088867,0.5643547773361206,0.0,0.0,-0.0,0.0,0.0,0.0,-0.1052856519818306,3.973389148712158,-1.5266729593276978,0.2108459621667862,-0.0403747595846653,-0.2086029201745987,0.14228052048776182,-0.3469199929518306,0.8900693581776654,-1.3852587396398333,-1.5064331157210784,1.9508951961903866,0.0,0.0,0.0,0.0,0.0,0.0,1.7695566142836938,0.24339841436500986,-2.329816140589685,-1.004101392145385,3.540695881423035,0.5643377819968957,7.0,1.0,48.0,48.22800064086914,48.029998779296875,-0.07,32.14,28.04,0.401,-0.268,1.303,0,1,0
1778204800.465013,1331.32,1.769647240638733,0.2434157133102417,-2.3297856489764612,-1.0040810743915003,3.5407354831695557,0.5643907189369202,0.0,0.0,-0.0,0.0,0.0,0.0,-0.0915527418255806,3.968811511993408,-1.5199475288391113,0.2063598781824112,-0.0381317175924778,-0.1839294582605362,0.1422762361380488,-0.34690209128553046,0.8900885503446874,-1.385307134628571,-1.506398498915528,1.9509212661292397,0.0,0.0,0.0,0.0,0.0,0.0,1.7695566142836938,0.24339841436500986,-2.329816140589685,-1.004101392145385,3.540695881423035,0.5643377819968957,7.0,1.0,48.0,48.22800064086914,48.029998779296875,-0.07,32.14,28.04,0.401,-0.268,1.303,0,1,0
1778204800.4706905,1331.328,1.7696353197097778,0.243391752243042,-2.329773728047506,-1.004068676625387,3.5407116413116455,0.56440269947052,0.0,0.0,-0.0,0.0,0.0,0.0,-0.1281738430261612,4.000854969024658,-1.5177057981491089,0.2018737941980362,-0.0426178015768528,-0.2041168361902237,0.14226839629026888,-0.34689663273309046,0.8900996169742356,-1.3853351690927103,-1.5063582656121741,1.9509076131690597,0.0,0.0,0.0,0.0,0.0,0.0,1.7695566142836938,0.24339841436500986,-2.329816140589685,-1.004101392145385,3.540695881423035,0.5643377819968957,7.0,1.0,48.0,48.25899887084961,48.029998779296875,-0.07,32.14,28.04,0.401,-0.268,1.303,0,1,0
1778204800.4789202,1331.336,1.7695993185043335,0.24342775344848633,-2.3297975699054163,-1.0041049162494105,3.540783166885376,0.5644146800041199,0.0,0.0,-0.0,0.0,0.0,0.0,-0.0778198316693306,3.964233875274658,-1.5289148092269897,0.1996307522058487,-0.0426178015768528,-0.1973877102136612,0.14225571151748115,-0.34689561147986464,0.8900827803351035,-1.3853495261994522,-1.5063738875533335,1.9509555135798553,0.0,0.0,0.0,0.0,0.0,0.0,1.7695566142836938,0.24339841436500986,-2.329816140589685,-1.004101392145385,3.540695881423035,0.5643377819968957,7.0,1.0,48.0,48.25899887084961,48.04600143432617,-0.07,32.14,28.04,0.401,-0.268,1.303,0,1,0
1778204800.489282,1331.344,1.7696112394332886,0.2434157133102417,-2.3297856489764612,-1.0041287581073206,3.54074764251709,0.5643787384033203,0.0,0.0,-0.0,0.0,0.0,0.0,-0.1007080152630806,3.968811511993408,-1.5177057981491089,0.2086029201745987,-0.0358886756002903,-0.2108459621667862,0.14226243655126383,-0.34689188105396584,0.8900910167669603,-1.3853378953854432,-1.506348463896566,1.9509431019822658,0.0,0.0,0.0,0.0,0.0,0.0,1.7695566142836938,0.24339841436500986,-2.329816140589685,-1.004101392145385,3.540695881423035,0.5643377819968957,7.0,1.0,48.0,48.25899887084961,48.04600143432617,-0.07,32.14,28.04,0.401,-0.268,1.303,0,1,0
1778204800.4975514,1331.3519999999999,1.7695993185043335,0.24342775344848633,-2.3298097292529505,-1.0040929953204554,3.5407235622406006,0.5644266605377197,0.0,0.0,-0.0,0.0,0.0,0.0,-0.1144409328699112,3.987122058868408,-1.504254937171936,0.2018737941980362,-0.0493469275534153,-0.2018737941980362,0.14224940500905925,-0.34688178251473045,0.8900797652471993,-1.3853876653159787,-1.5063088693509767,1.9509292519136334,0.0,0.0,0.0,0.0,0.0,0.0,1.7695566142836938,0.24339841436500986,-2.329816140589685,-1.004101392145385,3.540695881423035,0.5643377819968957,7.0,1.0,48.0,48.25899887084961,48.04600143432617,-0.07,32.14,28.04,0.401,-0.268,1.303,0,1,0
1778204800.5031734,1331.36,1.7696112394332886,0.243391752243042,-2.329773728047506,-1.0040929953204554,3.540771245956421,0.5644146800041199,0.0,0.0,-0.0,0.0,0.0,0.0,-0.1419067531824112,3.973389148712158,-1.4930458068847656,0.2018737941980362,-0.0426178015768528,-0.2198181450366974,0.1422590757545451,-0.3468921264331616,0.8901008228118155,-1.3853488712043966,-1.5063734801228865,1.9509561949887566,0.0,0.0,0.0,0.0,0.0,0.0,1.7695566142836938,0.24339841436500986,-2.329816140589685,-1.004101392145385,3.540695881423035,0.5643377819968957,7.0,1.0,48.0,48.25899887084961,48.04600143432617,-0.07,32.14,28.04,0.401,-0.268,1.303,0,1,0
1778204800.5133243,1331.368,1.7695872783660889,0.2434157133102417,-2.329761568699972,-1.0040929953204554,3.5407590866088867,0.5643547773361206,0.0,0.0,-0.0,0.0,0.0,0.0,-0.0915527418255806,3.959656238555908,-1.5221893787384033,0.2063598781824112,-0.0358886756002903,-0.2220611870288849,0.14226607383021886,-0.346938057159845,0.8900941718975355,-1.3852821102852686,-1.50638646766539,1.9508665559210714,0.0,0.0,0.0,0.0,0.0,0.0,1.7695566142836938,0.24339841436500986,-2.329816140589685,-1.004101392145385,3.540695881423035,0.5643377819968957,7.0,1.0,48.0,48.25899887084961,48.04600143432617,-0.07,32.14,28.04,0.401,-0.268,1.303,0,1,0
1778204800.522295,1331.376,1.7695993185043335,0.24340379238128662,-2.3297856489764612,-1.004068676625387,3.5406997203826904,0.56440269947052,0.0,0.0,-0.0,0.0,0.0,0.0,-0.0595092847943306,3.991699695587158,-1.5289148092269897,0.2063598781824112,-0.0336456336081028,-0.1884155422449112,0.14225496544940255,-0.3468991496658365,0.8900925408864027,-1.3853579641345872,-1.5063111096583828,1.9508793881050737,0.0,0.0,0.0,0.0,0.0,0.0,1.7695566142836938,0.24339841436500986,-2.329816140589685,-1.004101392145385,3.540695881423035,0.5643377819968957,7.0,1.0,48.0,48.25899887084961,48.04600143432617,-0.07,32.14,28.04,0.401,-0.268,1.303,0,1,0
1778204800.530848,1331.384,1.769647240638733,0.24342775344848633,-2.3298097292529505,-1.0040810743915003,3.54074764251709,0.5643787384033203,0.0,0.0,-0.0,0.0,0.0,0.0,-0.0686645582318306,3.955078601837158,-1.5244312286376953,0.2063598781824112,-0.0381317175924778,-0.1906585842370987,0.14227639304581563,-0.3468935573325583,0.8900784872606954,-1.3852973987728128,-1.5064074532640268,1.9509319631838504,0.0,0.0,0.0,0.0,0.0,0.0,1.7695566142836938,0.24339841436500986,-2.329816140589685,-1.004101392145385,3.540695881423035,0.5643377819968957,7.0,1.0,48.0,48.25899887084961,48.04600143432617,-0.07,32.14,28.04,0.401,-0.268,1.303,0,1,0
1778204800.5373747,1331.392,1.7696353197097778,0.2434157133102417,-2.3298097292529505,-1.0041168371783655,3.5407354831695557,0.5643667578697205,0.0,0.0,-0.0,0.0,0.0,0.0,-0.1235962063074112,3.987122058868408,-1.502013087272644,0.2018737941980362,-0.0403747595846653,-0.2175751030445099,0.1422688663694557,-0.3468737653206611,0.890084835583538,-1.385326901073582,-1.5063564327077708,1.9509545328271483,0.0,0.0,0.0,0.0,0.0,0.0,1.7695566142836938,0.24339841436500986,-2.329816140589685,-1.004101392145385,3.540695881423035,0.5643377819968957,7.0,1.0,48.0,48.25899887084961,48.04600143432617,-0.07,32.14,28.04,0.401,-0.268,1.303,0,1,0
1778204800.546555,1331.3999999999999,1.7696112394332886,0.24342775344848633,-2.3297975699054163,-1.004068676625387,3.54074764251709,0.5643907189369202,0.0,0.0,-0.0,0.0,0.0,0.0,-0.1052856519818306,3.987122058868408,-1.5177057981491089,0.1996307522058487,-0.0358886756002903,-0.2018737941980362,0.14226508577130428,-0.34691157992760396,0.8900806759156481,-1.385311547123742,-1.5063838576166946,1.9508953177563204,0.0,0.0,0.0,0.0,0.0,0.0,1.7695566142836938,0.24339841436500986,-2.329816140589685,-1.004101392145385,3.540695881423035,0.5643377819968957,7.0,1.0,48.0,48.198001861572266,48.04600143432617,-0.07,32.14,28.04,0.401,-0.268,1.303,0,1,0
1778204800.5571563,1331.408,1.7695872783660889,0.2434396743774414,-2.3297856489764612,-1.0040572325335901,3.54074764251709,0.5644146800041199,0.0,0.0,-0.0,0.0,0.0,0.0,-0.0366210974752903,3.977966785430908,-1.502013087272644,0.2108459621667862,-0.0403747595846653,-0.1929016262292862,0.1422575959525274,-0.3469332442644567,0.8900786002222003,-1.3853251476552397,-1.5063743438531274,1.9508631044492994,0.0,0.0,0.0,0.0,0.0,0.0,1.7695566142836938,0.24339841436500986,-2.329816140589685,-1.004101392145385,3.540695881423035,0.5643377819968957,7.0,1.0,48.0,48.198001861572266,48.06100082397461,-0.07,32.14,28.04,0.401,-0.268,1.303,0,1,0
1778204800.5669444,1331.416,1.769647240638733,0.2434396743774414,-2.3298097292529505,-1.0040929953204554,3.5407116413116455,0.5643667578697205,0.0,0.0,-0.0,0.0,0.0,0.0,-0.0686645582318306,3.987122058868408,-1.5311566591262817,0.2086029201745987,-0.0358886756002903,-0.2086029201745987,0.1422773594795826,-0.3468976680100811,0.8900747969964871,-1.3853009142982968,-1.506376139736059,1.9509045143341177,0.0,0.0,0.0,0.0,0.0,0.0,1.7695566142836938,0.24339841436500986,-2.329816140589685,-1.004101392145385,3.540695881423035,0.5643377819968957,7.0,1.0,48.0,48.198001861572266,48.06100082397461,-0.07,32.14,28.04,0.401,-0.268,1.303,0,1,0
1778204800.5734928,1331.424,1.769647240638733,0.24345171451568604,-2.329761568699972,-1.0040929953204554,3.5407354831695557,0.5643907189369202,0.0,0.0,-0.0,0.0,0.0,0.0,-0.1464843899011612,3.982544422149658,-1.515463948249817,0.2018737941980362,-0.0358886756002903,-0.2041168361902237,0.1422849811128944,-0.3469456422346617,0.8900814016975314,-1.3852765621752225,-1.5064308543102736,1.9508772175583498,0.0,0.0,0.0,0.0,0.0,0.0,1.7695566142836938,0.24339841436500986,-2.329816140589685,-1.004101392145385,3.540695881423035,0.5643377819968957,7.0,1.0,48.0,48.198001861572266,48.06100082397461,-0.07,32.14,28.04,0.401,-0.268,1.303,0,1,0
1778204800.582618,1331.432,1.7696353197097778,0.24345171451568604,-2.3297975699054163,-1.004068676625387,3.5406997203826904,0.5643667578697205,0.0,0.0,-0.0,0.0,0.0,0.0,-0.1327514797449112,3.991699695587158,-1.5177057981491089,0.2041168361902237,-0.0269165076315403,-0.2063598781824112,0.14227862460791724,-0.34692806189223113,0.8900718169544201,-1.3852809691528953,-1.5063850369043978,1.950846449046441,0.0,0.0,0.0,0.0,0.0,0.0,1.7695566142836938,0.24339841436500986,-2.329816140589685,-1.004101392145385,3.540695881423035,0.5643377819968957,7.0,1.0,48.0,48.198001861572266,48.06100082397461,-0.07,32.14,28.04,0.401,-0.268,1.303,0,1,0
1778204800.5900395,1331.4399999999998,1.7696353197097778,0.24340379238128662,-2.3297856489764612,-1.0040810743915003,3.5407235622406006,0.5643907189369202,0.0,0.0,-0.0,0.0,0.0,0.0,-0.0411987341940403,3.968811511993408,-1.5109803676605225,0.2018737941980362,-0.0358886756002903,-0.1951446682214737,0.14226968794762887,-0.34689391060241653,0.8900929942829618,-1.3853257249483142,-1.5063668676319384,1.9509183802952517,0.0,0.0,0.0,0.0,0.0,0.0,1.7695566142836938,0.24339841436500986,-2.329816140589685,-1.004101392145385,3.540695881423035,0.5643377819968957,7.0,1.0,48.0,48.198001861572266,48.06100082397461,-0.07,32.14,28.04,0.401,-0.268,1.303,0,1,0
1778204800.596905,1331.4479999999999,1.7696353197097778,0.24345171451568604,-2.3297856489764612,-1.0040929953204554,3.5407116413116455,0.5644146800041199,0.0,0.0,-0.0,0.0,0.0,0.0,-0.1327514797449112,3.959656238555908,-1.5064966678619385,0.2086029201745987,-0.0381317175924778,-0.2063598781824112,0.14227123071750414,-0.3469180183068116,0.8900763172950665,-1.3853324388655692,-1.5063692449666501,1.9508928918117059,0.0,0.0,0.0,0.0,0.0,0.0,1.7695566142836938,0.24339841436500986,-2.329816140589685,-1.004101392145385,3.540695881423035,0.5643377819968957,7.0,1.0,48.0,48.198001861572266,48.06100082397461,-0.07,32.14,28.04,0.401,-0.268,1.303,0,1,0
1778204800.605078,1331.456,1.7696353197097778,0.2434396743774414,-2.3297975699054163,-1.004068676625387,3.5407354831695557,0.5643907189369202,0.0,0.0,-0.0,0.0,0.0,0.0,-0.1510620266199112,3.964233875274658,-1.5401238203048706,0.2063598781824112,-0.0336456336081028,-0.2130890041589737,0.14227460401092332,-0.34691607064457536,0.8900763414874608,-1.385297434133909,-1.5064031680136447,1.9508918445429269,0.0,0.0,0.0,0.0,0.0,0.0,1.7695566142836938,0.24339841436500986,-2.329816140589685,-1.004101392145385,3.540695881423035,0.5643377819968957,7.0,1.0,48.0,48.198001861572266,48.06100082397461,-0.07,32.14,28.04,0.401,-0.268,1.303,0,1,0
1778204800.610978,1331.464,1.7695872783660889,0.2434396743774414,-2.3297856489764612,-1.0040810743915003,3.5407354831695557,0.5643427968025208,0.0,0.0,-0.0,0.0,0.0,0.0,-0.1007080152630806,3.982544422149658,-1.5244312286376953,0.1996307522058487,-0.0336456336081028,-0.2063598781824112,0.14226716455822516,-0.34694033758827164,0.8900792194180733,-1.3852726871048926,-1.5063754344245166,1.9508353207942335,0.0,0.0,0.0,0.0,0.0,0.0,1.7695566142836938,0.24339841436500986,-2.329816140589685,-1.004101392145385,3.540695881423035,0.5643377819968957,7.0,1.0,47.986000061035156,48.198001861572266,48.06100082397461,-0.07,32.14,28.04,0.401,-0.268,1.303,0,1,0
1778204800.6125288,1331.464,1.7695872783660889,0.2434396743774414,-2.3297856489764612,-1.0040810743915003,3.5407354831695557,0.5643427968025208,0.0,0.0,-0.0,0.0,0.0,0.0,-0.1007080152630806,3.982544422149658,-1.5244312286376953,0.1996307522058487,-0.0336456336081028,-0.2063598781824112,0.14226716455822516,-0.34694033758827164,0.8900792194180733,-1.3852726871048926,-1.5063754344245166,1.9508353207942335,0.0,0.0,0.0,0.0,0.0,0.0,1.7695566142836938,0.24339841436500986,-2.329816140589685,-1.004101392145385,3.540695881423035,0.5643377819968957,7.0,1.0,47.986000061035156,48.198001861572266,48.06100082397461,-0.03,32.03,28.0,0.401,-0.269,1.306,0,0,1
1778204800.6230779,1331.472,1.7696353197097778,0.24340379238128662,-2.329761568699972,-1.0040810743915003,3.5407590866088867,0.5643547773361206,0.0,0.0,-0.0,0.0,0.0,0.0,-0.1281738430261612,3.968811511993408,-1.513222098350525,0.2041168361902237,-0.0426178015768528,-0.1861725002527237,0.14228193919154744,-0.3469271343624764,0.8900978995455333,-1.385258464064882,-1.5064334450361954,1.9508951088646143,0.0,0.0,0.0,0.0,0.0,0.0,1.7695566142836938,0.24339841436500986,-2.329816140589685,-1.004101392145385,3.540695881423035,0.5643377819968957,7.0,1.0,47.986000061035156,48.2130012512207,48.06100082397461,-0.03,32.03,28.0,0.401,-0.269,1.306,0,1,0
1778204800.6307418,1331.48,1.7696112394332886,0.24347567558288574,-2.3298454920398157,-1.0040572325335901,3.5407354831695557,0.5643547773361206,0.0,0.0,-0.0,0.0,0.0,0.0,-0.1419067531824112,4.010010242462158,-1.515463948249817,0.2018737941980362,-0.0358886756002903,-0.1973877102136612,0.14227012518923104,-0.34691714692042036,0.8900512277790933,-1.3852731167764798,-1.5063937678187638,1.9508565761051408,0.0,0.0,0.0,0.0,0.0,0.0,1.7695566142836938,0.24339841436500986,-2.329816140589685,-1.004101392145385,3.540695881423035,0.5643377819968957,7.0,1.0,47.986000061035156,48.2130012512207,48.029998779296875,-0.03,32.03,28.0,0.401,-0.269,1.306,0,1,0
1778204800.6454082,1331.4879999999998,1.7695993185043335,0.2434396743774414,-2.3297856489764612,-1.0040810743915003,3.5407235622406006,0.5643787384033203,0.0,0.0,-0.0,0.0,0.0,0.0,-0.1144409328699112,3.973389148712158,-1.5177057981491089,0.1996307522058487,-0.0336456336081028,-0.2063598781824112,0.1422646315461188,-0.3469287941041121,0.8900796543238363,-1.3853084483533848,-1.5063605816643615,1.9508570740030373,0.0,0.0,0.0,0.0,0.0,0.0,1.7695566142836938,0.24339841436500986,-2.329816140589685,-1.004101392145385,3.540695881423035,0.5643377819968957,7.0,1.0,47.986000061035156,48.2130012512207,48.029998779296875,-0.03,32.03,28.0,0.401,-0.269,1.306,0,1,0
1778204800.6475585,1331.4959999999999,1.7695993185043335,0.2434157133102417,-2.329761568699972,-1.0040929953204554,3.54074764251709,0.5644146800041199,0.0,0.0,-0.0,0.0,0.0,0.0,-0.0915527418255806,3.959656238555908,-1.5289148092269897,0.2175751030445099,-0.02467346377670765,-0.1929016262292862,0.14225950370402685,-0.3469206458226828,0.8900948577170733,-1.3853419990238065,-1.5063623334764549,1.9509027961976093,0.0,0.0,0.0,0.0,0.0,0.0,1.7695566142836938,0.24339841436500986,-2.329816140589685,-1.004101392145385,3.540695881423035,0.5643377819968957,7.0,1.0,47.986000061035156,48.2130012512207,48.029998779296875,-0.03,32.03,28.0,0.401,-0.269,1.306,0,1,0
1778204800.6618936,1331.504,1.7695993185043335,0.24342775344848633,-2.329773728047506,-1.0041287581073206,3.54074764251709,0.564318835735321,0.0,0.0,-0.0,0.0,0.0,0.0,-0.1647949367761612,3.987122058868408,-1.5087385177612305,0.2018737941980362,-0.0471038855612278,-0.1951446682214737,0.14227240452454615,-0.346927969518051,0.8900886462504836,-1.3852676703394255,-1.50637730404468,1.9508785876929695,0.0,0.0,0.0,0.0,0.0,0.0,1.7695566142836938,0.24339841436500986,-2.329816140589685,-1.004101392145385,3.540695881423035,0.5643377819968957,7.0,1.0,47.986000061035156,48.2130012512207,48.029998779296875,-0.03,32.03,28.0,0.401,-0.269,1.306,0,1,0
1778204800.669137,1331.512,1.7696112394332886,0.24340379238128662,-2.3297975699054163,-1.0041049162494105,3.54074764251709,0.5643787384033203,0.0,0.0,-0.0,0.0,0.0,0.0,-0.1098632961511612,3.987122058868408,-1.5356402397155762,0.2041168361902237,-0.0358886756002903,-0.2041168361902237,0.14226049088530543,-0.34688198225774236,0.8900913852482287,-1.385337795821741,-1.5063484142082173,1.9509431590891608,0.0,0.0,0.0,0.0,0.0,0.0,1.7695566142836938,0.24339841436500986,-2.329816140589685,-1.004101392145385,3.540695881423035,0.5643377819968957,7.0,1.0,47.986000061035156,48.2130012512207,48.029998779296875,-0.03,32.03,28.0,0.401,-0.269,1.306,0,1,0
1778204800.6749127,1331.52,1.7696112394332886,0.2434396743774414,-2.329773728047506,-1.0040572325335901,3.5407354831695557,0.56440269947052,0.0,0.0,-0.0,0.0,0.0,0.0,-0.0549316480755806,3.973389148712158,-1.5289148092269897,0.2041168361902237,-0.0291595496237278,-0.1929016262292862,0.14226944629562543,-0.34694242919206947,0.8900812252043768,-1.385298895235182,-1.5063984597700837,1.9508524837894023,0.0,0.0,0.0,0.0,0.0,0.0,1.7695566142836938,0.24339841436500986,-2.329816140589685,-1.004101392145385,3.540695881423035,0.5643377819968957,7.0,1.0,47.986000061035156,48.2130012512207,48.029998779296875,-0.03,32.03,28.0,0.401,-0.269,1.306,0,1,0
1778204800.6868956,1331.528,1.7696353197097778,0.2434157133102417,-2.3297975699054163,-1.004068676625387,3.5407354831695557,0.5644266605377197,0.0,0.0,-0.0,0.0,0.0,0.0,-0.1190185695886612,3.977966785430908,-1.5244312286376953,0.2086029201745987,-0.0336456336081028,-0.2018737941980362,0.14226490375482725,-0.3468893088860465,0.8900855447507214,-1.385349147010275,-1.5063724729047447,1.950935097790936,0.0,0.0,0.0,0.0,0.0,0.0,1.7695566142836938,0.24339841436500986,-2.329816140589685,-1.004101392145385,3.540695881423035,0.5643377819968957,7.0,1.0,47.986000061035156,48.2130012512207,48.029998779296875,-0.03,32.03,28.0,0.401,-0.269,1.306,0,1,0
1778204800.6897225,1331.5359999999998,1.769647240638733,0.24340379238128662,-2.3298097292529505,-1.0040929953204554,3.5407354831695557,0.5644146800041199,0.0,0.0,-0.0,0.0,0.0,0.0,-0.0640869215130806,4.000854969024658,-1.515463948249817,0.2041168361902237,-0.0426178015768528,-0.1951446682214737,0.14226506902297115,-0.34686098718919384,0.8900884070263557,-1.385362019854172,-1.5063565487080957,1.9509792252035631,0.0,0.0,0.0,0.0,0.0,0.0,1.7695566142836938,0.24339841436500986,-2.329816140589685,-1.004101392145385,3.540695881423035,0.5643377819968957,7.0,1.0,47.986000061035156,48.2130012512207,48.029998779296875,-0.03,32.03,28.0,0.401,-0.269,1.306,0,1,0
1778204800.6983178,1331.5439999999999,1.7695993185043335,0.24345171451568604,-2.3297975699054163,-1.0040810743915003,3.5407354831695557,0.5643667578697205,0.0,0.0,-0.0,0.0,0.0,0.0,-0.0915527418255806,3.973389148712158,-1.504254937171936,0.2063598781824112,-0.0358886756002903,-0.2220611870288849,0.14226695593105446,-0.34693108315309484,0.8900723428945259,-1.3852910658581854,-1.5063774860138175,1.9508565430942593,0.0,0.0,0.0,0.0,0.0,0.0,1.7695566142836938,0.24339841436500986,-2.329816140589685,-1.004101392145385,3.540695881423035,0.5643377819968957,7.0,1.0,48.0,48.24300003051758,48.029998779296875,-0.03,32.03,28.0,0.401,-0.269,1.306,0,1,0
1778204800.704231,1331.552,1.7696353197097778,0.24342775344848633,-2.3297975699054163,-1.0040810743915003,3.5407116413116455,0.5643667578697205,0.0,0.0,-0.0,0.0,0.0,0.0,-0.0778198316693306,3.964233875274658,-1.513222098350525,0.1996307522058487,-0.0403747595846653,-0.1884155422449112,0.14227460219428414,-0.3469061190545627,0.8900812751357414,-1.3852989492252117,-1.5063726673254096,1.9508863919269548,0.0,0.0,0.0,0.0,0.0,0.0,1.7695566142836938,0.24339841436500986,-2.329816140589685,-1.004101392145385,3.540695881423035,0.5643377819968957,7.0,1.0,48.0,48.24300003051758,48.04600143432617,-0.03,32.03,28.0,0.401,-0.269,1.306,0,1,0
1778204800.7090836,1331.56,1.7695872783660889,0.24342775344848633,-2.329773728047506,-1.0041411558734339,3.5407116413116455,0.56440269947052,0.0,0.0,-0.0,0.0,0.0,0.0,-0.1007080152630806,3.973389148712158,-1.515463948249817,0.2086029201745987,-0.0471038855612278,-0.2198181450366974,0.14225111370391888,-0.34690106647122904,0.8900903855214828,-1.385382301297379,-1.5062868653831247,1.9509122113108575,0.0,0.0,0.0,0.0,0.0,0.0,1.7695566142836938,0.24339841436500986,-2.329816140589685,-1.004101392145385,3.540695881423035,0.5643377819968957,7.0,1.0,48.0,48.24300003051758,48.04600143432617,-0.03,32.03,28.0,0.401,-0.269,1.306,0,1,0
1778204800.7195547,1331.568,1.7696112394332886,0.24340379238128662,-2.3297975699054163,-1.0041049162494105,3.5407354831695557,0.5643667578697205,0.0,0.0,-0.0,0.0,0.0,0.0,-0.0503540076315403,3.968811511993408,-1.5311566591262817,0.2086029201745987,-0.0381317175924778,-0.1659851223230362,0.14226189138838163,-0.34688394598011835,0.8900913139814839,-1.3853309038042154,-1.5063410691700672,1.9509291948627518,0.0,0.0,0.0,0.0,0.0,0.0,1.7695566142836938,0.24339841436500986,-2.329816140589685,-1.004101392145385,3.540695881423035,0.5643377819968957,7.0,1.0,48.0,48.24300003051758,48.04600143432617,-0.03,32.03,28.0,0.401,-0.269,1.306,0,1,0
1778204800.7280393,1331.576,1.7695993185043335,0.24345171451568604,-2.3297856489764612,-1.0040810743915003,3.5406875610351562,0.56440269947052,0.0,0.0,-0.0,0.0,0.0,0.0,-0.1327514797449112,3.987122058868408,-1.5064966678619385,0.2086029201745987,-0.0426178015768528,-0.1951446682214737,0.1422605167257942,-0.3469289521588973,0.8900756380690318,-1.3853407529254702,-1.5063226890100658,1.9508399815411757,0.0,0.0,0.0,0.0,0.0,0.0,1.7695566142836938,0.24339841436500986,-2.329816140589685,-1.004101392145385,3.540695881423035,0.5643377819968957,7.0,1.0,48.0,48.24300003051758,48.04600143432617,-0.03,32.03,28.0,0.401,-0.269,1.306,0,1,0
1778204800.734825,1331.5839999999998,1.7695993185043335,0.24347567558288574,-2.3297975699054163,-1.0040929953204554,3.5407354831695557,0.5643787384033203,0.0,0.0,-0.0,0.0,0.0,0.0,-0.1098632961511612,3.968811511993408,-1.504254937171936,0.2041168361902237,-0.0358886756002903,-0.2153320610523224,0.1422675392417262,-0.34694121248683546,0.8900643081214994,-1.3852956542296966,-1.5063806762740206,1.950852590436893,0.0,0.0,0.0,0.0,0.0,0.0,1.7695566142836938,0.24339841436500986,-2.329816140589685,-1.004101392145385,3.540695881423035,0.5643377819968957,7.0,1.0,48.0,48.24300003051758,48.04600143432617,-0.03,32.03,28.0,0.401,-0.269,1.306,0,1,0
1778204800.7401981,1331.5919999999999,1.7695993185043335,0.24345171451568604,-2.3297975699054163,-1.0040929953204554,3.5407235622406006,0.56440269947052,0.0,0.0,-0.0,0.0,0.0,0.0,-0.0732421949505806,3.964233875274658,-1.515463948249817,0.1996307522058487,-0.0381317175924778,-0.1906585842370987,0.14225925292733374,-0.3469164337612074,0.8900734397710289,-1.3853403698996745,-1.5063428751985057,1.950882014724825,0.0,0.0,0.0,0.0,0.0,0.0,1.7695566142836938,0.24339841436500986,-2.329816140589685,-1.004101392145385,3.540695881423035,0.5643377819968957,7.0,1.0,48.0,48.24300003051758,48.04600143432617,-0.03,32.03,28.0,0.401,-0.269,1.306,0,1,0
1778204800.7511194,1331.6,1.7696592807769775,0.2434396743774414,-2.329761568699972,-1.004068676625387,3.5407354831695557,0.5643547773361206,0.0,0.0,-0.0,0.0,0.0,0.0,-0.02288818545639515,3.996277332305908,-1.5199475288391113,0.1973877102136612,-0.0403747595846653,-0.1749572902917862,0.14229546420732306,-0.3469536237558032,0.8900841036178463,-1.3852262223810865,-1.506465486800201,1.950851890108095,0.0,0.0,0.0,0.0,0.0,0.0,1.7695566142836938,0.24339841436500986,-2.329816140589685,-1.004101392145385,3.540695881423035,0.5643377819968957,7.0,1.0,48.0,48.24300003051758,48.04600143432617,-0.03,32.03,28.0,0.401,-0.269,1.306,0,1,0
1778204800.758339,1331.608,1.769647240638733,0.24345171451568604,-2.3298097292529505,-1.0041049162494105,3.5407354831695557,0.56440269947052,0.0,0.0,-0.0,0.0,0.0,0.0,-0.1281738430261612,3.973389148712158,-1.5244312286376953,0.2063598781824112,-0.0336456336081028,-0.1951446682214737,0.1422733225280337,-0.3468949250078306,0.8900712970244544,-1.385327062247219,-1.506385554474816,1.950939128641668,0.0,0.0,0.0,0.0,0.0,0.0,1.7695566142836938,0.24339841436500986,-2.329816140589685,-1.004101392145385,3.540695881423035,0.5643377819968957,7.0,1.0,48.0,48.24300003051758,48.04600143432617,-0.03,32.03,28.0,0.401,-0.269,1.306,0,1,0
1778204800.7744625,1331.616,1.7696112394332886,0.2434157133102417,-2.3297856489764612,-1.0041168371783655,3.5407116413116455,0.5643907189369202,0.0,0.0,-0.0,0.0,0.0,0.0,-0.0961303785443306,3.968811511993408,-1.5244312286376953,0.2063598781824112,-0.0381317175924778,-0.2198181450366974,0.14225953260379623,-0.34689081615596373,0.8900906451418859,-1.3853580461014217,-1.506315369218974,1.950919052386243,0.0,0.0,0.0,0.0,0.0,0.0,1.7695566142836938,0.24339841436500986,-2.329816140589685,-1.004101392145385,3.540695881423035,0.5643377819968957,7.0,1.0,48.0,48.22800064086914,48.04600143432617,-0.03,32.03,28.0,0.401,-0.269,1.306,0,1,0
1778204800.7959378,1331.616,1.7696112394332886,0.2434157133102417,-2.3297856489764612,-1.0041168371783655,3.5407116413116455,0.5643907189369202,0.0,0.0,-0.0,0.0,0.0,0.0,-0.0961303785443306,3.968811511993408,-1.5244312286376953,0.2063598781824112,-0.0381317175924778,-0.2198181450366974,0.14225953260379623,-0.34689081615596373,0.8900906451418859,-1.3853580461014217,-1.506315369218974,1.950919052386243,0.0,0.0,0.0,0.0,0.0,0.0,1.7695566142836938,0.24339841436500986,-2.329816140589685,-1.004101392145385,3.540695881423035,0.5643377819968957,7.0,1.0,48.0,48.22800064086914,48.04600143432617,0.05,31.85,27.88,0.405,-0.276,1.31,0,0,1
1778204800.8028119,1331.624,1.7696112394332886,0.2434636354446411,-2.3297856489764612,-1.0041049162494105,3.540771245956421,0.56440269947052,0.0,0.0,-0.0,0.0,0.0,0.0,-0.1098632961511612,3.968811511993408,-1.5177057981491089,0.1996307522058487,-0.0314025916159153,-0.1839294582605362,0.14226879856420852,-0.34693333670271653,0.8900721913292124,-1.3853063022259664,-1.5064105111125459,1.9509050475789143,0.0,0.0,0.0,0.0,0.0,0.0,1.7695566142836938,0.24339841436500986,-2.329816140589685,-1.004101392145385,3.540695881423035,0.5643377819968957,7.0,1.0,48.01499938964844,48.22800064086914,48.04600143432617,0.05,31.85,27.88,0.405,-0.276,1.31,0,1,0
1778204800.8409536,1331.6319999999998,1.7696112394332886,0.2434396743774414,-2.3297975699054163,-1.0040929953204554,3.5407590866088867,0.5643547773361206,0.0,0.0,-0.0,0.0,0.0,0.0,-0.1144409328699112,3.973389148712158,-1.5087385177612305,0.2041168361902237,-0.0403747595846653,-0.2175751030445099,0.14227154064962685,-0.3469204474829361,0.8900772047637792,-1.3852780854921398,-1.5064017063228436,1.9508916943561447,0.0,0.0,0.0,0.0,0.0,0.0,1.7695566142836938,0.24339841436500986,-2.329816140589685,-1.004101392145385,3.540695881423035,0.5643377819968957,7.0,1.0,48.01499938964844,48.22800064086914,48.04600143432617,0.05,31.85,27.88,0.405,-0.276,1.31,0,1,0
1778204800.8614988,1331.6399999999999,1.7696592807769775,0.2434157133102417,-2.3297856489764612,-1.0040929953204554,3.5407590866088867,0.5644146800041199,0.0,0.0,-0.0,0.0,0.0,0.0,-0.1464843899011612,3.964233875274658,-1.504254937171936,0.2063598781824112,-0.0336456336081028,-0.1772003322839737,0.14227658125013562,-0.34689157409922006,0.8900893582310015,-1.3853229535757738,-1.5064162627294158,1.9509667980920118,0.0,0.0,0.0,0.0,0.0,0.0,1.7695566142836938,0.24339841436500986,-2.329816140589685,-1.004101392145385,3.540695881423035,0.5643377819968957,7.0,1.0,48.01499938964844,48.22800064086914,48.04600143432617,0.05,31.85,27.88,0.405,-0.276,1.31,0,1,0
1778204800.8715982,1331.648,1.7695993185043335,0.24340379238128662,-2.3298097292529505,-1.0040810743915003,3.5406875610351562,0.5643787384033203,0.0,0.0,-0.0,0.0,0.0,0.0,-0.1052856519818306,3.968811511993408,-1.5177057981491089,0.2063598781824112,-0.0358886756002903,-0.2220611870288849,0.1422530477564231,-0.3468775829448958,0.8900875835829325,-1.3853621933933662,-1.506284124217231,1.950891580513618,0.0,0.0,0.0,0.0,0.0,0.0,1.7695566142836938,0.24339841436500986,-2.329816140589685,-1.004101392145385,3.540695881423035,0.5643377819968957,7.0,1.0,48.01499938964844,48.22800064086914,48.04600143432617,0.05,31.85,27.88,0.405,-0.276,1.31,0,1,0
1778204800.8736303,1331.656,1.7695993185043335,0.2434157133102417,-2.3297975699054163,-1.0040929953204554,3.54074764251709,0.56440269947052,0.0,0.0,-0.0,0.0,0.0,0.0,-0.1373291164636612,3.968811511993408,-1.4952876567840576,0.1973877102136612,-0.0358886756002903,-0.2153320610523224,0.14225508152824615,-0.34689149659658564,0.8900865868816852,-1.3853527795703044,-1.506342965688161,1.9509285320748622,0.0,0.0,0.0,0.0,0.0,0.0,1.7695566142836938,0.24339841436500986,-2.329816140589685,-1.004101392145385,3.540695881423035,0.5643377819968957,7.0,1.0,48.01499938964844,48.22800064086914,48.04600143432617,0.05,31.85,27.88,0.405,-0.276,1.31,0,1,0
1778204800.905518,1331.664,1.7695872783660889,0.24345171451568604,-2.329761568699972,-1.0040572325335901,3.5407235622406006,0.5643547773361206,0.0,0.0,-0.0,0.0,0.0,0.0,-0.0915527418255806,3.977966785430908,-1.5311566591262817,0.1973877102136612,-0.0336456336081028,-0.1861725002527237,0.14227262981616806,-0.3469765197131077,0.8900790874730014,-1.3852517657044081,-1.5063988184514052,1.9507809969309895,0.0,0.0,0.0,0.0,0.0,0.0,1.7695566142836938,0.24339841436500986,-2.329816140589685,-1.004101392145385,3.540695881423035,0.5643377819968957,7.0,1.0,48.01499938964844,48.22800064086914,48.04600143432617,0.05,31.85,27.88,0.405,-0.276,1.31,0,1,0
1778204800.9210198,1331.672,1.7696353197097778,0.2434157133102417,-2.3297975699054163,-1.0041049162494105,3.54074764251709,0.5643547773361206,0.0,0.0,-0.0,0.0,0.0,0.0,-0.0823974683880806,3.987122058868408,-1.5266729593276978,0.2018737941980362,-0.0358886756002903,-0.2153320610523224,0.14227470054062066,-0.34689336955658356,0.8900867424872193,-1.3852940752018887,-1.5063897117279355,1.9509323216105698,0.0,0.0,0.0,0.0,0.0,0.0,1.7695566142836938,0.24339841436500986,-2.329816140589685,-1.004101392145385,3.540695881423035,0.5643377819968957,7.0,1.0,48.01499938964844,48.22800064086914,48.04600143432617,0.05,31.85,27.88,0.405,-0.276,1.31,0,1,0
1778204800.9249892,1331.6799999999998,1.7695753574371338,0.2434157133102417,-2.3298097292529505,-1.0040929953204554,3.540783166885376,0.56440269947052,0.0,0.0,-0.0,0.0,0.0,0.0,-0.1327514797449112,3.977966785430908,-1.5333983898162842,0.2041168361902237,-0.0403747595846653,-0.2220611870288849,0.14224643160448547,-0.3468869540736382,0.8900836742722287,-1.3853568798947038,-1.5063470608408154,1.9509454333428782,0.0,0.0,0.0,0.0,0.0,0.0,1.7695566142836938,0.24339841436500986,-2.329816140589685,-1.004101392145385,3.540695881423035,0.5643377819968957,7.0,1.0,48.01499938964844,48.22800064086914,48.04600143432617,0.05,31.85,27.88,0.405,-0.276,1.31,0,1,0
1778204800.9298608,1331.6879999999999,1.7696353197097778,0.24342775344848633,-2.3298097292529505,-1.0040572325335901,3.5407590866088867,0.5643907189369202,0.0,0.0,-0.0,0.0,0.0,0.0,-0.1007080152630806,3.996277332305908,-1.4952876567840576,0.2063598781824112,-0.0358886756002903,-0.2108459621667862,0.1422728061318552,-0.3469028690369306,0.8900772373918634,-1.385295186369863,-1.5064183879491337,1.9509167225757726,0.0,0.0,0.0,0.0,0.0,0.0,1.7695566142836938,0.24339841436500986,-2.329816140589685,-1.004101392145385,3.540695881423035,0.5643377819968957,7.0,1.0,48.01499938964844,48.25899887084961,48.04600143432617,0.05,31.85,27.88,0.405,-0.276,1.31,0,1,0
1778204800.9329293,1331.696,1.7695872783660889,0.24347567558288574,-2.3297975699054163,-1.0040810743915003,3.5407235622406006,0.5643907189369202,0.0,0.0,-0.0,0.0,0.0,0.0,-0.1556396633386612,3.996277332305908,-1.5109803676605225,0.2063598781824112,-0.0336456336081028,-0.1996307522058487,0.14226170621454634,-0.3469438204033151,0.8900638268833498,-1.385311268201787,-1.5063600182095305,1.95083497175795,0.0,0.0,0.0,0.0,0.0,0.0,1.7695566142836938,0.24339841436500986,-2.329816140589685,-1.004101392145385,3.540695881423035,0.5643377819968957,7.0,1.0,48.01499938964844,48.25899887084961,48.06100082397461,0.05,31.85,27.88,0.405,-0.276,1.31,0,1,0
1778204800.9395764,1331.704,1.7696112394332886,0.24345171451568604,-2.3298097292529505,-1.0040929953204554,3.5407116413116455,0.5643667578697205,0.0,0.0,-0.0,0.0,0.0,0.0,-0.0823974683880806,3.964233875274658,-1.5199475288391113,0.2018737941980362,-0.0493469275534153,-0.2198181450366974,0.14226668321102526,-0.3469117852668528,0.8900703633749517,-1.385310940470163,-1.5063489994156603,1.9508721336227461,0.0,0.0,0.0,0.0,0.0,0.0,1.7695566142836938,0.24339841436500986,-2.329816140589685,-1.004101392145385,3.540695881423035,0.5643377819968957,7.0,1.0,48.01499938964844,48.25899887084961,48.06100082397461,0.05,31.85,27.88,0.405,-0.276,1.31,0,1,0
1778204800.9417896,1331.712,1.7696112394332886,0.24342775344848633,-2.3297975699054163,-1.004068676625387,3.5407116413116455,0.5643787384033203,0.0,0.0,-0.0,0.0,0.0,0.0,-0.1327514797449112,3.968811511993408,-1.5177057981491089,0.2041168361902237,-0.0426178015768528,-0.2108459621667862,0.14226525046580468,-0.3469116030530028,0.890080713158564,-1.3853149964062375,-1.506352540136956,1.9508679139555596,0.0,0.0,0.0,0.0,0.0,0.0,1.7695566142836938,0.24339841436500986,-2.329816140589685,-1.004101392145385,3.540695881423035,0.5643377819968957,7.0,1.0,47.97100067138672,48.25899887084961,48.06100082397461,0.05,31.85,27.88,0.405,-0.276,1.31,0,1,0
1778204800.957512,1331.72,1.769647240638733,0.24345171451568604,-2.3297975699054163,-1.0040929953204554,3.5407235622406006,0.5643547773361206,0.0,0.0,-0.0,0.0,0.0,0.0,-0.1190185695886612,3.982544422149658,-1.504254937171936,0.2063598781824112,-0.0403747595846653,-0.2310333549976349,0.14228400122635104,-0.3469214293934858,0.8900729327215504,-1.3852681811432463,-1.5064092619361948,1.9508820147248247,0.0,0.0,0.0,0.0,0.0,0.0,1.7695566142836938,0.24339841436500986,-2.329816140589685,-1.004101392145385,3.540695881423035,0.5643377819968957,7.0,1.0,47.97100067138672,48.25899887084961,48.06100082397461,0.05,31.85,27.88,0.405,-0.276,1.31,0,1,0
1778204800.9638257,1331.7279999999998,1.7696112394332886,0.24347567558288574,-2.3298097292529505,-1.0040929953204554,3.540771245956421,0.5643907189369202,0.0,0.0,-0.0,0.0,0.0,0.0,-0.1144409328699112,3.964233875274658,-1.499771237373352,0.2108459621667862,-0.0403747595846653,-0.2041168361902237,0.1422693184094375,-0.34692863129549967,0.8900615217448772,-1.3852942077634722,-1.5064152228321996,1.950898026752961,0.0,0.0,0.0,0.0,0.0,0.0,1.7695566142836938,0.24339841436500986,-2.329816140589685,-1.004101392145385,3.540695881423035,0.5643377819968957,7.0,1.0,47.97100067138672,48.25899887084961,48.06100082397461,0.05,31.85,27.88,0.405,-0.276,1.31,0,1,0
1778204800.970194,1331.7359999999999,1.7695993185043335,0.24345171451568604,-2.3298097292529505,-1.0040929953204554,3.5407354831695557,0.5643547773361206,0.0,0.0,-0.0,0.0,0.0,0.0,-0.1144409328699112,3.977966785430908,-1.515463948249817,0.2041168361902237,-0.0381317175924778,-0.1772003322839737,0.1422658143468491,-0.34691837515227963,0.8900701280196006,-1.385294282712094,-1.5063661937097916,1.950871390466526,0.0,0.0,0.0,0.0,0.0,0.0,1.7695566142836938,0.24339841436500986,-2.329816140589685,-1.004101392145385,3.540695881423035,0.5643377819968957,7.0,1.0,47.97100067138672,48.25899887084961,48.06100082397461,0.05,31.85,27.88,0.405,-0.276,1.31,0,1,0
1778204800.9817812,1331.744,1.7696112394332886,0.2434396743774414,-2.329761568699972,-1.0040810743915003,3.5407235622406006,0.5644146800041199,0.0,0.0,-0.0,0.0,0.0,0.0,-0.1235962063074112,3.973389148712158,-1.5109803676605225,0.2086029201745987,-0.0403747595846653,-0.1973877102136612,0.14226699147038727,-0.3469397105993058,0.8900854813256299,-1.3853237481875056,-1.5063738164248486,1.950863507068093,0.0,0.0,0.0,0.0,0.0,0.0,1.7695566142836938,0.24339841436500986,-2.329816140589685,-1.004101392145385,3.540695881423035,0.5643377819968957,7.0,1.0,47.97100067138672,48.25899887084961,48.06100082397461,0.05,31.85,27.88,0.405,-0.276,1.31,0,1,0
1778204800.984121,1331.752,1.7695993185043335,0.2434157133102417,-2.329773728047506,-1.0041049162494105,3.5407235622406006,0.5643667578697205,0.0,0.0,-0.0,0.0,0.0,0.0,-0.0823974683880806,3.987122058868408,-1.5199475288391113,0.1996307522058487,-0.0381317175924778,-0.1929016262292862,0.1422632062821823,-0.3469148380549458,0.8900923722943977,-1.3853191606608353,-1.5063414709005445,1.9508827408874794,0.0,0.0,0.0,0.0,0.0,0.0,1.7695566142836938,0.24339841436500986,-2.329816140589685,-1.004101392145385,3.540695881423035,0.5643377819968957,7.0,1.0,47.97100067138672,48.25899887084961,48.06100082397461,0.05,31.85,27.88,0.405,-0.276,1.31,0,1,0
1778204800.9923887,1331.76,1.769647240638733,0.2434636354446411,-2.3297856489764612,-1.0041287581073206,3.5407354831695557,0.5643427968025208,0.0,0.0,-0.0,0.0,0.0,0.0,-0.1373291164636612,3.973389148712158,-1.551332950592041,0.1996307522058487,-0.0381317175924778,-0.2086029201745987,0.14228760309101435,-0.34693043289205644,0.8900730449677943,-1.385258575770019,-1.5064181946347752,1.9508924317127707,0.0,0.0,0.0,0.0,0.0,0.0,1.7695566142836938,0.24339841436500986,-2.329816140589685,-1.004101392145385,3.540695881423035,0.5643377819968957,7.0,1.0,47.97100067138672,48.27399826049805,48.06100082397461,0.05,31.85,27.88,0.405,-0.276,1.31,0,1,0
1778204800.995254,1331.768,1.7696353197097778,0.2434157133102417,-2.3297975699054163,-1.0040929953204554,3.54074764251709,0.5643427968025208,0.0,0.0,-0.0,0.0,0.0,0.0,-0.0778198316693306,3.982544422149658,-1.5177057981491089,0.2018737941980362,-0.0336456336081028,-0.2243042290210724,0.1422777244902318,-0.346901141659096,0.8900859535653698,-1.3852742750476545,-1.506402575113484,1.9509143487699043,0.0,0.0,0.0,0.0,0.0,0.0,1.7695566142836938,0.24339841436500986,-2.329816140589685,-1.004101392145385,3.540695881423035,0.5643377819968957,7.0,1.0,47.97100067138672,48.27399826049805,48.01499938964844,0.05,31.85,27.88,0.405,-0.276,1.31,0,1,0
1778204801.0086937,1331.7759999999998,1.7696112394332886,0.24345171451568604,-2.3298216501819056,-1.0040929953204554,3.54074764251709,0.5643787384033203,0.0,0.0,-0.0,0.0,0.0,0.0,-0.1190185695886612,3.982544422149658,-1.513222098350525,0.2063598781824112,-0.0403747595846653,-0.1906585842370987,0.14226438175078265,-0.3469011320899327,0.8900676295053425,-1.3853150893176827,-1.5063722874715306,1.9509104137056066,0.0,0.0,0.0,0.0,0.0,0.0,1.7695566142836938,0.24339841436500986,-2.329816140589685,-1.004101392145385,3.540695881423035,0.5643377819968957,7.0,1.0,47.97100067138672,48.27399826049805,48.01499938964844,0.05,31.85,27.88,0.405,-0.276,1.31,0,1,0
1778204801.012007,1331.7759999999998,1.7696112394332886,0.24345171451568604,-2.3298216501819056,-1.0040929953204554,3.54074764251709,0.5643787384033203,0.0,0.0,-0.0,0.0,0.0,0.0,-0.1190185695886612,3.982544422149658,-1.513222098350525,0.2063598781824112,-0.0403747595846653,-0.1906585842370987,0.14226438175078265,-0.3469011320899327,0.8900676295053425,-1.3853150893176827,-1.5063722874715306,1.9509104137056066,0.0,0.0,0.0,0.0,0.0,0.0,1.7695566142836938,0.24339841436500986,-2.329816140589685,-1.004101392145385,3.540695881423035,0.5643377819968957,7.0,1.0,47.97100067138672,48.27399826049805,48.01499938964844,0.19,31.59,27.58,0.41,-0.291,1.316,0,0,1
1778204801.0182776,1331.7839999999999,1.769647240638733,0.2434396743774414,-2.3297856489764612,-1.0041049162494105,3.54074764251709,0.5643667578697205,0.0,0.0,-0.0,0.0,0.0,0.0,-0.1373291164636612,3.977966785430908,-1.5199475288391113,0.2086029201745987,-0.0381317175924778,-0.2018737941980362,0.1422825500024177,-0.34691725181280586,0.890080742472733,-1.385277580402154,-1.5064205726087916,1.9509137034026358,0.0,0.0,0.0,0.0,0.0,0.0,1.7695566142836938,0.24339841436500986,-2.329816140589685,-1.004101392145385,3.540695881423035,0.5643377819968957,7.0,1.0,47.97100067138672,48.27399826049805,48.01499938964844,0.19,31.59,27.58,0.41,-0.291,1.316,0,1,0
1778204801.0256128,1331.792,1.7695993185043335,0.2434636354446411,-2.329773728047506,-1.0041049162494105,3.5407235622406006,0.5643907189369202,0.0,0.0,-0.0,0.0,0.0,0.0,-0.0915527418255806,3.991699695587158,-1.513222098350525,0.2018737941980362,-0.0448608435690403,-0.1929016262292862,0.1422663588390816,-0.3469447349441995,0.8900749781195763,-1.3853130710167973,-1.506363817625468,1.9508531090747339,0.0,0.0,0.0,0.0,0.0,0.0,1.7695566142836938,0.24339841436500986,-2.329816140589685,-1.004101392145385,3.540695881423035,0.5643377819968957,7.0,1.0,47.97100067138672,48.27399826049805,48.01499938964844,0.19,31.59,27.58,0.41,-0.291,1.316,0,1,0
1778204801.0419607,1331.8,1.7695993185043335,0.24345171451568604,-2.3297856489764612,-1.0040929953204554,3.5407235622406006,0.5643787384033203,0.0,0.0,-0.0,0.0,0.0,0.0,-0.1190185695886612,3.987122058868408,-1.5221893787384033,0.2018737941980362,-0.0381317175924778,-0.2041168361902237,0.14226545114729242,-0.34693297072921436,0.8900758827686666,-1.3853084378266698,-1.5063606653897166,1.9508569201743415,0.0,0.0,0.0,0.0,0.0,0.0,1.7695566142836938,0.24339841436500986,-2.329816140589685,-1.004101392145385,3.540695881423035,0.5643377819968957,7.0,1.0,47.986000061035156,48.27399826049805,48.01499938964844,0.19,31.59,27.58,0.41,-0.291,1.316,0,1,0
1778204801.047827,1331.808,1.7696112394332886,0.24340379238128662,-2.329749647771017,-1.0040810743915003,3.5406997203826904,0.5643667578697205,0.0,0.0,-0.0,0.0,0.0,0.0,-0.1281738430261612,3.968811511993408,-1.5177057981491089,0.2086029201745987,-0.0403747595846653,-0.1861725002527237,0.14227061360295692,-0.3469334052284884,0.8901009932658116,-1.3853006036508315,-1.5063533546760033,1.9508435873376602,0.0,0.0,0.0,0.0,0.0,0.0,1.7695566142836938,0.24339841436500986,-2.329816140589685,-1.004101392145385,3.540695881423035,0.5643377819968957,7.0,1.0,47.986000061035156,48.27399826049805,48.01499938964844,0.19,31.59,27.58,0.41,-0.291,1.316,0,1,0
1778204801.0560439,1331.816,1.769647240638733,0.2434636354446411,-2.3298097292529505,-1.0041411558734339,3.5407235622406006,0.5643907189369202,0.0,0.0,-0.0,0.0,0.0,0.0,-0.1007080152630806,3.996277332305908,-1.5064966678619385,0.2086029201745987,-0.0471038855612278,-0.1884155422449112,0.1422735114147084,-0.3468911651672225,0.8900688477140579,-1.3853357036018727,-1.506362166784702,1.9509474157347495,0.0,0.0,0.0,0.0,0.0,0.0,1.7695566142836938,0.24339841436500986,-2.329816140589685,-1.004101392145385,3.540695881423035,0.5643377819968957,7.0,1.0,47.986000061035156,48.27399826049805,48.01499938964844,0.19,31.59,27.58,0.41,-0.291,1.316,0,1,0
1778204801.060279,1331.8239999999998,1.7695872783660889,0.24335575103759766,-2.329773728047506,-1.0040572325335901,3.5407116413116455,0.5643547773361206,0.0,0.0,-0.0,0.0,0.0,0.0,-0.0961303785443306,3.959656238555908,-1.5109803676605225,0.2063598781824112,-0.0381317175924778,-0.1951446682214737,0.14225538716548683,-0.34689300894529146,0.890111731080097,-1.3853256087375254,-1.5063143489296642,1.9508731804263912,0.0,0.0,0.0,0.0,0.0,0.0,1.7695566142836938,0.24339841436500986,-2.329816140589685,-1.004101392145385,3.540695881423035,0.5643377819968957,7.0,1.0,47.986000061035156,48.27399826049805,48.01499938964844,0.19,31.59,27.58,0.41,-0.291,1.316,0,1,0
1778204801.0685241,1331.8319999999999,1.769647240638733,0.24342775344848633,-2.329749647771017,-1.0041049162494105,3.54074764251709,0.56440269947052,0.0,0.0,-0.0,0.0,0.0,0.0,-0.0686645582318306,3.982544422149658,-1.5333983898162842,0.2041168361902237,-0.0358886756002903,-0.2601929008960724,0.14228111677546706,-0.3469315881140913,0.8900936558838846,-1.3852987013558316,-1.5064221925566783,1.95091309417709,0.0,0.0,0.0,0.0,0.0,0.0,1.7695566142836938,0.24339841436500986,-2.329816140589685,-1.004101392145385,3.540695881423035,0.5643377819968957,7.0,1.0,47.986000061035156,48.22800064086914,48.01499938964844,0.19,31.59,27.58,0.41,-0.291,1.316,0,1,0
1778204801.0852199,1331.84,1.769647240638733,0.24345171451568604,-2.3297975699054163,-1.0041049162494105,3.54074764251709,0.5643787384033203,0.0,0.0,-0.0,0.0,0.0,0.0,-0.1144409328699112,3.996277332305908,-1.5244312286376953,0.1996307522058487,-0.01794433780014515,-0.1973877102136612,0.1422801946852065,-0.34691266386824365,0.8900737389202633,-1.385289702575003,-1.5064157304051833,1.950920671204336,0.0,0.0,0.0,0.0,0.0,0.0,1.7695566142836938,0.24339841436500986,-2.329816140589685,-1.004101392145385,3.540695881423035,0.5643377819968957,7.0,1.0,47.986000061035156,48.22800064086914,48.04600143432617,0.19,31.59,27.58,0.41,-0.291,1.316,0,1,0
1778204801.0896971,1331.848,1.7696112394332886,0.24340379238128662,-2.3297975699054163,-1.004068676625387,3.5407116413116455,0.5643427968025208,0.0,0.0,-0.0,0.0,0.0,0.0,-0.0640869215130806,3.991699695587158,-1.5244312286376953,0.2041168361902237,-0.0403747595846653,-0.2198181450366974,0.14226773542882706,-0.3469025615113013,0.8900891561343557,-1.3852937082590058,-1.5063511278074007,1.9508685106629107,0.0,0.0,0.0,0.0,0.0,0.0,1.7695566142836938,0.24339841436500986,-2.329816140589685,-1.004101392145385,3.540695881423035,0.5643377819968957,7.0,1.0,47.986000061035156,48.22800064086914,48.04600143432617,0.19,31.59,27.58,0.41,-0.291,1.316,0,1,0
1778204801.0927074,1331.856,1.7696112394332886,0.2434396743774414,-2.3298097292529505,-1.0040810743915003,3.54074764251709,0.5643907189369202,0.0,0.0,-0.0,0.0,0.0,0.0,-0.1327514797449112,3.977966785430908,-1.5333983898162842,0.2041168361902237,-0.0403747595846653,-0.1906585842370987,0.14226366815114008,-0.3469046321591605,0.890074224285845,-1.3853196681613318,-1.5063753524713885,1.950906800973958,0.0,0.0,0.0,0.0,0.0,0.0,1.7695566142836938,0.24339841436500986,-2.329816140589685,-1.004101392145385,3.540695881423035,0.5643377819968957,7.0,1.0,47.986000061035156,48.22800064086914,48.04600143432617,0.19,31.59,27.58,0.41,-0.291,1.316,0,1,0
1778204801.1001668,1331.864,1.7696353197097778,0.24345171451568604,-2.3297975699054163,-1.004068676625387,3.5407590866088867,0.5643907189369202,0.0,0.0,-0.0,0.0,0.0,0.0,-0.0915527418255806,3.996277332305908,-1.5177057981491089,0.2018737941980362,-0.0403747595846653,-0.2243042290210724,0.14227764029617296,-0.3469269870952499,0.8900718001013068,-1.3852795518479226,-1.5064349674096358,1.9508941322641542,0.0,0.0,0.0,0.0,0.0,0.0,1.7695566142836938,0.24339841436500986,-2.329816140589685,-1.004101392145385,3.540695881423035,0.5643377819968957,7.0,1.0,47.986000061035156,48.22800064086914,48.04600143432617,0.19,31.59,27.58,0.41,-0.291,1.316,0,1,0
1778204801.1023352,1331.8719999999998,1.7696112394332886,0.24340379238128662,-2.3297856489764612,-1.0041049162494105,3.54074764251709,0.5643787384033203,0.0,0.0,-0.0,0.0,0.0,0.0,-0.1007080152630806,3.977966785430908,-1.504254937171936,0.2018737941980362,-0.0493469275534153,-0.1906585842370987,0.14226262774729803,-0.3468926121829871,0.8900940822371488,-1.3853301972729535,-1.5063564435645476,1.9509322832581768,0.0,0.0,0.0,0.0,0.0,0.0,1.7695566142836938,0.24339841436500986,-2.329816140589685,-1.004101392145385,3.540695881423035,0.5643377819968957,7.0,1.0,47.986000061035156,48.22800064086914,48.04600143432617,0.19,31.59,27.58,0.41,-0.291,1.316,0,1,0
1778204801.1097698,1331.8799999999999,1.7695993185043335,0.24342775344848633,-2.329773728047506,-1.0041049162494105,3.54074764251709,0.5643547773361206,0.0,0.0,-0.0,0.0,0.0,0.0,-0.0915527418255806,3.987122058868408,-1.5221893787384033,0.2018737941980362,-0.0426178015768528,-0.2108459621667862,0.14226829785033634,-0.34692874693344083,0.890087702104693,-1.3852889047746584,-1.5063786297768356,1.9508781890295634,0.0,0.0,0.0,0.0,0.0,0.0,1.7695566142836938,0.24339841436500986,-2.329816140589685,-1.004101392145385,3.540695881423035,0.5643377819968957,7.0,1.0,48.01499938964844,48.22800064086914,48.04600143432617,0.19,31.59,27.58,0.41,-0.291,1.316,0,1,0
1778204801.1197374,1331.888,1.7695993185043335,0.24342775344848633,-2.3298216501819056,-1.0040929953204554,3.54074764251709,0.5643308162689209,0.0,0.0,-0.0,0.0,0.0,0.0,-0.1419067531824112,3.959656238555908,-1.513222098350525,0.2063598781824112,-0.0381317175924778,-0.2018737941980362,0.14226476261136076,-0.34689673997275916,0.8900759457293932,-1.3852874843544296,-1.5063640965836826,1.9508968276240144,0.0,0.0,0.0,0.0,0.0,0.0,1.7695566142836938,0.24339841436500986,-2.329816140589685,-1.004101392145385,3.540695881423035,0.5643377819968957,7.0,1.0,48.01499938964844,48.22800064086914,48.04600143432617,0.19,31.59,27.58,0.41,-0.291,1.316,0,1,0
1778204801.1215363,1331.896,1.7696353197097778,0.243391752243042,-2.329761568699972,-1.0041411558734339,3.5406997203826904,0.5643787384033203,0.0,0.0,-0.0,0.0,0.0,0.0,-0.1052856519818306,3.968811511993408,-1.5109803676605225,0.2063598781824112,-0.0358886756002903,-0.1973877102136612,0.14226798213449507,-0.3468831135563364,0.8901061939652115,-1.385354666598355,-1.5063156922381833,1.9509416292323107,0.0,0.0,0.0,0.0,0.0,0.0,1.7695566142836938,0.24339841436500986,-2.329816140589685,-1.004101392145385,3.540695881423035,0.5643377819968957,7.0,1.0,48.01499938964844,48.22800064086914,48.04600143432617,0.19,31.59,27.58,0.41,-0.291,1.316,0,1,0
1778204801.1232383,1331.904,1.7696112394332886,0.24340379238128662,-2.3297975699054163,-1.0041049162494105,3.5407590866088867,0.5643907189369202,0.0,0.0,-0.0,0.0,0.0,0.0,-0.1373291164636612,3.977966785430908,-1.5311566591262817,0.2041168361902237,-0.02018737979233265,-0.2063598781824112,0.14225905324699437,-0.34687996035785534,0.8900914597244945,-1.3853449982168364,-1.5063550401806307,1.9509567199760878,0.0,0.0,0.0,0.0,0.0,0.0,1.7695566142836938,0.24339841436500986,-2.329816140589685,-1.004101392145385,3.540695881423035,0.5643377819968957,7.0,1.0,48.01499938964844,48.24300003051758,48.04600143432617,0.19,31.59,27.58,0.41,-0.291,1.316,0,1,0
1778204801.128609,1331.912,1.7696112394332886,0.2434157133102417,-2.329773728047506,-1.0040810743915003,3.5407354831695557,0.5643667578697205,0.0,0.0,-0.0,0.0,0.0,0.0,-0.0915527418255806,3.982544422149658,-1.502013087272644,0.2041168361902237,-0.0381317175924778,-0.1951446682214737,0.14226994562694548,-0.34692374994783587,0.8900909934886962,-1.3852928724559357,-1.5063810811770542,1.9508748082961824,0.0,0.0,0.0,0.0,0.0,0.0,1.7695566142836938,0.24339841436500986,-2.329816140589685,-1.004101392145385,3.540695881423035,0.5643377819968957,7.0,1.0,48.01499938964844,48.24300003051758,48.029998779296875,0.19,31.59,27.58,0.41,-0.291,1.316,0,1,0
1778204801.1306424,1331.9199999999998,1.769647240638733,0.2434396743774414,-2.3298216501819056,-1.0041049162494105,3.540771245956421,0.56440269947052,0.0,0.0,-0.0,0.0,0.0,0.0,-0.1281738430261612,3.977966785430908,-1.5333983898162842,0.1973877102136612,-0.0358886756002903,-0.2018737941980362,0.1422712261409817,-0.3468782107392813,0.890072870795709,-1.385326790759974,-1.5064054166351881,1.9509811821592127,0.0,0.0,0.0,0.0,0.0,0.0,1.7695566142836938,0.24339841436500986,-2.329816140589685,-1.004101392145385,3.540695881423035,0.5643377819968957,7.0,1.0,48.01499938964844,48.24300003051758,48.029998779296875,0.19,31.59,27.58,0.41,-0.291,1.316,0,1,0
1778204801.1322684,1331.9279999999999,1.7696112394332886,0.24340379238128662,-2.3297856489764612,-1.0041049162494105,3.5406875610351562,0.5643667578697205,0.0,0.0,-0.0,0.0,0.0,0.0,-0.0457763709127903,3.991699695587158,-1.5221893787384033,0.2063598781824112,-0.0493469275534153,-0.2332763969898224,0.1422615441074706,-0.3468906754161649,0.8900942290158707,-1.3853440932966812,-1.506300915445158,1.9508913029155461,0.0,0.0,0.0,0.0,0.0,0.0,1.7695566142836938,0.24339841436500986,-2.329816140589685,-1.004101392145385,3.540695881423035,0.5643377819968957,7.0,1.0,48.01499938964844,48.24300003051758,48.029998779296875,0.19,31.59,27.58,0.41,-0.291,1.316,0,1,0
1778204801.1340928,1331.9279999999999,1.7696112394332886,0.24340379238128662,-2.3297856489764612,-1.0041049162494105,3.5406875610351562,0.5643667578697205,0.0,0.0,-0.0,0.0,0.0,0.0,-0.0457763709127903,3.991699695587158,-1.5221893787384033,0.2063598781824112,-0.0493469275534153,-0.2332763969898224,0.1422615441074706,-0.3468906754161649,0.8900942290158707,-1.3853440932966812,-1.506300915445158,1.9508913029155461,0.0,0.0,0.0,0.0,0.0,0.0,1.7695566142836938,0.24339841436500986,-2.329816140589685,-1.004101392145385,3.540695881423035,0.5643377819968957,7.0,1.0,48.01499938964844,48.24300003051758,48.029998779296875,0.1,31.56,27.68,0.408,-0.289,1.317,0,0,1
1778204801.1368747,1331.936,1.7695993185043335,0.24337971210479736,-2.3298097292529505,-1.0040448347674769,3.5407235622406006,0.5643787384033203,0.0,0.0,-0.0,0.0,0.0,0.0,-0.0823974683880806,3.968811511993408,-1.502013087272644,0.2063598781824112,-0.0336456336081028,-0.2108459621667862,0.14225430712674067,-0.3468771713508674,0.8900942735681443,-1.385338659685072,-1.5063284568806974,1.9509008861204515,0.0,0.0,0.0,0.0,0.0,0.0,1.7695566142836938,0.24339841436500986,-2.329816140589685,-1.004101392145385,3.540695881423035,0.5643377819968957,7.0,1.0,48.01499938964844,48.24300003051758,48.029998779296875,0.1,31.56,27.68,0.408,-0.289,1.317,0,1,0
1778204801.139388,1331.944,1.7695872783660889,0.2434396743774414,-2.3298216501819056,-1.0040810743915003,3.5407590866088867,0.5643787384033203,0.0,0.0,-0.0,0.0,0.0,0.0,-0.0778198316693306,3.964233875274658,-1.515463948249817,0.1996307522058487,-0.0381317175924778,-0.1659851223230362,0.1422558432718919,-0.34690129575276535,0.8900713487423404,-1.3853218959981448,-1.5063602774778306,1.9509028002054176,0.0,0.0,0.0,0.0,0.0,0.0,1.7695566142836938,0.24339841436500986,-2.329816140589685,-1.004101392145385,3.540695881423035,0.5643377819968957,7.0,1.0,48.01499938964844,48.24300003051758,48.029998779296875,0.1,31.56,27.68,0.408,-0.289,1.317,0,1,0
1778204801.141063,1331.952,1.7695993185043335,0.24342775344848633,-2.3298216501819056,-1.0040810743915003,3.5407354831695557,0.5643787384033203,0.0,0.0,-0.0,0.0,0.0,0.0,-0.0778198316693306,3.996277332305908,-1.5064966678619385,0.1996307522058487,-0.0291595496237278,-0.2063598781824112,0.14225700198456842,-0.3468887554987983,0.8900758457326096,-1.385333793106753,-1.506340332692738,1.9509075471066146,0.0,0.0,0.0,0.0,0.0,0.0,1.7695566142836938,0.24339841436500986,-2.329816140589685,-1.004101392145385,3.540695881423035,0.5643377819968957,7.0,1.0,48.01499938964844,48.24300003051758,48.029998779296875,0.1,31.56,27.68,0.408,-0.289,1.317,0,1,0
1778204801.1469085,1331.96,1.7696353197097778,0.24345171451568604,-2.3297856489764612,-1.004068676625387,3.5406875610351562,0.5643907189369202,0.0,0.0,-0.0,0.0,0.0,0.0,-0.1007080152630806,3.973389148712158,-1.513222098350525,0.1973877102136612,-0.0291595496237278,-0.2063598781824112,0.1422760699786865,-0.346931795318581,0.8900748224514695,-1.3853029776347399,-1.50637107886367,1.9508429381067656,0.0,0.0,0.0,0.0,0.0,0.0,1.7695566142836938,0.24339841436500986,-2.329816140589685,-1.004101392145385,3.540695881423035,0.5643377819968957,7.0,1.0,48.0,48.24300003051758,48.029998779296875,0.1,31.56,27.68,0.408,-0.289,1.317,0,1,0
1778204801.1532536,1331.9679999999998,1.7696353197097778,0.24340379238128662,-2.329761568699972,-1.0040929953204554,3.5407354831695557,0.5643667578697205,0.0,0.0,-0.0,0.0,0.0,0.0,-0.0869751051068306,3.982544422149658,-1.5064966678619385,0.1973877102136612,-0.0448608435690403,-0.1906585842370987,0.14227769156466719,-0.34691744124995266,0.8900987961757274,-1.3852885034913558,-1.5063968497166074,1.9508997761033557,0.0,0.0,0.0,0.0,0.0,0.0,1.7695566142836938,0.24339841436500986,-2.329816140589685,-1.004101392145385,3.540695881423035,0.5643377819968957,7.0,1.0,48.0,48.24300003051758,48.029998779296875,0.1,31.56,27.68,0.408,-0.289,1.317,0,1,0
1778204801.1550245,1331.9759999999999,1.769647240638733,0.2434396743774414,-2.3298216501819056,-1.0040810743915003,3.5407116413116455,0.5643787384033203,0.0,0.0,-0.0,0.0,0.0,0.0,-0.1007080152630806,3.987122058868408,-1.5244312286376953,0.2018737941980362,-0.0426178015768528,-0.2243042290210724,0.14227418449160537,-0.34688890352367224,0.8900715647471666,-1.3853130467645556,-1.5063712135409921,1.9509116360574486,0.0,0.0,0.0,0.0,0.0,0.0,1.7695566142836938,0.24339841436500986,-2.329816140589685,-1.004101392145385,3.540695881423035,0.5643377819968957,7.0,1.0,48.0,48.22800064086914,48.029998779296875,0.1,31.56,27.68,0.408,-0.289,1.317,0,1,0
1778204801.1566508,1331.984,1.7695993185043335,0.24340379238128662,-2.3297856489764612,-1.0041168371783655,3.5407354831695557,0.5643787384033203,0.0,0.0,-0.0,0.0,0.0,0.0,-0.0961303785443306,3.987122058868408,-1.5109803676605225,0.1951446682214737,-0.0426178015768528,-0.2130890041589737,0.14225686929797374,-0.3468884995466829,0.8900947995912978,-1.385348955631045,-1.5063245761817445,1.9509292178734394,0.0,0.0,0.0,0.0,0.0,0.0,1.7695566142836938,0.24339841436500986,-2.329816140589685,-1.004101392145385,3.540695881423035,0.5643377819968957,7.0,1.0,48.0,48.22800064086914,48.04600143432617,0.1,31.56,27.68,0.408,-0.289,1.317,0,1,0
1778204801.162324,1331.992,1.7696353197097778,0.24342775344848633,-2.3298097292529505,-1.0041049162494105,3.5407116413116455,0.5643667578697205,0.0,0.0,-0.0,0.0,0.0,0.0,-0.0595092847943306,3.977966785430908,-1.5244312286376953,0.2018737941980362,-0.0358886756002903,-0.1996307522058487,0.1422704362487756,-0.346885639011517,0.890079848706012,-1.3853219669039911,-1.5063485115060036,1.9509192115316896,0.0,0.0,0.0,0.0,0.0,0.0,1.7695566142836938,0.24339841436500986,-2.329816140589685,-1.004101392145385,3.540695881423035,0.5643377819968957,7.0,1.0,48.0,48.22800064086914,48.04600143432617,0.1,31.56,27.68,0.408,-0.289,1.317,0,1,0
1778204801.169496,1332.0,1.7695753574371338,0.2434157133102417,-2.3297975699054163,-1.0041049162494105,3.54074764251709,0.5644266605377197,0.0,0.0,-0.0,0.0,0.0,0.0,-0.1464843899011612,3.991699695587158,-1.5064966678619385,0.2018737941980362,-0.0426178015768528,-0.1906585842370987,0.14224171538002056,-0.3468841793213361,0.8900875018442433,-1.3853965054321173,-1.5063017869614321,1.9509393955637986,0.0,0.0,0.0,0.0,0.0,0.0,1.7695566142836938,0.24339841436500986,-2.329816140589685,-1.004101392145385,3.540695881423035,0.5643377819968957,7.0,1.0,48.0,48.22800064086914,48.04600143432617,0.1,31.56,27.68,0.408,-0.289,1.317,0,1,0
1778204801.178691,1332.008,1.7696112394332886,0.2434396743774414,-2.3298097292529505,-1.0040929953204554,3.5407235622406006,0.5643667578697205,0.0,0.0,-0.0,0.0,0.0,0.0,-0.0640869215130806,3.982544422149658,-1.5109803676605225,0.1996307522058487,-0.0291595496237278,-0.1861725002527237,0.1422654886047351,-0.3469037602074721,0.8900747427244597,-1.3853134131371294,-1.5063529184194446,1.9508898709760099,0.0,0.0,0.0,0.0,0.0,0.0,1.7695566142836938,0.24339841436500986,-2.329816140589685,-1.004101392145385,3.540695881423035,0.5643377819968957,7.0,1.0,48.0,48.22800064086914,48.04600143432617,0.1,31.56,27.68,0.408,-0.289,1.317,0,1,0
1778204801.1860762,1332.0159999999998,1.769647240638733,0.2434157133102417,-2.329761568699972,-1.0040929953204554,3.5407116413116455,0.5643907189369202,0.0,0.0,-0.0,0.0,0.0,0.0,-0.1098632961511612,3.987122058868408,-1.5244312286376953,0.2041168361902237,-0.0426178015768528,-0.2130890041589737,0.14227832446369404,-0.34691680439818745,0.8900947683526244,-1.3853097602004119,-1.5063827619568173,1.9508967205991778,0.0,0.0,0.0,0.0,0.0,0.0,1.7695566142836938,0.24339841436500986,-2.329816140589685,-1.004101392145385,3.540695881423035,0.5643377819968957,7.0,1.0,48.0,48.22800064086914,48.04600143432617,0.1,31.56,27.68,0.408,-0.289,1.317,0,1,0
1778204801.1879866,1332.024,1.7695993185043335,0.243391752243042,-2.3297856489764612,-1.0040810743915003,3.5407354831695557,0.5643667578697205,0.0,0.0,-0.0,0.0,0.0,0.0,-0.0778198316693306,3.987122058868408,-1.5199475288391113,0.2086029201745987,-0.0493469275534153,-0.1951446682214737,0.1422600661662598,-0.3468969138125039,0.8900971201754895,-1.3853215335323494,-1.5063453400242137,1.9509005355074345,0.0,0.0,0.0,0.0,0.0,0.0,1.7695566142836938,0.24339841436500986,-2.329816140589685,-1.004101392145385,3.540695881423035,0.5643377819968957,7.0,1.0,48.0,48.22800064086914,48.04600143432617,0.1,31.56,27.68,0.408,-0.289,1.317,0,1,0
1778204801.1931124,1332.032,1.7696112394332886,0.24345171451568604,-2.3297856489764612,-1.0041168371783655,3.5407235622406006,0.5643427968025208,0.0,0.0,-0.0,0.0,0.0,0.0,-0.1327514797449112,3.955078601837158,-1.5311566591262817,0.2041168361902237,-0.0291595496237278,-0.2130890041589737,0.14227369335553358,-0.3469304974747028,0.8900768269557684,-1.3852813528583465,-1.5063709983348261,1.9508643926533538,0.0,0.0,0.0,0.0,0.0,0.0,1.7695566142836938,0.24339841436500986,-2.329816140589685,-1.004101392145385,3.540695881423035,0.5643377819968957,7.0,1.0,48.0,48.22800064086914,48.04600143432617,0.1,31.56,27.68,0.408,-0.289,1.317,0,1,0
1778204801.1988099,1332.04,1.7695753574371338,0.24340379238128662,-2.3297856489764612,-1.0041049162494105,3.54074764251709,0.5643907189369202,0.0,0.0,-0.0,0.0,0.0,0.0,-0.0915527418255806,3.973389148712158,-1.5289148092269897,0.2063598781824112,-0.0403747595846653,-0.2086029201745987,0.1422481497245627,-0.3468947631733912,0.8900942088181277,-1.3853599746249405,-1.5063164716154251,1.9509180999006919,0.0,0.0,0.0,0.0,0.0,0.0,1.7695566142836938,0.24339841436500986,-2.329816140589685,-1.004101392145385,3.540695881423035,0.5643377819968957,7.0,1.0,48.0,48.22800064086914,48.04600143432617,0.1,31.56,27.68,0.408,-0.289,1.317,0,1,0
1778204801.2065904,1332.048,1.7696112394332886,0.2434396743774414,-2.329773728047506,-1.0041168371783655,3.5407235622406006,0.5643667578697205,0.0,0.0,-0.0,0.0,0.0,0.0,-0.1052856519818306,3.973389148712158,-1.504254937171936,0.2041168361902237,-0.0403747595846653,-0.2287903130054474,0.14226995614019905,-0.3469262252884757,0.8900842108688773,-1.3853057312450436,-1.5063611996855162,1.9508787530293856,0.0,0.0,0.0,0.0,0.0,0.0,1.7695566142836938,0.24339841436500986,-2.329816140589685,-1.004101392145385,3.540695881423035,0.5643377819968957,7.0,1.0,47.986000061035156,48.25899887084961,48.04600143432617,0.1,31.56,27.68,0.408,-0.289,1.317,0,1,0
1778204801.214496,1332.056,1.7696112394332886,0.24345171451568604,-2.3297975699054163,-1.0040810743915003,3.5406997203826904,0.5643787384033203,0.0,0.0,-0.0,0.0,0.0,0.0,-0.0961303785443306,3.959656238555908,-1.515463948249817,0.2018737941980362,-0.0426178015768528,-0.2422485649585724,0.1422672071134572,-0.34692352291436224,0.8900726326520515,-1.385312893859296,-1.5063483053957336,1.950850566616617,0.0,0.0,0.0,0.0,0.0,0.0,1.7695566142836938,0.24339841436500986,-2.329816140589685,-1.004101392145385,3.540695881423035,0.5643377819968957,7.0,1.0,47.986000061035156,48.25899887084961,48.04600143432617,0.1,31.56,27.68,0.408,-0.289,1.317,0,1,0
1778204801.2245104,1332.0639999999999,1.7696112394332886,0.24342775344848633,-2.3298097292529505,-1.0040929953204554,3.54074764251709,0.56440269947052,0.0,0.0,-0.0,0.0,0.0,0.0,-0.1144409328699112,3.973389148712158,-1.499771237373352,0.2041168361902237,-0.0336456336081028,-0.2130890041589737,0.14225884976875808,-0.34688795367222713,0.8900794026096885,-1.3853470358686986,-1.5063545013149624,1.9509356820499648,0.0,0.0,0.0,0.0,0.0,0.0,1.7695566142836938,0.24339841436500986,-2.329816140589685,-1.004101392145385,3.540695881423035,0.5643377819968957,7.0,1.0,47.986000061035156,48.25899887084961,48.04600143432617,0.1,31.56,27.68,0.408,-0.289,1.317,0,1,0
1778204801.2309227,1332.072,1.7696353197097778,0.24347567558288574,-2.3298097292529505,-1.0041049162494105,3.5407590866088867,0.5643907189369202,0.0,0.0,-0.0,0.0,0.0,0.0,-0.1052856519818306,3.996277332305908,-1.5333983898162842,0.2086029201745987,-0.0403747595846653,-0.2512207329273224,0.1422760491608033,-0.34691939688634404,0.8900622394446637,-1.3852952956232738,-1.5064185631136395,1.9509163254217847,0.0,0.0,0.0,0.0,0.0,0.0,1.7695566142836938,0.24339841436500986,-2.329816140589685,-1.004101392145385,3.540695881423035,0.5643377819968957,7.0,1.0,47.986000061035156,48.25899887084961,48.04600143432617,0.1,31.56,27.68,0.408,-0.289,1.317,0,1,0
1778204801.238632,1332.08,1.769647240638733,0.2434396743774414,-2.329773728047506,-1.0041168371783655,3.5407116413116455,0.56440269947052,0.0,0.0,-0.0,0.0,0.0,0.0,-0.1190185695886612,3.987122058868408,-1.4975295066833496,0.2041168361902237,-0.0403747595846653,-0.2108459621667862,0.1422757353133362,-0.34691127280320855,0.8900846452600419,-1.3853297327696628,-1.5063697796592745,1.9509147244817575,0.0,0.0,0.0,0.0,0.0,0.0,1.7695566142836938,0.24339841436500986,-2.329816140589685,-1.004101392145385,3.540695881423035,0.5643377819968957,7.0,1.0,47.986000061035156,48.25899887084961,48.04600143432617,0.1,31.56,27.68,0.408,-0.289,1.317,0,1,0
1778204801.2498634,1332.088,1.7695872783660889,0.24342775344848633,-2.3297975699054163,-1.0040810743915003,3.5407354831695557,0.5643787384033203,0.0,0.0,-0.0,0.0,0.0,0.0,-0.1190185695886612,3.982544422149658,-1.5244312286376953,0.2018737941980362,-0.0381317175924778,-0.2086029201745987,0.14225714133202655,-0.3469119408221092,0.8900812933090956,-1.385324353425054,-1.5063447770166976,1.9508784332327327,0.0,0.0,0.0,0.0,0.0,0.0,1.7695566142836938,0.24339841436500986,-2.329816140589685,-1.004101392145385,3.540695881423035,0.5643377819968957,7.0,1.0,47.986000061035156,48.25899887084961,48.04600143432617,0.1,31.56,27.68,0.408,-0.289,1.317,0,1,0
1778204801.251862,1332.096,1.769647240638733,0.24342775344848633,-2.3297856489764612,-1.0041049162494105,3.5407235622406006,0.56440269947052,0.0,0.0,-0.0,0.0,0.0,0.0,-0.1419067531824112,3.964233875274658,-1.5109803676605225,0.2108459621667862,-0.0426178015768528,-0.1727142482995987,0.14227341406054547,-0.34689752556484493,0.8900856219439757,-1.3853320955867614,-1.5063737329822244,1.9509323649300587,0.0,0.0,0.0,0.0,0.0,0.0,1.7695566142836938,0.24339841436500986,-2.329816140589685,-1.004101392145385,3.540695881423035,0.5643377819968957,7.0,1.0,47.986000061035156,48.25899887084961,48.04600143432617,0.1,31.56,27.68,0.408,-0.289,1.317,0,1,0
1778204801.25806,1332.096,1.769647240638733,0.24342775344848633,-2.3297856489764612,-1.0041049162494105,3.5407235622406006,0.56440269947052,0.0,0.0,-0.0,0.0,0.0,0.0,-0.1419067531824112,3.964233875274658,-1.5109803676605225,0.2108459621667862,-0.0426178015768528,-0.1727142482995987,0.14227341406054547,-0.34689752556484493,0.8900856219439757,-1.3853320955867614,-1.5063737329822244,1.9509323649300587,0.0,0.0,0.0,0.0,0.0,0.0,1.7695566142836938,0.24339841436500986,-2.329816140589685,-1.004101392145385,3.540695881423035,0.5643377819968957,7.0,1.0,47.986000061035156,48.25899887084961,48.04600143432617,0.06,31.75,27.81,0.409,-0.284,1.314,0,0,1
1778204801.261015,1332.104,1.7696353197097778,0.24342775344848633,-2.3297856489764612,-1.0041411558734339,3.54074764251709,0.5643907189369202,0.0,0.0,-0.0,0.0,0.0,0.0,-0.0823974683880806,3.987122058868408,-1.4975295066833496,0.2108459621667862,-0.0358886756002903,-0.2220611870288849,0.1422695389014496,-0.3468894858340672,0.8900873983364164,-1.3853385385503607,-1.5063668975845308,1.9509647813140767,0.0,0.0,0.0,0.0,0.0,0.0,1.7695566142836938,0.24339841436500986,-2.329816140589685,-1.004101392145385,3.540695881423035,0.5643377819968957,7.0,1.0,47.986000061035156,48.25899887084961,48.04600143432617,0.06,31.75,27.81,0.409,-0.284,1.314,0,1,0
1778204801.2749941,1332.1119999999999,1.7696353197097778,0.24340379238128662,-2.3298335711108606,-1.004068676625387,3.5407235622406006,0.5643547773361206,0.0,0.0,-0.0,0.0,0.0,0.0,-0.1373291164636612,3.968811511993408,-1.5177057981491089,0.2108459621667862,-0.0538330152630806,-0.2018737941980362,0.14226822206392487,-0.3468650504435125,0.8900810836622323,-1.3853118332306673,-1.506357534535283,1.950929474577752,0.0,0.0,0.0,0.0,0.0,0.0,1.7695566142836938,0.24339841436500986,-2.329816140589685,-1.004101392145385,3.540695881423035,0.5643377819968957,7.0,1.0,47.986000061035156,48.25899887084961,48.04600143432617,0.06,31.75,27.81,0.409,-0.284,1.314,0,1,0
1778204801.2862277,1332.12,1.7695753574371338,0.2434396743774414,-2.3298097292529505,-1.0041049162494105,3.5407235622406006,0.5643667578697205,0.0,0.0,-0.0,0.0,0.0,0.0,-0.1007080152630806,3.968811511993408,-1.5244312286376953,0.2018737941980362,-0.0403747595846653,-0.2287903130054474,0.1422520481627065,-0.34690404592135116,0.8900754048900031,-1.3853386570031614,-1.506309844408379,1.9508794412790693,0.0,0.0,0.0,0.0,0.0,0.0,1.7695566142836938,0.24339841436500986,-2.329816140589685,-1.004101392145385,3.540695881423035,0.5643377819968957,7.0,1.0,47.986000061035156,48.22800064086914,48.04600143432617,0.06,31.75,27.81,0.409,-0.284,1.314,0,1,0
1778204801.2890635,1332.128,1.7696112394332886,0.24342775344848633,-2.3297975699054163,-1.0040810743915003,3.5407116413116455,0.5643787384033203,0.0,0.0,-0.0,0.0,0.0,0.0,-0.1235962063074112,3.977966785430908,-1.5333983898162842,0.2086029201745987,-0.0403747595846653,-0.1906585842370987,0.14226421782740512,-0.34690659151847403,0.8900814018808982,-1.3853229349494385,-1.5063442376910683,1.9508792117690643,0.0,0.0,0.0,0.0,0.0,0.0,1.7695566142836938,0.24339841436500986,-2.329816140589685,-1.004101392145385,3.540695881423035,0.5643377819968957,7.0,1.0,47.986000061035156,48.22800064086914,48.029998779296875,0.06,31.75,27.81,0.409,-0.284,1.314,0,1,0
1778204801.30144,1332.136,1.7696353197097778,0.2434396743774414,-2.329761568699972,-1.004068676625387,3.5407235622406006,0.5643787384033203,0.0,0.0,-0.0,0.0,0.0,0.0,-0.0915527418255806,3.987122058868408,-1.5378820896148682,0.2041168361902237,-0.0336456336081028,-0.1951446682214737,0.14228247109477982,-0.3469501562612235,0.8900844118957154,-1.3852674892996226,-1.5064203086837828,1.950845170494027,0.0,0.0,0.0,0.0,0.0,0.0,1.7695566142836938,0.24339841436500986,-2.329816140589685,-1.004101392145385,3.540695881423035,0.5643377819968957,7.0,1.0,47.95500183105469,48.22800064086914,48.029998779296875,0.06,31.75,27.81,0.409,-0.284,1.314,0,1,0
1778204801.3073723,1332.144,1.7695993185043335,0.24342775344848633,-2.3298097292529505,-1.0040929953204554,3.54074764251709,0.5643787384033203,0.0,0.0,-0.0,0.0,0.0,0.0,-0.0823974683880806,4.014587879180908,-1.5109803676605225,0.2086029201745987,-0.0314025916159153,-0.2086029201745987,0.14225877613614663,-0.34689555631373264,0.8900791494127595,-1.3853285529635486,-1.5063526041862423,1.9509143894476206,0.0,0.0,0.0,0.0,0.0,0.0,1.7695566142836938,0.24339841436500986,-2.329816140589685,-1.004101392145385,3.540695881423035,0.5643377819968957,7.0,1.0,47.95500183105469,48.22800064086914,48.029998779296875,0.06,31.75,27.81,0.409,-0.284,1.314,0,1,0
1778204801.309116,1332.152,1.7695993185043335,0.2434157133102417,-2.3297975699054163,-1.0040572325335901,3.5407590866088867,0.5643907189369202,0.0,0.0,-0.0,0.0,0.0,0.0,-0.0823974683880806,3.945923328399658,-1.5311566591262817,0.2041168361902237,-0.0358886756002903,-0.1906585842370987,0.14226068411527332,-0.34690983789549124,0.8900844216615733,-1.3853127499521776,-1.5063833031442415,1.9508952833466722,0.0,0.0,0.0,0.0,0.0,0.0,1.7695566142836938,0.24339841436500986,-2.329816140589685,-1.004101392145385,3.540695881423035,0.5643377819968957,7.0,1.0,47.95500183105469,48.22800064086914,48.029998779296875,0.06,31.75,27.81,0.409,-0.284,1.314,0,1,0
1778204801.3183012,1332.1599999999999,1.7696712017059326,0.2434636354446411,-2.3297975699054163,-1.0041168371783655,3.54074764251709,0.5643427968025208,0.0,0.0,-0.0,0.0,0.0,0.0,-0.1235962063074112,3.977966785430908,-1.5064966678619385,0.2018737941980362,-0.0381317175924778,-0.2534637749195099,0.1422954020162258,-0.34692220175664823,0.8900696309294232,-1.3852415047758373,-1.5064538066558015,1.9509135171862604,0.0,0.0,0.0,0.0,0.0,0.0,1.7695566142836938,0.24339841436500986,-2.329816140589685,-1.004101392145385,3.540695881423035,0.5643377819968957,7.0,1.0,47.95500183105469,48.22800064086914,48.029998779296875,0.06,31.75,27.81,0.409,-0.284,1.314,0,1,0
1778204801.3247921,1332.168,1.7696112394332886,0.2434396743774414,-2.3298454920398157,-1.0041049162494105,3.5407354831695557,0.5643787384033203,0.0,0.0,-0.0,0.0,0.0,0.0,-0.1190185695886612,3.973389148712158,-1.5177057981491089,0.2041168361902237,-0.0336456336081028,-0.1996307522058487,0.1422566722615568,-0.34686506848975956,0.8900673862850369,-1.3853508377077304,-1.5063279525526045,1.9509471912389058,0.0,0.0,0.0,0.0,0.0,0.0,1.7695566142836938,0.24339841436500986,-2.329816140589685,-1.004101392145385,3.540695881423035,0.5643377819968957,7.0,1.0,47.95500183105469,48.22800064086914,48.029998779296875,0.06,31.75,27.81,0.409,-0.284,1.314,0,1,0
1778204801.3318024,1332.176,1.7696112394332886,0.243391752243042,-2.3298216501819056,-1.0041049162494105,3.5407590866088867,0.5643787384033203,0.0,0.0,-0.0,0.0,0.0,0.0,-0.0640869215130806,3.973389148712158,-1.5064966678619385,0.2041168361902237,-0.0291595496237278,-0.1816864162683487,0.1422549550839597,-0.3468524458564507,0.8900903179004225,-1.3853558235520214,-1.5063356335612414,1.9509825973016388,0.0,0.0,0.0,0.0,0.0,0.0,1.7695566142836938,0.24339841436500986,-2.329816140589685,-1.004101392145385,3.540695881423035,0.5643377819968957,7.0,1.0,47.95500183105469,48.22800064086914,48.029998779296875,0.06,31.75,27.81,0.409,-0.284,1.314,0,1,0
1778204801.3374054,1332.184,1.7696592807769775,0.24345171451568604,-2.3297856489764612,-1.0040572325335901,3.5407116413116455,0.5643787384033203,0.0,0.0,-0.0,0.0,0.0,0.0,-0.0549316480755806,3.968811511993408,-1.5244312286376953,0.2041168361902237,-0.0381317175924778,-0.1973877102136612,0.14228861526410247,-0.34693792542439944,0.8900739498552707,-1.3852612764696437,-1.506431266882012,1.9508531925018133,0.0,0.0,0.0,0.0,0.0,0.0,1.7695566142836938,0.24339841436500986,-2.329816140589685,-1.004101392145385,3.540695881423035,0.5643377819968957,7.0,1.0,47.95500183105469,48.22800064086914,48.029998779296875,0.06,31.75,27.81,0.409,-0.284,1.314,0,1,0
1778204801.3430212,1332.192,1.7696353197097778,0.24340379238128662,-2.3297975699054163,-1.0040810743915003,3.5406997203826904,0.5643427968025208,0.0,0.0,-0.0,0.0,0.0,0.0,-0.1098632961511612,3.982544422149658,-1.5177057981491089,0.2018737941980362,-0.0426178015768528,-0.2108459621667862,0.14227443810153143,-0.3468931538328329,0.8900898991146842,-1.3852949991717678,-1.506354388575559,1.9508873777753541,0.0,0.0,0.0,0.0,0.0,0.0,1.7695566142836938,0.24339841436500986,-2.329816140589685,-1.004101392145385,3.540695881423035,0.5643377819968957,7.0,1.0,47.95500183105469,48.18299865722656,48.029998779296875,0.06,31.75,27.81,0.409,-0.284,1.314,0,1,0
1778204801.3495977,1332.2,1.7696112394332886,0.24345171451568604,-2.3297856489764612,-1.0040810743915003,3.5407235622406006,0.5643907189369202,0.0,0.0,-0.0,0.0,0.0,0.0,-0.0869751051068306,3.973389148712158,-1.515463948249817,0.2041168361902237,-0.0403747595846653,-0.1839294582605362,0.1422685490540201,-0.34693314011503756,0.8900753472256979,-1.3853071203576441,-1.5063754259085966,1.950860240202585,0.0,0.0,0.0,0.0,0.0,0.0,1.7695566142836938,0.24339841436500986,-2.329816140589685,-1.004101392145385,3.540695881423035,0.5643377819968957,7.0,1.0,47.95500183105469,48.18299865722656,48.04600143432617,0.06,31.75,27.81,0.409,-0.284,1.314,0,1,0
1778204801.358966,1332.2079999999999,1.7695993185043335,0.2434396743774414,-2.329773728047506,-1.0040929953204554,3.5407235622406006,0.5643667578697205,0.0,0.0,-0.0,0.0,0.0,0.0,-0.1190185695886612,3.977966785430908,-1.5199475288391113,0.1973877102136612,-0.0336456336081028,-0.2108459621667862,0.14226780617367413,-0.34693755883205124,0.8900828862421938,-1.3852963160682243,-1.5063655079691187,1.9508499522004141,0.0,0.0,0.0,0.0,0.0,0.0,1.7695566142836938,0.24339841436500986,-2.329816140589685,-1.004101392145385,3.540695881423035,0.5643377819968957,7.0,1.0,47.95500183105469,48.18299865722656,48.04600143432617,0.06,31.75,27.81,0.409,-0.284,1.314,0,1,0
1778204801.367111,1332.216,1.7696112394332886,0.24345171451568604,-2.3298097292529505,-1.0041287581073206,3.5407354831695557,0.5643787384033203,0.0,0.0,-0.0,0.0,0.0,0.0,-0.1144409328699112,3.968811511993408,-1.515463948249817,0.2063598781824112,-0.0358886756002903,-0.1749572902917862,0.14226290955290669,-0.34689631599750015,0.8900723679668752,-1.3853356643718877,-1.5063441408422957,1.9509252735850136,0.0,0.0,0.0,0.0,0.0,0.0,1.7695566142836938,0.24339841436500986,-2.329816140589685,-1.004101392145385,3.540695881423035,0.5643377819968957,7.0,1.0,48.01499938964844,48.18299865722656,48.04600143432617,0.06,31.75,27.81,0.409,-0.284,1.314,0,1,0
1778204801.3772125,1332.224,1.7695753574371338,0.24340379238128662,-2.3297975699054163,-1.0040929953204554,3.5407354831695557,0.5644146800041199,0.0,0.0,-0.0,0.0,0.0,0.0,-0.0961303785443306,3.987122058868408,-1.502013087272644,0.2063598781824112,-0.0336456336081028,-0.2220611870288849,0.1422423143794562,-0.34688205532884386,0.8900911581619712,-1.3853895478292029,-1.506294438236115,1.95092547623084,0.0,0.0,0.0,0.0,0.0,0.0,1.7695566142836938,0.24339841436500986,-2.329816140589685,-1.004101392145385,3.540695881423035,0.5643377819968957,7.0,1.0,48.01499938964844,48.18299865722656,48.04600143432617,0.06,31.75,27.81,0.409,-0.284,1.314,0,1,0
1778204801.3828735,1332.232,1.7696112394332886,0.24340379238128662,-2.329761568699972,-1.0041168371783655,3.5407116413116455,0.5643308162689209,0.0,0.0,-0.0,0.0,0.0,0.0,-0.0823974683880806,3.996277332305908,-1.5199475288391113,0.2018737941980362,-0.0336456336081028,-0.1951446682214737,0.1422722080855537,-0.3469181494659185,0.8900998488555752,-1.38528943144213,-1.5063480038414137,1.9508724443271477,0.0,0.0,0.0,0.0,0.0,0.0,1.7695566142836938,0.24339841436500986,-2.329816140589685,-1.004101392145385,3.540695881423035,0.5643377819968957,7.0,1.0,48.01499938964844,48.18299865722656,48.04600143432617,0.06,31.75,27.81,0.409,-0.284,1.314,0,1,0
1778204801.3897123,1332.24,1.7695993185043335,0.24345171451568604,-2.329749647771017,-1.0040810743915003,3.5407116413116455,0.5643787384033203,0.0,0.0,-0.0,0.0,0.0,0.0,-0.1144409328699112,3.991699695587158,-1.5244312286376953,0.1996307522058487,-0.0336456336081028,-0.2086029201745987,0.14227227915615182,-0.34696892219687936,0.8900834170458782,-1.385283027093653,-1.506380909021136,1.9508064921903432,0.0,0.0,0.0,0.0,0.0,0.0,1.7695566142836938,0.24339841436500986,-2.329816140589685,-1.004101392145385,3.540695881423035,0.5643377819968957,7.0,1.0,48.01499938964844,48.18299865722656,48.04600143432617,0.06,31.75,27.81,0.409,-0.284,1.314,0,1,0
1778204801.401633,1332.248,1.7695753574371338,0.24347567558288574,-2.3297975699054163,-1.0040810743915003,3.540795087814331,0.5643667578697205,0.0,0.0,-0.0,0.0,0.0,0.0,-0.1647949367761612,3.991699695587158,-1.5378820896148682,0.1996307522058487,-0.0381317175924778,-0.2265472710132599,0.14226533936910082,-0.34695724480554396,0.8900632471086165,-1.38526176155922,-1.5064300377522604,1.9508539976373467,0.0,0.0,0.0,0.0,0.0,0.0,1.7695566142836938,0.24339841436500986,-2.329816140589685,-1.004101392145385,3.540695881423035,0.5643377819968957,7.0,1.0,48.01499938964844,48.18299865722656,48.04600143432617,0.06,31.75,27.81,0.409,-0.284,1.314,0,1,0
1778204801.407161,1332.2559999999999,1.7696353197097778,0.243391752243042,-2.3297856489764612,-1.0040929953204554,3.5406997203826904,0.5643667578697205,0.0,0.0,-0.0,0.0,0.0,0.0,-0.0686645582318306,3.987122058868408,-1.515463948249817,0.2018737941980362,-0.0358886756002903,-0.1996307522058487,0.14226970781329873,-0.34688406251764475,0.8900979450345337,-1.385327010930403,-1.5063366065967545,1.9509126013011329,0.0,0.0,0.0,0.0,0.0,0.0,1.7695566142836938,0.24339841436500986,-2.329816140589685,-1.004101392145385,3.540695881423035,0.5643377819968957,7.0,1.0,48.01499938964844,48.18299865722656,48.04600143432617,0.06,31.75,27.81,0.409,-0.284,1.314,0,1,0
1778204801.4139283,1332.2559999999999,1.7696353197097778,0.243391752243042,-2.3297856489764612,-1.0040929953204554,3.5406997203826904,0.5643667578697205,0.0,0.0,-0.0,0.0,0.0,0.0,-0.0686645582318306,3.987122058868408,-1.515463948249817,0.2018737941980362,-0.0358886756002903,-0.1996307522058487,0.14226970781329873,-0.34688406251764475,0.8900979450345337,-1.385327010930403,-1.5063366065967545,1.9509126013011329,0.0,0.0,0.0,0.0,0.0,0.0,1.7695566142836938,0.24339841436500986,-2.329816140589685,-1.004101392145385,3.540695881423035,0.5643377819968957,7.0,1.0,48.01499938964844,48.18299865722656,48.04600143432617,0.11,31.92,27.88,0.41,-0.281,1.31,0,0,1
1778204801.419465,1332.264,1.7696353197097778,0.24340379238128662,-2.3298097292529505,-1.0040929953204554,3.5407116413116455,0.5643787384033203,0.0,0.0,-0.0,0.0,0.0,0.0,-0.0915527418255806,3.982544422149658,-1.4952876567840576,0.2041168361902237,-0.0426178015768528,-0.2018737941980362,0.14226579083520924,-0.34686960262882327,0.8900881359980665,-1.385341712395592,-1.5063355600647286,1.9509373827010519,0.0,0.0,0.0,0.0,0.0,0.0,1.7695566142836938,0.24339841436500986,-2.329816140589685,-1.004101392145385,3.540695881423035,0.5643377819968957,7.0,1.0,48.01499938964844,48.22800064086914,48.04600143432617,0.11,31.92,27.88,0.41,-0.281,1.31,0,1,0
1778204801.426616,1332.272,1.7696353197097778,0.2434157133102417,-2.3298097292529505,-1.0041168371783655,3.5407235622406006,0.5643907189369202,0.0,0.0,-0.0,0.0,0.0,0.0,-0.0549316480755806,3.973389148712158,-1.5244312286376953,0.2018737941980362,-0.0403747595846653,-0.2063598781824112,0.14226418670668559,-0.34686688830902596,0.8900851428537047,-1.3853564063061656,-1.5063346857751705,1.9509620309893274,0.0,0.0,0.0,0.0,0.0,0.0,1.7695566142836938,0.24339841436500986,-2.329816140589685,-1.004101392145385,3.540695881423035,0.5643377819968957,7.0,1.0,48.01499938964844,48.22800064086914,48.01499938964844,0.11,31.92,27.88,0.41,-0.281,1.31,0,1,0
1778204801.4346943,1332.28,1.7696112394332886,0.24342775344848633,-2.3298454920398157,-1.0040929953204554,3.5407116413116455,0.5644146800041199,0.0,0.0,-0.0,0.0,0.0,0.0,-0.0457763709127903,3.955078601837158,-1.513222098350525,0.2108459621667862,-0.0358886756002903,-0.2175751030445099,0.14224854254747188,-0.3468501801372312,0.8900716013650423,-1.3853976150872314,-1.5062893343126915,1.950955123014853,0.0,0.0,0.0,0.0,0.0,0.0,1.7695566142836938,0.24339841436500986,-2.329816140589685,-1.004101392145385,3.540695881423035,0.5643377819968957,7.0,1.0,48.01499938964844,48.22800064086914,48.01499938964844,0.11,31.92,27.88,0.41,-0.281,1.31,0,1,0
1778204801.4447236,1332.288,1.7696112394332886,0.2434396743774414,-2.3297975699054163,-1.0040929953204554,3.5407116413116455,0.5644146800041199,0.0,0.0,-0.0,0.0,0.0,0.0,-0.0823974683880806,3.977966785430908,-1.5087385177612305,0.2041168361902237,-0.0560760572552681,-0.1951446682214737,0.1422589273419161,-0.34690181872234094,0.8900780543237802,-1.3853595001894603,-1.5063295994812287,1.9509004951922544,0.0,0.0,0.0,0.0,0.0,0.0,1.7695566142836938,0.24339841436500986,-2.329816140589685,-1.004101392145385,3.540695881423035,0.5643377819968957,7.0,1.0,48.01499938964844,48.22800064086914,48.01499938964844,0.11,31.92,27.88,0.41,-0.281,1.31,0,1,0
1778204801.4506507,1332.296,1.7696353197097778,0.24342775344848633,-2.329749647771017,-1.0040929953204554,3.5407235622406006,0.56440269947052,0.0,0.0,-0.0,0.0,0.0,0.0,-0.0411987341940403,3.982544422149658,-1.5177057981491089,0.2041168361902237,-0.0426178015768528,-0.2063598781824112,0.1422767259232752,-0.346936142931885,0.8900931033123849,-1.3853073645036629,-1.5063943051858246,1.9508815829225956,0.0,0.0,0.0,0.0,0.0,0.0,1.7695566142836938,0.24339841436500986,-2.329816140589685,-1.004101392145385,3.540695881423035,0.5643377819968957,7.0,1.0,48.01499938964844,48.22800064086914,48.01499938964844,0.11,31.92,27.88,0.41,-0.281,1.31,0,1,0
1778204801.4559531,1332.3039999999999,1.7695993185043335,0.24349963665008545,-2.3297975699054163,-1.004068676625387,3.5407116413116455,0.5643547773361206,0.0,0.0,-0.0,0.0,0.0,0.0,-0.0869751051068306,3.973389148712158,-1.5199475288391113,0.2086029201745987,-0.0291595496237278,-0.2063598781824112,0.1422759971296681,-0.3469729104146228,0.8900539867664055,-1.3852508788104383,-1.5063988029014563,1.9507808450900452,0.0,0.0,0.0,0.0,0.0,0.0,1.7695566142836938,0.24339841436500986,-2.329816140589685,-1.004101392145385,3.540695881423035,0.5643377819968957,7.0,1.0,47.986000061035156,48.22800064086914,48.01499938964844,0.11,31.92,27.88,0.41,-0.281,1.31,0,1,0
1778204801.4673429,1332.312,1.7696353197097778,0.24345171451568604,-2.3298097292529505,-1.0040929953204554,3.54074764251709,0.5643547773361206,0.0,0.0,-0.0,0.0,0.0,0.0,-0.0503540076315403,3.968811511993408,-1.515463948249817,0.1996307522058487,-0.0381317175924778,-0.1906585842370987,0.14227893412833154,-0.3469142428021124,0.8900700726504862,-1.3852713373376613,-1.5064136261906598,1.950899608558978,0.0,0.0,0.0,0.0,0.0,0.0,1.7695566142836938,0.24339841436500986,-2.329816140589685,-1.004101392145385,3.540695881423035,0.5643377819968957,7.0,1.0,47.986000061035156,48.22800064086914,48.01499938964844,0.11,31.92,27.88,0.41,-0.281,1.31,0,1,0
1778204801.4777806,1332.32,1.7696112394332886,0.24345171451568604,-2.3298097292529505,-1.0040810743915003,3.5407354831695557,0.5644146800041199,0.0,0.0,-0.0,0.0,0.0,0.0,-0.1235962063074112,3.959656238555908,-1.515463948249817,0.2063598781824112,-0.0336456336081028,-0.2153320610523224,0.14226078884421456,-0.3469067309695372,0.8900700993801705,-1.385341632696082,-1.5063614325455383,1.9509031478628829,0.0,0.0,0.0,0.0,0.0,0.0,1.7695566142836938,0.24339841436500986,-2.329816140589685,-1.004101392145385,3.540695881423035,0.5643377819968957,7.0,1.0,47.986000061035156,48.22800064086914,48.01499938964844,0.11,31.92,27.88,0.41,-0.281,1.31,0,1,0
1778204801.4977129,1332.328,1.7695872783660889,0.24340379238128662,-2.3297856489764612,-1.0041168371783655,3.5407116413116455,0.5643547773361206,0.0,0.0,-0.0,0.0,0.0,0.0,-0.1464843899011612,3.968811511993408,-1.5109803676605225,0.1996307522058487,-0.0269165076315403,-0.2041168361902237,0.14225551822494872,-0.3468941787101196,0.890094654842676,-1.3853408739399289,-1.5062985913338438,1.9508944129993275,0.0,0.0,0.0,0.0,0.0,0.0,1.7695566142836938,0.24339841436500986,-2.329816140589685,-1.004101392145385,3.540695881423035,0.5643377819968957,7.0,1.0,47.986000061035156,48.22800064086914,48.01499938964844,0.11,31.92,27.88,0.41,-0.281,1.31,0,1,0
1778204801.4999309,1332.336,1.7696592807769775,0.24342775344848633,-2.3297975699054163,-1.0040572325335901,3.5407354831695557,0.5643787384033203,0.0,0.0,-0.0,0.0,0.0,0.0,-0.1144409328699112,3.996277332305908,-1.5221893787384033,0.2130890041589737,-0.0403747595846653,-0.1973877102136612,0.14228410576362496,-0.34691133452665585,0.8900799687355079,-1.3852737460197009,-1.5064311576042997,1.9508994331061287,0.0,0.0,0.0,0.0,0.0,0.0,1.7695566142836938,0.24339841436500986,-2.329816140589685,-1.004101392145385,3.540695881423035,0.5643377819968957,7.0,1.0,47.986000061035156,48.27399826049805,48.01499938964844,0.11,31.92,27.88,0.41,-0.281,1.31,0,1,0
1778204801.5141194,1332.344,1.7695872783660889,0.24342775344848633,-2.3298216501819056,-1.0040810743915003,3.5407590866088867,0.5643907189369202,0.0,0.0,-0.0,0.0,0.0,0.0,-0.1373291164636612,3.968811511993408,-1.5221893787384033,0.2041168361902237,-0.0336456336081028,-0.2175751030445099,0.14225201807105664,-0.3468894360313685,0.8900758649178919,-1.3853416304078767,-1.5063474095541824,1.9509208178933302,0.0,0.0,0.0,0.0,0.0,0.0,1.7695566142836938,0.24339841436500986,-2.329816140589685,-1.004101392145385,3.540695881423035,0.5643377819968957,7.0,1.0,47.986000061035156,48.27399826049805,48.06100082397461,0.11,31.92,27.88,0.41,-0.281,1.31,0,1,0
1778204801.523009,1332.3519999999999,1.7695753574371338,0.2434636354446411,-2.3297856489764612,-1.0041168371783655,3.5407590866088867,0.5643427968025208,0.0,0.0,-0.0,0.0,0.0,0.0,-0.0778198316693306,3.996277332305908,-1.5109803676605225,0.1996307522058487,-0.0403747595846653,-0.1884155422449112,0.1422648806721922,-0.3469473999325967,0.8900722750867909,-1.385275987171186,-1.506379613047579,1.9508522174877452,0.0,0.0,0.0,0.0,0.0,0.0,1.7695566142836938,0.24339841436500986,-2.329816140589685,-1.004101392145385,3.540695881423035,0.5643377819968957,7.0,1.0,47.986000061035156,48.27399826049805,48.06100082397461,0.11,31.92,27.88,0.41,-0.281,1.31,0,1,0
1778204801.536399,1332.36,1.7696592807769775,0.2434157133102417,-2.3298454920398157,-1.0040810743915003,3.5407354831695557,0.5643787384033203,0.0,0.0,-0.0,0.0,0.0,0.0,-0.0778198316693306,3.964233875274658,-1.5109803676605225,0.2018737941980362,-0.0269165076315403,-0.1973877102136612,0.14227171425951515,-0.346849970062032,0.8900748846283516,-1.3853272046642988,-1.5063748479782244,1.9509758978025937,0.0,0.0,0.0,0.0,0.0,0.0,1.7695566142836938,0.24339841436500986,-2.329816140589685,-1.004101392145385,3.540695881423035,0.5643377819968957,7.0,1.0,47.986000061035156,48.27399826049805,48.06100082397461,0.11,31.92,27.88,0.41,-0.281,1.31,0,1,0
1778204801.5476897,1332.368,1.7695872783660889,0.24342775344848633,-2.3298216501819056,-1.0041168371783655,3.54074764251709,0.5643667578697205,0.0,0.0,-0.0,0.0,0.0,0.0,-0.1235962063074112,3.973389148712158,-1.5266729593276978,0.2063598781824112,-0.0358886756002903,-0.1951446682214737,0.142252507993296,-0.3468799548854254,0.8900776499472434,-1.385345159534135,-1.5063217134405193,1.9509327380739219,0.0,0.0,0.0,0.0,0.0,0.0,1.7695566142836938,0.24339841436500986,-2.329816140589685,-1.004101392145385,3.540695881423035,0.5643377819968957,7.0,1.0,47.986000061035156,48.27399826049805,48.06100082397461,0.11,31.92,27.88,0.41,-0.281,1.31,0,1,0
1778204801.5643044,1332.376,1.7695872783660889,0.24345171451568604,-2.3297856489764612,-1.0041411558734339,3.5407235622406006,0.5643547773361206,0.0,0.0,-0.0,0.0,0.0,0.0,-0.0915527418255806,3.991699695587158,-1.5244312286376953,0.2063598781824112,-0.0403747595846653,-0.1996307522058487,0.1422613244673876,-0.3469211225535253,0.8900783047450682,-1.3853208514028506,-1.5063263997460423,1.9508794443806456,0.0,0.0,0.0,0.0,0.0,0.0,1.7695566142836938,0.24339841436500986,-2.329816140589685,-1.004101392145385,3.540695881423035,0.5643377819968957,7.0,1.0,47.986000061035156,48.27399826049805,48.06100082397461,0.11,31.92,27.88,0.41,-0.281,1.31,0,1,0
1778204801.56804,1332.384,1.769647240638733,0.24345171451568604,-2.3298216501819056,-1.0041049162494105,3.54074764251709,0.5643667578697205,0.0,0.0,-0.0,0.0,0.0,0.0,-0.1098632961511612,3.964233875274658,-1.5064966678619385,0.2041168361902237,-0.0336456336081028,-0.1951446682214737,0.1422779083635748,-0.3468941447189426,0.8900681649948179,-1.3852928851421835,-1.5064043919746355,1.9509355312039647,0.0,0.0,0.0,0.0,0.0,0.0,1.7695566142836938,0.24339841436500986,-2.329816140589685,-1.004101392145385,3.540695881423035,0.5643377819968957,7.0,1.0,47.986000061035156,48.27399826049805,48.06100082397461,0.11,31.92,27.88,0.41,-0.281,1.31,0,1,0
1778204801.574836,1332.392,1.7696112394332886,0.24345171451568604,-2.329773728047506,-1.004068676625387,3.5407235622406006,0.56440269947052,0.0,0.0,-0.0,0.0,0.0,0.0,-0.0457763709127903,3.977966785430908,-1.5199475288391113,0.2041168361902237,-0.0448608435690403,-0.1996307522058487,0.14226968781400706,-0.34694582826985537,0.8900774814311816,-1.3853037498920102,-1.506386876501931,1.9508451758020653,0.0,0.0,0.0,0.0,0.0,0.0,1.7695566142836938,0.24339841436500986,-2.329816140589685,-1.004101392145385,3.540695881423035,0.5643377819968957,7.0,1.0,47.986000061035156,48.27399826049805,48.06100082397461,0.11,31.92,27.88,0.41,-0.281,1.31,0,1,0
1778204801.5812495,1332.3999999999999,1.7695993185043335,0.24342775344848633,-2.3297975699054163,-1.0040929953204554,3.5407235622406006,0.5643667578697205,0.0,0.0,-0.0,0.0,0.0,0.0,-0.1190185695886612,3.973389148712158,-1.515463948249817,0.2018737941980362,-0.0358886756002903,-0.2198181450366974,0.14226173813830748,-0.34690739235859047,0.8900818830760089,-1.3853190813170304,-1.5063414629648662,1.9508826117789753,0.0,0.0,0.0,0.0,0.0,0.0,1.7695566142836938,0.24339841436500986,-2.329816140589685,-1.004101392145385,3.540695881423035,0.5643377819968957,7.0,1.0,47.986000061035156,48.27399826049805,48.06100082397461,0.11,31.92,27.88,0.41,-0.281,1.31,0,1,0
1778204801.589063,1332.408,1.769647240638733,0.24340379238128662,-2.3298097292529505,-1.0040810743915003,3.5407590866088867,0.5643907189369202,0.0,0.0,-0.0,0.0,0.0,0.0,-0.1190185695886612,3.987122058868408,-1.5177057981491089,0.2018737941980362,-0.0336456336081028,-0.1906585842370987,0.1422713474720275,-0.3468736337851501,0.8900873846795045,-1.385319813097668,-1.5063980254649136,1.9509674493891511,0.0,0.0,0.0,0.0,0.0,0.0,1.7695566142836938,0.24339841436500986,-2.329816140589685,-1.004101392145385,3.540695881423035,0.5643377819968957,7.0,1.0,47.986000061035156,48.22800064086914,48.06100082397461,0.11,31.92,27.88,0.41,-0.281,1.31,0,1,0
1778204801.5961947,1332.416,1.7696353197097778,0.24342775344848633,-2.329773728047506,-1.0040810743915003,3.54074764251709,0.56440269947052,0.0,0.0,-0.0,0.0,0.0,0.0,-0.0686645582318306,3.982544422149658,-1.515463948249817,0.2018737941980362,-0.0381317175924778,-0.2063598781824112,0.14227465005345188,-0.3469214490871479,0.8900868845453447,-1.3853046357995025,-1.5064102821735617,1.9509062625714464,0.0,0.0,0.0,0.0,0.0,0.0,1.7695566142836938,0.24339841436500986,-2.329816140589685,-1.004101392145385,3.540695881423035,0.5643377819968957,7.0,1.0,47.986000061035156,48.22800064086914,48.029998779296875,0.11,31.92,27.88,0.41,-0.281,1.31,0,1,0
1778204801.5981133,1332.416,1.7696353197097778,0.24342775344848633,-2.329773728047506,-1.0040810743915003,3.54074764251709,0.56440269947052,0.0,0.0,-0.0,0.0,0.0,0.0,-0.0686645582318306,3.982544422149658,-1.515463948249817,0.2018737941980362,-0.0381317175924778,-0.2063598781824112,0.14227465005345188,-0.3469214490871479,0.8900868845453447,-1.3853046357995025,-1.5064102821735617,1.9509062625714464,0.0,0.0,0.0,0.0,0.0,0.0,1.7695566142836938,0.24339841436500986,-2.329816140589685,-1.004101392145385,3.540695881423035,0.5643377819968957,7.0,1.0,47.986000061035156,48.22800064086914,48.029998779296875,0.02,32.02,28.18,0.401,-0.268,1.302,0,0,1
1778204801.600979,1332.424,1.7696112394332886,0.2434157133102417,-2.3297975699054163,-1.0041049162494105,3.5407116413116455,0.5643547773361206,0.0,0.0,-0.0,0.0,0.0,0.0,-0.1327514797449112,3.987122058868408,-1.5378820896148682,0.1996307522058487,-0.0314025916159153,-0.1929016262292862,0.14226448085482235,-0.34689386535931777,0.8900869063081103,-1.3853215117755164,-1.5063299654205489,1.9508977364198776,0.0,0.0,0.0,0.0,0.0,0.0,1.7695566142836938,0.24339841436500986,-2.329816140589685,-1.004101392145385,3.540695881423035,0.5643377819968957,7.0,1.0,47.986000061035156,48.22800064086914,48.029998779296875,0.02,32.02,28.18,0.401,-0.268,1.302,0,1,0
1778204801.607512,1332.432,1.7695872783660889,0.2434636354446411,-2.329773728047506,-1.0041411558734339,3.540675640106201,0.5643907189369202,0.0,0.0,-0.0,0.0,0.0,0.0,-0.1052856519818306,3.973389148712158,-1.5109803676605225,0.2041168361902237,-0.0403747595846653,-0.1996307522058487,0.14225667972183353,-0.346927897908269,0.8900772096336051,-1.3853629707053163,-1.5062795902631796,1.9508519737101415,0.0,0.0,0.0,0.0,0.0,0.0,1.7695566142836938,0.24339841436500986,-2.329816140589685,-1.004101392145385,3.540695881423035,0.5643377819968957,7.0,1.0,47.986000061035156,48.22800064086914,48.029998779296875,0.02,32.02,28.18,0.401,-0.268,1.302,0,1,0
1778204801.618258,1332.4399999999998,1.7695993185043335,0.2434396743774414,-2.3297856489764612,-1.0040572325335901,3.54074764251709,0.5644386410713196,0.0,0.0,-0.0,0.0,0.0,0.0,-0.0869751051068306,3.977966785430908,-1.5109803676605225,0.1996307522058487,-0.0336456336081028,-0.2130890041589737,0.14225771146440233,-0.34692562463747273,0.890078853635105,-1.3853435718808293,-1.506376357431071,1.9508844676411805,0.0,0.0,0.0,0.0,0.0,0.0,1.7695566142836938,0.24339841436500986,-2.329816140589685,-1.004101392145385,3.540695881423035,0.5643377819968957,7.0,1.0,47.986000061035156,48.22800064086914,48.029998779296875,0.02,32.02,28.18,0.401,-0.268,1.302,0,1,0
1778204801.6205392,1332.4479999999999,1.769647240638733,0.2434636354446411,-2.3298216501819056,-1.0041049162494105,3.5407590866088867,0.5643787384033203,0.0,0.0,-0.0,0.0,0.0,0.0,-0.0640869215130806,3.996277332305908,-1.5289148092269897,0.2041168361902237,-0.0314025916159153,-0.2153320610523224,0.14227826560389795,-0.34690102897250485,0.8900638499120723,-1.3852925195948227,-1.5064190054607767,1.9509381834771955,0.0,0.0,0.0,0.0,0.0,0.0,1.7695566142836938,0.24339841436500986,-2.329816140589685,-1.004101392145385,3.540695881423035,0.5643377819968957,7.0,1.0,47.986000061035156,48.22800064086914,48.029998779296875,0.02,32.02,28.18,0.401,-0.268,1.302,0,1,0
1778204801.6222122,1332.456,1.7696112394332886,0.2434396743774414,-2.3297856489764612,-1.0041168371783655,3.5407235622406006,0.56440269947052,0.0,0.0,-0.0,0.0,0.0,0.0,-0.1098632961511612,3.950500965118408,-1.5333983898162842,0.2041168361902237,-0.0403747595846653,-0.1929016262292862,0.1422617269531242,-0.3469067349501905,0.8900818943384535,-1.3853498302221456,-1.5063385288969506,1.9509109568985146,0.0,0.0,0.0,0.0,0.0,0.0,1.7695566142836938,0.24339841436500986,-2.329816140589685,-1.004101392145385,3.540695881423035,0.5643377819968957,7.0,1.0,47.986000061035156,48.22800064086914,48.029998779296875,0.02,32.02,28.18,0.401,-0.268,1.302,0,1,0
1778204801.6283374,1332.464,1.7696112394332886,0.2434157133102417,-2.3298216501819056,-1.0040810743915003,3.5407354831695557,0.5644266605377197,0.0,0.0,-0.0,0.0,0.0,0.0,-0.0915527418255806,3.982544422149658,-1.5177057981491089,0.2108459621667862,-0.0336456336081028,-0.1996307522058487,0.1422512014332417,-0.34686625061649945,0.89008078511658,-1.3853842531390508,-1.5063244008907049,1.9509540756043022,0.0,0.0,0.0,0.0,0.0,0.0,1.7695566142836938,0.24339841436500986,-2.329816140589685,-1.004101392145385,3.540695881423035,0.5643377819968957,7.0,1.0,47.986000061035156,48.22800064086914,48.029998779296875,0.02,32.02,28.18,0.401,-0.268,1.302,0,1,0
1778204801.6335511,1332.472,1.7696112394332886,0.2434396743774414,-2.3297975699054163,-1.0041049162494105,3.5407354831695557,0.5643787384033203,0.0,0.0,-0.0,0.0,0.0,0.0,-0.0640869215130806,3.936768054962158,-1.5266729593276978,0.1996307522058487,-0.0471038855612278,-0.2175751030445099,0.142265262454607,-0.34690780085636574,0.890078227973153,-1.3853202912420168,-1.5063602302862655,1.950903470717972,0.0,0.0,0.0,0.0,0.0,0.0,1.7695566142836938,0.24339841436500986,-2.329816140589685,-1.004101392145385,3.540695881423035,0.5643377819968957,7.0,1.0,48.0,48.22800064086914,48.029998779296875,0.02,32.02,28.18,0.401,-0.268,1.302,0,1,0
1778204801.6385562,1332.48,1.7695993185043335,0.2434157133102417,-2.3297856489764612,-1.0041049162494105,3.5407354831695557,0.5643907189369202,0.0,0.0,-0.0,0.0,0.0,0.0,0.0,3.991699695587158,-1.5199475288391113,0.2086029201745987,-0.0403747595846653,-0.2198181450366974,0.14225762595290034,-0.3468992714539152,0.8900898746037702,-1.3853459216275619,-1.5063356664106555,1.9509145557230192,0.0,0.0,0.0,0.0,0.0,0.0,1.7695566142836938,0.24339841436500986,-2.329816140589685,-1.004101392145385,3.540695881423035,0.5643377819968957,7.0,1.0,48.0,48.24300003051758,48.029998779296875,0.02,32.02,28.18,0.401,-0.268,1.302,0,1,0
1778204801.6459002,1332.4879999999998,1.7696353197097778,0.2434396743774414,-2.3297975699054163,-1.0040810743915003,3.5406997203826904,0.5643667578697205,0.0,0.0,-0.0,0.0,0.0,0.0,-0.0686645582318306,3.987122058868408,-1.5199475288391113,0.2041168361902237,-0.0358886756002903,-0.2086029201745987,0.1422757790726343,-0.34691405509290857,0.8900769396279786,-1.3852965519920846,-1.5063686681997355,1.9508687638461832,0.0,0.0,0.0,0.0,0.0,0.0,1.7695566142836938,0.24339841436500986,-2.329816140589685,-1.004101392145385,3.540695881423035,0.5643377819968957,7.0,1.0,48.0,48.24300003051758,48.04600143432617,0.02,32.02,28.18,0.401,-0.268,1.302,0,1,0
1778204801.653791,1332.4959999999999,1.7696112394332886,0.24345171451568604,-2.3297975699054163,-1.0041049162494105,3.5407235622406006,0.5643787384033203,0.0,0.0,-0.0,0.0,0.0,0.0,-0.0869751051068306,3.996277332305908,-1.5244312286376953,0.2018737941980362,-0.0358886756002903,-0.2198181450366974,0.1422664570928281,-0.3469158259400827,0.8900738485773908,-1.3853178186435613,-1.5063563112688727,1.950885733336174,0.0,0.0,0.0,0.0,0.0,0.0,1.7695566142836938,0.24339841436500986,-2.329816140589685,-1.004101392145385,3.540695881423035,0.5643377819968957,7.0,1.0,48.0,48.24300003051758,48.04600143432617,0.02,32.02,28.18,0.401,-0.268,1.302,0,1,0
1778204801.665531,1332.504,1.7696112394332886,0.24345171451568604,-2.3297856489764612,-1.0040810743915003,3.5407354831695557,0.5643907189369202,0.0,0.0,-0.0,0.0,0.0,0.0,-0.1098632961511612,3.973389148712158,-1.5244312286376953,0.2041168361902237,-0.0336456336081028,-0.2108459621667862,0.14226916694629607,-0.34693411041916616,0.8900752929004829,-1.3853019496385042,-1.5063874120807221,1.950866960026082,0.0,0.0,0.0,0.0,0.0,0.0,1.7695566142836938,0.24339841436500986,-2.329816140589685,-1.004101392145385,3.540695881423035,0.5643377819968957,7.0,1.0,48.0,48.24300003051758,48.04600143432617,0.02,32.02,28.18,0.401,-0.268,1.302,0,1,0
1778204801.6676915,1332.512,1.7696353197097778,0.24345171451568604,-2.3298216501819056,-1.004068676625387,3.5407354831695557,0.5643787384033203,0.0,0.0,-0.0,0.0,0.0,0.0,-0.0457763709127903,3.973389148712158,-1.5221893787384033,0.2086029201745987,-0.0403747595846653,-0.2287903130054474,0.14227413065935615,-0.3469065468327824,0.8900663339167157,-1.3852929730359587,-1.5063998967233012,1.9508956871212482,0.0,0.0,0.0,0.0,0.0,0.0,1.7695566142836938,0.24339841436500986,-2.329816140589685,-1.004101392145385,3.540695881423035,0.5643377819968957,7.0,1.0,48.0,48.24300003051758,48.04600143432617,0.02,32.02,28.18,0.401,-0.268,1.302,0,1,0
1778204801.6843233,1332.52,1.7696592807769775,0.24342775344848633,-2.3297856489764612,-1.0041049162494105,3.54074764251709,0.5643907189369202,0.0,0.0,-0.0,0.0,0.0,0.0,-0.0915527418255806,3.996277332305908,-1.5311566591262817,0.1996307522058487,-0.0403747595846653,-0.2265472710132599,0.14228086990177813,-0.3469007258307121,0.8900853856921109,-1.385303573043122,-1.5064146001051233,1.9509459747728082,0.0,0.0,0.0,0.0,0.0,0.0,1.7695566142836938,0.24339841436500986,-2.329816140589685,-1.004101392145385,3.540695881423035,0.5643377819968957,7.0,1.0,48.0,48.24300003051758,48.04600143432617,0.02,32.02,28.18,0.401,-0.268,1.302,0,1,0
1778204801.6908562,1332.528,1.7696112394332886,0.2434396743774414,-2.3298216501819056,-1.0040810743915003,3.5406997203826904,0.5643907189369202,0.0,0.0,-0.0,0.0,0.0,0.0,-0.1052856519818306,3.973389148712158,-1.513222098350525,0.1951446682214737,-0.0358886756002903,-0.2153320610523224,0.1422590473807742,-0.34689010156875383,0.8900717456834988,-1.3853480539918726,-1.5063191394123605,1.9508906617065023,0.0,0.0,0.0,0.0,0.0,0.0,1.7695566142836938,0.24339841436500986,-2.329816140589685,-1.004101392145385,3.540695881423035,0.5643377819968957,7.0,1.0,48.0,48.24300003051758,48.04600143432617,0.02,32.02,28.18,0.401,-0.268,1.302,0,1,0
1778204801.6987786,1332.5359999999998,1.7695872783660889,0.24345171451568604,-2.329761568699972,-1.0041168371783655,3.5407235622406006,0.5643907189369202,0.0,0.0,-0.0,0.0,0.0,0.0,-0.1052856519818306,3.982544422149658,-1.5244312286376953,0.2063598781824112,-0.0381317175924778,-0.2086029201745987,0.1422615737334761,-0.34694356544681915,0.8900827807431306,-1.3853264308355455,-1.506344262498679,1.950856642566373,0.0,0.0,0.0,0.0,0.0,0.0,1.7695566142836938,0.24339841436500986,-2.329816140589685,-1.004101392145385,3.540695881423035,0.5643377819968957,7.0,1.0,48.0,48.24300003051758,48.04600143432617,0.02,32.02,28.18,0.401,-0.268,1.302,0,1,0
1778204801.7047954,1332.5439999999999,1.7696112394332886,0.2434157133102417,-2.3298097292529505,-1.0040929953204554,3.5407354831695557,0.56440269947052,0.0,0.0,-0.0,0.0,0.0,0.0,-0.0961303785443306,3.977966785430908,-1.5244312286376953,0.2041168361902237,-0.0314025916159153,-0.1929016262292862,0.14225640696266087,-0.34687796850911384,0.8900838912648572,-1.3853599538841053,-1.5063342082619788,1.9509398446704447,0.0,0.0,0.0,0.0,0.0,0.0,1.7695566142836938,0.24339841436500986,-2.329816140589685,-1.004101392145385,3.540695881423035,0.5643377819968957,7.0,1.0,48.0,48.24300003051758,48.04600143432617,0.02,32.02,28.18,0.401,-0.268,1.302,0,1,0
1778204801.7219534,1332.552,1.7696353197097778,0.2434396743774414,-2.3298097292529505,-1.0040810743915003,3.54074764251709,0.5643787384033203,0.0,0.0,-0.0,0.0,0.0,0.0,-0.1327514797449112,3.996277332305908,-1.5221893787384033,0.2063598781824112,-0.0314025916159153,-0.2130890041589737,0.14227405257718143,-0.34690415963735177,0.8900740975872574,-1.3852956819269144,-1.5064037821815313,1.9509139810115799,0.0,0.0,0.0,0.0,0.0,0.0,1.7695566142836938,0.24339841436500986,-2.329816140589685,-1.004101392145385,3.540695881423035,0.5643377819968957,7.0,1.0,48.01499938964844,48.24300003051758,48.04600143432617,0.02,32.02,28.18,0.401,-0.268,1.302,0,1,0
1778204801.727141,1332.56,1.7695872783660889,0.2434396743774414,-2.3298216501819056,-1.0040810743915003,3.54074764251709,0.5643907189369202,0.0,0.0,-0.0,0.0,0.0,0.0,-0.1373291164636612,3.982544422149658,-1.546849250793457,0.2086029201745987,-0.0358886756002903,-0.1951446682214737,0.14225321929508092,-0.34689741085502734,0.8900715275028853,-1.385339026965815,-1.5063438903477817,1.9509034581820865,0.0,0.0,0.0,0.0,0.0,0.0,1.7695566142836938,0.24339841436500986,-2.329816140589685,-1.004101392145385,3.540695881423035,0.5643377819968957,7.0,1.0,48.01499938964844,48.24300003051758,48.06100082397461,0.02,32.02,28.18,0.401,-0.268,1.302,0,1,0
1778204801.7386208,1332.568,1.7696353197097778,0.24340379238128662,-2.329773728047506,-1.0041049162494105,3.5407235622406006,0.5643547773361206,0.0,0.0,-0.0,0.0,0.0,0.0,-0.0595092847943306,3.977966785430908,-1.5423656702041626,0.1996307522058487,-0.0291595496237278,-0.1929016262292862,0.14227593150174267,-0.34690376308226645,0.8900966353285921,-1.3852968920360962,-1.5063735714327382,1.9509079031903618,0.0,0.0,0.0,0.0,0.0,0.0,1.7695566142836938,0.24339841436500986,-2.329816140589685,-1.004101392145385,3.540695881423035,0.5643377819968957,7.0,1.0,48.01499938964844,48.24300003051758,48.06100082397461,0.02,32.02,28.18,0.401,-0.268,1.302,0,1,0
1778204801.7576377,1332.576,1.7696353197097778,0.2434636354446411,-2.3297975699054163,-1.0040572325335901,3.54074764251709,0.5643787384033203,0.0,0.0,-0.0,0.0,0.0,0.0,-0.1007080152630806,3.987122058868408,-1.5221893787384033,0.2041168361902237,-0.0381317175924778,-0.2041168361902237,0.14228182611102083,-0.34694254111509476,0.8900666993435912,-1.385257452934066,-1.5064439909899827,1.9508592346567686,0.0,0.0,0.0,0.0,0.0,0.0,1.7695566142836938,0.24339841436500986,-2.329816140589685,-1.004101392145385,3.540695881423035,0.5643377819968957,7.0,1.0,48.01499938964844,48.24300003051758,48.06100082397461,0.02,32.02,28.18,0.401,-0.268,1.302,0,1,0
1778204801.763444,1332.576,1.7696353197097778,0.2434636354446411,-2.3297975699054163,-1.0040572325335901,3.54074764251709,0.5643787384033203,0.0,0.0,-0.0,0.0,0.0,0.0,-0.1007080152630806,3.987122058868408,-1.5221893787384033,0.2041168361902237,-0.0381317175924778,-0.2041168361902237,0.14228182611102083,-0.34694254111509476,0.8900666993435912,-1.385257452934066,-1.5064439909899827,1.9508592346567686,0.0,0.0,0.0,0.0,0.0,0.0,1.7695566142836938,0.24339841436500986,-2.329816140589685,-1.004101392145385,3.540695881423035,0.5643377819968957,7.0,1.0,48.01499938964844,48.24300003051758,48.06100082397461,-0.03,32.06,28.23,0.399,-0.266,1.301,0,0,1
1778204801.770303,1332.5839999999998,1.7695993185043335,0.2434636354446411,-2.3298097292529505,-1.0041049162494105,3.5407354831695557,0.5643308162689209,0.0,0.0,-0.0,0.0,0.0,0.0,-0.1007080152630806,3.977966785430908,-1.515463948249817,0.2063598781824112,-0.0358886756002903,-0.2041168361902237,0.1422706775087718,-0.34692836942855065,0.8900661467570683,-1.3852700144354892,-1.506375958194505,1.95085712676432,0.0,0.0,0.0,0.0,0.0,0.0,1.7695566142836938,0.24339841436500986,-2.329816140589685,-1.004101392145385,3.540695881423035,0.5643377819968957,7.0,1.0,48.01499938964844,48.24300003051758,48.06100082397461,-0.03,32.06,28.23,0.399,-0.266,1.301,0,1,0
1778204801.7792783,1332.5919999999999,1.7696353197097778,0.2434396743774414,-2.3297975699054163,-1.0041049162494105,3.5407354831695557,0.5643547773361206,0.0,0.0,-0.0,0.0,0.0,0.0,-0.1327514797449112,3.982544422149658,-1.513222098350525,0.2018737941980362,-0.0381317175924778,-0.1794433742761612,0.14227767779328215,-0.34691028167028853,0.8900779745225382,-1.3852841383335386,-1.5063935401860689,1.9509035414579623,0.0,0.0,0.0,0.0,0.0,0.0,1.7695566142836938,0.24339841436500986,-2.329816140589685,-1.004101392145385,3.540695881423035,0.5643377819968957,7.0,1.0,48.01499938964844,48.24300003051758,48.06100082397461,-0.03,32.06,28.23,0.399,-0.266,1.301,0,1,0
1778204801.7915695,1332.6,1.7695872783660889,0.24347567558288574,-2.3297975699054163,-1.0040929953204554,3.5407354831695557,0.5643547773361206,0.0,0.0,-0.0,0.0,0.0,0.0,-0.1007080152630806,3.977966785430908,-1.5221893787384033,0.2041168361902237,-0.0381317175924778,-0.2018737941980362,0.14226742346941484,-0.3469488322669745,0.8900640543548174,-1.3852772305100742,-1.506378662603938,1.9508312267479782,0.0,0.0,0.0,0.0,0.0,0.0,1.7695566142836938,0.24339841436500986,-2.329816140589685,-1.004101392145385,3.540695881423035,0.5643377819968957,7.0,1.0,48.01499938964844,48.24300003051758,48.06100082397461,-0.03,32.06,28.23,0.399,-0.266,1.301,0,1,0
1778204801.7938204,1332.608,1.7695993185043335,0.24345171451568604,-2.3297975699054163,-1.0041049162494105,3.5407235622406006,0.56440269947052,0.0,0.0,-0.0,0.0,0.0,0.0,-0.0732421949505806,3.973389148712158,-1.5087385177612305,0.2041168361902237,-0.0358886756002903,-0.1973877102136612,0.1422582600630634,-0.34691161496363776,0.890074101937542,-1.385348002941769,-1.506334891911943,1.9508928780928267,0.0,0.0,0.0,0.0,0.0,0.0,1.7695566142836938,0.24339841436500986,-2.329816140589685,-1.004101392145385,3.540695881423035,0.5643377819968957,7.0,1.0,48.01499938964844,48.24300003051758,48.06100082397461,-0.03,32.06,28.23,0.399,-0.266,1.301,0,1,0
1778204801.7956145,1332.616,1.7695753574371338,0.24340379238128662,-2.329773728047506,-1.0040929953204554,3.5407590866088867,0.5643907189369202,0.0,0.0,-0.0,0.0,0.0,0.0,-0.02288818545639515,3.973389148712158,-1.502013087272644,0.2018737941980362,-0.0426178015768528,-0.1973877102136612,0.14225187213003307,-0.34691114354389607,0.8900961915015337,-1.385339779532584,-1.5063439912381011,1.9509028119415392,0.0,0.0,0.0,0.0,0.0,0.0,1.7695566142836938,0.24339841436500986,-2.329816140589685,-1.004101392145385,3.540695881423035,0.5643377819968957,7.0,1.0,48.01499938964844,48.24300003051758,48.06100082397461,-0.03,32.06,28.23,0.399,-0.266,1.301,0,1,0
1778204801.801228,1332.624,1.7695872783660889,0.24342775344848633,-2.3297975699054163,-1.0040810743915003,3.54074764251709,0.5643907189369202,0.0,0.0,-0.0,0.0,0.0,0.0,-0.0961303785443306,4.000854969024658,-1.5221893787384033,0.1996307522058487,-0.0403747595846653,-0.1884155422449112,0.1422557408405573,-0.34690997709247673,0.8900813646372903,-1.3853312458466454,-1.5063521221759637,1.950892397164477,0.0,0.0,0.0,0.0,0.0,0.0,1.7695566142836938,0.24339841436500986,-2.329816140589685,-1.004101392145385,3.540695881423035,0.5643377819968957,7.0,1.0,48.01499938964844,48.22800064086914,48.06100082397461,-0.03,32.06,28.23,0.399,-0.266,1.301,0,1,0
1778204801.8034508,1332.6319999999998,1.7695753574371338,0.24348759651184082,-2.3297856489764612,-1.0041049162494105,3.54074764251709,0.5643427968025208,0.0,0.0,-0.0,0.0,0.0,0.0,-0.0961303785443306,3.973389148712158,-1.5199475288391113,0.2018737941980362,-0.0358886756002903,-0.2310333549976349,0.14226888661947615,-0.3469691889215828,0.8900628402275876,-1.3852581075868828,-1.5063921435131562,1.9508129768028843,0.0,0.0,0.0,0.0,0.0,0.0,1.7695566142836938,0.24339841436500986,-2.329816140589685,-1.004101392145385,3.540695881423035,0.5643377819968957,7.0,1.0,48.01499938964844,48.22800064086914,48.029998779296875,-0.03,32.06,28.23,0.399,-0.266,1.301,0,1,0
1778204801.8100898,1332.6399999999999,1.769647240638733,0.24347567558288574,-2.3297856489764612,-1.0040810743915003,3.5407235622406006,0.5643907189369202,0.0,0.0,-0.0,0.0,0.0,0.0,-0.0640869215130806,3.968811511993408,-1.5109803676605225,0.2041168361902237,-0.0471038855612278,-0.1794433742761612,0.14228464677942512,-0.34694591947005265,0.8900665230407171,-1.3852742373720244,-1.5064266861524482,1.9508596781385676,0.0,0.0,0.0,0.0,0.0,0.0,1.7695566142836938,0.24339841436500986,-2.329816140589685,-1.004101392145385,3.540695881423035,0.5643377819968957,7.0,1.0,47.986000061035156,48.22800064086914,48.029998779296875,-0.03,32.06,28.23,0.399,-0.266,1.301,0,1,0
1778204801.8156602,1332.648,1.7696353197097778,0.24342775344848633,-2.3297975699054163,-1.0040810743915003,3.5407235622406006,0.5643547773361206,0.0,0.0,-0.0,0.0,0.0,0.0,-0.0915527418255806,3.964233875274658,-1.499771237373352,0.2018737941980362,-0.0381317175924778,-0.2063598781824112,0.1422772510058037,-0.3469100426771232,0.8900810940634958,-1.385281611206079,-1.5063895335246213,1.9508860026520574,0.0,0.0,0.0,0.0,0.0,0.0,1.7695566142836938,0.24339841436500986,-2.329816140589685,-1.004101392145385,3.540695881423035,0.5643377819968957,7.0,1.0,47.986000061035156,48.22800064086914,48.029998779296875,-0.03,32.06,28.23,0.399,-0.266,1.301,0,1,0
1778204801.8224082,1332.656,1.7695753574371338,0.24345171451568604,-2.3298097292529505,-1.004068676625387,3.5407116413116455,0.5643787384033203,0.0,0.0,-0.0,0.0,0.0,0.0,-0.0640869215130806,4.000854969024658,-1.5311566591262817,0.1973877102136612,-0.0471038855612278,-0.2086029201745987,0.14225422981300612,-0.3469237667185906,0.8900691391056617,-1.3853251467181042,-1.506325314012166,1.9508357889041867,0.0,0.0,0.0,0.0,0.0,0.0,1.7695566142836938,0.24339841436500986,-2.329816140589685,-1.004101392145385,3.540695881423035,0.5643377819968957,7.0,1.0,47.986000061035156,48.22800064086914,48.029998779296875,-0.03,32.06,28.23,0.399,-0.266,1.301,0,1,0
1778204801.8296452,1332.664,1.7696112394332886,0.2434396743774414,-2.3297856489764612,-1.0040929953204554,3.5407354831695557,0.5643547773361206,0.0,0.0,-0.0,0.0,0.0,0.0,-0.0595092847943306,3.968811511993408,-1.5244312286376953,0.2063598781824112,-0.0381317175924778,-0.2175751030445099,0.14227245385839302,-0.34692915645212247,0.8900800087206524,-1.3852807258589348,-1.5063860032250083,1.9508675126688262,0.0,0.0,0.0,0.0,0.0,0.0,1.7695566142836938,0.24339841436500986,-2.329816140589685,-1.004101392145385,3.540695881423035,0.5643377819968957,7.0,1.0,47.986000061035156,48.22800064086914,48.029998779296875,-0.03,32.06,28.23,0.399,-0.266,1.301,0,1,0
1778204801.843116,1332.672,1.769647240638733,0.2434396743774414,-2.329749647771017,-1.0041049162494105,3.5407235622406006,0.5643667578697205,0.0,0.0,-0.0,0.0,0.0,0.0,-0.0961303785443306,3.987122058868408,-1.5244312286376953,0.2063598781824112,-0.0336456336081028,-0.2153320610523224,0.14228775621303463,-0.3469473945630467,0.8900889950340629,-1.3852650774117883,-1.5064206076733753,1.9508672841628605,0.0,0.0,0.0,0.0,0.0,0.0,1.7695566142836938,0.24339841436500986,-2.329816140589685,-1.004101392145385,3.540695881423035,0.5643377819968957,7.0,1.0,47.986000061035156,48.22800064086914,48.029998779296875,-0.03,32.06,28.23,0.399,-0.266,1.301,0,1,0
1778204801.8453221,1332.6799999999998,1.7696353197097778,0.2434396743774414,-2.329773728047506,-1.0041049162494105,3.5407354831695557,0.5643907189369202,0.0,0.0,-0.0,0.0,0.0,0.0,-0.1327514797449112,3.991699695587158,-1.5177057981491089,0.2041168361902237,-0.0403747595846653,-0.1749572902917862,0.14227585945849833,-0.3469226815887627,0.8900837478092538,-1.3853054415373418,-1.5063949573078477,1.9509031178309935,0.0,0.0,0.0,0.0,0.0,0.0,1.7695566142836938,0.24339841436500986,-2.329816140589685,-1.004101392145385,3.540695881423035,0.5643377819968957,7.0,1.0,47.986000061035156,48.22800064086914,48.029998779296875,-0.03,32.06,28.23,0.399,-0.266,1.301,0,1,0
1778204801.8514035,1332.6879999999999,1.7696353197097778,0.24342775344848633,-2.3297975699054163,-1.0041049162494105,3.5407235622406006,0.56440269947052,0.0,0.0,-0.0,0.0,0.0,0.0,-0.1052856519818306,4.005432605743408,-1.515463948249817,0.2063598781824112,-0.0381317175924778,-0.2041168361902237,0.14226714157845802,-0.3468885916298323,0.8900829251103981,-1.3853455453397585,-1.5063540455926494,1.9509361667126088,0.0,0.0,0.0,0.0,0.0,0.0,1.7695566142836938,0.24339841436500986,-2.329816140589685,-1.004101392145385,3.540695881423035,0.5643377819968957,7.0,1.0,47.986000061035156,48.22800064086914,48.029998779296875,-0.03,32.06,28.23,0.399,-0.266,1.301,0,1,0
1778204801.8574133,1332.696,1.7695872783660889,0.2434157133102417,-2.3297975699054163,-1.0040929953204554,3.5407590866088867,0.5643907189369202,0.0,0.0,-0.0,0.0,0.0,0.0,-0.1373291164636612,3.991699695587158,-1.5333983898162842,0.2041168361902237,-0.0448608435690403,-0.1794433742761612,0.1422535288401079,-0.34689709426692394,0.890086408214291,-1.3853415577827226,-1.5063475780761066,1.9509207294857978,0.0,0.0,0.0,0.0,0.0,0.0,1.7695566142836938,0.24339841436500986,-2.329816140589685,-1.004101392145385,3.540695881423035,0.5643377819968957,7.0,1.0,47.986000061035156,48.22800064086914,48.029998779296875,-0.03,32.06,28.23,0.399,-0.266,1.301,0,1,0
1778204801.8629522,1332.704,1.7695993185043335,0.24342775344848633,-2.3297975699054163,-1.0040929953204554,3.54074764251709,0.56440269947052,0.0,0.0,-0.0,0.0,0.0,0.0,-0.1007080152630806,3.991699695587158,-1.515463948249817,0.1951446682214737,-0.0336456336081028,-0.2198181450366974,0.1422568940068822,-0.346900492082483,0.8900821534269041,-1.3853451361673788,-1.5063510329203298,1.950917514738106,0.0,0.0,0.0,0.0,0.0,0.0,1.7695566142836938,0.24339841436500986,-2.329816140589685,-1.004101392145385,3.540695881423035,0.5643377819968957,7.0,1.0,47.986000061035156,48.22800064086914,48.06100082397461,-0.03,32.06,28.23,0.399,-0.266,1.301,0,1,0
1778204801.8718688,1332.712,1.7695872783660889,0.2434396743774414,-2.3298097292529505,-1.0041168371783655,3.5406997203826904,0.56440269947052,0.0,0.0,-0.0,0.0,0.0,0.0,-0.1281738430261612,3.968811511993408,-1.5289148092269897,0.2063598781824112,-0.0358886756002903,-0.1884155422449112,0.14224786304072753,-0.3468867301407391,0.890076555242814,-1.3853872806493746,-1.5062749044847763,1.9509052661954334,0.0,0.0,0.0,0.0,0.0,0.0,1.7695566142836938,0.24339841436500986,-2.329816140589685,-1.004101392145385,3.540695881423035,0.5643377819968957,7.0,1.0,47.986000061035156,48.22800064086914,48.06100082397461,-0.03,32.06,28.23,0.399,-0.266,1.301,0,1,0
1778204801.8788123,1332.72,1.769647240638733,0.24337971210479736,-2.329773728047506,-1.0040929953204554,3.5407354831695557,0.5643907189369202,0.0,0.0,-0.0,0.0,0.0,0.0,-0.0732421949505806,3.977966785430908,-1.5289148092269897,0.2063598781824112,-0.0381317175924778,-0.1884155422449112,0.14227195941779638,-0.3468810048018784,0.8901051658972944,-1.385330024836344,-1.5063744237364483,1.950954196423587,0.0,0.0,0.0,0.0,0.0,0.0,1.7695566142836938,0.24339841436500986,-2.329816140589685,-1.004101392145385,3.540695881423035,0.5643377819968957,7.0,1.0,48.0,48.22800064086914,48.06100082397461,-0.03,32.06,28.23,0.399,-0.266,1.301,0,1,0
1778204801.8911474,1332.7279999999998,1.7696353197097778,0.24342775344848633,-2.329773728047506,-1.0040810743915003,3.5407116413116455,0.5643547773361206,0.0,0.0,-0.0,0.0,0.0,0.0,-0.0869751051068306,3.987122058868408,-1.513222098350525,0.2018737941980362,-0.02243042178452015,-0.2063598781824112,0.14228090725861336,-0.34693033232335124,0.8900865413621093,-1.3852715844120234,-1.5063936051212943,1.95085753120694,0.0,0.0,0.0,0.0,0.0,0.0,1.7695566142836938,0.24339841436500986,-2.329816140589685,-1.004101392145385,3.540695881423035,0.5643377819968957,7.0,1.0,48.0,48.22800064086914,48.06100082397461,-0.03,32.06,28.23,0.399,-0.266,1.301,0,1,0
1778204801.8932073,1332.7359999999999,1.7696112394332886,0.24342775344848633,-2.3297856489764612,-1.0040572325335901,3.5407590866088867,0.5643787384033203,0.0,0.0,-0.0,0.0,0.0,0.0,-0.1190185695886612,3.977966785430908,-1.5378820896148682,0.1951446682214737,-0.0381317175924778,-0.1951446682214737,0.1422707999130561,-0.3469307207365821,0.8900825576820166,-1.3852794897819272,-1.5064159373532706,1.9508733544752601,0.0,0.0,0.0,0.0,0.0,0.0,1.7695566142836938,0.24339841436500986,-2.329816140589685,-1.004101392145385,3.540695881423035,0.5643377819968957,7.0,1.0,48.0,48.22800064086914,48.06100082397461,-0.03,32.06,28.23,0.399,-0.266,1.301,0,1,0
1778204801.8993335,1332.7359999999999,1.7696112394332886,0.24342775344848633,-2.3297856489764612,-1.0040572325335901,3.5407590866088867,0.5643787384033203,0.0,0.0,-0.0,0.0,0.0,0.0,-0.1190185695886612,3.977966785430908,-1.5378820896148682,0.1951446682214737,-0.0381317175924778,-0.1951446682214737,0.1422707999130561,-0.3469307207365821,0.8900825576820166,-1.3852794897819272,-1.5064159373532706,1.9508733544752601,0.0,0.0,0.0,0.0,0.0,0.0,1.7695566142836938,0.24339841436500986,-2.329816140589685,-1.004101392145385,3.540695881423035,0.5643377819968957,7.0,1.0,48.0,48.22800064086914,48.06100082397461,-0.19,32.2,28.3,0.399,-0.261,1.299,0,0,1
1778204801.9070656,1332.744,1.7695753574371338,0.2434636354446411,-2.3298097292529505,-1.0040929953204554,3.5407354831695557,0.5643907189369202,0.0,0.0,-0.0,0.0,0.0,0.0,-0.0320434607565403,3.977966785430908,-1.5244312286376953,0.2063598781824112,-0.0358886756002903,-0.1839294582605362,0.14225320396964697,-0.34692182975469565,0.8900661184678732,-1.38533497541103,-1.5063361066710779,1.9508675917005585,0.0,0.0,0.0,0.0,0.0,0.0,1.7695566142836938,0.24339841436500986,-2.329816140589685,-1.004101392145385,3.540695881423035,0.5643377819968957,7.0,1.0,48.0,48.22800064086914,48.06100082397461,-0.19,32.2,28.3,0.399,-0.261,1.299,0,1,0
1778204801.9123704,1332.752,1.7696112394332886,0.2434396743774414,-2.3297856489764612,-1.0041049162494105,3.5407354831695557,0.5643667578697205,0.0,0.0,-0.0,0.0,0.0,0.0,-0.1464843899011612,3.977966785430908,-1.5199475288391113,0.2041168361902237,-0.0515899695456028,-0.1951446682214737,0.14226943013667503,-0.34692138427603825,0.8900807978429233,-1.3853005257657263,-1.506373139785805,1.9508854855366662,0.0,0.0,0.0,0.0,0.0,0.0,1.7695566142836938,0.24339841436500986,-2.329816140589685,-1.004101392145385,3.540695881423035,0.5643377819968957,7.0,1.0,48.0,48.22800064086914,48.06100082397461,-0.19,32.2,28.3,0.399,-0.261,1.299,0,1,0
1778204801.9214787,1332.76,1.7695872783660889,0.24345171451568604,-2.3297975699054163,-1.0040929953204554,3.5407354831695557,0.5643907189369202,0.0,0.0,-0.0,0.0,0.0,0.0,-0.0640869215130806,3.977966785430908,-1.5199475288391113,0.2041168361902237,-0.0426178015768528,-0.2287903130054474,0.14225772455903138,-0.3469220703512556,0.8900732587734504,-1.3853289418420107,-1.5063479672956124,1.9508744806113056,0.0,0.0,0.0,0.0,0.0,0.0,1.7695566142836938,0.24339841436500986,-2.329816140589685,-1.004101392145385,3.540695881423035,0.5643377819968957,7.0,1.0,48.0,48.22800064086914,48.06100082397461,-0.19,32.2,28.3,0.399,-0.261,1.299,0,1,0
1778204801.92767,1332.768,1.769647240638733,0.24342775344848633,-2.3298216501819056,-1.0041049162494105,3.5407354831695557,0.5643547773361206,0.0,0.0,-0.0,0.0,0.0,0.0,-0.0869751051068306,3.977966785430908,-1.5289148092269897,0.1973877102136612,-0.0381317175924778,-0.2220611870288849,0.1422757010871373,-0.34687820695625116,0.8900769166214105,-1.3853012050489089,-1.5063809924987468,1.950943492625989,0.0,0.0,0.0,0.0,0.0,0.0,1.7695566142836938,0.24339841436500986,-2.329816140589685,-1.004101392145385,3.540695881423035,0.5643377819968957,7.0,1.0,48.0,48.2130012512207,48.06100082397461,-0.19,32.2,28.3,0.399,-0.261,1.299,0,1,0
1778204801.9428923,1332.7759999999998,1.7696112394332886,0.24347567558288574,-2.3298097292529505,-1.0041287581073206,3.540783166885376,0.56440269947052,0.0,0.0,-0.0,0.0,0.0,0.0,-0.0961303785443306,3.973389148712158,-1.5558165311813354,0.2041168361902237,-0.0336456336081028,-0.1996307522058487,0.14226492664425747,-0.3469121919201301,0.8900635808558752,-1.3853241022497438,-1.5063983786705784,1.9509444471722905,0.0,0.0,0.0,0.0,0.0,0.0,1.7695566142836938,0.24339841436500986,-2.329816140589685,-1.004101392145385,3.540695881423035,0.5643377819968957,7.0,1.0,48.0,48.2130012512207,48.029998779296875,-0.19,32.2,28.3,0.399,-0.261,1.299,0,1,0
1778204801.9467037,1332.7839999999999,1.7696112394332886,0.24345171451568604,-2.329773728047506,-1.0041168371783655,3.5407590866088867,0.5643907189369202,0.0,0.0,-0.0,0.0,0.0,0.0,-0.0915527418255806,3.991699695587158,-1.504254937171936,0.2018737941980362,-0.0471038855612278,-0.1772003322839737,0.14226954854348073,-0.346932205368253,0.8900798686712514,-1.3853070117469457,-1.5063952242196235,1.9509019801454277,0.0,0.0,0.0,0.0,0.0,0.0,1.7695566142836938,0.24339841436500986,-2.329816140589685,-1.004101392145385,3.540695881423035,0.5643377819968957,7.0,1.0,48.0,48.2130012512207,48.029998779296875,-0.19,32.2,28.3,0.399,-0.261,1.299,0,1,0
1778204801.9590886,1332.792,1.7696112394332886,0.2434636354446411,-2.3297975699054163,-1.0040572325335901,3.5407235622406006,0.5644146800041199,0.0,0.0,-0.0,0.0,0.0,0.0,-0.1602173000574112,3.982544422149658,-1.5378820896148682,0.2063598781824112,-0.0448608435690403,-0.2243042290210724,0.1422661310792097,-0.34693514698751243,0.8900671896961756,-1.3853162183893002,-1.506381588904083,1.9508526996518627,0.0,0.0,0.0,0.0,0.0,0.0,1.7695566142836938,0.24339841436500986,-2.329816140589685,-1.004101392145385,3.540695881423035,0.5643377819968957,7.0,1.0,48.0,48.2130012512207,48.029998779296875,-0.19,32.2,28.3,0.399,-0.261,1.299,0,1,0
1778204801.9654865,1332.8,1.7695993185043335,0.24345171451568604,-2.3297856489764612,-1.0040929953204554,3.5407235622406006,0.56440269947052,0.0,0.0,-0.0,0.0,0.0,0.0,-0.1098632961511612,3.973389148712158,-1.5356402397155762,0.2018737941980362,-0.0605621412396431,-0.1906585842370987,0.14226138968731564,-0.3469270638353162,0.8900761362861542,-1.385332771253926,-1.5063509042394139,1.950871138977271,0.0,0.0,0.0,0.0,0.0,0.0,1.7695566142836938,0.24339841436500986,-2.329816140589685,-1.004101392145385,3.540695881423035,0.5643377819968957,7.0,1.0,48.0,48.2130012512207,48.029998779296875,-0.19,32.2,28.3,0.399,-0.261,1.299,0,1,0
1778204801.9736183,1332.808,1.7696112394332886,0.24347567558288574,-2.329761568699972,-1.0041411558734339,3.54074764251709,0.56440269947052,0.0,0.0,-0.0,0.0,0.0,0.0,-0.1235962063074112,3.977966785430908,-1.5221893787384033,0.2041168361902237,-0.0471038855612278,-0.1929016262292862,0.14227068579315102,-0.3469472346850212,0.890075324611679,-1.385316752207829,-1.5063867949920349,1.9508917808184607,0.0,0.0,0.0,0.0,0.0,0.0,1.7695566142836938,0.24339841436500986,-2.329816140589685,-1.004101392145385,3.540695881423035,0.5643377819968957,7.0,1.0,47.986000061035156,48.2130012512207,48.029998779296875,-0.19,32.2,28.3,0.399,-0.261,1.299,0,1,0
1778204801.9795132,1332.816,1.7695872783660889,0.2434396743774414,-2.3298216501819056,-1.0040810743915003,3.54074764251709,0.5643787384033203,0.0,0.0,-0.0,0.0,0.0,0.0,-0.0457763709127903,3.973389148712158,-1.5177057981491089,0.2041168361902237,-0.0426178015768528,-0.2198181450366974,0.14225525006119763,-0.34690036428140214,0.8900714008436019,-1.3853268602129616,-1.5063487709445085,1.9508963488028472,0.0,0.0,0.0,0.0,0.0,0.0,1.7695566142836938,0.24339841436500986,-2.329816140589685,-1.004101392145385,3.540695881423035,0.5643377819968957,7.0,1.0,47.986000061035156,48.2130012512207,48.029998779296875,-0.19,32.2,28.3,0.399,-0.261,1.299,0,1,0
1778204801.991296,1332.8239999999998,1.7696353197097778,0.2434157133102417,-2.3297856489764612,-1.0040810743915003,3.5407116413116455,0.5644146800041199,0.0,0.0,-0.0,0.0,0.0,0.0,-0.1007080152630806,3.977966785430908,-1.5289148092269897,0.2041168361902237,-0.0336456336081028,-0.1929016262292862,0.14226680330865288,-0.346895939930561,0.8900889121930171,-1.3853476614959757,-1.5063531074389072,1.9509149707922366,0.0,0.0,0.0,0.0,0.0,0.0,1.7695566142836938,0.24339841436500986,-2.329816140589685,-1.004101392145385,3.540695881423035,0.5643377819968957,7.0,1.0,47.986000061035156,48.2130012512207,48.029998779296875,-0.19,32.2,28.3,0.399,-0.261,1.299,0,1,0
1778204801.9933465,1332.8319999999999,1.7696112394332886,0.24342775344848633,-2.3298216501819056,-1.0041049162494105,3.5407235622406006,0.56440269947052,0.0,0.0,-0.0,0.0,0.0,0.0,-0.1098632961511612,3.987122058868408,-1.5244312286376953,0.2041168361902237,-0.0358886756002903,-0.2243042290210724,0.142254471897002,-0.346870544871142,0.890077477112324,-1.3853727130717675,-1.5063142765536417,1.9509438461782218,0.0,0.0,0.0,0.0,0.0,0.0,1.7695566142836938,0.24339841436500986,-2.329816140589685,-1.004101392145385,3.540695881423035,0.5643377819968957,7.0,1.0,47.986000061035156,48.2130012512207,48.029998779296875,-0.19,32.2,28.3,0.399,-0.261,1.299,0,1,0
1778204801.9951355,1332.84,1.7696112394332886,0.24347567558288574,-2.3298335711108606,-1.0040448347674769,3.5407235622406006,0.5643787384033203,0.0,0.0,-0.0,0.0,0.0,0.0,-0.0823974683880806,3.973389148712158,-1.5244312286376953,0.2086029201745987,-0.0403747595846653,-0.2153320610523224,0.1422686151626221,-0.34692591131811235,0.8900535433790363,-1.385287084020123,-1.5063883522457087,1.9508419012349305,0.0,0.0,0.0,0.0,0.0,0.0,1.7695566142836938,0.24339841436500986,-2.329816140589685,-1.004101392145385,3.540695881423035,0.5643377819968957,7.0,1.0,47.986000061035156,48.24300003051758,48.029998779296875,-0.19,32.2,28.3,0.399,-0.261,1.299,0,1,0
1778204802.0054934,1332.848,1.7695993185043335,0.2434396743774414,-2.3297856489764612,-1.0040572325335901,3.54074764251709,0.5643667578697205,0.0,0.0,-0.0,0.0,0.0,0.0,-0.0823974683880806,3.973389148712158,-1.5244312286376953,0.1973877102136612,-0.0269165076315403,-0.1996307522058487,0.14226989626958608,-0.34694334501811336,0.8900780928812262,-1.3852705704992676,-1.5064056398961823,1.9508418117528947,0.0,0.0,0.0,0.0,0.0,0.0,1.7695566142836938,0.24339841436500986,-2.329816140589685,-1.004101392145385,3.540695881423035,0.5643377819968957,7.0,1.0,47.986000061035156,48.24300003051758,48.04600143432617,-0.19,32.2,28.3,0.399,-0.261,1.299,0,1,0
1778204802.0108755,1332.856,1.7696112394332886,0.24342775344848633,-2.3298097292529505,-1.0040572325335901,3.54074764251709,0.5643547773361206,0.0,0.0,-0.0,0.0,0.0,0.0,-0.1464843899011612,3.977966785430908,-1.5199475288391113,0.2041168361902237,-0.0493469275534153,-0.2400055229663849,0.14226995188407351,-0.34691422354404916,0.8900769091757841,-1.3852754692969045,-1.5063979727418833,1.95087465411507,0.0,0.0,0.0,0.0,0.0,0.0,1.7695566142836938,0.24339841436500986,-2.329816140589685,-1.004101392145385,3.540695881423035,0.5643377819968957,7.0,1.0,47.986000061035156,48.24300003051758,48.04600143432617,-0.19,32.2,28.3,0.399,-0.261,1.299,0,1,0
1778204802.0171292,1332.864,1.769647240638733,0.24345171451568604,-2.329773728047506,-1.0041049162494105,3.5407354831695557,0.5643547773361206,0.0,0.0,-0.0,0.0,0.0,0.0,-0.004577637184411287,3.968811511993408,-1.5177057981491089,0.2153320610523224,-0.0471038855612278,-0.2265472710132599,0.1422879007121879,-0.3469388408373265,0.8900789334398185,-1.3852554453034949,-1.5064293224009109,1.950877846526295,0.0,0.0,0.0,0.0,0.0,0.0,1.7695566142836938,0.24339841436500986,-2.329816140589685,-1.004101392145385,3.540695881423035,0.5643377819968957,7.0,1.0,47.986000061035156,48.24300003051758,48.04600143432617,-0.19,32.2,28.3,0.399,-0.261,1.299,0,1,0
1778204802.0319057,1332.8719999999998,1.7695753574371338,0.2434396743774414,-2.3298097292529505,-1.0041049162494105,3.5407354831695557,0.5643667578697205,0.0,0.0,-0.0,0.0,0.0,0.0,-0.0686645582318306,3.964233875274658,-1.513222098350525,0.2041168361902237,-0.0448608435690403,-0.2175751030445099,0.14225266609114356,-0.34690501620255876,0.8900753506310689,-1.385333486005145,-1.5063218302431196,1.950886161692497,0.0,0.0,0.0,0.0,0.0,0.0,1.7695566142836938,0.24339841436500986,-2.329816140589685,-1.004101392145385,3.540695881423035,0.5643377819968957,7.0,1.0,47.986000061035156,48.24300003051758,48.04600143432617,-0.19,32.2,28.3,0.399,-0.261,1.299,0,1,0
1778204802.0376709,1332.8799999999999,1.7695872783660889,0.24342775344848633,-2.3298097292529505,-1.0041049162494105,3.5407116413116455,0.56440269947052,0.0,0.0,-0.0,0.0,0.0,0.0,-0.1098632961511612,3.968811511993408,-1.5311566591262817,0.2018737941980362,-0.0381317175924778,-0.1996307522058487,0.14224767925154377,-0.34688361296696113,0.8900802284562348,-1.385382044717226,-1.5062868866450407,1.950912031376095,0.0,0.0,0.0,0.0,0.0,0.0,1.7695566142836938,0.24339841436500986,-2.329816140589685,-1.004101392145385,3.540695881423035,0.5643377819968957,7.0,1.0,47.986000061035156,48.24300003051758,48.04600143432617,-0.19,32.2,28.3,0.399,-0.261,1.299,0,1,0
1778204802.0450094,1332.888,1.769647240638733,0.24340379238128662,-2.3297856489764612,-1.0041168371783655,3.540771245956421,0.5643547773361206,0.0,0.0,-0.0,0.0,0.0,0.0,-0.1007080152630806,3.987122058868408,-1.5199475288391113,0.2018737941980362,-0.0448608435690403,-0.2086029201745987,0.14227940875913575,-0.34689049915459014,0.8900943836814709,-1.3852855864071287,-1.5064171603660035,1.9509635977455941,0.0,0.0,0.0,0.0,0.0,0.0,1.7695566142836938,0.24339841436500986,-2.329816140589685,-1.004101392145385,3.540695881423035,0.5643377819968957,7.0,1.0,48.0,48.24300003051758,48.04600143432617,-0.19,32.2,28.3,0.399,-0.261,1.299,0,1,0
1778204802.053424,1332.896,1.7695753574371338,0.2434396743774414,-2.3297975699054163,-1.0040448347674769,3.5407354831695557,0.5643667578697205,0.0,0.0,-0.0,0.0,0.0,0.0,-0.1373291164636612,3.964233875274658,-1.5244312286376953,0.2018737941980362,-0.0358886756002903,-0.2108459621667862,0.14225984875675554,-0.3469401456615592,0.8900747629917686,-1.3852872660828723,-1.506370255500118,1.9508203164655151,0.0,0.0,0.0,0.0,0.0,0.0,1.7695566142836938,0.24339841436500986,-2.329816140589685,-1.004101392145385,3.540695881423035,0.5643377819968957,7.0,1.0,48.0,48.24300003051758,48.04600143432617,-0.19,32.2,28.3,0.399,-0.261,1.299,0,1,0
1778204802.0597746,1332.896,1.7695753574371338,0.2434396743774414,-2.3297975699054163,-1.0040448347674769,3.5407354831695557,0.5643667578697205,0.0,0.0,-0.0,0.0,0.0,0.0,-0.1373291164636612,3.964233875274658,-1.5244312286376953,0.2018737941980362,-0.0358886756002903,-0.2108459621667862,0.14225984875675554,-0.3469401456615592,0.8900747629917686,-1.3852872660828723,-1.506370255500118,1.9508203164655151,0.0,0.0,0.0,0.0,0.0,0.0,1.7695566142836938,0.24339841436500986,-2.329816140589685,-1.004101392145385,3.540695881423035,0.5643377819968957,7.0,1.0,48.0,48.24300003051758,48.04600143432617,-0.2,32.05,28.16,0.4,-0.264,1.302,0,0,1
1778204802.061711,1332.904,1.7695993185043335,0.24340379238128662,-2.329773728047506,-1.0041168371783655,3.54074764251709,0.5643907189369202,0.0,0.0,-0.0,0.0,0.0,0.0,-0.0686645582318306,3.968811511993408,-1.5311566591262817,0.2041168361902237,-0.0426178015768528,-0.2086029201745987,0.14225760552588135,-0.34689716582201413,0.8900975677717335,-1.3853482492841298,-1.506339950584551,1.9509323062681194,0.0,0.0,0.0,0.0,0.0,0.0,1.7695566142836938,0.24339841436500986,-2.329816140589685,-1.004101392145385,3.540695881423035,0.5643377819968957,7.0,1.0,48.0,48.24300003051758,48.04600143432617,-0.2,32.05,28.16,0.4,-0.264,1.302,0,1,0
1778204802.0783165,1332.912,1.7696112394332886,0.2434636354446411,-2.329761568699972,-1.0041287581073206,3.540771245956421,0.5643787384033203,0.0,0.0,-0.0,0.0,0.0,0.0,-0.1419067531824112,3.996277332305908,-1.504254937171936,0.2041168361902237,-0.0358886756002903,-0.1794433742761612,0.1422751910878003,-0.34695107869554553,0.8900787088694735,-1.3852818849138684,-1.5064205237621515,1.9508905868292292,0.0,0.0,0.0,0.0,0.0,0.0,1.7695566142836938,0.24339841436500986,-2.329816140589685,-1.004101392145385,3.540695881423035,0.5643377819968957,7.0,1.0,48.0,48.198001861572266,48.04600143432617,-0.2,32.05,28.16,0.4,-0.264,1.302,0,1,0
1778204802.0815647,1332.9199999999998,1.7695872783660889,0.24347567558288574,-2.3298216501819056,-1.0041049162494105,3.540771245956421,0.5643667578697205,0.0,0.0,-0.0,0.0,0.0,0.0,-0.009155274368822575,3.982544422149658,-1.513222098350525,0.1951446682214737,-0.0403747595846653,-0.1996307522058487,0.1422619378235965,-0.34692249797189895,0.8900592341378428,-1.3852968659700606,-1.5063855382869578,1.9508913293424965,0.0,0.0,0.0,0.0,0.0,0.0,1.7695566142836938,0.24339841436500986,-2.329816140589685,-1.004101392145385,3.540695881423035,0.5643377819968957,7.0,1.0,48.0,48.198001861572266,48.06100082397461,-0.2,32.05,28.16,0.4,-0.264,1.302,0,1,0
1778204802.0850422,1332.9279999999999,1.769647240638733,0.24342775344848633,-2.3298097292529505,-1.0041049162494105,3.5407354831695557,0.56440269947052,0.0,0.0,-0.0,0.0,0.0,0.0,-0.0732421949505806,3.973389148712158,-1.5266729593276978,0.2041168361902237,-0.0403747595846653,-0.2108459621667862,0.14226971469919455,-0.3468770234765787,0.8900801199580293,-1.385342274187154,-1.5063695002658415,1.9509610540302478,0.0,0.0,0.0,0.0,0.0,0.0,1.7695566142836938,0.24339841436500986,-2.329816140589685,-1.004101392145385,3.540695881423035,0.5643377819968957,7.0,1.0,48.0,48.198001861572266,48.06100082397461,-0.2,32.05,28.16,0.4,-0.264,1.302,0,1,0
1778204802.092929,1332.936,1.769647240638733,0.24340379238128662,-2.329761568699972,-1.0040929953204554,3.5407354831695557,0.5643667578697205,0.0,0.0,-0.0,0.0,0.0,0.0,-0.0869751051068306,3.982544422149658,-1.515463948249817,0.2018737941980362,-0.0426178015768528,-0.1929016262292862,0.14228182713273402,-0.3469157451430505,0.8900987961757274,-1.385282652231739,-1.5064085077117697,1.9509068500624385,0.0,0.0,0.0,0.0,0.0,0.0,1.7695566142836938,0.24339841436500986,-2.329816140589685,-1.004101392145385,3.540695881423035,0.5643377819968957,7.0,1.0,48.0,48.198001861572266,48.06100082397461,-0.2,32.05,28.16,0.4,-0.264,1.302,0,1,0
1778204802.104865,1332.944,1.7696353197097778,0.24342775344848633,-2.3297856489764612,-1.0040572325335901,3.54074764251709,0.5643787384033203,0.0,0.0,-0.0,0.0,0.0,0.0,-0.0778198316693306,3.982544422149658,-1.5199475288391113,0.2041168361902237,-0.0403747595846653,-0.2086029201745987,0.14227856080435058,-0.346926363275499,0.8900826098326976,-1.3852726340239845,-1.5064279796883766,1.950881192834982,0.0,0.0,0.0,0.0,0.0,0.0,1.7695566142836938,0.24339841436500986,-2.329816140589685,-1.004101392145385,3.540695881423035,0.5643377819968957,7.0,1.0,48.0,48.198001861572266,48.06100082397461,-0.2,32.05,28.16,0.4,-0.264,1.302,0,1,0
1778204802.1118324,1332.952,1.7695993185043335,0.2434396743774414,-2.329761568699972,-1.0040929953204554,3.54074764251709,0.5643907189369202,0.0,0.0,-0.0,0.0,0.0,0.0,-0.0915527418255806,3.977966785430908,-1.513222098350525,0.2018737941980362,-0.0381317175924778,-0.2243042290210724,0.14226717234724673,-0.3469444546693375,0.8900857803813993,-1.3853024540460632,-1.506388148511102,1.9508666518503213,0.0,0.0,0.0,0.0,0.0,0.0,1.7695566142836938,0.24339841436500986,-2.329816140589685,-1.004101392145385,3.540695881423035,0.5643377819968957,7.0,1.0,48.0,48.198001861572266,48.06100082397461,-0.2,32.05,28.16,0.4,-0.264,1.302,0,1,0
1778204802.1459208,1332.96,1.7695993185043335,0.24345171451568604,-2.3297856489764612,-1.0040810743915003,3.5407354831695557,0.5643667578697205,0.0,0.0,-0.0,0.0,0.0,0.0,-0.0961303785443306,3.973389148712158,-1.5199475288391113,0.2063598781824112,-0.0381317175924778,-0.2108459621667862,0.14226909268915494,-0.34694171321401346,0.890075039220291,-1.3852834672340375,-1.5063855148836387,1.9508456672397756,0.0,0.0,0.0,0.0,0.0,0.0,1.7695566142836938,0.24339841436500986,-2.329816140589685,-1.004101392145385,3.540695881423035,0.5643377819968957,7.0,1.0,48.0,48.198001861572266,48.06100082397461,-0.2,32.05,28.16,0.4,-0.264,1.302,0,1,0
1778204802.1525578,1332.9679999999998,1.7695872783660889,0.24345171451568604,-2.329761568699972,-1.0040929953204554,3.5407116413116455,0.5643547773361206,0.0,0.0,-0.0,0.0,0.0,0.0,-0.0595092847943306,3.968811511993408,-1.5401238203048706,0.1996307522058487,-0.0314025916159153,-0.1929016262292862,0.1422690334578556,-0.34696109316704576,0.8900811296638806,-1.3852798355703586,-1.5063628841528232,1.9508068674091246,0.0,0.0,0.0,0.0,0.0,0.0,1.7695566142836938,0.24339841436500986,-2.329816140589685,-1.004101392145385,3.540695881423035,0.5643377819968957,7.0,1.0,48.0,48.198001861572266,48.06100082397461,-0.2,32.05,28.16,0.4,-0.264,1.302,0,1,0
1778204802.1562798,1332.9759999999999,1.7696353197097778,0.2434157133102417,-2.3297856489764612,-1.0041049162494105,3.5407354831695557,0.5643787384033203,0.0,0.0,-0.0,0.0,0.0,0.0,-0.0869751051068306,3.973389148712158,-1.5266729593276978,0.2063598781824112,-0.0358886756002903,-0.1772003322839737,0.1422721455252759,-0.34689710313785627,0.8900897479825367,-1.3853160852320918,-1.50637575468041,1.9509288097750332,0.0,0.0,0.0,0.0,0.0,0.0,1.7695566142836938,0.24339841436500986,-2.329816140589685,-1.004101392145385,3.540695881423035,0.5643377819968957,7.0,1.0,48.0,48.198001861572266,48.06100082397461,-0.2,32.05,28.16,0.4,-0.264,1.302,0,1,0
1778204802.1675575,1332.984,1.7695872783660889,0.243391752243042,-2.329773728047506,-1.0040448347674769,3.540675640106201,0.5643667578697205,0.0,0.0,-0.0,0.0,0.0,0.0,-0.0778198316693306,3.964233875274658,-1.5177057981491089,0.2063598781824112,-0.0403747595846653,-0.2198181450366974,0.14225794226441957,-0.3469190349072885,0.8900980762824671,-1.3853225970313197,-1.5063056941901312,1.9508157551790233,0.0,0.0,0.0,0.0,0.0,0.0,1.7695566142836938,0.24339841436500986,-2.329816140589685,-1.004101392145385,3.540695881423035,0.5643377819968957,7.0,1.0,48.0,48.22800064086914,48.06100082397461,-0.2,32.05,28.16,0.4,-0.264,1.302,0,1,0
1778204802.179314,1332.992,1.7695753574371338,0.24340379238128662,-2.329761568699972,-1.0041049162494105,3.5407116413116455,0.56440269947052,0.0,0.0,-0.0,0.0,0.0,0.0,-0.0640869215130806,3.973389148712158,-1.5199475288391113,0.2063598781824112,-0.0314025916159153,-0.1861725002527237,0.14224856887993798,-0.3469103519584607,0.8900999469486666,-1.385372408287743,-1.5062916123385783,1.9508829449418694,0.0,0.0,0.0,0.0,0.0,0.0,1.7695566142836938,0.24339841436500986,-2.329816140589685,-1.004101392145385,3.540695881423035,0.5643377819968957,7.0,1.0,48.0,48.22800064086914,48.04600143432617,-0.2,32.05,28.16,0.4,-0.264,1.302,0,1,0
1778204802.1908119,1333.0,1.769647240638733,0.2434157133102417,-2.329761568699972,-1.0040929953204554,3.54074764251709,0.5643787384033203,0.0,0.0,-0.0,0.0,0.0,0.0,-0.1739502102136612,3.977966785430908,-1.5266729593276978,0.2041168361902237,-0.0336456336081028,-0.1929016262292862,0.14228222154842476,-0.3469226879541164,0.8900944776287699,-1.3852819764550626,-1.5064238402380246,1.950909905468986,0.0,0.0,0.0,0.0,0.0,0.0,1.7695566142836938,0.24339841436500986,-2.329816140589685,-1.004101392145385,3.540695881423035,0.5643377819968957,7.0,1.0,48.0,48.22800064086914,48.04600143432617,-0.2,32.05,28.16,0.4,-0.264,1.302,0,1,0
1778204802.2022023,1333.008,1.769647240638733,0.2434396743774414,-2.3298097292529505,-1.0041049162494105,3.540771245956421,0.56440269947052,0.0,0.0,-0.0,0.0,0.0,0.0,-0.0961303785443306,3.982544422149658,-1.499771237373352,0.2041168361902237,-0.0336456336081028,-0.2153320610523224,0.1422733633910552,-0.34688884062084124,0.8900755677099366,-1.3853191920957497,-1.5064134459125038,1.9509703061404355,0.0,0.0,0.0,0.0,0.0,0.0,1.7695566142836938,0.24339841436500986,-2.329816140589685,-1.004101392145385,3.540695881423035,0.5643377819968957,7.0,1.0,48.0,48.22800064086914,48.04600143432617,-0.2,32.05,28.16,0.4,-0.264,1.302,0,1,0
1778204802.2157557,1333.0159999999998,1.7696112394332886,0.24340379238128662,-2.3297975699054163,-1.0041168371783655,3.5407354831695557,0.5643787384033203,0.0,0.0,-0.0,0.0,0.0,0.0,-0.1098632961511612,3.973389148712158,-1.4975295066833496,0.2041168361902237,-0.0493469275534153,-0.1996307522058487,0.14225886765762577,-0.346876173754298,0.8900921025306748,-1.3853507035939254,-1.5063282050286042,1.9509471676077783,0.0,0.0,0.0,0.0,0.0,0.0,1.7695566142836938,0.24339841436500986,-2.329816140589685,-1.004101392145385,3.540695881423035,0.5643377819968957,7.0,1.0,48.0,48.22800064086914,48.04600143432617,-0.2,32.05,28.16,0.4,-0.264,1.302,0,1,0
1778204802.218686,1333.024,1.7696112394332886,0.2434396743774414,-2.329761568699972,-1.0041168371783655,3.5407354831695557,0.5643907189369202,0.0,0.0,-0.0,0.0,0.0,0.0,-0.0915527418255806,3.991699695587158,-1.5356402397155762,0.2041168361902237,-0.0381317175924778,-0.2198181450366974,0.14226869213587326,-0.3469321314417886,0.8900871604074496,-1.3853171431923375,-1.5063716143760628,1.9508885985817153,0.0,0.0,0.0,0.0,0.0,0.0,1.7695566142836938,0.24339841436500986,-2.329816140589685,-1.004101392145385,3.540695881423035,0.5643377819968957,7.0,1.0,48.0,48.22800064086914,48.04600143432617,-0.2,32.05,28.16,0.4,-0.264,1.302,0,1,0
1778204802.2217436,1333.032,1.7696353197097778,0.2434636354446411,-2.3297856489764612,-1.0040810743915003,3.54074764251709,0.5643787384033203,0.0,0.0,-0.0,0.0,0.0,0.0,-0.0778198316693306,3.968811511993408,-1.504254937171936,0.2130890041589737,-0.0381317175924778,-0.1839294582605362,0.14228197719449162,-0.34694353367089464,0.8900707205191561,-1.3852651205796238,-1.5064360540134214,1.9508700859120485,0.0,0.0,0.0,0.0,0.0,0.0,1.7695566142836938,0.24339841436500986,-2.329816140589685,-1.004101392145385,3.540695881423035,0.5643377819968957,7.0,1.0,48.0,48.22800064086914,48.04600143432617,-0.2,32.05,28.16,0.4,-0.264,1.302,0,1,0
1778204802.225503,1333.04,1.7696112394332886,0.243391752243042,-2.329761568699972,-1.0040810743915003,3.5407354831695557,0.5643427968025208,0.0,0.0,-0.0,0.0,0.0,0.0,-0.1052856519818306,3.964233875274658,-1.5244312286376953,0.2041168361902237,-0.0403747595846653,-0.1973877102136612,0.1422725795556266,-0.34692259715477597,0.8901023140571895,-1.3852759997539812,-1.5063829774644282,1.9508714216052572,0.0,0.0,0.0,0.0,0.0,0.0,1.7695566142836938,0.24339841436500986,-2.329816140589685,-1.004101392145385,3.540695881423035,0.5643377819968957,7.0,1.0,48.0,48.22800064086914,48.04600143432617,-0.2,32.05,28.16,0.4,-0.264,1.302,0,1,0
1778204802.230633,1333.048,1.769647240638733,0.24337971210479736,-2.3298097292529505,-1.0041049162494105,3.540783166885376,0.5643547773361206,0.0,0.0,-0.0,0.0,0.0,0.0,-0.0778198316693306,3.959656238555908,-1.515463948249817,0.1996307522058487,-0.0381317175924778,-0.1906585842370987,0.1422730768545388,-0.3468568248662116,0.8900970858519042,-1.3853034177465862,-1.506404775842793,1.9510034590509957,0.0,0.0,0.0,0.0,0.0,0.0,1.7695566142836938,0.24339841436500986,-2.329816140589685,-1.004101392145385,3.540695881423035,0.5643377819968957,7.0,1.0,48.01499938964844,48.22800064086914,48.04600143432617,-0.2,32.05,28.16,0.4,-0.264,1.302,0,1,0
1778204802.2431724,1333.056,1.7696353197097778,0.24340379238128662,-2.3297975699054163,-1.0040810743915003,3.5407354831695557,0.5643308162689209,0.0,0.0,-0.0,0.0,0.0,0.0,-0.1098632961511612,3.968811511993408,-1.5221893787384033,0.2063598781824112,-0.0336456336081028,-0.2175751030445099,0.14227832311065353,-0.3468990177896404,0.8900896095490924,-1.3852673179840274,-1.5063952259103137,1.950900429408282,0.0,0.0,0.0,0.0,0.0,0.0,1.7695566142836938,0.24339841436500986,-2.329816140589685,-1.004101392145385,3.540695881423035,0.5643377819968957,7.0,1.0,48.01499938964844,48.24300003051758,48.04600143432617,-0.2,32.05,28.16,0.4,-0.264,1.302,0,1,0
1778204802.2543838,1333.056,1.7696353197097778,0.24340379238128662,-2.3297975699054163,-1.0040810743915003,3.5407354831695557,0.5643308162689209,0.0,0.0,-0.0,0.0,0.0,0.0,-0.1098632961511612,3.968811511993408,-1.5221893787384033,0.2063598781824112,-0.0336456336081028,-0.2175751030445099,0.14227832311065353,-0.3468990177896404,0.8900896095490924,-1.3852673179840274,-1.5063952259103137,1.950900429408282,0.0,0.0,0.0,0.0,0.0,0.0,1.7695566142836938,0.24339841436500986,-2.329816140589685,-1.004101392145385,3.540695881423035,0.5643377819968957,7.0,1.0,48.01499938964844,48.24300003051758,48.04600143432617,0.04,31.75,27.75,0.405,-0.281,1.31,0,0,1
1778204802.260475,1333.0639999999999,1.7695753574371338,0.24342775344848633,-2.329773728047506,-1.0041049162494105,3.54074764251709,0.5643667578697205,0.0,0.0,-0.0,0.0,0.0,0.0,-0.0869751051068306,3.964233875274658,-1.504254937171936,0.2018737941980362,-0.0426178015768528,-0.2310333549976349,0.14225795429560475,-0.346929202288891,0.8900878288898194,-1.385312832136163,-1.5063503169073018,1.9508710795963236,0.0,0.0,0.0,0.0,0.0,0.0,1.7695566142836938,0.24339841436500986,-2.329816140589685,-1.004101392145385,3.540695881423035,0.5643377819968957,7.0,1.0,48.01499938964844,48.24300003051758,48.029998779296875,0.04,31.75,27.75,0.405,-0.281,1.31,0,1,0
1778204802.2694886,1333.072,1.7695993185043335,0.2434396743774414,-2.329749647771017,-1.0041287581073206,3.540771245956421,0.5643787384033203,0.0,0.0,-0.0,0.0,0.0,0.0,-0.0778198316693306,3.973389148712158,-1.5087385177612305,0.2041168361902237,-0.0717773512005806,-0.2198181450366974,0.14226958487009064,-0.3469455029997989,0.8900902293711623,-1.3852953488605815,-1.5064008407768499,1.9508945628610292,0.0,0.0,0.0,0.0,0.0,0.0,1.7695566142836938,0.24339841436500986,-2.329816140589685,-1.004101392145385,3.540695881423035,0.5643377819968957,7.0,1.0,48.01499938964844,48.24300003051758,48.029998779296875,0.04,31.75,27.75,0.405,-0.281,1.31,0,1,0
1778204802.2805133,1333.08,1.7696592807769775,0.24342775344848633,-2.329761568699972,-1.0040929953204554,3.5407590866088867,0.5643907189369202,0.0,0.0,-0.0,0.0,0.0,0.0,-0.1602173000574112,3.964233875274658,-1.5199475288391113,0.2041168361902237,-0.0403747595846653,-0.2108459621667862,0.14228677383733795,-0.3469279484763618,0.8900901183395842,-1.3852756255004024,-1.5064503082851683,1.9509195928523415,0.0,0.0,0.0,0.0,0.0,0.0,1.7695566142836938,0.24339841436500986,-2.329816140589685,-1.004101392145385,3.540695881423035,0.5643377819968957,7.0,1.0,48.01499938964844,48.24300003051758,48.029998779296875,0.04,31.75,27.75,0.405,-0.281,1.31,0,1,0
1778204802.2892394,1333.088,1.7695872783660889,0.24340379238128662,-2.3297856489764612,-1.0040929953204554,3.54074764251709,0.56440269947052,0.0,0.0,-0.0,0.0,0.0,0.0,-0.0320434607565403,4.000854969024658,-1.5311566591262817,0.2018737941980362,-0.0471038855612278,-0.1996307522058487,0.14225124706618697,-0.3468949328192612,0.8900936733409042,-1.3853586580029706,-1.5063312327721692,1.9509214197683675,0.0,0.0,0.0,0.0,0.0,0.0,1.7695566142836938,0.24339841436500986,-2.329816140589685,-1.004101392145385,3.540695881423035,0.5643377819968957,7.0,1.0,48.01499938964844,48.24300003051758,48.029998779296875,0.04,31.75,27.75,0.405,-0.281,1.31,0,1,0
1778204802.306956,1333.096,1.7696353197097778,0.2434396743774414,-2.3297856489764612,-1.0040929953204554,3.5407235622406006,0.5643787384033203,0.0,0.0,-0.0,0.0,0.0,0.0,-0.0778198316693306,3.987122058868408,-1.5221893787384033,0.2063598781824112,-0.0426178015768528,-0.2287903130054474,0.14227612827263392,-0.34691885343003265,0.8900803166271405,-1.3852984112104598,-1.5063878056916233,1.950889300922697,0.0,0.0,0.0,0.0,0.0,0.0,1.7695566142836938,0.24339841436500986,-2.329816140589685,-1.004101392145385,3.540695881423035,0.5643377819968957,7.0,1.0,48.01499938964844,48.24300003051758,48.029998779296875,0.04,31.75,27.75,0.405,-0.281,1.31,0,1,0
1778204802.314086,1333.104,1.7696353197097778,0.24342775344848633,-2.3298097292529505,-1.0041049162494105,3.5406875610351562,0.5643667578697205,0.0,0.0,-0.0,0.0,0.0,0.0,-0.1373291164636612,3.968811511993408,-1.5109803676605225,0.2041168361902237,-0.0426178015768528,-0.2018737941980362,0.14226918797428745,-0.3468836790797162,0.8900799582846328,-1.38533241282519,-1.5063243001191537,1.9509056362914512,0.0,0.0,0.0,0.0,0.0,0.0,1.7695566142836938,0.24339841436500986,-2.329816140589685,-1.004101392145385,3.540695881423035,0.5643377819968957,7.0,1.0,48.01499938964844,48.24300003051758,48.029998779296875,0.04,31.75,27.75,0.405,-0.281,1.31,0,1,0
1778204802.319835,1333.1119999999999,1.7696353197097778,0.24342775344848633,-2.3297856489764612,-1.004068676625387,3.5407590866088867,0.56440269947052,0.0,0.0,-0.0,0.0,0.0,0.0,-0.0869751051068306,3.987122058868408,-1.5221893787384033,0.2041168361902237,-0.0471038855612278,-0.2086029201745987,0.14227413886358012,-0.3469167621210842,0.8900834471017898,-1.3852993319209876,-1.5064220624745148,1.9509122913608419,0.0,0.0,0.0,0.0,0.0,0.0,1.7695566142836938,0.24339841436500986,-2.329816140589685,-1.004101392145385,3.540695881423035,0.5643377819968957,7.0,1.0,48.01499938964844,48.24300003051758,48.029998779296875,0.04,31.75,27.75,0.405,-0.281,1.31,0,1,0
1778204802.3233802,1333.12,1.7695872783660889,0.24348759651184082,-2.3298335711108606,-1.004068676625387,3.5407590866088867,0.5643907189369202,0.0,0.0,-0.0,0.0,0.0,0.0,-0.0778198316693306,3.982544422149658,-1.5244312286376953,0.2041168361902237,-0.0381317175924778,-0.2243042290210724,0.14225992174486948,-0.3469285266850398,0.8900504432121248,-1.3853033012688427,-1.5063877790098295,1.9508656356657648,0.0,0.0,0.0,0.0,0.0,0.0,1.7695566142836938,0.24339841436500986,-2.329816140589685,-1.004101392145385,3.540695881423035,0.5643377819968957,7.0,1.0,48.01499938964844,48.24300003051758,48.029998779296875,0.04,31.75,27.75,0.405,-0.281,1.31,0,1,0
1778204802.3319302,1333.128,1.7695993185043335,0.2434396743774414,-2.329773728047506,-1.0040810743915003,3.5407354831695557,0.5643787384033203,0.0,0.0,-0.0,0.0,0.0,0.0,-0.1190185695886612,3.968811511993408,-1.5221893787384033,0.2086029201745987,-0.0358886756002903,-0.1816864162683487,0.1422673862209155,-0.3469403944541407,0.8900822963788475,-1.3852956789471635,-1.5063805966323078,1.950852918121281,0.0,0.0,0.0,0.0,0.0,0.0,1.7695566142836938,0.24339841436500986,-2.329816140589685,-1.004101392145385,3.540695881423035,0.5643377819968957,7.0,1.0,48.0,48.22800064086914,48.029998779296875,0.04,31.75,27.75,0.405,-0.281,1.31,0,1,0
1778204802.3351374,1333.136,1.7696353197097778,0.24340379238128662,-2.3298335711108606,-1.0041287581073206,3.5407354831695557,0.5643787384033203,0.0,0.0,-0.0,0.0,0.0,0.0,-0.1007080152630806,3.987122058868408,-1.5221893787384033,0.2063598781824112,-0.0403747595846653,-0.1973877102136612,0.1422597733814379,-0.3468358271389342,0.8900846183508568,-1.3853694666126204,-1.5063195220721046,1.9510051648849716,0.0,0.0,0.0,0.0,0.0,0.0,1.7695566142836938,0.24339841436500986,-2.329816140589685,-1.004101392145385,3.540695881423035,0.5643377819968957,7.0,1.0,48.0,48.22800064086914,48.06100082397461,0.04,31.75,27.75,0.405,-0.281,1.31,0,1,0
1778204802.3417573,1333.144,1.7696353197097778,0.2434396743774414,-2.329749647771017,-1.0041049162494105,3.5407354831695557,0.5643547773361206,0.0,0.0,-0.0,0.0,0.0,0.0,-0.0686645582318306,3.964233875274658,-1.5109803676605225,0.2063598781824112,-0.0381317175924778,-0.1794433742761612,0.14228626912529427,-0.34695301432486386,0.8900888138058591,-1.3852535908701906,-1.5064258159412423,1.950859820636826,0.0,0.0,0.0,0.0,0.0,0.0,1.7695566142836938,0.24339841436500986,-2.329816140589685,-1.004101392145385,3.540695881423035,0.5643377819968957,7.0,1.0,48.0,48.22800064086914,48.06100082397461,0.04,31.75,27.75,0.405,-0.281,1.31,0,1,0
1778204802.344314,1333.152,1.769647240638733,0.24342775344848633,-2.3298454920398157,-1.0040810743915003,3.540795087814331,0.5643787384033203,0.0,0.0,-0.0,0.0,0.0,0.0,-0.0686645582318306,3.964233875274658,-1.515463948249817,0.2018737941980362,-0.0426178015768528,-0.2175751030445099,0.14227244099875797,-0.3468655294699898,0.8900701804055209,-1.3852996118421579,-1.5064310699613723,1.9509913374325427,0.0,0.0,0.0,0.0,0.0,0.0,1.7695566142836938,0.24339841436500986,-2.329816140589685,-1.004101392145385,3.540695881423035,0.5643377819968957,7.0,1.0,48.0,48.22800064086914,48.06100082397461,0.04,31.75,27.75,0.405,-0.281,1.31,0,1,0
1778204802.356049,1333.1599999999999,1.7696112394332886,0.24347567558288574,-2.3298216501819056,-1.0040810743915003,3.54074764251709,0.5643667578697205,0.0,0.0,-0.0,0.0,0.0,0.0,-0.1098632961511612,3.982544422149658,-1.515463948249817,0.2018737941980362,-0.0358886756002903,-0.1951446682214737,0.14227101263115471,-0.3469268056028561,0.8900580169418526,-1.3852800779957073,-1.5064012049531235,1.9508705151425358,0.0,0.0,0.0,0.0,0.0,0.0,1.7695566142836938,0.24339841436500986,-2.329816140589685,-1.004101392145385,3.540695881423035,0.5643377819968957,7.0,1.0,48.0,48.22800064086914,48.06100082397461,0.04,31.75,27.75,0.405,-0.281,1.31,0,1,0
1778204802.3582828,1333.168,1.7696112394332886,0.24337971210479736,-2.3298335711108606,-1.0040810743915003,3.5406997203826904,0.5643667578697205,0.0,0.0,-0.0,0.0,0.0,0.0,-0.1144409328699112,3.964233875274658,-1.5311566591262817,0.1973877102136612,-0.0493469275534153,-0.1861725002527237,0.14225194493061344,-0.34684057967925097,0.8900908730277292,-1.3853693870709491,-1.5062806956894983,1.9509421847886044,0.0,0.0,0.0,0.0,0.0,0.0,1.7695566142836938,0.24339841436500986,-2.329816140589685,-1.004101392145385,3.540695881423035,0.5643377819968957,7.0,1.0,48.0,48.22800064086914,48.06100082397461,0.04,31.75,27.75,0.405,-0.281,1.31,0,1,0
1778204802.3649566,1333.176,1.7695993185043335,0.24345171451568604,-2.3298216501819056,-1.004068676625387,3.5407354831695557,0.5643427968025208,0.0,0.0,-0.0,0.0,0.0,0.0,-0.0869751051068306,3.977966785430908,-1.513222098350525,0.1996307522058487,-0.0426178015768528,-0.1884155422449112,0.1422677338084531,-0.3469205289079407,0.8900659534365257,-1.3852741432369777,-1.5063793306578657,1.950852995362643,0.0,0.0,0.0,0.0,0.0,0.0,1.7695566142836938,0.24339841436500986,-2.329816140589685,-1.004101392145385,3.540695881423035,0.5643377819968957,7.0,1.0,48.0,48.22800064086914,48.06100082397461,0.04,31.75,27.75,0.405,-0.281,1.31,0,1,0
1778204802.3786812,1333.184,1.7695993185043335,0.2434157133102417,-2.3297856489764612,-1.0041049162494105,3.5407116413116455,0.5643427968025208,0.0,0.0,-0.0,0.0,0.0,0.0,-0.0823974683880806,3.982544422149658,-1.5266729593276978,0.2063598781824112,-0.0426178015768528,-0.1906585842370987,0.14226451298475404,-0.34690914471140166,0.8900894763759049,-1.3853075972517381,-1.5063312171285808,1.9508726771814615,0.0,0.0,0.0,0.0,0.0,0.0,1.7695566142836938,0.24339841436500986,-2.329816140589685,-1.004101392145385,3.540695881423035,0.5643377819968957,7.0,1.0,48.0,48.22800064086914,48.06100082397461,0.04,31.75,27.75,0.405,-0.281,1.31,0,1,0
1778204802.3818142,1333.192,1.7696112394332886,0.2434157133102417,-2.3298097292529505,-1.0041287581073206,3.5406875610351562,0.5643787384033203,0.0,0.0,-0.0,0.0,0.0,0.0,-0.0732421949505806,3.964233875274658,-1.5087385177612305,0.2041168361902237,-0.0381317175924778,-0.2153320610523224,0.14225500577776873,-0.3468655182646977,0.8900858419527404,-1.3853793079447516,-1.5062718358879907,1.9509311989402291,0.0,0.0,0.0,0.0,0.0,0.0,1.7695566142836938,0.24339841436500986,-2.329816140589685,-1.004101392145385,3.540695881423035,0.5643377819968957,7.0,1.0,48.0,48.22800064086914,48.06100082397461,0.04,31.75,27.75,0.405,-0.281,1.31,0,1,0
1778204802.386771,1333.2,1.7696353197097778,0.2434396743774414,-2.329773728047506,-1.0041287581073206,3.5407354831695557,0.564318835735321,0.0,0.0,-0.0,0.0,0.0,0.0,-0.0915527418255806,3.964233875274658,-1.5333983898162842,0.2041168361902237,-0.0381317175924778,-0.1839294582605362,0.14228605861432378,-0.34693076415449764,0.8900843115780895,-1.3852477064110997,-1.506408272113368,1.9508821885094663,0.0,0.0,0.0,0.0,0.0,0.0,1.7695566142836938,0.24339841436500986,-2.329816140589685,-1.004101392145385,3.540695881423035,0.5643377819968957,7.0,1.0,48.0,48.22800064086914,48.06100082397461,0.04,31.75,27.75,0.405,-0.281,1.31,0,1,0
1778204802.3898642,1333.2079999999999,1.7696353197097778,0.2434396743774414,-2.3297856489764612,-1.0040929953204554,3.54074764251709,0.5643907189369202,0.0,0.0,-0.0,0.0,0.0,0.0,-0.1007080152630806,3.968811511993408,-1.5289148092269897,0.2063598781824112,-0.0403747595846653,-0.1749572902917862,0.1422753456380572,-0.3469178600349018,0.8900803336830013,-1.3853001326466128,-1.5064071373426935,1.950909984500567,0.0,0.0,0.0,0.0,0.0,0.0,1.7695566142836938,0.24339841436500986,-2.329816140589685,-1.004101392145385,3.540695881423035,0.5643377819968957,7.0,1.0,48.0,48.22800064086914,48.04600143432617,0.04,31.75,27.75,0.405,-0.281,1.31,0,1,0
1778204802.3982933,1333.216,1.7695872783660889,0.24340379238128662,-2.3298097292529505,-1.0040929953204554,3.5407235622406006,0.56440269947052,0.0,0.0,-0.0,0.0,0.0,0.0,-0.1098632961511612,3.977966785430908,-1.5177057981491089,0.2018737941980362,-0.0358886756002903,-0.2130890041589737,0.14224568309086189,-0.34687150021385466,0.8900883348063713,-1.3853844521451364,-1.5062908014393752,1.9509298136514865,0.0,0.0,0.0,0.0,0.0,0.0,1.7695566142836938,0.24339841436500986,-2.329816140589685,-1.004101392145385,3.540695881423035,0.5643377819968957,7.0,1.0,48.0,48.22800064086914,48.04600143432617,0.04,31.75,27.75,0.405,-0.281,1.31,0,1,0
1778204802.4012358,1333.216,1.7695872783660889,0.24340379238128662,-2.3298097292529505,-1.0040929953204554,3.5407235622406006,0.56440269947052,0.0,0.0,-0.0,0.0,0.0,0.0,-0.1098632961511612,3.977966785430908,-1.5177057981491089,0.2018737941980362,-0.0358886756002903,-0.2130890041589737,0.14224568309086189,-0.34687150021385466,0.8900883348063713,-1.3853844521451364,-1.5062908014393752,1.9509298136514865,0.0,0.0,0.0,0.0,0.0,0.0,1.7695566142836938,0.24339841436500986,-2.329816140589685,-1.004101392145385,3.540695881423035,0.5643377819968957,7.0,1.0,48.0,48.22800064086914,48.04600143432617,0.1,31.74,27.71,0.408,-0.284,1.312,0,0,1
1778204802.4036148,1333.224,1.7695872783660889,0.2434157133102417,-2.3297975699054163,-1.0041168371783655,3.54074764251709,0.56440269947052,0.0,0.0,-0.0,0.0,0.0,0.0,-0.1098632961511612,3.973389148712158,-1.5177057981491089,0.2018737941980362,-0.0381317175924778,-0.1816864162683487,0.14224891927343716,-0.3468835716713723,0.8900879108535784,-1.385373954293506,-1.5063152234586348,1.9509431143422935,0.0,0.0,0.0,0.0,0.0,0.0,1.7695566142836938,0.24339841436500986,-2.329816140589685,-1.004101392145385,3.540695881423035,0.5643377819968957,7.0,1.0,48.0,48.22800064086914,48.04600143432617,0.1,31.74,27.71,0.408,-0.284,1.312,0,1,0
1778204802.411811,1333.232,1.7696353197097778,0.24345171451568604,-2.3298335711108606,-1.0040810743915003,3.5407235622406006,0.5643907189369202,0.0,0.0,-0.0,0.0,0.0,0.0,-0.1098632961511612,3.977966785430908,-1.513222098350525,0.2153320610523224,-0.0426178015768528,-0.2287903130054474,0.1422683119928958,-0.346886981788087,0.8900645068440788,-1.3853258485393778,-1.506366698888527,1.9509182500998623,0.0,0.0,0.0,0.0,0.0,0.0,1.7695566142836938,0.24339841436500986,-2.329816140589685,-1.004101392145385,3.540695881423035,0.5643377819968957,7.0,1.0,48.0,48.22800064086914,48.04600143432617,0.1,31.74,27.71,0.408,-0.284,1.312,0,1,0
1778204802.414765,1333.24,1.7696353197097778,0.24342775344848633,-2.3297975699054163,-1.0040929953204554,3.5407354831695557,0.5643907189369202,0.0,0.0,-0.0,0.0,0.0,0.0,-0.1098632961511612,3.977966785430908,-1.5311566591262817,0.2063598781824112,-0.0381317175924778,-0.2018737941980362,0.14227078337251622,-0.34689733407834256,0.8900820821688933,-1.3853205740358692,-1.5063788954559465,1.9509249141901315,0.0,0.0,0.0,0.0,0.0,0.0,1.7695566142836938,0.24339841436500986,-2.329816140589685,-1.004101392145385,3.540695881423035,0.5643377819968957,7.0,1.0,48.0,48.22800064086914,48.04600143432617,0.1,31.74,27.71,0.408,-0.284,1.312,0,1,0
1778204802.421906,1333.248,1.7696353197097778,0.24342775344848633,-2.3298216501819056,-1.0040329138385218,3.5407116413116455,0.5644146800041199,0.0,0.0,-0.0,0.0,0.0,0.0,-0.1419067531824112,3.987122058868408,-1.502013087272644,0.2018737941980362,-0.0291595496237278,-0.2086029201745987,0.14226617388523066,-0.3468923009136196,0.8900736591713365,-1.3853321276635386,-1.5063691786303472,1.9508929104542883,0.0,0.0,0.0,0.0,0.0,0.0,1.7695566142836938,0.24339841436500986,-2.329816140589685,-1.004101392145385,3.540695881423035,0.5643377819968957,7.0,1.0,48.0,48.22800064086914,48.04600143432617,0.1,31.74,27.71,0.408,-0.284,1.312,0,1,0
1778204802.428701,1333.2559999999999,1.7696112394332886,0.24347567558288574,-2.3298097292529505,-1.0040929953204554,3.5407235622406006,0.5643787384033203,0.0,0.0,-0.0,0.0,0.0,0.0,-0.1235962063074112,3.959656238555908,-1.5177057981491089,0.2063598781824112,-0.0426178015768528,-0.1996307522058487,0.14226887753565295,-0.3469277035423439,0.8900616122124727,-1.3853027245247829,-1.50637215866989,1.950864037880551,0.0,0.0,0.0,0.0,0.0,0.0,1.7695566142836938,0.24339841436500986,-2.329816140589685,-1.004101392145385,3.540695881423035,0.5643377819968957,7.0,1.0,48.0,48.22800064086914,48.04600143432617,0.1,31.74,27.71,0.408,-0.284,1.312,0,1,0
1778204802.4427576,1333.264,1.7695872783660889,0.2434157133102417,-2.3297975699054163,-1.0041168371783655,3.5407235622406006,0.5643427968025208,0.0,0.0,-0.0,0.0,0.0,0.0,-0.1098632961511612,4.005432605743408,-1.5064966678619385,0.2041168361902237,-0.0403747595846653,-0.1951446682214737,0.1422578247147514,-0.3468963789658718,0.8900873874783934,-1.3853235669398116,-1.5063154157251235,1.9508939917055688,0.0,0.0,0.0,0.0,0.0,0.0,1.7695566142836938,0.24339841436500986,-2.329816140589685,-1.004101392145385,3.540695881423035,0.5643377819968957,7.0,1.0,48.0,48.22800064086914,48.04600143432617,0.1,31.74,27.71,0.408,-0.284,1.312,0,1,0
1778204802.4452314,1333.272,1.769647240638733,0.2434157133102417,-2.329761568699972,-1.0041287581073206,3.54074764251709,0.5643787384033203,0.0,0.0,-0.0,0.0,0.0,0.0,-0.0915527418255806,3.977966785430908,-1.5221893787384033,0.1973877102136612,-0.0336456336081028,-0.2287903130054474,0.14227924225841226,-0.3469082316944478,0.8900964642661855,-1.3853048762232218,-1.5063998908083402,1.950942496040951,0.0,0.0,0.0,0.0,0.0,0.0,1.7695566142836938,0.24339841436500986,-2.329816140589685,-1.004101392145385,3.540695881423035,0.5643377819968957,7.0,1.0,48.0,48.22800064086914,48.04600143432617,0.1,31.74,27.71,0.408,-0.284,1.312,0,1,0
1778204802.4484358,1333.28,1.7695872783660889,0.2434396743774414,-2.3298097292529505,-1.0041049162494105,3.540771245956421,0.5643667578697205,0.0,0.0,-0.0,0.0,0.0,0.0,-0.1281738430261612,4.005432605743408,-1.5333983898162842,0.2108459621667862,-0.0448608435690403,-0.2153320610523224,0.1422586554006069,-0.34690623117133323,0.8900751878559425,-1.3853121216668332,-1.5063694459047663,1.950913396771664,0.0,0.0,0.0,0.0,0.0,0.0,1.7695566142836938,0.24339841436500986,-2.329816140589685,-1.004101392145385,3.540695881423035,0.5643377819968957,7.0,1.0,48.0,48.22800064086914,48.04600143432617,0.1,31.74,27.71,0.408,-0.284,1.312,0,1,0
1778204802.4558382,1333.288,1.7695993185043335,0.2434157133102417,-2.3297856489764612,-1.0041049162494105,3.5407116413116455,0.5643787384033203,0.0,0.0,-0.0,0.0,0.0,0.0,-0.1052856519818306,3.959656238555908,-1.504254937171936,0.2153320610523224,-0.0471038855612278,-0.1951446682214737,0.1422584208977129,-0.34690028429338066,0.8900898565028339,-1.385344096947306,-1.5063165751919556,1.9508940056723685,0.0,0.0,0.0,0.0,0.0,0.0,1.7695566142836938,0.24339841436500986,-2.329816140589685,-1.004101392145385,3.540695881423035,0.5643377819968957,7.0,1.0,48.01499938964844,48.22800064086914,48.04600143432617,0.1,31.74,27.71,0.408,-0.284,1.312,0,1,0
1778204802.4606152,1333.296,1.7696112394332886,0.2434396743774414,-2.329761568699972,-1.0040810743915003,3.5407235622406006,0.5643427968025208,0.0,0.0,-0.0,0.0,0.0,0.0,-0.1007080152630806,3.977966785430908,-1.515463948249817,0.2041168361902237,-0.0358886756002903,-0.1929016262292862,0.1422791760596499,-0.3469574311056285,0.8900847200411584,-1.3852507474295959,-1.506403098497459,1.9508208506504097,0.0,0.0,0.0,0.0,0.0,0.0,1.7695566142836938,0.24339841436500986,-2.329816140589685,-1.004101392145385,3.540695881423035,0.5643377819968957,7.0,1.0,48.01499938964844,48.22800064086914,48.04600143432617,0.1,31.74,27.71,0.408,-0.284,1.312,0,1,0
1778204802.4709954,1333.3039999999999,1.7696353197097778,0.24340379238128662,-2.3297975699054163,-1.004068676625387,3.5407590866088867,0.5643787384033203,0.0,0.0,-0.0,0.0,0.0,0.0,-0.1007080152630806,3.996277332305908,-1.5109803676605225,0.2018737941980362,-0.0314025916159153,-0.1973877102136612,0.14227245596085117,-0.34689413702112326,0.890089320377004,-1.3852978079432499,-1.5064077398660378,1.9509308747214424,0.0,0.0,0.0,0.0,0.0,0.0,1.7695566142836938,0.24339841436500986,-2.329816140589685,-1.004101392145385,3.540695881423035,0.5643377819968957,7.0,1.0,48.01499938964844,48.22800064086914,48.04600143432617,0.1,31.74,27.71,0.408,-0.284,1.312,0,1,0
1778204802.4810667,1333.312,1.7696353197097778,0.24345171451568604,-2.3298097292529505,-1.0040448347674769,3.5407116413116455,0.5643907189369202,0.0,0.0,-0.0,0.0,0.0,0.0,-0.1190185695886612,3.959656238555908,-1.5266729593276978,0.2086029201745987,-0.0471038855612278,-0.2086029201745987,0.14227498716147083,-0.34692192029363617,0.8900679412059913,-1.385292616139278,-1.5063950387511156,1.9508567542180422,0.0,0.0,0.0,0.0,0.0,0.0,1.7695566142836938,0.24339841436500986,-2.329816140589685,-1.004101392145385,3.540695881423035,0.5643377819968957,7.0,1.0,48.01499938964844,48.22800064086914,48.04600143432617,0.1,31.74,27.71,0.408,-0.284,1.312,0,1,0
1778204802.499719,1333.32,1.7695993185043335,0.2434396743774414,-2.3298216501819056,-1.0040929953204554,3.54074764251709,0.5643667578697205,0.0,0.0,-0.0,0.0,0.0,0.0,-0.0915527418255806,3.996277332305908,-1.5289148092269897,0.2041168361902237,-0.0336456336081028,-0.2153320610523224,0.14226046471464823,-0.34689678607607377,0.8900719363328156,-1.3853164169057144,-1.506357442702422,1.9509072476826215,0.0,0.0,0.0,0.0,0.0,0.0,1.7695566142836938,0.24339841436500986,-2.329816140589685,-1.004101392145385,3.540695881423035,0.5643377819968957,7.0,1.0,48.01499938964844,48.22800064086914,48.04600143432617,0.1,31.74,27.71,0.408,-0.284,1.312,0,1,0
1778204802.5022268,1333.328,1.7696112394332886,0.2434396743774414,-2.3297856489764612,-1.004068676625387,3.5407116413116455,0.5643787384033203,0.0,0.0,-0.0,0.0,0.0,0.0,-0.1144409328699112,3.973389148712158,-1.5289148092269897,0.2018737941980362,-0.0291595496237278,-0.2130890041589737,0.14226918196886482,-0.3469311393833318,0.8900790197911403,-1.3852998294957393,-1.5063685558352404,1.9508461302277982,0.0,0.0,0.0,0.0,0.0,0.0,1.7695566142836938,0.24339841436500986,-2.329816140589685,-1.004101392145385,3.540695881423035,0.5643377819968957,7.0,1.0,48.01499938964844,48.22800064086914,48.04600143432617,0.1,31.74,27.71,0.408,-0.284,1.312,0,1,0
1778204802.5050604,1333.336,1.769647240638733,0.24340379238128662,-2.329773728047506,-1.0040572325335901,3.5407354831695557,0.5643907189369202,0.0,0.0,-0.0,0.0,0.0,0.0,-0.0915527418255806,4.014587879180908,-1.5087385177612305,0.2041168361902237,-0.0381317175924778,-0.2265472710132599,0.14227856460164215,-0.3469134522296556,0.8900943123102145,-1.3852918372157779,-1.5064145069688295,1.9508995715927844,0.0,0.0,0.0,0.0,0.0,0.0,1.7695566142836938,0.24339841436500986,-2.329816140589685,-1.004101392145385,3.540695881423035,0.5643377819968957,7.0,1.0,48.01499938964844,48.22800064086914,48.04600143432617,0.1,31.74,27.71,0.408,-0.284,1.312,0,1,0
1778204802.5146928,1333.344,1.7696353197097778,0.2434157133102417,-2.3297975699054163,-1.004068676625387,3.5407354831695557,0.5644146800041199,0.0,0.0,-0.0,0.0,0.0,0.0,-0.0915527418255806,4.005432605743408,-1.499771237373352,0.1973877102136612,-0.0403747595846653,-0.2018737941980362,0.14226693462715165,-0.3468922622430982,0.8900854181779192,-1.3853369799958526,-1.5063773534239613,1.9509279885698918,0.0,0.0,0.0,0.0,0.0,0.0,1.7695566142836938,0.24339841436500986,-2.329816140589685,-1.004101392145385,3.540695881423035,0.5643377819968957,7.0,1.0,48.01499938964844,48.18299865722656,48.04600143432617,0.1,31.74,27.71,0.408,-0.284,1.312,0,1,0
1778204802.5228016,1333.3519999999999,1.7696353197097778,0.24342775344848633,-2.3297975699054163,-1.004068676625387,3.54074764251709,0.56440269947052,0.0,0.0,-0.0,0.0,0.0,0.0,-0.1098632961511612,3.982544422149658,-1.515463948249817,0.2041168361902237,-0.0403747595846653,-0.1996307522058487,0.14227140854899556,-0.3469052007171224,0.8900808026130389,-1.3853118948316736,-1.5064025267115788,1.9509167163115086,0.0,0.0,0.0,0.0,0.0,0.0,1.7695566142836938,0.24339841436500986,-2.329816140589685,-1.004101392145385,3.540695881423035,0.5643377819968957,7.0,1.0,48.01499938964844,48.18299865722656,48.029998779296875,0.1,31.74,27.71,0.408,-0.284,1.312,0,1,0
1778204802.5309217,1333.36,1.7696112394332886,0.2434636354446411,-2.3298097292529505,-1.004068676625387,3.5407354831695557,0.5644146800041199,0.0,0.0,-0.0,0.0,0.0,0.0,-0.1144409328699112,3.987122058868408,-1.5311566591262817,0.2063598781824112,-0.0358886756002903,-0.2041168361902237,0.142263616080382,-0.3469206486993947,0.8900650208724173,-1.3853261263868704,-1.506377722117228,1.9508809416143242,0.0,0.0,0.0,0.0,0.0,0.0,1.7695566142836938,0.24339841436500986,-2.329816140589685,-1.004101392145385,3.540695881423035,0.5643377819968957,7.0,1.0,48.01499938964844,48.18299865722656,48.029998779296875,0.1,31.74,27.71,0.408,-0.284,1.312,0,1,0
1778204802.533334,1333.368,1.769647240638733,0.24342775344848633,-2.3297856489764612,-1.004068676625387,3.5407116413116455,0.5643667578697205,0.0,0.0,-0.0,0.0,0.0,0.0,-0.0503540076315403,3.973389148712158,-1.5177057981491089,0.2041168361902237,-0.0403747595846653,-0.2041168361902237,0.14228190769946658,-0.3469200643686509,0.8900832829226315,-1.385277560196211,-1.5064006562302363,1.9508712924754166,0.0,0.0,0.0,0.0,0.0,0.0,1.7695566142836938,0.24339841436500986,-2.329816140589685,-1.004101392145385,3.540695881423035,0.5643377819968957,7.0,1.0,48.0,48.18299865722656,48.029998779296875,0.1,31.74,27.71,0.408,-0.284,1.312,0,1,0
1778204802.539088,1333.376,1.7696112394332886,0.2434636354446411,-2.329761568699972,-1.0040810743915003,3.5407235622406006,0.5643907189369202,0.0,0.0,-0.0,0.0,0.0,0.0,-0.1510620266199112,3.991699695587158,-1.5356402397155762,0.1996307522058487,-0.0269165076315403,-0.2063598781824112,0.1422746602090997,-0.3469635192229737,0.8900764032459465,-1.3852842027778958,-1.506399630663066,1.9508273628908788,0.0,0.0,0.0,0.0,0.0,0.0,1.7695566142836938,0.24339841436500986,-2.329816140589685,-1.004101392145385,3.540695881423035,0.5643377819968957,7.0,1.0,48.0,48.18299865722656,48.029998779296875,0.1,31.74,27.71,0.408,-0.284,1.312,0,1,0
1778204802.5557654,1333.376,1.7696112394332886,0.2434636354446411,-2.329761568699972,-1.0040810743915003,3.5407235622406006,0.5643907189369202,0.0,0.0,-0.0,0.0,0.0,0.0,-0.1510620266199112,3.991699695587158,-1.5356402397155762,0.1996307522058487,-0.0269165076315403,-0.2063598781824112,0.1422746602090997,-0.3469635192229737,0.8900764032459465,-1.3852842027778958,-1.506399630663066,1.9508273628908788,0.0,0.0,0.0,0.0,0.0,0.0,1.7695566142836938,0.24339841436500986,-2.329816140589685,-1.004101392145385,3.540695881423035,0.5643377819968957,7.0,1.0,48.0,48.18299865722656,48.029998779296875,0.14,31.69,27.57,0.412,-0.29,1.315,0,0,1
1778204802.5582192,1333.384,1.769647240638733,0.2434396743774414,-2.3298097292529505,-1.0040929953204554,3.5407235622406006,0.5643787384033203,0.0,0.0,-0.0,0.0,0.0,0.0,-0.0869751051068306,3.968811511993408,-1.5177057981491089,0.1996307522058487,-0.0336456336081028,-0.1906585842370987,0.14227594659405293,-0.3468956849019499,0.8900748694285159,-1.385307909964922,-1.5063832453724901,1.9509183438366773,0.0,0.0,0.0,0.0,0.0,0.0,1.7695566142836938,0.24339841436500986,-2.329816140589685,-1.004101392145385,3.540695881423035,0.5643377819968957,7.0,1.0,48.0,48.18299865722656,48.029998779296875,0.14,31.69,27.57,0.412,-0.29,1.315,0,1,0
1778204802.5608435,1333.392,1.7696353197097778,0.2434636354446411,-2.3297975699054163,-1.0041049162494105,3.5407235622406006,0.5643787384033203,0.0,0.0,-0.0,0.0,0.0,0.0,-0.1327514797449112,3.982544422149658,-1.5064966678619385,0.2018737941980362,-0.0314025916159153,-0.2063598781824112,0.14227660570461403,-0.3469213062323361,0.8900694586975644,-1.3852984314250614,-1.5063878474406607,1.9508891147071539,0.0,0.0,0.0,0.0,0.0,0.0,1.7695566142836938,0.24339841436500986,-2.329816140589685,-1.004101392145385,3.540695881423035,0.5643377819968957,7.0,1.0,48.0,48.18299865722656,48.029998779296875,0.14,31.69,27.57,0.412,-0.29,1.315,0,1,0
1778204802.5685182,1333.3999999999999,1.7695993185043335,0.2434396743774414,-2.3297856489764612,-1.0040929953204554,3.5407354831695557,0.5644146800041199,0.0,0.0,-0.0,0.0,0.0,0.0,-0.02288818545639515,3.959656238555908,-1.5311566591262817,0.1996307522058487,-0.0314025916159153,-0.2377624809741974,0.1422581643030178,-0.3469160853304747,0.89008064241855,-1.3853474109215764,-1.5063499428306324,1.9508959855205357,0.0,0.0,0.0,0.0,0.0,0.0,1.7695566142836938,0.24339841436500986,-2.329816140589685,-1.004101392145385,3.540695881423035,0.5643377819968957,7.0,1.0,48.0,48.18299865722656,48.029998779296875,0.14,31.69,27.57,0.412,-0.29,1.315,0,1,0
1778204802.57367,1333.408,1.7696112394332886,0.2434157133102417,-2.3297856489764612,-1.0040810743915003,3.5407590866088867,0.5644266605377197,0.0,0.0,-0.0,0.0,0.0,0.0,-0.0778198316693306,3.996277332305908,-1.5244312286376953,0.2063598781824112,-0.0358886756002903,-0.2130890041589737,0.1422588780010978,-0.34690027429212905,0.8900888226947942,-1.3853510671803142,-1.5063723823994029,1.950934536268404,0.0,0.0,0.0,0.0,0.0,0.0,1.7695566142836938,0.24339841436500986,-2.329816140589685,-1.004101392145385,3.540695881423035,0.5643377819968957,7.0,1.0,48.0,48.18299865722656,48.029998779296875,0.14,31.69,27.57,0.412,-0.29,1.315,0,1,0
1778204802.5828621,1333.416,1.7696353197097778,0.2434396743774414,-2.329749647771017,-1.0040810743915003,3.5407235622406006,0.56440269947052,0.0,0.0,-0.0,0.0,0.0,0.0,-0.1235962063074112,3.964233875274658,-1.5199475288391113,0.2086029201745987,-0.0471038855612278,-0.1659851223230362,0.14227951382516857,-0.3469498680959299,0.8900880507488858,-1.3852921629639288,-1.5064102747770158,1.950859811313918,0.0,0.0,0.0,0.0,0.0,0.0,1.7695566142836938,0.24339841436500986,-2.329816140589685,-1.004101392145385,3.540695881423035,0.5643377819968957,7.0,1.0,48.0,48.24300003051758,48.029998779296875,0.14,31.69,27.57,0.412,-0.29,1.315,0,1,0
1778204802.5885756,1333.424,1.7696112394332886,0.24342775344848633,-2.3298216501819056,-1.0040810743915003,3.540675640106201,0.56440269947052,0.0,0.0,-0.0,0.0,0.0,0.0,-0.1007080152630806,3.991699695587158,-1.5266729593276978,0.2086029201745987,-0.0448608435690403,-0.2130890041589737,0.14225397408017815,-0.34687628169010004,0.890076371328604,-1.3853782336066396,-1.5062820595944386,1.9508951039726339,0.0,0.0,0.0,0.0,0.0,0.0,1.7695566142836938,0.24339841436500986,-2.329816140589685,-1.004101392145385,3.540695881423035,0.5643377819968957,7.0,1.0,48.0,48.24300003051758,48.04600143432617,0.14,31.69,27.57,0.412,-0.29,1.315,0,1,0
1778204802.6008303,1333.432,1.7696353197097778,0.2434396743774414,-2.3298097292529505,-1.0041168371783655,3.54074764251709,0.5643547773361206,0.0,0.0,-0.0,0.0,0.0,0.0,-0.1281738430261612,3.977966785430908,-1.513222098350525,0.2063598781824112,-0.0336456336081028,-0.2579498589038849,0.14227513527394733,-0.34689560997604785,0.8900758307536605,-1.3852942473948966,-1.5063895928987099,1.9509323529115337,0.0,0.0,0.0,0.0,0.0,0.0,1.7695566142836938,0.24339841436500986,-2.329816140589685,-1.004101392145385,3.540695881423035,0.5643377819968957,7.0,1.0,48.0,48.24300003051758,48.04600143432617,0.14,31.69,27.57,0.412,-0.29,1.315,0,1,0
1778204802.6037989,1333.4399999999998,1.7695872783660889,0.243391752243042,-2.3298454920398157,-1.0040810743915003,3.5407235622406006,0.56440269947052,0.0,0.0,-0.0,0.0,0.0,0.0,-0.1052856519818306,3.987122058868408,-1.5266729593276978,0.2086029201745987,-0.0336456336081028,-0.2265472710132599,0.1422384537861411,-0.34683543396578836,0.890084013520807,-1.3854072580650072,-1.506266628810567,1.9509625943294453,0.0,0.0,0.0,0.0,0.0,0.0,1.7695566142836938,0.24339841436500986,-2.329816140589685,-1.004101392145385,3.540695881423035,0.5643377819968957,7.0,1.0,48.0,48.24300003051758,48.04600143432617,0.14,31.69,27.57,0.412,-0.29,1.315,0,1,0
1778204802.6061976,1333.4479999999999,1.7696112394332886,0.2434157133102417,-2.3297856489764612,-1.0040929953204554,3.5407354831695557,0.5643787384033203,0.0,0.0,-0.0,0.0,0.0,0.0,-0.1052856519818306,3.982544422149658,-1.5244312286376953,0.2041168361902237,-0.0336456336081028,-0.1816864162683487,0.14226478503039847,-0.3469053477874862,0.8900890858429575,-1.3853202710237846,-1.5063601885340856,1.9509036569338605,0.0,0.0,0.0,0.0,0.0,0.0,1.7695566142836938,0.24339841436500986,-2.329816140589685,-1.004101392145385,3.540695881423035,0.5643377819968957,7.0,1.0,48.0,48.24300003051758,48.04600143432617,0.14,31.69,27.57,0.412,-0.29,1.315,0,1,0
1778204802.614359,1333.456,1.7696112394332886,0.24342775344848633,-2.329761568699972,-1.0040572325335901,3.5406997203826904,0.5643907189369202,0.0,0.0,-0.0,0.0,0.0,0.0,-0.1327514797449112,3.982544422149658,-1.5199475288391113,0.2063598781824112,-0.0358886756002903,-0.1951446682214737,0.14227000843804316,-0.34694440789204606,0.8900884017456623,-1.3853020571765946,-1.5063675839806983,1.9508250302994963,0.0,0.0,0.0,0.0,0.0,0.0,1.7695566142836938,0.24339841436500986,-2.329816140589685,-1.004101392145385,3.540695881423035,0.5643377819968957,7.0,1.0,47.986000061035156,48.24300003051758,48.04600143432617,0.14,31.69,27.57,0.412,-0.29,1.315,0,1,0
1778204802.625865,1333.464,1.7696112394332886,0.2434636354446411,-2.3297856489764612,-1.0040448347674769,3.54074764251709,0.5643547773361206,0.0,0.0,-0.0,0.0,0.0,0.0,-0.1373291164636612,3.968811511993408,-1.513222098350525,0.2041168361902237,-0.0493469275534153,-0.1839294582605362,0.14228070278486013,-0.34696751546170423,0.8900684522378376,-1.3852294021165534,-1.506446532911558,1.950808552345353,0.0,0.0,0.0,0.0,0.0,0.0,1.7695566142836938,0.24339841436500986,-2.329816140589685,-1.004101392145385,3.540695881423035,0.5643377819968957,7.0,1.0,47.986000061035156,48.24300003051758,48.04600143432617,0.14,31.69,27.57,0.412,-0.29,1.315,0,1,0
1778204802.6408134,1333.472,1.7695993185043335,0.24342775344848633,-2.3297975699054163,-1.0040810743915003,3.5407354831695557,0.5643667578697205,0.0,0.0,-0.0,0.0,0.0,0.0,-0.0732421949505806,3.977966785430908,-1.515463948249817,0.2041168361902237,-0.0493469275534153,-0.2175751030445099,0.14226334895508377,-0.34691318142441563,0.8900811665658215,-1.3853062772563305,-1.5063614321234042,1.9508784686030027,0.0,0.0,0.0,0.0,0.0,0.0,1.7695566142836938,0.24339841436500986,-2.329816140589685,-1.004101392145385,3.540695881423035,0.5643377819968957,7.0,1.0,47.986000061035156,48.24300003051758,48.04600143432617,0.14,31.69,27.57,0.412,-0.29,1.315,0,1,0
1778204802.646904,1333.48,1.7696353197097778,0.2434636354446411,-2.3297975699054163,-1.0040448347674769,3.5407116413116455,0.5643667578697205,0.0,0.0,-0.0,0.0,0.0,0.0,-0.1373291164636612,3.973389148712158,-1.499771237373352,0.2063598781824112,-0.0403747595846653,-0.2198181450366974,0.14228302345087349,-0.3469475757771971,0.8900660474692457,-1.3852529630791235,-1.506420974801456,1.9508205341077167,0.0,0.0,0.0,0.0,0.0,0.0,1.7695566142836938,0.24339841436500986,-2.329816140589685,-1.004101392145385,3.540695881423035,0.5643377819968957,7.0,1.0,47.986000061035156,48.24300003051758,48.04600143432617,0.14,31.69,27.57,0.412,-0.29,1.315,0,1,0
1778204802.6533058,1333.4879999999998,1.7696112394332886,0.24342775344848633,-2.3297975699054163,-1.0040810743915003,3.5407590866088867,0.5643787384033203,0.0,0.0,-0.0,0.0,0.0,0.0,-0.0640869215130806,3.982544422149658,-1.5311566591262817,0.2041168361902237,-0.0358886756002903,-0.2086029201745987,0.14226667720283817,-0.34691045322600245,0.8900811858241122,-1.3853023542559564,-1.5063919420142633,1.9509059577758374,0.0,0.0,0.0,0.0,0.0,0.0,1.7695566142836938,0.24339841436500986,-2.329816140589685,-1.004101392145385,3.540695881423035,0.5643377819968957,7.0,1.0,47.986000061035156,48.25899887084961,48.04600143432617,0.14,31.69,27.57,0.412,-0.29,1.315,0,1,0
1778204802.6722834,1333.4959999999999,1.7695872783660889,0.2434396743774414,-2.3298097292529505,-1.004068676625387,3.5407116413116455,0.5643667578697205,0.0,0.0,-0.0,0.0,0.0,0.0,-0.0503540076315403,4.000854969024658,-1.5199475288391113,0.2086029201745987,-0.0403747595846653,-0.2108459621667862,0.14225858377629816,-0.3469160290317256,0.8900734460230533,-1.385314772888066,-1.5063337857216088,1.9508467706633859,0.0,0.0,0.0,0.0,0.0,0.0,1.7695566142836938,0.24339841436500986,-2.329816140589685,-1.004101392145385,3.540695881423035,0.5643377819968957,7.0,1.0,47.986000061035156,48.25899887084961,48.06100082397461,0.14,31.69,27.57,0.412,-0.29,1.315,0,1,0
1778204802.6774971,1333.504,1.7696112394332886,0.24348759651184082,-2.329773728047506,-1.0040810743915003,3.540771245956421,0.56440269947052,0.0,0.0,-0.0,0.0,0.0,0.0,-0.1190185695886612,3.973389148712158,-1.5266729593276978,0.2108459621667862,-0.0336456336081028,-0.2086029201745987,0.1422765284513449,-0.3469715058383155,0.8900647380608432,-1.385268226702983,-1.506450559788898,1.950850517693305,0.0,0.0,0.0,0.0,0.0,0.0,1.7695566142836938,0.24339841436500986,-2.329816140589685,-1.004101392145385,3.540695881423035,0.5643377819968957,7.0,1.0,47.986000061035156,48.25899887084961,48.06100082397461,0.14,31.69,27.57,0.412,-0.29,1.315,0,1,0
1778204802.6851377,1333.512,1.7696112394332886,0.24345171451568604,-2.3297856489764612,-1.0041168371783655,3.5407354831695557,0.5643907189369202,0.0,0.0,-0.0,0.0,0.0,0.0,-0.1007080152630806,3.982544422149658,-1.5333983898162842,0.2063598781824112,-0.0358886756002903,-0.2018737941980362,0.14226618818613213,-0.34691965409187625,0.8900772797325052,-1.3853248488904257,-1.506363462632231,1.9508995504463036,0.0,0.0,0.0,0.0,0.0,0.0,1.7695566142836938,0.24339841436500986,-2.329816140589685,-1.004101392145385,3.540695881423035,0.5643377819968957,7.0,1.0,47.986000061035156,48.25899887084961,48.06100082397461,0.14,31.69,27.57,0.412,-0.29,1.315,0,1,0
1778204802.6907666,1333.52,1.7695993185043335,0.2434396743774414,-2.3298216501819056,-1.004068676625387,3.54074764251709,0.5644146800041199,0.0,0.0,-0.0,0.0,0.0,0.0,-0.0457763709127903,3.973389148712158,-1.5356402397155762,0.2063598781824112,-0.0314025916159153,-0.2287903130054474,0.1422543669541865,-0.34689480283012547,0.89007109211511,-1.3853495131244538,-1.5063542066780249,1.950913523460689,0.0,0.0,0.0,0.0,0.0,0.0,1.7695566142836938,0.24339841436500986,-2.329816140589685,-1.004101392145385,3.540695881423035,0.5643377819968957,7.0,1.0,47.986000061035156,48.25899887084961,48.06100082397461,0.14,31.69,27.57,0.412,-0.29,1.315,0,1,0
1778204802.6931493,1333.528,1.7695993185043335,0.2434636354446411,-2.3297975699054163,-1.004068676625387,3.5407590866088867,0.5643547773361206,0.0,0.0,-0.0,0.0,0.0,0.0,-0.1052856519818306,3.987122058868408,-1.5064966678619385,0.2041168361902237,-0.0471038855612278,-0.1727142482995987,0.14227303741569042,-0.34694987539353084,0.8900670293424815,-1.3852531544510545,-1.50642238768939,1.950840532591606,0.0,0.0,0.0,0.0,0.0,0.0,1.7695566142836938,0.24339841436500986,-2.329816140589685,-1.004101392145385,3.540695881423035,0.5643377819968957,7.0,1.0,47.986000061035156,48.25899887084961,48.06100082397461,0.14,31.69,27.57,0.412,-0.29,1.315,0,1,0
1778204802.7014644,1333.528,1.7695993185043335,0.2434636354446411,-2.3297975699054163,-1.004068676625387,3.5407590866088867,0.5643547773361206,0.0,0.0,-0.0,0.0,0.0,0.0,-0.1052856519818306,3.987122058868408,-1.5064966678619385,0.2041168361902237,-0.0471038855612278,-0.1727142482995987,0.14227303741569042,-0.34694987539353084,0.8900670293424815,-1.3852531544510545,-1.50642238768939,1.950840532591606,0.0,0.0,0.0,0.0,0.0,0.0,1.7695566142836938,0.24339841436500986,-2.329816140589685,-1.004101392145385,3.540695881423035,0.5643377819968957,7.0,1.0,47.986000061035156,48.25899887084961,48.06100082397461,0.07,31.67,27.64,0.409,-0.286,1.313,0,0,1
1778204802.7049675,1333.5359999999998,1.769647240638733,0.24340379238128662,-2.3298097292529505,-1.0041049162494105,3.54074764251709,0.5643907189369202,0.0,0.0,-0.0,0.0,0.0,0.0,-0.0915527418255806,4.000854969024658,-1.5221893787384033,0.2041168361902237,-0.0403747595846653,-0.1861725002527237,0.14226876803575522,-0.34686306476032563,0.8900887606879588,-1.3853400440986716,-1.506370551951622,1.9509827249122664,0.0,0.0,0.0,0.0,0.0,0.0,1.7695566142836938,0.24339841436500986,-2.329816140589685,-1.004101392145385,3.540695881423035,0.5643377819968957,7.0,1.0,48.0,48.25899887084961,48.06100082397461,0.07,31.67,27.64,0.409,-0.286,1.313,0,1,0
1778204802.707115,1333.5439999999999,1.7696353197097778,0.2434396743774414,-2.3298216501819056,-1.0040810743915003,3.54074764251709,0.5643667578697205,0.0,0.0,-0.0,0.0,0.0,0.0,-0.0961303785443306,3.973389148712158,-1.5311566591262817,0.2041168361902237,-0.0403747595846653,-0.1861725002527237,0.14227394636456814,-0.34689648307474497,0.8900712741413881,-1.3852911136612975,-1.506400633370349,1.950917747598653,0.0,0.0,0.0,0.0,0.0,0.0,1.7695566142836938,0.24339841436500986,-2.329816140589685,-1.004101392145385,3.540695881423035,0.5643377819968957,7.0,1.0,48.0,48.25899887084961,48.06100082397461,0.07,31.67,27.64,0.409,-0.286,1.313,0,1,0
1778204802.7095473,1333.552,1.7695993185043335,0.24345171451568604,-2.3298097292529505,-1.0040929953204554,3.54074764251709,0.56440269947052,0.0,0.0,-0.0,0.0,0.0,0.0,-0.1190185695886612,4.000854969024658,-1.5221893787384033,0.2086029201745987,-0.0403747595846653,-0.1861725002527237,0.14225832149956807,-0.3469075511924903,0.8900705795319953,-1.3853376754634337,-1.506358897512715,1.9509066825143577,0.0,0.0,0.0,0.0,0.0,0.0,1.7695566142836938,0.24339841436500986,-2.329816140589685,-1.004101392145385,3.540695881423035,0.5643377819968957,7.0,1.0,48.0,48.25899887084961,48.06100082397461,0.07,31.67,27.64,0.409,-0.286,1.313,0,1,0
1778204802.712801,1333.56,1.7696112394332886,0.2434157133102417,-2.329761568699972,-1.0040810743915003,3.5407235622406006,0.5643787384033203,0.0,0.0,-0.0,0.0,0.0,0.0,-0.1190185695886612,3.982544422149658,-1.4975295066833496,0.1996307522058487,-0.0426178015768528,-0.1951446682214737,0.1422694765155711,-0.34693066887518054,0.890093925007908,-1.3853024594869772,-1.5063724042639643,1.9508641043885189,0.0,0.0,0.0,0.0,0.0,0.0,1.7695566142836938,0.24339841436500986,-2.329816140589685,-1.004101392145385,3.540695881423035,0.5643377819968957,7.0,1.0,48.0,48.22800064086914,48.06100082397461,0.07,31.67,27.64,0.409,-0.286,1.313,0,1,0
1778204802.7336016,1333.568,1.7696353197097778,0.24340379238128662,-2.3298216501819056,-1.0040810743915003,3.5407235622406006,0.5643787384033203,0.0,0.0,-0.0,0.0,0.0,0.0,-0.1510620266199112,3.982544422149658,-1.5199475288391113,0.2018737941980362,-0.0336456336081028,-0.2175751030445099,0.14226526471716866,-0.3468647618997279,0.8900847225967587,-1.385336506646207,-1.5063475001247977,1.950944115492463,0.0,0.0,0.0,0.0,0.0,0.0,1.7695566142836938,0.24339841436500986,-2.329816140589685,-1.004101392145385,3.540695881423035,0.5643377819968957,7.0,1.0,48.0,48.22800064086914,48.06100082397461,0.07,31.67,27.64,0.409,-0.286,1.313,0,1,0
1778204802.7439845,1333.576,1.7695753574371338,0.24345171451568604,-2.3297975699054163,-1.0040810743915003,3.5407235622406006,0.5643907189369202,0.0,0.0,-0.0,0.0,0.0,0.0,-0.1052856519818306,3.977966785430908,-1.5423656702041626,0.2041168361902237,-0.0336456336081028,-0.2153320610523224,0.14225396380504962,-0.3469276146552873,0.8900726508085273,-1.3853323304512322,-1.5063323064226095,1.950849823092495,0.0,0.0,0.0,0.0,0.0,0.0,1.7695566142836938,0.24339841436500986,-2.329816140589685,-1.004101392145385,3.540695881423035,0.5643377819968957,7.0,1.0,48.0,48.22800064086914,48.06100082397461,0.07,31.67,27.64,0.409,-0.286,1.313,0,1,0
1778204802.751176,1333.5839999999998,1.7695872783660889,0.2434157133102417,-2.3297856489764612,-1.0041411558734339,3.5407235622406006,0.5643787384033203,0.0,0.0,-0.0,0.0,0.0,0.0,-0.1419067531824112,3.982544422149658,-1.5177057981491089,0.2063598781824112,-0.0471038855612278,-0.1727142482995987,0.14225184390446352,-0.34688831811796766,0.890091814747747,-1.3853680392156573,-1.5062925163701448,1.9509266056321135,0.0,0.0,0.0,0.0,0.0,0.0,1.7695566142836938,0.24339841436500986,-2.329816140589685,-1.004101392145385,3.540695881423035,0.5643377819968957,7.0,1.0,48.0,48.22800064086914,48.06100082397461,0.07,31.67,27.64,0.409,-0.286,1.313,0,1,0
1778204802.7637234,1333.5919999999999,1.7696353197097778,0.24340379238128662,-2.3297856489764612,-1.0040810743915003,3.5407235622406006,0.56440269947052,0.0,0.0,-0.0,0.0,0.0,0.0,-0.1235962063074112,3.964233875274658,-1.5244312286376953,0.2063598781824112,-0.0403747595846653,-0.1929016262292862,0.14226765711031625,-0.3468909572232558,0.8900931209016381,-1.385337891851979,-1.5063619871319862,1.9509254896000385,0.0,0.0,0.0,0.0,0.0,0.0,1.7695566142836938,0.24339841436500986,-2.329816140589685,-1.004101392145385,3.540695881423035,0.5643377819968957,7.0,1.0,48.0,48.22800064086914,48.06100082397461,0.07,31.67,27.64,0.409,-0.286,1.313,0,1,0
1778204802.7667532,1333.6,1.7695633172988892,0.2434636354446411,-2.3297856489764612,-1.0040810743915003,3.5407235622406006,0.5643547773361206,0.0,0.0,-0.0,0.0,0.0,0.0,-0.1281738430261612,3.996277332305908,-1.5109803676605225,0.2041168361902237,-0.0358886756002903,-0.2130890041589737,0.14225980916948988,-0.3469577244274097,0.8900705764332162,-1.3852865741688392,-1.5063511898053945,1.950799565736079,0.0,0.0,0.0,0.0,0.0,0.0,1.7695566142836938,0.24339841436500986,-2.329816140589685,-1.004101392145385,3.540695881423035,0.5643377819968957,7.0,1.0,48.0,48.22800064086914,48.06100082397461,0.07,31.67,27.64,0.409,-0.286,1.313,0,1,0
1778204802.7708719,1333.608,1.7695993185043335,0.2434396743774414,-2.3297975699054163,-1.0041168371783655,3.5406997203826904,0.5643547773361206,0.0,0.0,-0.0,0.0,0.0,0.0,-0.0686645582318306,3.996277332305908,-1.513222098350525,0.2063598781824112,-0.0381317175924778,-0.1659851223230362,0.14226234172038787,-0.3469076740583802,0.8900787995169648,-1.3853249550981321,-1.506314392540383,1.9508728800552428,0.0,0.0,0.0,0.0,0.0,0.0,1.7695566142836938,0.24339841436500986,-2.329816140589685,-1.004101392145385,3.540695881423035,0.5643377819968957,7.0,1.0,48.0,48.22800064086914,48.06100082397461,0.07,31.67,27.64,0.409,-0.286,1.313,0,1,0
1778204802.7769232,1333.616,1.7695993185043335,0.2434396743774414,-2.329773728047506,-1.0041287581073206,3.5407116413116455,0.5643547773361206,0.0,0.0,-0.0,0.0,0.0,0.0,-0.0457763709127903,3.996277332305908,-1.5064966678619385,0.2086029201745987,-0.0381317175924778,-0.1951446682214737,0.14226624033709787,-0.3469250856512579,0.8900848006179369,-1.385312219714905,-1.506334453209566,1.9508687125228683,0.0,0.0,0.0,0.0,0.0,0.0,1.7695566142836938,0.24339841436500986,-2.329816140589685,-1.004101392145385,3.540695881423035,0.5643377819968957,7.0,1.0,48.0,48.22800064086914,48.06100082397461,0.07,31.67,27.64,0.409,-0.286,1.313,0,1,0
1778204802.7959492,1333.624,1.7696112394332886,0.2434396743774414,-2.3297975699054163,-1.0040929953204554,3.5407116413116455,0.5643787384033203,0.0,0.0,-0.0,0.0,0.0,0.0,-0.0869751051068306,3.959656238555908,-1.5177057981491089,0.2041168361902237,-0.0403747595846653,-0.2018737941980362,0.14226501953326534,-0.3469106790750446,0.8900776743460983,-1.3853230001013987,-1.5063442415477344,1.9508791670215928,0.0,0.0,0.0,0.0,0.0,0.0,1.7695566142836938,0.24339841436500986,-2.329816140589685,-1.004101392145385,3.540695881423035,0.5643377819968957,7.0,1.0,48.0,48.22800064086914,48.06100082397461,0.07,31.67,27.64,0.409,-0.286,1.313,0,1,0
1778204802.8061104,1333.6319999999998,1.7695872783660889,0.24342775344848633,-2.329773728047506,-1.0040929953204554,3.5407354831695557,0.5643907189369202,0.0,0.0,-0.0,0.0,0.0,0.0,-0.0961303785443306,3.982544422149658,-1.5244312286376953,0.2041168361902237,-0.0381317175924778,-0.2108459621667862,0.1422583910391258,-0.3469254286575498,0.8900874754852913,-1.3853289560328297,-1.5063479713762995,1.9508746544668203,0.0,0.0,0.0,0.0,0.0,0.0,1.7695566142836938,0.24339841436500986,-2.329816140589685,-1.004101392145385,3.540695881423035,0.5643377819968957,7.0,1.0,48.0,48.2130012512207,48.06100082397461,0.07,31.67,27.64,0.409,-0.286,1.313,0,1,0
1778204802.8128142,1333.6399999999999,1.7695993185043335,0.24345171451568604,-2.3297975699054163,-1.0041287581073206,3.5406997203826904,0.56440269947052,0.0,0.0,-0.0,0.0,0.0,0.0,-0.1052856519818306,3.987122058868408,-1.5109803676605225,0.2063598781824112,-0.0381317175924778,-0.1839294582605362,0.14225503867295078,-0.3469000366452445,0.8900755346196596,-1.3853736106121515,-1.5062949529812306,1.950901164174304,0.0,0.0,0.0,0.0,0.0,0.0,1.7695566142836938,0.24339841436500986,-2.329816140589685,-1.004101392145385,3.540695881423035,0.5643377819968957,7.0,1.0,48.0,48.2130012512207,48.04600143432617,0.07,31.67,27.64,0.409,-0.286,1.313,0,1,0
1778204802.8160374,1333.648,1.769647240638733,0.24337971210479736,-2.3298216501819056,-1.0041049162494105,3.5407590866088867,0.5643907189369202,0.0,0.0,-0.0,0.0,0.0,0.0,-0.1007080152630806,3.977966785430908,-1.5064966678619385,0.2041168361902237,-0.0358886756002903,-0.1839294582605362,0.1422635981898819,-0.34683537549452814,0.8900948771756876,-1.385357965299448,-1.5063578941557587,1.9510220869814878,0.0,0.0,0.0,0.0,0.0,0.0,1.7695566142836938,0.24339841436500986,-2.329816140589685,-1.004101392145385,3.540695881423035,0.5643377819968957,7.0,1.0,48.0,48.2130012512207,48.04600143432617,0.07,31.67,27.64,0.409,-0.286,1.313,0,1,0
1778204802.8254864,1333.656,1.7695993185043335,0.24342775344848633,-2.3297856489764612,-1.0040929953204554,3.5407235622406006,0.5643787384033203,0.0,0.0,-0.0,0.0,0.0,0.0,-0.1235962063074112,3.968811511993408,-1.5087385177612305,0.2063598781824112,-0.0336456336081028,-0.1547699123620987,0.1422618441545639,-0.34691506891738316,0.8900847064771786,-1.385323649339503,-1.5063446114785664,1.9508788455079151,0.0,0.0,0.0,0.0,0.0,0.0,1.7695566142836938,0.24339841436500986,-2.329816140589685,-1.004101392145385,3.540695881423035,0.5643377819968957,7.0,1.0,48.0,48.2130012512207,48.04600143432617,0.07,31.67,27.64,0.409,-0.286,1.313,0,1,0
1778204802.8279684,1333.664,1.7695633172988892,0.2434396743774414,-2.3298216501819056,-1.0041168371783655,3.54074764251709,0.56440269947052,0.0,0.0,-0.0,0.0,0.0,0.0,-0.0640869215130806,3.973389148712158,-1.5064966678619385,0.2018737941980362,-0.0358886756002903,-0.1951446682214737,0.1422398984421598,-0.34688340925095423,0.8900736401632974,-1.3853858513648987,-1.5062916254100769,1.9509289392766438,0.0,0.0,0.0,0.0,0.0,0.0,1.7695566142836938,0.24339841436500986,-2.329816140589685,-1.004101392145385,3.540695881423035,0.5643377819968957,7.0,1.0,48.0,48.2130012512207,48.04600143432617,0.07,31.67,27.64,0.409,-0.286,1.313,0,1,0
1778204802.8298416,1333.672,1.7695872783660889,0.2434396743774414,-2.3298097292529505,-1.0040572325335901,3.54074764251709,0.5643667578697205,0.0,0.0,-0.0,0.0,0.0,0.0,-0.0961303785443306,3.987122058868408,-1.5221893787384033,0.2108459621667862,-0.0291595496237278,-0.1884155422449112,0.14226140304622034,-0.3469235852966301,0.8900726461696304,-1.3852918293301164,-1.5063776471307362,1.9508566363962447,0.0,0.0,0.0,0.0,0.0,0.0,1.7695566142836938,0.24339841436500986,-2.329816140589685,-1.004101392145385,3.540695881423035,0.5643377819968957,7.0,1.0,48.0,48.2130012512207,48.04600143432617,0.07,31.67,27.64,0.409,-0.286,1.313,0,1,0
1778204802.832172,1333.6799999999998,1.7696112394332886,0.24345171451568604,-2.329761568699972,-1.0041168371783655,3.5407116413116455,0.5643547773361206,0.0,0.0,-0.0,0.0,0.0,0.0,-0.0915527418255806,3.959656238555908,-1.5221893787384033,0.2018737941980362,-0.0471038855612278,-0.2108459621667862,0.1422753611398342,-0.3469480466283571,0.8900824545817843,-1.3852833410103946,-1.5063703503827466,1.9508428130968984,0.0,0.0,0.0,0.0,0.0,0.0,1.7695566142836938,0.24339841436500986,-2.329816140589685,-1.004101392145385,3.540695881423035,0.5643377819968957,7.0,1.0,48.0,48.2130012512207,48.04600143432617,0.07,31.67,27.64,0.409,-0.286,1.313,0,1,0
1778204802.846604,1333.6879999999999,1.769647240638733,0.2434396743774414,-2.3298216501819056,-1.0041168371783655,3.5407235622406006,0.5643787384033203,0.0,0.0,-0.0,0.0,0.0,0.0,-0.1052856519818306,3.991699695587158,-1.5244312286376953,0.1996307522058487,-0.0381317175924778,-0.1839294582605362,0.1422718231458302,-0.34687541747999884,0.8900734966767685,-1.3853307756450648,-1.5063592498282472,1.9509509461304202,0.0,0.0,0.0,0.0,0.0,0.0,1.7695566142836938,0.24339841436500986,-2.329816140589685,-1.004101392145385,3.540695881423035,0.5643377819968957,7.0,1.0,48.0,48.2130012512207,48.04600143432617,0.07,31.67,27.64,0.409,-0.286,1.313,0,1,0
1778204802.8565733,1333.696,1.7696112394332886,0.2434636354446411,-2.3298097292529505,-1.0040810743915003,3.5407235622406006,0.5643427968025208,0.0,0.0,-0.0,0.0,0.0,0.0,-0.1556396633386612,3.982544422149658,-1.504254937171936,0.2063598781824112,-0.0403747595846653,-0.2041168361902237,0.14227415021260859,-0.34693238735091536,0.8900650031283924,-1.385266234799357,-1.5063867159321258,1.9508428633810533,0.0,0.0,0.0,0.0,0.0,0.0,1.7695566142836938,0.24339841436500986,-2.329816140589685,-1.004101392145385,3.540695881423035,0.5643377819968957,7.0,1.0,48.0,48.2130012512207,48.04600143432617,0.07,31.67,27.64,0.409,-0.286,1.313,0,1,0
1778204802.8611908,1333.696,1.7696112394332886,0.2434636354446411,-2.3298097292529505,-1.0040810743915003,3.5407235622406006,0.5643427968025208,0.0,0.0,-0.0,0.0,0.0,0.0,-0.1556396633386612,3.982544422149658,-1.504254937171936,0.2063598781824112,-0.0403747595846653,-0.2041168361902237,0.14227415021260859,-0.34693238735091536,0.8900650031283924,-1.385266234799357,-1.5063867159321258,1.9508428633810533,0.0,0.0,0.0,0.0,0.0,0.0,1.7695566142836938,0.24339841436500986,-2.329816140589685,-1.004101392145385,3.540695881423035,0.5643377819968957,7.0,1.0,48.0,48.2130012512207,48.04600143432617,-0.04,31.8,27.86,0.402,-0.274,1.307,0,0,1
1778204802.8639112,1333.704,1.7695753574371338,0.2434157133102417,-2.3297975699054163,-1.004068676625387,3.5407235622406006,0.5643907189369202,0.0,0.0,-0.0,0.0,0.0,0.0,-0.1144409328699112,3.982544422149658,-1.5087385177612305,0.1929016262292862,-0.0291595496237278,-0.1951446682214737,0.14224957745542727,-0.34690572889226623,0.8900852191906305,-1.3853472468103445,-1.5063164878367135,1.9508714677198546,0.0,0.0,0.0,0.0,0.0,0.0,1.7695566142836938,0.24339841436500986,-2.329816140589685,-1.004101392145385,3.540695881423035,0.5643377819968957,7.0,1.0,48.0,48.24300003051758,48.04600143432617,-0.04,31.8,27.86,0.402,-0.274,1.307,0,1,0
1778204802.8670287,1333.712,1.7696112394332886,0.24345171451568604,-2.3297856489764612,-1.0040929953204554,3.5406997203826904,0.56440269947052,0.0,0.0,-0.0,0.0,0.0,0.0,-0.1373291164636612,3.941345691680908,-1.5177057981491089,0.2108459621667862,-0.0336456336081028,-0.2287903130054474,0.14226428969055782,-0.346923427242727,0.8900762449136788,-1.3853372615406527,-1.5063385899379003,1.9508647731263453,0.0,0.0,0.0,0.0,0.0,0.0,1.7695566142836938,0.24339841436500986,-2.329816140589685,-1.004101392145385,3.540695881423035,0.5643377819968957,7.0,1.0,48.0,48.24300003051758,48.06100082397461,-0.04,31.8,27.86,0.402,-0.274,1.307,0,1,0
1778204802.874828,1333.72,1.769647240638733,0.24347567558288574,-2.329773728047506,-1.0040929953204554,3.5407116413116455,0.5643667578697205,0.0,0.0,-0.0,0.0,0.0,0.0,-0.1190185695886612,3.991699695587158,-1.515463948249817,0.2018737941980362,-0.0314025916159153,-0.2175751030445099,0.14228923473480454,-0.3469566672645321,0.8900696820779285,-1.3852551086192515,-1.506424506015585,1.9508387274860435,0.0,0.0,0.0,0.0,0.0,0.0,1.7695566142836938,0.24339841436500986,-2.329816140589685,-1.004101392145385,3.540695881423035,0.5643377819968957,7.0,1.0,48.0,48.24300003051758,48.06100082397461,-0.04,31.8,27.86,0.402,-0.274,1.307,0,1,0
1778204802.87735,1333.7279999999998,1.7695753574371338,0.24345171451568604,-2.3297856489764612,-1.0041287581073206,3.5407116413116455,0.5643547773361206,0.0,0.0,-0.0,0.0,0.0,0.0,-0.1144409328699112,3.968811511993408,-1.515463948249817,0.2041168361902237,-0.0381317175924778,-0.1772003322839737,0.14225760334425683,-0.34692685973642373,0.8900776703227724,-1.3853239348833728,-1.506311058701654,1.9508543519801675,0.0,0.0,0.0,0.0,0.0,0.0,1.7695566142836938,0.24339841436500986,-2.329816140589685,-1.004101392145385,3.540695881423035,0.5643377819968957,7.0,1.0,48.0,48.24300003051758,48.06100082397461,-0.04,31.8,27.86,0.402,-0.274,1.307,0,1,0
1778204802.8929775,1333.7359999999999,1.7696112394332886,0.24340379238128662,-2.3298216501819056,-1.0041168371783655,3.540783166885376,0.5643427968025208,0.0,0.0,-0.0,0.0,0.0,0.0,-0.0595092847943306,4.005432605743408,-1.5087385177612305,0.2018737941980362,-0.0471038855612278,-0.1772003322839737,0.1422631158746187,-0.34686744238950834,0.8900860577758093,-1.385308865111248,-1.5063745696705515,1.9509746912986743,0.0,0.0,0.0,0.0,0.0,0.0,1.7695566142836938,0.24339841436500986,-2.329816140589685,-1.004101392145385,3.540695881423035,0.5643377819968957,7.0,1.0,48.0,48.24300003051758,48.06100082397461,-0.04,31.8,27.86,0.402,-0.274,1.307,0,1,0
1778204802.9004915,1333.744,1.7695993185043335,0.243391752243042,-2.3297856489764612,-1.0041049162494105,3.54074764251709,0.5644146800041199,0.0,0.0,-0.0,0.0,0.0,0.0,-0.1327514797449112,3.968811511993408,-1.5289148092269897,0.1996307522058487,-0.0381317175924778,-0.2041168361902237,0.14225058753927156,-0.3468764522104161,0.8900988951178214,-1.385380191887931,-1.506322075917349,1.9509575545462878,0.0,0.0,0.0,0.0,0.0,0.0,1.7695566142836938,0.24339841436500986,-2.329816140589685,-1.004101392145385,3.540695881423035,0.5643377819968957,7.0,1.0,48.0,48.24300003051758,48.06100082397461,-0.04,31.8,27.86,0.402,-0.274,1.307,0,1,0
1778204802.9069335,1333.752,1.7696353197097778,0.243391752243042,-2.3297975699054163,-1.0040329138385218,3.5407354831695557,0.5643667578697205,0.0,0.0,-0.0,0.0,0.0,0.0,-0.1098632961511612,3.991699695587158,-1.515463948249817,0.2018737941980362,-0.0403747595846653,-0.1727142482995987,0.14227442955245917,-0.3469006300518345,0.8900917478757973,-1.3852806241819937,-1.506404770272801,1.9508888865338014,0.0,0.0,0.0,0.0,0.0,0.0,1.7695566142836938,0.24339841436500986,-2.329816140589685,-1.004101392145385,3.540695881423035,0.5643377819968957,7.0,1.0,48.0,48.24300003051758,48.06100082397461,-0.04,31.8,27.86,0.402,-0.274,1.307,0,1,0
1778204802.9093106,1333.76,1.7696353197097778,0.2434157133102417,-2.3297856489764612,-1.0040929953204554,3.5407354831695557,0.56440269947052,0.0,0.0,-0.0,0.0,0.0,0.0,-0.1373291164636612,3.968811511993408,-1.515463948249817,0.2041168361902237,-0.0291595496237278,-0.1973877102136612,0.14226907682094897,-0.3468960152032956,0.8900893391212208,-1.3853327859498763,-1.5063739771339144,1.9509321649328593,0.0,0.0,0.0,0.0,0.0,0.0,1.7695566142836938,0.24339841436500986,-2.329816140589685,-1.004101392145385,3.540695881423035,0.5643377819968957,7.0,1.0,48.0,48.24300003051758,48.06100082397461,-0.04,31.8,27.86,0.402,-0.274,1.307,0,1,0
1778204802.918554,1333.768,1.7696353197097778,0.24345171451568604,-2.3297975699054163,-1.0040929953204554,3.5407354831695557,0.5643907189369202,0.0,0.0,-0.0,0.0,0.0,0.0,-0.0640869215130806,3.991699695587158,-1.5177057981491089,0.2086029201745987,-0.0403747595846653,-0.2130890041589737,0.1422743909972747,-0.34691523569867694,0.8900732587734504,-1.3853053621912113,-1.5063949493689577,1.9509029887243339,0.0,0.0,0.0,0.0,0.0,0.0,1.7695566142836938,0.24339841436500986,-2.329816140589685,-1.004101392145385,3.540695881423035,0.5643377819968957,7.0,1.0,48.0,48.24300003051758,48.06100082397461,-0.04,31.8,27.86,0.402,-0.274,1.307,0,1,0
1778204802.921661,1333.7759999999998,1.769647240638733,0.24342775344848633,-2.329773728047506,-1.0040810743915003,3.54074764251709,0.56440269947052,0.0,0.0,-0.0,0.0,0.0,0.0,-0.0961303785443306,3.987122058868408,-1.5266729593276978,0.1996307522058487,-0.0426178015768528,-0.1951446682214737,0.14227878566928973,-0.34691975301650246,0.8900868845453447,-1.3852987845142353,-1.5064219403147696,1.9509133364202038,0.0,0.0,0.0,0.0,0.0,0.0,1.7695566142836938,0.24339841436500986,-2.329816140589685,-1.004101392145385,3.540695881423035,0.5643377819968957,7.0,1.0,48.0,48.198001861572266,48.06100082397461,-0.04,31.8,27.86,0.402,-0.274,1.307,0,1,0
1778204802.934887,1333.7839999999999,1.7696353197097778,0.24342775344848633,-2.3298335711108606,-1.0041168371783655,3.54074764251709,0.56440269947052,0.0,0.0,-0.0,0.0,0.0,0.0,-0.1510620266199112,3.996277332305908,-1.5423656702041626,0.2063598781824112,-0.0358886756002903,-0.2086029201745987,0.14226094256974778,-0.34685363062562935,0.8900753321962178,-1.3853656807582375,-1.5063460252809675,1.9509934498571253,0.0,0.0,0.0,0.0,0.0,0.0,1.7695566142836938,0.24339841436500986,-2.329816140589685,-1.004101392145385,3.540695881423035,0.5643377819968957,7.0,1.0,48.0,48.198001861572266,48.04600143432617,-0.04,31.8,27.86,0.402,-0.274,1.307,0,1,0
1778204802.942758,1333.792,1.7695993185043335,0.24340379238128662,-2.3297856489764612,-1.0040929953204554,3.5406997203826904,0.56440269947052,0.0,0.0,-0.0,0.0,0.0,0.0,-0.1098632961511612,3.973389148712158,-1.5266729593276978,0.2041168361902237,-0.0381317175924778,-0.1906585842370987,0.1422529400003707,-0.34688931929261324,0.8900938914743366,-1.3853735357733008,-1.5062948236473717,1.950901548964969,0.0,0.0,0.0,0.0,0.0,0.0,1.7695566142836938,0.24339841436500986,-2.329816140589685,-1.004101392145385,3.540695881423035,0.5643377819968957,7.0,1.0,48.0,48.198001861572266,48.04600143432617,-0.04,31.8,27.86,0.402,-0.274,1.307,0,1,0
1778204802.9563365,1333.8,1.7696353197097778,0.24342775344848633,-2.329773728047506,-1.0041168371783655,3.54074764251709,0.5643907189369202,0.0,0.0,-0.0,0.0,0.0,0.0,-0.1373291164636612,3.977966785430908,-1.5221893787384033,0.2018737941980362,-0.0426178015768528,-0.2108459621667862,0.1422737018478604,-0.3469099461360051,0.8900887445038037,-1.385315368235795,-1.5063912129246064,1.9509317439529457,0.0,0.0,0.0,0.0,0.0,0.0,1.7695566142836938,0.24339841436500986,-2.329816140589685,-1.004101392145385,3.540695881423035,0.5643377819968957,7.0,1.0,48.0,48.198001861572266,48.04600143432617,-0.04,31.8,27.86,0.402,-0.274,1.307,0,1,0
1778204802.9656603,1333.808,1.7695993185043335,0.24342775344848633,-2.3297975699054163,-1.0041049162494105,3.5407235622406006,0.5643787384033203,0.0,0.0,-0.0,0.0,0.0,0.0,-0.1190185695886612,3.973389148712158,-1.5199475288391113,0.2086029201745987,-0.0381317175924778,-0.2063598781824112,0.14225871454073874,-0.34689962009970843,0.8900826719082131,-1.3853388810151437,-1.5063285990099762,1.9509005845523235,0.0,0.0,0.0,0.0,0.0,0.0,1.7695566142836938,0.24339841436500986,-2.329816140589685,-1.004101392145385,3.540695881423035,0.5643377819968957,7.0,1.0,48.0,48.198001861572266,48.04600143432617,-0.04,31.8,27.86,0.402,-0.274,1.307,0,1,0
1778204802.9697127,1333.816,1.7695993185043335,0.2434157133102417,-2.3297975699054163,-1.0040810743915003,3.540795087814331,0.5643667578697205,0.0,0.0,-0.0,0.0,0.0,0.0,-0.0686645582318306,3.996277332305908,-1.5087385177612305,0.2086029201745987,-0.0358886756002903,-0.2108459621667862,0.1422646264107816,-0.3469090371682354,0.890085328830421,-1.3852880644407248,-1.5064132947329156,1.9509230867831517,0.0,0.0,0.0,0.0,0.0,0.0,1.7695566142836938,0.24339841436500986,-2.329816140589685,-1.004101392145385,3.540695881423035,0.5643377819968957,7.0,1.0,48.0,48.198001861572266,48.04600143432617,-0.04,31.8,27.86,0.402,-0.274,1.307,0,1,0
1778204802.9842942,1333.8239999999998,1.7696353197097778,0.2434396743774414,-2.3298097292529505,-1.0041049162494105,3.54074764251709,0.5643787384033203,0.0,0.0,-0.0,0.0,0.0,0.0,-0.1007080152630806,3.977966785430908,-1.5221893787384033,0.1996307522058487,-0.0336456336081028,-0.2130890041589737,0.14227206649860916,-0.34689452209871074,0.8900754219500355,-1.385310948252122,-1.506387815714402,1.9509357080422252,0.0,0.0,0.0,0.0,0.0,0.0,1.7695566142836938,0.24339841436500986,-2.329816140589685,-1.004101392145385,3.540695881423035,0.5643377819968957,7.0,1.0,48.0,48.198001861572266,48.04600143432617,-0.04,31.8,27.86,0.402,-0.274,1.307,0,1,0
1778204802.9920113,1333.8319999999999,1.7696353197097778,0.2434396743774414,-2.3297975699054163,-1.0040810743915003,3.5407235622406006,0.5643907189369202,0.0,0.0,-0.0,0.0,0.0,0.0,-0.1281738430261612,3.973389148712158,-1.5333983898162842,0.2041168361902237,-0.0426178015768528,-0.2243042290210724,0.14227295333759318,-0.3469100888521659,0.8900770845560033,-1.3853105437133657,-1.5063828795098633,1.9508964226170438,0.0,0.0,0.0,0.0,0.0,0.0,1.7695566142836938,0.24339841436500986,-2.329816140589685,-1.004101392145385,3.540695881423035,0.5643377819968957,7.0,1.0,48.0,48.198001861572266,48.04600143432617,-0.04,31.8,27.86,0.402,-0.274,1.307,0,1,0
1778204802.9977942,1333.84,1.7695872783660889,0.24342775344848633,-2.3298216501819056,-1.0040810743915003,3.5407116413116455,0.5643547773361206,0.0,0.0,-0.0,0.0,0.0,0.0,-0.1327514797449112,3.991699695587158,-1.5289148092269897,0.2041168361902237,-0.0403747595846653,-0.1973877102136612,0.14225565090750303,-0.34689443466065056,0.8900757008782623,-1.385325711278262,-1.5063143476559129,1.9508727425726307,0.0,0.0,0.0,0.0,0.0,0.0,1.7695566142836938,0.24339841436500986,-2.329816140589685,-1.004101392145385,3.540695881423035,0.5643377819968957,7.0,1.0,48.0,48.198001861572266,48.04600143432617,-0.04,31.8,27.86,0.402,-0.274,1.307,0,1,0
1778204803.0079715,1333.848,1.7696112394332886,0.24340379238128662,-2.3298097292529505,-1.0041411558734339,3.54074764251709,0.5643787384033203,0.0,0.0,-0.0,0.0,0.0,0.0,-0.0732421949505806,3.968811511993408,-1.5109803676605225,0.1839294582605362,-0.0426178015768528,-0.1906585842370987,0.14225529278108134,-0.346856490504704,0.8900906462318009,-1.385368750394205,-1.5063159535618929,1.9509872772015064,0.0,0.0,0.0,0.0,0.0,0.0,1.7695566142836938,0.24339841436500986,-2.329816140589685,-1.004101392145385,3.540695881423035,0.5643377819968957,7.0,1.0,48.0,48.22800064086914,48.04600143432617,-0.04,31.8,27.86,0.402,-0.274,1.307,0,1,0
1778204803.0164142,1333.856,1.7695993185043335,0.24347567558288574,-2.3298097292529505,-1.0040810743915003,3.5407116413116455,0.5643547773361206,0.0,0.0,-0.0,0.0,0.0,0.0,-0.0915527418255806,3.968811511993408,-1.5289148092269897,0.2086029201745987,-0.0426178015768528,-0.1772003322839737,0.14226917816955026,-0.3469391549117214,0.890060750405941,-1.3852817799299229,-1.5063662586467206,1.9508251615425194,0.0,0.0,0.0,0.0,0.0,0.0,1.7695566142836938,0.24339841436500986,-2.329816140589685,-1.004101392145385,3.540695881423035,0.5643377819968957,7.0,1.0,48.0,48.22800064086914,48.029998779296875,-0.04,31.8,27.86,0.402,-0.274,1.307,0,1,0
1778204803.0190787,1333.864,1.7695993185043335,0.2434396743774414,-2.329761568699972,-1.0040929953204554,3.5407354831695557,0.5644266605377197,0.0,0.0,-0.0,0.0,0.0,0.0,-0.1281738430261612,3.973389148712158,-1.5109803676605225,0.2086029201745987,-0.0358886756002903,-0.1749572902917862,0.14226044980096045,-0.3469346046879811,0.8900862159922873,-1.385344228631464,-1.5063612809326812,1.950881125620788,0.0,0.0,0.0,0.0,0.0,0.0,1.7695566142836938,0.24339841436500986,-2.329816140589685,-1.004101392145385,3.540695881423035,0.5643377819968957,7.0,1.0,48.0,48.22800064086914,48.029998779296875,-0.04,31.8,27.86,0.402,-0.274,1.307,0,1,0
1778204803.0217955,1333.8719999999998,1.769647240638733,0.24337971210479736,-2.3298216501819056,-1.004068676625387,3.5407116413116455,0.5643667578697205,0.0,0.0,-0.0,0.0,0.0,0.0,-0.1693725734949112,3.977966785430908,-1.515463948249817,0.2063598781824112,-0.0358886756002903,-0.2287903130054474,0.14226821952935004,-0.34685206968689547,0.8900928279606988,-1.385331009577718,-1.5063442215177194,1.9509480960046954,0.0,0.0,0.0,0.0,0.0,0.0,1.7695566142836938,0.24339841436500986,-2.329816140589685,-1.004101392145385,3.540695881423035,0.5643377819968957,7.0,1.0,48.0,48.22800064086914,48.029998779296875,-0.04,31.8,27.86,0.402,-0.274,1.307,0,1,0
1778204803.0261059,1333.8719999999998,1.769647240638733,0.24337971210479736,-2.3298216501819056,-1.004068676625387,3.5407116413116455,0.5643667578697205,0.0,0.0,-0.0,0.0,0.0,0.0,-0.1693725734949112,3.977966785430908,-1.515463948249817,0.2063598781824112,-0.0358886756002903,-0.2287903130054474,0.14226821952935004,-0.34685206968689547,0.8900928279606988,-1.385331009577718,-1.5063442215177194,1.9509480960046954,0.0,0.0,0.0,0.0,0.0,0.0,1.7695566142836938,0.24339841436500986,-2.329816140589685,-1.004101392145385,3.540695881423035,0.5643377819968957,7.0,1.0,48.0,48.22800064086914,48.029998779296875,-0.04,31.91,27.74,0.401,-0.275,1.304,0,0,1
1778204803.0389376,1333.8799999999999,1.7696112394332886,0.2434396743774414,-2.3297975699054163,-1.0040572325335901,3.5407590866088867,0.5643787384033203,0.0,0.0,-0.0,0.0,0.0,0.0,-0.0686645582318306,3.982544422149658,-1.5177057981491089,0.2018737941980362,-0.0403747595846653,-0.1906585842370987,0.1422704576674036,-0.34692899710171243,0.8900754712649228,-1.3852795205275366,-1.506415895378173,1.9508733220888312,0.0,0.0,0.0,0.0,0.0,0.0,1.7695566142836938,0.24339841436500986,-2.329816140589685,-1.004101392145385,3.540695881423035,0.5643377819968957,7.0,1.0,48.0,48.22800064086914,48.029998779296875,-0.04,31.91,27.74,0.401,-0.275,1.304,0,1,0
1778204803.0493164,1333.888,1.7696353197097778,0.24345171451568604,-2.329773728047506,-1.0040929953204554,3.5407354831695557,0.5643907189369202,0.0,0.0,-0.0,0.0,0.0,0.0,-0.1281738430261612,4.000854969024658,-1.515463948249817,0.1906585842370987,-0.0358886756002903,-0.2243042290210724,0.1422786652890342,-0.346936495719948,0.890078651570244,-1.3852901644849869,-1.5064110070558099,1.9508812370388988,0.0,0.0,0.0,0.0,0.0,0.0,1.7695566142836938,0.24339841436500986,-2.329816140589685,-1.004101392145385,3.540695881423035,0.5643377819968957,7.0,1.0,48.0,48.22800064086914,48.029998779296875,-0.04,31.91,27.74,0.401,-0.275,1.304,0,1,0
1778204803.0522695,1333.896,1.7695872783660889,0.2434157133102417,-2.329761568699972,-1.0040810743915003,3.5407354831695557,0.5643667578697205,0.0,0.0,-0.0,0.0,0.0,0.0,-0.0915527418255806,3.982544422149658,-1.515463948249817,0.2108459621667862,-0.0336456336081028,-0.1951446682214737,0.14226381228004484,-0.3469380014436758,0.890093743874137,-1.3852968826758933,-1.50636583833175,1.9508494960933855,0.0,0.0,0.0,0.0,0.0,0.0,1.7695566142836938,0.24339841436500986,-2.329816140589685,-1.004101392145385,3.540695881423035,0.5643377819968957,7.0,1.0,48.0,48.22800064086914,48.029998779296875,-0.04,31.91,27.74,0.401,-0.275,1.304,0,1,0
1778204803.0624247,1333.904,1.7696112394332886,0.24342775344848633,-2.3298097292529505,-1.0041049162494105,3.54074764251709,0.5643427968025208,0.0,0.0,-0.0,0.0,0.0,0.0,-0.0549316480755806,3.991699695587158,-1.5177057981491089,0.2041168361902237,-0.0358886756002903,-0.1973877102136612,0.14226801102976427,-0.34689790175878654,0.8900794315068896,-1.3852938345062416,-1.506370920065538,1.9509109987860225,0.0,0.0,0.0,0.0,0.0,0.0,1.7695566142836938,0.24339841436500986,-2.329816140589685,-1.004101392145385,3.540695881423035,0.5643377819968957,7.0,1.0,48.0,48.22800064086914,48.029998779296875,-0.04,31.91,27.74,0.401,-0.275,1.304,0,1,0
1778204803.071857,1333.912,1.7695872783660889,0.2434396743774414,-2.3298097292529505,-1.0041168371783655,3.5407116413116455,0.5643547773361206,0.0,0.0,-0.0,0.0,0.0,0.0,-0.1419067531824112,3.950500965118408,-1.5221893787384033,0.2041168361902237,-0.0358886756002903,-0.1839294582605362,0.14225660349267016,-0.346899514508714,0.8900759945740953,-1.3853334438610319,-1.50630641397394,1.9508835486973035,0.0,0.0,0.0,0.0,0.0,0.0,1.7695566142836938,0.24339841436500986,-2.329816140589685,-1.004101392145385,3.540695881423035,0.5643377819968957,7.0,1.0,48.0,48.22800064086914,48.029998779296875,-0.04,31.91,27.74,0.401,-0.275,1.304,0,1,0
1778204803.07437,1333.9199999999998,1.769647240638733,0.24342775344848633,-2.3298216501819056,-1.004068676625387,3.5407354831695557,0.5643547773361206,0.0,0.0,-0.0,0.0,0.0,0.0,-0.0961303785443306,3.991699695587158,-1.5311566591262817,0.2018737941980362,-0.0471038855612278,-0.1973877102136612,0.1422787201066089,-0.34689285600661807,0.8900749036542708,-1.3852779997675169,-1.5064052613730359,1.9509104678889049,0.0,0.0,0.0,0.0,0.0,0.0,1.7695566142836938,0.24339841436500986,-2.329816140589685,-1.004101392145385,3.540695881423035,0.5643377819968957,7.0,1.0,48.0,48.25899887084961,48.029998779296875,-0.04,31.91,27.74,0.401,-0.275,1.304,0,1,0
1778204803.0855823,1333.9279999999999,1.7696353197097778,0.2434636354446411,-2.3298097292529505,-1.0041049162494105,3.5407354831695557,0.5644146800041199,0.0,0.0,-0.0,0.0,0.0,0.0,-0.1556396633386612,3.968811511993408,-1.5087385177612305,0.2086029201745987,-0.0358886756002903,-0.2086029201745987,0.14226895115426327,-0.3469025738364252,0.890067033956207,-1.3853375121417026,-1.506377002844286,1.9509282558300034,0.0,0.0,0.0,0.0,0.0,0.0,1.7695566142836938,0.24339841436500986,-2.329816140589685,-1.004101392145385,3.540695881423035,0.5643377819968957,7.0,1.0,48.0,48.25899887084961,48.04600143432617,-0.04,31.91,27.74,0.401,-0.275,1.304,0,1,0
1778204803.0945897,1333.936,1.7696112394332886,0.24345171451568604,-2.3297856489764612,-1.0041168371783655,3.540771245956421,0.56440269947052,0.0,0.0,-0.0,0.0,0.0,0.0,-0.1190185695886612,3.991699695587158,-1.5177057981491089,0.2018737941980362,-0.0426178015768528,-0.1861725002527237,0.14226601102677458,-0.3469196116360039,0.8900772435286484,-1.3853215028027526,-1.5063945406129762,1.9509268197753769,0.0,0.0,0.0,0.0,0.0,0.0,1.7695566142836938,0.24339841436500986,-2.329816140589685,-1.004101392145385,3.540695881423035,0.5643377819968957,7.0,1.0,48.01499938964844,48.25899887084961,48.04600143432617,-0.04,31.91,27.74,0.401,-0.275,1.304,0,1,0
1778204803.0979848,1333.944,1.7695753574371338,0.2434157133102417,-2.329749647771017,-1.0040929953204554,3.5407590866088867,0.5643907189369202,0.0,0.0,-0.0,0.0,0.0,0.0,-0.1464843899011612,3.996277332305908,-1.5378820896148682,0.2063598781824112,-0.0381317175924778,-0.2041168361902237,0.14225798220854308,-0.3469415229339985,0.8900972486784,-1.3853168634958621,-1.5063681976488643,1.9508699340652154,0.0,0.0,0.0,0.0,0.0,0.0,1.7695566142836938,0.24339841436500986,-2.329816140589685,-1.004101392145385,3.540695881423035,0.5643377819968957,7.0,1.0,48.01499938964844,48.25899887084961,48.04600143432617,-0.04,31.91,27.74,0.401,-0.275,1.304,0,1,0
1778204803.103595,1333.952,1.7695872783660889,0.2434157133102417,-2.3297856489764612,-1.0041049162494105,3.54074764251709,0.5643787384033203,0.0,0.0,-0.0,0.0,0.0,0.0,-0.0640869215130806,3.973389148712158,-1.5221893787384033,0.2041168361902237,-0.0336456336081028,-0.1951446682214737,0.14225611023303436,-0.34690492737892026,0.8900896926376156,-1.3853343896570376,-1.5063409979705453,1.950907156292527,0.0,0.0,0.0,0.0,0.0,0.0,1.7695566142836938,0.24339841436500986,-2.329816140589685,-1.004101392145385,3.540695881423035,0.5643377819968957,7.0,1.0,48.01499938964844,48.25899887084961,48.04600143432617,-0.04,31.91,27.74,0.401,-0.275,1.304,0,1,0
1778204803.1060162,1333.96,1.7696112394332886,0.2434396743774414,-2.3298216501819056,-1.0041168371783655,3.5407116413116455,0.5643547773361206,0.0,0.0,-0.0,0.0,0.0,0.0,-0.0640869215130806,3.950500965118408,-1.5199475288391113,0.1951446682214737,-0.0381317175924778,-0.2018737941980362,0.14226277866590512,-0.34688547582580426,0.890073297694453,-1.385329282737888,-1.506321817410257,1.9509086432866196,0.0,0.0,0.0,0.0,0.0,0.0,1.7695566142836938,0.24339841436500986,-2.329816140589685,-1.004101392145385,3.540695881423035,0.5643377819968957,7.0,1.0,48.01499938964844,48.25899887084961,48.04600143432617,-0.04,31.91,27.74,0.401,-0.275,1.304,0,1,0
1778204803.11316,1333.9679999999998,1.7695993185043335,0.243391752243042,-2.3297856489764612,-1.0040810743915003,3.5407354831695557,0.5644266605377197,0.0,0.0,-0.0,0.0,0.0,0.0,-0.1510620266199112,3.968811511993408,-1.5333983898162842,0.2063598781824112,-0.0493469275534153,-0.1906585842370987,0.1422499123336529,-0.3468821466646103,0.8900977530657253,-1.385382367294666,-1.5063209365146764,1.9509360822831612,0.0,0.0,0.0,0.0,0.0,0.0,1.7695566142836938,0.24339841436500986,-2.329816140589685,-1.004101392145385,3.540695881423035,0.5643377819968957,7.0,1.0,48.01499938964844,48.25899887084961,48.04600143432617,-0.04,31.91,27.74,0.401,-0.275,1.304,0,1,0
1778204803.1257863,1333.9759999999999,1.7695872783660889,0.2434396743774414,-2.329761568699972,-1.0040929953204554,3.5407116413116455,0.5643787384033203,0.0,0.0,-0.0,0.0,0.0,0.0,-0.0869751051068306,3.959656238555908,-1.5266729593276978,0.1996307522058487,-0.0426178015768528,-0.1951446682214737,0.1422631597718593,-0.3469461906908061,0.8900858176230244,-1.385311812307914,-1.5063450564256318,1.9508321036055891,0.0,0.0,0.0,0.0,0.0,0.0,1.7695566142836938,0.24339841436500986,-2.329816140589685,-1.004101392145385,3.540695881423035,0.5643377819968957,7.0,1.0,48.01499938964844,48.25899887084961,48.04600143432617,-0.04,31.91,27.74,0.401,-0.275,1.304,0,1,0
1778204803.1321812,1333.984,1.7695993185043335,0.24345171451568604,-2.3298216501819056,-1.0040929953204554,3.540783166885376,0.5643787384033203,0.0,0.0,-0.0,0.0,0.0,0.0,-0.1419067531824112,3.977966785430908,-1.513222098350525,0.2063598781824112,-0.0381317175924778,-0.2063598781824112,0.14226208785139766,-0.3469057193869257,0.890067467774863,-1.3853055301306074,-1.5063963476237714,1.9509233657777452,0.0,0.0,0.0,0.0,0.0,0.0,1.7695566142836938,0.24339841436500986,-2.329816140589685,-1.004101392145385,3.540695881423035,0.5643377819968957,7.0,1.0,48.01499938964844,48.25899887084961,48.04600143432617,-0.04,31.91,27.74,0.401,-0.275,1.304,0,1,0
1778204803.134961,1333.992,1.7696112394332886,0.2434157133102417,-2.329749647771017,-1.0041168371783655,3.5407354831695557,0.56440269947052,0.0,0.0,-0.0,0.0,0.0,0.0,-0.0778198316693306,3.982544422149658,-1.5221893787384033,0.2086029201745987,-0.0403747595846653,-0.1929016262292862,0.14226519096574428,-0.3469219060674763,0.8900988073698142,-1.3853369228896864,-1.5063587088590353,1.9509067575827745,0.0,0.0,0.0,0.0,0.0,0.0,1.7695566142836938,0.24339841436500986,-2.329816140589685,-1.004101392145385,3.540695881423035,0.5643377819968957,7.0,1.0,48.01499938964844,48.2130012512207,48.04600143432617,-0.04,31.91,27.74,0.401,-0.275,1.304,0,1,0
1778204803.1430023,1334.0,1.769647240638733,0.24342775344848633,-2.3297975699054163,-1.0040810743915003,3.5407354831695557,0.5643787384033203,0.0,0.0,-0.0,0.0,0.0,0.0,-0.0549316480755806,3.973389148712158,-1.513222098350525,0.2108459621667862,-0.0381317175924778,-0.1816864162683487,0.14227794270465852,-0.34690341013696163,0.8900812933090956,-1.3852949226458877,-1.5064034170492717,1.950914015385364,0.0,0.0,0.0,0.0,0.0,0.0,1.7695566142836938,0.24339841436500986,-2.329816140589685,-1.004101392145385,3.540695881423035,0.5643377819968957,7.0,1.0,48.01499938964844,48.2130012512207,48.01499938964844,-0.04,31.91,27.74,0.401,-0.275,1.304,0,1,0
1778204803.1526372,1334.008,1.7696353197097778,0.243391752243042,-2.3298216501819056,-1.0041049162494105,3.540771245956421,0.5643907189369202,0.0,0.0,-0.0,0.0,0.0,0.0,-0.1190185695886612,3.987122058868408,-1.513222098350525,0.2041168361902237,-0.0403747595846653,-0.2018737941980362,0.142261906712432,-0.3468470565818436,0.890090389042443,-1.3853508971769264,-1.506366528761963,1.951010850799475,0.0,0.0,0.0,0.0,0.0,0.0,1.7695566142836938,0.24339841436500986,-2.329816140589685,-1.004101392145385,3.540695881423035,0.5643377819968957,7.0,1.0,48.01499938964844,48.2130012512207,48.01499938964844,-0.04,31.91,27.74,0.401,-0.275,1.304,0,1,0
1778204803.1657753,1334.0159999999998,1.7696353197097778,0.2434157133102417,-2.3298097292529505,-1.0041049162494105,3.5407116413116455,0.5643907189369202,0.0,0.0,-0.0,0.0,0.0,0.0,-0.0457763709127903,3.991699695587158,-1.515463948249817,0.2086029201745987,-0.0471038855612278,-0.1884155422449112,0.14226456184691058,-0.34687073680720903,0.890084535178808,-1.3853539443324443,-1.5063306832902743,1.9509444473134487,0.0,0.0,0.0,0.0,0.0,0.0,1.7695566142836938,0.24339841436500986,-2.329816140589685,-1.004101392145385,3.540695881423035,0.5643377819968957,7.0,1.0,48.01499938964844,48.2130012512207,48.01499938964844,-0.04,31.91,27.74,0.401,-0.275,1.304,0,1,0
1778204803.1727002,1334.0159999999998,1.7696353197097778,0.2434157133102417,-2.3298097292529505,-1.0041049162494105,3.5407116413116455,0.5643907189369202,0.0,0.0,-0.0,0.0,0.0,0.0,-0.0457763709127903,3.991699695587158,-1.515463948249817,0.2086029201745987,-0.0471038855612278,-0.1884155422449112,0.14226456184691058,-0.34687073680720903,0.890084535178808,-1.3853539443324443,-1.5063306832902743,1.9509444473134487,0.0,0.0,0.0,0.0,0.0,0.0,1.7695566142836938,0.24339841436500986,-2.329816140589685,-1.004101392145385,3.540695881423035,0.5643377819968957,7.0,1.0,48.01499938964844,48.2130012512207,48.01499938964844,0.0,31.91,27.97,0.408,-0.276,1.309,0,0,1
1778204803.1750443,1334.024,1.7695993185043335,0.2434396743774414,-2.3297975699054163,-1.0040810743915003,3.5407354831695557,0.5643667578697205,0.0,0.0,-0.0,0.0,0.0,0.0,-0.1190185695886612,3.982544422149658,-1.5244312286376953,0.2086029201745987,-0.0403747595846653,-0.2153320610523224,0.14226514347570424,-0.3469220877830003,0.8900767767342992,-1.3852987094034446,-1.5063694191724253,1.9508675603989138,0.0,0.0,0.0,0.0,0.0,0.0,1.7695566142836938,0.24339841436500986,-2.329816140589685,-1.004101392145385,3.540695881423035,0.5643377819968957,7.0,1.0,47.97100067138672,48.2130012512207,48.01499938964844,0.0,31.91,27.97,0.408,-0.276,1.309,0,1,0
1778204803.185103,1334.032,1.7696353197097778,0.24340379238128662,-2.3297856489764612,-1.0041287581073206,3.5407116413116455,0.5643667578697205,0.0,0.0,-0.0,0.0,0.0,0.0,-0.0778198316693306,3.991699695587158,-1.5244312286376953,0.2041168361902237,-0.0403747595846653,-0.2018737941980362,0.1422691594756822,-0.3468795719642777,0.8900954434503552,-1.3853370957908935,-1.5063327095121408,1.9509408942712199,0.0,0.0,0.0,0.0,0.0,0.0,1.7695566142836938,0.24339841436500986,-2.329816140589685,-1.004101392145385,3.540695881423035,0.5643377819968957,7.0,1.0,47.97100067138672,48.2130012512207,48.01499938964844,0.0,31.91,27.97,0.408,-0.276,1.309,0,1,0
1778204803.1909044,1334.04,1.7696112394332886,0.2434157133102417,-2.3298216501819056,-1.0040810743915003,3.5407590866088867,0.5643667578697205,0.0,0.0,-0.0,0.0,0.0,0.0,-0.0595092847943306,3.964233875274658,-1.5289148092269897,0.2063598781824112,-0.0493469275534153,-0.2018737941980362,0.14226257904294587,-0.3468829387447092,0.8900800450185735,-1.3853131797596347,-1.5063725362191753,1.9509318352961136,0.0,0.0,0.0,0.0,0.0,0.0,1.7695566142836938,0.24339841436500986,-2.329816140589685,-1.004101392145385,3.540695881423035,0.5643377819968957,7.0,1.0,47.97100067138672,48.2130012512207,48.01499938964844,0.0,31.91,27.97,0.408,-0.276,1.309,0,1,0
1778204803.2054532,1334.048,1.769647240638733,0.24345171451568604,-2.3297975699054163,-1.0040810743915003,3.54074764251709,0.5644386410713196,0.0,0.0,-0.0,0.0,0.0,0.0,-0.0778198316693306,3.991699695587158,-1.5401238203048706,0.2063598781824112,-0.0336456336081028,-0.2130890041589737,0.14227202615910534,-0.3469075348342154,0.8900730477818883,-1.3853352718688923,-1.5064072953753993,1.950934490056763,0.0,0.0,0.0,0.0,0.0,0.0,1.7695566142836938,0.24339841436500986,-2.329816140589685,-1.004101392145385,3.540695881423035,0.5643377819968957,7.0,1.0,47.97100067138672,48.2130012512207,48.01499938964844,0.0,31.91,27.97,0.408,-0.276,1.309,0,1,0
1778204803.2296424,1334.056,1.7695993185043335,0.24336779117584229,-2.329773728047506,-1.0040810743915003,3.5407590866088867,0.5644146800041199,0.0,0.0,-0.0,0.0,0.0,0.0,-0.0732421949505806,3.991699695587158,-1.5244312286376953,0.2063598781824112,-0.0471038855612278,-0.1951446682214737,0.1422516960256951,-0.3468797489503324,0.8901090389435327,-1.3853675746232035,-1.5063415245576632,1.9509533287465501,0.0,0.0,0.0,0.0,0.0,0.0,1.7695566142836938,0.24339841436500986,-2.329816140589685,-1.004101392145385,3.540695881423035,0.5643377819968957,7.0,1.0,47.97100067138672,48.2130012512207,48.01499938964844,0.0,31.91,27.97,0.408,-0.276,1.309,0,1,0
1778204803.241361,1334.0639999999999,1.7696353197097778,0.24342775344848633,-2.3297975699054163,-1.0041049162494105,3.5407235622406006,0.5643907189369202,0.0,0.0,-0.0,0.0,0.0,0.0,-0.0778198316693306,3.987122058868408,-1.513222098350525,0.2041168361902237,-0.0336456336081028,-0.2041168361902237,0.14226917241578457,-0.34689154501065733,0.8900827985307709,-1.3853333784464066,-1.5063589261348376,1.9509290574088252,0.0,0.0,0.0,0.0,0.0,0.0,1.7695566142836938,0.24339841436500986,-2.329816140589685,-1.004101392145385,3.540695881423035,0.5643377819968957,7.0,1.0,47.97100067138672,48.22800064086914,48.01499938964844,0.0,31.91,27.97,0.408,-0.276,1.309,0,1,0
1778204803.248655,1334.072,1.7695872783660889,0.24345171451568604,-2.3297258059131067,-1.0041049162494105,3.540771245956421,0.5644146800041199,0.0,0.0,-0.0,0.0,0.0,0.0,-0.0595092847943306,3.973389148712158,-1.5109803676605225,0.2018737941980362,-0.0381317175924778,-0.1794433742761612,0.1422673863944554,-0.34697824941923566,0.8900902427497325,-1.3852996540933917,-1.5064145166002698,1.9508542486329725,0.0,0.0,0.0,0.0,0.0,0.0,1.7695566142836938,0.24339841436500986,-2.329816140589685,-1.004101392145385,3.540695881423035,0.5643377819968957,7.0,1.0,47.97100067138672,48.22800064086914,48.04600143432617,0.0,31.91,27.97,0.408,-0.276,1.309,0,1,0
1778204803.257579,1334.08,1.7696112394332886,0.2434636354446411,-2.3298335711108606,-1.0041049162494105,3.5407116413116455,0.5643787384033203,0.0,0.0,-0.0,0.0,0.0,0.0,-0.0869751051068306,3.987122058868408,-1.5087385177612305,0.2041168361902237,-0.0358886756002903,-0.2198181450366974,0.1422611804076993,-0.3468916592357356,0.8900613691481937,-1.385338369860105,-1.5063280645743822,1.9509009495491036,0.0,0.0,0.0,0.0,0.0,0.0,1.7695566142836938,0.24339841436500986,-2.329816140589685,-1.004101392145385,3.540695881423035,0.5643377819968957,7.0,1.0,47.97100067138672,48.22800064086914,48.04600143432617,0.0,31.91,27.97,0.408,-0.276,1.309,0,1,0
1778204803.2603762,1334.088,1.7696353197097778,0.24340379238128662,-2.329773728047506,-1.0040929953204554,3.540771245956421,0.5643907189369202,0.0,0.0,-0.0,0.0,0.0,0.0,-0.0778198316693306,3.977966785430908,-1.5087385177612305,0.2041168361902237,-0.0403747595846653,-0.1906585842370987,0.1422733037646812,-0.34690360284987487,0.8900961361431441,-1.3853050744427733,-1.5064148578143235,1.950945248217423,0.0,0.0,0.0,0.0,0.0,0.0,1.7695566142836938,0.24339841436500986,-2.329816140589685,-1.004101392145385,3.540695881423035,0.5643377819968957,7.0,1.0,47.97100067138672,48.22800064086914,48.04600143432617,0.0,31.91,27.97,0.408,-0.276,1.309,0,1,0
1778204803.2674477,1334.096,1.769647240638733,0.2434636354446411,-2.329761568699972,-1.0041049162494105,3.5406997203826904,0.5643907189369202,0.0,0.0,-0.0,0.0,0.0,0.0,-0.1419067531824112,4.005432605743408,-1.515463948249817,0.2063598781824112,-0.0538330152630806,-0.2175751030445099,0.1422839292250078,-0.3469468189277332,0.8900778368651971,-1.3852921397080815,-1.5063948994831322,1.9508570137971162,0.0,0.0,0.0,0.0,0.0,0.0,1.7695566142836938,0.24339841436500986,-2.329816140589685,-1.004101392145385,3.540695881423035,0.5643377819968957,7.0,1.0,47.97100067138672,48.22800064086914,48.04600143432617,0.0,31.91,27.97,0.408,-0.276,1.309,0,1,0
1778204803.2695453,1334.104,1.7696353197097778,0.24345171451568604,-2.3297975699054163,-1.0041049162494105,3.5406997203826904,0.5643787384033203,0.0,0.0,-0.0,0.0,0.0,0.0,-0.0549316480755806,3.973389148712158,-1.5558165311813354,0.1996307522058487,-0.0314025916159153,-0.1614990383386612,0.1422735750129955,-0.34691045946774374,0.8900739571499274,-1.3853163416636418,-1.5063558885047195,1.9508865826325867,0.0,0.0,0.0,0.0,0.0,0.0,1.7695566142836938,0.24339841436500986,-2.329816140589685,-1.004101392145385,3.540695881423035,0.5643377819968957,7.0,1.0,48.0,48.22800064086914,48.04600143432617,0.0,31.91,27.97,0.408,-0.276,1.309,0,1,0
1778204803.2718298,1334.1119999999999,1.7696353197097778,0.2434157133102417,-2.329761568699972,-1.0041168371783655,3.5407235622406006,0.5643907189369202,0.0,0.0,-0.0,0.0,0.0,0.0,-0.0732421949505806,3.977966785430908,-1.5333983898162842,0.2063598781824112,-0.0381317175924778,-0.2287903130054474,0.14227282070951455,-0.346909833233116,0.890096038405832,-1.3853257069424232,-1.5063671237351908,1.9509180933101764,0.0,0.0,0.0,0.0,0.0,0.0,1.7695566142836938,0.24339841436500986,-2.329816140589685,-1.004101392145385,3.540695881423035,0.5643377819968957,7.0,1.0,48.0,48.22800064086914,48.04600143432617,0.0,31.91,27.97,0.408,-0.276,1.309,0,1,0
1778204803.2834873,1334.12,1.7696112394332886,0.24345171451568604,-2.3297856489764612,-1.0041049162494105,3.5407590866088867,0.5643667578697205,0.0,0.0,-0.0,0.0,0.0,0.0,-0.0686645582318306,3.991699695587158,-1.5356402397155762,0.1996307522058487,-0.0358886756002903,-0.1973877102136612,0.14227246630965415,-0.3469323007592301,0.890076256482448,-1.3852826433712802,-1.5064049388933496,1.9508877738868655,0.0,0.0,0.0,0.0,0.0,0.0,1.7695566142836938,0.24339841436500986,-2.329816140589685,-1.004101392145385,3.540695881423035,0.5643377819968957,7.0,1.0,48.0,48.22800064086914,48.04600143432617,0.0,31.91,27.97,0.408,-0.276,1.309,0,1,0
1778204803.2858183,1334.128,1.7695993185043335,0.24337971210479736,-2.3297975699054163,-1.004068676625387,3.540783166885376,0.5643787384033203,0.0,0.0,-0.0,0.0,0.0,0.0,-0.0640869215130806,3.973389148712158,-1.5311566591262817,0.2018737941980362,-0.0403747595846653,-0.1929016262292862,0.1422575905330555,-0.346883227519116,0.8900980775835403,-1.3853203188365284,-1.5063806094833472,1.950945121318531,0.0,0.0,0.0,0.0,0.0,0.0,1.7695566142836938,0.24339841436500986,-2.329816140589685,-1.004101392145385,3.540695881423035,0.5643377819968957,7.0,1.0,48.0,48.22800064086914,48.04600143432617,0.0,31.91,27.97,0.408,-0.276,1.309,0,1,0
1778204803.2921567,1334.136,1.7695993185043335,0.2434396743774414,-2.3297856489764612,-1.0041168371783655,3.540771245956421,0.5643787384033203,0.0,0.0,-0.0,0.0,0.0,0.0,-0.0549316480755806,3.973389148712158,-1.5199475288391113,0.2041168361902237,-0.0448608435690403,-0.1839294582605362,0.14226412468900243,-0.3469182188359357,0.890081423967832,-1.3853106631724288,-1.506384575970288,1.9509165448823285,0.0,0.0,0.0,0.0,0.0,0.0,1.7695566142836938,0.24339841436500986,-2.329816140589685,-1.004101392145385,3.540695881423035,0.5643377819968957,7.0,1.0,48.0,48.24300003051758,48.04600143432617,0.0,31.91,27.97,0.408,-0.276,1.309,0,1,0
1778204803.2950945,1334.144,1.7696353197097778,0.24340379238128662,-2.3298097292529505,-1.0040929953204554,3.5407590866088867,0.5643427968025208,0.0,0.0,-0.0,0.0,0.0,0.0,-0.0823974683880806,3.973389148712158,-1.515463948249817,0.2063598781824112,-0.0426178015768528,-0.1973877102136612,0.1422743431332985,-0.34688232420676157,0.8900875402688573,-1.385284628904801,-1.5063979045937985,1.9509428019787745,0.0,0.0,0.0,0.0,0.0,0.0,1.7695566142836938,0.24339841436500986,-2.329816140589685,-1.004101392145385,3.540695881423035,0.5643377819968957,7.0,1.0,48.0,48.24300003051758,48.04600143432617,0.0,31.91,27.97,0.408,-0.276,1.309,0,1,0
1778204803.3016057,1334.152,1.7695993185043335,0.2434396743774414,-2.3297856489764612,-1.0040810743915003,3.5407354831695557,0.56440269947052,0.0,0.0,-0.0,0.0,0.0,0.0,-0.1098632961511612,3.982544422149658,-1.5266729593276978,0.2063598781824112,-0.0336456336081028,-0.1839294582605362,0.14226118793159614,-0.3469238575466108,0.8900798535274401,-1.385327611136126,-1.5063628067171044,1.950878012717461,0.0,0.0,0.0,0.0,0.0,0.0,1.7695566142836938,0.24339841436500986,-2.329816140589685,-1.004101392145385,3.540695881423035,0.5643377819968957,7.0,1.0,48.0,48.24300003051758,48.04600143432617,0.0,31.91,27.97,0.408,-0.276,1.309,0,1,0
1778204803.3108723,1334.1599999999999,1.7696112394332886,0.243391752243042,-2.329761568699972,-1.0040810743915003,3.5407235622406006,0.5643787384033203,0.0,0.0,-0.0,0.0,0.0,0.0,-0.1098632961511612,3.964233875274658,-1.5244312286376953,0.2063598781824112,-0.0381317175924778,-0.2265472710132599,0.14226586922406992,-0.34691276668255,0.8901027487016606,-1.3853176711690427,-1.5063563504498907,1.9508860297220767,0.0,0.0,0.0,0.0,0.0,0.0,1.7695566142836938,0.24339841436500986,-2.329816140589685,-1.004101392145385,3.540695881423035,0.5643377819968957,7.0,1.0,48.0,48.24300003051758,48.04600143432617,0.0,31.91,27.97,0.408,-0.276,1.309,0,1,0
1778204803.3155499,1334.168,1.7696353197097778,0.2434636354446411,-2.329773728047506,-1.0041049162494105,3.5407235622406006,0.56440269947052,0.0,0.0,-0.0,0.0,0.0,0.0,-0.1007080152630806,3.987122058868408,-1.5177057981491089,0.2108459621667862,-0.0381317175924778,-0.2108459621667862,0.14227681833943134,-0.34693665958574604,0.8900751048960911,-1.385307567442506,-1.5063941443819475,1.9508815818346816,0.0,0.0,0.0,0.0,0.0,0.0,1.7695566142836938,0.24339841436500986,-2.329816140589685,-1.004101392145385,3.540695881423035,0.5643377819968957,7.0,1.0,48.0,48.24300003051758,48.04600143432617,0.0,31.91,27.97,0.408,-0.276,1.309,0,1,0
1778204803.3302026,1334.176,1.7696353197097778,0.24340379238128662,-2.3298097292529505,-1.004068676625387,3.5407354831695557,0.56440269947052,0.0,0.0,-0.0,0.0,0.0,0.0,-0.0778198316693306,3.982544422149658,-1.5244312286376953,0.2063598781824112,-0.0493469275534153,-0.2063598781824112,0.14226499078860935,-0.3468754667861983,0.89008693014564,-1.3853401318313956,-1.5063660570386068,1.9509428807966642,0.0,0.0,0.0,0.0,0.0,0.0,1.7695566142836938,0.24339841436500986,-2.329816140589685,-1.004101392145385,3.540695881423035,0.5643377819968957,7.0,1.0,48.0,48.24300003051758,48.04600143432617,0.0,31.91,27.97,0.408,-0.276,1.309,0,1,0
1778204803.3468442,1334.176,1.7696353197097778,0.24340379238128662,-2.3298097292529505,-1.004068676625387,3.5407354831695557,0.56440269947052,0.0,0.0,-0.0,0.0,0.0,0.0,-0.0778198316693306,3.982544422149658,-1.5244312286376953,0.2063598781824112,-0.0493469275534153,-0.2063598781824112,0.14226499078860935,-0.3468754667861983,0.89008693014564,-1.3853401318313956,-1.5063660570386068,1.9509428807966642,0.0,0.0,0.0,0.0,0.0,0.0,1.7695566142836938,0.24339841436500986,-2.329816140589685,-1.004101392145385,3.540695881423035,0.5643377819968957,7.0,1.0,48.0,48.24300003051758,48.04600143432617,-0.09,32.01,28.06,0.407,-0.271,1.309,0,0,1
1778204803.3537557,1334.184,1.7695753574371338,0.24340379238128662,-2.3297856489764612,-1.0040810743915003,3.5407235622406006,0.5643787384033203,0.0,0.0,-0.0,0.0,0.0,0.0,-0.0640869215130806,3.977966785430908,-1.5311566591262817,0.1996307522058487,-0.0493469275534153,-0.1973877102136612,0.14225091780478197,-0.34690539429174777,0.8900928676213553,-1.3853429877167394,-1.5063131078768222,1.9508756885266914,0.0,0.0,0.0,0.0,0.0,0.0,1.7695566142836938,0.24339841436500986,-2.329816140589685,-1.004101392145385,3.540695881423035,0.5643377819968957,7.0,1.0,48.0,48.24300003051758,48.04600143432617,-0.09,32.01,28.06,0.407,-0.271,1.309,0,1,0
1778204803.3629332,1334.192,1.7696353197097778,0.2434396743774414,-2.3298097292529505,-1.004068676625387,3.5407354831695557,0.5643787384033203,0.0,0.0,-0.0,0.0,0.0,0.0,-0.0503540076315403,3.964233875274658,-1.502013087272644,0.2041168361902237,-0.0314025916159153,-0.2198181450366974,0.14227445501371067,-0.3469081814810704,0.8900734642104149,-1.3852930179726668,-1.5063998588301082,1.950895828589707,0.0,0.0,0.0,0.0,0.0,0.0,1.7695566142836938,0.24339841436500986,-2.329816140589685,-1.004101392145385,3.540695881423035,0.5643377819968957,7.0,1.0,47.986000061035156,48.24300003051758,48.04600143432617,-0.09,32.01,28.06,0.407,-0.271,1.309,0,1,0
1778204803.3709242,1334.2,1.7696353197097778,0.24345171451568604,-2.3298216501819056,-1.0040810743915003,3.5407590866088867,0.5643787384033203,0.0,0.0,-0.0,0.0,0.0,0.0,-0.0823974683880806,3.991699695587158,-1.5401238203048706,0.2018737941980362,-0.0314025916159153,-0.1929016262292862,0.14227432147834734,-0.3469034564313675,0.8900669151803751,-1.3852906725746092,-1.5064153266834386,1.9509202907436194,0.0,0.0,0.0,0.0,0.0,0.0,1.7695566142836938,0.24339841436500986,-2.329816140589685,-1.004101392145385,3.540695881423035,0.5643377819968957,7.0,1.0,47.986000061035156,48.24300003051758,48.04600143432617,-0.09,32.01,28.06,0.407,-0.271,1.309,0,1,0
1778204803.373933,1334.2079999999999,1.7695993185043335,0.24345171451568604,-2.3297975699054163,-1.0040929953204554,3.5406997203826904,0.56440269947052,0.0,0.0,-0.0,0.0,0.0,0.0,-0.0732421949505806,3.991699695587158,-1.5221893787384033,0.2086029201745987,-0.0426178015768528,-0.2041168361902237,0.1422580172707745,-0.34691449306512856,0.8900735483729596,-1.3853507111232664,-1.506318902886081,1.9508685746483465,0.0,0.0,0.0,0.0,0.0,0.0,1.7695566142836938,0.24339841436500986,-2.329816140589685,-1.004101392145385,3.540695881423035,0.5643377819968957,7.0,1.0,47.986000061035156,48.198001861572266,48.04600143432617,-0.09,32.01,28.06,0.407,-0.271,1.309,0,1,0
1778204803.3771644,1334.216,1.7696353197097778,0.24342775344848633,-2.329773728047506,-1.0040329138385218,3.5407235622406006,0.564318835735321,0.0,0.0,-0.0,0.0,0.0,0.0,-0.0732421949505806,3.991699695587158,-1.5199475288391113,0.2086029201745987,-0.0314025916159153,-0.2153320610523224,0.14229162962431532,-0.34695963028883425,0.8900834290999085,-1.3851990737093882,-1.5064524807585624,1.9507990345674016,0.0,0.0,0.0,0.0,0.0,0.0,1.7695566142836938,0.24339841436500986,-2.329816140589685,-1.004101392145385,3.540695881423035,0.5643377819968957,7.0,1.0,47.986000061035156,48.198001861572266,48.06100082397461,-0.09,32.01,28.06,0.407,-0.271,1.309,0,1,0
1778204803.3890269,1334.224,1.7696353197097778,0.24345171451568604,-2.3297975699054163,-1.0041049162494105,3.540771245956421,0.56440269947052,0.0,0.0,-0.0,0.0,0.0,0.0,-0.1190185695886612,3.982544422149658,-1.5199475288391113,0.2153320610523224,-0.02243042178452015,-0.2646789848804474,0.1422732207994714,-0.3469103744874288,0.8900738847882912,-1.3853096490699857,-1.5064180444495745,1.9509411212684524,0.0,0.0,0.0,0.0,0.0,0.0,1.7695566142836938,0.24339841436500986,-2.329816140589685,-1.004101392145385,3.540695881423035,0.5643377819968957,7.0,1.0,47.986000061035156,48.198001861572266,48.06100082397461,-0.09,32.01,28.06,0.407,-0.271,1.309,0,1,0
1778204803.392267,1334.232,1.7695872783660889,0.24340379238128662,-2.3298097292529505,-1.0040572325335901,3.5406997203826904,0.5644146800041199,0.0,0.0,-0.0,0.0,0.0,0.0,-0.1327514797449112,3.996277332305908,-1.504254937171936,0.2018737941980362,-0.0493469275534153,-0.2086029201745987,0.14224539526501034,-0.34688106247250183,0.8900865839685292,-1.385384061243031,-1.5062858989544412,1.9508908926677393,0.0,0.0,0.0,0.0,0.0,0.0,1.7695566142836938,0.24339841436500986,-2.329816140589685,-1.004101392145385,3.540695881423035,0.5643377819968957,7.0,1.0,47.986000061035156,48.198001861572266,48.06100082397461,-0.09,32.01,28.06,0.407,-0.271,1.309,0,1,0
1778204803.3975172,1334.24,1.7696353197097778,0.24345171451568604,-2.329761568699972,-1.004068676625387,3.540675640106201,0.5643787384033203,0.0,0.0,-0.0,0.0,0.0,0.0,-0.1144409328699112,3.964233875274658,-1.513222098350525,0.2086029201745987,-0.0358886756002903,-0.1973877102136612,0.14228179984762784,-0.3469552511244724,0.8900801961965763,-1.3852806310439325,-1.5063801905889995,1.9508071404337317,0.0,0.0,0.0,0.0,0.0,0.0,1.7695566142836938,0.24339841436500986,-2.329816140589685,-1.004101392145385,3.540695881423035,0.5643377819968957,7.0,1.0,47.986000061035156,48.198001861572266,48.06100082397461,-0.09,32.01,28.06,0.407,-0.271,1.309,0,1,0
1778204803.4005735,1334.248,1.7695993185043335,0.2434396743774414,-2.329773728047506,-1.0041168371783655,3.54074764251709,0.5643907189369202,0.0,0.0,-0.0,0.0,0.0,0.0,-0.0961303785443306,3.973389148712158,-1.5289148092269897,0.2041168361902237,-0.0314025916159153,-0.2086029201745987,0.14226300711788845,-0.3469239743831072,0.8900843546552637,-1.3853254703993405,-1.5063639924081433,1.9508994724191586,0.0,0.0,0.0,0.0,0.0,0.0,1.7695566142836938,0.24339841436500986,-2.329816140589685,-1.004101392145385,3.540695881423035,0.5643377819968957,7.0,1.0,47.986000061035156,48.198001861572266,48.06100082397461,-0.09,32.01,28.06,0.407,-0.271,1.309,0,1,0
1778204803.4122424,1334.2559999999999,1.7695872783660889,0.24340379238128662,-2.329773728047506,-1.0040810743915003,3.5407590866088867,0.5643547773361206,0.0,0.0,-0.0,0.0,0.0,0.0,-0.0915527418255806,3.996277332305908,-1.515463948249817,0.2018737941980362,-0.0358886756002903,-0.2422485649585724,0.14226309283125618,-0.34692312675705805,0.8900951490941863,-1.3852897954875196,-1.5063782741333347,1.9508776941777302,0.0,0.0,0.0,0.0,0.0,0.0,1.7695566142836938,0.24339841436500986,-2.329816140589685,-1.004101392145385,3.540695881423035,0.5643377819968957,7.0,1.0,47.986000061035156,48.198001861572266,48.06100082397461,-0.09,32.01,28.06,0.407,-0.271,1.309,0,1,0
1778204803.4216897,1334.264,1.7696353197097778,0.2434636354446411,-2.3297856489764612,-1.0040810743915003,3.540771245956421,0.5643907189369202,0.0,0.0,-0.0,0.0,0.0,0.0,-0.1327514797449112,3.964233875274658,-1.5221893787384033,0.2086029201745987,-0.0358886756002903,-0.1906585842370987,0.14228116981784605,-0.3469425014847037,0.8900707397882532,-1.3852670491797276,-1.5064549067190147,1.9508905000077703,0.0,0.0,0.0,0.0,0.0,0.0,1.7695566142836938,0.24339841436500986,-2.329816140589685,-1.004101392145385,3.540695881423035,0.5643377819968957,7.0,1.0,47.986000061035156,48.198001861572266,48.06100082397461,-0.09,32.01,28.06,0.407,-0.271,1.309,0,1,0
1778204803.4243913,1334.272,1.7696112394332886,0.2434636354446411,-2.3298097292529505,-1.0040810743915003,3.54074764251709,0.5643907189369202,0.0,0.0,-0.0,0.0,0.0,0.0,-0.0595092847943306,3.973389148712158,-1.5356402397155762,0.2086029201745987,-0.0448608435690403,-0.2265472710132599,0.14226727530764907,-0.34692253368178233,0.8900654007935893,-1.385304456772735,-1.5063914064955863,1.9508848752922936,0.0,0.0,0.0,0.0,0.0,0.0,1.7695566142836938,0.24339841436500986,-2.329816140589685,-1.004101392145385,3.540695881423035,0.5643377819968957,7.0,1.0,48.0,48.198001861572266,48.06100082397461,-0.09,32.01,28.06,0.407,-0.271,1.309,0,1,0
1778204803.438067,1334.28,1.7696592807769775,0.2434396743774414,-2.3298097292529505,-1.0040929953204554,3.5407354831695557,0.5643907189369202,0.0,0.0,-0.0,0.0,0.0,0.0,-0.0869751051068306,3.991699695587158,-1.5087385177612305,0.2063598781824112,-0.0448608435690403,-0.1906585842370987,0.14227871028738598,-0.34689198880285244,0.8900749418160114,-1.3853089961191103,-1.5064021258886346,1.950939317840571,0.0,0.0,0.0,0.0,0.0,0.0,1.7695566142836938,0.24339841436500986,-2.329816140589685,-1.004101392145385,3.540695881423035,0.5643377819968957,7.0,1.0,48.0,48.2130012512207,48.06100082397461,-0.09,32.01,28.06,0.407,-0.271,1.309,0,1,0
1778204803.4498017,1334.288,1.7695993185043335,0.2434396743774414,-2.3297856489764612,-1.0040929953204554,3.54074764251709,0.5643667578697205,0.0,0.0,-0.0,0.0,0.0,0.0,-0.1327514797449112,3.977966785430908,-1.515463948249817,0.1973877102136612,-0.0358886756002903,-0.1973877102136612,0.14226691768749392,-0.34692888868962085,0.8900800801628326,-1.3852934693919812,-1.5063816906856269,1.950874402502517,0.0,0.0,0.0,0.0,0.0,0.0,1.7695566142836938,0.24339841436500986,-2.329816140589685,-1.004101392145385,3.540695881423035,0.5643377819968957,7.0,1.0,48.0,48.2130012512207,48.029998779296875,-0.09,32.01,28.06,0.407,-0.271,1.309,0,1,0
1778204803.455942,1334.296,1.7696353197097778,0.2434636354446411,-2.3298097292529505,-1.004068676625387,3.5407354831695557,0.5643787384033203,0.0,0.0,-0.0,0.0,0.0,0.0,-0.1098632961511612,3.936768054962158,-1.5199475288391113,0.2086029201745987,-0.0448608435690403,-0.1929016262292862,0.14227806259771597,-0.346926082898965,0.8900646405428032,-1.3852778060518656,-1.5064159123486323,1.9508739030492221,0.0,0.0,0.0,0.0,0.0,0.0,1.7695566142836938,0.24339841436500986,-2.329816140589685,-1.004101392145385,3.540695881423035,0.5643377819968957,7.0,1.0,48.0,48.2130012512207,48.029998779296875,-0.09,32.01,28.06,0.407,-0.271,1.309,0,1,0
1778204803.4752069,1334.3039999999999,1.7696112394332886,0.2434396743774414,-2.3297856489764612,-1.0041049162494105,3.5406997203826904,0.5643787384033203,0.0,0.0,-0.0,0.0,0.0,0.0,-0.1281738430261612,3.991699695587158,-1.504254937171936,0.2108459621667862,-0.0426178015768528,-0.2063598781824112,0.1422655455870305,-0.34691552000940856,0.8900810874440805,-1.3853282053749623,-1.5063323013955447,1.9508724344904613,0.0,0.0,0.0,0.0,0.0,0.0,1.7695566142836938,0.24339841436500986,-2.329816140589685,-1.004101392145385,3.540695881423035,0.5643377819968957,7.0,1.0,48.0,48.2130012512207,48.029998779296875,-0.09,32.01,28.06,0.407,-0.271,1.309,0,1,0
1778204803.4978108,1334.312,1.7696353197097778,0.24342775344848633,-2.329773728047506,-1.0040810743915003,3.540771245956421,0.5644146800041199,0.0,0.0,-0.0,0.0,0.0,0.0,-0.1190185695886612,3.977966785430908,-1.5221893787384033,0.2041168361902237,-0.0426178015768528,-0.1816864162683487,0.14227384253698458,-0.3469204169927553,0.8900869036967892,-1.3853065644295366,-1.5064291348288787,1.9509266768362563,0.0,0.0,0.0,0.0,0.0,0.0,1.7695566142836938,0.24339841436500986,-2.329816140589685,-1.004101392145385,3.540695881423035,0.5643377819968957,7.0,1.0,48.0,48.2130012512207,48.029998779296875,-0.09,32.01,28.06,0.407,-0.271,1.309,0,1,0
1778204803.5053496,1334.32,1.7696112394332886,0.2434157133102417,-2.3297856489764612,-1.004068676625387,3.54074764251709,0.5643787384033203,0.0,0.0,-0.0,0.0,0.0,0.0,-0.1327514797449112,3.973389148712158,-1.5221893787384033,0.2041168361902237,-0.0426178015768528,-0.1996307522058487,0.14226744089016666,-0.34691616778976153,0.8900876795116963,-1.3852994251394368,-1.5063887000762133,1.9508883498998313,0.0,0.0,0.0,0.0,0.0,0.0,1.7695566142836938,0.24339841436500986,-2.329816140589685,-1.004101392145385,3.540695881423035,0.5643377819968957,7.0,1.0,48.0,48.2130012512207,48.029998779296875,-0.09,32.01,28.06,0.407,-0.271,1.309,0,1,0
1778204803.5386858,1334.328,1.7696112394332886,0.24345171451568604,-2.3297975699054163,-1.0040448347674769,3.54074764251709,0.5644146800041199,0.0,0.0,-0.0,0.0,0.0,0.0,-0.0915527418255806,4.000854969024658,-1.5199475288391113,0.2041168361902237,-0.0471038855612278,-0.1884155422449112,0.14226661711917268,-0.34693321237049546,0.8900707810419839,-1.3853054035660726,-1.5064061168692109,1.9508658833942296,0.0,0.0,0.0,0.0,0.0,0.0,1.7695566142836938,0.24339841436500986,-2.329816140589685,-1.004101392145385,3.540695881423035,0.5643377819968957,7.0,1.0,48.0,48.2130012512207,48.029998779296875,-0.09,32.01,28.06,0.407,-0.271,1.309,0,1,0
1778204803.5535018,1334.336,1.7695872783660889,0.2434157133102417,-2.3298097292529505,-1.0041049162494105,3.5407116413116455,0.5643907189369202,0.0,0.0,-0.0,0.0,0.0,0.0,-0.1281738430261612,3.977966785430908,-1.5087385177612305,0.2063598781824112,-0.0403747595846653,-0.2018737941980362,0.14224789754646788,-0.3468775709876347,0.890084535178808,-1.3853775217011768,-1.506283700312521,1.9509159389692992,0.0,0.0,0.0,0.0,0.0,0.0,1.7695566142836938,0.24339841436500986,-2.329816140589685,-1.004101392145385,3.540695881423035,0.5643377819968957,7.0,1.0,48.0,48.2130012512207,48.029998779296875,-0.09,32.01,28.06,0.407,-0.271,1.309,0,1,0
1778204803.5603857,1334.336,1.7695872783660889,0.2434157133102417,-2.3298097292529505,-1.0041049162494105,3.5407116413116455,0.5643907189369202,0.0,0.0,-0.0,0.0,0.0,0.0,-0.1281738430261612,3.977966785430908,-1.5087385177612305,0.2063598781824112,-0.0403747595846653,-0.2018737941980362,0.14224789754646788,-0.3468775709876347,0.890084535178808,-1.3853775217011768,-1.506283700312521,1.9509159389692992,0.0,0.0,0.0,0.0,0.0,0.0,1.7695566142836938,0.24339841436500986,-2.329816140589685,-1.004101392145385,3.540695881423035,0.5643377819968957,7.0,1.0,48.0,48.2130012512207,48.029998779296875,-0.12,32.04,28.08,0.407,-0.269,1.309,0,0,1
1778204803.5691078,1334.344,1.7695753574371338,0.2434636354446411,-2.3297975699054163,-1.004068676625387,3.5407235622406006,0.5643427968025208,0.0,0.0,-0.0,0.0,0.0,0.0,-0.0503540076315403,3.977966785430908,-1.5221893787384033,0.2041168361902237,-0.0426178015768528,-0.2467346489429474,0.14226491317995513,-0.34695334646155984,0.8900670642727861,-1.3852681581949944,-1.5063681179426498,1.9507991789288026,0.0,0.0,0.0,0.0,0.0,0.0,1.7695566142836938,0.24339841436500986,-2.329816140589685,-1.004101392145385,3.540695881423035,0.5643377819968957,7.0,1.0,48.0,48.2130012512207,48.029998779296875,-0.12,32.04,28.08,0.407,-0.269,1.309,0,1,0
1778204803.5740924,1334.3519999999999,1.769647240638733,0.24342775344848633,-2.3297975699054163,-1.0041049162494105,3.54074764251709,0.5643787384033203,0.0,0.0,-0.0,0.0,0.0,0.0,-0.0961303785443306,3.955078601837158,-1.515463948249817,0.2063598781824112,-0.0381317175924778,-0.2063598781824112,0.14227658684477484,-0.3468947622796427,0.8900825623030302,-1.38530491444555,-1.5063996764567016,1.95094259681152,0.0,0.0,0.0,0.0,0.0,0.0,1.7695566142836938,0.24339841436500986,-2.329816140589685,-1.004101392145385,3.540695881423035,0.5643377819968957,7.0,1.0,48.0,48.24300003051758,48.029998779296875,-0.12,32.04,28.08,0.407,-0.269,1.309,0,1,0
1778204803.5771985,1334.36,1.7695753574371338,0.24345171451568604,-2.3297856489764612,-1.0040929953204554,3.5407354831695557,0.5643787384033203,0.0,0.0,-0.0,0.0,0.0,0.0,-0.1281738430261612,3.973389148712158,-1.5333983898162842,0.2041168361902237,-0.0358886756002903,-0.1816864162683487,0.14225775611503447,-0.3469373497644228,0.8900758284572071,-1.3853150276443182,-1.5063492189830012,1.9508494212953664,0.0,0.0,0.0,0.0,0.0,0.0,1.7695566142836938,0.24339841436500986,-2.329816140589685,-1.004101392145385,3.540695881423035,0.5643377819968957,7.0,1.0,47.986000061035156,48.24300003051758,48.06100082397461,-0.12,32.04,28.08,0.407,-0.269,1.309,0,1,0
1778204803.5826936,1334.368,1.7695872783660889,0.2434636354446411,-2.3298335711108606,-1.0040572325335901,3.5407354831695557,0.5643907189369202,0.0,0.0,-0.0,0.0,0.0,0.0,-0.0869751051068306,3.964233875274658,-1.5199475288391113,0.1996307522058487,-0.0358886756002903,-0.2377624809741974,0.14225604476484777,-0.3469133302625683,0.8900587384963383,-1.385321422824353,-1.5063556563237288,1.9508638269861787,0.0,0.0,0.0,0.0,0.0,0.0,1.7695566142836938,0.24339841436500986,-2.329816140589685,-1.004101392145385,3.540695881423035,0.5643377819968957,7.0,1.0,47.986000061035156,48.24300003051758,48.06100082397461,-0.12,32.04,28.08,0.407,-0.269,1.309,0,1,0
1778204803.5862763,1334.376,1.7695753574371338,0.2434636354446411,-2.3298335711108606,-1.0041049162494105,3.54074764251709,0.5643787384033203,0.0,0.0,-0.0,0.0,0.0,0.0,-0.1098632961511612,3.955078601837158,-1.5087385177612305,0.2063598781824112,-0.0291595496237278,-0.1906585842370987,0.14225059918846897,-0.34689969394977804,0.8900612052830097,-1.3853403639869855,-1.5063291710778337,1.9508999520630332,0.0,0.0,0.0,0.0,0.0,0.0,1.7695566142836938,0.24339841436500986,-2.329816140589685,-1.004101392145385,3.540695881423035,0.5643377819968957,7.0,1.0,47.986000061035156,48.24300003051758,48.06100082397461,-0.12,32.04,28.08,0.407,-0.269,1.309,0,1,0
1778204803.5885127,1334.384,1.7695753574371338,0.24345171451568604,-2.3297856489764612,-1.0040929953204554,3.5407235622406006,0.56440269947052,0.0,0.0,-0.0,0.0,0.0,0.0,-0.0503540076315403,3.987122058868408,-1.4952876567840576,0.2041168361902237,-0.0448608435690403,-0.2265472710132599,0.1422530769037922,-0.3469304724704472,0.8900761362861542,-1.385344531438122,-1.506327471488724,1.9508569201743418,0.0,0.0,0.0,0.0,0.0,0.0,1.7695566142836938,0.24339841436500986,-2.329816140589685,-1.004101392145385,3.540695881423035,0.5643377819968957,7.0,1.0,47.986000061035156,48.24300003051758,48.06100082397461,-0.12,32.04,28.08,0.407,-0.269,1.309,0,1,0
1778204803.5989468,1334.392,1.7696353197097778,0.2434636354446411,-2.3297975699054163,-1.0041168371783655,3.5407354831695557,0.5643667578697205,0.0,0.0,-0.0,0.0,0.0,0.0,-0.0869751051068306,3.973389148712158,-1.5289148092269897,0.1996307522058487,-0.0426178015768528,-0.1973877102136612,0.14227826149030226,-0.3469204110907287,0.8900699399135139,-1.3852887266480844,-1.5063967306653863,1.9508995887998817,0.0,0.0,0.0,0.0,0.0,0.0,1.7695566142836938,0.24339841436500986,-2.329816140589685,-1.004101392145385,3.540695881423035,0.5643377819968957,7.0,1.0,47.986000061035156,48.24300003051758,48.06100082397461,-0.12,32.04,28.08,0.407,-0.269,1.309,0,1,0
1778204803.6037877,1334.3999999999999,1.7695993185043335,0.24347567558288574,-2.3298097292529505,-1.0041049162494105,3.5406997203826904,0.5643667578697205,0.0,0.0,-0.0,0.0,0.0,0.0,-0.0503540076315403,3.973389148712158,-1.5087385177612305,0.2041168361902237,-0.0381317175924778,-0.1861725002527237,0.14226454382495235,-0.3469255936029406,0.8900622563283933,-1.3853143836674666,-1.506333426246882,1.9508472775199335,0.0,0.0,0.0,0.0,0.0,0.0,1.7695566142836938,0.24339841436500986,-2.329816140589685,-1.004101392145385,3.540695881423035,0.5643377819968957,7.0,1.0,47.986000061035156,48.24300003051758,48.06100082397461,-0.12,32.04,28.08,0.407,-0.269,1.309,0,1,0
1778204803.606744,1334.408,1.7695633172988892,0.2434157133102417,-2.3297856489764612,-1.0041049162494105,3.5407116413116455,0.5644266605377197,0.0,0.0,-0.0,0.0,0.0,0.0,-0.0549316480755806,3.982544422149658,-1.5087385177612305,0.2018737941980362,-0.0426178015768528,-0.1996307522058487,0.1422378096186971,-0.34689359133503894,0.8900903627377121,-1.3854104311481281,-1.5062618432236763,1.950901079744827,0.0,0.0,0.0,0.0,0.0,0.0,1.7695566142836938,0.24339841436500986,-2.329816140589685,-1.004101392145385,3.540695881423035,0.5643377819968957,7.0,1.0,47.986000061035156,48.24300003051758,48.06100082397461,-0.12,32.04,28.08,0.407,-0.269,1.309,0,1,0
1778204803.6098585,1334.416,1.7696112394332886,0.2434157133102417,-2.3298216501819056,-1.0041168371783655,3.5407235622406006,0.5643667578697205,0.0,0.0,-0.0,0.0,0.0,0.0,-0.1007080152630806,3.973389148712158,-1.5333983898162842,0.2063598781824112,-0.0403747595846653,-0.2108459621667862,0.1422577586926475,-0.3468655909319157,0.8900821926379929,-1.385351489619443,-1.5063128678947284,1.9509443983893544,0.0,0.0,0.0,0.0,0.0,0.0,1.7695566142836938,0.24339841436500986,-2.329816140589685,-1.004101392145385,3.540695881423035,0.5643377819968957,7.0,1.0,47.986000061035156,48.24300003051758,48.06100082397461,-0.12,32.04,28.08,0.407,-0.269,1.309,0,1,0
1778204803.611899,1334.424,1.7695872783660889,0.24345171451568604,-2.3297975699054163,-1.0040929953204554,3.5407235622406006,0.5643787384033203,0.0,0.0,-0.0,0.0,0.0,0.0,-0.0640869215130806,3.968811511993408,-1.513222098350525,0.2018737941980362,-0.0471038855612278,-0.2243042290210724,0.14225913738436688,-0.3469240535030895,0.8900731863321505,-1.3853219459321229,-1.5063408618696077,1.9508606511110211,0.0,0.0,0.0,0.0,0.0,0.0,1.7695566142836938,0.24339841436500986,-2.329816140589685,-1.004101392145385,3.540695881423035,0.5643377819968957,7.0,1.0,47.986000061035156,48.24300003051758,48.06100082397461,-0.12,32.04,28.08,0.407,-0.269,1.309,0,1,0
1778204803.6232798,1334.432,1.7696353197097778,0.24340379238128662,-2.3297975699054163,-1.0040572325335901,3.5407116413116455,0.5643667578697205,0.0,0.0,-0.0,0.0,0.0,0.0,-0.1327514797449112,3.973389148712158,-1.5177057981491089,0.1996307522058487,-0.0403747595846653,-0.2310333549976349,0.1422729806111462,-0.34689785478511587,0.8900887739527554,-1.38529889460352,-1.5063725797388188,1.950886590502051,0.0,0.0,0.0,0.0,0.0,0.0,1.7695566142836938,0.24339841436500986,-2.329816140589685,-1.004101392145385,3.540695881423035,0.5643377819968957,7.0,1.0,47.986000061035156,48.24300003051758,48.04600143432617,-0.12,32.04,28.08,0.407,-0.269,1.309,0,1,0
1778204803.6256723,1334.4399999999998,1.7696353197097778,0.2434396743774414,-2.3298335711108606,-1.0041049162494105,3.5407354831695557,0.5643907189369202,0.0,0.0,-0.0,0.0,0.0,0.0,-0.0732421949505806,3.982544422149658,-1.5221893787384033,0.2063598781824112,-0.0336456336081028,-0.1816864162683487,0.14226513106391428,-0.3468693192941179,0.8900702099597624,-1.3853435875394289,-1.5063546511551238,1.950957714234857,0.0,0.0,0.0,0.0,0.0,0.0,1.7695566142836938,0.24339841436500986,-2.329816140589685,-1.004101392145385,3.540695881423035,0.5643377819968957,7.0,1.0,48.01499938964844,48.24300003051758,48.04600143432617,-0.12,32.04,28.08,0.407,-0.269,1.309,0,1,0
1778204803.6316862,1334.4479999999999,1.7696112394332886,0.24348759651184082,-2.3298216501819056,-1.0040929953204554,3.5407590866088867,0.5643907189369202,0.0,0.0,-0.0,0.0,0.0,0.0,-0.0869751051068306,3.996277332305908,-1.5401238203048706,0.2108459621667862,-0.0448608435690403,-0.2130890041589737,0.14226834581311157,-0.3469259176387912,0.8900544908096578,-1.3852995129084582,-1.5064029549586617,1.9508911401405509,0.0,0.0,0.0,0.0,0.0,0.0,1.7695566142836938,0.24339841436500986,-2.329816140589685,-1.004101392145385,3.540695881423035,0.5643377819968957,7.0,1.0,48.01499938964844,48.24300003051758,48.04600143432617,-0.12,32.04,28.08,0.407,-0.269,1.309,0,1,0
1778204803.6341774,1334.456,1.769647240638733,0.24342775344848633,-2.3297975699054163,-1.0041168371783655,3.5407354831695557,0.56440269947052,0.0,0.0,-0.0,0.0,0.0,0.0,-0.1281738430261612,3.982544422149658,-1.5311566591262817,0.2018737941980362,-0.0583190992474556,-0.1973877102136612,0.14227090159544856,-0.34688304718536894,0.89008353285117,-1.3853421566194468,-1.5063697066830708,1.9509608241537757,0.0,0.0,0.0,0.0,0.0,0.0,1.7695566142836938,0.24339841436500986,-2.329816140589685,-1.004101392145385,3.540695881423035,0.5643377819968957,7.0,1.0,48.01499938964844,48.24300003051758,48.04600143432617,-0.12,32.04,28.08,0.407,-0.269,1.309,0,1,0
1778204803.6362312,1334.464,1.7696112394332886,0.24336779117584229,-2.3297975699054163,-1.0040929953204554,3.5407235622406006,0.5643667578697205,0.0,0.0,-0.0,0.0,0.0,0.0,-0.0869751051068306,3.982544422149658,-1.5199475288391113,0.2041168361902237,-0.0358886756002903,-0.2130890041589737,0.1422568464487841,-0.34686089674569553,0.8901039619266785,-1.385351297210909,-1.5063129449691623,1.950944553307126,0.0,0.0,0.0,0.0,0.0,0.0,1.7695566142836938,0.24339841436500986,-2.329816140589685,-1.004101392145385,3.540695881423035,0.5643377819968957,7.0,1.0,48.01499938964844,48.24300003051758,48.04600143432617,-0.12,32.04,28.08,0.407,-0.269,1.309,0,1,0
1778204803.643463,1334.472,1.7695993185043335,0.243391752243042,-2.3297975699054163,-1.0040810743915003,3.5406997203826904,0.5643907189369202,0.0,0.0,-0.0,0.0,0.0,0.0,-0.1281738430261612,3.982544422149658,-1.5333983898162842,0.2041168361902237,-0.0426178015768528,-0.2018737941980362,0.1422520142974839,-0.34687746608499814,0.8900948391508885,-1.3853689785081713,-1.5062915915937765,1.950905468844681,0.0,0.0,0.0,0.0,0.0,0.0,1.7695566142836938,0.24339841436500986,-2.329816140589685,-1.004101392145385,3.540695881423035,0.5643377819968957,7.0,1.0,48.01499938964844,48.24300003051758,48.04600143432617,-0.12,32.04,28.08,0.407,-0.269,1.309,0,1,0
1778204803.645607,1334.48,1.7695993185043335,0.24342775344848633,-2.3297975699054163,-1.0040929953204554,3.5407235622406006,0.5643907189369202,0.0,0.0,-0.0,0.0,0.0,0.0,-0.0823974683880806,3.973389148712158,-1.5087385177612305,0.2041168361902237,-0.0426178015768528,-0.1861725002527237,0.14225767667698053,-0.34690148545915406,0.8900821364427821,-1.3853434146552477,-1.5063317017007267,1.950896830632491,0.0,0.0,0.0,0.0,0.0,0.0,1.7695566142836938,0.24339841436500986,-2.329816140589685,-1.004101392145385,3.540695881423035,0.5643377819968957,7.0,1.0,48.01499938964844,48.24300003051758,48.04600143432617,-0.12,32.04,28.08,0.407,-0.269,1.309,0,1,0
1778204803.6535335,1334.4879999999998,1.769647240638733,0.24345171451568604,-2.3298097292529505,-1.0041411558734339,3.5407354831695557,0.5644146800041199,0.0,0.0,-0.0,0.0,0.0,0.0,-0.1144409328699112,3.973389148712158,-1.5177057981491089,0.2041168361902237,-0.0336456336081028,-0.2086029201745987,0.14226827259775562,-0.3468773226005833,0.890073435962563,-1.3853624344349889,-1.506356404536172,1.9509792625826787,0.0,0.0,0.0,0.0,0.0,0.0,1.7695566142836938,0.24339841436500986,-2.329816140589685,-1.004101392145385,3.540695881423035,0.5643377819968957,7.0,1.0,48.01499938964844,48.24300003051758,48.04600143432617,-0.12,32.04,28.08,0.407,-0.269,1.309,0,1,0
1778204803.655899,1334.4959999999999,1.7696353197097778,0.2434157133102417,-2.3297975699054163,-1.0040929953204554,3.5406875610351562,0.5643547773361206,0.0,0.0,-0.0,0.0,0.0,0.0,-0.0961303785443306,3.982544422149658,-1.5087385177612305,0.2018737941980362,-0.0336456336081028,-0.2108459621667862,0.14227257880985392,-0.3468932983888658,0.8900863537769494,-1.3853125056624074,-1.506337286514562,1.9508875877219152,0.0,0.0,0.0,0.0,0.0,0.0,1.7695566142836938,0.24339841436500986,-2.329816140589685,-1.004101392145385,3.540695881423035,0.5643377819968957,7.0,1.0,48.01499938964844,48.24300003051758,48.04600143432617,-0.12,32.04,28.08,0.407,-0.269,1.309,0,1,0
1778204803.659428,1334.4959999999999,1.7696353197097778,0.2434157133102417,-2.3297975699054163,-1.0040929953204554,3.5406875610351562,0.5643547773361206,0.0,0.0,-0.0,0.0,0.0,0.0,-0.0961303785443306,3.982544422149658,-1.5087385177612305,0.2018737941980362,-0.0336456336081028,-0.2108459621667862,0.14227257880985392,-0.3468932983888658,0.8900863537769494,-1.3853125056624074,-1.506337286514562,1.9508875877219152,0.0,0.0,0.0,0.0,0.0,0.0,1.7695566142836938,0.24339841436500986,-2.329816140589685,-1.004101392145385,3.540695881423035,0.5643377819968957,7.0,1.0,48.01499938964844,48.24300003051758,48.04600143432617,-0.05,31.96,28.12,0.404,-0.269,1.307,0,0,1
1778204803.6632135,1334.504,1.7696112394332886,0.24345171451568604,-2.3297856489764612,-1.0040929953204554,3.5407590866088867,0.5643907189369202,0.0,0.0,-0.0,0.0,0.0,0.0,-0.1235962063074112,3.991699695587158,-1.513222098350525,0.2063598781824112,-0.0358886756002903,-0.2018737941980362,0.14226939748879294,-0.34693121283290784,0.8900758476987451,-1.3852993443854376,-1.506403161599264,1.9508911288607895,0.0,0.0,0.0,0.0,0.0,0.0,1.7695566142836938,0.24339841436500986,-2.329816140589685,-1.004101392145385,3.540695881423035,0.5643377819968957,7.0,1.0,48.01499938964844,48.24300003051758,48.01499938964844,-0.05,31.96,28.12,0.404,-0.269,1.307,0,1,0
1778204803.6666968,1334.512,1.7695993185043335,0.24345171451568604,-2.3297856489764612,-1.0040572325335901,3.5407590866088867,0.5643787384033203,0.0,0.0,-0.0,0.0,0.0,0.0,-0.1235962063074112,3.959656238555908,-1.5333983898162842,0.2018737941980362,-0.0381317175924778,-0.1772003322839737,0.14227027114905977,-0.3469503184733708,0.8900737335432121,-1.385270129965153,-1.5064203330615595,1.9508443545557514,0.0,0.0,0.0,0.0,0.0,0.0,1.7695566142836938,0.24339841436500986,-2.329816140589685,-1.004101392145385,3.540695881423035,0.5643377819968957,7.0,1.0,48.01499938964844,48.24300003051758,48.01499938964844,-0.05,31.96,28.12,0.404,-0.269,1.307,0,1,0
1778204803.684478,1334.52,1.7696112394332886,0.24340379238128662,-2.3298097292529505,-1.0040810743915003,3.54074764251709,0.5643907189369202,0.0,0.0,-0.0,0.0,0.0,0.0,-0.1327514797449112,3.977966785430908,-1.5221893787384033,0.2041168361902237,-0.0358886756002903,-0.1929016262292862,0.14225826631140134,-0.3468778240188016,0.8900874367569858,-1.3853424473018991,-1.5063513107890076,1.9509396348170847,0.0,0.0,0.0,0.0,0.0,0.0,1.7695566142836938,0.24339841436500986,-2.329816140589685,-1.004101392145385,3.540695881423035,0.5643377819968957,7.0,1.0,48.01499938964844,48.24300003051758,48.01499938964844,-0.05,31.96,28.12,0.404,-0.269,1.307,0,1,0
1778204803.69855,1334.528,1.769647240638733,0.2434157133102417,-2.329773728047506,-1.0041168371783655,3.5407354831695557,0.5643667578697205,0.0,0.0,-0.0,0.0,0.0,0.0,-0.1052856519818306,3.973389148712158,-1.5177057981491089,0.1996307522058487,-0.0381317175924778,-0.2108459621667862,0.14227945591859512,-0.3469041715758665,0.8900929802014756,-1.3852981016115,-1.5063923389406422,1.950928762044374,0.0,0.0,0.0,0.0,0.0,0.0,1.7695566142836938,0.24339841436500986,-2.329816140589685,-1.004101392145385,3.540695881423035,0.5643377819968957,7.0,1.0,47.97100067138672,48.24300003051758,48.01499938964844,-0.05,31.96,28.12,0.404,-0.269,1.307,0,1,0
1778204803.7074964,1334.5359999999998,1.7695872783660889,0.2434396743774414,-2.3297975699054163,-1.004068676625387,3.54074764251709,0.5643787384033203,0.0,0.0,-0.0,0.0,0.0,0.0,-0.0640869215130806,3.977966785430908,-1.515463948249817,0.1996307522058487,-0.0448608435690403,-0.1749572902917862,0.1422605985365907,-0.3469268484473496,0.8900761593090534,-1.3853035732260008,-1.506373292467839,1.950863081384134,0.0,0.0,0.0,0.0,0.0,0.0,1.7695566142836938,0.24339841436500986,-2.329816140589685,-1.004101392145385,3.540695881423035,0.5643377819968957,7.0,1.0,47.97100067138672,48.24300003051758,48.01499938964844,-0.05,31.96,28.12,0.404,-0.269,1.307,0,1,0
1778204803.7199092,1334.5439999999999,1.7695753574371338,0.24337971210479736,-2.3297975699054163,-1.0041049162494105,3.540771245956421,0.5643547773361206,0.0,0.0,-0.0,0.0,0.0,0.0,-0.1098632961511612,3.991699695587158,-1.5244312286376953,0.2041168361902237,-0.0291595496237278,-0.2175751030445099,0.14224970448677415,-0.3468769232836653,0.8900998912665736,-1.3853361198541632,-1.5063306810004362,1.9509429890247243,0.0,0.0,0.0,0.0,0.0,0.0,1.7695566142836938,0.24339841436500986,-2.329816140589685,-1.004101392145385,3.540695881423035,0.5643377819968957,7.0,1.0,47.97100067138672,48.24300003051758,48.01499938964844,-0.05,31.96,28.12,0.404,-0.269,1.307,0,1,0
1778204803.7234576,1334.552,1.7696353197097778,0.2434636354446411,-2.3297975699054163,-1.0041168371783655,3.5406875610351562,0.5643787384033203,0.0,0.0,-0.0,0.0,0.0,0.0,-0.0640869215130806,3.973389148712158,-1.5109803676605225,0.2086029201745987,-0.0336456336081028,-0.1906585842370987,0.14227374652526065,-0.34691355722241224,0.8900702848877042,-1.3853216811702471,-1.5063436666438934,1.9508796833452287,0.0,0.0,0.0,0.0,0.0,0.0,1.7695566142836938,0.24339841436500986,-2.329816140589685,-1.004101392145385,3.540695881423035,0.5643377819968957,7.0,1.0,47.97100067138672,48.24300003051758,48.01499938964844,-0.05,31.96,28.12,0.404,-0.269,1.307,0,1,0
1778204803.7323022,1334.56,1.7696112394332886,0.24342775344848633,-2.3297856489764612,-1.0040929953204554,3.5407354831695557,0.5643787384033203,0.0,0.0,-0.0,0.0,0.0,0.0,-0.0869751051068306,3.977966785430908,-1.5266729593276978,0.2041168361902237,-0.0336456336081028,-0.1884155422449112,0.14226659762222907,-0.3469143432812636,0.8900846521914343,-1.3853126274310683,-1.5063682555237827,1.9508926396671913,0.0,0.0,0.0,0.0,0.0,0.0,1.7695566142836938,0.24339841436500986,-2.329816140589685,-1.004101392145385,3.540695881423035,0.5643377819968957,7.0,1.0,47.97100067138672,48.24300003051758,48.01499938964844,-0.05,31.96,28.12,0.404,-0.269,1.307,0,1,0
1778204803.7380192,1334.568,1.7696112394332886,0.2434636354446411,-2.3298216501819056,-1.0040572325335901,3.5406875610351562,0.5643907189369202,0.0,0.0,-0.0,0.0,0.0,0.0,-0.1098632961511612,3.977966785430908,-1.5177057981491089,0.2018737941980362,-0.0403747595846653,-0.2243042290210724,0.14226401014942155,-0.3469166508484696,0.8900616534326637,-1.385322849436377,-1.5063389335186714,1.9508401560166697,0.0,0.0,0.0,0.0,0.0,0.0,1.7695566142836938,0.24339841436500986,-2.329816140589685,-1.004101392145385,3.540695881423035,0.5643377819968957,7.0,1.0,47.97100067138672,48.2130012512207,48.01499938964844,-0.05,31.96,28.12,0.404,-0.269,1.307,0,1,0
1778204803.7709622,1334.576,1.7695993185043335,0.2434396743774414,-2.3298216501819056,-1.004068676625387,3.54074764251709,0.5644146800041199,0.0,0.0,-0.0,0.0,0.0,0.0,-0.0778198316693306,3.964233875274658,-1.5109803676605225,0.2041168361902237,-0.0358886756002903,-0.1951446682214737,0.1422543669541865,-0.34689480283012547,0.89007109211511,-1.3853495131244538,-1.5063542066780249,1.950913523460689,0.0,0.0,0.0,0.0,0.0,0.0,1.7695566142836938,0.24339841436500986,-2.329816140589685,-1.004101392145385,3.540695881423035,0.5643377819968957,7.0,1.0,47.97100067138672,48.2130012512207,48.04600143432617,-0.05,31.96,28.12,0.404,-0.269,1.307,0,1,0
1778204803.780989,1334.5839999999998,1.7695993185043335,0.24342775344848633,-2.329761568699972,-1.0040929953204554,3.5407354831695557,0.5643787384033203,0.0,0.0,-0.0,0.0,0.0,0.0,-0.0686645582318306,4.000854969024658,-1.5289148092269897,0.2018737941980362,-0.0426178015768528,-0.2108459621667862,0.14226677832041176,-0.3469375119164525,0.8900900990978984,-1.385303129253417,-1.5063728161059482,1.950863596484536,0.0,0.0,0.0,0.0,0.0,0.0,1.7695566142836938,0.24339841436500986,-2.329816140589685,-1.004101392145385,3.540695881423035,0.5643377819968957,7.0,1.0,47.97100067138672,48.2130012512207,48.04600143432617,-0.05,31.96,28.12,0.404,-0.269,1.307,0,1,0
1778204803.799427,1334.5919999999999,1.7695872783660889,0.24347567558288574,-2.3298097292529505,-1.0040929953204554,3.5407590866088867,0.5643547773361206,0.0,0.0,-0.0,0.0,0.0,0.0,-0.1464843899011612,3.973389148712158,-1.5199475288391113,0.1996307522058487,-0.0493469275534153,-0.1816864162683487,0.14226646772374335,-0.34693991060752566,0.8900611966827756,-1.3852747425125826,-1.5063942052558958,1.9508556257679077,0.0,0.0,0.0,0.0,0.0,0.0,1.7695566142836938,0.24339841436500986,-2.329816140589685,-1.004101392145385,3.540695881423035,0.5643377819968957,7.0,1.0,47.97100067138672,48.2130012512207,48.04600143432617,-0.05,31.96,28.12,0.404,-0.269,1.307,0,1,0
1778204803.8112602,1334.6,1.769647240638733,0.24345171451568604,-2.3297856489764612,-1.0040929953204554,3.5407235622406006,0.5644146800041199,0.0,0.0,-0.0,0.0,0.0,0.0,-0.0869751051068306,3.973389148712158,-1.5311566591262817,0.2063598781824112,-0.0358886756002903,-0.2086029201745987,0.14227598413770268,-0.34691729261520315,0.8900762629805026,-1.3853214170787234,-1.5063928894626717,1.9509066855101986,0.0,0.0,0.0,0.0,0.0,0.0,1.7695566142836938,0.24339841436500986,-2.329816140589685,-1.004101392145385,3.540695881423035,0.5643377819968957,7.0,1.0,47.97100067138672,48.2130012512207,48.04600143432617,-0.05,31.96,28.12,0.404,-0.269,1.307,0,1,0
1778204803.8136191,1334.608,1.7696112394332886,0.24342775344848633,-2.3298097292529505,-1.0040810743915003,3.540771245956421,0.5644146800041199,0.0,0.0,-0.0,0.0,0.0,0.0,-0.1007080152630806,3.982544422149658,-1.5177057981491089,0.2086029201745987,-0.0336456336081028,-0.2153320610523224,0.14225903520168076,-0.3468917403577539,0.8900787596456168,-1.3853413312333567,-1.5063813369119292,1.9509452335027808,0.0,0.0,0.0,0.0,0.0,0.0,1.7695566142836938,0.24339841436500986,-2.329816140589685,-1.004101392145385,3.540695881423035,0.5643377819968957,7.0,1.0,48.029998779296875,48.2130012512207,48.04600143432617,-0.05,31.96,28.12,0.404,-0.269,1.307,0,1,0
1778204803.8279128,1334.616,1.7696353197097778,0.24340379238128662,-2.3297975699054163,-1.0040929953204554,3.5406875610351562,0.5643907189369202,0.0,0.0,-0.0,0.0,0.0,0.0,-0.0869751051068306,3.982544422149658,-1.5289148092269897,0.2018737941980362,-0.0314025916159153,-0.2243042290210724,0.14226469175268308,-0.3468755316277412,0.8900911232061202,-1.3853565739103508,-1.5063146575388295,1.9509198238695853,0.0,0.0,0.0,0.0,0.0,0.0,1.7695566142836938,0.24339841436500986,-2.329816140589685,-1.004101392145385,3.540695881423035,0.5643377819968957,7.0,1.0,48.029998779296875,48.2130012512207,48.04600143432617,-0.05,31.96,28.12,0.404,-0.269,1.307,0,1,0
1778204803.8312285,1334.624,1.7696112394332886,0.24348759651184082,-2.3298335711108606,-1.0040810743915003,3.54074764251709,0.5643907189369202,0.0,0.0,-0.0,0.0,0.0,0.0,-0.1373291164636612,3.964233875274658,-1.5221893787384033,0.2063598781824112,-0.0358886756002903,-0.2175751030445099,0.14226660864872284,-0.3469191748898712,0.8900511842078084,-1.3853044425796104,-1.5063914024114038,1.95088470143808,0.0,0.0,0.0,0.0,0.0,0.0,1.7695566142836938,0.24339841436500986,-2.329816140589685,-1.004101392145385,3.540695881423035,0.5643377819968957,7.0,1.0,48.029998779296875,48.2130012512207,48.04600143432617,-0.05,31.96,28.12,0.404,-0.269,1.307,0,1,0
1778204803.8439903,1334.6319999999998,1.7695633172988892,0.24342775344848633,-2.3297975699054163,-1.0040929953204554,3.5407590866088867,0.5643547773361206,0.0,0.0,-0.0,0.0,0.0,0.0,-0.0823974683880806,3.991699695587158,-1.515463948249817,0.2041168361902237,-0.0403747595846653,-0.2063598781824112,0.1422531211169758,-0.3469183586122882,0.8900815946012761,-1.3853091746033472,-1.5063468542379563,1.950874165044301,0.0,0.0,0.0,0.0,0.0,0.0,1.7695566142836938,0.24339841436500986,-2.329816140589685,-1.004101392145385,3.540695881423035,0.5643377819968957,7.0,1.0,48.029998779296875,48.2130012512207,48.04600143432617,-0.05,31.96,28.12,0.404,-0.269,1.307,0,1,0
1778204803.8522394,1334.6399999999999,1.7696112394332886,0.24342775344848633,-2.3297975699054163,-1.0041168371783655,3.54074764251709,0.56440269947052,0.0,0.0,-0.0,0.0,0.0,0.0,-0.0778198316693306,4.010010242462158,-1.515463948249817,0.2063598781824112,-0.0336456336081028,-0.2018737941980362,0.14225904352218108,-0.3468891586158,0.890083477517272,-1.385354551258523,-1.5063467242028243,1.9509463156605977,0.0,0.0,0.0,0.0,0.0,0.0,1.7695566142836938,0.24339841436500986,-2.329816140589685,-1.004101392145385,3.540695881423035,0.5643377819968957,7.0,1.0,48.029998779296875,48.2130012512207,48.04600143432617,-0.05,31.96,28.12,0.404,-0.269,1.307,0,1,0
1778204803.8603745,1334.648,1.7696112394332886,0.24340379238128662,-2.3297856489764612,-1.0040929953204554,3.5407354831695557,0.5643308162689209,0.0,0.0,-0.0,0.0,0.0,0.0,-0.1144409328699112,3.982544422149658,-1.5177057981491089,0.2063598781824112,-0.0403747595846653,-0.2108459621667862,0.14227111358022512,-0.3469082549030112,0.8900929685735792,-1.385279171811068,-1.506371722884622,1.9508861274090092,0.0,0.0,0.0,0.0,0.0,0.0,1.7695566142836938,0.24339841436500986,-2.329816140589685,-1.004101392145385,3.540695881423035,0.5643377819968957,7.0,1.0,48.029998779296875,48.2130012512207,48.04600143432617,-0.05,31.96,28.12,0.404,-0.269,1.307,0,1,0
1778204803.8672667,1334.656,1.7696112394332886,0.24340379238128662,-2.3298097292529505,-1.0040810743915003,3.5407354831695557,0.5643907189369202,0.0,0.0,-0.0,0.0,0.0,0.0,-0.1007080152630806,3.982544422149658,-1.499771237373352,0.2063598781824112,-0.0314025916159153,-0.2130890041589737,0.14225763604865835,-0.34687683431220157,0.8900874920895915,-1.3853477219185395,-1.5063390850727012,1.9509327800897773,0.0,0.0,0.0,0.0,0.0,0.0,1.7695566142836938,0.24339841436500986,-2.329816140589685,-1.004101392145385,3.540695881423035,0.5643377819968957,7.0,1.0,48.029998779296875,48.2130012512207,48.04600143432617,-0.05,31.96,28.12,0.404,-0.269,1.307,0,1,0
1778204803.8843236,1334.656,1.7696112394332886,0.24340379238128662,-2.3298097292529505,-1.0040810743915003,3.5407354831695557,0.5643907189369202,0.0,0.0,-0.0,0.0,0.0,0.0,-0.1007080152630806,3.982544422149658,-1.499771237373352,0.2063598781824112,-0.0314025916159153,-0.2130890041589737,0.14225763604865835,-0.34687683431220157,0.8900874920895915,-1.3853477219185395,-1.5063390850727012,1.9509327800897773,0.0,0.0,0.0,0.0,0.0,0.0,1.7695566142836938,0.24339841436500986,-2.329816140589685,-1.004101392145385,3.540695881423035,0.5643377819968957,7.0,1.0,48.029998779296875,48.2130012512207,48.04600143432617,0.02,32.02,28.0,0.401,-0.273,1.304,0,0,1
1778204803.8874874,1334.664,1.7696353197097778,0.24345171451568604,-2.3297975699054163,-1.0041287581073206,3.54074764251709,0.5643907189369202,0.0,0.0,-0.0,0.0,0.0,0.0,-0.0961303785443306,3.977966785430908,-1.5244312286376953,0.1996307522058487,-0.0426178015768528,-0.1816864162683487,0.14227204216701783,-0.3469017690872686,0.8900751899074709,-1.385322987190614,-1.5063832255308023,1.9509424336032248,0.0,0.0,0.0,0.0,0.0,0.0,1.7695566142836938,0.24339841436500986,-2.329816140589685,-1.004101392145385,3.540695881423035,0.5643377819968957,7.0,1.0,48.029998779296875,48.2130012512207,48.04600143432617,0.02,32.02,28.0,0.401,-0.273,1.304,0,1,0
1778204803.8931005,1334.672,1.7696112394332886,0.24340379238128662,-2.329761568699972,-1.0041168371783655,3.5407590866088867,0.5643667578697205,0.0,0.0,-0.0,0.0,0.0,0.0,-0.1190185695886612,3.982544422149658,-1.513222098350525,0.2086029201745987,-0.0291595496237278,-0.2108459621667862,0.14226857540946186,-0.34691315074252627,0.8901000131619998,-1.3853053497919412,-1.5063810661297339,1.9509205196350052,0.0,0.0,0.0,0.0,0.0,0.0,1.7695566142836938,0.24339841436500986,-2.329816140589685,-1.004101392145385,3.540695881423035,0.5643377819968957,7.0,1.0,48.029998779296875,48.2130012512207,48.04600143432617,0.02,32.02,28.0,0.401,-0.273,1.304,0,1,0
1778204803.8961682,1334.6799999999998,1.7696112394332886,0.24342775344848633,-2.3297856489764612,-1.0041049162494105,3.5407354831695557,0.56440269947052,0.0,0.0,-0.0,0.0,0.0,0.0,-0.0778198316693306,3.973389148712158,-1.5199475288391113,0.2063598781824112,-0.0426178015768528,-0.2086029201745987,0.14226154309677275,-0.3469036176853451,0.8900855676691628,-1.3853445941539806,-1.5063505111637268,1.9509177217886082,0.0,0.0,0.0,0.0,0.0,0.0,1.7695566142836938,0.24339841436500986,-2.329816140589685,-1.004101392145385,3.540695881423035,0.5643377819968957,7.0,1.0,48.029998779296875,48.2130012512207,48.04600143432617,0.02,32.02,28.0,0.401,-0.273,1.304,0,1,0
1778204803.898417,1334.6879999999999,1.7695872783660889,0.2434396743774414,-2.3297975699054163,-1.0040810743915003,3.5406997203826904,0.5643667578697205,0.0,0.0,-0.0,0.0,0.0,0.0,-0.0915527418255806,3.968811511993408,-1.5266729593276978,0.2041168361902237,-0.0381317175924778,-0.1682281643152237,0.14225911269111993,-0.34692088981217534,0.8900769396279786,-1.3853201313785528,-1.5063216868889837,1.9508402551482824,0.0,0.0,0.0,0.0,0.0,0.0,1.7695566142836938,0.24339841436500986,-2.329816140589685,-1.004101392145385,3.540695881423035,0.5643377819968957,7.0,1.0,48.029998779296875,48.2130012512207,48.04600143432617,0.02,32.02,28.0,0.401,-0.273,1.304,0,1,0
1778204803.9035368,1334.696,1.7696592807769775,0.2434396743774414,-2.329773728047506,-1.0040929953204554,3.5407235622406006,0.56440269947052,0.0,0.0,-0.0,0.0,0.0,0.0,-0.1007080152630806,3.987122058868408,-1.5109803676605225,0.2041168361902237,-0.0403747595846653,-0.1704712063074112,0.14228251636085174,-0.3469201675347723,0.8900832665816711,-1.385303385271443,-1.5064095066433985,1.9509068623471668,0.0,0.0,0.0,0.0,0.0,0.0,1.7695566142836938,0.24339841436500986,-2.329816140589685,-1.004101392145385,3.540695881423035,0.5643377819968957,7.0,1.0,47.986000061035156,48.2130012512207,48.04600143432617,0.02,32.02,28.0,0.401,-0.273,1.304,0,1,0
1778204803.908664,1334.704,1.7695993185043335,0.24340379238128662,-2.3297856489764612,-1.004068676625387,3.5407116413116455,0.56440269947052,0.0,0.0,-0.0,0.0,0.0,0.0,-0.0732421949505806,3.977966785430908,-1.499771237373352,0.1996307522058487,-0.0336456336081028,-0.1637420803308487,0.14225558327210475,-0.3469001200181183,0.8900924865977919,-1.3853527934882246,-1.5063230957792264,1.9508861082412394,0.0,0.0,0.0,0.0,0.0,0.0,1.7695566142836938,0.24339841436500986,-2.329816140589685,-1.004101392145385,3.540695881423035,0.5643377819968957,7.0,1.0,47.986000061035156,48.2130012512207,48.04600143432617,0.02,32.02,28.0,0.401,-0.273,1.304,0,1,0
1778204803.9108481,1334.712,1.7695993185043335,0.24342775344848633,-2.3297975699054163,-1.0041049162494105,3.5406875610351562,0.5643547773361206,0.0,0.0,-0.0,0.0,0.0,0.0,-0.1052856519818306,3.991699695587158,-1.5087385177612305,0.2063598781824112,-0.0403747595846653,-0.2601929008960724,0.1422609097520414,-0.34690259682258706,0.8900825823959235,-1.3853301643793035,-1.5063021632158564,1.9508660699305527,0.0,0.0,0.0,0.0,0.0,0.0,1.7695566142836938,0.24339841436500986,-2.329816140589685,-1.004101392145385,3.540695881423035,0.5643377819968957,7.0,1.0,47.986000061035156,48.22800064086914,48.04600143432617,0.02,32.02,28.0,0.401,-0.273,1.304,0,1,0
1778204803.9197176,1334.72,1.7695993185043335,0.2434396743774414,-2.329773728047506,-1.0041168371783655,3.5407354831695557,0.5643547773361206,0.0,0.0,-0.0,0.0,0.0,0.0,-0.0961303785443306,3.968811511993408,-1.513222098350525,0.2063598781824112,-0.0358886756002903,-0.2018737941980362,0.14226846916438443,-0.34693184494018225,0.890084029798094,-1.385294244492886,-1.5063664080583916,1.9508712896992295,0.0,0.0,0.0,0.0,0.0,0.0,1.7695566142836938,0.24339841436500986,-2.329816140589685,-1.004101392145385,3.540695881423035,0.5643377819968957,7.0,1.0,47.986000061035156,48.22800064086914,48.04600143432617,0.02,32.02,28.0,0.401,-0.273,1.304,0,1,0
1778204803.9220312,1334.7279999999998,1.7696353197097778,0.24345171451568604,-2.3297856489764612,-1.0040810743915003,3.540771245956421,0.5643308162689209,0.0,0.0,-0.0,0.0,0.0,0.0,-0.1235962063074112,3.968811511993408,-1.5087385177612305,0.2018737941980362,-0.0403747595846653,-0.2220611870288849,0.14228952987501006,-0.346948361616582,0.8900744954181885,-1.385213781091276,-1.506471319051315,1.9508658621908852,0.0,0.0,0.0,0.0,0.0,0.0,1.7695566142836938,0.24339841436500986,-2.329816140589685,-1.004101392145385,3.540695881423035,0.5643377819968957,7.0,1.0,47.986000061035156,48.22800064086914,48.04600143432617,0.02,32.02,28.0,0.401,-0.273,1.304,0,1,0
1778204803.9241998,1334.7359999999999,1.7695993185043335,0.24345171451568604,-2.3297975699054163,-1.0040810743915003,3.5406997203826904,0.5643907189369202,0.0,0.0,-0.0,0.0,0.0,0.0,-0.1235962063074112,3.987122058868408,-1.5087385177612305,0.1996307522058487,-0.0403747595846653,-0.2063598781824112,0.14226104079327218,-0.3469222653525068,0.8900727594342029,-1.3853309113621655,-1.506331766789914,1.9508506019870795,0.0,0.0,0.0,0.0,0.0,0.0,1.7695566142836938,0.24339841436500986,-2.329816140589685,-1.004101392145385,3.540695881423035,0.5643377819968957,7.0,1.0,47.986000061035156,48.22800064086914,48.04600143432617,0.02,32.02,28.0,0.401,-0.273,1.304,0,1,0
1778204803.926141,1334.744,1.769647240638733,0.24347567558288574,-2.3297975699054163,-1.0040929953204554,3.54074764251709,0.56440269947052,0.0,0.0,-0.0,0.0,0.0,0.0,-0.0823974683880806,3.977966785430908,-1.5199475288391113,0.1973877102136612,-0.0426178015768528,-0.2018737941980362,0.14228073369080027,-0.34692947738089847,0.8900645063039607,-1.3852911916734274,-1.5064300068076963,1.9509021004087643,0.0,0.0,0.0,0.0,0.0,0.0,1.7695566142836938,0.24339841436500986,-2.329816140589685,-1.004101392145385,3.540695881423035,0.5643377819968957,7.0,1.0,47.986000061035156,48.22800064086914,48.04600143432617,0.02,32.02,28.0,0.401,-0.273,1.304,0,1,0
1778204803.9288592,1334.752,1.769647240638733,0.2434157133102417,-2.3297856489764612,-1.004068676625387,3.5407116413116455,0.5644146800041199,0.0,0.0,-0.0,0.0,0.0,0.0,-0.0823974683880806,3.959656238555908,-1.5244312286376953,0.2018737941980362,-0.0358886756002903,-0.2153320610523224,0.14227197144017492,-0.34689925545562406,0.8900882235941083,-1.385333871883165,-1.5063730681431904,1.950910746896393,0.0,0.0,0.0,0.0,0.0,0.0,1.7695566142836938,0.24339841436500986,-2.329816140589685,-1.004101392145385,3.540695881423035,0.5643377819968957,7.0,1.0,47.986000061035156,48.22800064086914,48.04600143432617,0.02,32.02,28.0,0.401,-0.273,1.304,0,1,0
1778204803.9320264,1334.76,1.7695993185043335,0.24345171451568604,-2.3297975699054163,-1.0040810743915003,3.540771245956421,0.5644146800041199,0.0,0.0,-0.0,0.0,0.0,0.0,-0.1007080152630806,3.968811511993408,-1.5087385177612305,0.2041168361902237,-0.0448608435690403,-0.2018737941980362,0.1422606863708807,-0.3469221804993203,0.8900726869847416,-1.3853242209076617,-1.5063939229023064,1.9509051400559498,0.0,0.0,0.0,0.0,0.0,0.0,1.7695566142836938,0.24339841436500986,-2.329816140589685,-1.004101392145385,3.540695881423035,0.5643377819968957,7.0,1.0,47.986000061035156,48.22800064086914,48.04600143432617,0.02,32.02,28.0,0.401,-0.273,1.304,0,1,0
1778204803.9342682,1334.768,1.7695993185043335,0.24345171451568604,-2.3298097292529505,-1.004068676625387,3.540771245956421,0.5643547773361206,0.0,0.0,-0.0,0.0,0.0,0.0,-0.0503540076315403,3.982544422149658,-1.5221893787384033,0.1996307522058487,-0.0336456336081028,-0.1973877102136612,0.142269693815079,-0.34693111615222216,0.8900686138648188,-1.3852631981365677,-1.5064184370504932,1.9508693889200666,0.0,0.0,0.0,0.0,0.0,0.0,1.7695566142836938,0.24339841436500986,-2.329816140589685,-1.004101392145385,3.540695881423035,0.5643377819968957,7.0,1.0,47.986000061035156,48.22800064086914,48.04600143432617,0.02,32.02,28.0,0.401,-0.273,1.304,0,1,0
1778204803.947727,1334.7759999999998,1.7696112394332886,0.24342775344848633,-2.3298335711108606,-1.0041049162494105,3.5407354831695557,0.5644146800041199,0.0,0.0,-0.0,0.0,0.0,0.0,-0.1235962063074112,3.968811511993408,-1.5177057981491089,0.1996307522058487,-0.0403747595846653,-0.1906585842370987,0.14225092209837614,-0.34685793189439523,0.8900748520820896,-1.3853873073402923,-1.5063133522764995,1.9509685516041373,0.0,0.0,0.0,0.0,0.0,0.0,1.7695566142836938,0.24339841436500986,-2.329816140589685,-1.004101392145385,3.540695881423035,0.5643377819968957,7.0,1.0,48.0,48.22800064086914,48.04600143432617,0.02,32.02,28.0,0.401,-0.273,1.304,0,1,0
1778204803.9507911,1334.7839999999999,1.7696112394332886,0.24347567558288574,-2.3297856489764612,-1.0040929953204554,3.5407354831695557,0.5643667578697205,0.0,0.0,-0.0,0.0,0.0,0.0,-0.0961303785443306,3.991699695587158,-1.5244312286376953,0.2041168361902237,-0.0336456336081028,-0.2130890041589737,0.14227584279198746,-0.34695310000197865,0.8900668773842353,-1.3852700374202993,-1.5064052432011477,1.9508416791937824,0.0,0.0,0.0,0.0,0.0,0.0,1.7695566142836938,0.24339841436500986,-2.329816140589685,-1.004101392145385,3.540695881423035,0.5643377819968957,7.0,1.0,48.0,48.198001861572266,48.04600143432617,0.02,32.02,28.0,0.401,-0.273,1.304,0,1,0
1778204803.9539666,1334.792,1.7695993185043335,0.24337971210479736,-2.3298097292529505,-1.0041049162494105,3.5407354831695557,0.5643787384033203,0.0,0.0,-0.0,0.0,0.0,0.0,-0.0869751051068306,3.991699695587158,-1.5266729593276978,0.2108459621667862,-0.0471038855612278,-0.2198181450366974,0.14224992097092984,-0.3468538547237468,0.8900975555988127,-1.3853719585731739,-1.506300205371633,1.950962357800696,0.0,0.0,0.0,0.0,0.0,0.0,1.7695566142836938,0.24339841436500986,-2.329816140589685,-1.004101392145385,3.540695881423035,0.5643377819968957,7.0,1.0,48.0,48.198001861572266,48.029998779296875,0.02,32.02,28.0,0.401,-0.273,1.304,0,1,0
1778204803.969897,1334.8,1.7695872783660889,0.2434396743774414,-2.3298097292529505,-1.0041049162494105,3.5407235622406006,0.5643907189369202,0.0,0.0,-0.0,0.0,0.0,0.0,-0.0640869215130806,3.968811511993408,-1.504254937171936,0.2041168361902237,-0.0448608435690403,-0.2018737941980362,0.1422521221807019,-0.346896443168483,0.8900756581764575,-1.3853571395018451,-1.5063117409489595,1.950900734308666,0.0,0.0,0.0,0.0,0.0,0.0,1.7695566142836938,0.24339841436500986,-2.329816140589685,-1.004101392145385,3.540695881423035,0.5643377819968957,7.0,1.0,48.0,48.198001861572266,48.029998779296875,0.02,32.02,28.0,0.401,-0.273,1.304,0,1,0
1778204803.9730856,1334.808,1.7696592807769775,0.24342775344848633,-2.3298097292529505,-1.0040929953204554,3.54074764251709,0.5643907189369202,0.0,0.0,-0.0,0.0,0.0,0.0,-0.1098632961511612,3.982544422149658,-1.5266729593276978,0.2086029201745987,-0.0448608435690403,-0.1996307522058487,0.14227754554719835,-0.3468840722490051,0.8900792760326892,-1.3853112895207091,-1.5064063646440886,1.9509570805166239,0.0,0.0,0.0,0.0,0.0,0.0,1.7695566142836938,0.24339841436500986,-2.329816140589685,-1.004101392145385,3.540695881423035,0.5643377819968957,7.0,1.0,48.0,48.198001861572266,48.029998779296875,0.02,32.02,28.0,0.401,-0.273,1.304,0,1,0
1778204803.989058,1334.816,1.7695872783660889,0.2434157133102417,-2.329761568699972,-1.0040572325335901,3.540783166885376,0.5643907189369202,0.0,0.0,-0.0,0.0,0.0,0.0,-0.1235962063074112,3.968811511993408,-1.5244312286376953,0.2041168361902237,-0.0403747595846653,-0.1772003322839737,0.14226420801803186,-0.3469456133281509,0.8900924553957222,-1.3852852675014575,-1.5064199884026341,1.9508688668535281,0.0,0.0,0.0,0.0,0.0,0.0,1.7695566142836938,0.24339841436500986,-2.329816140589685,-1.004101392145385,3.540695881423035,0.5643377819968957,7.0,1.0,48.0,48.198001861572266,48.029998779296875,0.02,32.02,28.0,0.401,-0.273,1.304,0,1,0
1778204803.992662,1334.816,1.7695872783660889,0.2434157133102417,-2.329761568699972,-1.0040572325335901,3.540783166885376,0.5643907189369202,0.0,0.0,-0.0,0.0,0.0,0.0,-0.1235962063074112,3.968811511993408,-1.5244312286376953,0.2041168361902237,-0.0403747595846653,-0.1772003322839737,0.14226420801803186,-0.3469456133281509,0.8900924553957222,-1.3852852675014575,-1.5064199884026341,1.9508688668535281,0.0,0.0,0.0,0.0,0.0,0.0,1.7695566142836938,0.24339841436500986,-2.329816140589685,-1.004101392145385,3.540695881423035,0.5643377819968957,7.0,1.0,48.0,48.198001861572266,48.029998779296875,0.05,32.05,27.69,0.409,-0.283,1.307,0,0,1
1778204804.0016136,1334.8239999999998,1.7695872783660889,0.24340379238128662,-2.3297856489764612,-1.0041049162494105,3.54074764251709,0.5644146800041199,0.0,0.0,-0.0,0.0,0.0,0.0,-0.1190185695886612,3.977966785430908,-1.5177057981491089,0.2041168361902237,-0.0426178015768528,-0.2063598781824112,0.14224822348810173,-0.34688716055501345,0.890094461851294,-1.3853784575424983,-1.506318368327254,1.9509393925813066,0.0,0.0,0.0,0.0,0.0,0.0,1.7695566142836938,0.24339841436500986,-2.329816140589685,-1.004101392145385,3.540695881423035,0.5643377819968957,7.0,1.0,48.0,48.198001861572266,48.029998779296875,0.05,32.05,27.69,0.409,-0.283,1.307,0,1,0
1778204804.0059488,1334.8319999999999,1.7695993185043335,0.2434396743774414,-2.3298216501819056,-1.0041049162494105,3.5407354831695557,0.56440269947052,0.0,0.0,-0.0,0.0,0.0,0.0,-0.1007080152630806,3.968811511993408,-1.5064966678619385,0.2063598781824112,-0.0314025916159153,-0.2198181450366974,0.1422527492257194,-0.3468821173070666,0.8900730335409142,-1.385365824682787,-1.5063225916599488,1.9509325844977414,0.0,0.0,0.0,0.0,0.0,0.0,1.7695566142836938,0.24339841436500986,-2.329816140589685,-1.004101392145385,3.540695881423035,0.5643377819968957,7.0,1.0,48.0,48.198001861572266,48.029998779296875,0.05,32.05,27.69,0.409,-0.283,1.307,0,1,0
1778204804.0222018,1334.84,1.7695872783660889,0.24347567558288574,-2.3298097292529505,-1.0041049162494105,3.54074764251709,0.5643667578697205,0.0,0.0,-0.0,0.0,0.0,0.0,-0.1373291164636612,3.991699695587158,-1.5311566591262817,0.2018737941980362,-0.0448608435690403,-0.1884155422449112,0.1422628508769954,-0.34693120697020247,0.8900620380516098,-1.385299506296935,-1.5063698352405954,1.9508671475589645,0.0,0.0,0.0,0.0,0.0,0.0,1.7695566142836938,0.24339841436500986,-2.329816140589685,-1.004101392145385,3.540695881423035,0.5643377819968957,7.0,1.0,48.0,48.198001861572266,48.029998779296875,0.05,32.05,27.69,0.409,-0.283,1.307,0,1,0
1778204804.0298557,1334.848,1.7695872783660889,0.2434157133102417,-2.3298216501819056,-1.004068676625387,3.540783166885376,0.56440269947052,0.0,0.0,-0.0,0.0,0.0,0.0,-0.0732421949505806,3.964233875274658,-1.5244312286376953,0.2086029201745987,-0.0403747595846653,-0.2041168361902237,0.1422504555448329,-0.34688445882197566,0.8900796266404155,-1.3853430568821825,-1.5063669764662244,1.9509412212919388,0.0,0.0,0.0,0.0,0.0,0.0,1.7695566142836938,0.24339841436500986,-2.329816140589685,-1.004101392145385,3.540695881423035,0.5643377819968957,7.0,1.0,48.0,48.198001861572266,48.029998779296875,0.05,32.05,27.69,0.409,-0.283,1.307,0,1,0
1778204804.0334668,1334.856,1.7696353197097778,0.2434157133102417,-2.3297975699054163,-1.0041168371783655,3.540783166885376,0.56440269947052,0.0,0.0,-0.0,0.0,0.0,0.0,-0.0869751051068306,3.982544422149658,-1.504254937171936,0.2063598781824112,-0.0358886756002903,-0.2086029201745987,0.1422674252519912,-0.3468796289233825,0.8900877492319693,-1.385334965429045,-1.5063979254168551,1.9509916485844006,0.0,0.0,0.0,0.0,0.0,0.0,1.7695566142836938,0.24339841436500986,-2.329816140589685,-1.004101392145385,3.540695881423035,0.5643377819968957,7.0,1.0,48.0,48.22800064086914,48.029998779296875,0.05,32.05,27.69,0.409,-0.283,1.307,0,1,0
1778204804.041805,1334.864,1.7696592807769775,0.2434636354446411,-2.3298216501819056,-1.0041049162494105,3.5407235622406006,0.5643907189369202,0.0,0.0,-0.0,0.0,0.0,0.0,-0.0732421949505806,3.991699695587158,-1.5244312286376953,0.2086029201745987,-0.0426178015768528,-0.1861725002527237,0.14227856982444195,-0.3468934712362791,0.8900641383056143,-1.3853141875999808,-1.5063901815439336,1.9509324115736169,0.0,0.0,0.0,0.0,0.0,0.0,1.7695566142836938,0.24339841436500986,-2.329816140589685,-1.004101392145385,3.540695881423035,0.5643377819968957,7.0,1.0,48.0,48.22800064086914,48.06100082397461,0.05,32.05,27.69,0.409,-0.283,1.307,0,1,0
1778204804.0452163,1334.8719999999998,1.7696112394332886,0.24342775344848633,-2.3298097292529505,-1.0040929953204554,3.5407235622406006,0.5644146800041199,0.0,0.0,-0.0,0.0,0.0,0.0,-0.0457763709127903,3.973389148712158,-1.5221893787384033,0.2041168361902237,-0.0471038855612278,-0.1861725002527237,0.1422555709183328,-0.3468830401784126,0.8900796387541604,-1.3853696480853381,-1.5063254086344748,1.950929216543892,0.0,0.0,0.0,0.0,0.0,0.0,1.7695566142836938,0.24339841436500986,-2.329816140589685,-1.004101392145385,3.540695881423035,0.5643377819968957,7.0,1.0,48.0,48.22800064086914,48.06100082397461,0.05,32.05,27.69,0.409,-0.283,1.307,0,1,0
1778204804.0592172,1334.8799999999999,1.7696592807769775,0.2434636354446411,-2.3297975699054163,-1.0040929953204554,3.5407354831695557,0.5644146800041199,0.0,0.0,-0.0,0.0,0.0,0.0,-0.0595092847943306,3.996277332305908,-1.5311566591262817,0.2063598781824112,-0.0403747595846653,-0.2198181450366974,0.14228043656726805,-0.3469148261056586,0.8900691222911987,-1.385310367251385,-1.5064166086048847,1.9509205174464397,0.0,0.0,0.0,0.0,0.0,0.0,1.7695566142836938,0.24339841436500986,-2.329816140589685,-1.004101392145385,3.540695881423035,0.5643377819968957,7.0,1.0,48.0,48.22800064086914,48.06100082397461,0.05,32.05,27.69,0.409,-0.283,1.307,0,1,0
1778204804.0630383,1334.888,1.7695753574371338,0.2434396743774414,-2.3298097292529505,-1.0041049162494105,3.5407590866088867,0.5643907189369202,0.0,0.0,-0.0,0.0,0.0,0.0,-0.1327514797449112,3.977966785430908,-1.5199475288391113,0.1996307522058487,-0.0336456336081028,-0.1839294582605362,0.14224982809363554,-0.3469010304817204,0.8900754964800497,-1.3853475807083877,-1.5063358010045427,1.9509136868096746,0.0,0.0,0.0,0.0,0.0,0.0,1.7695566142836938,0.24339841436500986,-2.329816140589685,-1.004101392145385,3.540695881423035,0.5643377819968957,7.0,1.0,48.0,48.22800064086914,48.06100082397461,0.05,32.05,27.69,0.409,-0.283,1.307,0,1,0
1778204804.066253,1334.896,1.7696112394332886,0.24345171451568604,-2.3298097292529505,-1.0040572325335901,3.5406997203826904,0.5643547773361206,0.0,0.0,-0.0,0.0,0.0,0.0,-0.0778198316693306,4.019165515899658,-1.5244312286376953,0.2086029201745987,-0.0403747595846653,-0.2243042290210724,0.14227107472438685,-0.34692822478417584,0.8900683038041652,-1.3852810448819077,-1.506365842861735,1.950825714275669,0.0,0.0,0.0,0.0,0.0,0.0,1.7695566142836938,0.24339841436500986,-2.329816140589685,-1.004101392145385,3.540695881423035,0.5643377819968957,7.0,1.0,48.0,48.22800064086914,48.06100082397461,0.05,32.05,27.69,0.409,-0.283,1.307,0,1,0
1778204804.0692937,1334.904,1.7695872783660889,0.2434396743774414,-2.329761568699972,-1.0040572325335901,3.5407235622406006,0.5643787384033203,0.0,0.0,-0.0,0.0,0.0,0.0,-0.0686645582318306,3.977966785430908,-1.5221893787384033,0.2108459621667862,-0.0426178015768528,-0.1929016262292862,0.1422667560658879,-0.3469616173185699,0.8900837758570737,-1.3852837426246554,-1.5063809913232045,1.950806233214578,0.0,0.0,0.0,0.0,0.0,0.0,1.7695566142836938,0.24339841436500986,-2.329816140589685,-1.004101392145385,3.540695881423035,0.5643377819968957,7.0,1.0,48.0,48.22800064086914,48.06100082397461,0.05,32.05,27.69,0.409,-0.283,1.307,0,1,0
1778204804.0841315,1334.912,1.7695993185043335,0.24340379238128662,-2.3297856489764612,-1.0040929953204554,3.54074764251709,0.5643787384033203,0.0,0.0,-0.0,0.0,0.0,0.0,-0.1327514797449112,3.977966785430908,-1.5199475288391113,0.1996307522058487,-0.0403747595846653,-0.1951446682214737,0.1422594853235218,-0.3468991268775328,0.8900934201431502,-1.3853284151824163,-1.5063527688501301,1.950914345787252,0.0,0.0,0.0,0.0,0.0,0.0,1.7695566142836938,0.24339841436500986,-2.329816140589685,-1.004101392145385,3.540695881423035,0.5643377819968957,7.0,1.0,48.0,48.22800064086914,48.06100082397461,0.05,32.05,27.69,0.409,-0.283,1.307,0,1,0
1778204804.0920823,1334.9199999999998,1.7696112394332886,0.2434396743774414,-2.329761568699972,-1.0041168371783655,3.5407116413116455,0.5643907189369202,0.0,0.0,-0.0,0.0,0.0,0.0,-0.0961303785443306,3.977966785430908,-1.513222098350525,0.2086029201745987,-0.0336456336081028,-0.2467346489429474,0.14226745636235102,-0.3469301908236669,0.8900872690071303,-1.3853274848325385,-1.5063476421656528,1.950875158560743,0.0,0.0,0.0,0.0,0.0,0.0,1.7695566142836938,0.24339841436500986,-2.329816140589685,-1.004101392145385,3.540695881423035,0.5643377819968957,7.0,1.0,48.0,48.22800064086914,48.06100082397461,0.05,32.05,27.69,0.409,-0.283,1.307,0,1,0
1778204804.0956893,1334.9279999999999,1.7695753574371338,0.24345171451568604,-2.3298097292529505,-1.0040810743915003,3.5406997203826904,0.5643547773361206,0.0,0.0,-0.0,0.0,0.0,0.0,-0.1007080152630806,3.982544422149658,-1.513222098350525,0.1996307522058487,-0.0403747595846653,-0.2086029201745987,0.14225664066394123,-0.3469236919208653,0.8900696285744544,-1.3853139228292912,-1.5063147870789122,1.950826147422671,0.0,0.0,0.0,0.0,0.0,0.0,1.7695566142836938,0.24339841436500986,-2.329816140589685,-1.004101392145385,3.540695881423035,0.5643377819968957,7.0,1.0,48.0,48.25899887084961,48.06100082397461,0.05,32.05,27.69,0.409,-0.283,1.307,0,1,0
1778204804.1037188,1334.936,1.769647240638733,0.2434396743774414,-2.3298335711108606,-1.0041168371783655,3.54074764251709,0.5643907189369202,0.0,0.0,-0.0,0.0,0.0,0.0,-0.0778198316693306,3.973389148712158,-1.5087385177612305,0.1929016262292862,-0.0448608435690403,-0.1951446682214737,0.14226890325487834,-0.3468637942353739,0.8900708165768703,-1.3853400950595092,-1.5063705517284103,1.9509825063096877,0.0,0.0,0.0,0.0,0.0,0.0,1.7695566142836938,0.24339841436500986,-2.329816140589685,-1.004101392145385,3.540695881423035,0.5643377819968957,7.0,1.0,48.0,48.25899887084961,48.029998779296875,0.05,32.05,27.69,0.409,-0.283,1.307,0,1,0
1778204804.1061401,1334.944,1.7696112394332886,0.24340379238128662,-2.329761568699972,-1.0041411558734339,3.5407235622406006,0.5644146800041199,0.0,0.0,-0.0,0.0,0.0,0.0,-0.0457763709127903,4.000854969024658,-1.5311566591262817,0.1973877102136612,-0.0426178015768528,-0.1996307522058487,0.14225658520544282,-0.34688861529696885,0.8901020315779216,-1.385384998615199,-1.5063095391102754,1.950951091785043,0.0,0.0,0.0,0.0,0.0,0.0,1.7695566142836938,0.24339841436500986,-2.329816140589685,-1.004101392145385,3.540695881423035,0.5643377819968957,7.0,1.0,47.986000061035156,48.25899887084961,48.029998779296875,0.05,32.05,27.69,0.409,-0.283,1.307,0,1,0
1778204804.1181998,1334.952,1.7695872783660889,0.24349963665008545,-2.3298097292529505,-1.0041168371783655,3.540771245956421,0.5643547773361206,0.0,0.0,-0.0,0.0,0.0,0.0,-0.1190185695886612,3.996277332305908,-1.515463948249817,0.2063598781824112,-0.0403747595846653,-0.2108459621667862,0.1422687191575062,-0.34694916397583025,0.8900536420120382,-1.3852695226545975,-1.5064065184820938,1.9508622815755006,0.0,0.0,0.0,0.0,0.0,0.0,1.7695566142836938,0.24339841436500986,-2.329816140589685,-1.004101392145385,3.540695881423035,0.5643377819968957,7.0,1.0,47.986000061035156,48.25899887084961,48.029998779296875,0.05,32.05,27.69,0.409,-0.283,1.307,0,1,0
1778204804.1222398,1334.96,1.7695993185043335,0.2434157133102417,-2.329761568699972,-1.0041049162494105,3.54074764251709,0.5643907189369202,0.0,0.0,-0.0,0.0,0.0,0.0,-0.0915527418255806,3.977966785430908,-1.5177057981491089,0.2063598781824112,-0.0426178015768528,-0.2198181450366974,0.14226257244315518,-0.3469217338304349,0.8900952665995612,-1.3853252982080564,-1.5063641112404118,1.9508994411184641,0.0,0.0,0.0,0.0,0.0,0.0,1.7695566142836938,0.24339841436500986,-2.329816140589685,-1.004101392145385,3.540695881423035,0.5643377819968957,7.0,1.0,47.986000061035156,48.25899887084961,48.029998779296875,0.05,32.05,27.69,0.409,-0.283,1.307,0,1,0
1778204804.1390913,1334.9679999999998,1.7696353197097778,0.24345171451568604,-2.3298097292529505,-1.0040810743915003,3.54074764251709,0.5643667578697205,0.0,0.0,-0.0,0.0,0.0,0.0,-0.0778198316693306,3.959656238555908,-1.5199475288391113,0.2041168361902237,-0.0403747595846653,-0.2220611870288849,0.1422778962574694,-0.34691610823451546,0.8900695371259442,-1.3852758711688533,-1.5064167291593669,1.9508958543402717,0.0,0.0,0.0,0.0,0.0,0.0,1.7695566142836938,0.24339841436500986,-2.329816140589685,-1.004101392145385,3.540695881423035,0.5643377819968957,7.0,1.0,47.986000061035156,48.25899887084961,48.029998779296875,0.05,32.05,27.69,0.409,-0.283,1.307,0,1,0
1778204804.1452477,1334.9759999999999,1.7695872783660889,0.24345171451568604,-2.3297856489764612,-1.0040810743915003,3.540771245956421,0.5643907189369202,0.0,0.0,-0.0,0.0,0.0,0.0,-0.1373291164636612,3.964233875274658,-1.5109803676605225,0.2041168361902237,-0.0426178015768528,-0.2041168361902237,0.14226270767049948,-0.3469404301532766,0.8900751299265156,-1.3852981982774228,-1.5063999380579676,1.9508729007724483,0.0,0.0,0.0,0.0,0.0,0.0,1.7695566142836938,0.24339841436500986,-2.329816140589685,-1.004101392145385,3.540695881423035,0.5643377819968957,7.0,1.0,47.986000061035156,48.25899887084961,48.029998779296875,0.05,32.05,27.69,0.409,-0.283,1.307,0,1,0
1778204804.1543975,1334.9759999999999,1.7695872783660889,0.24345171451568604,-2.3297856489764612,-1.0040810743915003,3.540771245956421,0.5643907189369202,0.0,0.0,-0.0,0.0,0.0,0.0,-0.1373291164636612,3.964233875274658,-1.5109803676605225,0.2041168361902237,-0.0426178015768528,-0.2041168361902237,0.14226270767049948,-0.3469404301532766,0.8900751299265156,-1.3852981982774228,-1.5063999380579676,1.9508729007724483,0.0,0.0,0.0,0.0,0.0,0.0,1.7695566142836938,0.24339841436500986,-2.329816140589685,-1.004101392145385,3.540695881423035,0.5643377819968957,7.0,1.0,47.986000061035156,48.25899887084961,48.029998779296875,0.05,32.06,27.6,0.413,-0.286,1.307,0,0,1
1778204804.1591897,1334.984,1.7696592807769775,0.24337971210479736,-2.3298097292529505,-1.0040810743915003,3.54074764251709,0.5644146800041199,0.0,0.0,-0.0,0.0,0.0,0.0,-0.0915527418255806,3.977966785430908,-1.5177057981491089,0.2018737941980362,-0.0336456336081028,-0.1996307522058487,0.14226724259193022,-0.34684709183139384,0.8900965559209315,-1.3853584901394735,-1.506372398693403,1.9510043954996084,0.0,0.0,0.0,0.0,0.0,0.0,1.7695566142836938,0.24339841436500986,-2.329816140589685,-1.004101392145385,3.540695881423035,0.5643377819968957,7.0,1.0,47.986000061035156,48.25899887084961,48.029998779296875,0.05,32.06,27.6,0.413,-0.286,1.307,0,1,0
1778204804.1647007,1334.992,1.7695633172988892,0.24340379238128662,-2.3298097292529505,-1.0040929953204554,3.5407116413116455,0.56440269947052,0.0,0.0,-0.0,0.0,0.0,0.0,-0.1327514797449112,3.973389148712158,-1.515463948249817,0.2041168361902237,-0.0448608435690403,-0.1929016262292862,0.14223675383897313,-0.3468739381028173,0.8900883890427118,-1.3854013819354922,-1.506255382136917,1.9509088742472949,0.0,0.0,0.0,0.0,0.0,0.0,1.7695566142836938,0.24339841436500986,-2.329816140589685,-1.004101392145385,3.540695881423035,0.5643377819968957,7.0,1.0,47.986000061035156,48.25899887084961,48.029998779296875,0.05,32.06,27.6,0.413,-0.286,1.307,0,1,0
1778204804.17494,1335.0,1.7696112394332886,0.24337971210479736,-2.3298097292529505,-1.0040810743915003,3.5407116413116455,0.5643787384033203,0.0,0.0,-0.0,0.0,0.0,0.0,-0.0778198316693306,3.973389148712158,-1.5199475288391113,0.2041168361902237,-0.0336456336081028,-0.2018737941980362,0.14225480579801472,-0.34685985603593483,0.8900963402947841,-1.3853611848164287,-1.5063038594541092,1.9509342640011258,0.0,0.0,0.0,0.0,0.0,0.0,1.7695566142836938,0.24339841436500986,-2.329816140589685,-1.004101392145385,3.540695881423035,0.5643377819968957,7.0,1.0,47.986000061035156,48.2130012512207,48.029998779296875,0.05,32.06,27.6,0.413,-0.286,1.307,0,1,0
1778204804.1887827,1335.008,1.7695872783660889,0.2434396743774414,-2.329761568699972,-1.0041168371783655,3.5407354831695557,0.5643907189369202,0.0,0.0,-0.0,0.0,0.0,0.0,-0.0778198316693306,3.982544422149658,-1.513222098350525,0.2153320610523224,-0.0471038855612278,-0.2243042290210724,0.14226037923092172,-0.34693554025189105,0.8900871604074496,-1.3853289036272614,-1.5063481816443454,1.9508743798418695,0.0,0.0,0.0,0.0,0.0,0.0,1.7695566142836938,0.24339841436500986,-2.329816140589685,-1.004101392145385,3.540695881423035,0.5643377819968957,7.0,1.0,47.986000061035156,48.2130012512207,48.029998779296875,0.05,32.06,27.6,0.413,-0.286,1.307,0,1,0
1778204804.195654,1335.0159999999998,1.7695872783660889,0.24345171451568604,-2.3298216501819056,-1.0041168371783655,3.5407235622406006,0.5643907189369202,0.0,0.0,-0.0,0.0,0.0,0.0,-0.0823974683880806,3.973389148712158,-1.502013087272644,0.2063598781824112,-0.0336456336081028,-0.1839294582605362,0.14225080509560026,-0.3468899896731327,0.8900691899138027,-1.3853647274912664,-1.5063037953187712,1.9509114561556176,0.0,0.0,0.0,0.0,0.0,0.0,1.7695566142836938,0.24339841436500986,-2.329816140589685,-1.004101392145385,3.540695881423035,0.5643377819968957,7.0,1.0,47.986000061035156,48.2130012512207,48.029998779296875,0.05,32.06,27.6,0.413,-0.286,1.307,0,1,0
1778204804.199265,1335.024,1.769647240638733,0.24342775344848633,-2.329761568699972,-1.0041049162494105,3.5407354831695557,0.5643667578697205,0.0,0.0,-0.0,0.0,0.0,0.0,-0.0732421949505806,3.959656238555908,-1.5378820896148682,0.1659851223230362,-0.02467346377670765,-0.2018737941980362,0.1422844419565214,-0.34692882837617467,0.8900906346319415,-1.3852750735104875,-1.5064165782892023,1.9508957880292377,0.0,0.0,0.0,0.0,0.0,0.0,1.7695566142836938,0.24339841436500986,-2.329816140589685,-1.004101392145385,3.540695881423035,0.5643377819968957,7.0,1.0,48.0,48.2130012512207,48.029998779296875,0.05,32.06,27.6,0.413,-0.286,1.307,0,1,0
1778204804.2160797,1335.032,1.7696353197097778,0.24342775344848633,-2.3297975699054163,-1.0040810743915003,3.5407354831695557,0.5643787384033203,0.0,0.0,-0.0,0.0,0.0,0.0,-0.0686645582318306,3.977966785430908,-1.499771237373352,0.2041168361902237,-0.0314025916159153,-0.1996307522058487,0.14227380728363856,-0.3469051061975581,0.8900812933090956,-1.3853007738327674,-1.5063917589764904,1.950906941452839,0.0,0.0,0.0,0.0,0.0,0.0,1.7695566142836938,0.24339841436500986,-2.329816140589685,-1.004101392145385,3.540695881423035,0.5643377819968957,7.0,1.0,48.0,48.2130012512207,48.029998779296875,0.05,32.06,27.6,0.413,-0.286,1.307,0,1,0
1778204804.2183664,1335.04,1.7695993185043335,0.24345171451568604,-2.3298097292529505,-1.004068676625387,3.5407354831695557,0.5643787384033203,0.0,0.0,-0.0,0.0,0.0,0.0,-0.0915527418255806,3.982544422149658,-1.5177057981491089,0.2086029201745987,-0.0358886756002903,-0.2108459621667862,0.1422637782562773,-0.34692229863914253,0.8900690304818808,-1.385303044869001,-1.5063727185281928,1.950863447843672,0.0,0.0,0.0,0.0,0.0,0.0,1.7695566142836938,0.24339841436500986,-2.329816140589685,-1.004101392145385,3.540695881423035,0.5643377819968957,7.0,1.0,48.0,48.2130012512207,48.029998779296875,0.05,32.06,27.6,0.413,-0.286,1.307,0,1,0
1778204804.2288415,1335.048,1.7695872783660889,0.2434396743774414,-2.3297856489764612,-1.0040929953204554,3.5406997203826904,0.5643787384033203,0.0,0.0,-0.0,0.0,0.0,0.0,-0.0778198316693306,3.959656238555908,-1.5199475288391113,0.2153320610523224,-0.0358886756002903,-0.1839294582605362,0.14225822588635828,-0.3469237475519108,0.8900804252250549,-1.3853323322503763,-1.5063168519803558,1.9508473523180048,0.0,0.0,0.0,0.0,0.0,0.0,1.7695566142836938,0.24339841436500986,-2.329816140589685,-1.004101392145385,3.540695881423035,0.5643377819968957,7.0,1.0,48.0,48.2130012512207,48.029998779296875,0.05,32.06,27.6,0.413,-0.286,1.307,0,1,0
1778204804.2323093,1335.056,1.7696353197097778,0.24345171451568604,-2.3297975699054163,-1.0040810743915003,3.54074764251709,0.5643547773361206,0.0,0.0,-0.0,0.0,0.0,0.0,-0.1144409328699112,3.968811511993408,-1.5266729593276978,0.2063598781824112,-0.0381317175924778,-0.1973877102136612,0.14228210704114133,-0.34692990410567925,0.890072160633842,-1.3852559533484872,-1.506429798589747,1.9508776515725292,0.0,0.0,0.0,0.0,0.0,0.0,1.7695566142836938,0.24339841436500986,-2.329816140589685,-1.004101392145385,3.540695881423035,0.5643377819968957,7.0,1.0,48.0,48.2130012512207,48.029998779296875,0.05,32.06,27.6,0.413,-0.286,1.307,0,1,0
1778204804.2402651,1335.0639999999999,1.7695993185043335,0.2434157133102417,-2.3297856489764612,-1.0041049162494105,3.5407590866088867,0.5644146800041199,0.0,0.0,-0.0,0.0,0.0,0.0,-0.0549316480755806,3.991699695587158,-1.5064966678619385,0.2063598781824112,-0.0403747595846653,-0.2332763969898224,0.14225478771967964,-0.3468952858899996,0.8900900202778628,-1.3853600166894948,-1.5063496375514718,1.9509420803793984,0.0,0.0,0.0,0.0,0.0,0.0,1.7695566142836938,0.24339841436500986,-2.329816140589685,-1.004101392145385,3.540695881423035,0.5643377819968957,7.0,1.0,48.0,48.2130012512207,48.029998779296875,0.05,32.06,27.6,0.413,-0.286,1.307,0,1,0
1778204804.24469,1335.072,1.7695872783660889,0.24345171451568604,-2.3297856489764612,-1.0040810743915003,3.5406997203826904,0.5643787384033203,0.0,0.0,-0.0,0.0,0.0,0.0,-0.0823974683880806,3.977966785430908,-1.5221893787384033,0.2130890041589737,-0.0426178015768528,-0.2198181450366974,0.1422610310452769,-0.3469375617791027,0.8900753290555103,-1.385317055459396,-1.506332901856903,1.9508254720432199,0.0,0.0,0.0,0.0,0.0,0.0,1.7695566142836938,0.24339841436500986,-2.329816140589685,-1.004101392145385,3.540695881423035,0.5643377819968957,7.0,1.0,48.0,48.25899887084961,48.029998779296875,0.05,32.06,27.6,0.413,-0.286,1.307,0,1,0
1778204804.2580006,1335.08,1.7696353197097778,0.24345171451568604,-2.3298335711108606,-1.0040572325335901,3.5407590866088867,0.5643907189369202,0.0,0.0,-0.0,0.0,0.0,0.0,-0.0915527418255806,3.991699695587158,-1.5064966678619385,0.2063598781824112,-0.0471038855612278,-0.2063598781824112,0.1422721394918145,-0.34689951076122316,0.8900630206819291,-1.3852951721802509,-1.5064183838670433,1.9509165487197064,0.0,0.0,0.0,0.0,0.0,0.0,1.7695566142836938,0.24339841436500986,-2.329816140589685,-1.004101392145385,3.540695881423035,0.5643377819968957,7.0,1.0,48.0,48.25899887084961,48.04600143432617,0.05,32.06,27.6,0.413,-0.286,1.307,0,1,0
1778204804.2604187,1335.088,1.769647240638733,0.2434396743774414,-2.3297856489764612,-1.0040810743915003,3.5407590866088867,0.5643547773361206,0.0,0.0,-0.0,0.0,0.0,0.0,-0.0823974683880806,3.982544422149658,-1.513222098350525,0.2153320610523224,-0.0403747595846653,-0.2130890041589737,0.14228716046659884,-0.3469307739769118,0.8900792387938858,-1.3852451822182879,-1.5064529250660978,1.9508913180611895,0.0,0.0,0.0,0.0,0.0,0.0,1.7695566142836938,0.24339841436500986,-2.329816140589685,-1.004101392145385,3.540695881423035,0.5643377819968957,7.0,1.0,48.0,48.25899887084961,48.04600143432617,0.05,32.06,27.6,0.413,-0.286,1.307,0,1,0
1778204804.264258,1335.096,1.7695872783660889,0.2434157133102417,-2.3298097292529505,-1.0040810743915003,3.5407116413116455,0.5643667578697205,0.0,0.0,-0.0,0.0,0.0,0.0,-0.1052856519818306,3.987122058868408,-1.515463948249817,0.2063598781824112,-0.0403747595846653,-0.1996307522058487,0.14225394448955653,-0.34689311565963854,0.8900829579201046,-1.3853379227060314,-1.5063094290346803,1.9508799935649592,0.0,0.0,0.0,0.0,0.0,0.0,1.7695566142836938,0.24339841436500986,-2.329816140589685,-1.004101392145385,3.540695881423035,0.5643377819968957,7.0,1.0,48.0,48.25899887084961,48.04600143432617,0.05,32.06,27.6,0.413,-0.286,1.307,0,1,0
1778204804.268069,1335.104,1.7696112394332886,0.24342775344848633,-2.329773728047506,-1.0040810743915003,3.5406875610351562,0.5643667578697205,0.0,0.0,-0.0,0.0,0.0,0.0,-0.1098632961511612,3.973389148712158,-1.5109803676605225,0.2041168361902237,-0.0358886756002903,-0.2175751030445099,0.14226927408268433,-0.34692884498885396,0.8900867779372577,-1.3853060155903525,-1.5063409643394763,1.9508367765393364,0.0,0.0,0.0,0.0,0.0,0.0,1.7695566142836938,0.24339841436500986,-2.329816140589685,-1.004101392145385,3.540695881423035,0.5643377819968957,7.0,1.0,48.0,48.25899887084961,48.04600143432617,0.05,32.06,27.6,0.413,-0.286,1.307,0,1,0
1778204804.2829373,1335.1119999999999,1.7695753574371338,0.24342775344848633,-2.329761568699972,-1.0040810743915003,3.5407590866088867,0.5643907189369202,0.0,0.0,-0.0,0.0,0.0,0.0,-0.0503540076315403,3.996277332305908,-1.502013087272644,0.2041168361902237,-0.0336456336081028,-0.1906585842370987,0.14225865073008223,-0.3469447072380675,0.8900894559776351,-1.3853091858557673,-1.5063762188264544,1.9508589289271927,0.0,0.0,0.0,0.0,0.0,0.0,1.7695566142836938,0.24339841436500986,-2.329816140589685,-1.004101392145385,3.540695881423035,0.5643377819968957,7.0,1.0,48.0,48.25899887084961,48.04600143432617,0.05,32.06,27.6,0.413,-0.286,1.307,0,1,0
1778204804.2887723,1335.12,1.7695993185043335,0.24337971210479736,-2.3297856489764612,-1.0040448347674769,3.5407354831695557,0.5643907189369202,0.0,0.0,-0.0,0.0,0.0,0.0,-0.1235962063074112,3.964233875274658,-1.5221893787384033,0.2063598781824112,-0.0381317175924778,-0.1996307522058487,0.14225721043606296,-0.34689666047835716,0.8900997940164277,-1.3853303062744298,-1.5063517812101426,1.9508927467327728,0.0,0.0,0.0,0.0,0.0,0.0,1.7695566142836938,0.24339841436500986,-2.329816140589685,-1.004101392145385,3.540695881423035,0.5643377819968957,7.0,1.0,48.0,48.25899887084961,48.04600143432617,0.05,32.06,27.6,0.413,-0.286,1.307,0,1,0
1778204804.2914217,1335.128,1.7696353197097778,0.24342775344848633,-2.329773728047506,-1.0041049162494105,3.5406875610351562,0.5643787384033203,0.0,0.0,-0.0,0.0,0.0,0.0,-0.0457763709127903,3.982544422149658,-1.5109803676605225,0.2086029201745987,-0.0381317175924778,-0.2265472710132599,0.1422736113792494,-0.346912828047091,0.8900882292334875,-1.3853216302166123,-1.5063436668706423,1.9508799019467846,0.0,0.0,0.0,0.0,0.0,0.0,1.7695566142836938,0.24339841436500986,-2.329816140589685,-1.004101392145385,3.540695881423035,0.5643377819968957,7.0,1.0,48.0,48.25899887084961,48.04600143432617,0.05,32.06,27.6,0.413,-0.286,1.307,0,1,0
1778204804.2968912,1335.136,1.7696353197097778,0.2434157133102417,-2.329773728047506,-1.0040929953204554,3.540771245956421,0.5643787384033203,0.0,0.0,-0.0,0.0,0.0,0.0,-0.1098632961511612,3.955078601837158,-1.5087385177612305,0.2041168361902237,-0.0426178015768528,-0.1996307522058487,0.14227712961914576,-0.34691546259786693,0.8900916196725921,-1.385285339372905,-1.5064277250648028,1.9509272305634033,0.0,0.0,0.0,0.0,0.0,0.0,1.7695566142836938,0.24339841436500986,-2.329816140589685,-1.004101392145385,3.540695881423035,0.5643377819968957,7.0,1.0,48.0,48.25899887084961,48.04600143432617,0.05,32.06,27.6,0.413,-0.286,1.307,0,1,0
1778204804.299323,1335.136,1.7696353197097778,0.2434157133102417,-2.329773728047506,-1.0040929953204554,3.540771245956421,0.5643787384033203,0.0,0.0,-0.0,0.0,0.0,0.0,-0.1098632961511612,3.955078601837158,-1.5087385177612305,0.2041168361902237,-0.0426178015768528,-0.1996307522058487,0.14227712961914576,-0.34691546259786693,0.8900916196725921,-1.385285339372905,-1.5064277250648028,1.9509272305634033,0.0,0.0,0.0,0.0,0.0,0.0,1.7695566142836938,0.24339841436500986,-2.329816140589685,-1.004101392145385,3.540695881423035,0.5643377819968957,7.0,1.0,48.0,48.25899887084961,48.04600143432617,0.05,32.06,27.86,0.405,-0.276,1.304,0,0,1
1778204804.3016372,1335.144,1.7696112394332886,0.24342775344848633,-2.3297856489764612,-1.0040810743915003,3.5407354831695557,0.56440269947052,0.0,0.0,-0.0,0.0,0.0,0.0,-0.0823974683880806,3.959656238555908,-1.5266729593276978,0.1996307522058487,-0.0314025916159153,-0.2310333549976349,0.14226352894211663,-0.3469132552632942,0.8900842433703327,-1.3853293280474177,-1.5063664777773123,1.9508959948984237,0.0,0.0,0.0,0.0,0.0,0.0,1.7695566142836938,0.24339841436500986,-2.329816140589685,-1.004101392145385,3.540695881423035,0.5643377819968957,7.0,1.0,48.0,48.198001861572266,48.04600143432617,0.05,32.06,27.86,0.405,-0.276,1.304,0,1,0
1778204804.3117313,1335.152,1.7695753574371338,0.24342775344848633,-2.3297975699054163,-1.0040810743915003,3.5407590866088867,0.5643787384033203,0.0,0.0,-0.0,0.0,0.0,0.0,-0.1190185695886612,3.973389148712158,-1.5177057981491089,0.1996307522058487,-0.0403747595846653,-0.1884155422449112,0.14225422927170617,-0.34691555781504324,0.8900811858241122,-1.3853199659141746,-1.5063568512342824,1.9508846650944838,0.0,0.0,0.0,0.0,0.0,0.0,1.7695566142836938,0.24339841436500986,-2.329816140589685,-1.004101392145385,3.540695881423035,0.5643377819968957,7.0,1.0,48.0,48.198001861572266,48.029998779296875,0.05,32.06,27.86,0.405,-0.276,1.304,0,1,0
1778204804.3140674,1335.1599999999999,1.7695872783660889,0.2434636354446411,-2.3297975699054163,-1.0041049162494105,3.5407116413116455,0.5643907189369202,0.0,0.0,-0.0,0.0,0.0,0.0,-0.1144409328699112,3.982544422149658,-1.4975295066833496,0.2063598781824112,-0.0314025916159153,-0.2086029201745987,0.14225729042264637,-0.346924217191548,0.890069639738264,-1.3853393483575687,-1.5063239989866348,1.9508609957195528,0.0,0.0,0.0,0.0,0.0,0.0,1.7695566142836938,0.24339841436500986,-2.329816140589685,-1.004101392145385,3.540695881423035,0.5643377819968957,7.0,1.0,48.0,48.198001861572266,48.029998779296875,0.05,32.06,27.86,0.405,-0.276,1.304,0,1,0
1778204804.3160305,1335.168,1.7695993185043335,0.2434396743774414,-2.3297856489764612,-1.0040810743915003,3.540783166885376,0.5644146800041199,0.0,0.0,-0.0,0.0,0.0,0.0,-0.1052856519818306,3.977966785430908,-1.5177057981491089,0.2130890041589737,-0.0336456336081028,-0.2220611870288849,0.14226162852348198,-0.3469247854896484,0.8900797629666104,-1.385319095007461,-1.506405871326556,1.95091200129861,0.0,0.0,0.0,0.0,0.0,0.0,1.7695566142836938,0.24339841436500986,-2.329816140589685,-1.004101392145385,3.540695881423035,0.5643377819968957,7.0,1.0,48.0,48.198001861572266,48.029998779296875,0.05,32.06,27.86,0.405,-0.276,1.304,0,1,0
1778204804.3273711,1335.176,1.7696112394332886,0.24347567558288574,-2.3297856489764612,-1.0041049162494105,3.5407590866088867,0.5643787384033203,0.0,0.0,-0.0,0.0,0.0,0.0,-0.0778198316693306,3.964233875274658,-1.5109803676605225,0.1929016262292862,-0.0381317175924778,-0.1906585842370987,0.142274042606116,-0.34694724898303964,0.890067559158598,-1.3852795990405022,-1.5064161125153759,1.9508729573208075,0.0,0.0,0.0,0.0,0.0,0.0,1.7695566142836938,0.24339841436500986,-2.329816140589685,-1.004101392145385,3.540695881423035,0.5643377819968957,7.0,1.0,48.0,48.198001861572266,48.029998779296875,0.05,32.06,27.86,0.405,-0.276,1.304,0,1,0
1778204804.3328133,1335.184,1.7696112394332886,0.24342775344848633,-2.329773728047506,-1.0040572325335901,3.5407235622406006,0.56440269947052,0.0,0.0,-0.0,0.0,0.0,0.0,-0.0732421949505806,3.996277332305908,-1.515463948249817,0.2063598781824112,-0.0358886756002903,-0.2041168361902237,0.14226703380133265,-0.3469325524752629,0.8900856696326909,-1.3853116337747815,-1.5063784866762335,1.950856672358297,0.0,0.0,0.0,0.0,0.0,0.0,1.7695566142836938,0.24339841436500986,-2.329816140589685,-1.004101392145385,3.540695881423035,0.5643377819968957,7.0,1.0,48.029998779296875,48.198001861572266,48.029998779296875,0.05,32.06,27.86,0.405,-0.276,1.304,0,1,0
1778204804.3435154,1335.192,1.7696112394332886,0.2434636354446411,-2.3297975699054163,-1.0041168371783655,3.5407354831695557,0.5643787384033203,0.0,0.0,-0.0,0.0,0.0,0.0,-0.0869751051068306,3.987122058868408,-1.5244312286376953,0.2018737941980362,-0.0403747595846653,-0.2086029201745987,0.14226787670900443,-0.3469208836909917,0.8900700666569752,-1.3853127128014635,-1.5063683011296072,1.95089240870422,0.0,0.0,0.0,0.0,0.0,0.0,1.7695566142836938,0.24339841436500986,-2.329816140589685,-1.004101392145385,3.540695881423035,0.5643377819968957,7.0,1.0,48.029998779296875,48.198001861572266,48.029998779296875,0.05,32.06,27.86,0.405,-0.276,1.304,0,1,0
1778204804.3457887,1335.2,1.769647240638733,0.2434157133102417,-2.329749647771017,-1.0041411558734339,3.5407116413116455,0.5643787384033203,0.0,0.0,-0.0,0.0,0.0,0.0,-0.1235962063074112,3.982544422149658,-1.5221893787384033,0.2018737941980362,-0.0381317175924778,-0.2041168361902237,0.14227848046173572,-0.3469109199854894,0.8901000133558463,-1.3853208334148512,-1.5063634196574003,1.9509226232121994,0.0,0.0,0.0,0.0,0.0,0.0,1.7695566142836938,0.24339841436500986,-2.329816140589685,-1.004101392145385,3.540695881423035,0.5643377819968957,7.0,1.0,48.029998779296875,48.198001861572266,48.029998779296875,0.05,32.06,27.86,0.405,-0.276,1.304,0,1,0
1778204804.3540115,1335.2079999999999,1.7695993185043335,0.24345171451568604,-2.3297975699054163,-1.0040572325335901,3.5407590866088867,0.5643667578697205,0.0,0.0,-0.0,0.0,0.0,0.0,-0.1235962063074112,3.982544422149658,-1.5177057981491089,0.2130890041589737,-0.0291595496237278,-0.1973877102136612,0.14227016522799074,-0.3469426417969169,0.8900709104216613,-1.3852655615377298,-1.5064171844126268,1.9508481212651465,0.0,0.0,0.0,0.0,0.0,0.0,1.7695566142836938,0.24339841436500986,-2.329816140589685,-1.004101392145385,3.540695881423035,0.5643377819968957,7.0,1.0,48.029998779296875,48.198001861572266,48.029998779296875,0.05,32.06,27.86,0.405,-0.276,1.304,0,1,0
1778204804.356852,1335.216,1.769647240638733,0.2434636354446411,-2.3298216501819056,-1.004068676625387,3.54074764251709,0.5643547773361206,0.0,0.0,-0.0,0.0,0.0,0.0,-0.1007080152630806,4.000854969024658,-1.5266729593276978,0.1996307522058487,-0.0358886756002903,-0.2265472710132599,0.14228475322822842,-0.3469206531182176,0.8900616350219996,-1.3852499447618187,-1.5064415273530414,1.9508844884795373,0.0,0.0,0.0,0.0,0.0,0.0,1.7695566142836938,0.24339841436500986,-2.329816140589685,-1.004101392145385,3.540695881423035,0.5643377819968957,7.0,1.0,48.029998779296875,48.25899887084961,48.029998779296875,0.05,32.06,27.86,0.405,-0.276,1.304,0,1,0
1778204804.3747506,1335.224,1.7696353197097778,0.24345171451568604,-2.3298097292529505,-1.0040810743915003,3.5407590866088867,0.5643787384033203,0.0,0.0,-0.0,0.0,0.0,0.0,-0.0869751051068306,3.955078601837158,-1.5244312286376953,0.2063598781824112,-0.0336456336081028,-0.2041168361902237,0.14227645860523935,-0.34691408635218235,0.8900696117811993,-1.385283073864659,-1.5064233556636184,1.9509094147566441,0.0,0.0,0.0,0.0,0.0,0.0,1.7695566142836938,0.24339841436500986,-2.329816140589685,-1.004101392145385,3.540695881423035,0.5643377819968957,7.0,1.0,48.029998779296875,48.25899887084961,48.04600143432617,0.05,32.06,27.86,0.405,-0.276,1.304,0,1,0
1778204804.3804958,1335.232,1.7695993185043335,0.2434396743774414,-2.3297975699054163,-1.0041049162494105,3.5407235622406006,0.5644146800041199,0.0,0.0,-0.0,0.0,0.0,0.0,-0.1098632961511612,3.977966785430908,-1.5266729593276978,0.2086029201745987,-0.0426178015768528,-0.2086029201745987,0.1422544168727732,-0.34689966611852957,0.8900786621028475,-1.385367813198421,-1.506321944019137,1.9509110046297926,0.0,0.0,0.0,0.0,0.0,0.0,1.7695566142836938,0.24339841436500986,-2.329816140589685,-1.004101392145385,3.540695881423035,0.5643377819968957,7.0,1.0,48.029998779296875,48.25899887084961,48.04600143432617,0.05,32.06,27.86,0.405,-0.276,1.304,0,1,0
1778204804.3881228,1335.24,1.7696353197097778,0.24342775344848633,-2.329737726842062,-1.004068676625387,3.5407354831695557,0.5643547773361206,0.0,0.0,-0.0,0.0,0.0,0.0,-0.0778198316693306,3.977966785430908,-1.5289148092269897,0.1996307522058487,-0.0448608435690403,-0.2265472710132599,0.1422896302301922,-0.3469693868708071,0.8900938860005952,-1.3852303548061464,-1.5064501252958067,1.9508268278930934,0.0,0.0,0.0,0.0,0.0,0.0,1.7695566142836938,0.24339841436500986,-2.329816140589685,-1.004101392145385,3.540695881423035,0.5643377819968957,7.0,1.0,48.029998779296875,48.25899887084961,48.04600143432617,0.05,32.06,27.86,0.405,-0.276,1.304,0,1,0
1778204804.3963792,1335.248,1.7695993185043335,0.24340379238128662,-2.3297856489764612,-1.0040572325335901,3.5407116413116455,0.5644146800041199,0.0,0.0,-0.0,0.0,0.0,0.0,-0.0732421949505806,3.973389148712158,-1.504254937171936,0.1973877102136612,-0.0515899695456028,-0.1749572902917862,0.14225450572701356,-0.346901792589127,0.8900919775856548,-1.3853576323515322,-1.5063258789117857,1.950882788882454,0.0,0.0,0.0,0.0,0.0,0.0,1.7695566142836938,0.24339841436500986,-2.329816140589685,-1.004101392145385,3.540695881423035,0.5643377819968957,7.0,1.0,48.029998779296875,48.25899887084961,48.04600143432617,0.05,32.06,27.86,0.405,-0.276,1.304,0,1,0
1778204804.4006703,1335.2559999999999,1.7696353197097778,0.24342775344848633,-2.3298216501819056,-1.004068676625387,3.5407590866088867,0.5643787384033203,0.0,0.0,-0.0,0.0,0.0,0.0,-0.0595092847943306,3.977966785430908,-1.5378820896148682,0.1906585842370987,-0.0403747595846653,-0.1884155422449112,0.1422717466450748,-0.3468905664833654,0.8900750496466463,-1.3852979457292263,-1.506407575204637,1.9509309183835488,0.0,0.0,0.0,0.0,0.0,0.0,1.7695566142836938,0.24339841436500986,-2.329816140589685,-1.004101392145385,3.540695881423035,0.5643377819968957,7.0,1.0,48.029998779296875,48.25899887084961,48.04600143432617,0.05,32.06,27.86,0.405,-0.276,1.304,0,1,0
1778204804.4211283,1335.264,1.7695753574371338,0.2434157133102417,-2.329773728047506,-1.004068676625387,3.5407354831695557,0.5643907189369202,0.0,0.0,-0.0,0.0,0.0,0.0,-0.0869751051068306,3.973389148712158,-1.5244312286376953,0.1996307522058487,-0.0336456336081028,-0.1816864162683487,0.14225446828636007,-0.3469279592759118,0.8900905582417212,-1.3853268792725069,-1.5063445322128883,1.9508564362398049,0.0,0.0,0.0,0.0,0.0,0.0,1.7695566142836938,0.24339841436500986,-2.329816140589685,-1.004101392145385,3.540695881423035,0.5643377819968957,7.0,1.0,48.01499938964844,48.25899887084961,48.04600143432617,0.05,32.06,27.86,0.405,-0.276,1.304,0,1,0
1778204804.4254584,1335.272,1.7695993185043335,0.2434396743774414,-2.329761568699972,-1.0041168371783655,3.5407235622406006,0.5643787384033203,0.0,0.0,-0.0,0.0,0.0,0.0,-0.1098632961511612,3.977966785430908,-1.5289148092269897,0.2041168361902237,-0.0291595496237278,-0.1749572902917862,0.14226596922187287,-0.3469358105267951,0.8900870879659609,-1.3853159982757473,-1.5063528507802448,1.950867695154306,0.0,0.0,0.0,0.0,0.0,0.0,1.7695566142836938,0.24339841436500986,-2.329816140589685,-1.004101392145385,3.540695881423035,0.5643377819968957,7.0,1.0,48.01499938964844,48.25899887084961,48.04600143432617,0.05,32.06,27.86,0.405,-0.276,1.304,0,1,0
1778204804.4304278,1335.28,1.7696353197097778,0.24342775344848633,-2.3298097292529505,-1.0041287581073206,3.5407354831695557,0.5643787384033203,0.0,0.0,-0.0,0.0,0.0,0.0,-0.0778198316693306,3.987122058868408,-1.5244312286376953,0.2108459621667862,-0.0381317175924778,-0.2175751030445099,0.14226765525036286,-0.34687498856731774,0.8900811908226387,-1.3853390574562021,-1.5063516359789326,1.950961488324134,0.0,0.0,0.0,0.0,0.0,0.0,1.7695566142836938,0.24339841436500986,-2.329816140589685,-1.004101392145385,3.540695881423035,0.5643377819968957,7.0,1.0,48.01499938964844,48.25899887084961,48.04600143432617,0.05,32.06,27.86,0.405,-0.276,1.304,0,1,0
1778204804.4437008,1335.288,1.7695872783660889,0.24345171451568604,-2.329761568699972,-1.004068676625387,3.5407235622406006,0.5643667578697205,0.0,0.0,-0.0,0.0,0.0,0.0,-0.0778198316693306,3.982544422149658,-1.515463948249817,0.2086029201745987,-0.0426178015768528,-0.2243042290210724,0.14226964603766762,-0.3469689402463523,0.8900798506698548,-1.3852712601121526,-1.5063862747412307,1.9507985353739679,0.0,0.0,0.0,0.0,0.0,0.0,1.7695566142836938,0.24339841436500986,-2.329816140589685,-1.004101392145385,3.540695881423035,0.5643377819968957,7.0,1.0,48.01499938964844,48.24300003051758,48.04600143432617,0.05,32.06,27.86,0.405,-0.276,1.304,0,1,0
1778204804.4464397,1335.296,1.7696112394332886,0.24340379238128662,-2.3298097292529505,-1.0040810743915003,3.540771245956421,0.5643667578697205,0.0,0.0,-0.0,0.0,0.0,0.0,-0.1052856519818306,3.982544422149658,-1.5266729593276978,0.2041168361902237,-0.0403747595846653,-0.1929016262292862,0.14226355161170676,-0.3468856518557147,0.8900870761476366,-1.3853078741138458,-1.5063848037823566,1.950938722417902,0.0,0.0,0.0,0.0,0.0,0.0,1.7695566142836938,0.24339841436500986,-2.329816140589685,-1.004101392145385,3.540695881423035,0.5643377819968957,7.0,1.0,48.01499938964844,48.24300003051758,48.06100082397461,0.05,32.06,27.86,0.405,-0.276,1.304,0,1,0
1778204804.4498453,1335.3039999999999,1.7696112394332886,0.2434157133102417,-2.3298097292529505,-1.0040810743915003,3.5407116413116455,0.5643547773361206,0.0,0.0,-0.0,0.0,0.0,0.0,-0.1235962063074112,3.959656238555908,-1.5333983898162842,0.2063598781824112,-0.0358886756002903,-0.1772003322839737,0.14226428710873296,-0.34689266045232137,0.8900828312117965,-1.3853139961493004,-1.5063377422765452,1.9508871030626356,0.0,0.0,0.0,0.0,0.0,0.0,1.7695566142836938,0.24339841436500986,-2.329816140589685,-1.004101392145385,3.540695881423035,0.5643377819968957,7.0,1.0,48.01499938964844,48.24300003051758,48.06100082397461,0.05,32.06,27.86,0.405,-0.276,1.304,0,1,0
1778204804.4600775,1335.3039999999999,1.7696112394332886,0.2434157133102417,-2.3298097292529505,-1.0040810743915003,3.5407116413116455,0.5643547773361206,0.0,0.0,-0.0,0.0,0.0,0.0,-0.1235962063074112,3.959656238555908,-1.5333983898162842,0.2063598781824112,-0.0358886756002903,-0.1772003322839737,0.14226428710873296,-0.34689266045232137,0.8900828312117965,-1.3853139961493004,-1.5063377422765452,1.9508871030626356,0.0,0.0,0.0,0.0,0.0,0.0,1.7695566142836938,0.24339841436500986,-2.329816140589685,-1.004101392145385,3.540695881423035,0.5643377819968957,7.0,1.0,48.01499938964844,48.24300003051758,48.06100082397461,0.03,32.02,28.0,0.402,-0.273,1.306,0,0,1
1778204804.519936,1335.312,1.7695753574371338,0.2434636354446411,-2.3298097292529505,-1.0040810743915003,3.54074764251709,0.56440269947052,0.0,0.0,-0.0,0.0,0.0,0.0,-0.0640869215130806,3.964233875274658,-1.5266729593276978,0.2018737941980362,-0.0314025916159153,-0.2400055229663849,0.14225279621281353,-0.346924684844461,0.8900655275282289,-1.3853342352511444,-1.5063514351925031,1.9508706919815075,0.0,0.0,0.0,0.0,0.0,0.0,1.7695566142836938,0.24339841436500986,-2.329816140589685,-1.004101392145385,3.540695881423035,0.5643377819968957,7.0,1.0,48.01499938964844,48.24300003051758,48.06100082397461,0.03,32.02,28.0,0.402,-0.273,1.306,0,1,0
1778204804.5305266,1335.32,1.7695753574371338,0.24348759651184082,-2.3297856489764612,-1.0041049162494105,3.5406997203826904,0.5643547773361206,0.0,0.0,-0.0,0.0,0.0,0.0,-0.1052856519818306,3.991699695587158,-1.5087385177612305,0.2041168361902237,-0.0403747595846653,-0.2086029201745987,0.14226437170155148,-0.3469623350519822,0.8900631856419352,-1.3852910602261344,-1.5063390797628342,1.95079307216467,0.0,0.0,0.0,0.0,0.0,0.0,1.7695566142836938,0.24339841436500986,-2.329816140589685,-1.004101392145385,3.540695881423035,0.5643377819968957,7.0,1.0,48.01499938964844,48.24300003051758,48.06100082397461,0.03,32.02,28.0,0.402,-0.273,1.306,0,1,0
1778204804.5359864,1335.328,1.7695872783660889,0.24342775344848633,-2.3297856489764612,-1.0040572325335901,3.5407354831695557,0.5643547773361206,0.0,0.0,-0.0,0.0,0.0,0.0,-0.1144409328699112,3.955078601837158,-1.515463948249817,0.2086029201745987,-0.0314025916159153,-0.2108459621667862,0.14226532501605532,-0.3469381153193687,0.8900824114775376,-1.3852771556650842,-1.506378533271835,1.9508316115374866,0.0,0.0,0.0,0.0,0.0,0.0,1.7695566142836938,0.24339841436500986,-2.329816140589685,-1.004101392145385,3.540695881423035,0.5643377819968957,7.0,1.0,48.01499938964844,48.24300003051758,48.06100082397461,0.03,32.02,28.0,0.402,-0.273,1.306,0,1,0
1778204804.5478117,1335.336,1.7695872783660889,0.2434157133102417,-2.329773728047506,-1.0041049162494105,3.54074764251709,0.5643907189369202,0.0,0.0,-0.0,0.0,0.0,0.0,-0.0686645582318306,3.991699695587158,-1.5311566591262817,0.1973877102136612,-0.0426178015768528,-0.2243042290210724,0.1422562160870311,-0.3469126039922085,0.8900925160276064,-1.385338958006509,-1.5063441466758585,1.9509033898018218,0.0,0.0,0.0,0.0,0.0,0.0,1.7695566142836938,0.24339841436500986,-2.329816140589685,-1.004101392145385,3.540695881423035,0.5643377819968957,7.0,1.0,48.01499938964844,48.24300003051758,48.06100082397461,0.03,32.02,28.0,0.402,-0.273,1.306,0,1,0
1778204804.5529807,1335.344,1.7695993185043335,0.24345171451568604,-2.329773728047506,-1.0040810743915003,3.5407235622406006,0.56440269947052,0.0,0.0,-0.0,0.0,0.0,0.0,-0.0915527418255806,3.977966785430908,-1.515463948249817,0.2018737941980362,-0.0336456336081028,-0.2198181450366974,0.1422645193143246,-0.34694251271506915,0.890078170329561,-1.3853175395114776,-1.50636691625928,1.9508493997882206,0.0,0.0,0.0,0.0,0.0,0.0,1.7695566142836938,0.24339841436500986,-2.329816140589685,-1.004101392145385,3.540695881423035,0.5643377819968957,7.0,1.0,48.0,48.24300003051758,48.06100082397461,0.03,32.02,28.0,0.402,-0.273,1.306,0,1,0
1778204804.5614839,1335.3519999999999,1.7696353197097778,0.24345171451568604,-2.3297856489764612,-1.0041049162494105,3.5407354831695557,0.56440269947052,0.0,0.0,-0.0,0.0,0.0,0.0,-0.0961303785443306,3.982544422149658,-1.5221893787384033,0.2086029201745987,-0.0403747595846653,-0.2086029201745987,0.14227350423180785,-0.34691809358968134,0.8900767442107888,-1.3853175635995203,-1.506390114857381,1.9509100856377284,0.0,0.0,0.0,0.0,0.0,0.0,1.7695566142836938,0.24339841436500986,-2.329816140589685,-1.004101392145385,3.540695881423035,0.5643377819968957,7.0,1.0,48.0,48.24300003051758,48.06100082397461,0.03,32.02,28.0,0.402,-0.273,1.306,0,1,0
1778204804.5637734,1335.36,1.769647240638733,0.24345171451568604,-2.3298097292529505,-1.0040810743915003,3.5407116413116455,0.5643787384033203,0.0,0.0,-0.0,0.0,0.0,0.0,-0.0549316480755806,3.964233875274658,-1.5244312286376953,0.2018737941980362,-0.0381317175924778,-0.2355194389820099,0.1422781346195341,-0.3469085286433768,0.890069827888383,-1.3852978037132355,-1.5063873091273967,1.9508897433290564,0.0,0.0,0.0,0.0,0.0,0.0,1.7695566142836938,0.24339841436500986,-2.329816140589685,-1.004101392145385,3.540695881423035,0.5643377819968957,7.0,1.0,48.0,48.24300003051758,48.06100082397461,0.03,32.02,28.0,0.402,-0.273,1.306,0,1,0
1778204804.5658672,1335.368,1.769647240638733,0.2434396743774414,-2.3298335711108606,-1.0040810743915003,3.5407354831695557,0.5643907189369202,0.0,0.0,-0.0,0.0,0.0,0.0,-0.1007080152630806,3.977966785430908,-1.5109803676605225,0.2041168361902237,-0.0358886756002903,-0.2108459621667862,0.14227125225777193,-0.34687726088744436,0.8900688859364532,-1.3853224702095046,-1.5063822761993615,1.9509430613612198,0.0,0.0,0.0,0.0,0.0,0.0,1.7695566142836938,0.24339841436500986,-2.329816140589685,-1.004101392145385,3.540695881423035,0.5643377819968957,7.0,1.0,48.0,48.24300003051758,48.029998779296875,0.03,32.02,28.0,0.402,-0.273,1.306,0,1,0
1778204804.5691001,1335.376,1.7695753574371338,0.2434157133102417,-2.3298097292529505,-1.0041049162494105,3.5407354831695557,0.5643787384033203,0.0,0.0,-0.0,0.0,0.0,0.0,-0.0640869215130806,3.982544422149658,-1.5087385177612305,0.2086029201745987,-0.0336456336081028,-0.1772003322839737,0.14224702883417892,-0.34688416083887125,0.8900843001664895,-1.3853608635131405,-1.506300894726792,1.9509151965173313,0.0,0.0,0.0,0.0,0.0,0.0,1.7695566142836938,0.24339841436500986,-2.329816140589685,-1.004101392145385,3.540695881423035,0.5643377819968957,7.0,1.0,48.0,48.24300003051758,48.029998779296875,0.03,32.02,28.0,0.402,-0.273,1.306,0,1,0
1778204804.572335,1335.384,1.7695993185043335,0.24342775344848633,-2.329773728047506,-1.0041287581073206,3.54074764251709,0.56440269947052,0.0,0.0,-0.0,0.0,0.0,0.0,-0.0732421949505806,3.982544422149658,-1.5087385177612305,0.2018737941980362,-0.0448608435690403,-0.2108459621667862,0.1422581889098833,-0.34690729572075363,0.8900895331952835,-1.3853528378683533,-1.5063431410796748,1.9509283535240112,0.0,0.0,0.0,0.0,0.0,0.0,1.7695566142836938,0.24339841436500986,-2.329816140589685,-1.004101392145385,3.540695881423035,0.5643377819968957,7.0,1.0,48.0,48.24300003051758,48.029998779296875,0.03,32.02,28.0,0.402,-0.273,1.306,0,1,0
1778204804.577239,1335.392,1.7695993185043335,0.243391752243042,-2.329761568699972,-1.0041049162494105,3.5407354831695557,0.5643907189369202,0.0,0.0,-0.0,0.0,0.0,0.0,-0.0732421949505806,3.977966785430908,-1.5266729593276978,0.2086029201745987,-0.0314025916159153,-0.2198181450366974,0.14225833510778832,-0.34690284184993087,0.8901041453765177,-1.385345783845831,-1.5063358310743795,1.9509145120643019,0.0,0.0,0.0,0.0,0.0,0.0,1.7695566142836938,0.24339841436500986,-2.329816140589685,-1.004101392145385,3.540695881423035,0.5643377819968957,7.0,1.0,48.0,48.24300003051758,48.029998779296875,0.03,32.02,28.0,0.402,-0.273,1.306,0,1,0
1778204804.5791414,1335.3999999999999,1.7695993185043335,0.24347567558288574,-2.329773728047506,-1.0040810743915003,3.5407235622406006,0.5643787384033203,0.0,0.0,-0.0,0.0,0.0,0.0,-0.0823974683880806,3.987122058868408,-1.504254937171936,0.2063598781824112,-0.0426178015768528,-0.1973877102136612,0.14227218773420172,-0.34696632125505833,0.8900690921309691,-1.3852779944205218,-1.5063927305344094,1.9508132555012156,0.0,0.0,0.0,0.0,0.0,0.0,1.7695566142836938,0.24339841436500986,-2.329816140589685,-1.004101392145385,3.540695881423035,0.5643377819968957,7.0,1.0,48.0,48.24300003051758,48.029998779296875,0.03,32.02,28.0,0.402,-0.273,1.306,0,1,0
1778204804.580901,1335.408,1.7696592807769775,0.2434636354446411,-2.329773728047506,-1.0041049162494105,3.5407354831695557,0.5644266605377197,0.0,0.0,-0.0,0.0,0.0,0.0,-0.1190185695886612,3.973389148712158,-1.5109803676605225,0.2018737941980362,-0.0403747595846653,-0.2108459621667862,0.1422816872903914,-0.34692831407430413,0.8900753039923259,-1.3853149698407892,-1.5064198029859803,1.9509167384010353,0.0,0.0,0.0,0.0,0.0,0.0,1.7695566142836938,0.24339841436500986,-2.329816140589685,-1.004101392145385,3.540695881423035,0.5643377819968957,7.0,1.0,48.0,48.24300003051758,48.029998779296875,0.03,32.02,28.0,0.402,-0.273,1.306,0,1,0
1778204804.5959346,1335.416,1.7696353197097778,0.2434396743774414,-2.3297975699054163,-1.004068676625387,3.54074764251709,0.5643427968025208,0.0,0.0,-0.0,0.0,0.0,0.0,-0.0595092847943306,3.982544422149658,-1.5109803676605225,0.2063598781824112,-0.0291595496237278,-0.1996307522058487,0.1422833579262654,-0.34692887361802016,0.8900757787126236,-1.385243491514714,-1.506434914133743,1.9508702615053564,0.0,0.0,0.0,0.0,0.0,0.0,1.7695566142836938,0.24339841436500986,-2.329816140589685,-1.004101392145385,3.540695881423035,0.5643377819968957,7.0,1.0,48.0,48.24300003051758,48.029998779296875,0.03,32.02,28.0,0.402,-0.273,1.306,0,1,0
1778204804.603873,1335.424,1.7695872783660889,0.24342775344848633,-2.3298097292529505,-1.0040929953204554,3.54074764251709,0.56440269947052,0.0,0.0,-0.0,0.0,0.0,0.0,-0.0778198316693306,3.987122058868408,-1.5221893787384033,0.2018737941980362,-0.0403747595846653,-0.2243042290210724,0.14225053792234923,-0.3468913622465071,0.8900794026096885,-1.3853587957815228,-1.5063310681055104,1.950921463428862,0.0,0.0,0.0,0.0,0.0,0.0,1.7695566142836938,0.24339841436500986,-2.329816140589685,-1.004101392145385,3.540695881423035,0.5643377819968957,7.0,1.0,48.01499938964844,48.24300003051758,48.029998779296875,0.03,32.02,28.0,0.402,-0.273,1.306,0,1,0
1778204804.606216,1335.432,1.7696353197097778,0.24340379238128662,-2.3297856489764612,-1.0041049162494105,3.5407354831695557,0.5643547773361206,0.0,0.0,-0.0,0.0,0.0,0.0,-0.0640869215130806,3.964233875274658,-1.5199475288391113,0.2063598781824112,-0.0426178015768528,-0.2063598781824112,0.14227441239912017,-0.34689410339942023,0.8900938842763519,-1.3852993194405816,-1.5063775281872378,1.9509254992412415,0.0,0.0,0.0,0.0,0.0,0.0,1.7695566142836938,0.24339841436500986,-2.329816140589685,-1.004101392145385,3.540695881423035,0.5643377819968957,7.0,1.0,48.01499938964844,48.25899887084961,48.029998779296875,0.03,32.02,28.0,0.402,-0.273,1.306,0,1,0
1778204804.6148002,1335.4399999999998,1.7696112394332886,0.24342775344848633,-2.329761568699972,-1.0041168371783655,3.5407354831695557,0.5643907189369202,0.0,0.0,-0.0,0.0,0.0,0.0,-0.0778198316693306,3.968811511993408,-1.5177057981491089,0.2041168361902237,-0.0426178015768528,-0.1637420803308487,0.14226689748462426,-0.3469232249832506,0.8900915503747804,-1.385324711109288,-1.5063636272954455,1.950899506785253,0.0,0.0,0.0,0.0,0.0,0.0,1.7695566142836938,0.24339841436500986,-2.329816140589685,-1.004101392145385,3.540695881423035,0.5643377819968957,7.0,1.0,48.01499938964844,48.25899887084961,48.04600143432617,0.03,32.02,28.0,0.402,-0.273,1.306,0,1,0
1778204804.6182194,1335.4479999999999,1.769647240638733,0.2434396743774414,-2.3297856489764612,-1.004068676625387,3.5407354831695557,0.5643667578697205,0.0,0.0,-0.0,0.0,0.0,0.0,-0.0823974683880806,3.973389148712158,-1.515463948249817,0.2086029201745987,-0.0358886756002903,-0.1973877102136612,0.1422849386357186,-0.34693091114025426,0.8900787842786937,-1.3852596497562168,-1.506432614975043,1.9508738240170609,0.0,0.0,0.0,0.0,0.0,0.0,1.7695566142836938,0.24339841436500986,-2.329816140589685,-1.004101392145385,3.540695881423035,0.5643377819968957,7.0,1.0,48.01499938964844,48.25899887084961,48.04600143432617,0.03,32.02,28.0,0.402,-0.273,1.306,0,1,0
1778204804.6215794,1335.456,1.7696353197097778,0.2434157133102417,-2.3298216501819056,-1.0041049162494105,3.5407354831695557,0.5643787384033203,0.0,0.0,-0.0,0.0,0.0,0.0,-0.0823974683880806,3.987122058868408,-1.5177057981491089,0.2041168361902237,-0.0560760572552681,-0.1861725002527237,0.14226569143056825,-0.34686500091761124,0.890081603032681,-1.3853390335746931,-1.5063515064158053,1.9509616545126127,0.0,0.0,0.0,0.0,0.0,0.0,1.7695566142836938,0.24339841436500986,-2.329816140589685,-1.004101392145385,3.540695881423035,0.5643377819968957,7.0,1.0,48.01499938964844,48.25899887084961,48.04600143432617,0.03,32.02,28.0,0.402,-0.273,1.306,0,1,0
1778204804.6265113,1335.456,1.7696353197097778,0.2434157133102417,-2.3298216501819056,-1.0041049162494105,3.5407354831695557,0.5643787384033203,0.0,0.0,-0.0,0.0,0.0,0.0,-0.0823974683880806,3.987122058868408,-1.5177057981491089,0.2041168361902237,-0.0560760572552681,-0.1861725002527237,0.14226569143056825,-0.34686500091761124,0.890081603032681,-1.3853390335746931,-1.5063515064158053,1.9509616545126127,0.0,0.0,0.0,0.0,0.0,0.0,1.7695566142836938,0.24339841436500986,-2.329816140589685,-1.004101392145385,3.540695881423035,0.5643377819968957,7.0,1.0,48.01499938964844,48.25899887084961,48.04600143432617,0.08,31.94,27.91,0.403,-0.277,1.308,0,0,1
1778204804.6289546,1335.464,1.7695872783660889,0.24342775344848633,-2.329761568699972,-1.0041168371783655,3.5407235622406006,0.5644146800041199,0.0,0.0,-0.0,0.0,0.0,0.0,-0.1281738430261612,3.991699695587158,-1.4975295066833496,0.2041168361902237,-0.0448608435690403,-0.1884155422449112,0.14225390553317918,-0.3469197564774345,0.8900918579366843,-1.3853659754249683,-1.5063184468009423,1.950892786701511,0.0,0.0,0.0,0.0,0.0,0.0,1.7695566142836938,0.24339841436500986,-2.329816140589685,-1.004101392145385,3.540695881423035,0.5643377819968957,7.0,1.0,48.01499938964844,48.25899887084961,48.04600143432617,0.08,31.94,27.91,0.403,-0.277,1.308,0,1,0
1778204804.6310482,1335.472,1.7696112394332886,0.24345171451568604,-2.3298097292529505,-1.004068676625387,3.5407235622406006,0.5644146800041199,0.0,0.0,-0.0,0.0,0.0,0.0,-0.0457763709127903,3.982544422149658,-1.513222098350525,0.2086029201745987,-0.0403747595846653,-0.1973877102136612,0.14226120365940748,-0.34691077214640526,0.8900694650081863,-1.3853388649476885,-1.5063577488187951,1.9508851300043673,0.0,0.0,0.0,0.0,0.0,0.0,1.7695566142836938,0.24339841436500986,-2.329816140589685,-1.004101392145385,3.540695881423035,0.5643377819968957,7.0,1.0,48.01499938964844,48.25899887084961,48.04600143432617,0.08,31.94,27.91,0.403,-0.277,1.308,0,1,0
1778204804.6351886,1335.48,1.7695872783660889,0.2434396743774414,-2.3298335711108606,-1.0040572325335901,3.54074764251709,0.5643907189369202,0.0,0.0,-0.0,0.0,0.0,0.0,-0.1510620266199112,3.987122058868408,-1.502013087272644,0.2041168361902237,-0.0314025916159153,-0.2624359428882599,0.14225306830743298,-0.3468964185297899,0.8900675063066186,-1.385331359741006,-1.5063518279513743,1.9508926070135952,0.0,0.0,0.0,0.0,0.0,0.0,1.7695566142836938,0.24339841436500986,-2.329816140589685,-1.004101392145385,3.540695881423035,0.5643377819968957,7.0,1.0,48.01499938964844,48.25899887084961,48.04600143432617,0.08,31.94,27.91,0.403,-0.277,1.308,0,1,0
1778204804.6540942,1335.4879999999998,1.7695993185043335,0.2434157133102417,-2.3298097292529505,-1.0040810743915003,3.5407235622406006,0.5643667578697205,0.0,0.0,-0.0,0.0,0.0,0.0,-0.0961303785443306,3.959656238555908,-1.5109803676605225,0.1996307522058487,-0.0358886756002903,-0.1884155422449112,0.14225873906046116,-0.34689237315107674,0.8900829036609785,-1.385326842453587,-1.5063331895049004,1.9508938588131282,0.0,0.0,0.0,0.0,0.0,0.0,1.7695566142836938,0.24339841436500986,-2.329816140589685,-1.004101392145385,3.540695881423035,0.5643377819968957,7.0,1.0,48.01499938964844,48.25899887084961,48.04600143432617,0.08,31.94,27.91,0.403,-0.277,1.308,0,1,0
1778204804.6612403,1335.4959999999999,1.7696353197097778,0.2434396743774414,-2.3297975699054163,-1.0041168371783655,3.54074764251709,0.5643787384033203,0.0,0.0,-0.0,0.0,0.0,0.0,-0.1098632961511612,3.959656238555908,-1.5177057981491089,0.2041168361902237,-0.0336456336081028,-0.1704712063074112,0.1422732533312503,-0.3469005458613512,0.8900788347682903,-1.38531083068654,-1.506388022129729,1.9509354781642798,0.0,0.0,0.0,0.0,0.0,0.0,1.7695566142836938,0.24339841436500986,-2.329816140589685,-1.004101392145385,3.540695881423035,0.5643377819968957,7.0,1.0,48.01499938964844,48.25899887084961,48.04600143432617,0.08,31.94,27.91,0.403,-0.277,1.308,0,1,0
1778204804.6693776,1335.504,1.7696112394332886,0.24342775344848633,-2.3297975699054163,-1.0041168371783655,3.540663719177246,0.5643787384033203,0.0,0.0,-0.0,0.0,0.0,0.0,-0.1007080152630806,3.987122058868408,-1.5109803676605225,0.2018737941980362,-0.0358886756002903,-0.1704712063074112,0.1422587551461727,-0.34688823447698147,0.8900836063026822,-1.3853666218010046,-1.5062721046432446,1.950884785205525,0.0,0.0,0.0,0.0,0.0,0.0,1.7695566142836938,0.24339841436500986,-2.329816140589685,-1.004101392145385,3.540695881423035,0.5643377819968957,7.0,1.0,48.029998779296875,48.2130012512207,48.04600143432617,0.08,31.94,27.91,0.403,-0.277,1.308,0,1,0
1778204804.6730552,1335.512,1.7696112394332886,0.2434157133102417,-2.3297975699054163,-1.0041049162494105,3.540675640106201,0.5644266605377197,0.0,0.0,-0.0,0.0,0.0,0.0,-0.1693725734949112,3.968811511993408,-1.513222098350525,0.2063598781824112,-0.0358886756002903,-0.1951446682214737,0.14225043085530173,-0.34687321401596327,0.8900878295226651,-1.3854101272531378,-1.5062644824942901,1.9509200974108964,0.0,0.0,0.0,0.0,0.0,0.0,1.7695566142836938,0.24339841436500986,-2.329816140589685,-1.004101392145385,3.540695881423035,0.5643377819968957,7.0,1.0,48.029998779296875,48.2130012512207,48.06100082397461,0.08,31.94,27.91,0.403,-0.277,1.308,0,1,0
1778204804.6750681,1335.52,1.7696112394332886,0.24345171451568604,-2.3298097292529505,-1.0041049162494105,3.54074764251709,0.5643787384033203,0.0,0.0,-0.0,0.0,0.0,0.0,-0.1052856519818306,3.991699695587158,-1.5289148092269897,0.2041168361902237,-0.0471038855612278,-0.1951446682214737,0.14226552570070478,-0.3469069432813388,0.8900709883884024,-1.3853151237269115,-1.5063723333035444,1.950910401345542,0.0,0.0,0.0,0.0,0.0,0.0,1.7695566142836938,0.24339841436500986,-2.329816140589685,-1.004101392145385,3.540695881423035,0.5643377819968957,7.0,1.0,48.029998779296875,48.2130012512207,48.06100082397461,0.08,31.94,27.91,0.403,-0.277,1.308,0,1,0
1778204804.6770048,1335.528,1.7695872783660889,0.2434396743774414,-2.3298097292529505,-1.0041168371783655,3.5407354831695557,0.5643787384033203,0.0,0.0,-0.0,0.0,0.0,0.0,-0.0823974683880806,3.982544422149658,-1.5087385177612305,0.2086029201745987,-0.0314025916159153,-0.1996307522058487,0.14225377797061453,-0.34689554811391454,0.8900761393751626,-1.3853474347846388,-1.506320624139688,1.9509112086238964,0.0,0.0,0.0,0.0,0.0,0.0,1.7695566142836938,0.24339841436500986,-2.329816140589685,-1.004101392145385,3.540695881423035,0.5643377819968957,7.0,1.0,48.029998779296875,48.2130012512207,48.06100082397461,0.08,31.94,27.91,0.403,-0.277,1.308,0,1,0
1778204804.6801438,1335.5359999999998,1.7696112394332886,0.2434396743774414,-2.3297856489764612,-1.0041049162494105,3.540783166885376,0.5643667578697205,0.0,0.0,-0.0,0.0,0.0,0.0,-0.0778198316693306,3.982544422149658,-1.5289148092269897,0.2063598781824112,-0.0426178015768528,-0.1973877102136612,0.14227190210486582,-0.3469252652331867,0.8900805807065879,-1.3852798408293285,-1.506421083620532,1.9509123658507017,0.0,0.0,0.0,0.0,0.0,0.0,1.7695566142836938,0.24339841436500986,-2.329816140589685,-1.004101392145385,3.540695881423035,0.5643377819968957,7.0,1.0,48.029998779296875,48.2130012512207,48.06100082397461,0.08,31.94,27.91,0.403,-0.277,1.308,0,1,0
1778204804.6995673,1335.5439999999999,1.7696112394332886,0.2434636354446411,-2.3297975699054163,-1.0040810743915003,3.5407116413116455,0.5643547773361206,0.0,0.0,-0.0,0.0,0.0,0.0,-0.0961303785443306,3.991699695587158,-1.5244312286376953,0.2063598781824112,-0.0381317175924778,-0.1816864162683487,0.14227368108335878,-0.34693930633032927,0.8900679345858806,-1.3852758216510412,-1.5063780390546155,1.95083215962589,0.0,0.0,0.0,0.0,0.0,0.0,1.7695566142836938,0.24339841436500986,-2.329816140589685,-1.004101392145385,3.540695881423035,0.5643377819968957,7.0,1.0,48.029998779296875,48.2130012512207,48.06100082397461,0.08,31.94,27.91,0.403,-0.277,1.308,0,1,0
1778204804.704219,1335.552,1.7696353197097778,0.24347567558288574,-2.3298097292529505,-1.004068676625387,3.5407235622406006,0.5643667578697205,0.0,0.0,-0.0,0.0,0.0,0.0,-0.1190185695886612,3.987122058868408,-1.5177057981491089,0.2086029201745987,-0.0269165076315403,-0.2220611870288849,0.1422812882328475,-0.346937061164338,0.8900601340288381,-1.385263166163797,-1.5064168729262004,1.9508490566442054,0.0,0.0,0.0,0.0,0.0,0.0,1.7695566142836938,0.24339841436500986,-2.329816140589685,-1.004101392145385,3.540695881423035,0.5643377819968957,7.0,1.0,48.029998779296875,48.2130012512207,48.06100082397461,0.08,31.94,27.91,0.403,-0.277,1.308,0,1,0
1778204804.7122672,1335.56,1.7696353197097778,0.2434396743774414,-2.329773728047506,-1.0040810743915003,3.5407235622406006,0.5643787384033203,0.0,0.0,-0.0,0.0,0.0,0.0,-0.1464843899011612,3.977966785430908,-1.515463948249817,0.2063598781824112,-0.0358886756002903,-0.1973877102136612,0.1422792584502028,-0.34693430216687104,0.8900823507029956,-1.3852831789396793,-1.5064038174020034,1.9508675617722278,0.0,0.0,0.0,0.0,0.0,0.0,1.7695566142836938,0.24339841436500986,-2.329816140589685,-1.004101392145385,3.540695881423035,0.5643377819968957,7.0,1.0,48.029998779296875,48.2130012512207,48.06100082397461,0.08,31.94,27.91,0.403,-0.277,1.308,0,1,0
1778204804.7146912,1335.568,1.7695993185043335,0.2434396743774414,-2.3297856489764612,-1.0040929953204554,3.5407354831695557,0.5643667578697205,0.0,0.0,-0.0,0.0,0.0,0.0,-0.0778198316693306,3.973389148712158,-1.549091100692749,0.2041168361902237,-0.0336456336081028,-0.2265472710132599,0.14226628736511449,-0.3469278990275078,0.8900801355460928,-1.3852987438121276,-1.5063694650042248,1.9508675480390978,0.0,0.0,0.0,0.0,0.0,0.0,1.7695566142836938,0.24339841436500986,-2.329816140589685,-1.004101392145385,3.540695881423035,0.5643377819968957,7.0,1.0,48.029998779296875,48.2130012512207,48.06100082397461,0.08,31.94,27.91,0.403,-0.277,1.308,0,1,0
1778204804.7167964,1335.576,1.7695872783660889,0.2434157133102417,-2.3298097292529505,-1.0041049162494105,3.5407354831695557,0.56440269947052,0.0,0.0,-0.0,0.0,0.0,0.0,-0.1235962063074112,3.973389148712158,-1.5199475288391113,0.2018737941980362,-0.0448608435690403,-0.2287903130054474,0.1422471025433124,-0.34687655818468155,0.8900845532072355,-1.3853793463174118,-1.5063027912996292,1.9509364893707177,0.0,0.0,0.0,0.0,0.0,0.0,1.7695566142836938,0.24339841436500986,-2.329816140589685,-1.004101392145385,3.540695881423035,0.5643377819968957,7.0,1.0,48.029998779296875,48.2130012512207,48.06100082397461,0.08,31.94,27.91,0.403,-0.277,1.308,0,1,0
1778204804.7189834,1335.5839999999998,1.7695753574371338,0.2434157133102417,-2.329773728047506,-1.0040929953204554,3.5407590866088867,0.5643787384033203,0.0,0.0,-0.0,0.0,0.0,0.0,-0.0823974683880806,3.968811511993408,-1.5199475288391113,0.2041168361902237,-0.0291595496237278,-0.1906585842370987,0.14225569723753387,-0.3469230035465948,0.8900916750430712,-1.385320045254504,-1.506356859168054,1.9508847942062173,0.0,0.0,0.0,0.0,0.0,0.0,1.7695566142836938,0.24339841436500986,-2.329816140589685,-1.004101392145385,3.540695881423035,0.5643377819968957,7.0,1.0,48.0,48.2130012512207,48.04600143432617,0.08,31.94,27.91,0.403,-0.277,1.308,0,1,0
1778204804.7378306,1335.5919999999999,1.7696353197097778,0.2434396743774414,-2.3297856489764612,-1.0040929953204554,3.5407354831695557,0.5643907189369202,0.0,0.0,-0.0,0.0,0.0,0.0,-0.0823974683880806,3.977966785430908,-1.5064966678619385,0.2018737941980362,-0.0426178015768528,-0.1816864162683487,0.14227471535193195,-0.3469168703461332,0.8900803890681823,-1.38530540712806,-1.5063949114756952,1.9509031301927207,0.0,0.0,0.0,0.0,0.0,0.0,1.7695566142836938,0.24339841436500986,-2.329816140589685,-1.004101392145385,3.540695881423035,0.5643377819968957,7.0,1.0,48.0,48.2130012512207,48.04600143432617,0.08,31.94,27.91,0.403,-0.277,1.308,0,1,0
1778204804.7419295,1335.6,1.7696112394332886,0.24342775344848633,-2.3298097292529505,-1.0040810743915003,3.5407235622406006,0.5643907189369202,0.0,0.0,-0.0,0.0,0.0,0.0,-0.0915527418255806,3.977966785430908,-1.513222098350525,0.2018737941980362,-0.0448608435690403,-0.2063598781824112,0.14226062537519837,-0.34689376583974707,0.8900787235524743,-1.385337681464702,-1.5063431534516287,1.9509041345227847,0.0,0.0,0.0,0.0,0.0,0.0,1.7695566142836938,0.24339841436500986,-2.329816140589685,-1.004101392145385,3.540695881423035,0.5643377819968957,7.0,1.0,48.0,48.2130012512207,48.04600143432617,0.08,31.94,27.91,0.403,-0.277,1.308,0,1,0
1778204804.7510972,1335.608,1.7695872783660889,0.24340379238128662,-2.329773728047506,-1.0040810743915003,3.5407590866088867,0.56440269947052,0.0,0.0,-0.0,0.0,0.0,0.0,-0.1007080152630806,3.977966785430908,-1.5221893787384033,0.2063598781824112,-0.0336456336081028,-0.2041168361902237,0.1422549696305884,-0.3469113131555572,0.8900956559724713,-1.3853384628036443,-1.5063587523376243,1.950906131633341,0.0,0.0,0.0,0.0,0.0,0.0,1.7695566142836938,0.24339841436500986,-2.329816140589685,-1.004101392145385,3.540695881423035,0.5643377819968957,7.0,1.0,48.0,48.2130012512207,48.04600143432617,0.08,31.94,27.91,0.403,-0.277,1.308,0,1,0
1778204804.756453,1335.616,1.7696112394332886,0.2434636354446411,-2.3297975699054163,-1.0041049162494105,3.5407235622406006,0.5643907189369202,0.0,0.0,-0.0,0.0,0.0,0.0,-0.0503540076315403,3.977966785430908,-1.5199475288391113,0.2086029201745987,-0.0336456336081028,-0.2018737941980362,0.14226622093714975,-0.3469217787682813,0.8900695854384002,-1.385322417415917,-1.5063594177718826,1.950881934607235,0.0,0.0,0.0,0.0,0.0,0.0,1.7695566142836938,0.24339841436500986,-2.329816140589685,-1.004101392145385,3.540695881423035,0.5643377819968957,7.0,1.0,48.0,48.2130012512207,48.04600143432617,0.08,31.94,27.91,0.403,-0.277,1.308,0,1,0
1778204804.760529,1335.616,1.7696112394332886,0.2434636354446411,-2.3297975699054163,-1.0041049162494105,3.5407235622406006,0.5643907189369202,0.0,0.0,-0.0,0.0,0.0,0.0,-0.0503540076315403,3.977966785430908,-1.5199475288391113,0.2086029201745987,-0.0336456336081028,-0.2018737941980362,0.14226622093714975,-0.3469217787682813,0.8900695854384002,-1.385322417415917,-1.5063594177718826,1.950881934607235,0.0,0.0,0.0,0.0,0.0,0.0,1.7695566142836938,0.24339841436500986,-2.329816140589685,-1.004101392145385,3.540695881423035,0.5643377819968957,7.0,1.0,48.0,48.2130012512207,48.04600143432617,0.06,31.89,27.9,0.404,-0.276,1.309,0,0,1
1778204804.763764,1335.624,1.7696592807769775,0.2434396743774414,-2.329773728047506,-1.004068676625387,3.5407116413116455,0.5643547773361206,0.0,0.0,-0.0,0.0,0.0,0.0,-0.1144409328699112,3.973389148712158,-1.5177057981491089,0.2041168361902237,-0.0403747595846653,-0.1884155422449112,0.1422920479804383,-0.3469408407926213,0.8900814622711698,-1.3852443156910348,-1.5064333257583993,1.9508495440829459,0.0,0.0,0.0,0.0,0.0,0.0,1.7695566142836938,0.24339841436500986,-2.329816140589685,-1.004101392145385,3.540695881423035,0.5643377819968957,7.0,1.0,48.0,48.2130012512207,48.04600143432617,0.06,31.89,27.9,0.404,-0.276,1.309,0,1,0
1778204804.7978635,1335.6319999999998,1.769647240638733,0.2434396743774414,-2.3298216501819056,-1.0040572325335901,3.54074764251709,0.5643787384033203,0.0,0.0,-0.0,0.0,0.0,0.0,-0.1464843899011612,3.977966785430908,-1.5064966678619385,0.2018737941980362,-0.0426178015768528,-0.1951446682214737,0.14227803692993934,-0.3469014712091793,0.8900700763635201,-1.3852821629966716,-1.5064233775023046,1.950910203731362,0.0,0.0,0.0,0.0,0.0,0.0,1.7695566142836938,0.24339841436500986,-2.329816140589685,-1.004101392145385,3.540695881423035,0.5643377819968957,7.0,1.0,48.0,48.2130012512207,48.04600143432617,0.06,31.89,27.9,0.404,-0.276,1.309,0,1,0
1778204804.8078,1335.6399999999999,1.769647240638733,0.24345171451568604,-2.3298097292529505,-1.0041049162494105,3.5407590866088867,0.5643667578697205,0.0,0.0,-0.0,0.0,0.0,0.0,-0.1144409328699112,3.987122058868408,-1.5199475288391113,0.2018737941980362,-0.0381317175924778,-0.2130890041589737,0.1422806389201428,-0.34690570604147397,0.8900708095854784,-1.3852803216811849,-1.5064239275065994,1.9509311066220263,0.0,0.0,0.0,0.0,0.0,0.0,1.7695566142836938,0.24339841436500986,-2.329816140589685,-1.004101392145385,3.540695881423035,0.5643377819968957,7.0,1.0,48.0,48.2130012512207,48.04600143432617,0.06,31.89,27.9,0.404,-0.276,1.309,0,1,0
1778204804.8102477,1335.648,1.7695633172988892,0.2434157133102417,-2.3298097292529505,-1.0040810743915003,3.5407235622406006,0.5643787384033203,0.0,0.0,-0.0,0.0,0.0,0.0,-0.1190185695886612,3.968811511993408,-1.5401238203048706,0.2018737941980362,-0.0336456336081028,-0.2063598781824112,0.1422442198001711,-0.3468945408888613,0.8900830303254152,-1.3853566779243693,-1.506293101328849,1.9508796044811956,0.0,0.0,0.0,0.0,0.0,0.0,1.7695566142836938,0.24339841436500986,-2.329816140589685,-1.004101392145385,3.540695881423035,0.5643377819968957,7.0,1.0,48.0,48.22800064086914,48.04600143432617,0.06,31.89,27.9,0.404,-0.276,1.309,0,1,0
1778204804.8134298,1335.656,1.7695993185043335,0.24345171451568604,-2.329773728047506,-1.0040929953204554,3.54074764251709,0.5643667578697205,0.0,0.0,-0.0,0.0,0.0,0.0,-0.1281738430261612,3.987122058868408,-1.5087385177612305,0.2086029201745987,-0.0426178015768528,-0.2086029201745987,0.14227086691693494,-0.34694851419813566,0.8900783424806782,-1.3852782273609725,-1.5063977864597864,1.9508525091645488,0.0,0.0,0.0,0.0,0.0,0.0,1.7695566142836938,0.24339841436500986,-2.329816140589685,-1.004101392145385,3.540695881423035,0.5643377819968957,7.0,1.0,48.0,48.22800064086914,48.06100082397461,0.06,31.89,27.9,0.404,-0.276,1.309,0,1,0
1778204804.8177238,1335.664,1.7695993185043335,0.2434636354446411,-2.3297856489764612,-1.0040929953204554,3.54074764251709,0.5643667578697205,0.0,0.0,-0.0,0.0,0.0,0.0,-0.2151489406824112,3.982544422149658,-1.5087385177612305,0.2063598781824112,-0.0358886756002903,-0.1816864162683487,0.14227052465836298,-0.3469467903927694,0.8900712561056998,-1.385278258105141,-1.5063977444842371,1.9508524767784223,0.0,0.0,0.0,0.0,0.0,0.0,1.7695566142836938,0.24339841436500986,-2.329816140589685,-1.004101392145385,3.540695881423035,0.5643377819968957,7.0,1.0,48.01499938964844,48.22800064086914,48.06100082397461,0.06,31.89,27.9,0.404,-0.276,1.309,0,1,0
1778204804.8233428,1335.672,1.7695753574371338,0.2434396743774414,-2.3297975699054163,-1.0040810743915003,3.5407354831695557,0.5643427968025208,0.0,0.0,-0.0,0.0,0.0,0.0,-0.1464843899011612,3.959656238555908,-1.5244312286376953,0.1951446682214737,-0.0403747595846653,-0.1973877102136612,0.14226089220033492,-0.3469314034432499,0.8900765230403701,-1.385286136793203,-1.5063557477559584,1.9508391224825878,0.0,0.0,0.0,0.0,0.0,0.0,1.7695566142836938,0.24339841436500986,-2.329816140589685,-1.004101392145385,3.540695881423035,0.5643377819968957,7.0,1.0,48.01499938964844,48.22800064086914,48.06100082397461,0.06,31.89,27.9,0.404,-0.276,1.309,0,1,0
1778204804.8301303,1335.6799999999998,1.7696112394332886,0.24345171451568604,-2.329773728047506,-1.004068676625387,3.5407354831695557,0.5643667578697205,0.0,0.0,-0.0,0.0,0.0,0.0,-0.0869751051068306,3.977966785430908,-1.5177057981491089,0.2018737941980362,-0.0403747595846653,-0.2243042290210724,0.14227639807019252,-0.34695565877566176,0.8900770463822818,-1.3852620787319707,-1.5064135036001278,1.9508305673378747,0.0,0.0,0.0,0.0,0.0,0.0,1.7695566142836938,0.24339841436500986,-2.329816140589685,-1.004101392145385,3.540695881423035,0.5643377819968957,7.0,1.0,48.01499938964844,48.22800064086914,48.06100082397461,0.06,31.89,27.9,0.404,-0.276,1.309,0,1,0
1778204804.862453,1335.6879999999999,1.7695872783660889,0.2434396743774414,-2.3298216501819056,-1.0041049162494105,3.54074764251709,0.5643547773361206,0.0,0.0,-0.0,0.0,0.0,0.0,-0.1007080152630806,3.977966785430908,-1.4930458068847656,0.2041168361902237,-0.0291595496237278,-0.2130890041589737,0.1422573259758779,-0.34689663348530086,0.8900724717991739,-1.385317792400479,-1.5063425650827378,1.9509038569673696,0.0,0.0,0.0,0.0,0.0,0.0,1.7695566142836938,0.24339841436500986,-2.329816140589685,-1.004101392145385,3.540695881423035,0.5643377819968957,7.0,1.0,48.01499938964844,48.22800064086914,48.06100082397461,0.06,31.89,27.9,0.404,-0.276,1.309,0,1,0
1778204804.865845,1335.696,1.769647240638733,0.2434157133102417,-2.3297975699054163,-1.0040448347674769,3.5407235622406006,0.5643907189369202,0.0,0.0,-0.0,0.0,0.0,0.0,-0.1144409328699112,3.987122058868408,-1.502013087272644,0.2018737941980362,-0.0426178015768528,-0.1996307522058487,0.14227649997131625,-0.34690514012967116,0.8900838947178777,-1.3852966992160003,-1.5064027523020276,1.9508923972107368,0.0,0.0,0.0,0.0,0.0,0.0,1.7695566142836938,0.24339841436500986,-2.329816140589685,-1.004101392145385,3.540695881423035,0.5643377819968957,7.0,1.0,48.01499938964844,48.22800064086914,48.06100082397461,0.06,31.89,27.9,0.404,-0.276,1.309,0,1,0
1778204804.8769338,1335.704,1.7695993185043335,0.2434636354446411,-2.3298216501819056,-1.0040810743915003,3.5407235622406006,0.5643787384033203,0.0,0.0,-0.0,0.0,0.0,0.0,-0.0640869215130806,3.973389148712158,-1.5244312286376953,0.2018737941980362,-0.0426178015768528,-0.1996307522058487,0.1422617855065699,-0.34691459300713806,0.8900626872146882,-1.3853161848006286,-1.5063523880443568,1.9508679934116309,0.0,0.0,0.0,0.0,0.0,0.0,1.7695566142836938,0.24339841436500986,-2.329816140589685,-1.004101392145385,3.540695881423035,0.5643377819968957,7.0,1.0,48.01499938964844,48.22800064086914,48.06100082397461,0.06,31.89,27.9,0.404,-0.276,1.309,0,1,0
1778204804.8803365,1335.712,1.7696112394332886,0.24337971210479736,-2.3297856489764612,-1.0040572325335901,3.5407354831695557,0.5643907189369202,0.0,0.0,-0.0,0.0,0.0,0.0,-0.1235962063074112,3.982544422149658,-1.502013087272644,0.2086029201745987,-0.0381317175924778,-0.2063598781824112,0.14226031311589263,-0.3468899530726358,0.8901004826616508,-1.3853323937418311,-1.5063551367021224,1.950911118694683,0.0,0.0,0.0,0.0,0.0,0.0,1.7695566142836938,0.24339841436500986,-2.329816140589685,-1.004101392145385,3.540695881423035,0.5643377819968957,7.0,1.0,48.01499938964844,48.22800064086914,48.06100082397461,0.06,31.89,27.9,0.404,-0.276,1.309,0,1,0
1778204804.8835385,1335.72,1.7695993185043335,0.2434396743774414,-2.3298216501819056,-1.0040810743915003,3.5407235622406006,0.56440269947052,0.0,0.0,-0.0,0.0,0.0,0.0,-0.0549316480755806,3.973389148712158,-1.5087385177612305,0.2220611870288849,-0.0314025916159153,-0.1996307522058487,0.14225411711525712,-0.3468907846018975,0.8900717637536195,-1.3853557296495418,-1.506326572573496,1.950904137505898,0.0,0.0,0.0,0.0,0.0,0.0,1.7695566142836938,0.24339841436500986,-2.329816140589685,-1.004101392145385,3.540695881423035,0.5643377819968957,7.0,1.0,48.01499938964844,48.2130012512207,48.06100082397461,0.06,31.89,27.9,0.404,-0.276,1.309,0,1,0
1778204804.8854902,1335.7279999999998,1.7696353197097778,0.24345171451568604,-2.3297975699054163,-1.0041049162494105,3.5407354831695557,0.5643787384033203,0.0,0.0,-0.0,0.0,0.0,0.0,-0.1327514797449112,3.977966785430908,-1.513222098350525,0.2063598781824112,-0.0381317175924778,-0.2063598781824112,0.14227542883174835,-0.34691337029090463,0.8900737942915415,-1.3853008284576445,-1.5063918465598194,1.9509067428760973,0.0,0.0,0.0,0.0,0.0,0.0,1.7695566142836938,0.24339841436500986,-2.329816140589685,-1.004101392145385,3.540695881423035,0.5643377819968957,7.0,1.0,48.01499938964844,48.2130012512207,48.029998779296875,0.06,31.89,27.9,0.404,-0.276,1.309,0,1,0
1778204804.8878188,1335.7359999999999,1.7696353197097778,0.243391752243042,-2.3298216501819056,-1.004068676625387,3.5407354831695557,0.5643427968025208,0.0,0.0,-0.0,0.0,0.0,0.0,-0.1052856519818306,3.987122058868408,-1.5064966678619385,0.2041168361902237,-0.0448608435690403,-0.2175751030445099,0.14227119524548182,-0.34687060833079475,0.8900880331304049,-1.3852945397185759,-1.5063743626751824,1.9509292271272412,0.0,0.0,0.0,0.0,0.0,0.0,1.7695566142836938,0.24339841436500986,-2.329816140589685,-1.004101392145385,3.540695881423035,0.5643377819968957,7.0,1.0,48.01499938964844,48.2130012512207,48.029998779296875,0.06,31.89,27.9,0.404,-0.276,1.309,0,1,0
1778204804.889831,1335.744,1.7696112394332886,0.2434636354446411,-2.3297856489764612,-1.0040810743915003,3.540783166885376,0.56440269947052,0.0,0.0,-0.0,0.0,0.0,0.0,-0.0961303785443306,3.959656238555908,-1.5199475288391113,0.2086029201745987,-0.0269165076315403,-0.1951446682214737,0.14227140230282115,-0.3469439445284025,0.8900708122625896,-1.3852858656010518,-1.5064384637701242,1.9508900396535567,0.0,0.0,0.0,0.0,0.0,0.0,1.7695566142836938,0.24339841436500986,-2.329816140589685,-1.004101392145385,3.540695881423035,0.5643377819968957,7.0,1.0,48.0,48.2130012512207,48.029998779296875,0.06,31.89,27.9,0.404,-0.276,1.309,0,1,0
1778204804.908586,1335.752,1.7696353197097778,0.24345171451568604,-2.3297975699054163,-1.0041049162494105,3.5406875610351562,0.5643907189369202,0.0,0.0,-0.0,0.0,0.0,0.0,-0.0961303785443306,3.982544422149658,-1.5109803676605225,0.2041168361902237,-0.0358886756002903,-0.2265472710132599,0.14227091400812736,-0.3469065163236685,0.8900741392267353,-1.385333782696157,-1.5063387821747758,1.9508868375182664,0.0,0.0,0.0,0.0,0.0,0.0,1.7695566142836938,0.24339841436500986,-2.329816140589685,-1.004101392145385,3.540695881423035,0.5643377819968957,7.0,1.0,48.0,48.2130012512207,48.029998779296875,0.06,31.89,27.9,0.404,-0.276,1.309,0,1,0
1778204804.9117653,1335.76,1.769647240638733,0.2434157133102417,-2.329773728047506,-1.0041287581073206,3.5407354831695557,0.5643667578697205,0.0,0.0,-0.0,0.0,0.0,0.0,-0.1144409328699112,3.987122058868408,-1.5289148092269897,0.2018737941980362,-0.0471038855612278,-0.2018737941980362,0.14227846281922377,-0.34689935280781464,0.8900936423217664,-1.3853057349188602,-1.5063843557155128,1.9509396254433007,0.0,0.0,0.0,0.0,0.0,0.0,1.7695566142836938,0.24339841436500986,-2.329816140589685,-1.004101392145385,3.540695881423035,0.5643377819968957,7.0,1.0,48.0,48.2130012512207,48.029998779296875,0.06,31.89,27.9,0.404,-0.276,1.309,0,1,0
1778204804.9221435,1335.768,1.7695872783660889,0.24345171451568604,-2.329773728047506,-1.0040810743915003,3.5407590866088867,0.5643667578697205,0.0,0.0,-0.0,0.0,0.0,0.0,-0.0823974683880806,3.973389148712158,-1.5311566591262817,0.2018737941980362,-0.0403747595846653,-0.1996307522058487,0.1422682756438701,-0.34695597735912576,0.8900776278320949,-1.385271540330625,-1.5064055017056464,1.9508409517956127,0.0,0.0,0.0,0.0,0.0,0.0,1.7695566142836938,0.24339841436500986,-2.329816140589685,-1.004101392145385,3.540695881423035,0.5643377819968957,7.0,1.0,48.0,48.2130012512207,48.029998779296875,0.06,31.89,27.9,0.404,-0.276,1.309,0,1,0
1778204804.9246135,1335.7759999999998,1.7696353197097778,0.2434157133102417,-2.3298097292529505,-1.0041049162494105,3.5407235622406006,0.5643667578697205,0.0,0.0,-0.0,0.0,0.0,0.0,-0.1235962063074112,3.973389148712158,-1.5401238203048706,0.1973877102136612,-0.0381317175924778,-0.1951446682214737,0.14226924142706784,-0.34687761387087257,0.8900842278149401,-1.3853244393604873,-1.5063524303065585,1.9509369490286568,0.0,0.0,0.0,0.0,0.0,0.0,1.7695566142836938,0.24339841436500986,-2.329816140589685,-1.004101392145385,3.540695881423035,0.5643377819968957,7.0,1.0,48.0,48.2130012512207,48.029998779296875,0.06,31.89,27.9,0.404,-0.276,1.309,0,1,0
1778204804.9277396,1335.7839999999999,1.7695872783660889,0.24337971210479736,-2.3298335711108606,-1.0040929953204554,3.5407116413116455,0.5643907189369202,0.0,0.0,-0.0,0.0,0.0,0.0,-0.1235962063074112,3.977966785430908,-1.5221893787384033,0.2018737941980362,-0.0403747595846653,-0.1929016262292862,0.14223919799610052,-0.34683423249364526,0.8900917334461511,-1.385407940562827,-1.5062515022636769,1.9509597687372584,0.0,0.0,0.0,0.0,0.0,0.0,1.7695566142836938,0.24339841436500986,-2.329816140589685,-1.004101392145385,3.540695881423035,0.5643377819968957,7.0,1.0,48.0,48.2130012512207,48.029998779296875,0.06,31.89,27.9,0.404,-0.276,1.309,0,1,0
1778204804.9312172,1335.7839999999999,1.7695872783660889,0.24337971210479736,-2.3298335711108606,-1.0040929953204554,3.5407116413116455,0.5643907189369202,0.0,0.0,-0.0,0.0,0.0,0.0,-0.1235962063074112,3.977966785430908,-1.5221893787384033,0.2018737941980362,-0.0403747595846653,-0.1929016262292862,0.14223919799610052,-0.34683423249364526,0.8900917334461511,-1.385407940562827,-1.5062515022636769,1.9509597687372584,0.0,0.0,0.0,0.0,0.0,0.0,1.7695566142836938,0.24339841436500986,-2.329816140589685,-1.004101392145385,3.540695881423035,0.5643377819968957,7.0,1.0,48.0,48.2130012512207,48.029998779296875,0.06,31.86,27.68,0.41,-0.283,1.313,0,0,1
1778204804.9336534,1335.792,1.769647240638733,0.24345171451568604,-2.3297856489764612,-1.0040572325335901,3.5407354831695557,0.5643667578697205,0.0,0.0,-0.0,0.0,0.0,0.0,-0.1373291164636612,3.968811511993408,-1.5244312286376953,0.2018737941980362,-0.0314025916159153,-0.1884155422449112,0.14228770489205025,-0.3469445324121378,0.8900737142149019,-1.3852446777732403,-1.506448344836267,1.950852377690036,0.0,0.0,0.0,0.0,0.0,0.0,1.7695566142836938,0.24339841436500986,-2.329816140589685,-1.004101392145385,3.540695881423035,0.5643377819968957,7.0,1.0,48.0,48.2130012512207,48.029998779296875,0.06,31.86,27.68,0.41,-0.283,1.313,0,1,0
1778204804.9607666,1335.8,1.7696112394332886,0.2434396743774414,-2.329761568699972,-1.004068676625387,3.5407354831695557,0.5643787384033203,0.0,0.0,-0.0,0.0,0.0,0.0,-0.0961303785443306,3.982544422149658,-1.515463948249817,0.1996307522058487,-0.0471038855612278,-0.1996307522058487,0.14227473432521878,-0.34695455264043856,0.8900843575451889,-1.3852741385631504,-1.5064087460863234,1.950837600676108,0.0,0.0,0.0,0.0,0.0,0.0,1.7695566142836938,0.24339841436500986,-2.329816140589685,-1.004101392145385,3.540695881423035,0.5643377819968957,7.0,1.0,48.0,48.2130012512207,48.029998779296875,0.06,31.86,27.68,0.41,-0.283,1.313,0,1,0
1778204804.9668262,1335.808,1.7696112394332886,0.24337971210479736,-2.3298335711108606,-1.004068676625387,3.5407116413116455,0.5643787384033203,0.0,0.0,-0.0,0.0,0.0,0.0,-0.1190185695886612,3.996277332305908,-1.5221893787384033,0.2018737941980362,-0.0381317175924778,-0.2086029201745987,0.1422515647883456,-0.34684360808962866,0.890090257008342,-1.3853684438089369,-1.5062961035452973,1.9509447173623906,0.0,0.0,0.0,0.0,0.0,0.0,1.7695566142836938,0.24339841436500986,-2.329816140589685,-1.004101392145385,3.540695881423035,0.5643377819968957,7.0,1.0,48.0,48.2130012512207,48.029998779296875,0.06,31.86,27.68,0.41,-0.283,1.313,0,1,0
1778204804.9741945,1335.816,1.7696353197097778,0.243391752243042,-2.329761568699972,-1.0041049162494105,3.5407354831695557,0.5643787384033203,0.0,0.0,-0.0,0.0,0.0,0.0,-0.1052856519818306,3.987122058868408,-1.5199475288391113,0.2063598781824112,-0.0471038855612278,-0.2198181450366974,0.14227285480897553,-0.3469006735081313,0.8901040187548719,-1.385315947445635,-1.5063759193414148,1.9509287661160621,0.0,0.0,0.0,0.0,0.0,0.0,1.7695566142836938,0.24339841436500986,-2.329816140589685,-1.004101392145385,3.540695881423035,0.5643377819968957,7.0,1.0,48.0,48.2130012512207,48.029998779296875,0.06,31.86,27.68,0.41,-0.283,1.313,0,1,0
1778204804.9790344,1335.8239999999998,1.7695993185043335,0.2434396743774414,-2.3297975699054163,-1.0040810743915003,3.5407116413116455,0.5643787384033203,0.0,0.0,-0.0,0.0,0.0,0.0,-0.0823974683880806,3.968811511993408,-1.5177057981491089,0.2018737941980362,-0.0381317175924778,-0.2198181450366974,0.14226187688963263,-0.346917193776798,0.890077012114258,-1.3853212178147776,-1.5063405666919412,1.9508612296650576,0.0,0.0,0.0,0.0,0.0,0.0,1.7695566142836938,0.24339841436500986,-2.329816140589685,-1.004101392145385,3.540695881423035,0.5643377819968957,7.0,1.0,48.0,48.2130012512207,48.029998779296875,0.06,31.86,27.68,0.41,-0.283,1.313,0,1,0
1778204804.9820583,1335.8319999999999,1.7696112394332886,0.243391752243042,-2.3298335711108606,-1.004068676625387,3.5407235622406006,0.5643907189369202,0.0,0.0,-0.0,0.0,0.0,0.0,-0.1190185695886612,3.950500965118408,-1.513222098350525,0.2018737941980362,-0.0448608435690403,-0.1929016262292862,0.14225196453286656,-0.3468506204572192,0.8900858963997346,-1.3853677955842874,-1.5063112759475072,1.9509475303260073,0.0,0.0,0.0,0.0,0.0,0.0,1.7695566142836938,0.24339841436500986,-2.329816140589685,-1.004101392145385,3.540695881423035,0.5643377819968957,7.0,1.0,47.986000061035156,48.2130012512207,48.029998779296875,0.06,31.86,27.68,0.41,-0.283,1.313,0,1,0
1778204804.9851124,1335.84,1.7696112394332886,0.24347567558288574,-2.3298097292529505,-1.0040810743915003,3.5407235622406006,0.56440269947052,0.0,0.0,-0.0,0.0,0.0,0.0,-0.0457763709127903,3.977966785430908,-1.515463948249817,0.2063598781824112,-0.0314025916159153,-0.1929016262292862,0.1422658089243022,-0.3469266154668048,0.8900612034459073,-1.3853194249397078,-1.5063703807567912,1.9508673932261968,0.0,0.0,0.0,0.0,0.0,0.0,1.7695566142836938,0.24339841436500986,-2.329816140589685,-1.004101392145385,3.540695881423035,0.5643377819968957,7.0,1.0,47.986000061035156,48.2130012512207,48.029998779296875,0.06,31.86,27.68,0.41,-0.283,1.313,0,1,0
1778204804.9887223,1335.848,1.7696112394332886,0.24348759651184082,-2.3298097292529505,-1.0040572325335901,3.5407354831695557,0.5643667578697205,0.0,0.0,-0.0,0.0,0.0,0.0,-0.1144409328699112,3.973389148712158,-1.5109803676605225,0.2018737941980362,-0.0358886756002903,-0.2175751030445099,0.14227629958764212,-0.34695498957442145,0.8900550534086453,-1.3852549194278923,-1.5064209604156085,1.9508201496086137,0.0,0.0,0.0,0.0,0.0,0.0,1.7695566142836938,0.24339841436500986,-2.329816140589685,-1.004101392145385,3.540695881423035,0.5643377819968957,7.0,1.0,47.986000061035156,48.2130012512207,48.029998779296875,0.06,31.86,27.68,0.41,-0.283,1.313,0,1,0
1778204805.013426,1335.856,1.7696353197097778,0.24337971210479736,-2.329749647771017,-1.0040929953204554,3.5407354831695557,0.5643907189369202,0.0,0.0,-0.0,0.0,0.0,0.0,-0.1190185695886612,3.964233875274658,-1.5109803676605225,0.2018737941980362,-0.0314025916159153,-0.2198181450366974,0.1422721412488698,-0.34690417315568844,0.8901106136742697,-1.3853205261196326,-1.50637898432523,1.9509251534689673,0.0,0.0,0.0,0.0,0.0,0.0,1.7695566142836938,0.24339841436500986,-2.329816140589685,-1.004101392145385,3.540695881423035,0.5643377819968957,7.0,1.0,47.986000061035156,48.2130012512207,48.029998779296875,0.06,31.86,27.68,0.41,-0.283,1.313,0,1,0
1778204805.0160975,1335.864,1.7696112394332886,0.24340379238128662,-2.3297975699054163,-1.0040929953204554,3.5407235622406006,0.5643667578697205,0.0,0.0,-0.0,0.0,0.0,0.0,-0.0869751051068306,3.977966785430908,-1.5244312286376953,0.2041168361902237,-0.0336456336081028,-0.2287903130054474,0.14226226635211506,-0.34688779453209423,0.8900907061661343,-1.3853284420411518,-1.506337066781514,1.9509116110715565,0.0,0.0,0.0,0.0,0.0,0.0,1.7695566142836938,0.24339841436500986,-2.329816140589685,-1.004101392145385,3.540695881423035,0.5643377819968957,7.0,1.0,47.986000061035156,48.25899887084961,48.029998779296875,0.06,31.86,27.68,0.41,-0.283,1.313,0,1,0
1778204805.0218337,1335.8719999999998,1.7695753574371338,0.24345171451568604,-2.3297975699054163,-1.0041287581073206,3.5407354831695557,0.5643907189369202,0.0,0.0,-0.0,0.0,0.0,0.0,-0.1281738430261612,3.964233875274658,-1.5109803676605225,0.2041168361902237,-0.0403747595846653,-0.2063598781824112,0.1422506106657586,-0.34690930969003736,0.890075245253569,-1.385357691103943,-1.5063123588755964,1.950899996888225,0.0,0.0,0.0,0.0,0.0,0.0,1.7695566142836938,0.24339841436500986,-2.329816140589685,-1.004101392145385,3.540695881423035,0.5643377819968957,7.0,1.0,47.986000061035156,48.25899887084961,48.06100082397461,0.06,31.86,27.68,0.41,-0.283,1.313,0,1,0
1778204805.0252142,1335.8799999999999,1.7695872783660889,0.2434396743774414,-2.329761568699972,-1.0041049162494105,3.5407235622406006,0.56440269947052,0.0,0.0,-0.0,0.0,0.0,0.0,-0.0778198316693306,3.982544422149658,-1.499771237373352,0.1973877102136612,-0.0403747595846653,-0.1973877102136612,0.14225872347198362,-0.3469364352596214,0.8900866791796604,-1.3853386080091747,-1.5063392980872414,1.9508639058107906,0.0,0.0,0.0,0.0,0.0,0.0,1.7695566142836938,0.24339841436500986,-2.329816140589685,-1.004101392145385,3.540695881423035,0.5643377819968957,7.0,1.0,47.986000061035156,48.25899887084961,48.06100082397461,0.06,31.86,27.68,0.41,-0.283,1.313,0,1,0
1778204805.0288794,1335.888,1.7695993185043335,0.2434157133102417,-2.3297856489764612,-1.004068676625387,3.5407354831695557,0.5643787384033203,0.0,0.0,-0.0,0.0,0.0,0.0,-0.0915527418255806,3.973389148712158,-1.5266729593276978,0.2041168361902237,-0.0426178015768528,-0.1951446682214737,0.1422626750305863,-0.34691687403843213,0.8900877348963503,-1.3853105506219237,-1.5063648163068815,1.9508744214873162,0.0,0.0,0.0,0.0,0.0,0.0,1.7695566142836938,0.24339841436500986,-2.329816140589685,-1.004101392145385,3.540695881423035,0.5643377819968957,7.0,1.0,47.986000061035156,48.25899887084961,48.06100082397461,0.06,31.86,27.68,0.41,-0.283,1.313,0,1,0
1778204805.0392146,1335.896,1.7695993185043335,0.24345171451568604,-2.329761568699972,-1.0040572325335901,3.5407235622406006,0.5643787384033203,0.0,0.0,-0.0,0.0,0.0,0.0,-0.1190185695886612,3.982544422149658,-1.513222098350525,0.2041168361902237,-0.0269165076315403,-0.1839294582605362,0.14227274599343995,-0.3469688998347038,0.8900793415571824,-1.3852701890846575,-1.5064008320998057,1.9508023607204348,0.0,0.0,0.0,0.0,0.0,0.0,1.7695566142836938,0.24339841436500986,-2.329816140589685,-1.004101392145385,3.540695881423035,0.5643377819968957,7.0,1.0,47.986000061035156,48.25899887084961,48.06100082397461,0.06,31.86,27.68,0.41,-0.283,1.313,0,1,0
1778204805.0694163,1335.904,1.7696112394332886,0.24345171451568604,-2.329773728047506,-1.0041168371783655,3.5407590866088867,0.5643787384033203,0.0,0.0,-0.0,0.0,0.0,0.0,-0.0961303785443306,4.000854969024658,-1.5109803676605225,0.1973877102136612,-0.0403747595846653,-0.2220611870288849,0.14227157941394128,-0.3469351587195026,0.8900797419332709,-1.3852948447574578,-1.5064001045061621,1.9508948708493368,0.0,0.0,0.0,0.0,0.0,0.0,1.7695566142836938,0.24339841436500986,-2.329816140589685,-1.004101392145385,3.540695881423035,0.5643377819968957,7.0,1.0,47.986000061035156,48.25899887084961,48.06100082397461,0.06,31.86,27.68,0.41,-0.283,1.313,0,1,0
1778204805.0771523,1335.912,1.7696592807769775,0.24345171451568604,-2.3298097292529505,-1.0041049162494105,3.5407590866088867,0.5643547773361206,0.0,0.0,-0.0,0.0,0.0,0.0,-0.0732421949505806,3.977966785430908,-1.5109803676605225,0.2018737941980362,-0.0403747595846653,-0.1816864162683487,0.1422868467149401,-0.3469069461911021,0.8900706828409721,-1.385262244561877,-1.5064405820859368,1.950931141991451,0.0,0.0,0.0,0.0,0.0,0.0,1.7695566142836938,0.24339841436500986,-2.329816140589685,-1.004101392145385,3.540695881423035,0.5643377819968957,7.0,1.0,47.986000061035156,48.25899887084961,48.06100082397461,0.06,31.86,27.68,0.41,-0.283,1.313,0,1,0
1778204805.0803094,1335.9199999999998,1.769551396369934,0.24347567558288574,-2.3298097292529505,-1.0041049162494105,3.5406875610351562,0.5643907189369202,0.0,0.0,-0.0,0.0,0.0,0.0,-0.0961303785443306,3.973389148712158,-1.5064966678619385,0.2063598781824112,-0.0448608435690403,-0.2489776909351349,0.14224322705554357,-0.34692551386807524,0.8900625652422567,-1.3853675099425449,-1.5062645738436609,1.9508262037963011,0.0,0.0,0.0,0.0,0.0,0.0,1.7695566142836938,0.24339841436500986,-2.329816140589685,-1.004101392145385,3.540695881423035,0.5643377819968957,7.0,1.0,47.986000061035156,48.25899887084961,48.06100082397461,0.06,31.86,27.68,0.41,-0.283,1.313,0,1,0
1778204805.0850499,1335.9279999999999,1.7696353197097778,0.243391752243042,-2.3297975699054163,-1.0040810743915003,3.5407354831695557,0.5643667578697205,0.0,0.0,-0.0,0.0,0.0,0.0,-0.1419067531824112,3.959656238555908,-1.5177057981491089,0.2063598781824112,-0.0358886756002903,-0.2175751030445099,0.14227041767231124,-0.3468811622283441,0.8900944231995771,-1.3853114624779477,-1.5063725183175167,1.9509327747835208,0.0,0.0,0.0,0.0,0.0,0.0,1.7695566142836938,0.24339841436500986,-2.329816140589685,-1.004101392145385,3.540695881423035,0.5643377819968957,7.0,1.0,47.986000061035156,48.25899887084961,48.06100082397461,0.06,31.86,27.68,0.41,-0.283,1.313,0,1,0
1778204805.0938344,1335.936,1.7695993185043335,0.24345171451568604,-2.3297975699054163,-1.0041287581073206,3.5407116413116455,0.5643907189369202,0.0,0.0,-0.0,0.0,0.0,0.0,-0.0915527418255806,3.973389148712158,-1.504254937171936,0.2018737941980362,-0.0471038855612278,-0.2130890041589737,0.14225768719137094,-0.34690396047712596,0.8900753537761735,-1.3853562732272986,-1.5063118198891852,1.9509007750722798,0.0,0.0,0.0,0.0,0.0,0.0,1.7695566142836938,0.24339841436500986,-2.329816140589685,-1.004101392145385,3.540695881423035,0.5643377819968957,7.0,1.0,47.986000061035156,48.22800064086914,48.06100082397461,0.06,31.86,27.68,0.41,-0.283,1.313,0,1,0
1778204805.0980492,1335.936,1.7695993185043335,0.24345171451568604,-2.3297975699054163,-1.0041287581073206,3.5407116413116455,0.5643907189369202,0.0,0.0,-0.0,0.0,0.0,0.0,-0.0915527418255806,3.973389148712158,-1.504254937171936,0.2018737941980362,-0.0471038855612278,-0.2130890041589737,0.14225768719137094,-0.34690396047712596,0.8900753537761735,-1.3853562732272986,-1.5063118198891852,1.9509007750722798,0.0,0.0,0.0,0.0,0.0,0.0,1.7695566142836938,0.24339841436500986,-2.329816140589685,-1.004101392145385,3.540695881423035,0.5643377819968957,7.0,1.0,47.986000061035156,48.22800064086914,48.06100082397461,0.03,31.82,27.58,0.411,-0.285,1.313,0,0,1
1778204805.1016889,1335.944,1.7695993185043335,0.2434157133102417,-2.3297856489764612,-1.0040929953204554,3.54074764251709,0.56440269947052,0.0,0.0,-0.0,0.0,0.0,0.0,-0.0595092847943306,3.973389148712158,-1.515463948249817,0.2041168361902237,-0.0403747595846653,-0.2265472710132599,0.14225721826886042,-0.34690212657418873,0.8900892837613097,-1.3853451811007527,-1.5063509950234097,1.9509176562076187,0.0,0.0,0.0,0.0,0.0,0.0,1.7695566142836938,0.24339841436500986,-2.329816140589685,-1.004101392145385,3.540695881423035,0.5643377819968957,7.0,1.0,47.986000061035156,48.22800064086914,48.04600143432617,0.03,31.82,27.58,0.411,-0.285,1.313,0,1,0
1778204805.1122193,1335.952,1.769647240638733,0.2434636354446411,-2.3298335711108606,-1.0040929953204554,3.5407354831695557,0.5643667578697205,0.0,0.0,-0.0,0.0,0.0,0.0,-0.0869751051068306,3.982544422149658,-1.513222098350525,0.2041168361902237,-0.0314025916159153,-0.2041168361902237,0.14227792875161085,-0.34689625005602925,0.8900604717848499,-1.3852905574756773,-1.5064001075133269,1.950917780793969,0.0,0.0,0.0,0.0,0.0,0.0,1.7695566142836938,0.24339841436500986,-2.329816140589685,-1.004101392145385,3.540695881423035,0.5643377819968957,7.0,1.0,47.986000061035156,48.22800064086914,48.04600143432617,0.03,31.82,27.58,0.411,-0.285,1.313,0,1,0
1778204805.1399724,1335.96,1.7695753574371338,0.243391752243042,-2.329761568699972,-1.0040572325335901,3.5407590866088867,0.5643308162689209,0.0,0.0,-0.0,0.0,0.0,0.0,-0.0778198316693306,3.964233875274658,-1.513222098350525,0.2018737941980362,-0.0448608435690403,-0.1906585842370987,0.1422653711201097,-0.34694221402271386,0.8901007547683192,-1.3852559406551892,-1.506392465932756,1.950834597836186,0.0,0.0,0.0,0.0,0.0,0.0,1.7695566142836938,0.24339841436500986,-2.329816140589685,-1.004101392145385,3.540695881423035,0.5643377819968957,7.0,1.0,47.986000061035156,48.22800064086914,48.04600143432617,0.03,31.82,27.58,0.411,-0.285,1.313,0,1,0
1778204805.144244,1335.9679999999998,1.7695993185043335,0.2434396743774414,-2.3297975699054163,-1.0041168371783655,3.5407235622406006,0.56440269947052,0.0,0.0,-0.0,0.0,0.0,0.0,-0.0961303785443306,3.977966785430908,-1.5221893787384033,0.2041168361902237,-0.0358886756002903,-0.1816864162683487,0.14225545473625104,-0.3468978007596298,0.8900791975754803,-1.3853632795116777,-1.5063188413807678,1.950914758602209,0.0,0.0,0.0,0.0,0.0,0.0,1.7695566142836938,0.24339841436500986,-2.329816140589685,-1.004101392145385,3.540695881423035,0.5643377819968957,7.0,1.0,47.986000061035156,48.22800064086914,48.04600143432617,0.03,31.82,27.58,0.411,-0.285,1.313,0,1,0
1778204805.1465616,1335.9759999999999,1.7696112394332886,0.24340379238128662,-2.329773728047506,-1.0041049162494105,3.5407235622406006,0.56440269947052,0.0,0.0,-0.0,0.0,0.0,0.0,-0.1235962063074112,3.987122058868408,-1.5109803676605225,0.2018737941980362,-0.0426178015768528,-0.1570129543542862,0.14225945485646144,-0.34689537531799297,0.8900971419031892,-1.3853573779514485,-1.5063304998985059,1.9509220511934524,0.0,0.0,0.0,0.0,0.0,0.0,1.7695566142836938,0.24339841436500986,-2.329816140589685,-1.004101392145385,3.540695881423035,0.5643377819968957,7.0,1.0,47.986000061035156,48.22800064086914,48.04600143432617,0.03,31.82,27.58,0.411,-0.285,1.313,0,1,0
1778204805.1506112,1335.984,1.7695753574371338,0.24347567558288574,-2.3298097292529505,-1.0041049162494105,3.54074764251709,0.5643787384033203,0.0,0.0,-0.0,0.0,0.0,0.0,-0.0869751051068306,3.968811511993408,-1.5333983898162842,0.1973877102136612,-0.0358886756002903,-0.1929016262292862,0.14225668439437592,-0.34692994940508937,0.8900621648330712,-1.385317524057118,-1.506353296795189,1.9508671829292155,0.0,0.0,0.0,0.0,0.0,0.0,1.7695566142836938,0.24339841436500986,-2.329816140589685,-1.004101392145385,3.540695881423035,0.5643377819968957,7.0,1.0,47.986000061035156,48.22800064086914,48.04600143432617,0.03,31.82,27.58,0.411,-0.285,1.313,0,1,0
1778204805.153818,1335.992,1.7695993185043335,0.2434636354446411,-2.329761568699972,-1.0040929953204554,3.5407235622406006,0.5643547773361206,0.0,0.0,-0.0,0.0,0.0,0.0,-0.0457763709127903,3.977966785430908,-1.515463948249817,0.2041168361902237,-0.0403747595846653,-0.1704712063074112,0.14227562340231975,-0.34696925680617086,0.8900766849207583,-1.3852611870746325,-1.5063946310254066,1.9508098239993967,0.0,0.0,0.0,0.0,0.0,0.0,1.7695566142836938,0.24339841436500986,-2.329816140589685,-1.004101392145385,3.540695881423035,0.5643377819968957,7.0,1.0,47.986000061035156,48.22800064086914,48.04600143432617,0.03,31.82,27.58,0.411,-0.285,1.313,0,1,0
1778204805.1572633,1336.0,1.7695993185043335,0.2434396743774414,-2.3298216501819056,-1.0040929953204554,3.5407354831695557,0.5643667578697205,0.0,0.0,-0.0,0.0,0.0,0.0,-0.1373291164636612,3.987122058868408,-1.513222098350525,0.2041168361902237,-0.0448608435690403,-0.2153320610523224,0.14225983439201845,-0.3468957964119149,0.8900719916766584,-1.3853216915329702,-1.5063452171162754,1.9509003929512263,0.0,0.0,0.0,0.0,0.0,0.0,1.7695566142836938,0.24339841436500986,-2.329816140589685,-1.004101392145385,3.540695881423035,0.5643377819968957,7.0,1.0,48.04600143432617,48.22800064086914,48.04600143432617,0.03,31.82,27.58,0.411,-0.285,1.313,0,1,0
1778204805.1631548,1336.008,1.7696112394332886,0.24337971210479736,-2.3297975699054163,-1.0040572325335901,3.54074764251709,0.5643787384033203,0.0,0.0,-0.0,0.0,0.0,0.0,-0.0869751051068306,3.973389148712158,-1.5177057981491089,0.2108459621667862,-0.0471038855612278,-0.1704712063074112,0.14226083737214568,-0.3468832663247412,0.8900976036284329,-1.385322550942034,-1.506364213717158,1.9509217397851841,0.0,0.0,0.0,0.0,0.0,0.0,1.7695566142836938,0.24339841436500986,-2.329816140589685,-1.004101392145385,3.540695881423035,0.5643377819968957,7.0,1.0,48.04600143432617,48.18299865722656,48.04600143432617,0.03,31.82,27.58,0.411,-0.285,1.313,0,1,0
1778204805.1673543,1336.0159999999998,1.7696592807769775,0.24342775344848633,-2.3297975699054163,-1.0040929953204554,3.540795087814331,0.5643667578697205,0.0,0.0,-0.0,0.0,0.0,0.0,-0.1098632961511612,3.959656238555908,-1.5266729593276978,0.2041168361902237,-0.0403747595846653,-0.2220611870288849,0.1422862474707732,-0.3469046826592908,0.8900815574481613,-1.3852586211280964,-1.506472018681367,1.950958514337225,0.0,0.0,0.0,0.0,0.0,0.0,1.7695566142836938,0.24339841436500986,-2.329816140589685,-1.004101392145385,3.540695881423035,0.5643377819968957,7.0,1.0,48.04600143432617,48.18299865722656,48.029998779296875,0.03,31.82,27.58,0.411,-0.285,1.313,0,1,0
1778204805.1775525,1336.024,1.7695993185043335,0.24340379238128662,-2.3297975699054163,-1.0040929953204554,3.5407354831695557,0.5643787384033203,0.0,0.0,-0.0,0.0,0.0,0.0,-0.1419067531824112,3.964233875274658,-1.5177057981491089,0.2063598781824112,-0.0471038855612278,-0.2310333549976349,0.14225671830267306,-0.3468875072451862,0.8900907785447703,-1.3853412882802567,-1.5063325138914507,1.950918366849364,0.0,0.0,0.0,0.0,0.0,0.0,1.7695566142836938,0.24339841436500986,-2.329816140589685,-1.004101392145385,3.540695881423035,0.5643377819968957,7.0,1.0,48.04600143432617,48.18299865722656,48.029998779296875,0.03,31.82,27.58,0.411,-0.285,1.313,0,1,0
1778204805.2035174,1336.032,1.7695993185043335,0.24342775344848633,-2.3297856489764612,-1.0040929953204554,3.5407354831695557,0.5643907189369202,0.0,0.0,-0.0,0.0,0.0,0.0,-0.0961303785443306,4.010010242462158,-1.5199475288391113,0.2086029201745987,-0.0381317175924778,-0.2265472710132599,0.1422604313050879,-0.3469130857817702,0.890084778891719,-1.385330645172768,-1.5063517169218212,1.9508926750371904,0.0,0.0,0.0,0.0,0.0,0.0,1.7695566142836938,0.24339841436500986,-2.329816140589685,-1.004101392145385,3.540695881423035,0.5643377819968957,7.0,1.0,48.04600143432617,48.18299865722656,48.029998779296875,0.03,31.82,27.58,0.411,-0.285,1.313,0,1,0
1778204805.225072,1336.04,1.7696353197097778,0.24340379238128662,-2.3297856489764612,-1.0040572325335901,3.5407116413116455,0.56440269947052,0.0,0.0,-0.0,0.0,0.0,0.0,-0.1190185695886612,3.987122058868408,-1.5311566591262817,0.2086029201745987,-0.0358886756002903,-0.1861725002527237,0.1422690253192221,-0.3468996244327087,0.8900918509302402,-1.3853277961247725,-1.5063659672881617,1.9508970429535282,0.0,0.0,0.0,0.0,0.0,0.0,1.7695566142836938,0.24339841436500986,-2.329816140589685,-1.004101392145385,3.540695881423035,0.5643377819968957,7.0,1.0,48.04600143432617,48.18299865722656,48.029998779296875,0.03,31.82,27.58,0.411,-0.285,1.313,0,1,0
1778204805.2316105,1336.048,1.7696112394332886,0.2434636354446411,-2.3297856489764612,-1.004068676625387,3.5407235622406006,0.5643787384033203,0.0,0.0,-0.0,0.0,0.0,0.0,-0.1052856519818306,3.982544422149658,-1.5087385177612305,0.2086029201745987,-0.0471038855612278,-0.2108459621667862,0.14227340706380953,-0.3469500113045665,0.8900701412994865,-1.38527944700342,-1.5063965952680012,1.9508309246622286,0.0,0.0,0.0,0.0,0.0,0.0,1.7695566142836938,0.24339841436500986,-2.329816140589685,-1.004101392145385,3.540695881423035,0.5643377819968957,7.0,1.0,48.04600143432617,48.18299865722656,48.029998779296875,0.03,31.82,27.58,0.411,-0.285,1.313,0,1,0
1778204805.2358718,1336.056,1.7696353197097778,0.24347567558288574,-2.329761568699972,-1.0040929953204554,3.5407116413116455,0.5643907189369202,0.0,0.0,-0.0,0.0,0.0,0.0,-0.1052856519818306,3.991699695587158,-1.5289148092269897,0.2086029201745987,-0.0471038855612278,-0.1973877102136612,0.1422832169910117,-0.34696329940155407,0.8900726858081283,-1.385277542895539,-1.5064112769262024,1.9508347789731912,0.0,0.0,0.0,0.0,0.0,0.0,1.7695566142836938,0.24339841436500986,-2.329816140589685,-1.004101392145385,3.540695881423035,0.5643377819968957,7.0,1.0,48.04600143432617,48.18299865722656,48.029998779296875,0.03,31.82,27.58,0.411,-0.285,1.313,0,1,0
1778204805.2450671,1336.0639999999999,1.7695993185043335,0.2434157133102417,-2.3297975699054163,-1.0041287581073206,3.5407116413116455,0.56440269947052,0.0,0.0,-0.0,0.0,0.0,0.0,-0.1098632961511612,3.955078601837158,-1.5289148092269897,0.2041168361902237,-0.0358886756002903,-0.1951446682214737,0.1422502370212743,-0.3468741096852472,0.8900887365064054,-1.3853912948986071,-1.5062828170375757,1.9509408265133616,0.0,0.0,0.0,0.0,0.0,0.0,1.7695566142836938,0.24339841436500986,-2.329816140589685,-1.004101392145385,3.540695881423035,0.5643377819968957,7.0,1.0,48.04600143432617,48.18299865722656,48.029998779296875,0.03,31.82,27.58,0.411,-0.285,1.313,0,1,0
1778204805.2487829,1336.072,1.7695872783660889,0.2434157133102417,-2.3297856489764612,-1.004068676625387,3.54074764251709,0.5644146800041199,0.0,0.0,-0.0,0.0,0.0,0.0,-0.0869751051068306,3.977966785430908,-1.5177057981491089,0.2018737941980362,-0.0336456336081028,-0.2355194389820099,0.14225303606948017,-0.34691071629553316,0.8900880596027186,-1.3853476862234946,-1.5063506257448174,1.9508954592261663,0.0,0.0,0.0,0.0,0.0,0.0,1.7695566142836938,0.24339841436500986,-2.329816140589685,-1.004101392145385,3.540695881423035,0.5643377819968957,7.0,1.0,48.04600143432617,48.18299865722656,48.029998779296875,0.03,31.82,27.58,0.411,-0.285,1.313,0,1,0
1778204805.2524006,1336.08,1.7696112394332886,0.2434636354446411,-2.3298335711108606,-1.0041049162494105,3.5406997203826904,0.5643787384033203,0.0,0.0,-0.0,0.0,0.0,0.0,-0.1190185695886612,3.973389148712158,-1.5356402397155762,0.2108459621667862,-0.0426178015768528,-0.2018737941980362,0.1422605625029454,-0.34689068893773667,0.89006142340875,-1.3853435408591672,-1.5063160786525445,1.9508942292036302,0.0,0.0,0.0,0.0,0.0,0.0,1.7695566142836938,0.24339841436500986,-2.329816140589685,-1.004101392145385,3.540695881423035,0.5643377819968957,7.0,1.0,48.0,48.2130012512207,48.029998779296875,0.03,31.82,27.58,0.411,-0.285,1.313,0,1,0
1778204805.2597985,1336.088,1.7696353197097778,0.24345171451568604,-2.329773728047506,-1.0040572325335901,3.54074764251709,0.5643907189369202,0.0,0.0,-0.0,0.0,0.0,0.0,-0.1144409328699112,3.964233875274658,-1.5177057981491089,0.2041168361902237,-0.0381317175924778,-0.1749572902917862,0.14228227467013224,-0.3469519415910226,0.8900766087597427,-1.3852619904588246,-1.5064471815379987,1.9508555003216184,0.0,0.0,0.0,0.0,0.0,0.0,1.7695566142836938,0.24339841436500986,-2.329816140589685,-1.004101392145385,3.540695881423035,0.5643377819968957,7.0,1.0,48.0,48.2130012512207,48.029998779296875,0.03,31.82,27.58,0.411,-0.285,1.313,0,1,0
1778204805.2791564,1336.096,1.7695872783660889,0.2434157133102417,-2.3298097292529505,-1.004068676625387,3.54074764251709,0.5644146800041199,0.0,0.0,-0.0,0.0,0.0,0.0,-0.0778198316693306,3.977966785430908,-1.5199475288391113,0.2086029201745987,-0.0358886756002903,-0.1884155422449112,0.14224872012423093,-0.3468892437500597,0.8900826119350134,-1.3853630349795307,-1.5063344065404503,1.9509174285341144,0.0,0.0,0.0,0.0,0.0,0.0,1.7695566142836938,0.24339841436500986,-2.329816140589685,-1.004101392145385,3.540695881423035,0.5643377819968957,7.0,1.0,48.0,48.2130012512207,48.029998779296875,0.03,31.82,27.58,0.411,-0.285,1.313,0,1,0
1778204805.2817533,1336.096,1.7695872783660889,0.2434157133102417,-2.3298097292529505,-1.004068676625387,3.54074764251709,0.5644146800041199,0.0,0.0,-0.0,0.0,0.0,0.0,-0.0778198316693306,3.977966785430908,-1.5199475288391113,0.2086029201745987,-0.0358886756002903,-0.1884155422449112,0.14224872012423093,-0.3468892437500597,0.8900826119350134,-1.3853630349795307,-1.5063344065404503,1.9509174285341144,0.0,0.0,0.0,0.0,0.0,0.0,1.7695566142836938,0.24339841436500986,-2.329816140589685,-1.004101392145385,3.540695881423035,0.5643377819968957,7.0,1.0,48.0,48.2130012512207,48.029998779296875,-0.17,32.06,28.09,0.402,-0.265,1.304,0,0,1
1778204805.2856278,1336.104,1.7695993185043335,0.2434396743774414,-2.329761568699972,-1.004068676625387,3.5407235622406006,0.56440269947052,0.0,0.0,-0.0,0.0,0.0,0.0,-0.0823974683880806,3.982544422149658,-1.513222098350525,0.2086029201745987,-0.0336456336081028,-0.2310333549976349,0.14226591891971685,-0.3469493714926096,0.8900846656532215,-1.3853094940525823,-1.506375341238883,1.9508380257610936,0.0,0.0,0.0,0.0,0.0,0.0,1.7695566142836938,0.24339841436500986,-2.329816140589685,-1.004101392145385,3.540695881423035,0.5643377819968957,7.0,1.0,48.0,48.2130012512207,48.029998779296875,-0.17,32.06,28.09,0.402,-0.265,1.304,0,1,0
1778204805.290269,1336.1119999999999,1.7696353197097778,0.2434396743774414,-2.3298335711108606,-1.0040929953204554,3.5407590866088867,0.5643667578697205,0.0,0.0,-0.0,0.0,0.0,0.0,-0.1373291164636612,3.968811511993408,-1.5266729593276978,0.2063598781824112,-0.0381317175924778,-0.1861725002527237,0.14227140949952116,-0.34688196585952696,0.8900691873647886,-1.3853013808890864,-1.5063961274480901,1.950945938435885,0.0,0.0,0.0,0.0,0.0,0.0,1.7695566142836938,0.24339841436500986,-2.329816140589685,-1.004101392145385,3.540695881423035,0.5643377819968957,7.0,1.0,48.0,48.2130012512207,48.029998779296875,-0.17,32.06,28.09,0.402,-0.265,1.304,0,1,0
1778204805.2976387,1336.12,1.7695753574371338,0.24342775344848633,-2.3297856489764612,-1.0041049162494105,3.54074764251709,0.5643787384033203,0.0,0.0,-0.0,0.0,0.0,0.0,-0.0732421949505806,3.968811511993408,-1.5311566591262817,0.2198181450366974,-0.0426178015768528,-0.1682281643152237,0.14225378706442238,-0.3469156187452331,0.8900852590321496,-1.3853325971495885,-1.5063374070712205,1.9508890649180948,0.0,0.0,0.0,0.0,0.0,0.0,1.7695566142836938,0.24339841436500986,-2.329816140589685,-1.004101392145385,3.540695881423035,0.5643377819968957,7.0,1.0,48.0,48.2130012512207,48.029998779296875,-0.17,32.06,28.09,0.402,-0.265,1.304,0,1,0
1778204805.3001368,1336.128,1.7695753574371338,0.2434636354446411,-2.329773728047506,-1.0040810743915003,3.54074764251709,0.5643907189369202,0.0,0.0,-0.0,0.0,0.0,0.0,-0.0595092847943306,3.973389148712158,-1.5221893787384033,0.2108459621667862,-0.0403747595846653,-0.2444916069507599,0.14226127920298218,-0.34695974133256446,0.8900735435089324,-1.3852991214281438,-1.5063805634121097,1.9508307371965978,0.0,0.0,0.0,0.0,0.0,0.0,1.7695566142836938,0.24339841436500986,-2.329816140589685,-1.004101392145385,3.540695881423035,0.5643377819968957,7.0,1.0,48.0,48.2130012512207,48.029998779296875,-0.17,32.06,28.09,0.402,-0.265,1.304,0,1,0
1778204805.308256,1336.136,1.7696112394332886,0.24342775344848633,-2.3297856489764612,-1.0040572325335901,3.54074764251709,0.5643667578697205,0.0,0.0,-0.0,0.0,0.0,0.0,-0.0778198316693306,3.982544422149658,-1.5109803676605225,0.2041168361902237,-0.0336456336081028,-0.2018737941980362,0.14227223751653764,-0.34693274265156704,0.890082482972353,-1.3852722869459302,-1.5064093108831007,1.9508597941124686,0.0,0.0,0.0,0.0,0.0,0.0,1.7695566142836938,0.24339841436500986,-2.329816140589685,-1.004101392145385,3.540695881423035,0.5643377819968957,7.0,1.0,48.0,48.2130012512207,48.029998779296875,-0.17,32.06,28.09,0.402,-0.265,1.304,0,1,0
1778204805.3112893,1336.144,1.7696353197097778,0.24340379238128662,-2.3298097292529505,-1.0040810743915003,3.540795087814331,0.5643787384033203,0.0,0.0,-0.0,0.0,0.0,0.0,-0.0595092847943306,3.982544422149658,-1.5311566591262817,0.2018737941980362,-0.0403747595846653,-0.2377624809741974,0.14227110970179255,-0.34688121319912524,0.8900870942775412,-1.3852978787641006,-1.5064274450939352,1.9509735613370964,0.0,0.0,0.0,0.0,0.0,0.0,1.7695566142836938,0.24339841436500986,-2.329816140589685,-1.004101392145385,3.540695881423035,0.5643377819968957,7.0,1.0,48.0,48.2130012512207,48.029998779296875,-0.17,32.06,28.09,0.402,-0.265,1.304,0,1,0
1778204805.3148599,1336.152,1.7695753574371338,0.2434396743774414,-2.3297856489764612,-1.0041049162494105,3.5407354831695557,0.5643547773361206,0.0,0.0,-0.0,0.0,0.0,0.0,-0.1327514797449112,3.973389148712158,-1.504254937171936,0.1929016262292862,-0.0426178015768528,-0.1794433742761612,0.1422590125081092,-0.3469294424338258,0.8900806710568463,-1.3853059706357145,-1.5063429298764859,1.9508570831034626,0.0,0.0,0.0,0.0,0.0,0.0,1.7695566142836938,0.24339841436500986,-2.329816140589685,-1.004101392145385,3.540695881423035,0.5643377819968957,7.0,1.0,48.0,48.22800064086914,48.029998779296875,-0.17,32.06,28.09,0.402,-0.265,1.304,0,1,0
1778204805.3183188,1336.1599999999999,1.7696112394332886,0.2434396743774414,-2.3297975699054163,-1.0040810743915003,3.5407235622406006,0.56440269947052,0.0,0.0,-0.0,0.0,0.0,0.0,-0.1235962063074112,3.973389148712158,-1.5378820896148682,0.2041168361902237,-0.0314025916159153,-0.2243042290210724,0.14226256884002994,-0.34691056129845965,0.890077211253653,-1.385334529571713,-1.506354449617578,1.9508892425440552,0.0,0.0,0.0,0.0,0.0,0.0,1.7695566142836938,0.24339841436500986,-2.329816140589685,-1.004101392145385,3.540695881423035,0.5643377819968957,7.0,1.0,48.0,48.22800064086914,48.04600143432617,-0.17,32.06,28.09,0.402,-0.265,1.304,0,1,0
1778204805.3218212,1336.168,1.7696353197097778,0.2434396743774414,-2.3298216501819056,-1.004068676625387,3.5407590866088867,0.5643907189369202,0.0,0.0,-0.0,0.0,0.0,0.0,-0.0915527418255806,3.996277332305908,-1.5221893787384033,0.2018737941980362,-0.0471038855612278,-0.2130890041589737,0.14227151053031742,-0.34689651940187166,0.8900707867285007,-1.3853025448986553,-1.5064106821127774,1.9509271192706852,0.0,0.0,0.0,0.0,0.0,0.0,1.7695566142836938,0.24339841436500986,-2.329816140589685,-1.004101392145385,3.540695881423035,0.5643377819968957,7.0,1.0,48.0,48.22800064086914,48.04600143432617,-0.17,32.06,28.09,0.402,-0.265,1.304,0,1,0
1778204805.340697,1336.176,1.7695993185043335,0.24345171451568604,-2.329773728047506,-1.004068676625387,3.54074764251709,0.56440269947052,0.0,0.0,-0.0,0.0,0.0,0.0,-0.0823974683880806,3.987122058868408,-1.5177057981491089,0.2063598781824112,-0.0314025916159153,-0.2467346489429474,0.14226679994672903,-0.3469494842998304,0.8900773716398631,-1.3852991567368587,-1.5063994308872923,1.950851675465235,0.0,0.0,0.0,0.0,0.0,0.0,1.7695566142836938,0.24339841436500986,-2.329816140589685,-1.004101392145385,3.540695881423035,0.5643377819968957,7.0,1.0,48.0,48.22800064086914,48.04600143432617,-0.17,32.06,28.09,0.402,-0.265,1.304,0,1,0
1778204805.3435342,1336.184,1.7695993185043335,0.2434636354446411,-2.3297856489764612,-1.0041287581073206,3.5407116413116455,0.5643547773361206,0.0,0.0,-0.0,0.0,0.0,0.0,-0.1098632961511612,3.959656238555908,-1.5177057981491089,0.2018737941980362,-0.0403747595846653,-0.1570129543542862,0.14226771055361895,-0.34693235731056016,0.8900732803651947,-1.3853046067927828,-1.5063424781253705,1.9508576630424947,0.0,0.0,0.0,0.0,0.0,0.0,1.7695566142836938,0.24339841436500986,-2.329816140589685,-1.004101392145385,3.540695881423035,0.5643377819968957,7.0,1.0,48.0,48.22800064086914,48.04600143432617,-0.17,32.06,28.09,0.402,-0.265,1.304,0,1,0
1778204805.3515308,1336.192,1.7696112394332886,0.24347567558288574,-2.3298097292529505,-1.0041049162494105,3.540795087814331,0.5643667578697205,0.0,0.0,-0.0,0.0,0.0,0.0,-0.0869751051068306,3.987122058868408,-1.5221893787384033,0.1973877102136612,-0.0291595496237278,-0.2063598781824112,0.14227362333216168,-0.34693165962135464,0.8900618219511857,-1.3852671639355827,-1.5064409719673266,1.950908111804883,0.0,0.0,0.0,0.0,0.0,0.0,1.7695566142836938,0.24339841436500986,-2.329816140589685,-1.004101392145385,3.540695881423035,0.5643377819968957,7.0,1.0,48.0,48.22800064086914,48.04600143432617,-0.17,32.06,28.09,0.402,-0.265,1.304,0,1,0
1778204805.3596008,1336.2,1.7696112394332886,0.2434396743774414,-2.3298216501819056,-1.0041049162494105,3.5407354831695557,0.5643907189369202,0.0,0.0,-0.0,0.0,0.0,0.0,-0.0686645582318306,3.959656238555908,-1.4975295066833496,0.2018737941980362,-0.0403747595846653,-0.1973877102136612,0.14225891517414752,-0.3468833749047422,0.8900729070023283,-1.385347807288378,-1.506339130682252,1.9509325491278873,0.0,0.0,0.0,0.0,0.0,0.0,1.7695566142836938,0.24339841436500986,-2.329816140589685,-1.004101392145385,3.540695881423035,0.5643377819968957,7.0,1.0,48.0,48.22800064086914,48.04600143432617,-0.17,32.06,28.09,0.402,-0.265,1.304,0,1,0
1778204805.36274,1336.2079999999999,1.7696353197097778,0.24342775344848633,-2.3297856489764612,-1.0040810743915003,3.5407590866088867,0.56440269947052,0.0,0.0,-0.0,0.0,0.0,0.0,-0.0686645582318306,3.973389148712158,-1.5221893787384033,0.2153320610523224,-0.0403747595846653,-0.1996307522058487,0.14227310610584903,-0.34691175061902263,0.8900841358562838,-1.3853072703577833,-1.5064137599970706,1.9509235895504915,0.0,0.0,0.0,0.0,0.0,0.0,1.7695566142836938,0.24339841436500986,-2.329816140589685,-1.004101392145385,3.540695881423035,0.5643377819968957,7.0,1.0,48.0,48.22800064086914,48.04600143432617,-0.17,32.06,28.09,0.402,-0.265,1.304,0,1,0
1778204805.3689337,1336.216,1.7695993185043335,0.2434157133102417,-2.3297856489764612,-1.0041411558734339,3.5407590866088867,0.5643427968025208,0.0,0.0,-0.0,0.0,0.0,0.0,-0.1647949367761612,3.973389148712158,-1.5289148092269897,0.2086029201745987,-0.0403747595846653,-0.2086029201745987,0.1422639544137015,-0.34689835695407684,0.8900912734131243,-1.3853102192407531,-1.5063546505024432,1.9509324495853233,0.0,0.0,0.0,0.0,0.0,0.0,1.7695566142836938,0.24339841436500986,-2.329816140589685,-1.004101392145385,3.540695881423035,0.5643377819968957,7.0,1.0,48.0,48.22800064086914,48.04600143432617,-0.17,32.06,28.09,0.402,-0.265,1.304,0,1,0
1778204805.371927,1336.224,1.7695993185043335,0.24345171451568604,-2.3298097292529505,-1.0040810743915003,3.5407354831695557,0.5643907189369202,0.0,0.0,-0.0,0.0,0.0,0.0,-0.1602173000574112,3.982544422149658,-1.5199475288391113,0.2041168361902237,-0.0426178015768528,-0.2243042290210724,0.14226071491439357,-0.3469143336780574,0.8900698460304903,-1.3853231499679584,-1.5063595355351254,1.9508818552423348,0.0,0.0,0.0,0.0,0.0,0.0,1.7695566142836938,0.24339841436500986,-2.329816140589685,-1.004101392145385,3.540695881423035,0.5643377819968957,7.0,1.0,48.0,48.22800064086914,48.04600143432617,-0.17,32.06,28.09,0.402,-0.265,1.304,0,1,0
1778204805.3917716,1336.232,1.7695993185043335,0.24345171451568604,-2.3297975699054163,-1.0040929953204554,3.5407590866088867,0.5643907189369202,0.0,0.0,-0.0,0.0,0.0,0.0,-0.0823974683880806,3.991699695587158,-1.5199475288391113,0.2063598781824112,-0.0336456336081028,-0.2355194389820099,0.14226312497675908,-0.34692227872108616,0.8900731512610582,-1.3853127940588568,-1.5063834744550957,1.9508949309406223,0.0,0.0,0.0,0.0,0.0,0.0,1.7695566142836938,0.24339841436500986,-2.329816140589685,-1.004101392145385,3.540695881423035,0.5643377819968957,7.0,1.0,48.0,48.22800064086914,48.04600143432617,-0.17,32.06,28.09,0.402,-0.265,1.304,0,1,0
1778204805.3939805,1336.24,1.7695993185043335,0.24342775344848633,-2.3298097292529505,-1.0041287581073206,3.5407354831695557,0.5643907189369202,0.0,0.0,-0.0,0.0,0.0,0.0,-0.1007080152630806,3.982544422149658,-1.513222098350525,0.2018737941980362,-0.0358886756002903,-0.2018737941980362,0.14225313647367005,-0.3468771567169837,0.8900813173254378,-1.3853688930465518,-1.5063115471351607,1.950947234276525,0.0,0.0,0.0,0.0,0.0,0.0,1.7695566142836938,0.24339841436500986,-2.329816140589685,-1.004101392145385,3.540695881423035,0.5643377819968957,7.0,1.0,48.0,48.22800064086914,48.04600143432617,-0.17,32.06,28.09,0.402,-0.265,1.304,0,1,0
1778204805.4043036,1336.248,1.7696353197097778,0.24342775344848633,-2.3298335711108606,-1.0041049162494105,3.54074764251709,0.56440269947052,0.0,0.0,-0.0,0.0,0.0,0.0,-0.1007080152630806,3.973389148712158,-1.5087385177612305,0.2108459621667862,-0.0314025916159153,-0.1816864162683487,0.14226193561589048,-0.3468584494329524,0.8900746703574847,-1.3853580476772878,-1.506354008943886,1.950982586425868,0.0,0.0,0.0,0.0,0.0,0.0,1.7695566142836938,0.24339841436500986,-2.329816140589685,-1.004101392145385,3.540695881423035,0.5643377819968957,7.0,1.0,48.0,48.22800064086914,48.04600143432617,-0.17,32.06,28.09,0.402,-0.265,1.304,0,1,0
1778204805.4071515,1336.2559999999999,1.7695872783660889,0.2434396743774414,-2.3298216501819056,-1.004068676625387,3.54074764251709,0.5643667578697205,0.0,0.0,-0.0,0.0,0.0,0.0,-0.0869751051068306,3.968811511993408,-1.5266729593276978,0.2086029201745987,-0.0403747595846653,-0.1839294582605362,0.14225831334617392,-0.3469083292699262,0.8900705854000863,-1.385306755322588,-1.506361954157755,1.950877941326048,0.0,0.0,0.0,0.0,0.0,0.0,1.7695566142836938,0.24339841436500986,-2.329816140589685,-1.004101392145385,3.540695881423035,0.5643377819968957,7.0,1.0,48.0,48.22800064086914,48.04600143432617,-0.17,32.06,28.09,0.402,-0.265,1.304,0,1,0
1778204805.4109242,1336.2559999999999,1.7695872783660889,0.2434396743774414,-2.3298216501819056,-1.004068676625387,3.54074764251709,0.5643667578697205,0.0,0.0,-0.0,0.0,0.0,0.0,-0.0869751051068306,3.968811511993408,-1.5266729593276978,0.2086029201745987,-0.0403747595846653,-0.1839294582605362,0.14225831334617392,-0.3469083292699262,0.8900705854000863,-1.385306755322588,-1.506361954157755,1.950877941326048,0.0,0.0,0.0,0.0,0.0,0.0,1.7695566142836938,0.24339841436500986,-2.329816140589685,-1.004101392145385,3.540695881423035,0.5643377819968957,7.0,1.0,48.0,48.22800064086914,48.04600143432617,-0.18,32.21,28.25,0.401,-0.259,1.3,0,0,1
1778204805.4133153,1336.264,1.7695872783660889,0.24342775344848633,-2.3298216501819056,-1.0040448347674769,3.5407354831695557,0.5643547773361206,0.0,0.0,-0.0,0.0,0.0,0.0,-0.0732421949505806,3.973389148712158,-1.5064966678619385,0.2086029201745987,-0.0358886756002903,-0.2108459621667862,0.14225990497858887,-0.34691102435151,0.8900735790381823,-1.3852921649964975,-1.50636258835209,1.9508531585641966,0.0,0.0,0.0,0.0,0.0,0.0,1.7695566142836938,0.24339841436500986,-2.329816140589685,-1.004101392145385,3.540695881423035,0.5643377819968957,7.0,1.0,48.0,48.22800064086914,48.04600143432617,-0.18,32.21,28.25,0.401,-0.259,1.3,0,1,0
1778204805.4155087,1336.272,1.7695753574371338,0.24342775344848633,-2.3297975699054163,-1.0040929953204554,3.540771245956421,0.5643787384033203,0.0,0.0,-0.0,0.0,0.0,0.0,-0.1373291164636612,3.973389148712158,-1.513222098350525,0.2063598781824112,-0.0381317175924778,-0.2310333549976349,0.14225386680833127,-0.3469117286792375,0.8900817926907463,-1.385322324119387,-1.506361093454308,1.95090238332423,0.0,0.0,0.0,0.0,0.0,0.0,1.7695566142836938,0.24339841436500986,-2.329816140589685,-1.004101392145385,3.540695881423035,0.5643377819968957,7.0,1.0,48.0,48.22800064086914,48.04600143432617,-0.18,32.21,28.25,0.401,-0.259,1.3,0,1,0
1778204805.4185016,1336.28,1.7695872783660889,0.24342775344848633,-2.329773728047506,-1.0040810743915003,3.5407354831695557,0.5643547773361206,0.0,0.0,-0.0,0.0,0.0,0.0,-0.0869751051068306,3.982544422149658,-1.5064966678619385,0.2018737941980362,-0.0403747595846653,-0.2153320610523224,0.14226547603334486,-0.34693910779029047,0.8900864327428879,-1.385284823030289,-1.5063705960573266,1.9508424626745773,0.0,0.0,0.0,0.0,0.0,0.0,1.7695566142836938,0.24339841436500986,-2.329816140589685,-1.004101392145385,3.540695881423035,0.5643377819968957,7.0,1.0,48.0,48.22800064086914,48.04600143432617,-0.18,32.21,28.25,0.401,-0.259,1.3,0,1,0
1778204805.4385052,1336.288,1.7696112394332886,0.24347567558288574,-2.3298335711108606,-1.0041049162494105,3.5407590866088867,0.5643787384033203,0.0,0.0,-0.0,0.0,0.0,0.0,-0.1007080152630806,3.959656238555908,-1.5311566591262817,0.2041168361902237,-0.0426178015768528,-0.1951446682214737,0.142265452308827,-0.346904516112906,0.8900567196611366,-1.385310145188317,-1.5063838357773403,1.9509166788341588,0.0,0.0,0.0,0.0,0.0,0.0,1.7695566142836938,0.24339841436500986,-2.329816140589685,-1.004101392145385,3.540695881423035,0.5643377819968957,7.0,1.0,48.0,48.22800064086914,48.04600143432617,-0.18,32.21,28.25,0.401,-0.259,1.3,0,1,0
1778204805.4509933,1336.296,1.7696353197097778,0.2434396743774414,-2.329761568699972,-1.0040810743915003,3.5407354831695557,0.5643787384033203,0.0,0.0,-0.0,0.0,0.0,0.0,-0.0961303785443306,3.977966785430908,-1.5221893787384033,0.2063598781824112,-0.0381317175924778,-0.2130890041589737,0.14228205629244817,-0.34694611504910733,0.8900850465393804,-1.385270257143539,-1.5064239927834981,1.950863188177398,0.0,0.0,0.0,0.0,0.0,0.0,1.7695566142836938,0.24339841436500986,-2.329816140589685,-1.004101392145385,3.540695881423035,0.5643377819968957,7.0,1.0,48.0,48.2130012512207,48.04600143432617,-0.18,32.21,28.25,0.401,-0.259,1.3,0,1,0
1778204805.4555879,1336.3039999999999,1.7695993185043335,0.2434636354446411,-2.329761568699972,-1.0040810743915003,3.5406997203826904,0.5643667578697205,0.0,0.0,-0.0,0.0,0.0,0.0,-0.0915527418255806,3.977966785430908,-1.5109803676605225,0.1973877102136612,-0.0493469275534153,-0.2130890041589737,0.14227334966265429,-0.34696918157796214,0.8900762580512755,-1.3852760616394937,-1.5063737613398849,1.9507926306221328,0.0,0.0,0.0,0.0,0.0,0.0,1.7695566142836938,0.24339841436500986,-2.329816140589685,-1.004101392145385,3.540695881423035,0.5643377819968957,7.0,1.0,48.0,48.2130012512207,48.04600143432617,-0.18,32.21,28.25,0.401,-0.259,1.3,0,1,0
1778204805.4579005,1336.312,1.7696353197097778,0.24342775344848633,-2.329761568699972,-1.0040572325335901,3.5407116413116455,0.5643787384033203,0.0,0.0,-0.0,0.0,0.0,0.0,-0.0549316480755806,3.968811511993408,-1.513222098350525,0.2086029201745987,-0.0538330152630806,-0.1951446682214737,0.1422810116070466,-0.34694490558523944,0.8900882204944716,-1.3852729002142605,-1.5064079993439645,1.9508389301358127,0.0,0.0,0.0,0.0,0.0,0.0,1.7695566142836938,0.24339841436500986,-2.329816140589685,-1.004101392145385,3.540695881423035,0.5643377819968957,7.0,1.0,48.0,48.2130012512207,48.04600143432617,-0.18,32.21,28.25,0.401,-0.259,1.3,0,1,0
1778204805.4599073,1336.32,1.7695993185043335,0.24342775344848633,-2.3298097292529505,-1.004068676625387,3.54074764251709,0.5643667578697205,0.0,0.0,-0.0,0.0,0.0,0.0,-0.1281738430261612,3.973389148712158,-1.5177057981491089,0.2018737941980362,-0.0336456336081028,-0.1973877102136612,0.1422628323840202,-0.3469083400741587,0.8900776718171706,-1.385300815012251,-1.5063737706896276,1.9508851184901643,0.0,0.0,0.0,0.0,0.0,0.0,1.7695566142836938,0.24339841436500986,-2.329816140589685,-1.004101392145385,3.540695881423035,0.5643377819968957,7.0,1.0,48.0,48.2130012512207,48.04600143432617,-0.18,32.21,28.25,0.401,-0.259,1.3,0,1,0
1778204805.4768128,1336.328,1.7695872783660889,0.24345171451568604,-2.3298097292529505,-1.0040572325335901,3.5407235622406006,0.5643787384033203,0.0,0.0,-0.0,0.0,0.0,0.0,-0.1190185695886612,3.955078601837158,-1.5199475288391113,0.2018737941980362,-0.0336456336081028,-0.1906585842370987,0.1422599364398376,-0.3469276672334687,0.8900684489255902,-1.3853067975020266,-1.5063566217346591,1.9508391541899197,0.0,0.0,0.0,0.0,0.0,0.0,1.7695566142836938,0.24339841436500986,-2.329816140589685,-1.004101392145385,3.540695881423035,0.5643377819968957,7.0,1.0,47.986000061035156,48.2130012512207,48.04600143432617,-0.18,32.21,28.25,0.401,-0.259,1.3,0,1,0
1778204805.487803,1336.336,1.7695993185043335,0.24345171451568604,-2.3297856489764612,-1.0040810743915003,3.5406875610351562,0.56440269947052,0.0,0.0,-0.0,0.0,0.0,0.0,-0.0778198316693306,3.987122058868408,-1.5177057981491089,0.1973877102136612,-0.0426178015768528,-0.2041168361902237,0.1422605167257942,-0.3469289521588973,0.8900756380690318,-1.3853407529254702,-1.5063226890100658,1.9508399815411757,0.0,0.0,0.0,0.0,0.0,0.0,1.7695566142836938,0.24339841436500986,-2.329816140589685,-1.004101392145385,3.540695881423035,0.5643377819968957,7.0,1.0,47.986000061035156,48.2130012512207,48.04600143432617,-0.18,32.21,28.25,0.401,-0.259,1.3,0,1,0
1778204805.490439,1336.344,1.769647240638733,0.2434396743774414,-2.3297975699054163,-1.0041168371783655,3.5407116413116455,0.56440269947052,0.0,0.0,-0.0,0.0,0.0,0.0,-0.0961303785443306,3.973389148712158,-1.5221893787384033,0.2041168361902237,-0.0471038855612278,-0.1884155422449112,0.14227146077502092,-0.34689001285958726,0.8900792518377554,-1.3853449308117658,-1.506353721648393,1.950936475706443,0.0,0.0,0.0,0.0,0.0,0.0,1.7695566142836938,0.24339841436500986,-2.329816140589685,-1.004101392145385,3.540695881423035,0.5643377819968957,7.0,1.0,47.986000061035156,48.2130012512207,48.04600143432617,-0.18,32.21,28.25,0.401,-0.259,1.3,0,1,0
1778204805.4926198,1336.3519999999999,1.7696353197097778,0.2434157133102417,-2.329773728047506,-1.0041168371783655,3.5406875610351562,0.5643787384033203,0.0,0.0,-0.0,0.0,0.0,0.0,-0.0961303785443306,3.973389148712158,-1.5221893787384033,0.2086029201745987,-0.0314025916159153,-0.2332763969898224,0.14227080552118715,-0.34689901377846316,0.8900933249924425,-1.3853369077520041,-1.5063276169915967,1.950901781926916,0.0,0.0,0.0,0.0,0.0,0.0,1.7695566142836938,0.24339841436500986,-2.329816140589685,-1.004101392145385,3.540695881423035,0.5643377819968957,7.0,1.0,47.986000061035156,48.2130012512207,48.04600143432617,-0.18,32.21,28.25,0.401,-0.259,1.3,0,1,0
1778204805.494505,1336.36,1.7696353197097778,0.2434157133102417,-2.3297975699054163,-1.0040810743915003,3.5407354831695557,0.5643907189369202,0.0,0.0,-0.0,0.0,0.0,0.0,-0.1098632961511612,3.977966785430908,-1.5087385177612305,0.2041168361902237,-0.0448608435690403,-0.1772003322839737,0.14226996361085115,-0.34689315743379934,0.8900858535499654,-1.385320584563373,-1.5063788117278911,1.9509250680194101,0.0,0.0,0.0,0.0,0.0,0.0,1.7695566142836938,0.24339841436500986,-2.329816140589685,-1.004101392145385,3.540695881423035,0.5643377819968957,7.0,1.0,47.986000061035156,48.2130012512207,48.04600143432617,-0.18,32.21,28.25,0.401,-0.259,1.3,0,1,0
1778204805.5125928,1336.368,1.7695753574371338,0.24340379238128662,-2.329761568699972,-1.0040572325335901,3.540771245956421,0.5644266605377197,0.0,0.0,-0.0,0.0,0.0,0.0,-0.1556396633386612,3.964233875274658,-1.5244312286376953,0.2041168361902237,-0.0358886756002903,-0.2243042290210724,0.14225156744440268,-0.3469285721443204,0.8900972800042256,-1.3853403577910761,-1.506373715651117,1.9508873096164996,0.0,0.0,0.0,0.0,0.0,0.0,1.7695566142836938,0.24339841436500986,-2.329816140589685,-1.004101392145385,3.540695881423035,0.5643377819968957,7.0,1.0,47.986000061035156,48.22800064086914,48.04600143432617,-0.18,32.21,28.25,0.401,-0.259,1.3,0,1,0
1778204805.5151572,1336.376,1.7695993185043335,0.2434396743774414,-2.329761568699972,-1.0041168371783655,3.5407235622406006,0.5644146800041199,0.0,0.0,-0.0,0.0,0.0,0.0,-0.1052856519818306,3.964233875274658,-1.5109803676605225,0.2108459621667862,-0.0336456336081028,-0.1929016262292862,0.14225987703049722,-0.34692695017913205,0.8900874680607376,-1.3853524984074932,-1.506338208829264,1.95088902331443,0.0,0.0,0.0,0.0,0.0,0.0,1.7695566142836938,0.24339841436500986,-2.329816140589685,-1.004101392145385,3.540695881423035,0.5643377819968957,7.0,1.0,47.986000061035156,48.22800064086914,48.04600143432617,-0.18,32.21,28.25,0.401,-0.259,1.3,0,1,0
1778204805.5270798,1336.384,1.7696112394332886,0.24345171451568604,-2.329737726842062,-1.004068676625387,3.54074764251709,0.5643667578697205,0.0,0.0,-0.0,0.0,0.0,0.0,-0.0686645582318306,3.987122058868408,-1.5289148092269897,0.2041168361902237,-0.0291595496237278,-0.2287903130054474,0.1422834818542093,-0.34698875139353524,0.8900851324513649,-1.3852338564567752,-1.5064499756136642,1.9508045758377943,0.0,0.0,0.0,0.0,0.0,0.0,1.7695566142836938,0.24339841436500986,-2.329816140589685,-1.004101392145385,3.540695881423035,0.5643377819968957,7.0,1.0,47.986000061035156,48.22800064086914,48.04600143432617,-0.18,32.21,28.25,0.401,-0.259,1.3,0,1,0
1778204805.5305374,1336.392,1.7695993185043335,0.2434396743774414,-2.329761568699972,-1.0040810743915003,3.5407354831695557,0.5643907189369202,0.0,0.0,-0.0,0.0,0.0,0.0,-0.1144409328699112,4.000854969024658,-1.5311566591262817,0.2086029201745987,-0.0358886756002903,-0.2130890041589737,0.14226753495694905,-0.3469482837311757,0.8900851733977182,-1.3853000951496743,-1.5063839056600277,1.9508489341171988,0.0,0.0,0.0,0.0,0.0,0.0,1.7695566142836938,0.24339841436500986,-2.329816140589685,-1.004101392145385,3.540695881423035,0.5643377819968957,7.0,1.0,47.986000061035156,48.22800064086914,48.04600143432617,-0.18,32.21,28.25,0.401,-0.259,1.3,0,1,0
1778204805.5326302,1336.3999999999999,1.7696353197097778,0.2434157133102417,-2.3297856489764612,-1.0041049162494105,3.5407354831695557,0.5643907189369202,0.0,0.0,-0.0,0.0,0.0,0.0,-0.0869751051068306,3.987122058868408,-1.513222098350525,0.1951446682214737,-0.0381317175924778,-0.2287903130054474,0.1422701146526448,-0.3468941497830916,0.8900898746037702,-1.3853282521867385,-1.506370874279701,1.9509359190753808,0.0,0.0,0.0,0.0,0.0,0.0,1.7695566142836938,0.24339841436500986,-2.329816140589685,-1.004101392145385,3.540695881423035,0.5643377819968957,7.0,1.0,47.986000061035156,48.22800064086914,48.04600143432617,-0.18,32.21,28.25,0.401,-0.259,1.3,0,1,0
1778204805.5606995,1336.408,1.7695872783660889,0.24345171451568604,-2.3297856489764612,-1.004068676625387,3.5407590866088867,0.5644146800041199,0.0,0.0,-0.0,0.0,0.0,0.0,-0.0823974683880806,3.977966785430908,-1.5109803676605225,0.2018737941980362,-0.0381317175924778,-0.2287903130054474,0.1422590483241475,-0.3469385451883515,0.8900747500059626,-1.3853198681437064,-1.5063862538006065,1.9508689669660066,0.0,0.0,0.0,0.0,0.0,0.0,1.7695566142836938,0.24339841436500986,-2.329816140589685,-1.004101392145385,3.540695881423035,0.5643377819968957,7.0,1.0,48.0,48.22800064086914,48.04600143432617,-0.18,32.21,28.25,0.401,-0.259,1.3,0,1,0
1778204805.565032,1336.416,1.7695993185043335,0.24345171451568604,-2.3298335711108606,-1.0041049162494105,3.5407116413116455,0.5643667578697205,0.0,0.0,-0.0,0.0,0.0,0.0,-0.1007080152630806,3.996277332305908,-1.5177057981491089,0.2108459621667862,-0.0426178015768528,-0.2108459621667862,0.14225728133793955,-0.3468874023943072,0.8900656319981657,-1.385339621902324,-1.5063132999446183,1.9508976739808186,0.0,0.0,0.0,0.0,0.0,0.0,1.7695566142836938,0.24339841436500986,-2.329816140589685,-1.004101392145385,3.540695881423035,0.5643377819968957,7.0,1.0,48.0,48.22800064086914,48.04600143432617,-0.18,32.21,28.25,0.401,-0.259,1.3,0,1,0
1778204805.5750804,1336.416,1.7695993185043335,0.24345171451568604,-2.3298335711108606,-1.0041049162494105,3.5407116413116455,0.5643667578697205,0.0,0.0,-0.0,0.0,0.0,0.0,-0.1007080152630806,3.996277332305908,-1.5177057981491089,0.2108459621667862,-0.0426178015768528,-0.2108459621667862,0.14225728133793955,-0.3468874023943072,0.8900656319981657,-1.385339621902324,-1.5063132999446183,1.9508976739808186,0.0,0.0,0.0,0.0,0.0,0.0,1.7695566142836938,0.24339841436500986,-2.329816140589685,-1.004101392145385,3.540695881423035,0.5643377819968957,7.0,1.0,48.0,48.22800064086914,48.04600143432617,-0.1,32.15,28.19,0.4,-0.262,1.3,0,0,1
1778204805.578402,1336.424,1.7696592807769775,0.24342775344848633,-2.3298097292529505,-1.0040810743915003,3.54074764251709,0.5643427968025208,0.0,0.0,-0.0,0.0,0.0,0.0,-0.0961303785443306,3.977966785430908,-1.5266729593276978,0.2063598781824112,-0.0336456336081028,-0.2130890041589737,0.14228666261816258,-0.34690070410938517,0.8900781070252335,-1.3852549875509315,-1.5064338679662324,1.950917779985245,0.0,0.0,0.0,0.0,0.0,0.0,1.7695566142836938,0.24339841436500986,-2.329816140589685,-1.004101392145385,3.540695881423035,0.5643377819968957,7.0,1.0,48.0,48.22800064086914,48.04600143432617,-0.1,32.15,28.19,0.4,-0.262,1.3,0,1,0
1778204805.590012,1336.432,1.7696353197097778,0.24345171451568604,-2.3297975699054163,-1.0041287581073206,3.540771245956421,0.5644266605377197,0.0,0.0,-0.0,0.0,0.0,0.0,-0.0869751051068306,3.987122058868408,-1.504254937171936,0.2041168361902237,-0.02018737979233265,-0.2175751030445099,0.14226717276393416,-0.34689483037204843,0.8900754620713227,-1.3853492495103126,-1.5063923169951492,1.9509770669228468,0.0,0.0,0.0,0.0,0.0,0.0,1.7695566142836938,0.24339841436500986,-2.329816140589685,-1.004101392145385,3.540695881423035,0.5643377819968957,7.0,1.0,48.0,48.22800064086914,48.04600143432617,-0.1,32.15,28.19,0.4,-0.262,1.3,0,1,0
1778204805.593388,1336.4399999999998,1.7695993185043335,0.24342775344848633,-2.3298097292529505,-1.0041168371783655,3.540771245956421,0.5644266605377197,0.0,0.0,-0.0,0.0,0.0,0.0,-0.0366210974752903,3.982544422149658,-1.504254937171936,0.2108459621667862,-0.0358886756002903,-0.2153320610523224,0.14224989044162203,-0.3468760263690809,0.8900808720582508,-1.385382247267906,-1.5063408467886181,1.9509778598506535,0.0,0.0,0.0,0.0,0.0,0.0,1.7695566142836938,0.24339841436500986,-2.329816140589685,-1.004101392145385,3.540695881423035,0.5643377819968957,7.0,1.0,48.0,48.22800064086914,48.04600143432617,-0.1,32.15,28.19,0.4,-0.262,1.3,0,1,0
1778204805.5961568,1336.4479999999999,1.7696353197097778,0.2434157133102417,-2.3297975699054163,-1.0041168371783655,3.54074764251709,0.56440269947052,0.0,0.0,-0.0,0.0,0.0,0.0,-0.0503540076315403,3.964233875274658,-1.5177057981491089,0.2063598781824112,-0.0403747595846653,-0.1929016262292862,0.14226558386215993,-0.3468767374418566,0.8900879108535784,-1.3853503763636128,-1.5063622068859828,1.950971622207602,0.0,0.0,0.0,0.0,0.0,0.0,1.7695566142836938,0.24339841436500986,-2.329816140589685,-1.004101392145385,3.540695881423035,0.5643377819968957,7.0,1.0,48.0,48.22800064086914,48.029998779296875,-0.1,32.15,28.19,0.4,-0.262,1.3,0,1,0
1778204805.6069367,1336.456,1.7696112394332886,0.2434396743774414,-2.3297856489764612,-1.0041049162494105,3.5407235622406006,0.5643667578697205,0.0,0.0,-0.0,0.0,0.0,0.0,-0.1327514797449112,3.991699695587158,-1.5109803676605225,0.2130890041589737,-0.0403747595846653,-0.1929016262292862,0.14226881217358683,-0.34692041401834495,0.8900808521277059,-1.3853056968357502,-1.5063611538538613,1.9508787653902295,0.0,0.0,0.0,0.0,0.0,0.0,1.7695566142836938,0.24339841436500986,-2.329816140589685,-1.004101392145385,3.540695881423035,0.5643377819968957,7.0,1.0,48.0,48.22800064086914,48.029998779296875,-0.1,32.15,28.19,0.4,-0.262,1.3,0,1,0
1778204805.616311,1336.464,1.7696592807769775,0.2434157133102417,-2.3298097292529505,-1.0041049162494105,3.5407235622406006,0.5643308162689209,0.0,0.0,-0.0,0.0,0.0,0.0,-0.1144409328699112,3.987122058868408,-1.4930458068847656,0.2018737941980362,-0.0358886756002903,-0.2243042290210724,0.14228364566880675,-0.346883064832777,0.8900838478002291,-1.3852761782011844,-1.5063905038571648,1.9509298396447479,0.0,0.0,0.0,0.0,0.0,0.0,1.7695566142836938,0.24339841436500986,-2.329816140589685,-1.004101392145385,3.540695881423035,0.5643377819968957,7.0,1.0,48.0,48.22800064086914,48.029998779296875,-0.1,32.15,28.19,0.4,-0.262,1.3,0,1,0
1778204805.6186347,1336.472,1.7696353197097778,0.2434157133102417,-2.329761568699972,-1.0040929953204554,3.5407590866088867,0.5643787384033203,0.0,0.0,-0.0,0.0,0.0,0.0,-0.1373291164636612,3.996277332305908,-1.5177057981491089,0.2063598781824112,-0.0358886756002903,-0.1816864162683487,0.1422786791529863,-0.34692531550722167,0.890094425502582,-1.385282863447421,-1.506423688841052,1.9509092826827523,0.0,0.0,0.0,0.0,0.0,0.0,1.7695566142836938,0.24339841436500986,-2.329816140589685,-1.004101392145385,3.540695881423035,0.5643377819968957,7.0,1.0,48.0,48.22800064086914,48.029998779296875,-0.1,32.15,28.19,0.4,-0.262,1.3,0,1,0
1778204805.630661,1336.48,1.769647240638733,0.24347567558288574,-2.3297975699054163,-1.0040810743915003,3.5407235622406006,0.5643547773361206,0.0,0.0,-0.0,0.0,0.0,0.0,-0.1510620266199112,3.987122058868408,-1.5311566591262817,0.2041168361902237,-0.0358886756002903,-0.2108459621667862,0.14228860211096933,-0.3469441494763963,0.8900634461768059,-1.3852453354094163,-1.5064332978179817,1.9508492259342727,0.0,0.0,0.0,0.0,0.0,0.0,1.7695566142836938,0.24339841436500986,-2.329816140589685,-1.004101392145385,3.540695881423035,0.5643377819968957,7.0,1.0,48.0,48.22800064086914,48.029998779296875,-0.1,32.15,28.19,0.4,-0.262,1.3,0,1,0
1778204805.6364663,1336.4879999999998,1.769647240638733,0.24340379238128662,-2.3298097292529505,-1.0041049162494105,3.5406997203826904,0.5643427968025208,0.0,0.0,-0.0,0.0,0.0,0.0,-0.0915527418255806,3.968811511993408,-1.4952876567840576,0.1996307522058487,-0.0471038855612278,-0.2153320610523224,0.14227440719815274,-0.3468709778122089,0.8900884723831417,-1.3853121662686194,-1.5063418906901753,1.9509272711111347,0.0,0.0,0.0,0.0,0.0,0.0,1.7695566142836938,0.24339841436500986,-2.329816140589685,-1.004101392145385,3.540695881423035,0.5643377819968957,7.0,1.0,48.01499938964844,48.22800064086914,48.029998779296875,-0.1,32.15,28.19,0.4,-0.262,1.3,0,1,0
1778204805.6580153,1336.4959999999999,1.7696112394332886,0.2434396743774414,-2.329761568699972,-1.0040572325335901,3.54074764251709,0.5643667578697205,0.0,0.0,-0.0,0.0,0.0,0.0,-0.1373291164636612,3.977966785430908,-1.5177057981491089,0.2108459621667862,-0.0381317175924778,-0.2086029201745987,0.14227834865625466,-0.34696312167440085,0.8900835390654164,-1.3852493697123893,-1.5064335155776603,1.950826916268632,0.0,0.0,0.0,0.0,0.0,0.0,1.7695566142836938,0.24339841436500986,-2.329816140589685,-1.004101392145385,3.540695881423035,0.5643377819968957,7.0,1.0,48.01499938964844,48.22800064086914,48.029998779296875,-0.1,32.15,28.19,0.4,-0.262,1.3,0,1,0
1778204805.6662076,1336.504,1.7696112394332886,0.2434636354446411,-2.329773728047506,-1.0041168371783655,3.5407235622406006,0.5643787384033203,0.0,0.0,-0.0,0.0,0.0,0.0,-0.1144409328699112,3.973389148712158,-1.5177057981491089,0.2063598781824112,-0.0336456336081028,-0.2063598781824112,0.14227153257892236,-0.3469411736255952,0.8900755136626712,-1.3853026863063171,-1.506372373017414,1.9508639371097938,0.0,0.0,0.0,0.0,0.0,0.0,1.7695566142836938,0.24339841436500986,-2.329816140589685,-1.004101392145385,3.540695881423035,0.5643377819968957,7.0,1.0,48.01499938964844,48.22800064086914,48.029998779296875,-0.1,32.15,28.19,0.4,-0.262,1.3,0,1,0
1778204805.6747031,1336.512,1.7696353197097778,0.2434396743774414,-2.3297856489764612,-1.004068676625387,3.5406875610351562,0.56440269947052,0.0,0.0,-0.0,0.0,0.0,0.0,-0.1327514797449112,3.973389148712158,-1.5109803676605225,0.2041168361902237,-0.0291595496237278,-0.1996307522058487,0.14227222646381893,-0.3469198465383184,0.8900793831328121,-1.385322788441349,-1.5063581318175991,1.9508610644931552,0.0,0.0,0.0,0.0,0.0,0.0,1.7695566142836938,0.24339841436500986,-2.329816140589685,-1.004101392145385,3.540695881423035,0.5643377819968957,7.0,1.0,48.01499938964844,48.22800064086914,48.029998779296875,-0.1,32.15,28.19,0.4,-0.262,1.3,0,1,0
1778204805.6868448,1336.52,1.7695993185043335,0.24340379238128662,-2.329773728047506,-1.0041049162494105,3.5407354831695557,0.5644146800041199,0.0,0.0,-0.0,0.0,0.0,0.0,-0.0732421949505806,3.977966785430908,-1.5064966678619385,0.1996307522058487,-0.0358886756002903,-0.1794433742761612,0.1422539066107446,-0.3468950880657118,0.8900972141766776,-1.3853702244024944,-1.506325946914237,1.950928806792591,0.0,0.0,0.0,0.0,0.0,0.0,1.7695566142836938,0.24339841436500986,-2.329816140589685,-1.004101392145385,3.540695881423035,0.5643377819968957,7.0,1.0,48.01499938964844,48.22800064086914,48.029998779296875,-0.1,32.15,28.19,0.4,-0.262,1.3,0,1,0
1778204805.6911893,1336.528,1.7696112394332886,0.2434396743774414,-2.3297975699054163,-1.0040810743915003,3.5407354831695557,0.5643547773361206,0.0,0.0,-0.0,0.0,0.0,0.0,-0.1327514797449112,3.964233875274658,-1.5244312286376953,0.2063598781824112,-0.0358886756002903,-0.1884155422449112,0.14227130989962977,-0.3469233452212972,0.8900766499087998,-1.3852806914507996,-1.5063859573927987,1.9508675250286402,0.0,0.0,0.0,0.0,0.0,0.0,1.7695566142836938,0.24339841436500986,-2.329816140589685,-1.004101392145385,3.540695881423035,0.5643377819968957,7.0,1.0,48.01499938964844,48.22800064086914,48.029998779296875,-0.1,32.15,28.19,0.4,-0.262,1.3,0,1,0
1778204805.6933706,1336.5359999999998,1.7695993185043335,0.2434157133102417,-2.3298097292529505,-1.0041049162494105,3.54074764251709,0.5643787384033203,0.0,0.0,-0.0,0.0,0.0,0.0,-0.0732421949505806,3.991699695587158,-1.5177057981491089,0.2018737941980362,-0.0336456336081028,-0.2018737941980362,0.14225597079500144,-0.34688174203879263,0.8900842448479338,-1.3853438292459177,-1.5063365533835136,1.950936270238525,0.0,0.0,0.0,0.0,0.0,0.0,1.7695566142836938,0.24339841436500986,-2.329816140589685,-1.004101392145385,3.540695881423035,0.5643377819968957,7.0,1.0,48.01499938964844,48.22800064086914,48.029998779296875,-0.1,32.15,28.19,0.4,-0.262,1.3,0,1,0
1778204805.6960397,1336.5439999999999,1.7696353197097778,0.2434636354446411,-2.329761568699972,-1.004068676625387,3.5407354831695557,0.5643667578697205,0.0,0.0,-0.0,0.0,0.0,0.0,-0.1007080152630806,3.973389148712158,-1.515463948249817,0.1973877102136612,-0.0381317175924778,-0.2130890041589737,0.14228872755153138,-0.3469719815377913,0.8900754058067859,-1.3852349394388912,-1.5064532277190579,1.9508228550832527,0.0,0.0,0.0,0.0,0.0,0.0,1.7695566142836938,0.24339841436500986,-2.329816140589685,-1.004101392145385,3.540695881423035,0.5643377819968957,7.0,1.0,48.01499938964844,48.22800064086914,48.029998779296875,-0.1,32.15,28.19,0.4,-0.262,1.3,0,1,0
1778204805.7065582,1336.552,1.7695753574371338,0.2434396743774414,-2.3298216501819056,-1.0040810743915003,3.5407116413116455,0.56440269947052,0.0,0.0,-0.0,0.0,0.0,0.0,-0.1281738430261612,3.959656238555908,-1.5064966678619385,0.2018737941980362,-0.0358886756002903,-0.2198181450366974,0.14224518739001343,-0.3468932227022818,0.8900718180284876,-1.385372659958011,-1.5062911534489896,1.9508831984440076,0.0,0.0,0.0,0.0,0.0,0.0,1.7695566142836938,0.24339841436500986,-2.329816140589685,-1.004101392145385,3.540695881423035,0.5643377819968957,7.0,1.0,48.01499938964844,48.22800064086914,48.029998779296875,-0.1,32.15,28.19,0.4,-0.262,1.3,0,1,0
1778204805.7094142,1336.56,1.7696112394332886,0.24349963665008545,-2.329773728047506,-1.0040929953204554,3.5407354831695557,0.5643907189369202,0.0,0.0,-0.0,0.0,0.0,0.0,-0.0778198316693306,3.977966785430908,-1.513222098350525,0.2063598781824112,-0.0426178015768528,-0.2041168361902237,0.1422775252343917,-0.3469757247748506,0.8900610024274567,-1.3852715607751485,-1.5064195645863454,1.9508230963577529,0.0,0.0,0.0,0.0,0.0,0.0,1.7695566142836938,0.24339841436500986,-2.329816140589685,-1.004101392145385,3.540695881423035,0.5643377819968957,7.0,1.0,48.01499938964844,48.22800064086914,48.029998779296875,-0.1,32.15,28.19,0.4,-0.262,1.3,0,1,0
1778204805.7182403,1336.568,1.7696592807769775,0.24347567558288574,-2.3297975699054163,-1.0040572325335901,3.5406997203826904,0.5643787384033203,0.0,0.0,-0.0,0.0,0.0,0.0,-0.1098632961511612,3.987122058868408,-1.504254937171936,0.2041168361902237,-0.0358886756002903,-0.1884155422449112,0.1422894679228806,-0.3469442265207371,0.8900624837310678,-1.3852588337946437,-1.5064273049508634,1.950835423392062,0.0,0.0,0.0,0.0,0.0,0.0,1.7695566142836938,0.24339841436500986,-2.329816140589685,-1.004101392145385,3.540695881423035,0.5643377819968957,7.0,1.0,48.0,48.22800064086914,48.029998779296875,-0.1,32.15,28.19,0.4,-0.262,1.3,0,1,0
1778204805.7303407,1336.576,1.7696112394332886,0.2434396743774414,-2.3297975699054163,-1.0041049162494105,3.5407235622406006,0.5643667578697205,0.0,0.0,-0.0,0.0,0.0,0.0,-0.1281738430261612,3.987122058868408,-1.5311566591262817,0.2086029201745987,-0.0358886756002903,-0.1884155422449112,0.14226667529243942,-0.3469097839984847,0.8900781555412973,-1.3853132955712149,-1.50635312483284,1.9508896411018999,0.0,0.0,0.0,0.0,0.0,0.0,1.7695566142836938,0.24339841436500986,-2.329816140589685,-1.004101392145385,3.540695881423035,0.5643377819968957,7.0,1.0,48.0,48.22800064086914,48.029998779296875,-0.1,32.15,28.19,0.4,-0.262,1.3,0,1,0
1778204805.732513,1336.5839999999998,1.7696112394332886,0.24340379238128662,-2.3298097292529505,-1.0041049162494105,3.5407116413116455,0.5643787384033203,0.0,0.0,-0.0,0.0,0.0,0.0,-0.1052856519818306,3.982544422149658,-1.5199475288391113,0.2086029201745987,-0.0358886756002903,-0.2018737941980362,0.1422564451490619,-0.34686820950546915,0.8900887979348929,-1.385361163760958,-1.5063040269177608,1.9509339563481258,0.0,0.0,0.0,0.0,0.0,0.0,1.7695566142836938,0.24339841436500986,-2.329816140589685,-1.004101392145385,3.540695881423035,0.5643377819968957,7.0,1.0,48.0,48.198001861572266,48.029998779296875,-0.1,32.15,28.19,0.4,-0.262,1.3,0,1,0
1778204805.734452,1336.5839999999998,1.7696112394332886,0.24340379238128662,-2.3298097292529505,-1.0041049162494105,3.5407116413116455,0.5643787384033203,0.0,0.0,-0.0,0.0,0.0,0.0,-0.1052856519818306,3.982544422149658,-1.5199475288391113,0.2086029201745987,-0.0358886756002903,-0.2018737941980362,0.1422564451490619,-0.34686820950546915,0.8900887979348929,-1.385361163760958,-1.5063040269177608,1.9509339563481258,0.0,0.0,0.0,0.0,0.0,0.0,1.7695566142836938,0.24339841436500986,-2.329816140589685,-1.004101392145385,3.540695881423035,0.5643377819968957,7.0,1.0,48.0,48.198001861572266,48.029998779296875,-0.11,32.06,28.26,0.399,-0.262,1.302,0,0,1
1778204805.7376502,1336.5919999999999,1.7695753574371338,0.2434396743774414,-2.3297856489764612,-1.0040572325335901,3.5407116413116455,0.5643907189369202,0.0,0.0,-0.0,0.0,0.0,0.0,-0.0411987341940403,3.977966785430908,-1.5333983898162842,0.2063598781824112,-0.0358886756002903,-0.2063598781824112,0.14225565570641813,-0.34693791659015866,0.8900785107380877,-1.3853222799351448,-1.5063362486745047,1.9508215178725532,0.0,0.0,0.0,0.0,0.0,0.0,1.7695566142836938,0.24339841436500986,-2.329816140589685,-1.004101392145385,3.540695881423035,0.5643377819968957,7.0,1.0,48.0,48.198001861572266,48.029998779296875,-0.11,32.06,28.26,0.399,-0.262,1.302,0,1,0
1778204805.7477741,1336.6,1.7695872783660889,0.24340379238128662,-2.329761568699972,-1.0041168371783655,3.5407354831695557,0.5643907189369202,0.0,0.0,-0.0,0.0,0.0,0.0,-0.0595092847943306,4.005432605743408,-1.5266729593276978,0.2063598781824112,-0.0381317175924778,-0.1906585842370987,0.14225497794178854,-0.34690873152706847,0.8901003738814789,-1.3853516825024081,-1.5063241400021743,1.9509072134830707,0.0,0.0,0.0,0.0,0.0,0.0,1.7695566142836938,0.24339841436500986,-2.329816140589685,-1.004101392145385,3.540695881423035,0.5643377819968957,7.0,1.0,48.0,48.198001861572266,48.029998779296875,-0.11,32.06,28.26,0.399,-0.262,1.302,0,1,0
1778204805.756032,1336.608,1.7696353197097778,0.2434396743774414,-2.3297975699054163,-1.0041049162494105,3.5407354831695557,0.5643907189369202,0.0,0.0,-0.0,0.0,0.0,0.0,-0.0823974683880806,3.973389148712158,-1.515463948249817,0.2086029201745987,-0.0426178015768528,-0.2041168361902237,0.14227158517692243,-0.3469014216155693,0.8900783546340645,-1.385320639189002,-1.5063788993122562,1.950924869442423,0.0,0.0,0.0,0.0,0.0,0.0,1.7695566142836938,0.24339841436500986,-2.329816140589685,-1.004101392145385,3.540695881423035,0.5643377819968957,7.0,1.0,48.0,48.198001861572266,48.029998779296875,-0.11,32.06,28.26,0.399,-0.262,1.302,0,1,0
1778204805.758473,1336.616,1.7695872783660889,0.24345171451568604,-2.3297258059131067,-1.004068676625387,3.5406997203826904,0.56440269947052,0.0,0.0,-0.0,0.0,0.0,0.0,-0.0823974683880806,3.964233875274658,-1.5244312286376953,0.2063598781824112,-0.0358886756002903,-0.2018737941980362,0.14226872829585102,-0.3469900297840639,0.8900884279254873,-1.3852953042174212,-1.5063717464770778,1.9507737973944463,0.0,0.0,0.0,0.0,0.0,0.0,1.7695566142836938,0.24339841436500986,-2.329816140589685,-1.004101392145385,3.540695881423035,0.5643377819968957,7.0,1.0,48.0,48.198001861572266,48.029998779296875,-0.11,32.06,28.26,0.399,-0.262,1.302,0,1,0
1778204805.7708163,1336.624,1.7696112394332886,0.2434157133102417,-2.3298097292529505,-1.0040810743915003,3.54074764251709,0.5643787384033203,0.0,0.0,-0.0,0.0,0.0,0.0,-0.1007080152630806,3.977966785430908,-1.5199475288391113,0.2041168361902237,-0.0448608435690403,-0.2086029201745987,0.14226209179024396,-0.34688968380839647,0.8900829207209321,-1.385322712609148,-1.5063641786188748,1.95092161725757,0.0,0.0,0.0,0.0,0.0,0.0,1.7695566142836938,0.24339841436500986,-2.329816140589685,-1.004101392145385,3.540695881423035,0.5643377819968957,7.0,1.0,48.0,48.198001861572266,48.029998779296875,-0.11,32.06,28.26,0.399,-0.262,1.302,0,1,0
1778204805.7734568,1336.6319999999998,1.7696592807769775,0.24345171451568604,-2.329773728047506,-1.0041049162494105,3.5407235622406006,0.56440269947052,0.0,0.0,-0.0,0.0,0.0,0.0,-0.0915527418255806,3.996277332305908,-1.5333983898162842,0.2063598781824112,-0.0381317175924778,-0.1951446682214737,0.1422833362204629,-0.3469243441503183,0.8900794949558385,-1.385303374741658,-1.50640959036747,1.95090670851648,0.0,0.0,0.0,0.0,0.0,0.0,1.7695566142836938,0.24339841436500986,-2.329816140589685,-1.004101392145385,3.540695881423035,0.5643377819968957,7.0,1.0,48.0,48.198001861572266,48.029998779296875,-0.11,32.06,28.26,0.399,-0.262,1.302,0,1,0
1778204805.7884712,1336.6399999999999,1.7696112394332886,0.24342775344848633,-2.3298216501819056,-1.0040810743915003,3.5407590866088867,0.5643667578697205,0.0,0.0,-0.0,0.0,0.0,0.0,-0.1098632961511612,3.991699695587158,-1.5177057981491089,0.2018737941980362,-0.0515899695456028,-0.1772003322839737,0.14226439161324908,-0.3468919341317819,0.8900756116367907,-1.3853055363186888,-1.5063806033856593,1.9509208178933302,0.0,0.0,0.0,0.0,0.0,0.0,1.7695566142836938,0.24339841436500986,-2.329816140589685,-1.004101392145385,3.540695881423035,0.5643377819968957,7.0,1.0,48.0,48.198001861572266,48.029998779296875,-0.11,32.06,28.26,0.399,-0.262,1.302,0,1,0
1778204805.7966106,1336.648,1.7695993185043335,0.24345171451568604,-2.3297975699054163,-1.0040810743915003,3.5406997203826904,0.5643907189369202,0.0,0.0,-0.0,0.0,0.0,0.0,-0.0732421949505806,3.991699695587158,-1.5311566591262817,0.1996307522058487,-0.0381317175924778,-0.2265472710132599,0.14226104079327218,-0.3469222653525068,0.8900727594342029,-1.3853309113621655,-1.506331766789914,1.9508506019870795,0.0,0.0,0.0,0.0,0.0,0.0,1.7695566142836938,0.24339841436500986,-2.329816140589685,-1.004101392145385,3.540695881423035,0.5643377819968957,7.0,1.0,48.0,48.198001861572266,48.029998779296875,-0.11,32.06,28.26,0.399,-0.262,1.302,0,1,0
1778204805.7989461,1336.656,1.7696112394332886,0.2434396743774414,-2.3298216501819056,-1.0040929953204554,3.5407590866088867,0.5643547773361206,0.0,0.0,-0.0,0.0,0.0,0.0,-0.0686645582318306,3.987122058868408,-1.5266729593276978,0.2018737941980362,-0.0493469275534153,-0.1929016262292862,0.142267224174203,-0.3468989749615263,0.8900717575398807,-1.3852934345406573,-1.5063854875187919,1.9509136637987363,0.0,0.0,0.0,0.0,0.0,0.0,1.7695566142836938,0.24339841436500986,-2.329816140589685,-1.004101392145385,3.540695881423035,0.5643377819968957,7.0,1.0,48.0,48.24300003051758,48.029998779296875,-0.11,32.06,28.26,0.399,-0.262,1.302,0,1,0
1778204805.813787,1336.664,1.7695993185043335,0.24347567558288574,-2.3297975699054163,-1.0041168371783655,3.5407354831695557,0.5643907189369202,0.0,0.0,-0.0,0.0,0.0,0.0,-0.0732421949505806,3.982544422149658,-1.5177057981491089,0.2086029201745987,-0.0381317175924778,-0.2332763969898224,0.14226352275387644,-0.34692862149895926,0.89006575955495,-1.3853230870325748,-1.5063598295274152,1.9508814267890486,0.0,0.0,0.0,0.0,0.0,0.0,1.7695566142836938,0.24339841436500986,-2.329816140589685,-1.004101392145385,3.540695881423035,0.5643377819968957,7.0,1.0,48.0,48.24300003051758,48.04600143432617,-0.11,32.06,28.26,0.399,-0.262,1.302,0,1,0
1778204805.818219,1336.672,1.7696353197097778,0.2434157133102417,-2.3297975699054163,-1.0041168371783655,3.5407235622406006,0.5643787384033203,0.0,0.0,-0.0,0.0,0.0,0.0,-0.0366210974752903,3.977966785430908,-1.5266729593276978,0.2018737941980362,-0.0471038855612278,-0.2041168361902237,0.14226839740586367,-0.3468806841730533,0.8900877673664945,-1.385336488638204,-1.5063477562336114,1.9509438285121112,0.0,0.0,0.0,0.0,0.0,0.0,1.7695566142836938,0.24339841436500986,-2.329816140589685,-1.004101392145385,3.540695881423035,0.5643377819968957,7.0,1.0,48.0,48.24300003051758,48.04600143432617,-0.11,32.06,28.26,0.399,-0.262,1.302,0,1,0
1778204805.8284624,1336.6799999999998,1.7696112394332886,0.24345171451568604,-2.3298097292529505,-1.0041287581073206,3.5407354831695557,0.5643787384033203,0.0,0.0,-0.0,0.0,0.0,0.0,-0.1281738430261612,3.973389148712158,-1.515463948249817,0.2018737941980362,-0.0291595496237278,-0.2265472710132599,0.14226290955290669,-0.34689631599750015,0.8900723679668752,-1.3853356643718877,-1.5063441408422957,1.9509252735850136,0.0,0.0,0.0,0.0,0.0,0.0,1.7695566142836938,0.24339841436500986,-2.329816140589685,-1.004101392145385,3.540695881423035,0.5643377819968957,7.0,1.0,48.0,48.24300003051758,48.04600143432617,-0.11,32.06,28.26,0.399,-0.262,1.302,0,1,0
1778204805.8373294,1336.6879999999999,1.7695753574371338,0.2434157133102417,-2.3298097292529505,-1.004068676625387,3.5407354831695557,0.5643907189369202,0.0,0.0,-0.0,0.0,0.0,0.0,-0.0320434607565403,3.964233875274658,-1.515463948249817,0.2041168361902237,-0.0403747595846653,-0.2153320610523224,0.14224801610754823,-0.3468958566405728,0.8900824141019668,-1.3853498264573545,-1.5063202840148568,1.950889281207896,0.0,0.0,0.0,0.0,0.0,0.0,1.7695566142836938,0.24339841436500986,-2.329816140589685,-1.004101392145385,3.540695881423035,0.5643377819968957,7.0,1.0,48.0,48.24300003051758,48.04600143432617,-0.11,32.06,28.26,0.399,-0.262,1.302,0,1,0
1778204805.8412046,1336.696,1.7696353197097778,0.2434157133102417,-2.3297856489764612,-1.0041168371783655,3.5407354831695557,0.5643547773361206,0.0,0.0,-0.0,0.0,0.0,0.0,-0.0869751051068306,3.964233875274658,-1.5199475288391113,0.2086029201745987,-0.0403747595846653,-0.2018737941980362,0.142275214228744,-0.3468981910636324,0.8900901567709334,-1.3852993845942443,-1.5063775320453456,1.950925454493771,0.0,0.0,0.0,0.0,0.0,0.0,1.7695566142836938,0.24339841436500986,-2.329816140589685,-1.004101392145385,3.540695881423035,0.5643377819968957,7.0,1.0,48.0,48.24300003051758,48.04600143432617,-0.11,32.06,28.26,0.399,-0.262,1.302,0,1,0
1778204805.8535757,1336.704,1.7695872783660889,0.2434396743774414,-2.3298097292529505,-1.004068676625387,3.5407235622406006,0.5643427968025208,0.0,0.0,-0.0,0.0,0.0,0.0,-0.1235962063074112,3.982544422149658,-1.5109803676605225,0.2018737941980362,-0.0336456336081028,-0.1973877102136612,0.14226326309311624,-0.34692290624611793,0.8900731380273791,-1.3852852689074422,-1.506355532631458,1.9508392717887555,0.0,0.0,0.0,0.0,0.0,0.0,1.7695566142836938,0.24339841436500986,-2.329816140589685,-1.004101392145385,3.540695881423035,0.5643377819968957,7.0,1.0,48.0,48.24300003051758,48.04600143432617,-0.11,32.06,28.26,0.399,-0.262,1.302,0,1,0
1778204805.85684,1336.712,1.7696353197097778,0.24342775344848633,-2.3298097292529505,-1.0040929953204554,3.54074764251709,0.5643907189369202,0.0,0.0,-0.0,0.0,0.0,0.0,-0.1327514797449112,3.996277332305908,-1.513222098350525,0.1973877102136612,-0.0426178015768528,-0.1570129543542862,0.14226923379377954,-0.34688748127125396,0.8900792760326892,-1.3853230501287126,-1.5063829315314157,1.9509428620587184,0.0,0.0,0.0,0.0,0.0,0.0,1.7695566142836938,0.24339841436500986,-2.329816140589685,-1.004101392145385,3.540695881423035,0.5643377819968957,7.0,1.0,48.0,48.24300003051758,48.04600143432617,-0.11,32.06,28.26,0.399,-0.262,1.302,0,1,0
1778204805.869518,1336.72,1.7696353197097778,0.2434396743774414,-2.3297856489764612,-1.0040810743915003,3.54074764251709,0.5643787384033203,0.0,0.0,-0.0,0.0,0.0,0.0,-0.1098632961511612,3.982544422149658,-1.513222098350525,0.2086029201745987,-0.0358886756002903,-0.1951446682214737,0.1422783695816776,-0.3469256321101916,0.8900795446151941,-1.3852803323880298,-1.506420000583269,1.9508920116677886,0.0,0.0,0.0,0.0,0.0,0.0,1.7695566142836938,0.24339841436500986,-2.329816140589685,-1.004101392145385,3.540695881423035,0.5643377819968957,7.0,1.0,48.0,48.24300003051758,48.04600143432617,-0.11,32.06,28.26,0.399,-0.262,1.302,0,1,0
1778204805.882102,1336.7279999999998,1.7695993185043335,0.24342775344848633,-2.329761568699972,-1.0040810743915003,3.5407354831695557,0.5643907189369202,0.0,0.0,-0.0,0.0,0.0,0.0,-0.1327514797449112,3.973389148712158,-1.5289148092269897,0.2018737941980362,-0.0358886756002903,-0.2422485649585724,0.14226574041652895,-0.3469393772744658,0.8900895635410004,-1.3853076630221948,-1.5063759187601196,1.9508598423760806,0.0,0.0,0.0,0.0,0.0,0.0,1.7695566142836938,0.24339841436500986,-2.329816140589685,-1.004101392145385,3.540695881423035,0.5643377819968957,7.0,1.0,48.01499938964844,48.24300003051758,48.04600143432617,-0.11,32.06,28.26,0.399,-0.262,1.302,0,1,0
1778204805.8887694,1336.7359999999999,1.7696353197097778,0.2434157133102417,-2.3298335711108606,-1.0040929953204554,3.54074764251709,0.5643547773361206,0.0,0.0,-0.0,0.0,0.0,0.0,-0.1235962063074112,3.987122058868408,-1.5199475288391113,0.2041168361902237,-0.0358886756002903,-0.2063598781824112,0.14226923951324544,-0.3468660862440265,0.8900779354282379,-1.3853093902384492,-1.5063734468834826,1.950954303128763,0.0,0.0,0.0,0.0,0.0,0.0,1.7695566142836938,0.24339841436500986,-2.329816140589685,-1.004101392145385,3.540695881423035,0.5643377819968957,7.0,1.0,48.01499938964844,48.24300003051758,48.06100082397461,-0.11,32.06,28.26,0.399,-0.262,1.302,0,1,0
1778204805.8911667,1336.744,1.7696112394332886,0.24337971210479736,-2.3297975699054163,-1.0040810743915003,3.5407235622406006,0.56440269947052,0.0,0.0,-0.0,0.0,0.0,0.0,-0.0732421949505806,3.964233875274658,-1.5289148092269897,0.2018737941980362,-0.0358886756002903,-0.2086029201745987,0.14225354175754282,-0.34686576187687934,0.8900992903511598,-1.3853725963437336,-1.5063142737584383,1.9509441101762992,0.0,0.0,0.0,0.0,0.0,0.0,1.7695566142836938,0.24339841436500986,-2.329816140589685,-1.004101392145385,3.540695881423035,0.5643377819968957,7.0,1.0,48.01499938964844,48.24300003051758,48.06100082397461,-0.11,32.06,28.26,0.399,-0.262,1.302,0,1,0
1778204805.8935509,1336.744,1.7696112394332886,0.24337971210479736,-2.3297975699054163,-1.0040810743915003,3.5407235622406006,0.56440269947052,0.0,0.0,-0.0,0.0,0.0,0.0,-0.0732421949505806,3.964233875274658,-1.5289148092269897,0.2018737941980362,-0.0358886756002903,-0.2086029201745987,0.14225354175754282,-0.34686576187687934,0.8900992903511598,-1.3853725963437336,-1.5063142737584383,1.9509441101762992,0.0,0.0,0.0,0.0,0.0,0.0,1.7695566142836938,0.24339841436500986,-2.329816140589685,-1.004101392145385,3.540695881423035,0.5643377819968957,7.0,1.0,48.01499938964844,48.24300003051758,48.06100082397461,-0.01,32.18,28.01,0.408,-0.272,1.308,0,0,1
1778204805.940011,1336.752,1.7696353197097778,0.2434157133102417,-2.329773728047506,-1.0040929953204554,3.5407590866088867,0.5643667578697205,0.0,0.0,-0.0,0.0,0.0,0.0,-0.0915527418255806,3.959656238555908,-1.5311566591262817,0.2063598781824112,-0.0358886756002903,-0.2243042290210724,0.1422785302154505,-0.3469174262499822,0.8900915483021032,-1.3852784470230917,-1.5064203793864823,1.9509132669215148,0.0,0.0,0.0,0.0,0.0,0.0,1.7695566142836938,0.24339841436500986,-2.329816140589685,-1.004101392145385,3.540695881423035,0.5643377819968957,7.0,1.0,48.01499938964844,48.24300003051758,48.06100082397461,-0.01,32.18,28.01,0.408,-0.272,1.308,0,1,0
1778204805.9756577,1336.76,1.7695993185043335,0.24347567558288574,-2.3297856489764612,-1.004068676625387,3.5406997203826904,0.5643787384033203,0.0,0.0,-0.0,0.0,0.0,0.0,-0.0595092847943306,3.977966785430908,-1.5109803676605225,0.2086029201745987,-0.0448608435690403,-0.1929016262292862,0.14226984773046106,-0.3469587620100756,0.8900658158277677,-1.3852879955266384,-1.5063690316840284,1.9507993940040103,0.0,0.0,0.0,0.0,0.0,0.0,1.7695566142836938,0.24339841436500986,-2.329816140589685,-1.004101392145385,3.540695881423035,0.5643377819968957,7.0,1.0,48.01499938964844,48.24300003051758,48.06100082397461,-0.01,32.18,28.01,0.408,-0.272,1.308,0,1,0
1778204805.98464,1336.768,1.769647240638733,0.24342775344848633,-2.3298097292529505,-1.0040810743915003,3.5407116413116455,0.5643907189369202,0.0,0.0,-0.0,0.0,0.0,0.0,-0.0503540076315403,3.973389148712158,-1.499771237373352,0.2018737941980362,-0.0403747595846653,-0.1839294582605362,0.14227249596068692,-0.3468876737690805,0.8900787778264041,-1.3853251829075794,-1.5063663750875074,1.9509187777798926,0.0,0.0,0.0,0.0,0.0,0.0,1.7695566142836938,0.24339841436500986,-2.329816140589685,-1.004101392145385,3.540695881423035,0.5643377819968957,7.0,1.0,48.01499938964844,48.24300003051758,48.06100082397461,-0.01,32.18,28.01,0.408,-0.272,1.308,0,1,0
1778204805.998562,1336.7759999999998,1.7695993185043335,0.2434396743774414,-2.3297975699054163,-1.0041411558734339,3.54074764251709,0.5643667578697205,0.0,0.0,-0.0,0.0,0.0,0.0,-0.0869751051068306,3.977966785430908,-1.502013087272644,0.2041168361902237,-0.0381317175924778,-0.2332763969898224,0.1422607697511845,-0.346898790655905,0.8900800587958075,-1.3853319048498918,-1.5063414086215907,1.9509291669494702,0.0,0.0,0.0,0.0,0.0,0.0,1.7695566142836938,0.24339841436500986,-2.329816140589685,-1.004101392145385,3.540695881423035,0.5643377819968957,7.0,1.0,48.01499938964844,48.24300003051758,48.06100082397461,-0.01,32.18,28.01,0.408,-0.272,1.308,0,1,0
1778204806.0068536,1336.7839999999999,1.7695993185043335,0.2434396743774414,-2.3298097292529505,-1.0040929953204554,3.54074764251709,0.5643787384033203,0.0,0.0,-0.0,0.0,0.0,0.0,-0.1235962063074112,3.977966785430908,-1.5177057981491089,0.2063598781824112,-0.0448608435690403,-0.2310333549976349,0.1422605706520019,-0.3469044626487498,0.8900747597979719,-1.3853209852170631,-1.5063605914630311,1.950903481192746,0.0,0.0,0.0,0.0,0.0,0.0,1.7695566142836938,0.24339841436500986,-2.329816140589685,-1.004101392145385,3.540695881423035,0.5643377819968957,7.0,1.0,48.01499938964844,48.24300003051758,48.06100082397461,-0.01,32.18,28.01,0.408,-0.272,1.308,0,1,0
1778204806.0108893,1336.792,1.7696112394332886,0.2434396743774414,-2.329761568699972,-1.0041287581073206,3.5407590866088867,0.5643907189369202,0.0,0.0,-0.0,0.0,0.0,0.0,-0.0503540076315403,3.987122058868408,-1.5064966678619385,0.2108459621667862,-0.0358886756002903,-0.2063598781824112,0.14226892267565197,-0.34692923384263974,0.8900877151395137,-1.3853145376484812,-1.5063873636196357,1.9509127677230307,0.0,0.0,0.0,0.0,0.0,0.0,1.7695566142836938,0.24339841436500986,-2.329816140589685,-1.004101392145385,3.540695881423035,0.5643377819968957,7.0,1.0,48.01499938964844,48.24300003051758,48.06100082397461,-0.01,32.18,28.01,0.408,-0.272,1.308,0,1,0
1778204806.0144513,1336.8,1.7695993185043335,0.2434396743774414,-2.329761568699972,-1.0040572325335901,3.5406997203826904,0.56440269947052,0.0,0.0,-0.0,0.0,0.0,0.0,-0.1419067531824112,3.973389148712158,-1.513222098350525,0.1973877102136612,-0.0358886756002903,-0.2041168361902237,0.14226563640712953,-0.3469520568112665,0.8900841384204229,-1.385312506817745,-1.5063590321998825,1.9508141576356237,0.0,0.0,0.0,0.0,0.0,0.0,1.7695566142836938,0.24339841436500986,-2.329816140589685,-1.004101392145385,3.540695881423035,0.5643377819968957,7.0,1.0,48.01499938964844,48.2130012512207,48.06100082397461,-0.01,32.18,28.01,0.408,-0.272,1.308,0,1,0
1778204806.0207114,1336.808,1.7696353197097778,0.24345171451568604,-2.3297856489764612,-1.0041287581073206,3.5407235622406006,0.56440269947052,0.0,0.0,-0.0,0.0,0.0,0.0,-0.0686645582318306,3.964233875274658,-1.5266729593276978,0.2018737941980362,-0.0448608435690403,-0.1906585842370987,0.1422709002739654,-0.34690748574359215,0.8900781227856909,-1.3853380011028715,-1.5063621622980692,1.9509250924438917,0.0,0.0,0.0,0.0,0.0,0.0,1.7695566142836938,0.24339841436500986,-2.329816140589685,-1.004101392145385,3.540695881423035,0.5643377819968957,7.0,1.0,48.01499938964844,48.2130012512207,48.04600143432617,-0.01,32.18,28.01,0.408,-0.272,1.308,0,1,0
1778204806.0242238,1336.816,1.7695872783660889,0.2434396743774414,-2.329773728047506,-1.0041049162494105,3.5407354831695557,0.5643787384033203,0.0,0.0,-0.0,0.0,0.0,0.0,-0.1098632961511612,3.996277332305908,-1.5311566591262817,0.2086029201745987,-0.0314025916159153,-0.2086029201745987,0.14226122339254416,-0.346932469759651,0.8900836210697332,-1.385316854487268,-1.506352855819064,1.950867500308558,0.0,0.0,0.0,0.0,0.0,0.0,1.7695566142836938,0.24339841436500986,-2.329816140589685,-1.004101392145385,3.540695881423035,0.5643377819968957,7.0,1.0,48.01499938964844,48.2130012512207,48.04600143432617,-0.01,32.18,28.01,0.408,-0.272,1.308,0,1,0
1778204806.0289474,1336.8239999999998,1.7696353197097778,0.24342775344848633,-2.3297856489764612,-1.004068676625387,3.5407590866088867,0.5643787384033203,0.0,0.0,-0.0,0.0,0.0,0.0,-0.0778198316693306,4.000854969024658,-1.5109803676605225,0.2041168361902237,-0.0381317175924778,-0.2086029201745987,0.14227820074648656,-0.34692266872428995,0.8900831935872775,-1.3852749976213707,-1.5064318227146767,1.95089807290151,0.0,0.0,0.0,0.0,0.0,0.0,1.7695566142836938,0.24339841436500986,-2.329816140589685,-1.004101392145385,3.540695881423035,0.5643377819968957,7.0,1.0,48.01499938964844,48.2130012512207,48.04600143432617,-0.01,32.18,28.01,0.408,-0.272,1.308,0,1,0
1778204806.0492902,1336.8319999999999,1.7696112394332886,0.24342775344848633,-2.329773728047506,-1.0041287581073206,3.5407235622406006,0.5643907189369202,0.0,0.0,-0.0,0.0,0.0,0.0,-0.1190185695886612,4.000854969024658,-1.5311566591262817,0.2086029201745987,-0.0381317175924778,-0.1749572902917862,0.14226310703900424,-0.3469065932138671,0.8900895162246885,-1.385345265829606,-1.5063354681808305,1.9509147432578717,0.0,0.0,0.0,0.0,0.0,0.0,1.7695566142836938,0.24339841436500986,-2.329816140589685,-1.004101392145385,3.540695881423035,0.5643377819968957,7.0,1.0,48.01499938964844,48.2130012512207,48.04600143432617,-0.01,32.18,28.01,0.408,-0.272,1.308,0,1,0
1778204806.0537221,1336.84,1.7696112394332886,0.2434396743774414,-2.3298097292529505,-1.0040810743915003,3.5407354831695557,0.5643547773361206,0.0,0.0,-0.0,0.0,0.0,0.0,-0.1556396633386612,3.987122058868408,-1.5311566591262817,0.2063598781824112,-0.0336456336081028,-0.2063598781824112,0.1422691302909172,-0.346912502651566,0.890073899430295,-1.3852884421172589,-1.5063777678797496,1.9508786183619622,0.0,0.0,0.0,0.0,0.0,0.0,1.7695566142836938,0.24339841436500986,-2.329816140589685,-1.004101392145385,3.540695881423035,0.5643377819968957,7.0,1.0,48.01499938964844,48.2130012512207,48.04600143432617,-0.01,32.18,28.01,0.408,-0.272,1.308,0,1,0
1778204806.061534,1336.848,1.7696112394332886,0.2434396743774414,-2.329761568699972,-1.0040929953204554,3.540771245956421,0.5643787384033203,0.0,0.0,-0.0,0.0,0.0,0.0,-0.0686645582318306,3.977966785430908,-1.5177057981491089,0.2018737941980362,-0.0291595496237278,-0.2063598781824112,0.1422745626278359,-0.3469476331767138,0.8900855460024901,-1.3852741973734644,-1.5064284193049942,1.950879921654556,0.0,0.0,0.0,0.0,0.0,0.0,1.7695566142836938,0.24339841436500986,-2.329816140589685,-1.004101392145385,3.540695881423035,0.5643377819968957,7.0,1.0,48.01499938964844,48.2130012512207,48.04600143432617,-0.01,32.18,28.01,0.408,-0.272,1.308,0,1,0
1778204806.066403,1336.856,1.7696112394332886,0.24345171451568604,-2.3298216501819056,-1.0040929953204554,3.5407590866088867,0.5643787384033203,0.0,0.0,-0.0,0.0,0.0,0.0,-0.0457763709127903,3.996277332305908,-1.5087385177612305,0.2086029201745987,-0.0358886756002903,-0.1816864162683487,0.1422649749837732,-0.3469020635470902,0.8900675774039776,-1.385310124970696,-1.5063837940273368,1.9509168650491218,0.0,0.0,0.0,0.0,0.0,0.0,1.7695566142836938,0.24339841436500986,-2.329816140589685,-1.004101392145385,3.540695881423035,0.5643377819968957,7.0,1.0,48.01499938964844,48.2130012512207,48.04600143432617,-0.01,32.18,28.01,0.408,-0.272,1.308,0,1,0
1778204806.0727725,1336.864,1.7696112394332886,0.24342775344848633,-2.329749647771017,-1.0040448347674769,3.5407235622406006,0.5643907189369202,0.0,0.0,-0.0,0.0,0.0,0.0,-0.0915527418255806,3.977966785430908,-1.5177057981491089,0.2018737941980362,-0.0538330152630806,-0.2198181450366974,0.14227441370806945,-0.34696199006159867,0.8900903001502762,-1.3852761788583663,-1.5064078870992774,1.9508162958380861,0.0,0.0,0.0,0.0,0.0,0.0,1.7695566142836938,0.24339841436500986,-2.329816140589685,-1.004101392145385,3.540695881423035,0.5643377819968957,7.0,1.0,48.01499938964844,48.2130012512207,48.04600143432617,-0.01,32.18,28.01,0.408,-0.272,1.308,0,1,0
1778204806.087811,1336.8719999999998,1.7695993185043335,0.24342775344848633,-2.329773728047506,-1.0041049162494105,3.5407354831695557,0.5643907189369202,0.0,0.0,-0.0,0.0,0.0,0.0,-0.1144409328699112,3.973389148712158,-1.5199475288391113,0.2041168361902237,-0.0358886756002903,-0.2422485649585724,0.14226157519453164,-0.34691889702633605,0.8900881377033947,-1.3853306795825462,-1.5063517627532608,1.9508926626766545,0.0,0.0,0.0,0.0,0.0,0.0,1.7695566142836938,0.24339841436500986,-2.329816140589685,-1.004101392145385,3.540695881423035,0.5643377819968957,7.0,1.0,48.01499938964844,48.27399826049805,48.04600143432617,-0.01,32.18,28.01,0.408,-0.272,1.308,0,1,0
1778204806.093232,1336.8799999999999,1.7696592807769775,0.243391752243042,-2.3297975699054163,-1.004068676625387,3.5407354831695557,0.5644146800041199,0.0,0.0,-0.0,0.0,0.0,0.0,-0.1098632961511612,3.964233875274658,-1.513222098350525,0.2041168361902237,-0.0358886756002903,-0.2041168361902237,0.1422716383839258,-0.34687095145643076,0.8900942409984457,-1.3853404315834115,-1.5063847325862594,1.9509641324096647,0.0,0.0,0.0,0.0,0.0,0.0,1.7695566142836938,0.24339841436500986,-2.329816140589685,-1.004101392145385,3.540695881423035,0.5643377819968957,7.0,1.0,48.01499938964844,48.27399826049805,48.06100082397461,-0.01,32.18,28.01,0.408,-0.272,1.308,0,1,0
1778204806.1064293,1336.888,1.769647240638733,0.24345171451568604,-2.3297856489764612,-1.0040929953204554,3.540663719177246,0.5643667578697205,0.0,0.0,-0.0,0.0,0.0,0.0,-0.1144409328699112,3.991699695587158,-1.5177057981491089,0.2086029201745987,-0.0403747595846653,-0.2153320610523224,0.1422810054499381,-0.34692423532702155,0.8900760285885505,-1.3852987072270053,-1.5063522408152599,1.9508445141298536,0.0,0.0,0.0,0.0,0.0,0.0,1.7695566142836938,0.24339841436500986,-2.329816140589685,-1.004101392145385,3.540695881423035,0.5643377819968957,7.0,1.0,48.01499938964844,48.27399826049805,48.06100082397461,-0.01,32.18,28.01,0.408,-0.272,1.308,0,1,0
1778204806.109135,1336.896,1.7695993185043335,0.24342775344848633,-2.329761568699972,-1.004068676625387,3.5407354831695557,0.5643547773361206,0.0,0.0,-0.0,0.0,0.0,0.0,-0.0778198316693306,3.987122058868408,-1.5221893787384033,0.1973877102136612,-0.0381317175924778,-0.1906585842370987,0.14227286528581617,-0.3469532490472855,0.8900884939400089,-1.3852632243049119,-1.506398862063416,1.950827216084203,0.0,0.0,0.0,0.0,0.0,0.0,1.7695566142836938,0.24339841436500986,-2.329816140589685,-1.004101392145385,3.540695881423035,0.5643377819968957,7.0,1.0,48.01499938964844,48.27399826049805,48.06100082397461,-0.01,32.18,28.01,0.408,-0.272,1.308,0,1,0
1778204806.1129413,1336.896,1.7695993185043335,0.24342775344848633,-2.329761568699972,-1.004068676625387,3.5407354831695557,0.5643547773361206,0.0,0.0,-0.0,0.0,0.0,0.0,-0.0778198316693306,3.987122058868408,-1.5221893787384033,0.1973877102136612,-0.0381317175924778,-0.1906585842370987,0.14227286528581617,-0.3469532490472855,0.8900884939400089,-1.3852632243049119,-1.506398862063416,1.950827216084203,0.0,0.0,0.0,0.0,0.0,0.0,1.7695566142836938,0.24339841436500986,-2.329816140589685,-1.004101392145385,3.540695881423035,0.5643377819968957,7.0,1.0,48.01499938964844,48.27399826049805,48.06100082397461,-0.02,32.17,28.06,0.407,-0.272,1.31,0,0,1
1778204806.1166482,1336.904,1.7695993185043335,0.2434396743774414,-2.3297856489764612,-1.0041168371783655,3.5407590866088867,0.5644266605377197,0.0,0.0,-0.0,0.0,0.0,0.0,-0.0366210974752903,3.987122058868408,-1.5199475288391113,0.2063598781824112,-0.0314025916159153,-0.2175751030445099,0.14225537103568103,-0.3469054156378119,0.8900819857037217,-1.3853646054535884,-1.5063528280576564,1.9509381274519575,0.0,0.0,0.0,0.0,0.0,0.0,1.7695566142836938,0.24339841436500986,-2.329816140589685,-1.004101392145385,3.540695881423035,0.5643377819968957,7.0,1.0,48.01499938964844,48.27399826049805,48.06100082397461,-0.02,32.17,28.06,0.407,-0.272,1.31,0,1,0
1778204806.1186395,1336.912,1.7695872783660889,0.24345171451568604,-2.329761568699972,-1.0041287581073206,3.5407590866088867,0.56440269947052,0.0,0.0,-0.0,0.0,0.0,0.0,-0.0686645582318306,4.000854969024658,-1.5177057981491089,0.2041168361902237,-0.0403747595846653,-0.2108459621667862,0.1422603914133407,-0.3469386847776617,0.8900834078920021,-1.3853308217585791,-1.5063671173453488,1.9508946409678807,0.0,0.0,0.0,0.0,0.0,0.0,1.7695566142836938,0.24339841436500986,-2.329816140589685,-1.004101392145385,3.540695881423035,0.5643377819968957,7.0,1.0,48.01499938964844,48.27399826049805,48.06100082397461,-0.02,32.17,28.06,0.407,-0.272,1.31,0,1,0
1778204806.1216993,1336.9199999999998,1.7695872783660889,0.24347567558288574,-2.3297856489764612,-1.0040810743915003,3.5407235622406006,0.5643547773361206,0.0,0.0,-0.0,0.0,0.0,0.0,-0.0778198316693306,3.968811511993408,-1.5401238203048706,0.2018737941980362,-0.0426178015768528,-0.1884155422449112,0.1422699349383313,-0.34696331094968746,0.8900661422162592,-1.3852671696308967,-1.5063826883060565,1.9508027675392996,0.0,0.0,0.0,0.0,0.0,0.0,1.7695566142836938,0.24339841436500986,-2.329816140589685,-1.004101392145385,3.540695881423035,0.5643377819968957,7.0,1.0,48.01499938964844,48.27399826049805,48.06100082397461,-0.02,32.17,28.06,0.407,-0.272,1.31,0,1,0
1778204806.1236372,1336.9279999999999,1.7696112394332886,0.2434636354446411,-2.3298454920398157,-1.0040572325335901,3.5407590866088867,0.56440269947052,0.0,0.0,-0.0,0.0,0.0,0.0,-0.1098632961511612,3.977966785430908,-1.5221893787384033,0.2086029201745987,-0.0426178015768528,-0.2265472710132599,0.14226141286742894,-0.34689825945786956,0.8900560610014876,-1.3853191894146561,-1.5063899121469995,1.9509093363520245,0.0,0.0,0.0,0.0,0.0,0.0,1.7695566142836938,0.24339841436500986,-2.329816140589685,-1.004101392145385,3.540695881423035,0.5643377819968957,7.0,1.0,48.01499938964844,48.27399826049805,48.06100082397461,-0.02,32.17,28.06,0.407,-0.272,1.31,0,1,0
1778204806.1266944,1336.936,1.7695872783660889,0.2434396743774414,-2.3297856489764612,-1.0041049162494105,3.5407354831695557,0.5643907189369202,0.0,0.0,-0.0,0.0,0.0,0.0,-0.1052856519818306,3.973389148712158,-1.5109803676605225,0.2018737941980362,-0.0403747595846653,-0.1772003322839737,0.14225705602900893,-0.3469188862069239,0.890081051286286,-1.3853366196760806,-1.5063399460743896,1.9508854855366662,0.0,0.0,0.0,0.0,0.0,0.0,1.7695566142836938,0.24339841436500986,-2.329816140589685,-1.004101392145385,3.540695881423035,0.5643377819968957,7.0,1.0,48.01499938964844,48.27399826049805,48.06100082397461,-0.02,32.17,28.06,0.407,-0.272,1.31,0,1,0
1778204806.1387455,1336.944,1.7695993185043335,0.243391752243042,-2.3297975699054163,-1.0040929953204554,3.5407354831695557,0.5643907189369202,0.0,0.0,-0.0,0.0,0.0,0.0,-0.1052856519818306,3.973389148712158,-1.5177057981491089,0.2041168361902237,-0.0314025916159153,-0.2220611870288849,0.14225287503672118,-0.3468755582265878,0.8900953383881822,-1.3853610984645506,-1.5063195659009434,1.9509364934417135,0.0,0.0,0.0,0.0,0.0,0.0,1.7695566142836938,0.24339841436500986,-2.329816140589685,-1.004101392145385,3.540695881423035,0.5643377819968957,7.0,1.0,48.01499938964844,48.22800064086914,48.06100082397461,-0.02,32.17,28.06,0.407,-0.272,1.31,0,1,0
1778204806.1411889,1336.952,1.7696353197097778,0.24345171451568604,-2.329761568699972,-1.0040810743915003,3.5406875610351562,0.5643667578697205,0.0,0.0,-0.0,0.0,0.0,0.0,-0.0869751051068306,3.973389148712158,-1.515463948249817,0.2108459621667862,-0.0269165076315403,-0.1861725002527237,0.14228341572903716,-0.34695416338619256,0.8900807038894849,-1.385271232798087,-1.5063887552221673,1.950818048338769,0.0,0.0,0.0,0.0,0.0,0.0,1.7695566142836938,0.24339841436500986,-2.329816140589685,-1.004101392145385,3.540695881423035,0.5643377819968957,7.0,1.0,48.01499938964844,48.22800064086914,48.06100082397461,-0.02,32.17,28.06,0.407,-0.272,1.31,0,1,0
1778204806.1442788,1336.96,1.7696112394332886,0.2434157133102417,-2.3297975699054163,-1.004068676625387,3.5407354831695557,0.5644146800041199,0.0,0.0,-0.0,0.0,0.0,0.0,-0.1373291164636612,3.968811511993408,-1.5177057981491089,0.1996307522058487,-0.0426178015768528,-0.2108459621667862,0.14225858132432845,-0.3468956879696457,0.8900854181779192,-1.3853487987594144,-1.5063538036737392,1.9509136993072806,0.0,0.0,0.0,0.0,0.0,0.0,1.7695566142836938,0.24339841436500986,-2.329816140589685,-1.004101392145385,3.540695881423035,0.5643377819968957,7.0,1.0,48.01499938964844,48.22800064086914,48.06100082397461,-0.02,32.17,28.06,0.407,-0.272,1.31,0,1,0
1778204806.1468623,1336.9679999999998,1.7696112394332886,0.2434636354446411,-2.3298216501819056,-1.004068676625387,3.5407354831695557,0.56440269947052,0.0,0.0,-0.0,0.0,0.0,0.0,-0.1190185695886612,3.987122058868408,-1.513222098350525,0.2041168361902237,-0.02243042178452015,-0.2063598781824112,0.14226351000411913,-0.3469129720990494,0.89006219762429,-1.3853215581759462,-1.5063745736561438,1.9508847081620149,0.0,0.0,0.0,0.0,0.0,0.0,1.7695566142836938,0.24339841436500986,-2.329816140589685,-1.004101392145385,3.540695881423035,0.5643377819968957,7.0,1.0,48.01499938964844,48.22800064086914,48.06100082397461,-0.02,32.17,28.06,0.407,-0.272,1.31,0,1,0
1778204806.1491177,1336.9759999999999,1.7696353197097778,0.2434396743774414,-2.3298097292529505,-1.0040810743915003,3.5407235622406006,0.5643547773361206,0.0,0.0,-0.0,0.0,0.0,0.0,-0.1464843899011612,3.964233875274658,-1.5289148092269897,0.2063598781824112,-0.02243042178452015,-0.1816864162683487,0.1422768659769917,-0.3469081064523297,0.8900739537139151,-1.3852817939293771,-1.5063893309728669,1.950886187779503,0.0,0.0,0.0,0.0,0.0,0.0,1.7695566142836938,0.24339841436500986,-2.329816140589685,-1.004101392145385,3.540695881423035,0.5643377819968957,7.0,1.0,47.986000061035156,48.22800064086914,48.06100082397461,-0.02,32.17,28.06,0.407,-0.272,1.31,0,1,0
1778204806.1604283,1336.984,1.7695993185043335,0.24340379238128662,-2.329773728047506,-1.0040572325335901,3.5406997203826904,0.5643547773361206,0.0,0.0,-0.0,0.0,0.0,0.0,-0.0778198316693306,3.982544422149658,-1.513222098350525,0.2063598781824112,-0.0426178015768528,-0.2444916069507599,0.1422661779764124,-0.34692621964272574,0.8900940947743214,-1.3852943712962986,-1.5063463251464424,1.9508296459058354,0.0,0.0,0.0,0.0,0.0,0.0,1.7695566142836938,0.24339841436500986,-2.329816140589685,-1.004101392145385,3.540695881423035,0.5643377819968957,7.0,1.0,47.986000061035156,48.22800064086914,48.06100082397461,-0.02,32.17,28.06,0.407,-0.272,1.31,0,1,0
1778204806.1628747,1336.992,1.7695993185043335,0.24347567558288574,-2.3297975699054163,-1.0041049162494105,3.5407235622406006,0.5643547773361206,0.0,0.0,-0.0,0.0,0.0,0.0,-0.1007080152630806,3.987122058868408,-1.513222098350525,0.2086029201745987,-0.0381317175924778,-0.1996307522058487,0.14226998992440684,-0.346941330307543,0.8900647711191663,-1.3852841246673733,-1.5063704680169987,1.950842515048326,0.0,0.0,0.0,0.0,0.0,0.0,1.7695566142836938,0.24339841436500986,-2.329816140589685,-1.004101392145385,3.540695881423035,0.5643377819968957,7.0,1.0,47.986000061035156,48.22800064086914,48.06100082397461,-0.02,32.17,28.06,0.407,-0.272,1.31,0,1,0
1778204806.170347,1337.0,1.7696112394332886,0.2434636354446411,-2.329773728047506,-1.0041287581073206,3.5407354831695557,0.5643547773361206,0.0,0.0,-0.0,0.0,0.0,0.0,-0.1098632961511612,3.987122058868408,-1.5221893787384033,0.2018737941980362,-0.0314025916159153,-0.2086029201745987,0.1422752191876908,-0.34694323192498383,0.8900758680596086,-1.3852808148950042,-1.5063861366380353,1.9508673017315799,0.0,0.0,0.0,0.0,0.0,0.0,1.7695566142836938,0.24339841436500986,-2.329816140589685,-1.004101392145385,3.540695881423035,0.5643377819968957,7.0,1.0,47.986000061035156,48.22800064086914,48.06100082397461,-0.02,32.17,28.06,0.407,-0.272,1.31,0,1,0
1778204806.1729162,1337.008,1.7695993185043335,0.2434157133102417,-2.3297975699054163,-1.0040810743915003,3.540783166885376,0.5643667578697205,0.0,0.0,-0.0,0.0,0.0,0.0,-0.1235962063074112,3.945923328399658,-1.5221893787384033,0.2063598781824112,-0.0291595496237278,-0.2018737941980362,0.14226400840121378,-0.34690806693934795,0.8900853831009224,-1.3852932358386225,-1.506401308790097,1.950916366654986,0.0,0.0,0.0,0.0,0.0,0.0,1.7695566142836938,0.24339841436500986,-2.329816140589685,-1.004101392145385,3.540695881423035,0.5643377819968957,7.0,1.0,47.986000061035156,48.22800064086914,48.06100082397461,-0.02,32.17,28.06,0.407,-0.272,1.31,0,1,0
1778204806.1758468,1337.0159999999998,1.7696592807769775,0.2434157133102417,-2.3297975699054163,-1.0040810743915003,3.5406875610351562,0.5643547773361206,0.0,0.0,-0.0,0.0,0.0,0.0,-0.0823974683880806,3.987122058868408,-1.5311566591262817,0.2063598781824112,-0.0381317175924778,-0.2063598781824112,0.14228188385851,-0.34689470803593475,0.8900856916101527,-1.385293111636662,-1.506368701974391,1.950890943582228,0.0,0.0,0.0,0.0,0.0,0.0,1.7695566142836938,0.24339841436500986,-2.329816140589685,-1.004101392145385,3.540695881423035,0.5643377819968957,7.0,1.0,47.986000061035156,48.2130012512207,48.06100082397461,-0.02,32.17,28.06,0.407,-0.272,1.31,0,1,0
1778204806.178918,1337.024,1.7696112394332886,0.2434157133102417,-2.3298097292529505,-1.0040810743915003,3.5407354831695557,0.5643667578697205,0.0,0.0,-0.0,0.0,0.0,0.0,-0.1007080152630806,3.977966785430908,-1.515463948249817,0.2063598781824112,-0.0314025916159153,-0.2310333549976349,0.1422634922929917,-0.3468916475291168,0.890082849402132,-1.3853158204356555,-1.506356833435762,1.9509076532052432,0.0,0.0,0.0,0.0,0.0,0.0,1.7695566142836938,0.24339841436500986,-2.329816140589685,-1.004101392145385,3.540695881423035,0.5643377819968957,7.0,1.0,47.986000061035156,48.2130012512207,48.06100082397461,-0.02,32.17,28.06,0.407,-0.272,1.31,0,1,0
1778204806.189778,1337.032,1.7695872783660889,0.24342775344848633,-2.3297975699054163,-1.0041287581073206,3.5407354831695557,0.56440269947052,0.0,0.0,-0.0,0.0,0.0,0.0,-0.0961303785443306,3.987122058868408,-1.5177057981491089,0.2041168361902237,-0.0358886756002903,-0.1929016262292862,0.1422491086316467,-0.34688675860841156,0.8900841947953066,-1.385379218236086,-1.5063030814519014,1.9509361056677967,0.0,0.0,0.0,0.0,0.0,0.0,1.7695566142836938,0.24339841436500986,-2.329816140589685,-1.004101392145385,3.540695881423035,0.5643377819968957,7.0,1.0,47.986000061035156,48.2130012512207,48.06100082397461,-0.02,32.17,28.06,0.407,-0.272,1.31,0,1,0
1778204806.1938026,1337.04,1.7696112394332886,0.24342775344848633,-2.3298097292529505,-1.0040810743915003,3.5407354831695557,0.5643907189369202,0.0,0.0,-0.0,0.0,0.0,0.0,-0.1007080152630806,3.968811511993408,-1.5221893787384033,0.2041168361902237,-0.0426178015768528,-0.1816864162683487,0.14226124326789338,-0.3468947361464945,0.890078669278824,-1.3853325104739782,-1.5063551394992503,1.9509108546965652,0.0,0.0,0.0,0.0,0.0,0.0,1.7695566142836938,0.24339841436500986,-2.329816140589685,-1.004101392145385,3.540695881423035,0.5643377819968957,7.0,1.0,47.986000061035156,48.2130012512207,48.06100082397461,-0.02,32.17,28.06,0.407,-0.272,1.31,0,1,0
1778204806.2008448,1337.048,1.7696112394332886,0.243391752243042,-2.3297975699054163,-1.0040810743915003,3.54074764251709,0.5643667578697205,0.0,0.0,-0.0,0.0,0.0,0.0,-0.0778198316693306,3.982544422149658,-1.5064966678619385,0.2086029201745987,-0.0358886756002903,-0.2041168361902237,0.1422626949714538,-0.34688557769598316,0.890094367868757,-1.3853180065257535,-1.5063611944564066,1.950925340095681,0.0,0.0,0.0,0.0,0.0,0.0,1.7695566142836938,0.24339841436500986,-2.329816140589685,-1.004101392145385,3.540695881423035,0.5643377819968957,7.0,1.0,47.986000061035156,48.2130012512207,48.06100082397461,-0.02,32.17,28.06,0.407,-0.272,1.31,0,1,0
1778204806.2070572,1337.056,1.7696112394332886,0.24340379238128662,-2.3297975699054163,-1.0041049162494105,3.5407590866088867,0.5643787384033203,0.0,0.0,-0.0,0.0,0.0,0.0,-0.1327514797449112,3.996277332305908,-1.515463948249817,0.2018737941980362,-0.0381317175924778,-0.2355194389820099,0.14226108411872762,-0.346882913716686,0.890091333183723,-1.3853328312800104,-1.506359920675141,1.9509496106827682,0.0,0.0,0.0,0.0,0.0,0.0,1.7695566142836938,0.24339841436500986,-2.329816140589685,-1.004101392145385,3.540695881423035,0.5643377819968957,7.0,1.0,47.986000061035156,48.2130012512207,48.06100082397461,-0.02,32.17,28.06,0.407,-0.272,1.31,0,1,0
1778204806.2141306,1337.056,1.7696112394332886,0.24340379238128662,-2.3297975699054163,-1.0041049162494105,3.5407590866088867,0.5643787384033203,0.0,0.0,-0.0,0.0,0.0,0.0,-0.1327514797449112,3.996277332305908,-1.515463948249817,0.2018737941980362,-0.0381317175924778,-0.2355194389820099,0.14226108411872762,-0.346882913716686,0.890091333183723,-1.3853328312800104,-1.506359920675141,1.9509496106827682,0.0,0.0,0.0,0.0,0.0,0.0,1.7695566142836938,0.24339841436500986,-2.329816140589685,-1.004101392145385,3.540695881423035,0.5643377819968957,7.0,1.0,47.986000061035156,48.2130012512207,48.06100082397461,0.1,32.04,27.98,0.408,-0.278,1.31,0,0,1
1778204806.2173898,1337.0639999999999,1.7695872783660889,0.2434157133102417,-2.3298216501819056,-1.0040810743915003,3.54074764251709,0.56440269947052,0.0,0.0,-0.0,0.0,0.0,0.0,-0.1602173000574112,3.973389148712158,-1.5221893787384033,0.1973877102136612,-0.0381317175924778,-0.1749572902917862,0.14224758177179803,-0.3468765556709195,0.8900804768351489,-1.3853664046744991,-1.5063229549122947,1.950932493106107,0.0,0.0,0.0,0.0,0.0,0.0,1.7695566142836938,0.24339841436500986,-2.329816140589685,-1.004101392145385,3.540695881423035,0.5643377819968957,7.0,1.0,47.986000061035156,48.2130012512207,48.06100082397461,0.1,32.04,27.98,0.408,-0.278,1.31,0,1,0
1778204806.2206259,1337.072,1.7696353197097778,0.24347567558288574,-2.3297975699054163,-1.0040929953204554,3.54074764251709,0.5643907189369202,0.0,0.0,-0.0,0.0,0.0,0.0,-0.1235962063074112,3.968811511993408,-1.515463948249817,0.2041168361902237,-0.0314025916159153,-0.2086029201745987,0.14227862886613182,-0.3469341267992329,0.8900643795289066,-1.3852848759495024,-1.5064232289015695,1.9508879173138798,0.0,0.0,0.0,0.0,0.0,0.0,1.7695566142836938,0.24339841436500986,-2.329816140589685,-1.004101392145385,3.540695881423035,0.5643377819968957,7.0,1.0,47.986000061035156,48.2130012512207,48.06100082397461,0.1,32.04,27.98,0.408,-0.278,1.31,0,1,0
1778204806.2321382,1337.08,1.7696112394332886,0.24340379238128662,-2.329773728047506,-1.0041049162494105,3.5407354831695557,0.5643308162689209,0.0,0.0,-0.0,0.0,0.0,0.0,-0.1098632961511612,3.991699695587158,-1.502013087272644,0.2063598781824112,-0.0336456336081028,-0.2153320610523224,0.14227225752337425,-0.34691406605482056,0.8900963275274628,-1.3852792062186827,-1.5063717687173066,1.9508861150502734,0.0,0.0,0.0,0.0,0.0,0.0,1.7695566142836938,0.24339841436500986,-2.329816140589685,-1.004101392145385,3.540695881423035,0.5643377819968957,7.0,1.0,47.986000061035156,48.2130012512207,48.06100082397461,0.1,32.04,27.98,0.408,-0.278,1.31,0,1,0
1778204806.2347827,1337.088,1.7695872783660889,0.24342775344848633,-2.3297856489764612,-1.0040929953204554,3.5406997203826904,0.5643547773361206,0.0,0.0,-0.0,0.0,0.0,0.0,-0.1190185695886612,3.987122058868408,-1.5356402397155762,0.1996307522058487,-0.0269165076315403,-0.1973877102136612,0.14226049271316718,-0.3469207481674282,0.8900845615144967,-1.385315567316924,-1.5063186264284336,1.9508440411766708,0.0,0.0,0.0,0.0,0.0,0.0,1.7695566142836938,0.24339841436500986,-2.329816140589685,-1.004101392145385,3.540695881423035,0.5643377819968957,7.0,1.0,47.986000061035156,48.2130012512207,48.06100082397461,0.1,32.04,27.98,0.408,-0.278,1.31,0,1,0
1778204806.2413096,1337.096,1.7696112394332886,0.24342775344848633,-2.3298097292529505,-1.004068676625387,3.5407590866088867,0.5643667578697205,0.0,0.0,-0.0,0.0,0.0,0.0,-0.1419067531824112,3.991699695587158,-1.5244312286376953,0.2041168361902237,-0.0358886756002903,-0.2130890041589737,0.14226756111037453,-0.3469075755776404,0.8900776197040168,-1.385289999535558,-1.5063969351895337,1.9508986437862699,0.0,0.0,0.0,0.0,0.0,0.0,1.7695566142836938,0.24339841436500986,-2.329816140589685,-1.004101392145385,3.540695881423035,0.5643377819968957,7.0,1.0,47.986000061035156,48.2130012512207,48.04600143432617,0.1,32.04,27.98,0.408,-0.278,1.31,0,1,0
1778204806.2526171,1337.104,1.7696112394332886,0.243391752243042,-2.3298216501819056,-1.0040929953204554,3.5407590866088867,0.5643667578697205,0.0,0.0,-0.0,0.0,0.0,0.0,-0.0823974683880806,3.968811511993408,-1.5244312286376953,0.2063598781824112,-0.0448608435690403,-0.1973877102136612,0.14225797888746017,-0.3468602180520168,0.8900895295265021,-1.3853360237980248,-1.5063484978581823,1.950964624482229,0.0,0.0,0.0,0.0,0.0,0.0,1.7695566142836938,0.24339841436500986,-2.329816140589685,-1.004101392145385,3.540695881423035,0.5643377819968957,7.0,1.0,47.986000061035156,48.2130012512207,48.04600143432617,0.1,32.04,27.98,0.408,-0.278,1.31,0,1,0
1778204806.2569854,1337.1119999999999,1.769647240638733,0.2434396743774414,-2.3297856489764612,-1.0041049162494105,3.5407116413116455,0.5643787384033203,0.0,0.0,-0.0,0.0,0.0,0.0,-0.0961303785443306,3.964233875274658,-1.5221893787384033,0.2041168361902237,-0.0358886756002903,-0.2041168361902237,0.14227865281135643,-0.34691136832781927,0.8900810331577975,-1.385305364550514,-1.506379494669489,1.9509005182004506,0.0,0.0,0.0,0.0,0.0,0.0,1.7695566142836938,0.24339841436500986,-2.329816140589685,-1.004101392145385,3.540695881423035,0.5643377819968957,7.0,1.0,47.986000061035156,48.2130012512207,48.04600143432617,0.1,32.04,27.98,0.408,-0.278,1.31,0,1,0
1778204806.2611012,1337.12,1.7695993185043335,0.24347567558288574,-2.3297856489764612,-1.004068676625387,3.540771245956421,0.5643907189369202,0.0,0.0,-0.0,0.0,0.0,0.0,-0.1922607570886612,3.987122058868408,-1.5064966678619385,0.2018737941980362,-0.02467346377670765,-0.1614990383386612,0.14227152438886514,-0.34696163035691463,0.8900656165844439,-1.3852691392631242,-1.5064360687252523,1.9508468209333096,0.0,0.0,0.0,0.0,0.0,0.0,1.7695566142836938,0.24339841436500986,-2.329816140589685,-1.004101392145385,3.540695881423035,0.5643377819968957,7.0,1.0,47.986000061035156,48.2130012512207,48.04600143432617,0.1,32.04,27.98,0.408,-0.278,1.31,0,1,0
1778204806.2768521,1337.128,1.769647240638733,0.2434396743774414,-2.3297975699054163,-1.0041049162494105,3.5407116413116455,0.5643787384033203,0.0,0.0,-0.0,0.0,0.0,0.0,-0.1647949367761612,3.973389148712158,-1.5221893787384033,0.1996307522058487,-0.0291595496237278,-0.2332763969898224,0.14227651554728177,-0.3469007383826523,0.8900783365192875,-1.3853129635997425,-1.5063714657858265,1.9509113938228857,0.0,0.0,0.0,0.0,0.0,0.0,1.7695566142836938,0.24339841436500986,-2.329816140589685,-1.004101392145385,3.540695881423035,0.5643377819968957,7.0,1.0,47.986000061035156,48.2130012512207,48.04600143432617,0.1,32.04,27.98,0.408,-0.278,1.31,0,1,0
1778204806.2832727,1337.136,1.7696353197097778,0.2434636354446411,-2.3298216501819056,-1.004068676625387,3.540771245956421,0.5643547773361206,0.0,0.0,-0.0,0.0,0.0,0.0,-0.1281738430261612,4.005432605743408,-1.5064966678619385,0.2063598781824112,-0.0314025916159153,-0.2377624809741974,0.1422818413415169,-0.34692427025380895,0.8900615274898582,-1.3852455571362425,-1.506453601746312,1.9508907198664045,0.0,0.0,0.0,0.0,0.0,0.0,1.7695566142836938,0.24339841436500986,-2.329816140589685,-1.004101392145385,3.540695881423035,0.5643377819968957,7.0,1.0,47.986000061035156,48.2130012512207,48.04600143432617,0.1,32.04,27.98,0.408,-0.278,1.31,0,1,0
1778204806.3082566,1337.144,1.7696353197097778,0.2434396743774414,-2.3298097292529505,-1.0041168371783655,3.5407354831695557,0.5643667578697205,0.0,0.0,-0.0,0.0,0.0,0.0,-0.1144409328699112,3.959656238555908,-1.5378820896148682,0.2108459621667862,-0.0358886756002903,-0.1996307522058487,0.14227247400718704,-0.34689166700568086,0.8900760127507745,-1.3853116892965416,-1.5063724870759612,1.950932607507268,0.0,0.0,0.0,0.0,0.0,0.0,1.7695566142836938,0.24339841436500986,-2.329816140589685,-1.004101392145385,3.540695881423035,0.5643377819968957,7.0,1.0,48.0,48.2130012512207,48.04600143432617,0.1,32.04,27.98,0.408,-0.278,1.31,0,1,0
1778204806.3125713,1337.152,1.7695993185043335,0.24347567558288574,-2.329773728047506,-1.0041168371783655,3.5407116413116455,0.5643907189369202,0.0,0.0,-0.0,0.0,0.0,0.0,-0.1144409328699112,4.000854969024658,-1.5401238203048706,0.2041168361902237,-0.0336456336081028,-0.1749572902917862,0.14226656056134346,-0.34694794120153216,0.8900712607175865,-1.3853182310733,-1.5063519151985338,1.9508462353641371,0.0,0.0,0.0,0.0,0.0,0.0,1.7695566142836938,0.24339841436500986,-2.329816140589685,-1.004101392145385,3.540695881423035,0.5643377819968957,7.0,1.0,48.0,48.2130012512207,48.04600143432617,0.1,32.04,27.98,0.408,-0.278,1.31,0,1,0
1778204806.3158514,1337.1599999999999,1.7696353197097778,0.24345171451568604,-2.3298335711108606,-1.0040929953204554,3.540771245956421,0.5643907189369202,0.0,0.0,-0.0,0.0,0.0,0.0,-0.1144409328699112,3.977966785430908,-1.5289148092269897,0.1996307522058487,-0.0381317175924778,-0.2041168361902237,0.1422697906866072,-0.34688604413815527,0.890064951889324,-1.3853127966422056,-1.5064066598627444,1.9509559940628207,0.0,0.0,0.0,0.0,0.0,0.0,1.7695566142836938,0.24339841436500986,-2.329816140589685,-1.004101392145385,3.540695881423035,0.5643377819968957,7.0,1.0,48.0,48.27399826049805,48.04600143432617,0.1,32.04,27.98,0.408,-0.278,1.31,0,1,0
1778204806.3306599,1337.168,1.7696112394332886,0.2434636354446411,-2.329773728047506,-1.0040929953204554,3.5407354831695557,0.56440269947052,0.0,0.0,-0.0,0.0,0.0,0.0,-0.1419067531824112,4.000854969024658,-1.5087385177612305,0.2041168361902237,-0.0269165076315403,-0.1951446682214737,0.14227007474192804,-0.346945874640372,0.8900743882146938,-1.3853065829767273,-1.5063905643881796,1.9508631487386336,0.0,0.0,0.0,0.0,0.0,0.0,1.7695566142836938,0.24339841436500986,-2.329816140589685,-1.004101392145385,3.540695881423035,0.5643377819968957,7.0,1.0,48.0,48.27399826049805,48.029998779296875,0.1,32.04,27.98,0.408,-0.278,1.31,0,1,0
1778204806.3417113,1337.176,1.7696353197097778,0.243391752243042,-2.3298097292529505,-1.0041049162494105,3.5407590866088867,0.5643667578697205,0.0,0.0,-0.0,0.0,0.0,0.0,-0.1281738430261612,3.964233875274658,-1.5109803676605225,0.2063598781824112,-0.0515899695456028,-0.2243042290210724,0.1422674753862886,-0.3468626033063437,0.8900928887647677,-1.3853242396334549,-1.5063720934656526,1.950978901474625,0.0,0.0,0.0,0.0,0.0,0.0,1.7695566142836938,0.24339841436500986,-2.329816140589685,-1.004101392145385,3.540695881423035,0.5643377819968957,7.0,1.0,48.0,48.27399826049805,48.029998779296875,0.1,32.04,27.98,0.408,-0.278,1.31,0,1,0
1778204806.3448648,1337.184,1.7695753574371338,0.24345171451568604,-2.3298097292529505,-1.0041049162494105,3.5407354831695557,0.5643907189369202,0.0,0.0,-0.0,0.0,0.0,0.0,-0.1098632961511612,3.991699695587158,-1.5109803676605225,0.2130890041589737,-0.0403747595846653,-0.2018737941980362,0.1422504169376873,-0.34690810465054917,0.890071170406876,-1.38535017587327,-1.5063201359872758,1.9508893633432238,0.0,0.0,0.0,0.0,0.0,0.0,1.7695566142836938,0.24339841436500986,-2.329816140589685,-1.004101392145385,3.540695881423035,0.5643377819968957,7.0,1.0,48.0,48.27399826049805,48.029998779296875,0.1,32.04,27.98,0.408,-0.278,1.31,0,1,0
1778204806.3481455,1337.192,1.7695753574371338,0.2434157133102417,-2.3297975699054163,-1.0041411558734339,3.5407235622406006,0.5643667578697205,0.0,0.0,-0.0,0.0,0.0,0.0,-0.1373291164636612,3.973389148712158,-1.5177057981491089,0.2086029201745987,-0.0358886756002903,-0.2153320610523224,0.1422476028332955,-0.34688233731418655,0.8900889911777994,-1.3853693214941418,-1.5062777094623347,1.950923297668101,0.0,0.0,0.0,0.0,0.0,0.0,1.7695566142836938,0.24339841436500986,-2.329816140589685,-1.004101392145385,3.540695881423035,0.5643377819968957,7.0,1.0,48.0,48.27399826049805,48.029998779296875,0.1,32.04,27.98,0.408,-0.278,1.31,0,1,0
1778204806.363085,1337.2,1.769647240638733,0.2434396743774414,-2.329773728047506,-1.004068676625387,3.540783166885376,0.5643547773361206,0.0,0.0,-0.0,0.0,0.0,0.0,-0.1098632961511612,3.977966785430908,-1.5064966678619385,0.1996307522058487,-0.0358886756002903,-0.1637420803308487,0.14229157905581372,-0.3469483751688045,0.8900811362601482,-1.3852191987307425,-1.5064934676835267,1.9508827174760097,0.0,0.0,0.0,0.0,0.0,0.0,1.7695566142836938,0.24339841436500986,-2.329816140589685,-1.004101392145385,3.540695881423035,0.5643377819968957,7.0,1.0,48.0,48.27399826049805,48.029998779296875,0.1,32.04,27.98,0.408,-0.278,1.31,0,1,0
1778204806.3656514,1337.2079999999999,1.7696353197097778,0.24349963665008545,-2.329761568699972,-1.0041049162494105,3.54074764251709,0.5644146800041199,0.0,0.0,-0.0,0.0,0.0,0.0,-0.1144409328699112,3.991699695587158,-1.5266729593276978,0.1996307522058487,-0.0358886756002903,-0.1839294582605362,0.14228363583567233,-0.3469734057220142,0.8900646130160248,-1.3852786831783903,-1.506445785685178,1.9508582280947526,0.0,0.0,0.0,0.0,0.0,0.0,1.7695566142836938,0.24339841436500986,-2.329816140589685,-1.004101392145385,3.540695881423035,0.5643377819968957,7.0,1.0,48.0,48.27399826049805,48.029998779296875,0.1,32.04,27.98,0.408,-0.278,1.31,0,1,0
1778204806.369712,1337.216,1.7695753574371338,0.2434396743774414,-2.3297856489764612,-1.0041049162494105,3.5407590866088867,0.56440269947052,0.0,0.0,-0.0,0.0,0.0,0.0,-0.1281738430261612,3.973389148712158,-1.5221893787384033,0.2063598781824112,-0.0358886756002903,-0.2220611870288849,0.14225211305132193,-0.3469195498192823,0.8900810704549349,-1.385344399019684,-1.5063471397302097,1.9508988267162837,0.0,0.0,0.0,0.0,0.0,0.0,1.7695566142836938,0.24339841436500986,-2.329816140589685,-1.004101392145385,3.540695881423035,0.5643377819968957,7.0,1.0,48.0,48.27399826049805,48.029998779296875,0.1,32.04,27.98,0.408,-0.278,1.31,0,1,0
1778204806.3854806,1337.224,1.7696353197097778,0.24342775344848633,-2.3298097292529505,-1.0041168371783655,3.5406997203826904,0.5643427968025208,0.0,0.0,-0.0,0.0,0.0,0.0,-0.0457763709127903,3.968811511993408,-1.513222098350525,0.2018737941980362,-0.0336456336081028,-0.2086029201745987,0.14227288677592498,-0.3468857568143945,0.8900803116707043,-1.3853104382384502,-1.5063383034776452,1.9509091353332386,0.0,0.0,0.0,0.0,0.0,0.0,1.7695566142836938,0.24339841436500986,-2.329816140589685,-1.004101392145385,3.540695881423035,0.5643377819968957,7.0,1.0,48.0,48.27399826049805,48.029998779296875,0.1,32.04,27.98,0.408,-0.278,1.31,0,1,0
1778204806.3893344,1337.224,1.7696353197097778,0.24342775344848633,-2.3298097292529505,-1.0041168371783655,3.5406997203826904,0.5643427968025208,0.0,0.0,-0.0,0.0,0.0,0.0,-0.0457763709127903,3.968811511993408,-1.513222098350525,0.2018737941980362,-0.0336456336081028,-0.2086029201745987,0.14227288677592498,-0.3468857568143945,0.8900803116707043,-1.3853104382384502,-1.5063383034776452,1.9509091353332386,0.0,0.0,0.0,0.0,0.0,0.0,1.7695566142836938,0.24339841436500986,-2.329816140589685,-1.004101392145385,3.540695881423035,0.5643377819968957,7.0,1.0,48.0,48.27399826049805,48.029998779296875,0.16,32.11,27.84,0.409,-0.281,1.305,0,0,1
1778204806.3961372,1337.232,1.7696353197097778,0.24342775344848633,-2.3298097292529505,-1.0041168371783655,3.5407354831695557,0.5643667578697205,0.0,0.0,-0.0,0.0,0.0,0.0,-0.1235962063074112,3.973389148712158,-1.5177057981491089,0.2018737941980362,-0.0358886756002903,-0.1861725002527237,0.1422706791677634,-0.34688276072063,0.8900804022745057,-1.385319257351708,-1.5063644998669725,1.9509435156358275,0.0,0.0,0.0,0.0,0.0,0.0,1.7695566142836938,0.24339841436500986,-2.329816140589685,-1.004101392145385,3.540695881423035,0.5643377819968957,7.0,1.0,48.0,48.24300003051758,48.029998779296875,0.16,32.11,27.84,0.409,-0.281,1.305,0,1,0
1778204806.400285,1337.24,1.7695872783660889,0.2434396743774414,-2.3297975699054163,-1.0040929953204554,3.5407354831695557,0.5643907189369202,0.0,0.0,-0.0,0.0,0.0,0.0,-0.0823974683880806,3.973389148712158,-1.515463948249817,0.2108459621667862,-0.0403747595846653,-0.2018737941980362,0.14225591220983225,-0.346913074948527,0.8900776924746111,-1.3853365852660962,-1.5063399002432547,1.95088549789691,0.0,0.0,0.0,0.0,0.0,0.0,1.7695566142836938,0.24339841436500986,-2.329816140589685,-1.004101392145385,3.540695881423035,0.5643377819968957,7.0,1.0,48.0,48.24300003051758,48.04600143432617,0.16,32.11,27.84,0.409,-0.281,1.305,0,1,0
1778204806.402612,1337.248,1.7696112394332886,0.2434396743774414,-2.3298216501819056,-1.0040929953204554,3.5407235622406006,0.5643907189369202,0.0,0.0,-0.0,0.0,0.0,0.0,-0.0549316480755806,3.968811511993408,-1.5177057981491089,0.2063598781824112,-0.0381317175924778,-0.2175751030445099,0.14225929020703462,-0.34688722340440653,0.8900722992221823,-1.385345345317176,-1.5063351281244783,1.9509149654669775,0.0,0.0,0.0,0.0,0.0,0.0,1.7695566142836938,0.24339841436500986,-2.329816140589685,-1.004101392145385,3.540695881423035,0.5643377819968957,7.0,1.0,48.0,48.24300003051758,48.04600143432617,0.16,32.11,27.84,0.409,-0.281,1.305,0,1,0
1778204806.4204886,1337.2559999999999,1.7696112394332886,0.24345171451568604,-2.329749647771017,-1.0041287581073206,3.5407116413116455,0.5643787384033203,0.0,0.0,-0.0,0.0,0.0,0.0,-0.0961303785443306,3.964233875274658,-1.4952876567840576,0.2041168361902237,-0.0426178015768528,-0.1884155422449112,0.14227244367091554,-0.3469479511309264,0.8900860668013757,-1.3853077087914454,-1.5063606353441523,1.9508570196517414,0.0,0.0,0.0,0.0,0.0,0.0,1.7695566142836938,0.24339841436500986,-2.329816140589685,-1.004101392145385,3.540695881423035,0.5643377819968957,7.0,1.0,48.0,48.24300003051758,48.04600143432617,0.16,32.11,27.84,0.409,-0.281,1.305,0,1,0
1778204806.4536889,1337.264,1.7696353197097778,0.24337971210479736,-2.329749647771017,-1.0041168371783655,3.5407116413116455,0.5643547773361206,0.0,0.0,-0.0,0.0,0.0,0.0,-0.0869751051068306,3.991699695587158,-1.5266729593276978,0.2041168361902237,-0.0403747595846653,-0.2377624809741974,0.14227501175130616,-0.34690145521212973,0.8901116664324829,-1.3853096346509832,-1.5063536872410253,1.9509121115237336,0.0,0.0,0.0,0.0,0.0,0.0,1.7695566142836938,0.24339841436500986,-2.329816140589685,-1.004101392145385,3.540695881423035,0.5643377819968957,7.0,1.0,48.0,48.24300003051758,48.04600143432617,0.16,32.11,27.84,0.409,-0.281,1.305,0,1,0
1778204806.4600542,1337.272,1.7696353197097778,0.24342775344848633,-2.3297856489764612,-1.0040929953204554,3.5407590866088867,0.5643427968025208,0.0,0.0,-0.0,0.0,0.0,0.0,-0.1281738430261612,3.964233875274658,-1.5289148092269897,0.2063598781824112,-0.0381317175924778,-0.1794433742761612,0.14228226777708353,-0.34692169836935427,0.8900841643536406,-1.3852540679100953,-1.5064301772844149,1.9508989068326266,0.0,0.0,0.0,0.0,0.0,0.0,1.7695566142836938,0.24339841436500986,-2.329816140589685,-1.004101392145385,3.540695881423035,0.5643377819968957,7.0,1.0,48.0,48.24300003051758,48.04600143432617,0.16,32.11,27.84,0.409,-0.281,1.305,0,1,0
1778204806.465325,1337.28,1.7696112394332886,0.24345171451568604,-2.3298097292529505,-1.0040929953204554,3.54074764251709,0.5643667578697205,0.0,0.0,-0.0,0.0,0.0,0.0,-0.1190185695886612,3.959656238555908,-1.504254937171936,0.2018737941980362,-0.0493469275534153,-0.1749572902917862,0.14226854945969508,-0.34691471544501434,0.8900701994352591,-1.3852953238352965,-1.5063851969294502,1.9508924284668199,0.0,0.0,0.0,0.0,0.0,0.0,1.7695566142836938,0.24339841436500986,-2.329816140589685,-1.004101392145385,3.540695881423035,0.5643377819968957,7.0,1.0,48.0,48.24300003051758,48.04600143432617,0.16,32.11,27.84,0.409,-0.281,1.305,0,1,0
1778204806.4744842,1337.288,1.7696112394332886,0.2434396743774414,-2.3298097292529505,-1.0041049162494105,3.540771245956421,0.56440269947052,0.0,0.0,-0.0,0.0,0.0,0.0,-0.0823974683880806,3.968811511993408,-1.515463948249817,0.2041168361902237,-0.0426178015768528,-0.2108459621667862,0.14226087488244277,-0.34689396240862735,0.8900755677099366,-1.385336862148909,-1.5063782376816652,1.950948943224933,0.0,0.0,0.0,0.0,0.0,0.0,1.7695566142836938,0.24339841436500986,-2.329816140589685,-1.004101392145385,3.540695881423035,0.5643377819968957,7.0,1.0,48.0,48.24300003051758,48.04600143432617,0.16,32.11,27.84,0.409,-0.281,1.305,0,1,0
1778204806.480027,1337.296,1.7696353197097778,0.2434396743774414,-2.329773728047506,-1.0040929953204554,3.5407354831695557,0.5643787384033203,0.0,0.0,-0.0,0.0,0.0,0.0,-0.1007080152630806,3.973389148712158,-1.5333983898162842,0.2063598781824112,-0.0471038855612278,-0.2018737941980362,0.14227888336648536,-0.34693045368931846,0.8900829587536159,-1.3852856412852375,-1.506407820592123,1.9508851450564453,0.0,0.0,0.0,0.0,0.0,0.0,1.7695566142836938,0.24339841436500986,-2.329816140589685,-1.004101392145385,3.540695881423035,0.5643377819968957,7.0,1.0,48.0,48.24300003051758,48.04600143432617,0.16,32.11,27.84,0.409,-0.281,1.305,0,1,0
1778204806.4940484,1337.3039999999999,1.7695753574371338,0.2434396743774414,-2.3297975699054163,-1.0041049162494105,3.5406997203826904,0.5643667578697205,0.0,0.0,-0.0,0.0,0.0,0.0,-0.0915527418255806,3.982544422149658,-1.5177057981491089,0.2041168361902237,-0.0471038855612278,-0.1929016262292862,0.14225299156337026,-0.3469129480043098,0.8900782640861085,-1.385341248230478,-1.5062940625393,1.9508549073396977,0.0,0.0,0.0,0.0,0.0,0.0,1.7695566142836938,0.24339841436500986,-2.329816140589685,-1.004101392145385,3.540695881423035,0.5643377819968957,7.0,1.0,48.01499938964844,48.24300003051758,48.04600143432617,0.16,32.11,27.84,0.409,-0.281,1.305,0,1,0
1778204806.506566,1337.312,1.769647240638733,0.24340379238128662,-2.3297856489764612,-1.0040929953204554,3.54074764251709,0.5644146800041199,0.0,0.0,-0.0,0.0,0.0,0.0,-0.0366210974752903,3.964233875274658,-1.5221893787384033,0.2018737941980362,-0.0426178015768528,-0.1996307522058487,0.14227001647498314,-0.34688344917817115,0.8900937998753853,-1.3853413955703402,-1.5063849937559917,1.9509641106746245,0.0,0.0,0.0,0.0,0.0,0.0,1.7695566142836938,0.24339841436500986,-2.329816140589685,-1.004101392145385,3.540695881423035,0.5643377819968957,7.0,1.0,48.01499938964844,48.24300003051758,48.04600143432617,0.16,32.11,27.84,0.409,-0.281,1.305,0,1,0
1778204806.5110695,1337.32,1.7696112394332886,0.2434157133102417,-2.3297856489764612,-1.0040929953204554,3.54074764251709,0.5643667578697205,0.0,0.0,-0.0,0.0,0.0,0.0,-0.0732421949505806,3.968811511993408,-1.5177057981491089,0.2018737941980362,-0.0471038855612278,-0.1772003322839737,0.14226744616604858,-0.34690929084373173,0.8900889037823989,-1.3853028295866223,-1.506377294611175,1.950903402161598,0.0,0.0,0.0,0.0,0.0,0.0,1.7695566142836938,0.24339841436500986,-2.329816140589685,-1.004101392145385,3.540695881423035,0.5643377819968957,7.0,1.0,48.01499938964844,48.24300003051758,48.04600143432617,0.16,32.11,27.84,0.409,-0.281,1.305,0,1,0
1778204806.5159307,1337.328,1.7696112394332886,0.2434636354446411,-2.3297856489764612,-1.0040929953204554,3.54074764251709,0.5643427968025208,0.0,0.0,-0.0,0.0,0.0,0.0,-0.0869751051068306,3.987122058868408,-1.5064966678619385,0.2086029201745987,-0.0358886756002903,-0.2153320610523224,0.14227872224799523,-0.34695100110533433,0.8900710022558453,-1.385248072914971,-1.5064191625298728,1.9508453319998638,0.0,0.0,0.0,0.0,0.0,0.0,1.7695566142836938,0.24339841436500986,-2.329816140589685,-1.004101392145385,3.540695881423035,0.5643377819968957,7.0,1.0,48.01499938964844,48.24300003051758,48.04600143432617,0.16,32.11,27.84,0.409,-0.281,1.305,0,1,0
1778204806.525067,1337.336,1.7696353197097778,0.2434396743774414,-2.3297975699054163,-1.004068676625387,3.54074764251709,0.5643907189369202,0.0,0.0,-0.0,0.0,0.0,0.0,-0.1052856519818306,3.964233875274658,-1.5177057981491089,0.1996307522058487,-0.0426178015768528,-0.2243042290210724,0.14227523429691402,-0.34691706033266784,0.8900762860886692,-1.3852921597235504,-1.5064153939135099,1.9508986987581831,0.0,0.0,0.0,0.0,0.0,0.0,1.7695566142836938,0.24339841436500986,-2.329816140589685,-1.004101392145385,3.540695881423035,0.5643377819968957,7.0,1.0,48.01499938964844,48.24300003051758,48.04600143432617,0.16,32.11,27.84,0.409,-0.281,1.305,0,1,0
1778204806.5527074,1337.344,1.7696112394332886,0.2434396743774414,-2.3297975699054163,-1.0040929953204554,3.5406997203826904,0.5643667578697205,0.0,0.0,-0.0,0.0,0.0,0.0,-0.0732421949505806,3.987122058868408,-1.5109803676605225,0.2086029201745987,-0.0448608435690403,-0.1704712063074112,0.14226643232366934,-0.34691266224993367,0.890077601886369,-1.3853160043703623,-1.5063371361900053,1.9508653373765248,0.0,0.0,0.0,0.0,0.0,0.0,1.7695566142836938,0.24339841436500986,-2.329816140589685,-1.004101392145385,3.540695881423035,0.5643377819968957,7.0,1.0,48.01499938964844,48.24300003051758,48.04600143432617,0.16,32.11,27.84,0.409,-0.281,1.305,0,1,0
1778204806.5556626,1337.3519999999999,1.7695993185043335,0.24337971210479736,-2.3297975699054163,-1.0041168371783655,3.540783166885376,0.5643667578697205,0.0,0.0,-0.0,0.0,0.0,0.0,-0.01831054873764515,3.964233875274658,-1.5266729593276978,0.2018737941980362,-0.0358886756002903,-0.2153320610523224,0.14225561023894828,-0.3468667127668297,0.8901006255421221,-1.3853389877814097,-1.506353235492031,1.950981901402119,0.0,0.0,0.0,0.0,0.0,0.0,1.7695566142836938,0.24339841436500986,-2.329816140589685,-1.004101392145385,3.540695881423035,0.5643377819968957,7.0,1.0,48.01499938964844,48.24300003051758,48.04600143432617,0.16,32.11,27.84,0.409,-0.281,1.305,0,1,0
1778204806.5575671,1337.36,1.769647240638733,0.2434396743774414,-2.329761568699972,-1.0040929953204554,3.5407354831695557,0.56440269947052,0.0,0.0,-0.0,0.0,0.0,0.0,-0.1190185695886612,3.973389148712158,-1.5064966678619385,0.2018737941980362,-0.0358886756002903,-0.1951446682214737,0.14228113729813013,-0.3469336935198718,0.8900859625689903,-1.3852963731627972,-1.5064179075592676,1.9508953441468955,0.0,0.0,0.0,0.0,0.0,0.0,1.7695566142836938,0.24339841436500986,-2.329816140589685,-1.004101392145385,3.540695881423035,0.5643377819968957,7.0,1.0,48.01499938964844,48.24300003051758,48.04600143432617,0.16,32.11,27.84,0.409,-0.281,1.305,0,1,0
1778204806.5726268,1337.368,1.7695872783660889,0.2434396743774414,-2.3297856489764612,-1.0040810743915003,3.5407590866088867,0.5644146800041199,0.0,0.0,-0.0,0.0,0.0,0.0,-0.1052856519818306,3.968811511993408,-1.5221893787384033,0.2041168361902237,-0.0358886756002903,-0.1682281643152237,0.14225620345580192,-0.3469245382228057,0.8900798726792767,-1.3853354495371608,-1.50636988419009,1.9508912826916185,0.0,0.0,0.0,0.0,0.0,0.0,1.7695566142836938,0.24339841436500986,-2.329816140589685,-1.004101392145385,3.540695881423035,0.5643377819968957,7.0,1.0,48.01499938964844,48.24300003051758,48.04600143432617,0.16,32.11,27.84,0.409,-0.281,1.305,0,1,0
1778204806.5826387,1337.376,1.7695872783660889,0.2434396743774414,-2.3297975699054163,-1.0040810743915003,3.5407354831695557,0.5643907189369202,0.0,0.0,-0.0,0.0,0.0,0.0,-0.1739502102136612,3.991699695587158,-1.513222098350525,0.2086029201745987,-0.0448608435690403,-0.1839294582605362,0.14225690501586125,-0.3469178937559251,0.8900770302565066,-1.385328952366892,-1.5063478835691764,1.9508746344400876,0.0,0.0,0.0,0.0,0.0,0.0,1.7695566142836938,0.24339841436500986,-2.329816140589685,-1.004101392145385,3.540695881423035,0.5643377819968957,7.0,1.0,48.01499938964844,48.22800064086914,48.04600143432617,0.16,32.11,27.84,0.409,-0.281,1.305,0,1,0
1778204806.5906258,1337.376,1.7695872783660889,0.2434396743774414,-2.3297975699054163,-1.0040810743915003,3.5407354831695557,0.5643907189369202,0.0,0.0,-0.0,0.0,0.0,0.0,-0.1739502102136612,3.991699695587158,-1.513222098350525,0.2086029201745987,-0.0448608435690403,-0.1839294582605362,0.14225690501586125,-0.3469178937559251,0.8900770302565066,-1.385328952366892,-1.5063478835691764,1.9508746344400876,0.0,0.0,0.0,0.0,0.0,0.0,1.7695566142836938,0.24339841436500986,-2.329816140589685,-1.004101392145385,3.540695881423035,0.5643377819968957,7.0,1.0,48.01499938964844,48.22800064086914,48.04600143432617,0.07,32.23,27.91,0.409,-0.277,1.302,0,0,1
1778204806.5966806,1337.384,1.7696112394332886,0.2434157133102417,-2.3297975699054163,-1.0041168371783655,3.5407235622406006,0.5643787384033203,0.0,0.0,-0.0,0.0,0.0,0.0,-0.1098632961511612,3.977966785430908,-1.513222098350525,0.2063598781824112,-0.0426178015768528,-0.2041168361902237,0.14226004438184278,-0.34688410993482843,0.8900877673664945,-1.3853483070003427,-1.506324206572847,1.950929539031691,0.0,0.0,0.0,0.0,0.0,0.0,1.7695566142836938,0.24339841436500986,-2.329816140589685,-1.004101392145385,3.540695881423035,0.5643377819968957,7.0,1.0,48.01499938964844,48.22800064086914,48.01499938964844,0.07,32.23,27.91,0.409,-0.277,1.302,0,1,0
1778204806.5999172,1337.392,1.7695872783660889,0.2434636354446411,-2.329773728047506,-1.0040929953204554,3.5407354831695557,0.5643787384033203,0.0,0.0,-0.0,0.0,0.0,0.0,-0.1052856519818306,3.964233875274658,-1.4975295066833496,0.2063598781824112,-0.0381317175924778,-0.2018737941980362,0.14226582296610277,-0.3469551903718911,0.890074134541891,-1.3852940103045874,-1.506376892790201,1.9508347112494038,0.0,0.0,0.0,0.0,0.0,0.0,1.7695566142836938,0.24339841436500986,-2.329816140589685,-1.004101392145385,3.540695881423035,0.5643377819968957,7.0,1.0,48.01499938964844,48.22800064086914,48.01499938964844,0.07,32.23,27.91,0.409,-0.277,1.302,0,1,0
1778204806.6212616,1337.3999999999999,1.7696112394332886,0.24342775344848633,-2.3297975699054163,-1.0040929953204554,3.54074764251709,0.5643907189369202,0.0,0.0,-0.0,0.0,0.0,0.0,-0.1281738430261612,3.977966785430908,-1.5199475288391113,0.2041168361902237,-0.0381317175924778,-0.2130890041589737,0.14226306021005802,-0.3469017496028384,0.8900820268098144,-1.3853271184334421,-1.50636757169521,1.9509174793683988,0.0,0.0,0.0,0.0,0.0,0.0,1.7695566142836938,0.24339841436500986,-2.329816140589685,-1.004101392145385,3.540695881423035,0.5643377819968957,7.0,1.0,48.01499938964844,48.22800064086914,48.01499938964844,0.07,32.23,27.91,0.409,-0.277,1.302,0,1,0
1778204806.626377,1337.408,1.7695872783660889,0.2434157133102417,-2.3298216501819056,-1.0040810743915003,3.5407590866088867,0.5643907189369202,0.0,0.0,-0.0,0.0,0.0,0.0,-0.1510620266199112,3.968811511993408,-1.5311566591262817,0.2041168361902237,-0.02467346377670765,-0.2108459621667862,0.14225020571569183,-0.34688044059787154,0.8900802982202999,-1.385349273655522,-1.506339342204557,1.9509318352961136,0.0,0.0,0.0,0.0,0.0,0.0,1.7695566142836938,0.24339841436500986,-2.329816140589685,-1.004101392145385,3.540695881423035,0.5643377819968957,7.0,1.0,48.01499938964844,48.22800064086914,48.01499938964844,0.07,32.23,27.91,0.409,-0.277,1.302,0,1,0
1778204806.6294668,1337.416,1.7695993185043335,0.24342775344848633,-2.3298216501819056,-1.004068676625387,3.5407235622406006,0.5643787384033203,0.0,0.0,-0.0,0.0,0.0,0.0,-0.1007080152630806,3.977966785430908,-1.5266729593276978,0.2108459621667862,-0.0381317175924778,-0.2377624809741974,0.14225741664946506,-0.34689279677072776,0.8900752113800743,-1.3853310258137754,-1.5063366494519241,1.9508895289183985,0.0,0.0,0.0,0.0,0.0,0.0,1.7695566142836938,0.24339841436500986,-2.329816140589685,-1.004101392145385,3.540695881423035,0.5643377819968957,7.0,1.0,48.01499938964844,48.22800064086914,48.01499938964844,0.07,32.23,27.91,0.409,-0.277,1.302,0,1,0
1778204806.631945,1337.424,1.7695993185043335,0.24345171451568604,-2.3297975699054163,-1.0041049162494105,3.5407354831695557,0.5643667578697205,0.0,0.0,-0.0,0.0,0.0,0.0,-0.1464843899011612,3.982544422149658,-1.504254937171936,0.2086029201745987,-0.0381317175924778,-0.2265472710132599,0.14226497020553752,-0.3469214455762199,0.8900736675480116,-1.385306331883144,-1.5063615197067826,1.9508782700280403,0.0,0.0,0.0,0.0,0.0,0.0,1.7695566142836938,0.24339841436500986,-2.329816140589685,-1.004101392145385,3.540695881423035,0.5643377819968957,7.0,1.0,48.01499938964844,48.22800064086914,48.01499938964844,0.07,32.23,27.91,0.409,-0.277,1.302,0,1,0
1778204806.6354227,1337.432,1.7695993185043335,0.2434636354446411,-2.3298097292529505,-1.0040572325335901,3.5407590866088867,0.5643907189369202,0.0,0.0,-0.0,0.0,0.0,0.0,-0.0778198316693306,3.977966785430908,-1.5199475288391113,0.2041168361902237,-0.0426178015768528,-0.2175751030445099,0.1422657185661876,-0.34693479865059196,0.8900640238754195,-1.38529007813564,-1.506407221450158,1.9508625250798601,0.0,0.0,0.0,0.0,0.0,0.0,1.7695566142836938,0.24339841436500986,-2.329816140589685,-1.004101392145385,3.540695881423035,0.5643377819968957,7.0,1.0,48.01499938964844,48.22800064086914,48.01499938964844,0.07,32.23,27.91,0.409,-0.277,1.302,0,1,0
1778204806.6398985,1337.4399999999998,1.7695993185043335,0.2434396743774414,-2.3297975699054163,-1.0040810743915003,3.5407116413116455,0.5643787384033203,0.0,0.0,-0.0,0.0,0.0,0.0,-0.1190185695886612,3.982544422149658,-1.4975295066833496,0.2086029201745987,-0.01794433780014515,-0.2108459621667862,0.14226187688963263,-0.346917193776798,0.890077012114258,-1.3853212178147776,-1.5063405666919412,1.9508612296650576,0.0,0.0,0.0,0.0,0.0,0.0,1.7695566142836938,0.24339841436500986,-2.329816140589685,-1.004101392145385,3.540695881423035,0.5643377819968957,7.0,1.0,48.01499938964844,48.22800064086914,48.01499938964844,0.07,32.23,27.91,0.409,-0.277,1.302,0,1,0
1778204806.6548464,1337.4479999999999,1.7696353197097778,0.2434636354446411,-2.329761568699972,-1.0040810743915003,3.5407354831695557,0.5643667578697205,0.0,0.0,-0.0,0.0,0.0,0.0,-0.1419067531824112,3.982544422149658,-1.515463948249817,0.2041168361902237,-0.0426178015768528,-0.1861725002527237,0.1422876948019525,-0.34696697007977984,0.8900760949645177,-1.3852428781171031,-1.5064449258370116,1.9508341531915676,0.0,0.0,0.0,0.0,0.0,0.0,1.7695566142836938,0.24339841436500986,-2.329816140589685,-1.004101392145385,3.540695881423035,0.5643377819968957,7.0,1.0,48.01499938964844,48.22800064086914,48.01499938964844,0.07,32.23,27.91,0.409,-0.277,1.302,0,1,0
1778204806.6584678,1337.456,1.7695993185043335,0.2434396743774414,-2.3297975699054163,-1.0040810743915003,3.5407590866088867,0.5644266605377197,0.0,0.0,-0.0,0.0,0.0,0.0,-0.0778198316693306,3.982544422149658,-1.5333983898162842,0.1996307522058487,-0.0358886756002903,-0.2198181450366974,0.14225621287732834,-0.34690924199832057,0.8900773027000675,-1.3853493054129629,-1.506368749229454,1.9509164125796954,0.0,0.0,0.0,0.0,0.0,0.0,1.7695566142836938,0.24339841436500986,-2.329816140589685,-1.004101392145385,3.540695881423035,0.5643377819968957,7.0,1.0,48.01499938964844,48.22800064086914,48.04600143432617,0.07,32.23,27.91,0.409,-0.277,1.302,0,1,0
1778204806.6641636,1337.464,1.769647240638733,0.243391752243042,-2.3297856489764612,-1.0041049162494105,3.54074764251709,0.5643547773361206,0.0,0.0,-0.0,0.0,0.0,0.0,-0.1144409328699112,3.991699695587158,-1.5109803676605225,0.2041168361902237,-0.0358886756002903,-0.1345825344324112,0.14227736515774086,-0.34688440140462357,0.8900982624113649,-1.385295837073656,-1.5063933447589077,1.9509504452510322,0.0,0.0,0.0,0.0,0.0,0.0,1.7695566142836938,0.24339841436500986,-2.329816140589685,-1.004101392145385,3.540695881423035,0.5643377819968957,7.0,1.0,48.01499938964844,48.22800064086914,48.04600143432617,0.07,32.23,27.91,0.409,-0.277,1.302,0,1,0
1778204806.6710327,1337.472,1.7695753574371338,0.2434157133102417,-2.3297975699054163,-1.004068676625387,3.5407354831695557,0.56440269947052,0.0,0.0,-0.0,0.0,0.0,0.0,-0.0732421949505806,3.973389148712158,-1.515463948249817,0.2063598781824112,-0.0314025916159153,-0.1749572902917862,0.14224816461815873,-0.34690374574522925,0.8900852915621862,-1.385354242727932,-1.5063235931096557,1.9508852973041932,0.0,0.0,0.0,0.0,0.0,0.0,1.7695566142836938,0.24339841436500986,-2.329816140589685,-1.004101392145385,3.540695881423035,0.5643377819968957,7.0,1.0,48.01499938964844,48.22800064086914,48.04600143432617,0.07,32.23,27.91,0.409,-0.277,1.302,0,1,0
1778204806.6737943,1337.48,1.7695993185043335,0.24342775344848633,-2.3297975699054163,-1.004068676625387,3.5407354831695557,0.5643787384033203,0.0,0.0,-0.0,0.0,0.0,0.0,-0.0732421949505806,3.982544422149658,-1.5221893787384033,0.2018737941980362,-0.0358886756002903,-0.1906585842370987,0.14226235076788557,-0.3469152395468007,0.8900806045601085,-1.3853105056881483,-1.5063648542023274,1.950874280018056,0.0,0.0,0.0,0.0,0.0,0.0,1.7695566142836938,0.24339841436500986,-2.329816140589685,-1.004101392145385,3.540695881423035,0.5643377819968957,7.0,1.0,48.01499938964844,48.22800064086914,48.04600143432617,0.07,32.23,27.91,0.409,-0.277,1.302,0,1,0
1778204806.6758945,1337.4879999999998,1.7696112394332886,0.2434157133102417,-2.3297856489764612,-1.0041411558734339,3.5407354831695557,0.5643907189369202,0.0,0.0,-0.0,0.0,0.0,0.0,-0.0549316480755806,3.977966785430908,-1.5199475288391113,0.2063598781824112,-0.0358886756002903,-0.2130890041589737,0.1422587428041597,-0.34688292638920665,0.8900918870282604,-1.385363275257505,-1.506323054687934,1.9509546543865628,0.0,0.0,0.0,0.0,0.0,0.0,1.7695566142836938,0.24339841436500986,-2.329816140589685,-1.004101392145385,3.540695881423035,0.5643377819968957,7.0,1.0,48.01499938964844,48.22800064086914,48.04600143432617,0.07,32.23,27.91,0.409,-0.277,1.302,0,1,0
1778204806.6779068,1337.4959999999999,1.7695993185043335,0.24342775344848633,-2.3297975699054163,-1.0040810743915003,3.5406997203826904,0.56440269947052,0.0,0.0,-0.0,0.0,0.0,0.0,-0.0457763709127903,3.991699695587158,-1.515463948249817,0.2063598781824112,-0.0336456336081028,-0.2063598781824112,0.14225540315527757,-0.34690141011478676,0.8900817095306236,-1.3853582896764653,-1.5063108320799636,1.9508796364175522,0.0,0.0,0.0,0.0,0.0,0.0,1.7695566142836938,0.24339841436500986,-2.329816140589685,-1.004101392145385,3.540695881423035,0.5643377819968957,7.0,1.0,48.01499938964844,48.22800064086914,48.04600143432617,0.07,32.23,27.91,0.409,-0.277,1.302,0,1,0
1778204806.68237,1337.504,1.7695993185043335,0.24342775344848633,-2.3298097292529505,-1.0041049162494105,3.5407116413116455,0.5643667578697205,0.0,0.0,-0.0,0.0,0.0,0.0,-0.1190185695886612,3.950500965118408,-1.5109803676605225,0.2063598781824112,-0.0358886756002903,-0.2018737941980362,0.14225794785542586,-0.34689076069392544,0.890079848706012,-1.3853396360971504,-1.5063133040243812,1.950897847834769,0.0,0.0,0.0,0.0,0.0,0.0,1.7695566142836938,0.24339841436500986,-2.329816140589685,-1.004101392145385,3.540695881423035,0.5643377819968957,7.0,1.0,48.01499938964844,48.22800064086914,48.04600143432617,0.07,32.23,27.91,0.409,-0.277,1.302,0,1,0
1778204806.6896415,1337.512,1.7696353197097778,0.24340379238128662,-2.3297856489764612,-1.0040572325335901,3.5407354831695557,0.5643787384033203,0.0,0.0,-0.0,0.0,0.0,0.0,-0.1419067531824112,3.991699695587158,-1.5244312286376953,0.2018737941980362,-0.0336456336081028,-0.1816864162683487,0.14227432281317015,-0.34690747177147224,0.8900914888933995,-1.385293120363223,-1.5063997003085374,1.950896264214746,0.0,0.0,0.0,0.0,0.0,0.0,1.7695566142836938,0.24339841436500986,-2.329816140589685,-1.004101392145385,3.540695881423035,0.5643377819968957,7.0,1.0,48.01499938964844,48.22800064086914,48.04600143432617,0.07,32.23,27.91,0.409,-0.277,1.302,0,1,0
1778204806.691769,1337.52,1.7696353197097778,0.24348759651184082,-2.3298097292529505,-1.004068676625387,3.54074764251709,0.5643667578697205,0.0,0.0,-0.0,0.0,0.0,0.0,-0.0640869215130806,3.982544422149658,-1.5221893787384033,0.2063598781824112,-0.0381317175924778,-0.1592559963464737,0.14228433136783786,-0.34694792708896566,0.890055634060237,-1.3852451527073366,-1.5064490714407264,1.9508517221141843,0.0,0.0,0.0,0.0,0.0,0.0,1.7695566142836938,0.24339841436500986,-2.329816140589685,-1.004101392145385,3.540695881423035,0.5643377819968957,7.0,1.0,48.01499938964844,48.24300003051758,48.04600143432617,0.07,32.23,27.91,0.409,-0.277,1.302,0,1,0
1778204806.6937172,1337.528,1.7696112394332886,0.24345171451568604,-2.3298216501819056,-1.0040572325335901,3.5407235622406006,0.5643787384033203,0.0,0.0,-0.0,0.0,0.0,0.0,-0.1190185695886612,3.977966785430908,-1.515463948249817,0.2063598781824112,-0.0403747595846653,-0.2220611870288849,0.14226611228764863,-0.3469136284752991,0.8900657524039328,-1.3853026354940987,-1.5063720252568802,1.9508642488155477,0.0,0.0,0.0,0.0,0.0,0.0,1.7695566142836938,0.24339841436500986,-2.329816140589685,-1.004101392145385,3.540695881423035,0.5643377819968957,7.0,1.0,48.01499938964844,48.24300003051758,48.04600143432617,0.07,32.23,27.91,0.409,-0.277,1.302,0,1,0
1778204806.6960142,1337.5359999999998,1.7695993185043335,0.2434396743774414,-2.329773728047506,-1.0041049162494105,3.54074764251709,0.5643907189369202,0.0,0.0,-0.0,0.0,0.0,0.0,-0.1327514797449112,3.968811511993408,-1.513222098350525,0.2041168361902237,-0.0381317175924778,-0.1996307522058487,0.1422639999820933,-0.3469287931778342,0.8900836924240904,-1.3853178374819934,-1.5063719757160638,1.9508886088745836,0.0,0.0,0.0,0.0,0.0,0.0,1.7695566142836938,0.24339841436500986,-2.329816140589685,-1.004101392145385,3.540695881423035,0.5643377819968957,7.0,1.0,48.01499938964844,48.24300003051758,48.04600143432617,0.07,32.23,27.91,0.409,-0.277,1.302,0,1,0
1778204806.6988997,1337.5359999999998,1.7695993185043335,0.2434396743774414,-2.329773728047506,-1.0041049162494105,3.54074764251709,0.5643907189369202,0.0,0.0,-0.0,0.0,0.0,0.0,-0.1327514797449112,3.968811511993408,-1.513222098350525,0.2041168361902237,-0.0381317175924778,-0.1996307522058487,0.1422639999820933,-0.3469287931778342,0.8900836924240904,-1.3853178374819934,-1.5063719757160638,1.9508886088745836,0.0,0.0,0.0,0.0,0.0,0.0,1.7695566142836938,0.24339841436500986,-2.329816140589685,-1.004101392145385,3.540695881423035,0.5643377819968957,7.0,1.0,48.01499938964844,48.24300003051758,48.04600143432617,0.03,32.21,27.97,0.409,-0.275,1.303,0,0,1
1778204806.712156,1337.5439999999999,1.769647240638733,0.24347567558288574,-2.3298216501819056,-1.004068676625387,3.5407235622406006,0.5643787384033203,0.0,0.0,-0.0,0.0,0.0,0.0,-0.1419067531824112,4.000854969024658,-1.5289148092269897,0.2086029201745987,-0.0336456336081028,-0.2130890041589737,0.14228125589886878,-0.3469217817179885,0.8900575646137066,-1.3852770806691879,-1.5064156220290255,1.9508741157558556,0.0,0.0,0.0,0.0,0.0,0.0,1.7695566142836938,0.24339841436500986,-2.329816140589685,-1.004101392145385,3.540695881423035,0.5643377819968957,7.0,1.0,48.0,48.24300003051758,48.04600143432617,0.03,32.21,27.97,0.409,-0.275,1.303,0,1,0
1778204806.7145817,1337.552,1.7695993185043335,0.24347567558288574,-2.3297856489764612,-1.004068676625387,3.5407235622406006,0.5644266605377197,0.0,0.0,-0.0,0.0,0.0,0.0,-0.0549316480755806,3.977966785430908,-1.515463948249817,0.1996307522058487,-0.0381317175924778,-0.2198181450366974,0.1422629606108389,-0.34694888883235686,0.8900662146006919,-1.38532632175998,-1.506373482116014,1.9508412708331504,0.0,0.0,0.0,0.0,0.0,0.0,1.7695566142836938,0.24339841436500986,-2.329816140589685,-1.004101392145385,3.540695881423035,0.5643377819968957,7.0,1.0,48.0,48.24300003051758,48.04600143432617,0.03,32.21,27.97,0.409,-0.275,1.303,0,1,0
1778204806.7196841,1337.56,1.7695993185043335,0.2434396743774414,-2.3297975699054163,-1.0040929953204554,3.5407235622406006,0.56440269947052,0.0,0.0,-0.0,0.0,0.0,0.0,-0.0503540076315403,3.987122058868408,-1.513222098350525,0.2018737941980362,-0.0426178015768528,-0.1951446682214737,0.1422574404693913,-0.3469074383781591,0.8900778734195798,-1.3853480134681062,-1.5063348081855554,1.9508930319214537,0.0,0.0,0.0,0.0,0.0,0.0,1.7695566142836938,0.24339841436500986,-2.329816140589685,-1.004101392145385,3.540695881423035,0.5643377819968957,7.0,1.0,48.0,48.24300003051758,48.04600143432617,0.03,32.21,27.97,0.409,-0.275,1.303,0,1,0
1778204806.7250912,1337.568,1.7695993185043335,0.2434396743774414,-2.3297856489764612,-1.0040810743915003,3.5407354831695557,0.5643907189369202,0.0,0.0,-0.0,0.0,0.0,0.0,-0.2059936672449112,3.977966785430908,-1.513222098350525,0.2018737941980362,-0.0314025916159153,-0.2063598781824112,0.14226321869693218,-0.34692681097023087,0.8900797267914277,-1.3853154443419642,-1.5063676872526575,1.9508709033598055,0.0,0.0,0.0,0.0,0.0,0.0,1.7695566142836938,0.24339841436500986,-2.329816140589685,-1.004101392145385,3.540695881423035,0.5643377819968957,7.0,1.0,48.0,48.24300003051758,48.04600143432617,0.03,32.21,27.97,0.409,-0.275,1.303,0,1,0
1778204806.732159,1337.576,1.7696353197097778,0.2434636354446411,-2.3297856489764612,-1.0040810743915003,3.54074764251709,0.5643667578697205,0.0,0.0,-0.0,0.0,0.0,0.0,-0.1190185695886612,3.987122058868408,-1.5266729593276978,0.1996307522058487,-0.0471038855612278,-0.1906585842370987,0.14228400810135136,-0.3469464869901612,0.8900705936192612,-1.3852529535001068,-1.5064409340210834,1.9508629766114671,0.0,0.0,0.0,0.0,0.0,0.0,1.7695566142836938,0.24339841436500986,-2.329816140589685,-1.004101392145385,3.540695881423035,0.5643377819968957,7.0,1.0,48.0,48.24300003051758,48.04600143432617,0.03,32.21,27.97,0.409,-0.275,1.303,0,1,0
1778204806.7385755,1337.5839999999998,1.7696353197097778,0.24342775344848633,-2.3298216501819056,-1.0041287581073206,3.5406997203826904,0.5643547773361206,0.0,0.0,-0.0,0.0,0.0,0.0,-0.1281738430261612,3.977966785430908,-1.5244312286376953,0.2018737941980362,-0.0336456336081028,-0.1906585842370987,0.1422677258450026,-0.346867354704445,0.8900784032674633,-1.3853378373001377,-1.5063174104771646,1.9509379833519591,0.0,0.0,0.0,0.0,0.0,0.0,1.7695566142836938,0.24339841436500986,-2.329816140589685,-1.004101392145385,3.540695881423035,0.5643377819968957,7.0,1.0,48.0,48.24300003051758,48.04600143432617,0.03,32.21,27.97,0.409,-0.275,1.303,0,1,0
1778204806.741027,1337.5919999999999,1.7696353197097778,0.24345171451568604,-2.3297856489764612,-1.0041049162494105,3.5407235622406006,0.5643547773361206,0.0,0.0,-0.0,0.0,0.0,0.0,-0.0732421949505806,3.959656238555908,-1.513222098350525,0.1996307522058487,-0.0336456336081028,-0.1861725002527237,0.142281009697057,-0.3469289367692659,0.8900762914620748,-1.3852740668972376,-1.5063976499114573,1.9508749283466238,0.0,0.0,0.0,0.0,0.0,0.0,1.7695566142836938,0.24339841436500986,-2.329816140589685,-1.004101392145385,3.540695881423035,0.5643377819968957,7.0,1.0,48.0,48.2130012512207,48.04600143432617,0.03,32.21,27.97,0.409,-0.275,1.303,0,1,0
1778204806.743325,1337.6,1.7695993185043335,0.24340379238128662,-2.3297856489764612,-1.0041168371783655,3.54074764251709,0.5643667578697205,0.0,0.0,-0.0,0.0,0.0,0.0,-0.0778198316693306,3.982544422149658,-1.5244312286376953,0.2018737941980362,-0.0403747595846653,-0.2243042290210724,0.1422595303877064,-0.34689244264117297,0.8900946176879497,-1.385331514160566,-1.5063416823548759,1.950928963373795,0.0,0.0,0.0,0.0,0.0,0.0,1.7695566142836938,0.24339841436500986,-2.329816140589685,-1.004101392145385,3.540695881423035,0.5643377819968957,7.0,1.0,48.0,48.2130012512207,48.04600143432617,0.03,32.21,27.97,0.409,-0.275,1.303,0,1,0
1778204806.754928,1337.608,1.7696112394332886,0.2434396743774414,-2.3298097292529505,-1.0040572325335901,3.5406997203826904,0.56440269947052,0.0,0.0,-0.0,0.0,0.0,0.0,-0.1281738430261612,3.991699695587158,-1.5333983898162842,0.2063598781824112,-0.0358886756002903,-0.2220611870288849,0.14226113939308097,-0.3469074156057153,0.8900732448404391,-1.3853373552303836,-1.5063382539710353,1.950865169188282,0.0,0.0,0.0,0.0,0.0,0.0,1.7695566142836938,0.24339841436500986,-2.329816140589685,-1.004101392145385,3.540695881423035,0.5643377819968957,7.0,1.0,48.0,48.2130012512207,48.04600143432617,0.03,32.21,27.97,0.409,-0.275,1.303,0,1,0
1778204806.7635155,1337.616,1.7695872783660889,0.2434636354446411,-2.3298335711108606,-1.0041049162494105,3.5407235622406006,0.5643907189369202,0.0,0.0,-0.0,0.0,0.0,0.0,-0.0732421949505806,3.955078601837158,-1.5266729593276978,0.2063598781824112,-0.0358886756002903,-0.1951446682214737,0.14225145567064001,-0.34689308469440144,0.8900614415100525,-1.385357125307214,-1.5063117368681525,1.9509005604547247,0.0,0.0,0.0,0.0,0.0,0.0,1.7695566142836938,0.24339841436500986,-2.329816140589685,-1.004101392145385,3.540695881423035,0.5643377819968957,7.0,1.0,48.0,48.2130012512207,48.04600143432617,0.03,32.21,27.97,0.409,-0.275,1.303,0,1,0
1778204806.7710278,1337.624,1.769647240638733,0.24345171451568604,-2.3297975699054163,-1.0041049162494105,3.54074764251709,0.5644146800041199,0.0,0.0,-0.0,0.0,0.0,0.0,-0.0869751051068306,3.991699695587158,-1.5199475288391113,0.2041168361902237,-0.0291595496237278,-0.1816864162683487,0.14227410185585124,-0.34690380395392933,0.8900741188903896,-1.3853262039808136,-1.506401089706054,1.950941998853857,0.0,0.0,0.0,0.0,0.0,0.0,1.7695566142836938,0.24339841436500986,-2.329816140589685,-1.004101392145385,3.540695881423035,0.5643377819968957,7.0,1.0,48.01499938964844,48.2130012512207,48.04600143432617,0.03,32.21,27.97,0.409,-0.275,1.303,0,1,0
1778204806.7755148,1337.6319999999998,1.7695993185043335,0.24345171451568604,-2.3298216501819056,-1.0041049162494105,3.54074764251709,0.5643787384033203,0.0,0.0,-0.0,0.0,0.0,0.0,-0.0869751051068306,3.968811511993408,-1.5311566591262817,0.2063598781824112,-0.0403747595846653,-0.2041168361902237,0.14225925349062898,-0.3468980091799564,0.8900682916579928,-1.3853285731820457,-1.5063526459384096,1.9509142032325102,0.0,0.0,0.0,0.0,0.0,0.0,1.7695566142836938,0.24339841436500986,-2.329816140589685,-1.004101392145385,3.540695881423035,0.5643377819968957,7.0,1.0,48.01499938964844,48.2130012512207,48.04600143432617,0.03,32.21,27.97,0.409,-0.275,1.303,0,1,0
1778204806.7779703,1337.6399999999999,1.7696353197097778,0.2434396743774414,-2.3298097292529505,-1.0040448347674769,3.5407116413116455,0.5643547773361206,0.0,0.0,-0.0,0.0,0.0,0.0,-0.0503540076315403,4.000854969024658,-1.513222098350525,0.1996307522058487,-0.0358886756002903,-0.2018737941980362,0.1422792667947457,-0.3469217852222348,0.8900719943953872,-1.3852637595535824,-1.5064016130042965,1.950846443202552,0.0,0.0,0.0,0.0,0.0,0.0,1.7695566142836938,0.24339841436500986,-2.329816140589685,-1.004101392145385,3.540695881423035,0.5643377819968957,7.0,1.0,48.01499938964844,48.2130012512207,48.04600143432617,0.03,32.21,27.97,0.409,-0.275,1.303,0,1,0
1778204806.7886994,1337.648,1.7695872783660889,0.2434396743774414,-2.3297856489764612,-1.0040810743915003,3.5407235622406006,0.56440269947052,0.0,0.0,-0.0,0.0,0.0,0.0,-0.1007080152630806,3.964233875274658,-1.5109803676605225,0.2018737941980362,-0.0403747595846653,-0.2041168361902237,0.14225639307617488,-0.3469246000220727,0.8900799078406754,-1.3853386911601377,-1.5063390458445425,1.9508641480481173,0.0,0.0,0.0,0.0,0.0,0.0,1.7695566142836938,0.24339841436500986,-2.329816140589685,-1.004101392145385,3.540695881423035,0.5643377819968957,7.0,1.0,48.01499938964844,48.2130012512207,48.04600143432617,0.03,32.21,27.97,0.409,-0.275,1.303,0,1,0
1778204806.7982926,1337.656,1.7696112394332886,0.2434636354446411,-2.3297856489764612,-1.0041049162494105,3.5407354831695557,0.5644506216049194,0.0,0.0,-0.0,0.0,0.0,0.0,-0.0778198316693306,3.982544422149658,-1.5244312286376953,0.2041168361902237,-0.0493469275534153,-0.1682281643152237,0.14225882172099424,-0.3469186121440347,0.8900728607832717,-1.38537048234769,-1.50635502988987,1.950913325150418,0.0,0.0,0.0,0.0,0.0,0.0,1.7695566142836938,0.24339841436500986,-2.329816140589685,-1.004101392145385,3.540695881423035,0.5643377819968957,7.0,1.0,48.01499938964844,48.2130012512207,48.04600143432617,0.03,32.21,27.97,0.409,-0.275,1.303,0,1,0
1778204806.8064134,1337.664,1.7695993185043335,0.2434396743774414,-2.329761568699972,-1.0040810743915003,3.5407235622406006,0.5643427968025208,0.0,0.0,-0.0,0.0,0.0,0.0,-0.0640869215130806,3.968811511993408,-1.5266729593276978,0.2086029201745987,-0.0515899695456028,-0.1996307522058487,0.14227503999465482,-0.346959127180927,0.8900847200411584,-1.3852565988971213,-1.5063914408874959,1.9508137765232907,0.0,0.0,0.0,0.0,0.0,0.0,1.7695566142836938,0.24339841436500986,-2.329816140589685,-1.004101392145385,3.540695881423035,0.5643377819968957,7.0,1.0,48.01499938964844,48.22800064086914,48.04600143432617,0.03,32.21,27.97,0.409,-0.275,1.303,0,1,0
1778204806.8123255,1337.672,1.7695872783660889,0.2434396743774414,-2.3297975699054163,-1.0040572325335901,3.5407116413116455,0.5643787384033203,0.0,0.0,-0.0,0.0,0.0,0.0,-0.0869751051068306,3.982544422149658,-1.515463948249817,0.1996307522058487,-0.0381317175924778,-0.2287903130054474,0.14225968555599539,-0.3469285441953705,0.8900756874746243,-1.3853118610551411,-1.5063447583542446,1.9508323582002431,0.0,0.0,0.0,0.0,0.0,0.0,1.7695566142836938,0.24339841436500986,-2.329816140589685,-1.004101392145385,3.540695881423035,0.5643377819968957,7.0,1.0,48.01499938964844,48.22800064086914,48.04600143432617,0.03,32.21,27.97,0.409,-0.275,1.303,0,1,0
1778204806.8236163,1337.6799999999998,1.7695993185043335,0.2434157133102417,-2.3297856489764612,-1.0040572325335901,3.5407354831695557,0.5643547773361206,0.0,0.0,-0.0,0.0,0.0,0.0,-0.1007080152630806,3.968811511993408,-1.5333983898162842,0.2018737941980362,-0.0403747595846653,-0.1839294582605362,0.14226768970932394,-0.3469274069111082,0.8900868453861475,-1.3852788894108714,-1.5063822408666825,1.950849773699023,0.0,0.0,0.0,0.0,0.0,0.0,1.7695566142836938,0.24339841436500986,-2.329816140589685,-1.004101392145385,3.540695881423035,0.5643377819968957,7.0,1.0,48.01499938964844,48.22800064086914,48.04600143432617,0.03,32.21,27.97,0.409,-0.275,1.303,0,1,0
1778204806.83348,1337.6879999999999,1.769647240638733,0.243391752243042,-2.329773728047506,-1.0040929953204554,3.5407235622406006,0.5644146800041199,0.0,0.0,-0.0,0.0,0.0,0.0,-0.0915527418255806,3.991699695587158,-1.5109803676605225,0.2063598781824112,-0.0448608435690403,-0.1951446682214737,0.14226909269797458,-0.34688312342053723,0.8901010398610469,-1.3853518862330365,-1.5063607437269388,1.950950677554148,0.0,0.0,0.0,0.0,0.0,0.0,1.7695566142836938,0.24339841436500986,-2.329816140589685,-1.004101392145385,3.540695881423035,0.5643377819968957,7.0,1.0,48.01499938964844,48.22800064086914,48.04600143432617,0.03,32.21,27.97,0.409,-0.275,1.303,0,1,0
1778204806.8411002,1337.696,1.7696353197097778,0.24342775344848633,-2.3297856489764612,-1.0040929953204554,3.5407116413116455,0.5643907189369202,0.0,0.0,-0.0,0.0,0.0,0.0,-0.0915527418255806,3.959656238555908,-1.5177057981491089,0.2063598781824112,-0.0493469275534153,-0.2332763969898224,0.14227168468175466,-0.34690602342022636,0.8900848874653696,-1.3853233172738364,-1.5063629522980175,1.95090059831895,0.0,0.0,0.0,0.0,0.0,0.0,1.7695566142836938,0.24339841436500986,-2.329816140589685,-1.004101392145385,3.540695881423035,0.5643377819968957,7.0,1.0,48.01499938964844,48.22800064086914,48.04600143432617,0.03,32.21,27.97,0.409,-0.275,1.303,0,1,0
1778204806.8458304,1337.704,1.7695872783660889,0.24345171451568604,-2.3298216501819056,-1.0040929953204554,3.5407354831695557,0.5643907189369202,0.0,0.0,-0.0,0.0,0.0,0.0,-0.0869751051068306,3.982544422149658,-1.5087385177612305,0.2063598781824112,-0.0471038855612278,-0.2175751030445099,0.14225340858386437,-0.34690059764991227,0.8900678115238927,-1.3853442907766496,-1.5063317483198173,1.9508964497426908,0.0,0.0,0.0,0.0,0.0,0.0,1.7695566142836938,0.24339841436500986,-2.329816140589685,-1.004101392145385,3.540695881423035,0.5643377819968957,7.0,1.0,48.01499938964844,48.22800064086914,48.04600143432617,0.03,32.21,27.97,0.409,-0.275,1.303,0,1,0
1778204806.8498523,1337.704,1.7695872783660889,0.24345171451568604,-2.3298216501819056,-1.0040929953204554,3.5407354831695557,0.5643907189369202,0.0,0.0,-0.0,0.0,0.0,0.0,-0.0869751051068306,3.982544422149658,-1.5087385177612305,0.2063598781824112,-0.0471038855612278,-0.2175751030445099,0.14225340858386437,-0.34690059764991227,0.8900678115238927,-1.3853442907766496,-1.5063317483198173,1.9508964497426908,0.0,0.0,0.0,0.0,0.0,0.0,1.7695566142836938,0.24339841436500986,-2.329816140589685,-1.004101392145385,3.540695881423035,0.5643377819968957,7.0,1.0,48.01499938964844,48.22800064086914,48.04600143432617,0.05,32.17,28.0,0.406,-0.273,1.301,0,0,1
1778204806.8520846,1337.712,1.7696353197097778,0.24340379238128662,-2.3298216501819056,-1.0041049162494105,3.5407354831695557,0.5643907189369202,0.0,0.0,-0.0,0.0,0.0,0.0,-0.1190185695886612,3.977966785430908,-1.5289148092269897,0.1996307522058487,-0.0381317175924778,-0.2332763969898224,0.14226186570460558,-0.346853141206221,0.8900861186920582,-1.3853587685043989,-1.506338638442414,1.950979671901585,0.0,0.0,0.0,0.0,0.0,0.0,1.7695566142836938,0.24339841436500986,-2.329816140589685,-1.004101392145385,3.540695881423035,0.5643377819968957,7.0,1.0,48.01499938964844,48.22800064086914,48.04600143432617,0.05,32.17,28.0,0.406,-0.273,1.301,0,1,0
1778204806.8641326,1337.72,1.7696353197097778,0.24345171451568604,-2.3298097292529505,-1.0040929953204554,3.540771245956421,0.5643547773361206,0.0,0.0,-0.0,0.0,0.0,0.0,-0.1327514797449112,3.968811511993408,-1.5289148092269897,0.2018737941980362,-0.0448608435690403,-0.2153320610523224,0.1422801578687076,-0.3469161637984899,0.8900699651700943,-1.3852610978688364,-1.506437358288923,1.9509129142546893,0.0,0.0,0.0,0.0,0.0,0.0,1.7695566142836938,0.24339841436500986,-2.329816140589685,-1.004101392145385,3.540695881423035,0.5643377819968957,7.0,1.0,48.01499938964844,48.22800064086914,48.04600143432617,0.05,32.17,28.0,0.406,-0.273,1.301,0,1,0
1778204806.8725975,1337.7279999999998,1.7695633172988892,0.24340379238128662,-2.329773728047506,-1.0040572325335901,3.5406875610351562,0.5643667578697205,0.0,0.0,-0.0,0.0,0.0,0.0,-0.0869751051068306,3.973389148712158,-1.4975295066833496,0.2018737941980362,-0.0426178015768528,-0.2018737941980362,0.14225102732954256,-0.34692739789379795,0.8900942770390944,-1.385329481350832,-1.5062940123270143,1.9508085368123589,0.0,0.0,0.0,0.0,0.0,0.0,1.7695566142836938,0.24339841436500986,-2.329816140589685,-1.004101392145385,3.540695881423035,0.5643377819968957,7.0,1.0,48.01499938964844,48.22800064086914,48.04600143432617,0.05,32.17,28.0,0.406,-0.273,1.301,0,1,0
1778204806.8809037,1337.7359999999999,1.7696112394332886,0.24347567558288574,-2.329773728047506,-1.0040572325335901,3.5407354831695557,0.5644146800041199,0.0,0.0,-0.0,0.0,0.0,0.0,-0.0961303785443306,3.973389148712158,-1.504254937171936,0.2041168361902237,-0.0314025916159153,-0.2108459621667862,0.14227283523844866,-0.3469663727838756,0.8900680934065908,-1.3852882068529184,-1.5064176992156602,1.9508266499952855,0.0,0.0,0.0,0.0,0.0,0.0,1.7695566142836938,0.24339841436500986,-2.329816140589685,-1.004101392145385,3.540695881423035,0.5643377819968957,7.0,1.0,48.01499938964844,48.25899887084961,48.04600143432617,0.05,32.17,28.0,0.406,-0.273,1.301,0,1,0
1778204806.8832312,1337.744,1.7695993185043335,0.24342775344848633,-2.3297975699054163,-1.0041049162494105,3.540771245956421,0.5643907189369202,0.0,0.0,-0.0,0.0,0.0,0.0,-0.0778198316693306,3.982544422149658,-1.5244312286376953,0.2018737941980362,-0.0358886756002903,-0.2086029201745987,0.14225915540433579,-0.3469005478623387,0.8900825814881472,-1.3853303633373397,-1.5063716623891001,1.9509345749602423,0.0,0.0,0.0,0.0,0.0,0.0,1.7695566142836938,0.24339841436500986,-2.329816140589685,-1.004101392145385,3.540695881423035,0.5643377819968957,7.0,1.0,48.01499938964844,48.25899887084961,48.07600021362305,0.05,32.17,28.0,0.406,-0.273,1.301,0,1,0
1778204806.8850467,1337.752,1.769647240638733,0.24342775344848633,-2.3297975699054163,-1.0041287581073206,3.5407116413116455,0.5643787384033203,0.0,0.0,-0.0,0.0,0.0,0.0,-0.0869751051068306,3.982544422149658,-1.5401238203048706,0.2018737941980362,-0.0448608435690403,-0.1682281643152237,0.14227273439586324,-0.3468821945423256,0.8900840502217497,-1.385335798739809,-1.5063475123154046,1.9509440282434691,0.0,0.0,0.0,0.0,0.0,0.0,1.7695566142836938,0.24339841436500986,-2.329816140589685,-1.004101392145385,3.540695881423035,0.5643377819968957,7.0,1.0,48.01499938964844,48.25899887084961,48.07600021362305,0.05,32.17,28.0,0.406,-0.273,1.301,0,1,0
1778204806.8967826,1337.76,1.7695753574371338,0.2434396743774414,-2.3297975699054163,-1.0041049162494105,3.54074764251709,0.5643427968025208,0.0,0.0,-0.0,0.0,0.0,0.0,-0.0915527418255806,3.964233875274658,-1.5378820896148682,0.2018737941980362,-0.0358886756002903,-0.2041168361902237,0.1422595370742504,-0.34692275543851364,0.8900777923776171,-1.3852961279235094,-1.506352006707738,1.9508677041516729,0.0,0.0,0.0,0.0,0.0,0.0,1.7695566142836938,0.24339841436500986,-2.329816140589685,-1.004101392145385,3.540695881423035,0.5643377819968957,7.0,1.0,48.01499938964844,48.25899887084961,48.07600021362305,0.05,32.17,28.0,0.406,-0.273,1.301,0,1,0
1778204806.9061973,1337.768,1.7696353197097778,0.24340379238128662,-2.3297856489764612,-1.0041049162494105,3.54074764251709,0.5643907189369202,0.0,0.0,-0.0,0.0,0.0,0.0,-0.1144409328699112,3.977966785430908,-1.5244312286376953,0.2063598781824112,-0.0403747595846653,-0.2086029201745987,0.14226895006718643,-0.3468862330274303,0.8900942088181277,-1.3853305454769411,-1.5063751128055867,1.9509536818850957,0.0,0.0,0.0,0.0,0.0,0.0,1.7695566142836938,0.24339841436500986,-2.329816140589685,-1.004101392145385,3.540695881423035,0.5643377819968957,7.0,1.0,48.01499938964844,48.25899887084961,48.07600021362305,0.05,32.17,28.0,0.406,-0.273,1.301,0,1,0
1778204806.9144282,1337.7759999999998,1.7695872783660889,0.24342775344848633,-2.3297856489764612,-1.004068676625387,3.54074764251709,0.5643907189369202,0.0,0.0,-0.0,0.0,0.0,0.0,-0.0915527418255806,3.982544422149658,-1.5221893787384033,0.2041168361902237,-0.0291595496237278,-0.2220611870288849,0.14225890997496585,-0.34692561866899563,0.8900833725057751,-1.385315709266722,-1.5063684539745748,1.9508702231520427,0.0,0.0,0.0,0.0,0.0,0.0,1.7695566142836938,0.24339841436500986,-2.329816140589685,-1.004101392145385,3.540695881423035,0.5643377819968957,7.0,1.0,48.01499938964844,48.25899887084961,48.07600021362305,0.05,32.17,28.0,0.406,-0.273,1.301,0,1,0
1778204806.916607,1337.7839999999999,1.7696112394332886,0.2434396743774414,-2.3297856489764612,-1.004068676625387,3.54074764251709,0.5643787384033203,0.0,0.0,-0.0,0.0,0.0,0.0,-0.0869751051068306,3.996277332305908,-1.5064966678619385,0.2063598781824112,-0.0426178015768528,-0.1973877102136612,0.14227104811036395,-0.346934069628421,0.8900788557306216,-1.3852842137026198,-1.5064047538563314,1.9508664241771652,0.0,0.0,0.0,0.0,0.0,0.0,1.7695566142836938,0.24339841436500986,-2.329816140589685,-1.004101392145385,3.540695881423035,0.5643377819968957,7.0,1.0,48.0,48.25899887084961,48.07600021362305,0.05,32.17,28.0,0.406,-0.273,1.301,0,1,0
1778204806.927702,1337.792,1.7696112394332886,0.2434396743774414,-2.3297975699054163,-1.0041049162494105,3.5406997203826904,0.5643547773361206,0.0,0.0,-0.0,0.0,0.0,0.0,-0.1281738430261612,3.996277332305908,-1.515463948249817,0.2018737941980362,-0.0314025916159153,-0.2243042290210724,0.14226747009606605,-0.3469107969309356,0.8900781373365125,-1.3853114710764591,-1.5063340336631426,1.95086909105236,0.0,0.0,0.0,0.0,0.0,0.0,1.7695566142836938,0.24339841436500986,-2.329816140589685,-1.004101392145385,3.540695881423035,0.5643377819968957,7.0,1.0,48.0,48.25899887084961,48.07600021362305,0.05,32.17,28.0,0.406,-0.273,1.301,0,1,0
1778204806.9386373,1337.8,1.7695993185043335,0.24347567558288574,-2.3298097292529505,-1.0040810743915003,3.5406875610351562,0.56440269947052,0.0,0.0,-0.0,0.0,0.0,0.0,-0.0732421949505806,3.973389148712158,-1.5199475288391113,0.2041168361902237,-0.0403747595846653,-0.2041168361902237,0.14225980740392932,-0.3469253809241145,0.8900613675121953,-1.3853408907046945,-1.5063225243489118,1.9508400251993143,0.0,0.0,0.0,0.0,0.0,0.0,1.7695566142836938,0.24339841436500986,-2.329816140589685,-1.004101392145385,3.540695881423035,0.5643377819968957,7.0,1.0,48.0,48.25899887084961,48.07600021362305,0.05,32.17,28.0,0.406,-0.273,1.301,0,1,0
1778204806.9472358,1337.808,1.7695993185043335,0.24342775344848633,-2.3297856489764612,-1.004068676625387,3.5407354831695557,0.5643667578697205,0.0,0.0,-0.0,0.0,0.0,0.0,-0.0595092847943306,3.973389148712158,-1.5289148092269897,0.2086029201745987,-0.0403747595846653,-0.1996307522058487,0.14226651827721962,-0.3469288229577932,0.8900831743004669,-1.3852907403187948,-1.5063777635857571,1.9508562947703065,0.0,0.0,0.0,0.0,0.0,0.0,1.7695566142836938,0.24339841436500986,-2.329816140589685,-1.004101392145385,3.540695881423035,0.5643377819968957,7.0,1.0,48.0,48.22800064086914,48.07600021362305,0.05,32.17,28.0,0.406,-0.273,1.301,0,1,0
1778204806.9493902,1337.816,1.769647240638733,0.2434157133102417,-2.3297975699054163,-1.0040929953204554,3.540675640106201,0.5643308162689209,0.0,0.0,-0.0,0.0,0.0,0.0,-0.1190185695886612,3.964233875274658,-1.5266729593276978,0.2063598781824112,-0.0403747595846653,-0.2086029201745987,0.14228015756442844,-0.3468965389923005,0.8900861544836721,-1.3852874927917174,-1.5063467196057954,1.950873722416803,0.0,0.0,0.0,0.0,0.0,0.0,1.7695566142836938,0.24339841436500986,-2.329816140589685,-1.004101392145385,3.540695881423035,0.5643377819968957,7.0,1.0,48.0,48.22800064086914,48.06100082397461,0.05,32.17,28.0,0.406,-0.273,1.301,0,1,0
1778204806.9602015,1337.8239999999998,1.7696353197097778,0.24342775344848633,-2.3298097292529505,-1.004068676625387,3.54074764251709,0.5643907189369202,0.0,0.0,-0.0,0.0,0.0,0.0,-0.0961303785443306,3.991699695587158,-1.502013087272644,0.2086029201745987,-0.0291595496237278,-0.1861725002527237,0.1422712595945108,-0.3468973115634402,0.8900779252605628,-1.3853074784976358,-1.5063992174093388,1.9509207004881206,0.0,0.0,0.0,0.0,0.0,0.0,1.7695566142836938,0.24339841436500986,-2.329816140589685,-1.004101392145385,3.540695881423035,0.5643377819968957,7.0,1.0,48.0,48.22800064086914,48.06100082397461,0.05,32.17,28.0,0.406,-0.273,1.301,0,1,0
1778204806.9692585,1337.8319999999999,1.7696353197097778,0.24348759651184082,-2.329773728047506,-1.0040572325335901,3.54074764251709,0.5643787384033203,0.0,0.0,-0.0,0.0,0.0,0.0,-0.1419067531824112,3.991699695587158,-1.5378820896148682,0.2086029201745987,-0.0336456336081028,-0.1906585842370987,0.1422897079846506,-0.34698170253373456,0.8900632663960841,-1.3852270432897782,-1.5064761006989924,1.950815556705993,0.0,0.0,0.0,0.0,0.0,0.0,1.7695566142836938,0.24339841436500986,-2.329816140589685,-1.004101392145385,3.540695881423035,0.5643377819968957,7.0,1.0,48.0,48.22800064086914,48.06100082397461,0.05,32.17,28.0,0.406,-0.273,1.301,0,1,0
1778204806.9774532,1337.84,1.7696353197097778,0.2434396743774414,-2.3297975699054163,-1.0040810743915003,3.5407116413116455,0.56440269947052,0.0,0.0,-0.0,0.0,0.0,0.0,-0.1190185695886612,3.968811511993408,-1.5064966678619385,0.2063598781824112,-0.0336456336081028,-0.1973877102136612,0.14227030463198334,-0.34690616515378225,0.8900772655543707,-1.3853278814918593,-1.5063660128965433,1.9508968119895067,0.0,0.0,0.0,0.0,0.0,0.0,1.7695566142836938,0.24339841436500986,-2.329816140589685,-1.004101392145385,3.540695881423035,0.5643377819968957,7.0,1.0,48.0,48.22800064086914,48.06100082397461,0.05,32.17,28.0,0.406,-0.273,1.301,0,1,0
1778204806.9800146,1337.848,1.7695872783660889,0.2434157133102417,-2.3297856489764612,-1.0041287581073206,3.54074764251709,0.56440269947052,0.0,0.0,-0.0,0.0,0.0,0.0,-0.1144409328699112,3.991699695587158,-1.5289148092269897,0.2018737941980362,-0.0291595496237278,-0.2130890041589737,0.14225006307639687,-0.34688938285095955,0.8900912698071239,-1.385373988704526,-1.506315269289742,1.950943101982266,0.0,0.0,0.0,0.0,0.0,0.0,1.7695566142836938,0.24339841436500986,-2.329816140589685,-1.004101392145385,3.540695881423035,0.5643377819968957,7.0,1.0,48.0,48.22800064086914,48.06100082397461,0.05,32.17,28.0,0.406,-0.273,1.301,0,1,0
1778204806.9911082,1337.856,1.7695993185043335,0.2434157133102417,-2.3298335711108606,-1.004068676625387,3.54074764251709,0.5644146800041199,0.0,0.0,-0.0,0.0,0.0,0.0,-0.1510620266199112,3.968811511993408,-1.5064966678619385,0.2086029201745987,-0.0493469275534153,-0.2063598781824112,0.1422486232669454,-0.34686627126236796,0.890077217685019,-1.3853723226926986,-1.5063301226308756,1.950946324916031,0.0,0.0,0.0,0.0,0.0,0.0,1.7695566142836938,0.24339841436500986,-2.329816140589685,-1.004101392145385,3.540695881423035,0.5643377819968957,7.0,1.0,48.0,48.22800064086914,48.06100082397461,0.05,32.17,28.0,0.406,-0.273,1.301,0,1,0
1778204807.0006907,1337.856,1.7695993185043335,0.2434157133102417,-2.3298335711108606,-1.004068676625387,3.54074764251709,0.5644146800041199,0.0,0.0,-0.0,0.0,0.0,0.0,-0.1510620266199112,3.968811511993408,-1.5064966678619385,0.2086029201745987,-0.0493469275534153,-0.2063598781824112,0.1422486232669454,-0.34686627126236796,0.890077217685019,-1.3853723226926986,-1.5063301226308756,1.950946324916031,0.0,0.0,0.0,0.0,0.0,0.0,1.7695566142836938,0.24339841436500986,-2.329816140589685,-1.004101392145385,3.540695881423035,0.5643377819968957,7.0,1.0,48.0,48.22800064086914,48.06100082397461,0.05,32.16,28.1,0.406,-0.273,1.302,0,0,1
1778204807.0033398,1337.864,1.7695993185043335,0.24342775344848633,-2.329773728047506,-1.0040929953204554,3.5407354831695557,0.5643547773361206,0.0,0.0,-0.0,0.0,0.0,0.0,-0.1281738430261612,3.987122058868408,-1.5311566591262817,0.2086029201745987,-0.0381317175924778,-0.2175751030445099,0.14226866035558713,-0.3469325760861352,0.8900870951377324,-1.3852865463227644,-1.5063743873524278,1.9508604709879374,0.0,0.0,0.0,0.0,0.0,0.0,1.7695566142836938,0.24339841436500986,-2.329816140589685,-1.004101392145385,3.540695881423035,0.5643377819968957,7.0,1.0,48.01499938964844,48.22800064086914,48.06100082397461,0.05,32.16,28.1,0.406,-0.273,1.302,0,1,0
1778204807.0114934,1337.8719999999998,1.7695872783660889,0.24345171451568604,-2.329761568699972,-1.004068676625387,3.5407235622406006,0.5643667578697205,0.0,0.0,-0.0,0.0,0.0,0.0,-0.1144409328699112,3.968811511993408,-1.5333983898162842,0.2018737941980362,-0.0381317175924778,-0.1659851223230362,0.14226964603766762,-0.3469689402463523,0.8900798506698548,-1.3852712601121526,-1.5063862747412307,1.9507985353739679,0.0,0.0,0.0,0.0,0.0,0.0,1.7695566142836938,0.24339841436500986,-2.329816140589685,-1.004101392145385,3.540695881423035,0.5643377819968957,7.0,1.0,48.01499938964844,48.22800064086914,48.06100082397461,0.05,32.16,28.1,0.406,-0.273,1.302,0,1,0
1778204807.0138524,1337.8799999999999,1.7696353197097778,0.2434157133102417,-2.3297975699054163,-1.0041168371783655,3.54074764251709,0.5643547773361206,0.0,0.0,-0.0,0.0,0.0,0.0,-0.1007080152630806,3.964233875274658,-1.504254937171936,0.2086029201745987,-0.0381317175924778,-0.1816864162683487,0.1422737074978262,-0.34688855077107794,0.8900874046012934,-1.3853017083519237,-1.5063817283870287,1.9509431850819519,0.0,0.0,0.0,0.0,0.0,0.0,1.7695566142836938,0.24339841436500986,-2.329816140589685,-1.004101392145385,3.540695881423035,0.5643377819968957,7.0,1.0,48.01499938964844,48.2130012512207,48.06100082397461,0.05,32.16,28.1,0.406,-0.273,1.302,0,1,0
1778204807.0282383,1337.888,1.7695993185043335,0.24342775344848633,-2.329761568699972,-1.0040929953204554,3.5407590866088867,0.56440269947052,0.0,0.0,-0.0,0.0,0.0,0.0,-0.0732421949505806,3.964233875274658,-1.5064966678619385,0.2018737941980362,-0.0291595496237278,-0.1973877102136612,0.1422639401580017,-0.3469335263154443,0.8900902450744689,-1.3853172247636039,-1.5063867878196593,1.9508911205665314,0.0,0.0,0.0,0.0,0.0,0.0,1.7695566142836938,0.24339841436500986,-2.329816140589685,-1.004101392145385,3.540695881423035,0.5643377819968957,7.0,1.0,48.01499938964844,48.2130012512207,48.04600143432617,0.05,32.16,28.1,0.406,-0.273,1.302,0,1,0
1778204807.0372953,1337.896,1.769647240638733,0.24347567558288574,-2.3298216501819056,-1.0041168371783655,3.5407354831695557,0.5644266605377197,0.0,0.0,-0.0,0.0,0.0,0.0,-0.0961303785443306,3.977966785430908,-1.5221893787384033,0.2041168361902237,-0.0381317175924778,-0.2063598781824112,0.142269738135027,-0.34689147092810574,0.8900606923181338,-1.3853514165974297,-1.5063758353168777,1.9509531608387125,0.0,0.0,0.0,0.0,0.0,0.0,1.7695566142836938,0.24339841436500986,-2.329816140589685,-1.004101392145385,3.540695881423035,0.5643377819968957,7.0,1.0,48.01499938964844,48.2130012512207,48.04600143432617,0.05,32.16,28.1,0.406,-0.273,1.302,0,1,0
1778204807.046886,1337.904,1.7695872783660889,0.24342775344848633,-2.3297975699054163,-1.004068676625387,3.5407354831695557,0.5643667578697205,0.0,0.0,-0.0,0.0,0.0,0.0,-0.1144409328699112,3.982544422149658,-1.5244312286376953,0.1973877102136612,-0.0493469275534153,-0.1839294582605362,0.14226020457997185,-0.34691990582598214,0.8900804777758965,-1.385304248513168,-1.5063579601474846,1.950860025797394,0.0,0.0,0.0,0.0,0.0,0.0,1.7695566142836938,0.24339841436500986,-2.329816140589685,-1.004101392145385,3.540695881423035,0.5643377819968957,7.0,1.0,48.01499938964844,48.2130012512207,48.04600143432617,0.05,32.16,28.1,0.406,-0.273,1.302,0,1,0
1778204807.0604217,1337.912,1.7696353197097778,0.2434396743774414,-2.3298216501819056,-1.0040929953204554,3.5406997203826904,0.5643667578697205,0.0,0.0,-0.0,0.0,0.0,0.0,-0.0915527418255806,3.987122058868408,-1.513222098350525,0.2018737941980362,-0.0336456336081028,-0.1861725002527237,0.14227046904162188,-0.34688776390699694,0.8900721544543514,-1.38531953550638,-1.5063444668722112,1.9509015956039386,0.0,0.0,0.0,0.0,0.0,0.0,1.7695566142836938,0.24339841436500986,-2.329816140589685,-1.004101392145385,3.540695881423035,0.5643377819968957,7.0,1.0,48.01499938964844,48.2130012512207,48.04600143432617,0.05,32.16,28.1,0.406,-0.273,1.302,0,1,0
1778204807.0626922,1337.9199999999998,1.7695993185043335,0.24340379238128662,-2.3298216501819056,-1.0040810743915003,3.5407116413116455,0.5643787384033203,0.0,0.0,-0.0,0.0,0.0,0.0,-0.1373291164636612,3.964233875274658,-1.5289148092269897,0.2041168361902237,-0.0403747595846653,-0.1973877102136612,0.1422521591703075,-0.3468689130967411,0.8900847768312357,-1.3853593467068122,-1.506300306368047,1.9509160314456215,0.0,0.0,0.0,0.0,0.0,0.0,1.7695566142836938,0.24339841436500986,-2.329816140589685,-1.004101392145385,3.540695881423035,0.5643377819968957,7.0,1.0,48.01499938964844,48.2130012512207,48.04600143432617,0.05,32.16,28.1,0.406,-0.273,1.302,0,1,0
1778204807.0692747,1337.9279999999999,1.7695993185043335,0.2434396743774414,-2.3297975699054163,-1.0040810743915003,3.5407590866088867,0.5643667578697205,0.0,0.0,-0.0,0.0,0.0,0.0,-0.1281738430261612,3.982544422149658,-1.5221893787384033,0.2041168361902237,-0.0358886756002903,-0.2332763969898224,0.1422663670536395,-0.34692400888483826,0.890076669225849,-1.3852884707605633,-1.506393151387728,1.9508808660959107,0.0,0.0,0.0,0.0,0.0,0.0,1.7695566142836938,0.24339841436500986,-2.329816140589685,-1.004101392145385,3.540695881423035,0.5643377819968957,7.0,1.0,48.01499938964844,48.2130012512207,48.04600143432617,0.05,32.16,28.1,0.406,-0.273,1.302,0,1,0
1778204807.080922,1337.936,1.7695993185043335,0.2434157133102417,-2.3297975699054163,-1.0040810743915003,3.5407235622406006,0.5643907189369202,0.0,0.0,-0.0,0.0,0.0,0.0,-0.1052856519818306,3.982544422149658,-1.5221893787384033,0.2018737941980362,-0.0448608435690403,-0.1951446682214737,0.14225685706565872,-0.34689730878510816,0.8900859078237464,-1.385343425181452,-1.5063316179723796,1.9508969844605426,0.0,0.0,0.0,0.0,0.0,0.0,1.7695566142836938,0.24339841436500986,-2.329816140589685,-1.004101392145385,3.540695881423035,0.5643377819968957,7.0,1.0,48.01499938964844,48.2130012512207,48.04600143432617,0.05,32.16,28.1,0.406,-0.273,1.302,0,1,0
1778204807.0843244,1337.944,1.769647240638733,0.24345171451568604,-2.3298097292529505,-1.0041411558734339,3.5406997203826904,0.5644146800041199,0.0,0.0,-0.0,0.0,0.0,0.0,-0.1281738430261612,3.968811511993408,-1.5244312286376953,0.1996307522058487,-0.0381317175924778,-0.1816864162683487,0.14226641906023485,-0.34687441157385124,0.8900735986733943,-1.3853779479981114,-1.5063204461614077,1.9509591016434316,0.0,0.0,0.0,0.0,0.0,0.0,1.7695566142836938,0.24339841436500986,-2.329816140589685,-1.004101392145385,3.540695881423035,0.5643377819968957,7.0,1.0,48.01499938964844,48.2130012512207,48.04600143432617,0.05,32.16,28.1,0.406,-0.273,1.302,0,1,0
1778204807.09578,1337.952,1.7695872783660889,0.24340379238128662,-2.3298097292529505,-1.0040810743915003,3.54074764251709,0.564318835735321,0.0,0.0,-0.0,0.0,0.0,0.0,-0.1098632961511612,3.968811511993408,-1.5244312286376953,0.2086029201745987,-0.0426178015768528,-0.2018737941980362,0.14226213930769052,-0.34689895312780417,0.8900866766311639,-1.3852812069878657,-1.5063571606936723,1.9508827594684282,0.0,0.0,0.0,0.0,0.0,0.0,1.7695566142836938,0.24339841436500986,-2.329816140589685,-1.004101392145385,3.540695881423035,0.5643377819968957,7.0,1.0,48.01499938964844,48.24300003051758,48.04600143432617,0.05,32.16,28.1,0.406,-0.273,1.302,0,1,0
1778204807.102033,1337.96,1.769647240638733,0.2434396743774414,-2.3298097292529505,-1.0041168371783655,3.5407235622406006,0.5643667578697205,0.0,0.0,-0.0,0.0,0.0,0.0,-0.0778198316693306,3.987122058868408,-1.513222098350525,0.1973877102136612,-0.0291595496237278,-0.2041168361902237,0.14227599126972118,-0.3468890007235399,0.8900760669968952,-1.385311009776765,-1.5063721593470683,1.9509329611465465,0.0,0.0,0.0,0.0,0.0,0.0,1.7695566142836938,0.24339841436500986,-2.329816140589685,-1.004101392145385,3.540695881423035,0.5643377819968957,7.0,1.0,48.01499938964844,48.24300003051758,48.01499938964844,0.05,32.16,28.1,0.406,-0.273,1.302,0,1,0
1778204807.1056457,1337.9679999999998,1.7696353197097778,0.24342775344848633,-2.3297975699054163,-1.0040572325335901,3.540795087814331,0.5643787384033203,0.0,0.0,-0.0,0.0,0.0,0.0,-0.1739502102136612,3.973389148712158,-1.5221893787384033,0.2041168361902237,-0.0403747595846653,-0.2018737941980362,0.14227888328575192,-0.34691959492415,0.890079697182757,-1.385259651323632,-1.5064676556836885,1.9509188135179345,0.0,0.0,0.0,0.0,0.0,0.0,1.7695566142836938,0.24339841436500986,-2.329816140589685,-1.004101392145385,3.540695881423035,0.5643377819968957,7.0,1.0,48.01499938964844,48.24300003051758,48.01499938964844,0.05,32.16,28.1,0.406,-0.273,1.302,0,1,0
1778204807.118007,1337.9759999999999,1.769647240638733,0.2434157133102417,-2.3297975699054163,-1.0041049162494105,3.5407235622406006,0.5643667578697205,0.0,0.0,-0.0,0.0,0.0,0.0,-0.1602173000574112,3.987122058868408,-1.5177057981491089,0.2108459621667862,-0.0426178015768528,-0.1973877102136612,0.14227555650933715,-0.34688676030952614,0.8900869787312304,-1.385310837582992,-1.5063722781757818,1.9509329298485851,0.0,0.0,0.0,0.0,0.0,0.0,1.7695566142836938,0.24339841436500986,-2.329816140589685,-1.004101392145385,3.540695881423035,0.5643377819968957,7.0,1.0,48.01499938964844,48.24300003051758,48.01499938964844,0.05,32.16,28.1,0.406,-0.273,1.302,0,1,0
1778204807.1214745,1337.984,1.7695753574371338,0.24345171451568604,-2.329749647771017,-1.0041049162494105,3.5407116413116455,0.5643907189369202,0.0,0.0,-0.0,0.0,0.0,0.0,-0.1007080152630806,3.996277332305908,-1.5221893787384033,0.2041168361902237,-0.0426178015768528,-0.2175751030445099,0.14225994926119015,-0.3469597400097482,0.890084868901416,-1.3853222206666183,-1.5063366304679642,1.9508211094472365,0.0,0.0,0.0,0.0,0.0,0.0,1.7695566142836938,0.24339841436500986,-2.329816140589685,-1.004101392145385,3.540695881423035,0.5643377819968957,7.0,1.0,48.01499938964844,48.24300003051758,48.01499938964844,0.05,32.16,28.1,0.406,-0.273,1.302,0,1,0
1778204807.1372383,1337.992,1.7696353197097778,0.24349963665008545,-2.3297975699054163,-1.0040810743915003,3.5407235622406006,0.5644146800041199,0.0,0.0,-0.0,0.0,0.0,0.0,-0.0915527418255806,3.982544422149658,-1.5401238203048706,0.1996307522058487,-0.0426178015768528,-0.2018737941980362,0.1422779195658629,-0.34694898001151436,0.8900552562682916,-1.3852968096474383,-1.5064132922294038,1.9508557731176763,0.0,0.0,0.0,0.0,0.0,0.0,1.7695566142836938,0.24339841436500986,-2.329816140589685,-1.004101392145385,3.540695881423035,0.5643377819968957,7.0,1.0,48.01499938964844,48.24300003051758,48.01499938964844,0.05,32.16,28.1,0.406,-0.273,1.302,0,1,0
1778204807.1396382,1338.0,1.7695872783660889,0.24347567558288574,-2.3298216501819056,-1.004068676625387,3.5407354831695557,0.5643907189369202,0.0,0.0,-0.0,0.0,0.0,0.0,-0.0549316480755806,3.973389148712158,-1.504254937171936,0.2041168361902237,-0.0336456336081028,-0.2400055229663849,0.14225904059973848,-0.3469283294515946,0.8900576371088891,-1.3853135084639632,-1.5063640883788598,1.9508523627649135,0.0,0.0,0.0,0.0,0.0,0.0,1.7695566142836938,0.24339841436500986,-2.329816140589685,-1.004101392145385,3.540695881423035,0.5643377819968957,7.0,1.0,48.01499938964844,48.24300003051758,48.01499938964844,0.05,32.16,28.1,0.406,-0.273,1.302,0,1,0
1778204807.1521678,1338.008,1.7695753574371338,0.24342775344848633,-2.329773728047506,-1.0040929953204554,3.5407235622406006,0.5643547773361206,0.0,0.0,-0.0,0.0,0.0,0.0,-0.0823974683880806,3.973389148712158,-1.5221893787384033,0.2041168361902237,-0.0471038855612278,-0.2400055229663849,0.1422597294765294,-0.346935014640477,0.8900871494343899,-1.3853034779157145,-1.5063389692465434,1.9508395318496055,0.0,0.0,0.0,0.0,0.0,0.0,1.7695566142836938,0.24339841436500986,-2.329816140589685,-1.004101392145385,3.540695881423035,0.5643377819968957,7.0,1.0,48.01499938964844,48.24300003051758,48.01499938964844,0.05,32.16,28.1,0.406,-0.273,1.302,0,1,0
1778204807.1548748,1338.0159999999998,1.7696353197097778,0.2434157133102417,-2.329761568699972,-1.004068676625387,3.5407354831695557,0.5643907189369202,0.0,0.0,-0.0,0.0,0.0,0.0,-0.1052856519818306,3.977966785430908,-1.5064966678619385,0.1973877102136612,-0.0515899695456028,-0.1996307522058487,0.142277450496525,-0.3469302712969703,0.8900933086451271,-1.3852896974857694,-1.5064113614739647,1.9508809250295969,0.0,0.0,0.0,0.0,0.0,0.0,1.7695566142836938,0.24339841436500986,-2.329816140589685,-1.004101392145385,3.540695881423035,0.5643377819968957,7.0,1.0,48.01499938964844,48.24300003051758,48.01499938964844,0.05,32.16,28.1,0.406,-0.273,1.302,0,1,0
1778204807.157056,1338.024,1.7696353197097778,0.2434396743774414,-2.3297856489764612,-1.0040448347674769,3.54074764251709,0.5643787384033203,0.0,0.0,-0.0,0.0,0.0,0.0,-0.1007080152630806,3.964233875274658,-1.5266729593276978,0.2086029201745987,-0.0403747595846653,-0.2041168361902237,0.1422813884017303,-0.3469402810616603,0.8900775307742994,-1.3852571273866434,-1.5064442685519956,1.9508589863281258,0.0,0.0,0.0,0.0,0.0,0.0,1.7695566142836938,0.24339841436500986,-2.329816140589685,-1.004101392145385,3.540695881423035,0.5643377819968957,7.0,1.0,48.0,48.22800064086914,48.01499938964844,0.05,32.16,28.1,0.406,-0.273,1.302,0,1,0
1778204807.1605675,1338.024,1.7696353197097778,0.2434396743774414,-2.3297856489764612,-1.0040448347674769,3.54074764251709,0.5643787384033203,0.0,0.0,-0.0,0.0,0.0,0.0,-0.1007080152630806,3.964233875274658,-1.5266729593276978,0.2086029201745987,-0.0403747595846653,-0.2041168361902237,0.1422813884017303,-0.3469402810616603,0.8900775307742994,-1.3852571273866434,-1.5064442685519956,1.9508589863281258,0.0,0.0,0.0,0.0,0.0,0.0,1.7695566142836938,0.24339841436500986,-2.329816140589685,-1.004101392145385,3.540695881423035,0.5643377819968957,7.0,1.0,48.0,48.22800064086914,48.01499938964844,0.12,32.07,27.86,0.41,-0.281,1.309,0,0,1
1778204807.1735127,1338.032,1.769647240638733,0.24345171451568604,-2.3297975699054163,-1.0041049162494105,3.5407235622406006,0.5644146800041199,0.0,0.0,-0.0,0.0,0.0,0.0,-0.0869751051068306,3.977966785430908,-1.5177057981491089,0.2018737941980362,-0.0403747595846653,-0.1906585842370987,0.14227285377272653,-0.3469018438904088,0.8900742285532217,-1.3853366494294663,-1.50637687744729,1.9509284246187013,0.0,0.0,0.0,0.0,0.0,0.0,1.7695566142836938,0.24339841436500986,-2.329816140589685,-1.004101392145385,3.540695881423035,0.5643377819968957,7.0,1.0,48.0,48.22800064086914,48.01499938964844,0.12,32.07,27.86,0.41,-0.281,1.309,0,1,0
1778204807.1766942,1338.04,1.7696353197097778,0.24340379238128662,-2.3297975699054163,-1.0040810743915003,3.5407590866088867,0.5643787384033203,0.0,0.0,-0.0,0.0,0.0,0.0,-0.1190185695886612,3.982544422149658,-1.5244312286376953,0.2018737941980362,-0.0358886756002903,-0.2086029201745987,0.14227142319895736,-0.34688912549797496,0.8900900090297736,-1.3853057463588867,-1.506399437235629,1.9509421728557343,0.0,0.0,0.0,0.0,0.0,0.0,1.7695566142836938,0.24339841436500986,-2.329816140589685,-1.004101392145385,3.540695881423035,0.5643377819968957,7.0,1.0,48.0,48.22800064086914,48.01499938964844,0.12,32.07,27.86,0.41,-0.281,1.309,0,1,0
1778204807.1901066,1338.048,1.769647240638733,0.24337971210479736,-2.3297975699054163,-1.0040929953204554,3.5407354831695557,0.5643907189369202,0.0,0.0,-0.0,0.0,0.0,0.0,-0.1052856519818306,3.977966785430908,-1.504254937171936,0.2018737941980362,-0.0314025916159153,-0.2265472710132599,0.14226768494943925,-0.34685974521223417,0.8900997715391115,-1.3853452225513694,-1.5063583652201833,1.9509759478837398,0.0,0.0,0.0,0.0,0.0,0.0,1.7695566142836938,0.24339841436500986,-2.329816140589685,-1.004101392145385,3.540695881423035,0.5643377819968957,7.0,1.0,48.0,48.22800064086914,48.01499938964844,0.12,32.07,27.86,0.41,-0.281,1.309,0,1,0
1778204807.1939075,1338.056,1.7696112394332886,0.24345171451568604,-2.3297975699054163,-1.0040572325335901,3.5407354831695557,0.5643787384033203,0.0,0.0,-0.0,0.0,0.0,0.0,-0.0915527418255806,3.973389148712158,-1.5446075201034546,0.2063598781824112,-0.0336456336081028,-0.2130890041589737,0.14227104669649682,-0.34693607130349025,0.89007114490742,-1.3852821152466257,-1.506400229550771,1.9508489995170453,0.0,0.0,0.0,0.0,0.0,0.0,1.7695566142836938,0.24339841436500986,-2.329816140589685,-1.004101392145385,3.540695881423035,0.5643377819968957,7.0,1.0,48.0,48.22800064086914,48.01499938964844,0.12,32.07,27.86,0.41,-0.281,1.309,0,1,0
1778204807.209521,1338.0639999999999,1.7696112394332886,0.24342775344848633,-2.3298097292529505,-1.0040810743915003,3.5407235622406006,0.5643907189369202,0.0,0.0,-0.0,0.0,0.0,0.0,-0.1327514797449112,3.964233875274658,-1.5064966678619385,0.2108459621667862,-0.0269165076315403,-0.1682281643152237,0.14226062537519837,-0.34689376583974707,0.8900787235524743,-1.385337681464702,-1.5063431534516287,1.9509041345227847,0.0,0.0,0.0,0.0,0.0,0.0,1.7695566142836938,0.24339841436500986,-2.329816140589685,-1.004101392145385,3.540695881423035,0.5643377819968957,7.0,1.0,48.0,48.22800064086914,48.01499938964844,0.12,32.07,27.86,0.41,-0.281,1.309,0,1,0
1778204807.2118874,1338.072,1.7696592807769775,0.2434636354446411,-2.329761568699972,-1.0041168371783655,3.5407354831695557,0.5643547773361206,0.0,0.0,-0.0,0.0,0.0,0.0,-0.1373291164636612,3.968811511993408,-1.504254937171936,0.2041168361902237,-0.0358886756002903,-0.2041168361902237,0.14229505996140143,-0.3469520578055241,0.8900779556589992,-1.3852418493288228,-1.5064492898155497,1.950873853107388,0.0,0.0,0.0,0.0,0.0,0.0,1.7695566142836938,0.24339841436500986,-2.329816140589685,-1.004101392145385,3.540695881423035,0.5643377819968957,7.0,1.0,48.0,48.22800064086914,48.01499938964844,0.12,32.07,27.86,0.41,-0.281,1.309,0,1,0
1778204807.2247722,1338.08,1.7696353197097778,0.2434157133102417,-2.3297975699054163,-1.0040929953204554,3.5407590866088867,0.56440269947052,0.0,0.0,-0.0,0.0,0.0,0.0,-0.1190185695886612,3.982544422149658,-1.513222098350525,0.2041168361902237,-0.0403747595846653,-0.1996307522058487,0.1422681631360641,-0.34688730650724153,0.8900865347907898,-1.385330145728488,-1.5063896805154429,1.95095634656251,0.0,0.0,0.0,0.0,0.0,0.0,1.7695566142836938,0.24339841436500986,-2.329816140589685,-1.004101392145385,3.540695881423035,0.5643377819968957,7.0,1.0,48.0,48.22800064086914,48.01499938964844,0.12,32.07,27.86,0.41,-0.281,1.309,0,1,0
1778204807.2272737,1338.088,1.7695993185043335,0.24345171451568604,-2.3297856489764612,-1.0041049162494105,3.54074764251709,0.5643787384033203,0.0,0.0,-0.0,0.0,0.0,0.0,-0.0961303785443306,3.973389148712158,-1.5177057981491089,0.2018737941980362,-0.0403747595846653,-0.2130890041589737,0.1422657064873724,-0.34693011191790085,0.8900764353895809,-1.3853056257012148,-1.5063768940454314,1.9508813580526358,0.0,0.0,0.0,0.0,0.0,0.0,1.7695566142836938,0.24339841436500986,-2.329816140589685,-1.004101392145385,3.540695881423035,0.5643377819968957,7.0,1.0,48.0,48.22800064086914,48.01499938964844,0.12,32.07,27.86,0.41,-0.281,1.309,0,1,0
1778204807.2372272,1338.096,1.7696592807769775,0.2434157133102417,-2.329773728047506,-1.0040810743915003,3.5407235622406006,0.56440269947052,0.0,0.0,-0.0,0.0,0.0,0.0,-0.0686645582318306,3.996277332305908,-1.5109803676605225,0.2041168361902237,-0.0448608435690403,-0.1861725002527237,0.14227990141354263,-0.3469070845038809,0.8900914280068069,-1.3853109641304715,-1.5064014360987745,1.9509179243086125,0.0,0.0,0.0,0.0,0.0,0.0,1.7695566142836938,0.24339841436500986,-2.329816140589685,-1.004101392145385,3.540695881423035,0.5643377819968957,7.0,1.0,48.0,48.2130012512207,48.01499938964844,0.12,32.07,27.86,0.41,-0.281,1.309,0,1,0
1778204807.2436702,1338.104,1.7695872783660889,0.24342775344848633,-2.329773728047506,-1.0041049162494105,3.5407590866088867,0.56440269947052,0.0,0.0,-0.0,0.0,0.0,0.0,-0.1007080152630806,3.982544422149658,-1.5266729593276978,0.2041168361902237,-0.0314025916159153,-0.2041168361902237,0.14225659084821227,-0.3469195776606375,0.8900881568720476,-1.38533851743741,-1.5063588399212922,1.9509059330558,0.0,0.0,0.0,0.0,0.0,0.0,1.7695566142836938,0.24339841436500986,-2.329816140589685,-1.004101392145385,3.540695881423035,0.5643377819968957,7.0,1.0,48.0,48.2130012512207,48.029998779296875,0.12,32.07,27.86,0.41,-0.281,1.309,0,1,0
1778204807.245905,1338.1119999999999,1.7696353197097778,0.24348759651184082,-2.329773728047506,-1.004068676625387,3.5407354831695557,0.56440269947052,0.0,0.0,-0.0,0.0,0.0,0.0,-0.0686645582318306,3.968811511993408,-1.515463948249817,0.2108459621667862,-0.0448608435690403,-0.2018737941980362,0.14228406261899895,-0.34697018024603987,0.8900642120962503,-1.3852639794532362,-1.5064464514522378,1.9508333507231714,0.0,0.0,0.0,0.0,0.0,0.0,1.7695566142836938,0.24339841436500986,-2.329816140589685,-1.004101392145385,3.540695881423035,0.5643377819968957,7.0,1.0,48.0,48.2130012512207,48.029998779296875,0.12,32.07,27.86,0.41,-0.281,1.309,0,1,0
1778204807.2598073,1338.12,1.7696353197097778,0.24342775344848633,-2.329773728047506,-1.0040810743915003,3.540771245956421,0.56440269947052,0.0,0.0,-0.0,0.0,0.0,0.0,-0.0823974683880806,3.955078601837158,-1.5266729593276978,0.1996307522058487,-0.0426178015768528,-0.1996307522058487,0.14227587351456822,-0.34692337027238607,0.890086777006523,-1.3852943971845144,-1.5064340149777067,1.950919567678667,0.0,0.0,0.0,0.0,0.0,0.0,1.7695566142836938,0.24339841436500986,-2.329816140589685,-1.004101392145385,3.540695881423035,0.5643377819968957,7.0,1.0,48.0,48.2130012512207,48.029998779296875,0.12,32.07,27.86,0.41,-0.281,1.309,0,1,0
1778204807.2699387,1338.128,1.7695872783660889,0.24342775344848633,-2.329761568699972,-1.0041049162494105,3.5407354831695557,0.5643547773361206,0.0,0.0,-0.0,0.0,0.0,0.0,-0.1556396633386612,3.991699695587158,-1.504254937171936,0.2063598781824112,-0.0426178015768528,-0.2086029201745987,0.14226566978973076,-0.3469403128950446,0.8900905078057644,-1.3852923384128768,-1.5063628193450915,1.9508530962759707,0.0,0.0,0.0,0.0,0.0,0.0,1.7695566142836938,0.24339841436500986,-2.329816140589685,-1.004101392145385,3.540695881423035,0.5643377819968957,7.0,1.0,48.0,48.2130012512207,48.029998779296875,0.12,32.07,27.86,0.41,-0.281,1.309,0,1,0
1778204807.2767448,1338.136,1.7695993185043335,0.24342775344848633,-2.3298097292529505,-1.0041168371783655,3.5407590866088867,0.5643667578697205,0.0,0.0,-0.0,0.0,0.0,0.0,-0.1052856519818306,3.977966785430908,-1.5266729593276978,0.2018737941980362,-0.0381317175924778,-0.1996307522058487,0.1422594144570056,-0.3468898035200836,0.8900802948933417,-1.3853266873942205,-1.5063530240744325,1.950935458686831,0.0,0.0,0.0,0.0,0.0,0.0,1.7695566142836938,0.24339841436500986,-2.329816140589685,-1.004101392145385,3.540695881423035,0.5643377819968957,7.0,1.0,48.0,48.2130012512207,48.029998779296875,0.12,32.07,27.86,0.41,-0.281,1.309,0,1,0
1778204807.2798226,1338.144,1.7696353197097778,0.24337971210479736,-2.3298216501819056,-1.0040929953204554,3.5406875610351562,0.56440269947052,0.0,0.0,-0.0,0.0,0.0,0.0,-0.1098632961511612,3.968811511993408,-1.499771237373352,0.1996307522058487,-0.0314025916159153,-0.2153320610523224,0.14225471843260137,-0.3468331149460443,0.89009466696818,-1.3853993785003624,-1.5062774231448648,1.9509709351507218,0.0,0.0,0.0,0.0,0.0,0.0,1.7695566142836938,0.24339841436500986,-2.329816140589685,-1.004101392145385,3.540695881423035,0.5643377819968957,7.0,1.0,48.0,48.2130012512207,48.029998779296875,0.12,32.07,27.86,0.41,-0.281,1.309,0,1,0
1778204807.2943273,1338.152,1.7695993185043335,0.2434636354446411,-2.3298097292529505,-1.0040572325335901,3.5407354831695557,0.5643667578697205,0.0,0.0,-0.0,0.0,0.0,0.0,-0.1007080152630806,3.996277332305908,-1.5221893787384033,0.2108459621667862,-0.0403747595846653,-0.2175751030445099,0.142268556657538,-0.346938784292869,0.8900638777059688,-1.3852759824967547,-1.506393249462651,1.9508350012182485,0.0,0.0,0.0,0.0,0.0,0.0,1.7695566142836938,0.24339841436500986,-2.329816140589685,-1.004101392145385,3.540695881423035,0.5643377819968957,7.0,1.0,48.0,48.2130012512207,48.029998779296875,0.12,32.07,27.86,0.41,-0.281,1.309,0,1,0
1778204807.3067944,1338.1599999999999,1.7696592807769775,0.24347567558288574,-2.329761568699972,-1.0040929953204554,3.5407235622406006,0.5643907189369202,0.0,0.0,-0.0,0.0,0.0,0.0,-0.0686645582318306,3.973389148712158,-1.515463948249817,0.2130890041589737,-0.0336456336081028,-0.1749572902917862,0.14229214848809965,-0.34696086032406515,0.8900726314438826,-1.3852606106019711,-1.5064466954756042,1.950855717090028,0.0,0.0,0.0,0.0,0.0,0.0,1.7695566142836938,0.24339841436500986,-2.329816140589685,-1.004101392145385,3.540695881423035,0.5643377819968957,7.0,1.0,48.0,48.2130012512207,48.029998779296875,0.12,32.07,27.86,0.41,-0.281,1.309,0,1,0
1778204807.3128057,1338.168,1.7695872783660889,0.24340379238128662,-2.3297975699054163,-1.0040810743915003,3.540771245956421,0.5644146800041199,0.0,0.0,-0.0,0.0,0.0,0.0,-0.1098632961511612,3.987122058868408,-1.5064966678619385,0.2130890041589737,-0.0358886756002903,-0.1727142482995987,0.14224929580378018,-0.3468880895448477,0.8900903334122006,-1.3853605519102707,-1.506350038779856,1.9509418474308995,0.0,0.0,0.0,0.0,0.0,0.0,1.7695566142836938,0.24339841436500986,-2.329816140589685,-1.004101392145385,3.540695881423035,0.5643377819968957,7.0,1.0,48.0,48.2130012512207,48.029998779296875,0.12,32.07,27.86,0.41,-0.281,1.309,0,1,0
1778204807.316017,1338.176,1.7695993185043335,0.24345171451568604,-2.3297975699054163,-1.0041168371783655,3.5407235622406006,0.5643787384033203,0.0,0.0,-0.0,0.0,0.0,0.0,-0.1464843899011612,3.987122058868408,-1.5177057981491089,0.2063598781824112,-0.0314025916159153,-0.1525268703699112,0.14226132865852187,-0.34691270306149996,0.89007451076398,-1.3853313026055587,-1.5063366699495462,1.9508895226440168,0.0,0.0,0.0,0.0,0.0,0.0,1.7695566142836938,0.24339841436500986,-2.329816140589685,-1.004101392145385,3.540695881423035,0.5643377819968957,7.0,1.0,48.0,48.2130012512207,48.029998779296875,0.12,32.07,27.86,0.41,-0.281,1.309,0,1,0
1778204807.3280032,1338.184,1.7695872783660889,0.24347567558288574,-2.3297856489764612,-1.0041168371783655,3.5407354831695557,0.5643787384033203,0.0,0.0,-0.0,0.0,0.0,0.0,-0.1373291164636612,3.991699695587158,-1.5356402397155762,0.2108459621667862,-0.0448608435690403,-0.1839294582605362,0.1422635130516958,-0.34694391796919266,0.8900683290959479,-1.3853092312574682,-1.5063609645000098,1.9508562967875833,0.0,0.0,0.0,0.0,0.0,0.0,1.7695566142836938,0.24339841436500986,-2.329816140589685,-1.004101392145385,3.540695881423035,0.5643377819968957,7.0,1.0,48.0,48.2130012512207,48.029998779296875,0.12,32.07,27.86,0.41,-0.281,1.309,0,1,0
1778204807.3304977,1338.184,1.7695872783660889,0.24347567558288574,-2.3297856489764612,-1.0041168371783655,3.5407354831695557,0.5643787384033203,0.0,0.0,-0.0,0.0,0.0,0.0,-0.1373291164636612,3.991699695587158,-1.5356402397155762,0.2108459621667862,-0.0448608435690403,-0.1839294582605362,0.1422635130516958,-0.34694391796919266,0.8900683290959479,-1.3853092312574682,-1.5063609645000098,1.9508562967875833,0.0,0.0,0.0,0.0,0.0,0.0,1.7695566142836938,0.24339841436500986,-2.329816140589685,-1.004101392145385,3.540695881423035,0.5643377819968957,7.0,1.0,48.0,48.2130012512207,48.029998779296875,0.1,32.05,27.83,0.412,-0.28,1.31,0,0,1
1778204807.332524,1338.192,1.7696353197097778,0.2434157133102417,-2.329761568699972,-1.0040929953204554,3.5407116413116455,0.5643547773361206,0.0,0.0,-0.0,0.0,0.0,0.0,-0.1007080152630806,3.959656238555908,-1.5109803676605225,0.2041168361902237,-0.0358886756002903,-0.1951446682214737,0.1422802812876212,-0.34692736065322977,0.8900943879982078,-1.3852791107898212,-1.5063857449400522,1.950868318461624,0.0,0.0,0.0,0.0,0.0,0.0,1.7695566142836938,0.24339841436500986,-2.329816140589685,-1.004101392145385,3.540695881423035,0.5643377819968957,7.0,1.0,47.986000061035156,48.2130012512207,48.029998779296875,0.1,32.05,27.83,0.412,-0.28,1.31,0,1,0
1778204807.3434944,1338.2,1.7696112394332886,0.24345171451568604,-2.3298097292529505,-1.0040929953204554,3.5407354831695557,0.5643787384033203,0.0,0.0,-0.0,0.0,0.0,0.0,-0.1052856519818306,3.987122058868408,-1.5244312286376953,0.2041168361902237,-0.0336456336081028,-0.1794433742761612,0.14226588832484316,-0.3469107723906462,0.8900703815481363,-1.3853127652127881,-1.506368090861664,1.9508926833281006,0.0,0.0,0.0,0.0,0.0,0.0,1.7695566142836938,0.24339841436500986,-2.329816140589685,-1.004101392145385,3.540695881423035,0.5643377819968957,7.0,1.0,47.986000061035156,48.2130012512207,48.029998779296875,0.1,32.05,27.83,0.412,-0.28,1.31,0,1,0
1778204807.3499618,1338.2079999999999,1.7696112394332886,0.2434396743774414,-2.3297856489764612,-1.0041049162494105,3.5407235622406006,0.5643667578697205,0.0,0.0,-0.0,0.0,0.0,0.0,-0.0961303785443306,3.968811511993408,-1.4975295066833496,0.1996307522058487,-0.0493469275534153,-0.2041168361902237,0.14226881217358683,-0.34692041401834495,0.8900808521277059,-1.3853056968357502,-1.5063611538538613,1.9508787653902295,0.0,0.0,0.0,0.0,0.0,0.0,1.7695566142836938,0.24339841436500986,-2.329816140589685,-1.004101392145385,3.540695881423035,0.5643377819968957,7.0,1.0,47.986000061035156,48.2130012512207,48.029998779296875,0.1,32.05,27.83,0.412,-0.28,1.31,0,1,0
1778204807.3529515,1338.216,1.7696353197097778,0.2434157133102417,-2.3298097292529505,-1.0041049162494105,3.5407235622406006,0.5643907189369202,0.0,0.0,-0.0,0.0,0.0,0.0,-0.1373291164636612,3.987122058868408,-1.5177057981491089,0.2041168361902237,-0.0336456336081028,-0.2265472710132599,0.14226517975172306,-0.3468717071083798,0.8900844809434283,-1.3853487730654162,-1.506342669257426,1.9509511677151483,0.0,0.0,0.0,0.0,0.0,0.0,1.7695566142836938,0.24339841436500986,-2.329816140589685,-1.004101392145385,3.540695881423035,0.5643377819968957,7.0,1.0,47.986000061035156,48.2130012512207,48.029998779296875,0.1,32.05,27.83,0.412,-0.28,1.31,0,1,0
1778204807.3659108,1338.224,1.7695872783660889,0.2434157133102417,-2.3298097292529505,-1.0041287581073206,3.5407354831695557,0.5643427968025208,0.0,0.0,-0.0,0.0,0.0,0.0,-0.1235962063074112,3.973389148712158,-1.5311566591262817,0.2041168361902237,-0.0403747595846653,-0.2175751030445099,0.14225527057172302,-0.3468816877649916,0.8900852443858286,-1.3853337788821547,-1.5063112277775752,1.9509226689133947,0.0,0.0,0.0,0.0,0.0,0.0,1.7695566142836938,0.24339841436500986,-2.329816140589685,-1.004101392145385,3.540695881423035,0.5643377819968957,7.0,1.0,47.986000061035156,48.2130012512207,48.029998779296875,0.1,32.05,27.83,0.412,-0.28,1.31,0,1,0
1778204807.370418,1338.232,1.769647240638733,0.24340379238128662,-2.3298216501819056,-1.0041049162494105,3.5407235622406006,0.5643907189369202,0.0,0.0,-0.0,0.0,0.0,0.0,-0.1419067531824112,3.982544422149658,-1.5109803676605225,0.2063598781824112,-0.0381317175924778,-0.2265472710132599,0.1422653825779859,-0.3468504750002405,0.8900861729015683,-1.3853580894377209,-1.50633831096139,1.9509800252850233,0.0,0.0,0.0,0.0,0.0,0.0,1.7695566142836938,0.24339841436500986,-2.329816140589685,-1.004101392145385,3.540695881423035,0.5643377819968957,7.0,1.0,47.986000061035156,48.2130012512207,48.029998779296875,0.1,32.05,27.83,0.412,-0.28,1.31,0,1,0
1778204807.3946576,1338.24,1.7696112394332886,0.24345171451568604,-2.329773728047506,-1.0040929953204554,3.5407116413116455,0.5643907189369202,0.0,0.0,-0.0,0.0,0.0,0.0,-0.0732421949505806,3.996277332305908,-1.4975295066833496,0.2018737941980362,-0.0314025916159153,-0.2108459621667862,0.14226907514803408,-0.346937981113369,0.8900787602209193,-1.3853123254203348,-1.5063634855787178,1.9508535079903022,0.0,0.0,0.0,0.0,0.0,0.0,1.7695566142836938,0.24339841436500986,-2.329816140589685,-1.004101392145385,3.540695881423035,0.5643377819968957,7.0,1.0,47.986000061035156,48.2130012512207,48.029998779296875,0.1,32.05,27.83,0.412,-0.28,1.31,0,1,0
1778204807.3970144,1338.248,1.7695753574371338,0.24342775344848633,-2.3297975699054163,-1.0040572325335901,3.5407116413116455,0.5643547773361206,0.0,0.0,-0.0,0.0,0.0,0.0,-0.1190185695886612,3.973389148712158,-1.515463948249817,0.2041168361902237,-0.0448608435690403,-0.1973877102136612,0.1422578167785078,-0.34692724068181036,0.8900798236678665,-1.38530094691059,-1.506334874850023,1.9508219730550724,0.0,0.0,0.0,0.0,0.0,0.0,1.7695566142836938,0.24339841436500986,-2.329816140589685,-1.004101392145385,3.540695881423035,0.5643377819968957,7.0,1.0,47.986000061035156,48.2130012512207,48.04600143432617,0.1,32.05,27.83,0.412,-0.28,1.31,0,1,0
1778204807.408828,1338.2559999999999,1.7696353197097778,0.2434396743774414,-2.3297856489764612,-1.0041049162494105,3.5407116413116455,0.5643907189369202,0.0,0.0,-0.0,0.0,0.0,0.0,-0.0732421949505806,3.973389148712158,-1.4908039569854736,0.1996307522058487,-0.0538330152630806,-0.2220611870288849,0.14227248649389843,-0.3469101109967173,0.8900811598598963,-1.3853233824265272,-1.5063629561545366,1.9509005535703459,0.0,0.0,0.0,0.0,0.0,0.0,1.7695566142836938,0.24339841436500986,-2.329816140589685,-1.004101392145385,3.540695881423035,0.5643377819968957,7.0,1.0,47.986000061035156,48.2130012512207,48.04600143432617,0.1,32.05,27.83,0.412,-0.28,1.31,0,1,0
1778204807.411605,1338.264,1.7696112394332886,0.24347567558288574,-2.3298216501819056,-1.0041168371783655,3.5407354831695557,0.5643667578697205,0.0,0.0,-0.0,0.0,0.0,0.0,-0.0686645582318306,3.968811511993408,-1.5401238203048706,0.2153320610523224,-0.0426178015768528,-0.2198181450366974,0.1422674035357268,-0.34691135960687725,0.8900600592286685,-1.3853082516868718,-1.5063650297969227,1.9508962511683277,0.0,0.0,0.0,0.0,0.0,0.0,1.7695566142836938,0.24339841436500986,-2.329816140589685,-1.004101392145385,3.540695881423035,0.5643377819968957,7.0,1.0,47.986000061035156,48.2130012512207,48.04600143432617,0.1,32.05,27.83,0.412,-0.28,1.31,0,1,0
1778204807.4136238,1338.272,1.7696353197097778,0.24342775344848633,-2.329773728047506,-1.0040929953204554,3.5406875610351562,0.5643787384033203,0.0,0.0,-0.0,0.0,0.0,0.0,-0.1235962063074112,3.964233875274658,-1.515463948249817,0.2041168361902237,-0.0381317175924778,-0.2108459621667862,0.14227460441732864,-0.3469176468077958,0.8900875670275323,-1.3853139966942798,-1.5063516498312681,1.950869038842951,0.0,0.0,0.0,0.0,0.0,0.0,1.7695566142836938,0.24339841436500986,-2.329816140589685,-1.004101392145385,3.540695881423035,0.5643377819968957,7.0,1.0,48.01499938964844,48.2130012512207,48.04600143432617,0.1,32.05,27.83,0.412,-0.28,1.31,0,1,0
1778204807.4157717,1338.28,1.7695872783660889,0.24345171451568604,-2.3297856489764612,-1.0040572325335901,3.5407235622406006,0.5643787384033203,0.0,0.0,-0.0,0.0,0.0,0.0,-0.1190185695886612,3.973389148712158,-1.5221893787384033,0.2086029201745987,-0.0381317175924778,-0.1951446682214737,0.1422642524206818,-0.3469491399492138,0.8900738955050902,-1.3852914482990044,-1.5063728399426253,1.9508171850849507,0.0,0.0,0.0,0.0,0.0,0.0,1.7695566142836938,0.24339841436500986,-2.329816140589685,-1.004101392145385,3.540695881423035,0.5643377819968957,7.0,1.0,48.01499938964844,48.2130012512207,48.04600143432617,0.1,32.05,27.83,0.412,-0.28,1.31,0,1,0
1778204807.4317281,1338.288,1.7696112394332886,0.24348759651184082,-2.329761568699972,-1.0041287581073206,3.54074764251709,0.5643907189369202,0.0,0.0,-0.0,0.0,0.0,0.0,-0.1464843899011612,3.968811511993408,-1.5244312286376953,0.2063598781824112,-0.0381317175924778,-0.2063598781824112,0.14227554387602642,-0.3469641058371373,0.8900701186762012,-1.3852890790251429,-1.5064079646846351,1.9508624650494082,0.0,0.0,0.0,0.0,0.0,0.0,1.7695566142836938,0.24339841436500986,-2.329816140589685,-1.004101392145385,3.540695881423035,0.5643377819968957,7.0,1.0,48.01499938964844,48.2130012512207,48.04600143432617,0.1,32.05,27.83,0.412,-0.28,1.31,0,1,0
1778204807.4343429,1338.296,1.7695993185043335,0.24342775344848633,-2.3297975699054163,-1.0040810743915003,3.54074764251709,0.56440269947052,0.0,0.0,-0.0,0.0,0.0,0.0,-0.1281738430261612,3.982544422149658,-1.5177057981491089,0.2063598781824112,-0.0448608435690403,-0.2108459621667862,0.14225788687260277,-0.34690531088653637,0.8900814912937434,-1.3853375032746031,-1.5063590163463936,1.9509066512123445,0.0,0.0,0.0,0.0,0.0,0.0,1.7695566142836938,0.24339841436500986,-2.329816140589685,-1.004101392145385,3.540695881423035,0.5643377819968957,7.0,1.0,48.01499938964844,48.2130012512207,48.04600143432617,0.1,32.05,27.83,0.412,-0.28,1.31,0,1,0
1778204807.4495656,1338.3039999999999,1.7696112394332886,0.2434396743774414,-2.3297856489764612,-1.0040929953204554,3.5407116413116455,0.5643427968025208,0.0,0.0,-0.0,0.0,0.0,0.0,-0.0595092847943306,3.968811511993408,-1.4930458068847656,0.2063598781824112,-0.0314025916159153,-0.2198181450366974,0.14227324860352833,-0.34693016942120974,0.8900799904439873,-1.385278901293104,-1.5063669118321508,1.9508469629629044,0.0,0.0,0.0,0.0,0.0,0.0,1.7695566142836938,0.24339841436500986,-2.329816140589685,-1.004101392145385,3.540695881423035,0.5643377819968957,7.0,1.0,48.01499938964844,48.2130012512207,48.04600143432617,0.1,32.05,27.83,0.412,-0.28,1.31,0,1,0
1778204807.45187,1338.312,1.7695993185043335,0.24345171451568604,-2.3298097292529505,-1.0040929953204554,3.5407354831695557,0.5643787384033203,0.0,0.0,-0.0,0.0,0.0,0.0,-0.1007080152630806,3.955078601837158,-1.549091100692749,0.2018737941980362,-0.0381317175924778,-0.2041168361902237,0.14226175281606293,-0.34691246830754335,0.8900703815481363,-1.3853186161926592,-1.5063564328099566,1.950885609314684,0.0,0.0,0.0,0.0,0.0,0.0,1.7695566142836938,0.24339841436500986,-2.329816140589685,-1.004101392145385,3.540695881423035,0.5643377819968957,7.0,1.0,48.01499938964844,48.2130012512207,48.04600143432617,0.1,32.05,27.83,0.412,-0.28,1.31,0,1,0
1778204807.455859,1338.32,1.7696353197097778,0.24345171451568604,-2.3297975699054163,-1.0040929953204554,3.5407235622406006,0.5643667578697205,0.0,0.0,-0.0,0.0,0.0,0.0,-0.1281738430261612,3.964233875274658,-1.5221893787384033,0.2130890041589737,-0.0471038855612278,-0.2220611870288849,0.14227783475424116,-0.3469201721553654,0.8900730595483157,-1.3852861993744054,-1.5063927238657515,1.9508820500948425,0.0,0.0,0.0,0.0,0.0,0.0,1.7695566142836938,0.24339841436500986,-2.329816140589685,-1.004101392145385,3.540695881423035,0.5643377819968957,7.0,1.0,48.01499938964844,48.2130012512207,48.029998779296875,0.1,32.05,27.83,0.412,-0.28,1.31,0,1,0
1778204807.4775617,1338.328,1.7696353197097778,0.24345171451568604,-2.329773728047506,-1.0041049162494105,3.5407354831695557,0.56440269947052,0.0,0.0,-0.0,0.0,0.0,0.0,-0.0503540076315403,3.996277332305908,-1.5199475288391113,0.2063598781824112,-0.0403747595846653,-0.2063598781824112,0.1422756413826155,-0.34692872362538335,0.8900794406425129,-1.3853099647639704,-1.5063981437808507,1.9508992098045421,0.0,0.0,0.0,0.0,0.0,0.0,1.7695566142836938,0.24339841436500986,-2.329816140589685,-1.004101392145385,3.540695881423035,0.5643377819968957,7.0,1.0,48.01499938964844,48.2130012512207,48.029998779296875,0.1,32.05,27.83,0.412,-0.28,1.31,0,1,0
1778204807.4803708,1338.336,1.7695753574371338,0.24348759651184082,-2.329761568699972,-1.0041168371783655,3.54074764251709,0.5643427968025208,0.0,0.0,-0.0,0.0,0.0,0.0,-0.0915527418255806,4.000854969024658,-1.5177057981491089,0.2063598781824112,-0.0291595496237278,-0.2041168361902237,0.14227220968030957,-0.34698584328579174,0.8900689483614928,-1.3852503915961154,-1.5064003786795606,1.9508018709389892,0.0,0.0,0.0,0.0,0.0,0.0,1.7695566142836938,0.24339841436500986,-2.329816140589685,-1.004101392145385,3.540695881423035,0.5643377819968957,7.0,1.0,48.01499938964844,48.2130012512207,48.029998779296875,0.1,32.05,27.83,0.412,-0.28,1.31,0,1,0
1778204807.4932408,1338.344,1.7696112394332886,0.2434157133102417,-2.3297975699054163,-1.0041287581073206,3.5407354831695557,0.5643667578697205,0.0,0.0,-0.0,0.0,0.0,0.0,-0.0915527418255806,3.982544422149658,-1.5221893787384033,0.2063598781824112,-0.02467346377670765,-0.1884155422449112,0.14226170018340328,-0.34688321480491985,0.8900882485495895,-1.385338601980717,-1.5063330894991922,1.9509400134807604,0.0,0.0,0.0,0.0,0.0,0.0,1.7695566142836938,0.24339841436500986,-2.329816140589685,-1.004101392145385,3.540695881423035,0.5643377819968957,7.0,1.0,48.01499938964844,48.2130012512207,48.029998779296875,0.1,32.05,27.83,0.412,-0.28,1.31,0,1,0
1778204807.496756,1338.344,1.7696112394332886,0.2434157133102417,-2.3297975699054163,-1.0041287581073206,3.5407354831695557,0.5643667578697205,0.0,0.0,-0.0,0.0,0.0,0.0,-0.0915527418255806,3.982544422149658,-1.5221893787384033,0.2063598781824112,-0.02467346377670765,-0.1884155422449112,0.14226170018340328,-0.34688321480491985,0.8900882485495895,-1.385338601980717,-1.5063330894991922,1.9509400134807604,0.0,0.0,0.0,0.0,0.0,0.0,1.7695566142836938,0.24339841436500986,-2.329816140589685,-1.004101392145385,3.540695881423035,0.5643377819968957,7.0,1.0,48.01499938964844,48.2130012512207,48.029998779296875,0.22,31.92,27.76,0.414,-0.286,1.31,0,0,1
1778204807.4993243,1338.3519999999999,1.7695993185043335,0.24342775344848633,-2.329773728047506,-1.0040929953204554,3.5407116413116455,0.5643667578697205,0.0,0.0,-0.0,0.0,0.0,0.0,-0.1831054836511612,3.991699695587158,-1.5087385177612305,0.2108459621667862,-0.0381317175924778,-0.2108459621667862,0.14226539369876937,-0.3469276821303282,0.8900873305586603,-1.3853090548704567,-1.5063455350872255,1.9508541402199002,0.0,0.0,0.0,0.0,0.0,0.0,1.7695566142836938,0.24339841436500986,-2.329816140589685,-1.004101392145385,3.540695881423035,0.5643377819968957,7.0,1.0,48.0,48.2130012512207,48.029998779296875,0.22,31.92,27.76,0.414,-0.286,1.31,0,1,0
1778204807.5122948,1338.36,1.7696353197097778,0.24342775344848633,-2.3298335711108606,-1.0040810743915003,3.5407354831695557,0.5643907189369202,0.0,0.0,-0.0,0.0,0.0,0.0,-0.0457763709127903,3.982544422149658,-1.5109803676605225,0.2041168361902237,-0.0358886756002903,-0.2018737941980362,0.14226532232583727,-0.34687005066651677,0.8900732752990402,-1.3853358892010976,-1.5063626307345053,1.9509468956016496,0.0,0.0,0.0,0.0,0.0,0.0,1.7695566142836938,0.24339841436500986,-2.329816140589685,-1.004101392145385,3.540695881423035,0.5643377819968957,7.0,1.0,48.0,48.2130012512207,48.029998779296875,0.22,31.92,27.76,0.414,-0.286,1.31,0,1,0
1778204807.5179837,1338.368,1.7695872783660889,0.2434157133102417,-2.3297856489764612,-1.0041049162494105,3.540771245956421,0.56440269947052,0.0,0.0,-0.0,0.0,0.0,0.0,-0.0915527418255806,3.982544422149658,-1.5109803676605225,0.2130890041589737,-0.0403747595846653,-0.1996307522058487,0.14225327206923047,-0.3469009417709952,0.8900898383980768,-1.3853484845590736,-1.5063549690939566,1.9509346810615438,0.0,0.0,0.0,0.0,0.0,0.0,1.7695566142836938,0.24339841436500986,-2.329816140589685,-1.004101392145385,3.540695881423035,0.5643377819968957,7.0,1.0,48.0,48.2130012512207,48.029998779296875,0.22,31.92,27.76,0.414,-0.286,1.31,0,1,0
1778204807.522739,1338.376,1.7695993185043335,0.24342775344848633,-2.3297856489764612,-1.0040929953204554,3.5407354831695557,0.56440269947052,0.0,0.0,-0.0,0.0,0.0,0.0,-0.1373291164636612,3.977966785430908,-1.5221893787384033,0.2041168361902237,-0.0403747595846653,-0.1884155422449112,0.14225840053923144,-0.3469101323551337,0.8900849055490733,-1.3853428119462856,-1.5063468363030466,1.950899784393372,0.0,0.0,0.0,0.0,0.0,0.0,1.7695566142836938,0.24339841436500986,-2.329816140589685,-1.004101392145385,3.540695881423035,0.5643377819968957,7.0,1.0,48.0,48.2130012512207,48.029998779296875,0.22,31.92,27.76,0.414,-0.286,1.31,0,1,0
1778204807.5362723,1338.384,1.7696112394332886,0.2434636354446411,-2.3298097292529505,-1.0040810743915003,3.5407116413116455,0.5644146800041199,0.0,0.0,-0.0,0.0,0.0,0.0,-0.0961303785443306,3.968811511993408,-1.499771237373352,0.2041168361902237,-0.0403747595846653,-0.2108459621667862,0.14226134781285668,-0.34691369646361553,0.8900658182483399,-1.385344405998348,-1.5063454470701056,1.9508787999141175,0.0,0.0,0.0,0.0,0.0,0.0,1.7695566142836938,0.24339841436500986,-2.329816140589685,-1.004101392145385,3.540695881423035,0.5643377819968957,7.0,1.0,48.0,48.2130012512207,48.029998779296875,0.22,31.92,27.76,0.414,-0.286,1.31,0,1,0
1778204807.5387473,1338.392,1.7695872783660889,0.2434157133102417,-2.3298216501819056,-1.0041168371783655,3.5407116413116455,0.5644146800041199,0.0,0.0,-0.0,0.0,0.0,0.0,-0.1190185695886612,3.987122058868408,-1.5087385177612305,0.2108459621667862,-0.0291595496237278,-0.2041168361902237,0.14224070680920137,-0.34685621516470244,0.8900827526202223,-1.3854170862020343,-1.5062579248443424,1.9509518965449217,0.0,0.0,0.0,0.0,0.0,0.0,1.7695566142836938,0.24339841436500986,-2.329816140589685,-1.004101392145385,3.540695881423035,0.5643377819968957,7.0,1.0,48.0,48.2130012512207,48.06100082397461,0.22,31.92,27.76,0.414,-0.286,1.31,0,1,0
1778204807.540793,1338.3999999999999,1.7696712017059326,0.24340379238128662,-2.3297856489764612,-1.0041049162494105,3.5407354831695557,0.5643787384033203,0.0,0.0,-0.0,0.0,0.0,0.0,-0.1327514797449112,3.973389148712158,-1.513222098350525,0.2063598781824112,-0.0515899695456028,-0.2041168361902237,0.14228279760285,-0.34688309152480756,0.8900941375690206,-1.3853060417799636,-1.5064028587742404,1.9509610103705421,0.0,0.0,0.0,0.0,0.0,0.0,1.7695566142836938,0.24339841436500986,-2.329816140589685,-1.004101392145385,3.540695881423035,0.5643377819968957,7.0,1.0,48.0,48.2130012512207,48.06100082397461,0.22,31.92,27.76,0.414,-0.286,1.31,0,1,0
1778204807.5584984,1338.408,1.7696353197097778,0.24345171451568604,-2.3297975699054163,-1.0041049162494105,3.5407354831695557,0.5643787384033203,0.0,0.0,-0.0,0.0,0.0,0.0,-0.0961303785443306,3.987122058868408,-1.5087385177612305,0.2041168361902237,-0.02243042178452015,-0.2041168361902237,0.14227542883174835,-0.34691337029090463,0.8900737942915415,-1.3853008284576445,-1.5063918465598194,1.9509067428760973,0.0,0.0,0.0,0.0,0.0,0.0,1.7695566142836938,0.24339841436500986,-2.329816140589685,-1.004101392145385,3.540695881423035,0.5643377819968957,7.0,1.0,48.0,48.2130012512207,48.06100082397461,0.22,31.92,27.76,0.414,-0.286,1.31,0,1,0
1778204807.5660887,1338.416,1.7695753574371338,0.24342775344848633,-2.329773728047506,-1.0040810743915003,3.5407354831695557,0.56440269947052,0.0,0.0,-0.0,0.0,0.0,0.0,-0.1831054836511612,3.977966785430908,-1.5087385177612305,0.2086029201745987,-0.0269165076315403,-0.2310333549976349,0.14225321740840244,-0.34692898982429077,0.8900869399445592,-1.3853393407140697,-1.5063394159188503,1.9508638263618594,0.0,0.0,0.0,0.0,0.0,0.0,1.7695566142836938,0.24339841436500986,-2.329816140589685,-1.004101392145385,3.540695881423035,0.5643377819968957,7.0,1.0,48.0,48.2130012512207,48.06100082397461,0.22,31.92,27.76,0.414,-0.286,1.31,0,1,0
1778204807.5718963,1338.424,1.769647240638733,0.24340379238128662,-2.3297856489764612,-1.0041168371783655,3.5407235622406006,0.56440269947052,0.0,0.0,-0.0,0.0,0.0,0.0,-0.0778198316693306,3.955078601837158,-1.4952876567840576,0.2063598781824112,-0.0381317175924778,-0.2108459621667862,0.14226881306233805,-0.3468748049160514,0.8900951068698,-1.3853549409914252,-1.50634969543996,1.9509651534368269,0.0,0.0,0.0,0.0,0.0,0.0,1.7695566142836938,0.24339841436500986,-2.329816140589685,-1.004101392145385,3.540695881423035,0.5643377819968957,7.0,1.0,48.0,48.2130012512207,48.06100082397461,0.22,31.92,27.76,0.414,-0.286,1.31,0,1,0
1778204807.5812287,1338.432,1.7696112394332886,0.24345171451568604,-2.3297975699054163,-1.0041168371783655,3.5407354831695557,0.5643787384033203,0.0,0.0,-0.0,0.0,0.0,0.0,-0.1052856519818306,3.973389148712158,-1.499771237373352,0.2063598781824112,-0.0448608435690403,-0.2063598781824112,0.14226608209801025,-0.34691197743221314,0.8900744564909447,-1.3853202807158265,-1.506360314013187,1.9509033168890204,0.0,0.0,0.0,0.0,0.0,0.0,1.7695566142836938,0.24339841436500986,-2.329816140589685,-1.004101392145385,3.540695881423035,0.5643377819968957,7.0,1.0,48.0,48.2130012512207,48.06100082397461,0.22,31.92,27.76,0.414,-0.286,1.31,0,1,0
1778204807.5844724,1338.4399999999998,1.7695993185043335,0.2434396743774414,-2.3297856489764612,-1.0040810743915003,3.5407354831695557,0.5643667578697205,0.0,0.0,-0.0,0.0,0.0,0.0,-0.1007080152630806,4.000854969024658,-1.515463948249817,0.2018737941980362,-0.0269165076315403,-0.2265472710132599,0.1422672802273806,-0.34693271781209656,0.8900794731906112,-1.385291110792802,-1.506377448119794,1.9508566845631714,0.0,0.0,0.0,0.0,0.0,0.0,1.7695566142836938,0.24339841436500986,-2.329816140589685,-1.004101392145385,3.540695881423035,0.5643377819968957,7.0,1.0,48.01499938964844,48.2130012512207,48.06100082397461,0.22,31.92,27.76,0.414,-0.286,1.31,0,1,0
1778204807.6003168,1338.4479999999999,1.7696112394332886,0.2434396743774414,-2.3297975699054163,-1.0041049162494105,3.5407354831695557,0.56440269947052,0.0,0.0,-0.0,0.0,0.0,0.0,-0.1052856519818306,3.959656238555908,-1.5311566591262817,0.2041168361902237,-0.0381317175924778,-0.2086029201745987,0.14226120085238014,-0.34690189405004274,0.8900784812520457,-1.385344624897301,-1.5063504691871028,1.9509176894019282,0.0,0.0,0.0,0.0,0.0,0.0,1.7695566142836938,0.24339841436500986,-2.329816140589685,-1.004101392145385,3.540695881423035,0.5643377819968957,7.0,1.0,48.01499938964844,48.2130012512207,48.06100082397461,0.22,31.92,27.76,0.414,-0.286,1.31,0,1,0
1778204807.6028464,1338.456,1.769647240638733,0.2434157133102417,-2.3297856489764612,-1.0040810743915003,3.5407235622406006,0.5644386410713196,0.0,0.0,-0.0,0.0,0.0,0.0,-0.1098632961511612,3.973389148712158,-1.5177057981491089,0.2063598781824112,-0.0426178015768528,-0.2265472710132599,0.14226749472111683,-0.3468893075771154,0.8900891110055673,-1.3853609737793753,-1.5063669908690929,1.9509429830861489,0.0,0.0,0.0,0.0,0.0,0.0,1.7695566142836938,0.24339841436500986,-2.329816140589685,-1.004101392145385,3.540695881423035,0.5643377819968957,7.0,1.0,48.01499938964844,48.25899887084961,48.06100082397461,0.22,31.92,27.76,0.414,-0.286,1.31,0,1,0
1778204807.606869,1338.464,1.7695633172988892,0.24347567558288574,-2.3297975699054163,-1.004068676625387,3.540771245956421,0.56440269947052,0.0,0.0,-0.0,0.0,0.0,0.0,-0.0823974683880806,3.959656238555908,-1.5064966678619385,0.2175751030445099,-0.0358886756002903,-0.2220611870288849,0.14225486610911986,-0.3469531684645472,0.8900630473927478,-1.3853065757958183,-1.506387952634052,1.9508434431159236,0.0,0.0,0.0,0.0,0.0,0.0,1.7695566142836938,0.24339841436500986,-2.329816140589685,-1.004101392145385,3.540695881423035,0.5643377819968957,7.0,1.0,48.01499938964844,48.25899887084961,48.04600143432617,0.22,31.92,27.76,0.414,-0.286,1.31,0,1,0
1778204807.6170456,1338.472,1.769647240638733,0.2434636354446411,-2.329773728047506,-1.0040810743915003,3.5407235622406006,0.56440269947052,0.0,0.0,-0.0,0.0,0.0,0.0,-0.0686645582318306,3.982544422149658,-1.5401238203048706,0.2041168361902237,-0.0515899695456028,-0.1861725002527237,0.14228294031709354,-0.3469446009348352,0.890073780152513,-1.3852864493484582,-1.5064217680897962,1.9508669288877574,0.0,0.0,0.0,0.0,0.0,0.0,1.7695566142836938,0.24339841436500986,-2.329816140589685,-1.004101392145385,3.540695881423035,0.5643377819968957,7.0,1.0,48.01499938964844,48.25899887084961,48.04600143432617,0.22,31.92,27.76,0.414,-0.286,1.31,0,1,0
1778204807.6233826,1338.48,1.7696353197097778,0.24348759651184082,-2.3297856489764612,-1.0040572325335901,3.5406997203826904,0.5643787384033203,0.0,0.0,-0.0,0.0,0.0,0.0,-0.1190185695886612,3.987122058868408,-1.515463948249817,0.2041168361902237,-0.0269165076315403,-0.1659851223230362,0.14228508668309284,-0.34696717197108945,0.8900607893216368,-1.3852554278370375,-1.5064198875545762,1.950799420889115,0.0,0.0,0.0,0.0,0.0,0.0,1.7695566142836938,0.24339841436500986,-2.329816140589685,-1.004101392145385,3.540695881423035,0.5643377819968957,7.0,1.0,48.01499938964844,48.25899887084961,48.04600143432617,0.22,31.92,27.76,0.414,-0.286,1.31,0,1,0
1778204807.6264126,1338.4879999999998,1.7695993185043335,0.2434636354446411,-2.329773728047506,-1.004068676625387,3.5406997203826904,0.5643667578697205,0.0,0.0,-0.0,0.0,0.0,0.0,-0.0961303785443306,3.991699695587158,-1.5064966678619385,0.1973877102136612,-0.0314025916159153,-0.1996307522058487,0.1422722027194484,-0.3469633503227613,0.8900728191011393,-1.385275873877286,-1.5063738742454966,1.9507924259647915,0.0,0.0,0.0,0.0,0.0,0.0,1.7695566142836938,0.24339841436500986,-2.329816140589685,-1.004101392145385,3.540695881423035,0.5643377819968957,7.0,1.0,48.01499938964844,48.25899887084961,48.04600143432617,0.22,31.92,27.76,0.414,-0.286,1.31,0,1,0
1778204807.6443474,1338.4959999999999,1.769647240638733,0.24347567558288574,-2.3297975699054163,-1.0041287581073206,3.5407235622406006,0.5643787384033203,0.0,0.0,-0.0,0.0,0.0,0.0,-0.0961303785443306,3.964233875274658,-1.5177057981491089,0.2063598781824112,-0.0358886756002903,-0.2287903130054474,0.1422805680001401,-0.3469189678492359,0.890066349359308,-1.3853002030957944,-1.5063916061724567,1.9509068982069262,0.0,0.0,0.0,0.0,0.0,0.0,1.7695566142836938,0.24339841436500986,-2.329816140589685,-1.004101392145385,3.540695881423035,0.5643377819968957,7.0,1.0,48.01499938964844,48.25899887084961,48.04600143432617,0.22,31.92,27.76,0.414,-0.286,1.31,0,1,0
1778204807.6466568,1338.4959999999999,1.769647240638733,0.24347567558288574,-2.3297975699054163,-1.0041287581073206,3.5407235622406006,0.5643787384033203,0.0,0.0,-0.0,0.0,0.0,0.0,-0.0961303785443306,3.964233875274658,-1.5177057981491089,0.2063598781824112,-0.0358886756002903,-0.2287903130054474,0.1422805680001401,-0.3469189678492359,0.890066349359308,-1.3853002030957944,-1.5063916061724567,1.9509068982069262,0.0,0.0,0.0,0.0,0.0,0.0,1.7695566142836938,0.24339841436500986,-2.329816140589685,-1.004101392145385,3.540695881423035,0.5643377819968957,7.0,1.0,48.01499938964844,48.25899887084961,48.04600143432617,0.27,31.94,27.72,0.412,-0.289,1.31,0,0,1
1778204807.6490972,1338.504,1.7696353197097778,0.24342775344848633,-2.3297975699054163,-1.0041049162494105,3.5407235622406006,0.5643787384033203,0.0,0.0,-0.0,0.0,0.0,0.0,-0.1327514797449112,3.991699695587158,-1.5199475288391113,0.1996307522058487,-0.0403747595846653,-0.2086029201745987,0.1422712032530371,-0.34689449838969294,0.8900826719082131,-1.3853212115661098,-1.506363806609035,1.950921948077932,0.0,0.0,0.0,0.0,0.0,0.0,1.7695566142836938,0.24339841436500986,-2.329816140589685,-1.004101392145385,3.540695881423035,0.5643377819968957,7.0,1.0,48.01499938964844,48.25899887084961,48.04600143432617,0.27,31.94,27.72,0.412,-0.289,1.31,0,1,0
1778204807.6655736,1338.512,1.769647240638733,0.24345171451568604,-2.329773728047506,-1.004068676625387,3.5407354831695557,0.5643907189369202,0.0,0.0,-0.0,0.0,0.0,0.0,-0.1419067531824112,3.991699695587158,-1.5244312286376953,0.2108459621667862,-0.0471038855612278,-0.2130890041589737,0.14228482698780828,-0.3469446297911154,0.8900773002229582,-1.3852687410290758,-1.5064389499841517,1.9508661493711246,0.0,0.0,0.0,0.0,0.0,0.0,1.7695566142836938,0.24339841436500986,-2.329816140589685,-1.004101392145385,3.540695881423035,0.5643377819968957,7.0,1.0,48.01499938964844,48.25899887084961,48.04600143432617,0.27,31.94,27.72,0.412,-0.289,1.31,0,1,0
1778204807.667862,1338.52,1.769647240638733,0.24348759651184082,-2.3297856489764612,-1.004068676625387,3.5406997203826904,0.5643787384033203,0.0,0.0,-0.0,0.0,0.0,0.0,-0.1190185695886612,3.973389148712158,-1.513222098350525,0.2153320610523224,-0.0336456336081028,-0.1951446682214737,0.14228826948285644,-0.34696084983008885,0.8900614254482847,-1.3852569044638994,-1.5064238820920486,1.9508169237058972,0.0,0.0,0.0,0.0,0.0,0.0,1.7695566142836938,0.24339841436500986,-2.329816140589685,-1.004101392145385,3.540695881423035,0.5643377819968957,7.0,1.0,48.01499938964844,48.25899887084961,48.04600143432617,0.27,31.94,27.72,0.412,-0.289,1.31,0,1,0
1778204807.6699753,1338.528,1.7696353197097778,0.24337971210479736,-2.329773728047506,-1.0041168371783655,3.5407590866088867,0.56440269947052,0.0,0.0,-0.0,0.0,0.0,0.0,-0.1602173000574112,3.982544422149658,-1.513222098350525,0.2220611870288849,-0.0403747595846653,-0.1861725002527237,0.1422650307397971,-0.3468720310498276,0.8901065089005149,-1.3853530695742637,-1.5063656502479272,1.9509892649051885,0.0,0.0,0.0,0.0,0.0,0.0,1.7695566142836938,0.24339841436500986,-2.329816140589685,-1.004101392145385,3.540695881423035,0.5643377819968957,7.0,1.0,48.01499938964844,48.25899887084961,48.04600143432617,0.27,31.94,27.72,0.412,-0.289,1.31,0,1,0
1778204807.6885192,1338.5359999999998,1.7696112394332886,0.2434396743774414,-2.3297975699054163,-1.0040572325335901,3.5407590866088867,0.5644146800041199,0.0,0.0,-0.0,0.0,0.0,0.0,-0.1190185695886612,3.991699695587158,-1.5177057981491089,0.2018737941980362,-0.0358886756002903,-0.1973877102136612,0.14226436505734888,-0.3469201370516344,0.890075851585632,-1.3853160215941147,-1.5064012545664083,1.9508946499032722,0.0,0.0,0.0,0.0,0.0,0.0,1.7695566142836938,0.24339841436500986,-2.329816140589685,-1.004101392145385,3.540695881423035,0.5643377819968957,7.0,1.0,48.01499938964844,48.25899887084961,48.06100082397461,0.27,31.94,27.72,0.412,-0.289,1.31,0,1,0
1778204807.6911306,1338.5439999999999,1.7695993185043335,0.24345171451568604,-2.3297856489764612,-1.0041287581073206,3.5407590866088867,0.5643308162689209,0.0,0.0,-0.0,0.0,0.0,0.0,-0.0961303785443306,3.968811511993408,-1.504254937171936,0.2041168361902237,-0.0448608435690403,-0.2041168361902237,0.1422724373221768,-0.34693321928437454,0.8900772007050572,-1.3852672598045075,-1.5063919550926843,1.9508810989390615,0.0,0.0,0.0,0.0,0.0,0.0,1.7695566142836938,0.24339841436500986,-2.329816140589685,-1.004101392145385,3.540695881423035,0.5643377819968957,7.0,1.0,48.01499938964844,48.25899887084961,48.06100082397461,0.27,31.94,27.72,0.412,-0.289,1.31,0,1,0
1778204807.693056,1338.552,1.7695993185043335,0.24342775344848633,-2.3297975699054163,-1.0041049162494105,3.5407116413116455,0.5643667578697205,0.0,0.0,-0.0,0.0,0.0,0.0,-0.0869751051068306,3.973389148712158,-1.5177057981491089,0.2018737941980362,-0.0471038855612278,-0.2018737941980362,0.1422601273314447,-0.34690160327634423,0.8900825995021973,-1.3853318854329666,-1.5063214938019762,1.950886754735099,0.0,0.0,0.0,0.0,0.0,0.0,1.7695566142836938,0.24339841436500986,-2.329816140589685,-1.004101392145385,3.540695881423035,0.5643377819968957,7.0,1.0,48.01499938964844,48.25899887084961,48.06100082397461,0.27,31.94,27.72,0.412,-0.289,1.31,0,1,0
1778204807.7042859,1338.56,1.7696112394332886,0.2434396743774414,-2.3298097292529505,-1.0041287581073206,3.54074764251709,0.5643547773361206,0.0,0.0,-0.0,0.0,0.0,0.0,-0.0823974683880806,4.005432605743408,-1.515463948249817,0.1996307522058487,-0.0314025916159153,-0.1861725002527237,0.14226578896405864,-0.34689421709050705,0.8900764928671479,-1.3853136994736506,-1.506358060159543,1.9509289269172043,0.0,0.0,0.0,0.0,0.0,0.0,1.7695566142836938,0.24339841436500986,-2.329816140589685,-1.004101392145385,3.540695881423035,0.5643377819968957,7.0,1.0,48.01499938964844,48.25899887084961,48.06100082397461,0.27,31.94,27.72,0.412,-0.289,1.31,0,1,0
1778204807.7076995,1338.568,1.7695993185043335,0.24342775344848633,-2.3298097292529505,-1.0040810743915003,3.54074764251709,0.5643787384033203,0.0,0.0,-0.0,0.0,0.0,0.0,-0.1510620266199112,3.982544422149658,-1.4908039569854736,0.2041168361902237,-0.0291595496237278,-0.2041168361902237,0.14225976900277335,-0.34690037512266086,0.8900784872606954,-1.3853209200642844,-1.5063605876069837,1.9509035259387886,0.0,0.0,0.0,0.0,0.0,0.0,1.7695566142836938,0.24339841436500986,-2.329816140589685,-1.004101392145385,3.540695881423035,0.5643377819968957,7.0,1.0,48.01499938964844,48.25899887084961,48.06100082397461,0.27,31.94,27.72,0.412,-0.289,1.31,0,1,0
1778204807.7120478,1338.576,1.7696353197097778,0.2434396743774414,-2.3297975699054163,-1.0040810743915003,3.54074764251709,0.5643907189369202,0.0,0.0,-0.0,0.0,0.0,0.0,-0.1235962063074112,3.968811511993408,-1.5087385177612305,0.2108459621667862,-0.0381317175924778,-0.2198181450366974,0.1422742015395452,-0.3469120488315041,0.890076974871308,-1.3853000982377366,-1.5064070915102383,1.9509099968616912,0.0,0.0,0.0,0.0,0.0,0.0,1.7695566142836938,0.24339841436500986,-2.329816140589685,-1.004101392145385,3.540695881423035,0.5643377819968957,7.0,1.0,48.01499938964844,48.25899887084961,48.06100082397461,0.27,31.94,27.72,0.412,-0.289,1.31,0,1,0
1778204807.7263346,1338.5839999999998,1.7696353197097778,0.24347567558288574,-2.3297975699054163,-1.0041049162494105,3.5407116413116455,0.56440269947052,0.0,0.0,-0.0,0.0,0.0,0.0,-0.1556396633386612,3.973389148712158,-1.5109803676605225,0.2175751030445099,-0.0291595496237278,-0.1884155422449112,0.14227373892534317,-0.3469234243813703,0.8900653326408497,-1.3853202922041783,-1.5063741672303654,1.9508855962865748,0.0,0.0,0.0,0.0,0.0,0.0,1.7695566142836938,0.24339841436500986,-2.329816140589685,-1.004101392145385,3.540695881423035,0.5643377819968957,7.0,1.0,48.01499938964844,48.25899887084961,48.06100082397461,0.27,31.94,27.72,0.412,-0.289,1.31,0,1,0
1778204807.732595,1338.5919999999999,1.7696112394332886,0.2434396743774414,-2.3297856489764612,-1.0041049162494105,3.5407590866088867,0.56440269947052,0.0,0.0,-0.0,0.0,0.0,0.0,-0.0778198316693306,3.968811511993408,-1.504254937171936,0.2041168361902237,-0.0291595496237278,-0.2220611870288849,0.14226456112569605,-0.3469144453061736,0.8900810704549349,-1.3853267877894573,-1.5063822309779349,1.950920119233708,0.0,0.0,0.0,0.0,0.0,0.0,1.7695566142836938,0.24339841436500986,-2.329816140589685,-1.004101392145385,3.540695881423035,0.5643377819968957,7.0,1.0,48.01499938964844,48.25899887084961,48.06100082397461,0.27,31.94,27.72,0.412,-0.289,1.31,0,1,0
1778204807.7388024,1338.6,1.7695993185043335,0.24342775344848633,-2.329773728047506,-1.0040929953204554,3.5407235622406006,0.5643427968025208,0.0,0.0,-0.0,0.0,0.0,0.0,-0.1190185695886612,3.973389148712158,-1.5109803676605225,0.2041168361902237,-0.0493469275534153,-0.1996307522058487,0.14227007309904965,-0.3469345592880247,0.8900870225650679,-1.3852795506734346,-1.506367281853201,1.9508466413723555,0.0,0.0,0.0,0.0,0.0,0.0,1.7695566142836938,0.24339841436500986,-2.329816140589685,-1.004101392145385,3.540695881423035,0.5643377819968957,7.0,1.0,48.01499938964844,48.24300003051758,48.06100082397461,0.27,31.94,27.72,0.412,-0.289,1.31,0,1,0
1778204807.744703,1338.608,1.7696353197097778,0.2434396743774414,-2.329773728047506,-1.0040929953204554,3.54074764251709,0.5643427968025208,0.0,0.0,-0.0,0.0,0.0,0.0,-0.0503540076315403,3.977966785430908,-1.5087385177612305,0.1951446682214737,-0.0358886756002903,-0.1816864162683487,0.1422856064108116,-0.34694030331397574,0.8900825227649904,-1.385243865658793,-1.5064346864845082,1.9508706713282062,0.0,0.0,0.0,0.0,0.0,0.0,1.7695566142836938,0.24339841436500986,-2.329816140589685,-1.004101392145385,3.540695881423035,0.5643377819968957,7.0,1.0,48.0,48.24300003051758,48.029998779296875,0.27,31.94,27.72,0.412,-0.289,1.31,0,1,0
1778204807.7594235,1338.616,1.7696112394332886,0.24342775344848633,-2.3297856489764612,-1.004068676625387,3.5407235622406006,0.56440269947052,0.0,0.0,-0.0,0.0,0.0,0.0,-0.0595092847943306,3.982544422149658,-1.5289148092269897,0.2086029201745987,-0.0381317175924778,-0.2086029201745987,0.14226394372219955,-0.3469172964626447,0.890083608955993,-1.385326560361756,-1.5063627940788964,1.9508779770094948,0.0,0.0,0.0,0.0,0.0,0.0,1.7695566142836938,0.24339841436500986,-2.329816140589685,-1.004101392145385,3.540695881423035,0.5643377819968957,7.0,1.0,48.0,48.24300003051758,48.029998779296875,0.27,31.94,27.72,0.412,-0.289,1.31,0,1,0
1778204807.767629,1338.624,1.7695872783660889,0.24345171451568604,-2.3297856489764612,-1.004068676625387,3.5407354831695557,0.5643907189369202,0.0,0.0,-0.0,0.0,0.0,0.0,-0.1144409328699112,3.950500965118408,-1.5423656702041626,0.2130890041589737,-0.0358886756002903,-0.1929016262292862,0.14226188650761662,-0.346942530775876,0.8900746040088348,-1.3853057721544084,-1.5063722819640035,1.9508414432293701,0.0,0.0,0.0,0.0,0.0,0.0,1.7695566142836938,0.24339841436500986,-2.329816140589685,-1.004101392145385,3.540695881423035,0.5643377819968957,7.0,1.0,48.0,48.24300003051758,48.029998779296875,0.27,31.94,27.72,0.412,-0.289,1.31,0,1,0
1778204807.7761693,1338.6319999999998,1.7696112394332886,0.24340379238128662,-2.3298097292529505,-1.0041049162494105,3.5407116413116455,0.5643547773361206,0.0,0.0,-0.0,0.0,0.0,0.0,-0.1190185695886612,3.987122058868408,-1.5087385177612305,0.2063598781824112,-0.0471038855612278,-0.1906585842370987,0.14226050661213432,-0.3468741164135293,0.8900885447972533,-1.3853368305388296,-1.5063137883734286,1.9509197374387508,0.0,0.0,0.0,0.0,0.0,0.0,1.7695566142836938,0.24339841436500986,-2.329816140589685,-1.004101392145385,3.540695881423035,0.5643377819968957,7.0,1.0,48.0,48.24300003051758,48.029998779296875,0.27,31.94,27.72,0.412,-0.289,1.31,0,1,0
1778204807.7850065,1338.6399999999999,1.7695993185043335,0.2434636354446411,-2.3297975699054163,-1.0040572325335901,3.5407116413116455,0.5643667578697205,0.0,0.0,-0.0,0.0,0.0,0.0,-0.0869751051068306,3.955078601837158,-1.5109803676605225,0.1996307522058487,-0.0314025916159153,-0.2063598781824112,0.14226950025720725,-0.34694768640785456,0.890066736538111,-1.3852785731347446,-1.5063774666142078,1.9508104683011764,0.0,0.0,0.0,0.0,0.0,0.0,1.7695566142836938,0.24339841436500986,-2.329816140589685,-1.004101392145385,3.540695881423035,0.5643377819968957,7.0,1.0,48.0,48.24300003051758,48.029998779296875,0.27,31.94,27.72,0.412,-0.289,1.31,0,1,0
1778204807.787349,1338.648,1.7696353197097778,0.2434157133102417,-2.3297856489764612,-1.0041049162494105,3.5407354831695557,0.5644146800041199,0.0,0.0,-0.0,0.0,0.0,0.0,-0.1098632961511612,3.973389148712158,-1.5177057981491089,0.2063598781824112,-0.0291595496237278,-0.2063598781824112,0.14226605290716063,-0.34688824306819477,0.8900901277174456,-1.3853525861352,-1.5063611132743087,1.9509501375947473,0.0,0.0,0.0,0.0,0.0,0.0,1.7695566142836938,0.24339841436500986,-2.329816140589685,-1.004101392145385,3.540695881423035,0.5643377819968957,7.0,1.0,48.0,48.24300003051758,48.029998779296875,0.27,31.94,27.72,0.412,-0.289,1.31,0,1,0
1778204807.801785,1338.656,1.7696353197097778,0.24342775344848633,-2.329773728047506,-1.0041049162494105,3.5407235622406006,0.5643907189369202,0.0,0.0,-0.0,0.0,0.0,0.0,-0.0274658240377903,3.977966785430908,-1.513222098350525,0.1906585842370987,-0.0336456336081028,-0.1906585842370987,0.14227344668479852,-0.34691280492215887,0.890088191990063,-1.3853181806870174,-1.506374984222147,1.9509073060085027,0.0,0.0,0.0,0.0,0.0,0.0,1.7695566142836938,0.24339841436500986,-2.329816140589685,-1.004101392145385,3.540695881423035,0.5643377819968957,7.0,1.0,48.0,48.24300003051758,48.029998779296875,0.27,31.94,27.72,0.412,-0.289,1.31,0,1,0
1778204807.810514,1338.656,1.7696353197097778,0.24342775344848633,-2.329773728047506,-1.0041049162494105,3.5407235622406006,0.5643907189369202,0.0,0.0,-0.0,0.0,0.0,0.0,-0.0274658240377903,3.977966785430908,-1.513222098350525,0.1906585842370987,-0.0336456336081028,-0.1906585842370987,0.14227344668479852,-0.34691280492215887,0.890088191990063,-1.3853181806870174,-1.506374984222147,1.9509073060085027,0.0,0.0,0.0,0.0,0.0,0.0,1.7695566142836938,0.24339841436500986,-2.329816140589685,-1.004101392145385,3.540695881423035,0.5643377819968957,7.0,1.0,48.0,48.24300003051758,48.029998779296875,0.1,32.14,28.14,0.403,-0.272,1.302,0,0,1
1778204807.8136957,1338.664,1.7696592807769775,0.2434396743774414,-2.3298097292529505,-1.004068676625387,3.5407235622406006,0.56440269947052,0.0,0.0,-0.0,0.0,0.0,0.0,-0.0732421949505806,3.991699695587158,-1.5378820896148682,0.2041168361902237,-0.0358886756002903,-0.2377624809741974,0.14227808747436288,-0.3468978954286801,0.8900737719491684,-1.3853107621713292,-1.5064015449256887,1.9509175457956531,0.0,0.0,0.0,0.0,0.0,0.0,1.7695566142836938,0.24339841436500986,-2.329816140589685,-1.004101392145385,3.540695881423035,0.5643377819968957,7.0,1.0,48.0,48.24300003051758,48.029998779296875,0.1,32.14,28.14,0.403,-0.272,1.302,0,1,0
1778204807.8201597,1338.672,1.7696112394332886,0.24342775344848633,-2.3297856489764612,-1.0041411558734339,3.5407354831695557,0.5643787384033203,0.0,0.0,-0.0,0.0,0.0,0.0,-0.1144409328699112,3.987122058868408,-1.502013087272644,0.2018737941980362,-0.0358886756002903,-0.2153320610523224,0.14226258620452592,-0.34689487532288443,0.8900873271144878,-1.3853434649401675,-1.5063360026743609,1.9509365278420772,0.0,0.0,0.0,0.0,0.0,0.0,1.7695566142836938,0.24339841436500986,-2.329816140589685,-1.004101392145385,3.540695881423035,0.5643377819968957,7.0,1.0,48.0,48.25899887084961,48.029998779296875,0.1,32.14,28.14,0.403,-0.272,1.302,0,1,0
1778204807.82664,1338.6799999999998,1.7696112394332886,0.2434636354446411,-2.3297856489764612,-1.0040810743915003,3.5407235622406006,0.56440269947052,0.0,0.0,-0.0,0.0,0.0,0.0,-0.1281738430261612,3.987122058868408,-1.5177057981491089,0.2018737941980362,-0.0358886756002903,-0.2153320610523224,0.1422683129024166,-0.3469390929636033,0.8900710839545475,-1.3853117191442426,-1.5063785322804624,1.9508564413943843,0.0,0.0,0.0,0.0,0.0,0.0,1.7695566142836938,0.24339841436500986,-2.329816140589685,-1.004101392145385,3.540695881423035,0.5643377819968957,7.0,1.0,48.0,48.25899887084961,48.04600143432617,0.1,32.14,28.14,0.403,-0.272,1.302,0,1,0
1778204807.82999,1338.6879999999999,1.7696112394332886,0.2434157133102417,-2.329761568699972,-1.0040810743915003,3.5406997203826904,0.5643787384033203,0.0,0.0,-0.0,0.0,0.0,0.0,-0.0869751051068306,3.950500965118408,-1.515463948249817,0.2041168361902237,-0.0336456336081028,-0.2063598781824112,0.14226824069485952,-0.3469287282920631,0.8900940336317171,-1.3853128010131572,-1.506348432160413,1.950850664425999,0.0,0.0,0.0,0.0,0.0,0.0,1.7695566142836938,0.24339841436500986,-2.329816140589685,-1.004101392145385,3.540695881423035,0.5643377819968957,7.0,1.0,48.01499938964844,48.25899887084961,48.04600143432617,0.1,32.14,28.14,0.403,-0.272,1.302,0,1,0
1778204807.846244,1338.696,1.7696353197097778,0.24347567558288574,-2.3298216501819056,-1.0040929953204554,3.5406875610351562,0.5643667578697205,0.0,0.0,-0.0,0.0,0.0,0.0,-0.0823974683880806,3.964233875274658,-1.5087385177612305,0.2063598781824112,-0.0291595496237278,-0.2310333549976349,0.1422752590562188,-0.34691367077058877,0.890058952971656,-1.3853019536066922,-1.506356361592874,1.9508617991956596,0.0,0.0,0.0,0.0,0.0,0.0,1.7695566142836938,0.24339841436500986,-2.329816140589685,-1.004101392145385,3.540695881423035,0.5643377819968957,7.0,1.0,48.01499938964844,48.25899887084961,48.04600143432617,0.1,32.14,28.14,0.403,-0.272,1.302,0,1,0
1778204807.85321,1338.704,1.7695753574371338,0.2434636354446411,-2.3297975699054163,-1.004068676625387,3.5407590866088867,0.5643667578697205,0.0,0.0,-0.0,0.0,0.0,0.0,-0.1281738430261612,3.968811511993408,-1.5221893787384033,0.2041168361902237,-0.0336456336081028,-0.2377624809741974,0.1422626933221285,-0.34695033089173744,0.8900671562860356,-1.3852770827485967,-1.5063940754375702,1.9508334231842825,0.0,0.0,0.0,0.0,0.0,0.0,1.7695566142836938,0.24339841436500986,-2.329816140589685,-1.004101392145385,3.540695881423035,0.5643377819968957,7.0,1.0,48.01499938964844,48.25899887084961,48.04600143432617,0.1,32.14,28.14,0.403,-0.272,1.302,0,1,0
1778204807.8622983,1338.712,1.7696112394332886,0.2434157133102417,-2.3297856489764612,-1.0040929953204554,3.5406997203826904,0.5643907189369202,0.0,0.0,-0.0,0.0,0.0,0.0,-0.1419067531824112,3.964233875274658,-1.515463948249817,0.2041168361902237,-0.0448608435690403,-0.1973877102136612,0.1422609005855745,-0.3468994834431748,0.8900893753256841,-1.3853479506188195,-1.50631934990712,1.9508906056893278,0.0,0.0,0.0,0.0,0.0,0.0,1.7695566142836938,0.24339841436500986,-2.329816140589685,-1.004101392145385,3.540695881423035,0.5643377819968957,7.0,1.0,48.01499938964844,48.25899887084961,48.04600143432617,0.1,32.14,28.14,0.403,-0.272,1.302,0,1,0
1778204807.8669147,1338.72,1.7696112394332886,0.24342775344848633,-2.3298216501819056,-1.0040572325335901,3.5406875610351562,0.5643427968025208,0.0,0.0,-0.0,0.0,0.0,0.0,-0.1235962063074112,3.945923328399658,-1.5087385177612305,0.2041168361902237,-0.0314025916159153,-0.1861725002527237,0.1422667310347865,-0.346901657131709,0.8900743592575764,-1.3852969636752048,-1.5063344156704601,1.950844550625369,0.0,0.0,0.0,0.0,0.0,0.0,1.7695566142836938,0.24339841436500986,-2.329816140589685,-1.004101392145385,3.540695881423035,0.5643377819968957,7.0,1.0,48.01499938964844,48.25899887084961,48.04600143432617,0.1,32.14,28.14,0.403,-0.272,1.302,0,1,0
1778204807.868886,1338.7279999999998,1.7696112394332886,0.24345171451568604,-2.329773728047506,-1.0041168371783655,3.5407235622406006,0.5643907189369202,0.0,0.0,-0.0,0.0,0.0,0.0,-0.1419067531824112,3.973389148712158,-1.5221893787384033,0.2041168361902237,-0.0358886756002903,-0.2287903130054474,0.14226770718962964,-0.3469293138798306,0.8900800304831448,-1.385322421083311,-1.5063595055797032,1.9508819546317708,0.0,0.0,0.0,0.0,0.0,0.0,1.7695566142836938,0.24339841436500986,-2.329816140589685,-1.004101392145385,3.540695881423035,0.5643377819968957,7.0,1.0,48.01499938964844,48.25899887084961,48.04600143432617,0.1,32.14,28.14,0.403,-0.272,1.302,0,1,0
1778204807.8847094,1338.7359999999999,1.7696353197097778,0.2434157133102417,-2.3297975699054163,-1.004068676625387,3.54074764251709,0.56440269947052,0.0,0.0,-0.0,0.0,0.0,0.0,-0.1007080152630806,3.987122058868408,-1.5266729593276978,0.2041168361902237,-0.0403747595846653,-0.2130890041589737,0.14226959574971143,-0.3468962053124294,0.890085236188664,-1.3853195385213337,-1.506394459786792,1.950927733683956,0.0,0.0,0.0,0.0,0.0,0.0,1.7695566142836938,0.24339841436500986,-2.329816140589685,-1.004101392145385,3.540695881423035,0.5643377819968957,7.0,1.0,48.01499938964844,48.25899887084961,48.04600143432617,0.1,32.14,28.14,0.403,-0.272,1.302,0,1,0
1778204807.8973966,1338.744,1.7696353197097778,0.24349963665008545,-2.3297856489764612,-1.0040810743915003,3.5407235622406006,0.5643667578697205,0.0,0.0,-0.0,0.0,0.0,0.0,-0.1098632961511612,3.964233875274658,-1.5221893787384033,0.2108459621667862,-0.0381317175924778,-0.1861725002527237,0.14228818007253285,-0.34697142359447736,0.8900574444201703,-1.3852405427655834,-1.5064408413113834,1.9508164599860291,0.0,0.0,0.0,0.0,0.0,0.0,1.7695566142836938,0.24339841436500986,-2.329816140589685,-1.004101392145385,3.540695881423035,0.5643377819968957,7.0,1.0,48.01499938964844,48.2130012512207,48.04600143432617,0.1,32.14,28.14,0.403,-0.272,1.302,0,1,0
1778204807.9052334,1338.752,1.7695993185043335,0.2434636354446411,-2.3297856489764612,-1.0040929953204554,3.5407590866088867,0.5643667578697205,0.0,0.0,-0.0,0.0,0.0,0.0,-0.1510620266199112,3.982544422149658,-1.5244312286376953,0.2063598781824112,-0.0291595496237278,-0.2422485649585724,0.14227111791372007,-0.34694772183124095,0.8900712039558583,-1.3852732940129706,-1.5064092510776368,1.9508589278447213,0.0,0.0,0.0,0.0,0.0,0.0,1.7695566142836938,0.24339841436500986,-2.329816140589685,-1.004101392145385,3.540695881423035,0.5643377819968957,7.0,1.0,48.01499938964844,48.2130012512207,48.04600143432617,0.1,32.14,28.14,0.403,-0.272,1.302,0,1,0
1778204807.9116094,1338.76,1.7695872783660889,0.24345171451568604,-2.3298097292529505,-1.0041049162494105,3.5407116413116455,0.5643667578697205,0.0,0.0,-0.0,0.0,0.0,0.0,-0.0869751051068306,3.982544422149658,-1.5221893787384033,0.2130890041589737,-0.0403747595846653,-0.2310333549976349,0.14225737798654361,-0.34691037521530776,0.8900710255869186,-1.385330333776193,-1.5063175836827398,1.950868777918069,0.0,0.0,0.0,0.0,0.0,0.0,1.7695566142836938,0.24339841436500986,-2.329816140589685,-1.004101392145385,3.540695881423035,0.5643377819968957,7.0,1.0,48.01499938964844,48.2130012512207,48.04600143432617,0.1,32.14,28.14,0.403,-0.272,1.302,0,1,0
1778204807.9141135,1338.768,1.7695993185043335,0.24337971210479736,-2.329773728047506,-1.004068676625387,3.5406875610351562,0.5643787384033203,0.0,0.0,-0.0,0.0,0.0,0.0,-0.1052856519818306,3.973389148712158,-1.5311566591262817,0.1996307522058487,-0.0358886756002903,-0.1861725002527237,0.14225690824017834,-0.346896705578078,0.8901039067907939,-1.3853465939064191,-1.5063005407735712,1.9508694729349367,0.0,0.0,0.0,0.0,0.0,0.0,1.7695566142836938,0.24339841436500986,-2.329816140589685,-1.004101392145385,3.540695881423035,0.5643377819968957,7.0,1.0,48.01499938964844,48.2130012512207,48.04600143432617,0.1,32.14,28.14,0.403,-0.272,1.302,0,1,0
1778204807.9283354,1338.7759999999998,1.7695993185043335,0.24342775344848633,-2.3297975699054163,-1.0041411558734339,3.5407354831695557,0.5643787384033203,0.0,0.0,-0.0,0.0,0.0,0.0,-0.1098632961511612,3.973389148712158,-1.5199475288391113,0.2063598781824112,-0.0381317175924778,-0.2108459621667862,0.1422563141330675,-0.34688594116201893,0.8900846301940182,-1.3853569140954118,-1.5063163149707242,1.95094032955679,0.0,0.0,0.0,0.0,0.0,0.0,1.7695566142836938,0.24339841436500986,-2.329816140589685,-1.004101392145385,3.540695881423035,0.5643377819968957,7.0,1.0,48.01499938964844,48.2130012512207,48.04600143432617,0.1,32.14,28.14,0.403,-0.272,1.302,0,1,0
1778204807.93113,1338.7839999999999,1.7695993185043335,0.2434396743774414,-2.3297975699054163,-1.0040929953204554,3.5406997203826904,0.56440269947052,0.0,0.0,-0.0,0.0,0.0,0.0,-0.0869751051068306,3.987122058868408,-1.5177057981491089,0.2063598781824112,-0.0336456336081028,-0.2198181450366974,0.14225620481257603,-0.3469054976807972,0.8900779819956663,-1.385358354828145,-1.5063108359354798,1.9508795916695545,0.0,0.0,0.0,0.0,0.0,0.0,1.7695566142836938,0.24339841436500986,-2.329816140589685,-1.004101392145385,3.540695881423035,0.5643377819968957,7.0,1.0,48.01499938964844,48.2130012512207,48.04600143432617,0.1,32.14,28.14,0.403,-0.272,1.302,0,1,0
1778204807.9442308,1338.792,1.7696353197097778,0.2434157133102417,-2.3298097292529505,-1.0040448347674769,3.5407116413116455,0.5643667578697205,0.0,0.0,-0.0,0.0,0.0,0.0,-0.1144409328699112,3.968811511993408,-1.515463948249817,0.2041168361902237,-0.0403747595846653,-0.2018737941980362,0.14227362837477617,-0.34690093023658763,0.8900809447957214,-1.3852911385971611,-1.5063806794879018,1.950875477814714,0.0,0.0,0.0,0.0,0.0,0.0,1.7695566142836938,0.24339841436500986,-2.329816140589685,-1.004101392145385,3.540695881423035,0.5643377819968957,7.0,1.0,48.01499938964844,48.2130012512207,48.04600143432617,0.1,32.14,28.14,0.403,-0.272,1.302,0,1,0
1778204807.9513745,1338.8,1.7696353197097778,0.2434636354446411,-2.329773728047506,-1.0040810743915003,3.5407354831695557,0.56440269947052,0.0,0.0,-0.0,0.0,0.0,0.0,-0.1419067531824112,3.968811511993408,-1.5266729593276978,0.1973877102136612,-0.0358886756002903,-0.2377624809741974,0.14227942228523777,-0.34694726736714354,0.8900737258007652,-1.3852871301001537,-1.5064220964503012,1.950866574533795,0.0,0.0,0.0,0.0,0.0,0.0,1.7695566142836938,0.24339841436500986,-2.329816140589685,-1.004101392145385,3.540695881423035,0.5643377819968957,7.0,1.0,48.01499938964844,48.2130012512207,48.04600143432617,0.1,32.14,28.14,0.403,-0.272,1.302,0,1,0
1778204807.9571774,1338.808,1.7696353197097778,0.24345171451568604,-2.3297975699054163,-1.0040572325335901,3.5407590866088867,0.5643547773361206,0.0,0.0,-0.0,0.0,0.0,0.0,-0.0915527418255806,3.987122058868408,-1.5199475288391113,0.2086029201745987,-0.0336456336081028,-0.2243042290210724,0.1422846864297213,-0.34694047296888025,0.8900707834796131,-1.3852357225736849,-1.5064572708563417,1.9508623753143515,0.0,0.0,0.0,0.0,0.0,0.0,1.7695566142836938,0.24339841436500986,-2.329816140589685,-1.004101392145385,3.540695881423035,0.5643377819968957,7.0,1.0,48.01499938964844,48.2130012512207,48.04600143432617,0.1,32.14,28.14,0.403,-0.272,1.302,0,1,0
1778204807.9598486,1338.816,1.7695872783660889,0.24340379238128662,-2.329773728047506,-1.0040810743915003,3.54074764251709,0.56440269947052,0.0,0.0,-0.0,0.0,0.0,0.0,-0.1052856519818306,3.996277332305908,-1.5199475288391113,0.2018737941980362,-0.0336456336081028,-0.2265472710132599,0.14225437648749764,-0.34691038163847887,0.8900957080879559,-1.3853434268116955,-1.5063472456329465,1.9508996803740721,0.0,0.0,0.0,0.0,0.0,0.0,1.7695566142836938,0.24339841436500986,-2.329816140589685,-1.004101392145385,3.540695881423035,0.5643377819968957,7.0,1.0,48.01499938964844,48.198001861572266,48.04600143432617,0.1,32.14,28.14,0.403,-0.272,1.302,0,1,0
1778204807.975598,1338.816,1.7695872783660889,0.24340379238128662,-2.329773728047506,-1.0040810743915003,3.54074764251709,0.56440269947052,0.0,0.0,-0.0,0.0,0.0,0.0,-0.1052856519818306,3.996277332305908,-1.5199475288391113,0.2018737941980362,-0.0336456336081028,-0.2265472710132599,0.14225437648749764,-0.34691038163847887,0.8900957080879559,-1.3853434268116955,-1.5063472456329465,1.9508996803740721,0.0,0.0,0.0,0.0,0.0,0.0,1.7695566142836938,0.24339841436500986,-2.329816140589685,-1.004101392145385,3.540695881423035,0.5643377819968957,7.0,1.0,48.01499938964844,48.198001861572266,48.04600143432617,0.11,32.23,28.01,0.402,-0.273,1.299,0,0,1
1778204807.978144,1338.8239999999998,1.7695872783660889,0.2434157133102417,-2.3298097292529505,-1.0040810743915003,3.5407235622406006,0.5643787384033203,0.0,0.0,-0.0,0.0,0.0,0.0,-0.0915527418255806,3.973389148712158,-1.513222098350525,0.2063598781824112,-0.0403747595846653,-0.1996307522058487,0.14225253172272376,-0.3468911324659703,0.8900830303254152,-1.3853449182827384,-1.5063165341513742,1.9508938234427122,0.0,0.0,0.0,0.0,0.0,0.0,1.7695566142836938,0.24339841436500986,-2.329816140589685,-1.004101392145385,3.540695881423035,0.5643377819968957,7.0,1.0,48.01499938964844,48.198001861572266,48.01499938964844,0.11,32.23,28.01,0.402,-0.273,1.299,0,1,0
1778204807.9816084,1338.8319999999999,1.7695993185043335,0.24342775344848633,-2.3298097292529505,-1.0040929953204554,3.5407235622406006,0.5643907189369202,0.0,0.0,-0.0,0.0,0.0,0.0,-0.1052856519818306,3.987122058868408,-1.504254937171936,0.2108459621667862,-0.0358886756002903,-0.1929016262292862,0.14225549720208247,-0.3468906428821331,0.8900793856392908,-1.3853511652432475,-1.5063235118848117,1.9509079238383829,0.0,0.0,0.0,0.0,0.0,0.0,1.7695566142836938,0.24339841436500986,-2.329816140589685,-1.004101392145385,3.540695881423035,0.5643377819968957,7.0,1.0,48.01499938964844,48.198001861572266,48.01499938964844,0.11,32.23,28.01,0.402,-0.273,1.299,0,1,0
1778204807.9974103,1338.84,1.7696353197097778,0.24345171451568604,-2.3298097292529505,-1.0041168371783655,3.540771245956421,0.5643667578697205,0.0,0.0,-0.0,0.0,0.0,0.0,-0.1419067531824112,3.959656238555908,-1.515463948249817,0.2108459621667862,-0.0291595496237278,-0.2041168361902237,0.14227614081382395,-0.34690357298982,0.8900714164464214,-1.3852885311205771,-1.5064165118221244,1.9509417508969136,0.0,0.0,0.0,0.0,0.0,0.0,1.7695566142836938,0.24339841436500986,-2.329816140589685,-1.004101392145385,3.540695881423035,0.5643377819968957,7.0,1.0,48.01499938964844,48.198001861572266,48.01499938964844,0.11,32.23,28.01,0.402,-0.273,1.299,0,1,0
1778204808.005216,1338.848,1.7695993185043335,0.2434396743774414,-2.3297856489764612,-1.0041049162494105,3.5407235622406006,0.5643667578697205,0.0,0.0,-0.0,0.0,0.0,0.0,-0.0869751051068306,3.973389148712158,-1.5266729593276978,0.2041168361902237,-0.0448608435690403,-0.2041168361902237,0.14226467654986455,-0.3469221099700989,0.8900808521277059,-1.3853115478190585,-1.5063494958912922,1.9508716913198678,0.0,0.0,0.0,0.0,0.0,0.0,1.7695566142836938,0.24339841436500986,-2.329816140589685,-1.004101392145385,3.540695881423035,0.5643377819968957,7.0,1.0,48.01499938964844,48.198001861572266,48.01499938964844,0.11,32.23,28.01,0.402,-0.273,1.299,0,1,0
1778204808.0079367,1338.856,1.7696353197097778,0.2434396743774414,-2.3297975699054163,-1.0040929953204554,3.5406997203826904,0.5643547773361206,0.0,0.0,-0.0,0.0,0.0,0.0,-0.0915527418255806,3.964233875274658,-1.5177057981491089,0.2041168361902237,-0.0381317175924778,-0.2108459621667862,0.14227681680135051,-0.34691218975514565,0.8900774750974091,-1.385292018729113,-1.5063655656513792,1.9508725175923414,0.0,0.0,0.0,0.0,0.0,0.0,1.7695566142836938,0.24339841436500986,-2.329816140589685,-1.004101392145385,3.540695881423035,0.5643377819968957,7.0,1.0,47.986000061035156,48.198001861572266,48.01499938964844,0.11,32.23,28.01,0.402,-0.273,1.299,0,1,0
1778204808.0112073,1338.864,1.7696353197097778,0.24345171451568604,-2.3298335711108606,-1.0040929953204554,3.5407354831695557,0.5643907189369202,0.0,0.0,-0.0,0.0,0.0,0.0,-0.1510620266199112,3.991699695587158,-1.515463948249817,0.2086029201745987,-0.0358886756002903,-0.2041168361902237,0.14226793686888484,-0.34688313330461584,0.8900651146705238,-1.3853283106240333,-1.506370701678024,1.9509358336285212,0.0,0.0,0.0,0.0,0.0,0.0,1.7695566142836938,0.24339841436500986,-2.329816140589685,-1.004101392145385,3.540695881423035,0.5643377819968957,7.0,1.0,47.986000061035156,48.198001861572266,48.01499938964844,0.11,32.23,28.01,0.402,-0.273,1.299,0,1,0
1778204808.026508,1338.8719999999998,1.7696353197097778,0.24345171451568604,-2.3297856489764612,-1.0041287581073206,3.5407590866088867,0.5643667578697205,0.0,0.0,-0.0,0.0,0.0,0.0,-0.1190185695886612,3.968811511993408,-1.515463948249817,0.2063598781824112,-0.0358886756002903,-0.1906585842370987,0.1422788344188698,-0.3469192371800489,0.8900775810693715,-1.3852860898345665,-1.506412521683606,1.95092379048255,0.0,0.0,0.0,0.0,0.0,0.0,1.7695566142836938,0.24339841436500986,-2.329816140589685,-1.004101392145385,3.540695881423035,0.5643377819968957,7.0,1.0,47.986000061035156,48.198001861572266,48.01499938964844,0.11,32.23,28.01,0.402,-0.273,1.299,0,1,0
1778204808.029034,1338.8799999999999,1.7696112394332886,0.24342775344848633,-2.3297856489764612,-1.004068676625387,3.54074764251709,0.5643907189369202,0.0,0.0,-0.0,0.0,0.0,0.0,-0.1235962063074112,3.964233875274658,-1.504254937171936,0.2086029201745987,-0.0403747595846653,-0.1973877102136612,0.14226722264219313,-0.346922209894102,0.8900833725057751,-1.3853039485168017,-1.506391886626892,1.9508844418330802,0.0,0.0,0.0,0.0,0.0,0.0,1.7695566142836938,0.24339841436500986,-2.329816140589685,-1.004101392145385,3.540695881423035,0.5643377819968957,7.0,1.0,47.986000061035156,48.198001861572266,48.01499938964844,0.11,32.23,28.01,0.402,-0.273,1.299,0,1,0
1778204808.039489,1338.888,1.7696112394332886,0.24340379238128662,-2.329761568699972,-1.0041287581073206,3.5407235622406006,0.5643308162689209,0.0,0.0,-0.0,0.0,0.0,0.0,-0.1327514797449112,3.982544422149658,-1.504254937171936,0.2086029201745987,-0.0358886756002903,-0.2108459621667862,0.14227183321757939,-0.34691430085997965,0.89010045682555,-1.3852918932298135,-1.5063520062646507,1.9508900280822452,0.0,0.0,0.0,0.0,0.0,0.0,1.7695566142836938,0.24339841436500986,-2.329816140589685,-1.004101392145385,3.540695881423035,0.5643377819968957,7.0,1.0,47.986000061035156,48.22800064086914,48.01499938964844,0.11,32.23,28.01,0.402,-0.273,1.299,0,1,0
1778204808.044898,1338.896,1.7696112394332886,0.2434157133102417,-2.3298097292529505,-1.0040572325335901,3.5407354831695557,0.5643308162689209,0.0,0.0,-0.0,0.0,0.0,0.0,-0.1144409328699112,3.982544422149658,-1.5199475288391113,0.1973877102136612,-0.0336456336081028,-0.2086029201745987,0.14227157054175624,-0.34691014529996594,0.890081144503688,-1.3852640539227907,-1.5063874407655087,1.9508645980316943,0.0,0.0,0.0,0.0,0.0,0.0,1.7695566142836938,0.24339841436500986,-2.329816140589685,-1.004101392145385,3.540695881423035,0.5643377819968957,7.0,1.0,47.986000061035156,48.22800064086914,48.06100082397461,0.11,32.23,28.01,0.402,-0.273,1.299,0,1,0
1778204808.0480719,1338.904,1.7696353197097778,0.24340379238128662,-2.329761568699972,-1.0041049162494105,3.5407354831695557,0.5644146800041199,0.0,0.0,-0.0,0.0,0.0,0.0,-0.1190185695886612,3.968811511993408,-1.5177057981491089,0.2063598781824112,-0.0336456336081028,-0.1772003322839737,0.14226857503487852,-0.3469008090699645,0.890099964973967,-1.385344804630085,-1.5063693450306455,1.9509390766894992,0.0,0.0,0.0,0.0,0.0,0.0,1.7695566142836938,0.24339841436500986,-2.329816140589685,-1.004101392145385,3.540695881423035,0.5643377819968957,7.0,1.0,47.986000061035156,48.22800064086914,48.06100082397461,0.11,32.23,28.01,0.402,-0.273,1.299,0,1,0
1778204808.0513225,1338.912,1.7696353197097778,0.2434396743774414,-2.329773728047506,-1.0040929953204554,3.5407116413116455,0.5643787384033203,0.0,0.0,-0.0,0.0,0.0,0.0,-0.1556396633386612,3.991699695587158,-1.4952876567840576,0.2018737941980362,-0.0426178015768528,-0.2332763969898224,0.14227764747601088,-0.34692851315058176,0.8900830673765638,-1.3852959832214724,-1.5063838484214498,1.9508717052681235,0.0,0.0,0.0,0.0,0.0,0.0,1.7695566142836938,0.24339841436500986,-2.329816140589685,-1.004101392145385,3.540695881423035,0.5643377819968957,7.0,1.0,47.986000061035156,48.22800064086914,48.06100082397461,0.11,32.23,28.01,0.402,-0.273,1.299,0,1,0
1778204808.0657182,1338.9199999999998,1.7695753574371338,0.24345171451568604,-2.3297975699054163,-1.0041168371783655,3.5407116413116455,0.5643787384033203,0.0,0.0,-0.0,0.0,0.0,0.0,-0.1098632961511612,3.991699695587158,-1.4863203763961792,0.2063598781824112,-0.0358886756002903,-0.2086029201745987,0.14225239833758718,-0.34691514138308216,0.8900745650372949,-1.385348233351719,-1.5063012512835525,1.9508685834163495,0.0,0.0,0.0,0.0,0.0,0.0,1.7695566142836938,0.24339841436500986,-2.329816140589685,-1.004101392145385,3.540695881423035,0.5643377819968957,7.0,1.0,47.986000061035156,48.22800064086914,48.06100082397461,0.11,32.23,28.01,0.402,-0.273,1.299,0,1,0
1778204808.0755818,1338.9279999999999,1.7696112394332886,0.2434396743774414,-2.3297856489764612,-1.0040929953204554,3.5407354831695557,0.5643667578697205,0.0,0.0,-0.0,0.0,0.0,0.0,-0.1693725734949112,3.991699695587158,-1.504254937171936,0.2063598781824112,-0.0358886756002903,-0.1996307522058487,0.14227042305784807,-0.34692620305655114,0.8900801355460928,-1.38529289267483,-1.506381122928973,1.9508746220799822,0.0,0.0,0.0,0.0,0.0,0.0,1.7695566142836938,0.24339841436500986,-2.329816140589685,-1.004101392145385,3.540695881423035,0.5643377819968957,7.0,1.0,47.986000061035156,48.22800064086914,48.06100082397461,0.11,32.23,28.01,0.402,-0.273,1.299,0,1,0
1778204808.080691,1338.936,1.7696353197097778,0.24342775344848633,-2.3297975699054163,-1.0040572325335901,3.54074764251709,0.5643787384033203,0.0,0.0,-0.0,0.0,0.0,0.0,-0.1007080152630806,3.968811511993408,-1.5199475288391113,0.2086029201745987,-0.0358886756002903,-0.1996307522058487,0.14227642367892718,-0.34691573336951587,0.8900799133381792,-1.38528023282677,-1.5064199508927594,1.950892068775189,0.0,0.0,0.0,0.0,0.0,0.0,1.7695566142836938,0.24339841436500986,-2.329816140589685,-1.004101392145385,3.540695881423035,0.5643377819968957,7.0,1.0,48.029998779296875,48.22800064086914,48.06100082397461,0.11,32.23,28.01,0.402,-0.273,1.299,0,1,0
1778204808.0832624,1338.944,1.7695872783660889,0.24345171451568604,-2.3298335711108606,-1.0040810743915003,3.5407116413116455,0.56440269947052,0.0,0.0,-0.0,0.0,0.0,0.0,-0.0915527418255806,3.973389148712158,-1.5177057981491089,0.2041168361902237,-0.0269165076315403,-0.1884155422449112,0.14224899839461216,-0.3468898923183943,0.8900646877377093,-1.3853667645446057,-1.5063028495628314,1.9508901310508882,0.0,0.0,0.0,0.0,0.0,0.0,1.7695566142836938,0.24339841436500986,-2.329816140589685,-1.004101392145385,3.540695881423035,0.5643377819968957,7.0,1.0,48.029998779296875,48.22800064086914,48.06100082397461,0.11,32.23,28.01,0.402,-0.273,1.299,0,1,0
1778204808.0854902,1338.952,1.7696112394332886,0.2434157133102417,-2.329761568699972,-1.0041049162494105,3.5407590866088867,0.5643787384033203,0.0,0.0,-0.0,0.0,0.0,0.0,-0.1281738430261612,3.964233875274658,-1.5087385177612305,0.2175751030445099,-0.0403747595846653,-0.1996307522058487,0.1422693321325979,-0.346923922735981,0.8900950877860061,-1.38530231603627,-1.506392156364468,1.9509058570066469,0.0,0.0,0.0,0.0,0.0,0.0,1.7695566142836938,0.24339841436500986,-2.329816140589685,-1.004101392145385,3.540695881423035,0.5643377819968957,7.0,1.0,48.029998779296875,48.22800064086914,48.06100082397461,0.11,32.23,28.01,0.402,-0.273,1.299,0,1,0
1778204808.0999677,1338.96,1.7696353197097778,0.2434157133102417,-2.3297856489764612,-1.0041049162494105,3.540795087814331,0.56440269947052,0.0,0.0,-0.0,0.0,0.0,0.0,-0.0549316480755806,3.987122058868408,-1.4930458068847656,0.2220611870288849,-0.0314025916159153,-0.1996307522058487,0.14227117335868592,-0.34689604789940715,0.8900897298768093,-1.3853145625567571,-1.506425924540784,1.95097662878263,0.0,0.0,0.0,0.0,0.0,0.0,1.7695566142836938,0.24339841436500986,-2.329816140589685,-1.004101392145385,3.540695881423035,0.5643377819968957,7.0,1.0,48.029998779296875,48.22800064086914,48.06100082397461,0.11,32.23,28.01,0.402,-0.273,1.299,0,1,0
1778204808.109839,1338.9679999999998,1.7696112394332886,0.24345171451568604,-2.3298097292529505,-1.0041049162494105,3.5407116413116455,0.5643427968025208,0.0,0.0,-0.0,0.0,0.0,0.0,-0.0961303785443306,3.959656238555908,-1.5244312286376953,0.2018737941980362,-0.0426178015768528,-0.1951446682214737,0.14226975174907627,-0.3469128733696899,0.8900707720474841,-1.3852942404016684,-1.5063507772435456,1.9508687779180696,0.0,0.0,0.0,0.0,0.0,0.0,1.7695566142836938,0.24339841436500986,-2.329816140589685,-1.004101392145385,3.540695881423035,0.5643377819968957,7.0,1.0,48.029998779296875,48.22800064086914,48.04600143432617,0.11,32.23,28.01,0.402,-0.273,1.299,0,1,0
1778204808.1152327,1338.9759999999999,1.7696112394332886,0.2434396743774414,-2.3297975699054163,-1.0040929953204554,3.5407235622406006,0.5643787384033203,0.0,0.0,-0.0,0.0,0.0,0.0,-0.0732421949505806,3.973389148712158,-1.5333983898162842,0.2063598781824112,-0.0291595496237278,-0.2130890041589737,0.14226563744950851,-0.3469116493643026,0.8900776200600773,-1.3853178291711006,-1.5063562275425653,1.9508858871645822,0.0,0.0,0.0,0.0,0.0,0.0,1.7695566142836938,0.24339841436500986,-2.329816140589685,-1.004101392145385,3.540695881423035,0.5643377819968957,7.0,1.0,48.029998779296875,48.22800064086914,48.04600143432617,0.11,32.23,28.01,0.402,-0.273,1.299,0,1,0
1778204808.1176028,1338.9759999999999,1.7696112394332886,0.2434396743774414,-2.3297975699054163,-1.0040929953204554,3.5407235622406006,0.5643787384033203,0.0,0.0,-0.0,0.0,0.0,0.0,-0.0732421949505806,3.973389148712158,-1.5333983898162842,0.2063598781824112,-0.0291595496237278,-0.2130890041589737,0.14226563744950851,-0.3469116493643026,0.8900776200600773,-1.3853178291711006,-1.5063562275425653,1.9508858871645822,0.0,0.0,0.0,0.0,0.0,0.0,1.7695566142836938,0.24339841436500986,-2.329816140589685,-1.004101392145385,3.540695881423035,0.5643377819968957,7.0,1.0,48.029998779296875,48.22800064086914,48.04600143432617,0.01,32.37,28.03,0.406,-0.271,1.298,0,0,1
1778204808.1200945,1338.984,1.7696112394332886,0.2434396743774414,-2.3298097292529505,-1.004068676625387,3.5407116413116455,0.5644146800041199,0.0,0.0,-0.0,0.0,0.0,0.0,-0.0961303785443306,3.982544422149658,-1.5266729593276978,0.2086029201745987,-0.0471038855612278,-0.1973877102136612,0.1422587732932916,-0.3469008064707007,0.8900739529066682,-1.3853516792447207,-1.5063376956451904,1.950889427255669,0.0,0.0,0.0,0.0,0.0,0.0,1.7695566142836938,0.24339841436500986,-2.329816140589685,-1.004101392145385,3.540695881423035,0.5643377819968957,7.0,1.0,48.029998779296875,48.22800064086914,48.04600143432617,0.01,32.37,28.03,0.406,-0.271,1.298,0,1,0
1778204808.1343193,1338.992,1.7695993185043335,0.2434636354446411,-2.3298216501819056,-1.0041049162494105,3.5407590866088867,0.5643547773361206,0.0,0.0,-0.0,0.0,0.0,0.0,-0.0778198316693306,3.973389148712158,-1.5221893787384033,0.2063598781824112,-0.0426178015768528,-0.2108459621667862,0.14226570287329834,-0.3469137536045388,0.8900635964660097,-1.3852917074013116,-1.5063819004514607,1.9508955276247466,0.0,0.0,0.0,0.0,0.0,0.0,1.7695566142836938,0.24339841436500986,-2.329816140589685,-1.004101392145385,3.540695881423035,0.5643377819968957,7.0,1.0,48.029998779296875,48.22800064086914,48.04600143432617,0.01,32.37,28.03,0.406,-0.271,1.298,0,1,0
1778204808.14822,1339.0,1.7696353197097778,0.2434396743774414,-2.3298097292529505,-1.0040929953204554,3.5406875610351562,0.5644386410713196,0.0,0.0,-0.0,0.0,0.0,0.0,-0.0457763709127903,3.964233875274658,-1.5333983898162842,0.2041168361902237,-0.0291595496237278,-0.1861725002527237,0.14225979146947507,-0.34687968341433134,0.8900756662242668,-1.3853902110939875,-1.506310985655755,1.9509265217249543,0.0,0.0,0.0,0.0,0.0,0.0,1.7695566142836938,0.24339841436500986,-2.329816140589685,-1.004101392145385,3.540695881423035,0.5643377819968957,7.0,1.0,48.029998779296875,48.22800064086914,48.04600143432617,0.01,32.37,28.03,0.406,-0.271,1.298,0,1,0
1778204808.1541202,1339.008,1.7696353197097778,0.24342775344848633,-2.329773728047506,-1.0041049162494105,3.54074764251709,0.5643547773361206,0.0,0.0,-0.0,0.0,0.0,0.0,-0.1419067531824112,3.987122058868408,-1.5289148092269897,0.1996307522058487,-0.0269165076315403,-0.1996307522058487,0.14228078761123103,-0.34692362487839673,0.890087702104693,-1.385271233960269,-1.5064138366825452,1.9508995525364756,0.0,0.0,0.0,0.0,0.0,0.0,1.7695566142836938,0.24339841436500986,-2.329816140589685,-1.004101392145385,3.540695881423035,0.5643377819968957,7.0,1.0,48.029998779296875,48.22800064086914,48.04600143432617,0.01,32.37,28.03,0.406,-0.271,1.298,0,1,0
1778204808.1572,1339.0159999999998,1.7696112394332886,0.2434396743774414,-2.329761568699972,-1.0041049162494105,3.5407354831695557,0.56440269947052,0.0,0.0,-0.0,0.0,0.0,0.0,-0.1052856519818306,3.987122058868408,-1.5266729593276978,0.2063598781824112,-0.0403747595846653,-0.1951446682214737,0.14226765425559237,-0.34693399681811093,0.8900866248662042,-1.3853216769737564,-1.5063747170671458,1.9508848444383537,0.0,0.0,0.0,0.0,0.0,0.0,1.7695566142836938,0.24339841436500986,-2.329816140589685,-1.004101392145385,3.540695881423035,0.5643377819968957,7.0,1.0,48.01499938964844,48.22800064086914,48.04600143432617,0.01,32.37,28.03,0.406,-0.271,1.298,0,1,0
1778204808.176755,1339.024,1.7695993185043335,0.24345171451568604,-2.3298097292529505,-1.0040810743915003,3.5407235622406006,0.5643787384033203,0.0,0.0,-0.0,0.0,0.0,0.0,-0.0549316480755806,3.973389148712158,-1.5311566591262817,0.2018737941980362,-0.0426178015768528,-0.2086029201745987,0.14226212776356204,-0.34691631681293,0.8900697735896791,-1.3853161540579386,-1.5063524300206146,1.9508680257980453,0.0,0.0,0.0,0.0,0.0,0.0,1.7695566142836938,0.24339841436500986,-2.329816140589685,-1.004101392145385,3.540695881423035,0.5643377819968957,7.0,1.0,48.01499938964844,48.22800064086914,48.04600143432617,0.01,32.37,28.03,0.406,-0.271,1.298,0,1,0
1778204808.1850476,1339.032,1.7696112394332886,0.24342775344848633,-2.329761568699972,-1.0041049162494105,3.5407116413116455,0.56440269947052,0.0,0.0,-0.0,0.0,0.0,0.0,-0.0686645582318306,3.987122058868408,-1.5221893787384033,0.2130890041589737,-0.0381317175924778,-0.1951446682214737,0.14226462390251132,-0.34692314969936133,0.8900911234544948,-1.3853395863864568,-1.5063427576640502,1.9508823127000827,0.0,0.0,0.0,0.0,0.0,0.0,1.7695566142836938,0.24339841436500986,-2.329816140589685,-1.004101392145385,3.540695881423035,0.5643377819968957,7.0,1.0,48.01499938964844,48.24300003051758,48.04600143432617,0.01,32.37,28.03,0.406,-0.271,1.298,0,1,0
1778204808.192771,1339.04,1.7695993185043335,0.24345171451568604,-2.329773728047506,-1.0040810743915003,3.5407116413116455,0.5643667578697205,0.0,0.0,-0.0,0.0,0.0,0.0,-0.0549316480755806,3.987122058868408,-1.504254937171936,0.2041168361902237,-0.0269165076315403,-0.1682281643152237,0.14226999356351155,-0.34695040277406936,0.890077844089336,-1.3852862099931613,-1.506369571598329,1.9508213516839916,0.0,0.0,0.0,0.0,0.0,0.0,1.7695566142836938,0.24339841436500986,-2.329816140589685,-1.004101392145385,3.540695881423035,0.5643377819968957,7.0,1.0,48.01499938964844,48.24300003051758,48.04600143432617,0.01,32.37,28.03,0.406,-0.271,1.298,0,1,0
1778204808.196645,1339.048,1.7696353197097778,0.2434636354446411,-2.3297975699054163,-1.0040929953204554,3.5407235622406006,0.5643787384033203,0.0,0.0,-0.0,0.0,0.0,0.0,-0.0961303785443306,3.982544422149658,-1.5109803676605225,0.2086029201745987,-0.0358886756002903,-0.1749572902917862,0.14227759874036125,-0.3469261249833507,0.8900687963936735,-1.3852907980923994,-1.5063958304178857,1.9508782513217664,0.0,0.0,0.0,0.0,0.0,0.0,1.7695566142836938,0.24339841436500986,-2.329816140589685,-1.004101392145385,3.540695881423035,0.5643377819968957,7.0,1.0,48.01499938964844,48.24300003051758,48.04600143432617,0.01,32.37,28.03,0.406,-0.271,1.298,0,1,0
1778204808.1992111,1339.056,1.7695872783660889,0.24348759651184082,-2.3298216501819056,-1.0040810743915003,3.54074764251709,0.5643907189369202,0.0,0.0,-0.0,0.0,0.0,0.0,-0.0778198316693306,3.977966785430908,-1.513222098350525,0.2108459621667862,-0.0358886756002903,-0.2332763969898224,0.14226043268293337,-0.3469332137391824,0.8900538806004186,-1.385308604873214,-1.506375998790157,1.950859606814615,0.0,0.0,0.0,0.0,0.0,0.0,1.7695566142836938,0.24339841436500986,-2.329816140589685,-1.004101392145385,3.540695881423035,0.5643377819968957,7.0,1.0,48.01499938964844,48.24300003051758,48.04600143432617,0.01,32.37,28.03,0.406,-0.271,1.298,0,1,0
1778204808.202253,1339.0639999999999,1.7696353197097778,0.2434157133102417,-2.329773728047506,-1.0040929953204554,3.54074764251709,0.5643547773361206,0.0,0.0,-0.0,0.0,0.0,0.0,-0.0732421949505806,3.996277332305908,-1.5221893787384033,0.2018737941980362,-0.0403747595846653,-0.1906585842370987,0.14227996783419092,-0.34691944815445236,0.890091473630055,-1.385271244486461,-1.5064137529551966,1.9508997063666154,0.0,0.0,0.0,0.0,0.0,0.0,1.7695566142836938,0.24339841436500986,-2.329816140589685,-1.004101392145385,3.540695881423035,0.5643377819968957,7.0,1.0,48.01499938964844,48.24300003051758,48.04600143432617,0.01,32.37,28.03,0.406,-0.271,1.298,0,1,0
1778204808.2423654,1339.072,1.7696353197097778,0.24342775344848633,-2.3298097292529505,-1.0041049162494105,3.5407354831695557,0.5643907189369202,0.0,0.0,-0.0,0.0,0.0,0.0,-0.0732421949505806,3.977966785430908,-1.513222098350525,0.2063598781824112,-0.0426178015768528,-0.2198181450366974,0.14226761046545444,-0.34688167279733567,0.8900799934194337,-1.3853359580182119,-1.5063627224007168,1.9509468708811912,0.0,0.0,0.0,0.0,0.0,0.0,1.7695566142836938,0.24339841436500986,-2.329816140589685,-1.004101392145385,3.540695881423035,0.5643377819968957,7.0,1.0,48.01499938964844,48.24300003051758,48.04600143432617,0.01,32.37,28.03,0.406,-0.271,1.298,0,1,0
1778204808.2460666,1339.08,1.7695993185043335,0.24345171451568604,-2.329761568699972,-1.0040929953204554,3.5407354831695557,0.56440269947052,0.0,0.0,-0.0,0.0,0.0,0.0,-0.0411987341940403,3.959656238555908,-1.5087385177612305,0.2063598781824112,-0.0471038855612278,-0.2130890041589737,0.14226632380888002,-0.34694950701579613,0.8900815285132633,-1.3853122514406377,-1.5063791089327798,1.950855889645306,0.0,0.0,0.0,0.0,0.0,0.0,1.7695566142836938,0.24339841436500986,-2.329816140589685,-1.004101392145385,3.540695881423035,0.5643377819968957,7.0,1.0,48.01499938964844,48.24300003051758,48.04600143432617,0.01,32.37,28.03,0.406,-0.271,1.298,0,1,0
1778204808.2577946,1339.088,1.769647240638733,0.24342775344848633,-2.3298097292529505,-1.0040810743915003,3.5407116413116455,0.5643907189369202,0.0,0.0,-0.0,0.0,0.0,0.0,-0.0732421949505806,3.982544422149658,-1.5356402397155762,0.2086029201745987,-0.0403747595846653,-0.1906585842370987,0.14227249596068692,-0.3468876737690805,0.8900787778264041,-1.3853251829075794,-1.5063663750875074,1.9509187777798926,0.0,0.0,0.0,0.0,0.0,0.0,1.7695566142836938,0.24339841436500986,-2.329816140589685,-1.004101392145385,3.540695881423035,0.5643377819968957,7.0,1.0,48.01499938964844,48.24300003051758,48.04600143432617,0.01,32.37,28.03,0.406,-0.271,1.298,0,1,0
1778204808.2610059,1339.096,1.7695872783660889,0.24342775344848633,-2.329773728047506,-1.0041049162494105,3.54074764251709,0.5643547773361206,0.0,0.0,-0.0,0.0,0.0,0.0,-0.0869751051068306,3.991699695587158,-1.5199475288391113,0.2041168361902237,-0.0426178015768528,-0.1929016262292862,0.14226412076995218,-0.34693045983827037,0.890087702104693,-1.385294814411616,-1.50636685529664,1.9508710442259407,0.0,0.0,0.0,0.0,0.0,0.0,1.7695566142836938,0.24339841436500986,-2.329816140589685,-1.004101392145385,3.540695881423035,0.5643377819968957,7.0,1.0,48.01499938964844,48.24300003051758,48.04600143432617,0.01,32.37,28.03,0.406,-0.271,1.298,0,1,0
1778204808.2630048,1339.104,1.7695993185043335,0.2434157133102417,-2.3297975699054163,-1.0040810743915003,3.5407354831695557,0.5643547773361206,0.0,0.0,-0.0,0.0,0.0,0.0,-0.0778198316693306,3.987122058868408,-1.5244312286376953,0.2041168361902237,-0.0336456336081028,-0.1861725002527237,0.1422635672446415,-0.34690713937298,0.8900854734392064,-1.385301754050366,-1.5063582455822615,1.9508823764334433,0.0,0.0,0.0,0.0,0.0,0.0,1.7695566142836938,0.24339841436500986,-2.329816140589685,-1.004101392145385,3.540695881423035,0.5643377819968957,7.0,1.0,48.01499938964844,48.22800064086914,48.04600143432617,0.01,32.37,28.03,0.406,-0.271,1.298,0,1,0
1778204808.2666752,1339.1119999999999,1.7695753574371338,0.2434636354446411,-2.329773728047506,-1.0040810743915003,3.5407590866088867,0.5643667578697205,0.0,0.0,-0.0,0.0,0.0,0.0,-0.1190185695886612,3.977966785430908,-1.5177057981491089,0.1996307522058487,-0.0426178015768528,-0.1839294582605362,0.14226593389514045,-0.3469665796646966,0.8900732374990379,-1.3852698241207941,-1.5064018308210316,1.9508229693077275,0.0,0.0,0.0,0.0,0.0,0.0,1.7695566142836938,0.24339841436500986,-2.329816140589685,-1.004101392145385,3.540695881423035,0.5643377819968957,7.0,1.0,48.01499938964844,48.22800064086914,48.01499938964844,0.01,32.37,28.03,0.406,-0.271,1.298,0,1,0
1778204808.272621,1339.12,1.7695993185043335,0.2434157133102417,-2.3298216501819056,-1.0040572325335901,3.5407354831695557,0.5643547773361206,0.0,0.0,-0.0,0.0,0.0,0.0,-0.0778198316693306,3.973389148712158,-1.5333983898162842,0.2130890041589737,-0.0381317175924778,-0.2153320610523224,0.14226123678735814,-0.3468953045621127,0.8900787013821879,-1.385301837207474,-1.5063579933346558,1.950882618665637,0.0,0.0,0.0,0.0,0.0,0.0,1.7695566142836938,0.24339841436500986,-2.329816140589685,-1.004101392145385,3.540695881423035,0.5643377819968957,7.0,1.0,48.01499938964844,48.22800064086914,48.01499938964844,0.01,32.37,28.03,0.406,-0.271,1.298,0,1,0
1778204808.2808883,1339.128,1.7695872783660889,0.2434396743774414,-2.3297856489764612,-1.0040810743915003,3.5407590866088867,0.5644266605377197,0.0,0.0,-0.0,0.0,0.0,0.0,-0.0823974683880806,3.973389148712158,-1.5311566591262817,0.2018737941980362,-0.0471038855612278,-0.1861725002527237,0.14225417265610701,-0.3469215848190478,0.8900799993275637,-1.3853476164324865,-1.5063650035860197,1.9508983919619585,0.0,0.0,0.0,0.0,0.0,0.0,1.7695566142836938,0.24339841436500986,-2.329816140589685,-1.004101392145385,3.540695881423035,0.5643377819968957,7.0,1.0,48.01499938964844,48.22800064086914,48.01499938964844,0.01,32.37,28.03,0.406,-0.271,1.298,0,1,0
1778204808.3224783,1339.136,1.769647240638733,0.2434636354446411,-2.3298097292529505,-1.0041049162494105,3.5407590866088867,0.5643787384033203,0.0,0.0,-0.0,0.0,0.0,0.0,-0.0640869215130806,3.982544422149658,-1.5289148092269897,0.2018737941980362,-0.0358886756002903,-0.1839294582605362,0.14228040286652616,-0.346911658914926,0.890066546500943,-1.3852849208139124,-1.5064270344687518,1.9509273075087412,0.0,0.0,0.0,0.0,0.0,0.0,1.7695566142836938,0.24339841436500986,-2.329816140589685,-1.004101392145385,3.540695881423035,0.5643377819968957,7.0,1.0,48.01499938964844,48.22800064086914,48.01499938964844,0.01,32.37,28.03,0.406,-0.271,1.298,0,1,0
1778204808.3334174,1339.144,1.7696592807769775,0.24342775344848633,-2.329761568699972,-1.0040572325335901,3.5407354831695557,0.5643787384033203,0.0,0.0,-0.0,0.0,0.0,0.0,-0.0503540076315403,3.973389148712158,-1.4952876567840576,0.2086029201745987,-0.0381317175924778,-0.2422485649585724,0.14229056067284362,-0.34694343678589834,0.8900881117941234,-1.3852507968696537,-1.5064554039390743,1.9508665879814018,0.0,0.0,0.0,0.0,0.0,0.0,1.7695566142836938,0.24339841436500986,-2.329816140589685,-1.004101392145385,3.540695881423035,0.5643377819968957,7.0,1.0,48.01499938964844,48.22800064086914,48.01499938964844,0.01,32.37,28.03,0.406,-0.271,1.298,0,1,0
1778204808.3725584,1339.152,1.7695633172988892,0.2434396743774414,-2.329749647771017,-1.0041168371783655,3.5407354831695557,0.56440269947052,0.0,0.0,-0.0,0.0,0.0,0.0,-0.0778198316693306,3.959656238555908,-1.5177057981491089,0.2041168361902237,-0.0336456336081028,-0.2153320610523224,0.14225217197915307,-0.34694662559361406,0.8900899834645953,-1.3853452320351052,-1.5063278973500371,1.9508563945942181,0.0,0.0,0.0,0.0,0.0,0.0,1.7695566142836938,0.24339841436500986,-2.329816140589685,-1.004101392145385,3.540695881423035,0.5643377819968957,7.0,1.0,48.01499938964844,48.22800064086914,48.01499938964844,0.01,32.37,28.03,0.406,-0.271,1.298,0,1,0
1778204808.381954,1339.1599999999999,1.7696112394332886,0.24345171451568604,-2.3297975699054163,-1.0041287581073206,3.5407354831695557,0.56440269947052,0.0,0.0,-0.0,0.0,0.0,0.0,-0.0869751051068306,3.968811511993408,-1.4952876567840576,0.2130890041589737,-0.0381317175924778,-0.1839294582605362,0.14226102757139383,-0.3469012518252197,0.890075371832511,-1.385352247404687,-1.5063425694918606,1.9509283989900366,0.0,0.0,0.0,0.0,0.0,0.0,1.7695566142836938,0.24339841436500986,-2.329816140589685,-1.004101392145385,3.540695881423035,0.5643377819968957,7.0,1.0,48.01499938964844,48.22800064086914,48.01499938964844,0.01,32.37,28.03,0.406,-0.271,1.298,0,1,0
1778204808.3869033,1339.1599999999999,1.7696112394332886,0.24345171451568604,-2.3297975699054163,-1.0041287581073206,3.5407354831695557,0.56440269947052,0.0,0.0,-0.0,0.0,0.0,0.0,-0.0869751051068306,3.968811511993408,-1.4952876567840576,0.2130890041589737,-0.0381317175924778,-0.1839294582605362,0.14226102757139383,-0.3469012518252197,0.890075371832511,-1.385352247404687,-1.5063425694918606,1.9509283989900366,0.0,0.0,0.0,0.0,0.0,0.0,1.7695566142836938,0.24339841436500986,-2.329816140589685,-1.004101392145385,3.540695881423035,0.5643377819968957,7.0,1.0,48.01499938964844,48.22800064086914,48.01499938964844,-0.06,32.29,28.22,0.407,-0.267,1.3,0,0,1
1778204808.3926716,1339.168,1.7695993185043335,0.2434396743774414,-2.329761568699972,-1.0040810743915003,3.5407116413116455,0.5644146800041199,0.0,0.0,-0.0,0.0,0.0,0.0,-0.1007080152630806,3.977966785430908,-1.5289148092269897,0.2086029201745987,-0.0358886756002903,-0.1861725002527237,0.14226223781802605,-0.3469404361628225,0.8900855356659363,-1.385334769596485,-1.5063501720222958,1.9508497133707887,0.0,0.0,0.0,0.0,0.0,0.0,1.7695566142836938,0.24339841436500986,-2.329816140589685,-1.004101392145385,3.540695881423035,0.5643377819968957,7.0,1.0,48.01499938964844,48.22800064086914,48.01499938964844,-0.06,32.29,28.22,0.407,-0.267,1.3,0,1,0
1778204808.3971057,1339.176,1.7695993185043335,0.24340379238128662,-2.329773728047506,-1.0040810743915003,3.5407235622406006,0.5643667578697205,0.0,0.0,-0.0,0.0,0.0,0.0,-0.1373291164636612,3.991699695587158,-1.5199475288391113,0.2063598781824112,-0.0381317175924778,-0.2086029201745987,0.14226339745774189,-0.34691556912336907,0.8900954376457284,-1.385311462447728,-1.5063494502816805,1.950871922282795,0.0,0.0,0.0,0.0,0.0,0.0,1.7695566142836938,0.24339841436500986,-2.329816140589685,-1.004101392145385,3.540695881423035,0.5643377819968957,7.0,1.0,48.0,48.2130012512207,48.01499938964844,-0.06,32.29,28.22,0.407,-0.267,1.3,0,1,0
1778204808.4039762,1339.184,1.769647240638733,0.24340379238128662,-2.3297975699054163,-1.0041049162494105,3.5407354831695557,0.5644146800041199,0.0,0.0,-0.0,0.0,0.0,0.0,-0.1098632961511612,3.977966785430908,-1.5221893787384033,0.2041168361902237,-0.0403747595846653,-0.1906585842370987,0.14226625590308867,-0.34686701081771376,0.8900918200661586,-1.385361902286646,-1.5063567551281372,1.9509789953279637,0.0,0.0,0.0,0.0,0.0,0.0,1.7695566142836938,0.24339841436500986,-2.329816140589685,-1.004101392145385,3.540695881423035,0.5643377819968957,7.0,1.0,48.0,48.2130012512207,48.04600143432617,-0.06,32.29,28.22,0.407,-0.267,1.3,0,1,0
1778204808.4080966,1339.192,1.7695872783660889,0.2434157133102417,-2.3297856489764612,-1.0040810743915003,3.54074764251709,0.56440269947052,0.0,0.0,-0.0,0.0,0.0,0.0,-0.1190185695886612,3.982544422149658,-1.5311566591262817,0.2041168361902237,-0.0403747595846653,-0.2422485649585724,0.1422540343169244,-0.3469086581616569,0.8900886216287357,-1.3853434575562458,-1.5063472036572954,1.9508996479868583,0.0,0.0,0.0,0.0,0.0,0.0,1.7695566142836938,0.24339841436500986,-2.329816140589685,-1.004101392145385,3.540695881423035,0.5643377819968957,7.0,1.0,48.0,48.2130012512207,48.04600143432617,-0.06,32.29,28.22,0.407,-0.267,1.3,0,1,0
1778204808.4118874,1339.2,1.7696353197097778,0.24340379238128662,-2.3297856489764612,-1.0040929953204554,3.540783166885376,0.5643907189369202,0.0,0.0,-0.0,0.0,0.0,0.0,-0.1098632961511612,3.964233875274658,-1.5221893787384033,0.2041168361902237,-0.0358886756002903,-0.2175751030445099,0.1422717846037663,-0.3468939432152066,0.8900933850683079,-1.385307501587464,-1.506418814691154,1.9509628443456244,0.0,0.0,0.0,0.0,0.0,0.0,1.7695566142836938,0.24339841436500986,-2.329816140589685,-1.004101392145385,3.540695881423035,0.5643377819968957,7.0,1.0,48.0,48.2130012512207,48.04600143432617,-0.06,32.29,28.22,0.407,-0.267,1.3,0,1,0
1778204808.416258,1339.2079999999999,1.7696353197097778,0.2434396743774414,-2.3297856489764612,-1.0041049162494105,3.5407354831695557,0.5643787384033203,0.0,0.0,-0.0,0.0,0.0,0.0,-0.1510620266199112,3.996277332305908,-1.5289148092269897,0.2086029201745987,-0.0314025916159153,-0.1749572902917862,0.14227575318630853,-0.34691500493824845,0.8900809245860699,-1.3853008733945111,-1.5063918086660895,1.950906884344393,0.0,0.0,0.0,0.0,0.0,0.0,1.7695566142836938,0.24339841436500986,-2.329816140589685,-1.004101392145385,3.540695881423035,0.5643377819968957,7.0,1.0,48.0,48.2130012512207,48.04600143432617,-0.06,32.29,28.22,0.407,-0.267,1.3,0,1,0
1778204808.4390268,1339.216,1.769647240638733,0.24345171451568604,-2.3298216501819056,-1.0040929953204554,3.5406997203826904,0.5643787384033203,0.0,0.0,-0.0,0.0,0.0,0.0,-0.1190185695886612,3.977966785430908,-1.5266729593276978,0.2041168361902237,-0.0403747595846653,-0.2243042290210724,0.14227438632989586,-0.3468921097147861,0.8900678476826057,-1.3853182073734762,-1.5063593112799443,1.9509047620632884,0.0,0.0,0.0,0.0,0.0,0.0,1.7695566142836938,0.24339841436500986,-2.329816140589685,-1.004101392145385,3.540695881423035,0.5643377819968957,7.0,1.0,48.0,48.2130012512207,48.04600143432617,-0.06,32.29,28.22,0.407,-0.267,1.3,0,1,0
1778204808.4417531,1339.224,1.7696112394332886,0.24342775344848633,-2.3297856489764612,-1.0040810743915003,3.5406875610351562,0.5643667578697205,0.0,0.0,-0.0,0.0,0.0,0.0,-0.1098632961511612,4.005432605743408,-1.502013087272644,0.2086029201745987,-0.0403747595846653,-0.2332763969898224,0.14226713720344214,-0.3469182149826644,0.8900840814295032,-1.3853136145567122,-1.5063329355657085,1.950847652024827,0.0,0.0,0.0,0.0,0.0,0.0,1.7695566142836938,0.24339841436500986,-2.329816140589685,-1.004101392145385,3.540695881423035,0.5643377819968957,7.0,1.0,48.0,48.2130012512207,48.04600143432617,-0.06,32.29,28.22,0.407,-0.267,1.3,0,1,0
1778204808.44473,1339.232,1.7695993185043335,0.24347567558288574,-2.329773728047506,-1.004068676625387,3.5407116413116455,0.5643547773361206,0.0,0.0,-0.0,0.0,0.0,0.0,-0.1602173000574112,3.996277332305908,-1.515463948249817,0.2063598781824112,-0.0291595496237278,-0.1951446682214737,0.14227666378634432,-0.3469762693803082,0.890068203316229,-1.3852508930048373,-1.506398806987307,1.9507810189432626,0.0,0.0,0.0,0.0,0.0,0.0,1.7695566142836938,0.24339841436500986,-2.329816140589685,-1.004101392145385,3.540695881423035,0.5643377819968957,7.0,1.0,48.0,48.2130012512207,48.04600143432617,-0.06,32.29,28.22,0.407,-0.267,1.3,0,1,0
1778204808.448151,1339.24,1.7696353197097778,0.24345171451568604,-2.329773728047506,-1.0040810743915003,3.5407235622406006,0.5643907189369202,0.0,0.0,-0.0,0.0,0.0,0.0,-0.1373291164636612,3.977966785430908,-1.515463948249817,0.1996307522058487,-0.0269165076315403,-0.2018737941980362,0.1422790404067729,-0.34694034416766817,0.890078043513614,-1.385287701993649,-1.5064070037254549,1.9508636538552961,0.0,0.0,0.0,0.0,0.0,0.0,1.7695566142836938,0.24339841436500986,-2.329816140589685,-1.004101392145385,3.540695881423035,0.5643377819968957,7.0,1.0,48.0,48.2130012512207,48.04600143432617,-0.06,32.29,28.22,0.407,-0.267,1.3,0,1,0
1778204808.452253,1339.248,1.7695993185043335,0.2434396743774414,-2.3297975699054163,-1.0041049162494105,3.5407116413116455,0.5643787384033203,0.0,0.0,-0.0,0.0,0.0,0.0,-0.1144409328699112,3.987122058868408,-1.5177057981491089,0.1996307522058487,-0.0381317175924778,-0.2287903130054474,0.1422598911601077,-0.3469075561786168,0.8900783365192875,-1.385336484060432,-1.5063246002703434,1.9508829562117314,0.0,0.0,0.0,0.0,0.0,0.0,1.7695566142836938,0.24339841436500986,-2.329816140589685,-1.004101392145385,3.540695881423035,0.5643377819968957,7.0,1.0,48.0,48.22800064086914,48.04600143432617,-0.06,32.29,28.22,0.407,-0.267,1.3,0,1,0
1778204808.4564233,1339.2559999999999,1.7695872783660889,0.24342775344848633,-2.3297975699054163,-1.0040929953204554,3.5407235622406006,0.5643907189369202,0.0,0.0,-0.0,0.0,0.0,0.0,-0.0549316480755806,3.973389148712158,-1.5221893787384033,0.2086029201745987,-0.0336456336081028,-0.1951446682214737,0.14225349992482406,-0.3469031982361047,0.8900821364427821,-1.385349323849495,-1.5063199269603482,1.950889685849005,0.0,0.0,0.0,0.0,0.0,0.0,1.7695566142836938,0.24339841436500986,-2.329816140589685,-1.004101392145385,3.540695881423035,0.5643377819968957,7.0,1.0,48.0,48.22800064086914,48.029998779296875,-0.06,32.29,28.22,0.407,-0.267,1.3,0,1,0
1778204808.4645827,1339.264,1.7695993185043335,0.24340379238128662,-2.3298097292529505,-1.0041049162494105,3.5407354831695557,0.5643547773361206,0.0,0.0,-0.0,0.0,0.0,0.0,-0.0549316480755806,3.977966785430908,-1.5333983898162842,0.2108459621667862,-0.0314025916159153,-0.2041168361902237,0.1422576075033533,-0.3468777527618823,0.8900884363580027,-1.3853323383337188,-1.5063261016253102,1.9509261046299493,0.0,0.0,0.0,0.0,0.0,0.0,1.7695566142836938,0.24339841436500986,-2.329816140589685,-1.004101392145385,3.540695881423035,0.5643377819968957,7.0,1.0,48.0,48.22800064086914,48.029998779296875,-0.06,32.29,28.22,0.407,-0.267,1.3,0,1,0
1778204808.4762301,1339.272,1.7696112394332886,0.24342775344848633,-2.3298097292529505,-1.0041049162494105,3.540771245956421,0.56440269947052,0.0,0.0,-0.0,0.0,0.0,0.0,-0.1007080152630806,3.987122058868408,-1.4975295066833496,0.2086029201745987,-0.0381317175924778,-0.1816864162683487,0.14225908025852715,-0.3468850560855583,0.8900799572128155,-1.3853444298123063,-1.5063702502334468,1.9509598516316433,0.0,0.0,0.0,0.0,0.0,0.0,1.7695566142836938,0.24339841436500986,-2.329816140589685,-1.004101392145385,3.540695881423035,0.5643377819968957,7.0,1.0,48.0,48.22800064086914,48.029998779296875,-0.06,32.29,28.22,0.407,-0.267,1.3,0,1,0
1778204808.4803476,1339.28,1.7696353197097778,0.2434636354446411,-2.329761568699972,-1.0041049162494105,3.5407590866088867,0.5643787384033203,0.0,0.0,-0.0,0.0,0.0,0.0,-0.0732421949505806,4.000854969024658,-1.513222098350525,0.2018737941980362,-0.0291595496237278,-0.1951446682214737,0.1422849014463205,-0.34695630039486564,0.8900774394040694,-1.3852600732662967,-1.5064478129783208,1.9508762945327143,0.0,0.0,0.0,0.0,0.0,0.0,1.7695566142836938,0.24339841436500986,-2.329816140589685,-1.004101392145385,3.540695881423035,0.5643377819968957,7.0,1.0,48.0,48.22800064086914,48.029998779296875,-0.06,32.29,28.22,0.407,-0.267,1.3,0,1,0
1778204808.4847863,1339.288,1.7696112394332886,0.2434396743774414,-2.3298097292529505,-1.0040929953204554,3.5407235622406006,0.5643308162689209,0.0,0.0,-0.0,0.0,0.0,0.0,-0.0411987341940403,3.977966785430908,-1.5221893787384033,0.1996307522058487,-0.0560760572552681,-0.1929016262292862,0.14227158090138056,-0.34691262047095256,0.8900743623547088,-1.3852769130155724,-1.5063675595771207,1.9508685425731818,0.0,0.0,0.0,0.0,0.0,0.0,1.7695566142836938,0.24339841436500986,-2.329816140589685,-1.004101392145385,3.540695881423035,0.5643377819968957,7.0,1.0,48.0,48.22800064086914,48.029998779296875,-0.06,32.29,28.22,0.407,-0.267,1.3,0,1,0
1778204808.4884944,1339.296,1.7696112394332886,0.243391752243042,-2.329761568699972,-1.0041049162494105,3.5407354831695557,0.5643907189369202,0.0,0.0,-0.0,0.0,0.0,0.0,-0.0915527418255806,3.973389148712158,-1.5289148092269897,0.2086029201745987,-0.0358886756002903,-0.2130890041589737,0.14226247050181542,-0.3469011459737743,0.8901041453765177,-1.3853399331050873,-1.5063474893013042,1.9509215860490206,0.0,0.0,0.0,0.0,0.0,0.0,1.7695566142836938,0.24339841436500986,-2.329816140589685,-1.004101392145385,3.540695881423035,0.5643377819968957,7.0,1.0,48.0,48.22800064086914,48.029998779296875,-0.06,32.29,28.22,0.407,-0.267,1.3,0,1,0
1778204808.4920874,1339.3039999999999,1.7695993185043335,0.24342775344848633,-2.329773728047506,-1.0041287581073206,3.5407354831695557,0.5643787384033203,0.0,0.0,-0.0,0.0,0.0,0.0,-0.1693725734949112,3.982544422149658,-1.5333983898162842,0.2018737941980362,-0.0403747595846653,-0.1929016262292862,0.14226162022764263,-0.34691221284018614,0.8900893353421495,-1.385333778773555,-1.5063406766050105,1.9509072801518557,0.0,0.0,0.0,0.0,0.0,0.0,1.7695566142836938,0.24339841436500986,-2.329816140589685,-1.004101392145385,3.540695881423035,0.5643377819968957,7.0,1.0,48.0,48.22800064086914,48.029998779296875,-0.06,32.29,28.22,0.407,-0.267,1.3,0,1,0
1778204808.4946365,1339.312,1.7695993185043335,0.24340379238128662,-2.3297975699054163,-1.0041287581073206,3.5407590866088867,0.56440269947052,0.0,0.0,-0.0,0.0,0.0,0.0,-0.1281738430261612,3.982544422149658,-1.5109803676605225,0.1996307522058487,-0.0426178015768528,-0.2108459621667862,0.14225090152412873,-0.3468690651317006,0.8900929099842269,-1.3853782813371442,-1.506322533588097,1.9509784823991374,0.0,0.0,0.0,0.0,0.0,0.0,1.7695566142836938,0.24339841436500986,-2.329816140589685,-1.004101392145385,3.540695881423035,0.5643377819968957,7.0,1.0,48.0,48.22800064086914,48.029998779296875,-0.06,32.29,28.22,0.407,-0.267,1.3,0,1,0
1778204808.4978635,1339.312,1.7695993185043335,0.24340379238128662,-2.3297975699054163,-1.0041287581073206,3.5407590866088867,0.56440269947052,0.0,0.0,-0.0,0.0,0.0,0.0,-0.1281738430261612,3.982544422149658,-1.5109803676605225,0.1996307522058487,-0.0426178015768528,-0.2108459621667862,0.14225090152412873,-0.3468690651317006,0.8900929099842269,-1.3853782813371442,-1.506322533588097,1.9509784823991374,0.0,0.0,0.0,0.0,0.0,0.0,1.7695566142836938,0.24339841436500986,-2.329816140589685,-1.004101392145385,3.540695881423035,0.5643377819968957,7.0,1.0,48.0,48.22800064086914,48.029998779296875,0.07,32.1,27.93,0.411,-0.278,1.308,0,0,1
1778204808.5003018,1339.32,1.7696112394332886,0.24345171451568604,-2.3297856489764612,-1.0041049162494105,3.5407116413116455,0.5643907189369202,0.0,0.0,-0.0,0.0,0.0,0.0,-0.0457763709127903,3.977966785430908,-1.5199475288391113,0.2041168361902237,-0.0358886756002903,-0.2086029201745987,0.14226594533426337,-0.34692253225717745,0.8900767261132692,-1.3853275574609623,-1.506347473648943,1.9508752469685635,0.0,0.0,0.0,0.0,0.0,0.0,1.7695566142836938,0.24339841436500986,-2.329816140589685,-1.004101392145385,3.540695881423035,0.5643377819968957,7.0,1.0,48.0,48.24300003051758,48.029998779296875,0.07,32.1,27.93,0.411,-0.278,1.308,0,1,0
1778204808.504338,1339.328,1.7696353197097778,0.2434396743774414,-2.3298097292529505,-1.0040929953204554,3.5407116413116455,0.5643427968025208,0.0,0.0,-0.0,0.0,0.0,0.0,-0.0640869215130806,3.987122058868408,-1.5289148092269897,0.2153320610523224,-0.0336456336081028,-0.1996307522058487,0.1422772857299413,-0.34690527085841444,0.8900745434577013,-1.3852824317648205,-1.5063742423876143,1.9508832214546816,0.0,0.0,0.0,0.0,0.0,0.0,1.7695566142836938,0.24339841436500986,-2.329816140589685,-1.004101392145385,3.540695881423035,0.5643377819968957,7.0,1.0,48.0,48.24300003051758,48.04600143432617,0.07,32.1,27.93,0.411,-0.278,1.308,0,1,0
1778204808.5205731,1339.336,1.7695993185043335,0.24342775344848633,-2.3297975699054163,-1.0040810743915003,3.5407354831695557,0.5643787384033203,0.0,0.0,-0.0,0.0,0.0,0.0,-0.1098632961511612,3.982544422149658,-1.5177057981491089,0.2018737941980362,-0.0381317175924778,-0.2086029201745987,0.14226131818944518,-0.3469102280013152,0.8900812933090956,-1.3853184440033945,-1.50635655164072,1.950885578013692,0.0,0.0,0.0,0.0,0.0,0.0,1.7695566142836938,0.24339841436500986,-2.329816140589685,-1.004101392145385,3.540695881423035,0.5643377819968957,7.0,1.0,48.01499938964844,48.24300003051758,48.04600143432617,0.07,32.1,27.93,0.411,-0.278,1.308,0,1,0
1778204808.523631,1339.344,1.7696112394332886,0.2434157133102417,-2.329761568699972,-1.0041168371783655,3.5407590866088867,0.5644146800041199,0.0,0.0,-0.0,0.0,0.0,0.0,-0.1327514797449112,3.973389148712158,-1.515463948249817,0.2018737941980362,-0.0358886756002903,-0.2041168361902237,0.1422622465957107,-0.3469102438799109,0.8900961298601924,-1.3853464499174932,-1.5063695317316432,1.950938048419843,0.0,0.0,0.0,0.0,0.0,0.0,1.7695566142836938,0.24339841436500986,-2.329816140589685,-1.004101392145385,3.540695881423035,0.5643377819968957,7.0,1.0,48.01499938964844,48.24300003051758,48.04600143432617,0.07,32.1,27.93,0.411,-0.278,1.308,0,1,0
1778204808.5256667,1339.3519999999999,1.769647240638733,0.24348759651184082,-2.3298097292529505,-1.0040929953204554,3.5406875610351562,0.5643787384033203,0.0,0.0,-0.0,0.0,0.0,0.0,-0.0915527418255806,3.996277332305908,-1.504254937171936,0.2041168361902237,-0.0515899695456028,-0.2041168361902237,0.14228129598446904,-0.34692855728732835,0.8900573862486831,-1.3852931015920942,-1.5063791543488998,1.9508541993313544,0.0,0.0,0.0,0.0,0.0,0.0,1.7695566142836938,0.24339841436500986,-2.329816140589685,-1.004101392145385,3.540695881423035,0.5643377819968957,7.0,1.0,48.01499938964844,48.24300003051758,48.04600143432617,0.07,32.1,27.93,0.411,-0.278,1.308,0,1,0
1778204808.5336506,1339.36,1.7695872783660889,0.2434396743774414,-2.329761568699972,-1.0040929953204554,3.5407235622406006,0.5643787384033203,0.0,0.0,-0.0,0.0,0.0,0.0,-0.0869751051068306,3.950500965118408,-1.5289148092269897,0.2063598781824112,-0.0336456336081028,-0.1951446682214737,0.1422637776646076,-0.34694716099286316,0.8900857632983583,-1.3853066417194382,-1.506357042490645,1.950838823546802,0.0,0.0,0.0,0.0,0.0,0.0,1.7695566142836938,0.24339841436500986,-2.329816140589685,-1.004101392145385,3.540695881423035,0.5643377819968957,7.0,1.0,48.01499938964844,48.24300003051758,48.04600143432617,0.07,32.1,27.93,0.411,-0.278,1.308,0,1,0
1778204808.5420191,1339.368,1.7696112394332886,0.24345171451568604,-2.3297856489764612,-1.004068676625387,3.54074764251709,0.5643547773361206,0.0,0.0,-0.0,0.0,0.0,0.0,-0.1052856519818306,4.005432605743408,-1.515463948249817,0.1996307522058487,-0.0381317175924778,-0.1884155422449112,0.14227692234943373,-0.34694897173576866,0.8900741678791966,-1.3852522362649242,-1.5064225808195209,1.9508411880086416,0.0,0.0,0.0,0.0,0.0,0.0,1.7695566142836938,0.24339841436500986,-2.329816140589685,-1.004101392145385,3.540695881423035,0.5643377819968957,7.0,1.0,48.01499938964844,48.24300003051758,48.04600143432617,0.07,32.1,27.93,0.411,-0.278,1.308,0,1,0
1778204808.5455358,1339.376,1.7695872783660889,0.2434157133102417,-2.3298097292529505,-1.0040810743915003,3.5407354831695557,0.5643907189369202,0.0,0.0,-0.0,0.0,0.0,0.0,-0.0595092847943306,3.996277332305908,-1.5177057981491089,0.2063598781824112,-0.0403747595846653,-0.1659851223230362,0.14225111889692446,-0.34688914931152715,0.8900831026861931,-1.385351913955287,-1.5063236393578754,1.950907653205244,0.0,0.0,0.0,0.0,0.0,0.0,1.7695566142836938,0.24339841436500986,-2.329816140589685,-1.004101392145385,3.540695881423035,0.5643377819968957,7.0,1.0,48.01499938964844,48.24300003051758,48.04600143432617,0.07,32.1,27.93,0.411,-0.278,1.308,0,1,0
1778204808.5496407,1339.384,1.7696112394332886,0.24342775344848633,-2.3298097292529505,-1.004068676625387,3.5407590866088867,0.5643907189369202,0.0,0.0,-0.0,0.0,0.0,0.0,-0.0549316480755806,3.973389148712158,-1.5177057981491089,0.2063598781824112,-0.0403747595846653,-0.2018737941980362,0.1422634993692188,-0.3469016688738277,0.8900778731456014,-1.385314333478651,-1.506387174604112,1.9509128624065448,0.0,0.0,0.0,0.0,0.0,0.0,1.7695566142836938,0.24339841436500986,-2.329816140589685,-1.004101392145385,3.540695881423035,0.5643377819968957,7.0,1.0,48.01499938964844,48.24300003051758,48.04600143432617,0.07,32.1,27.93,0.411,-0.278,1.308,0,1,0
1778204808.5521796,1339.392,1.7696353197097778,0.24342775344848633,-2.329761568699972,-1.004068676625387,3.5407116413116455,0.5643427968025208,0.0,0.0,-0.0,0.0,0.0,0.0,-0.1190185695886612,3.973389148712158,-1.5199475288391113,0.2063598781824112,-0.0403747595846653,-0.1973877102136612,0.14228615069835684,-0.34694913977696723,0.8900884756213295,-1.3852437277880199,-1.5064149764156984,1.9508280306961223,0.0,0.0,0.0,0.0,0.0,0.0,1.7695566142836938,0.24339841436500986,-2.329816140589685,-1.004101392145385,3.540695881423035,0.5643377819968957,7.0,1.0,48.01499938964844,48.25899887084961,48.04600143432617,0.07,32.1,27.93,0.411,-0.278,1.308,0,1,0
1778204808.5641248,1339.3999999999999,1.7696112394332886,0.24345171451568604,-2.329761568699972,-1.0040810743915003,3.5407354831695557,0.5643907189369202,0.0,0.0,-0.0,0.0,0.0,0.0,-0.0640869215130806,3.987122058868408,-1.5289148092269897,0.2018737941980362,-0.0381317175924778,-0.1973877102136612,0.1422734834752554,-0.3469555831929341,0.8900807392430665,-1.3852866002469393,-1.50640363023234,1.9508449907467387,0.0,0.0,0.0,0.0,0.0,0.0,1.7695566142836938,0.24339841436500986,-2.329816140589685,-1.004101392145385,3.540695881423035,0.5643377819968957,7.0,1.0,48.01499938964844,48.25899887084961,48.029998779296875,0.07,32.1,27.93,0.411,-0.278,1.308,0,1,0
1778204808.5681229,1339.408,1.7695993185043335,0.2434396743774414,-2.3298097292529505,-1.0040572325335901,3.540675640106201,0.5643547773361206,0.0,0.0,-0.0,0.0,0.0,0.0,-0.1144409328699112,3.987122058868408,-1.5221893787384033,0.2086029201745987,-0.0403747595846653,-0.1884155422449112,0.1422638783112029,-0.34691896550426443,0.89007284733684,-1.3853049846642582,-1.5063219070582938,1.9508160825125649,0.0,0.0,0.0,0.0,0.0,0.0,1.7695566142836938,0.24339841436500986,-2.329816140589685,-1.004101392145385,3.540695881423035,0.5643377819968957,7.0,1.0,48.01499938964844,48.25899887084961,48.029998779296875,0.07,32.1,27.93,0.411,-0.278,1.308,0,1,0
1778204808.5814147,1339.416,1.7696353197097778,0.24345171451568604,-2.3297975699054163,-1.0040810743915003,3.5407235622406006,0.5643907189369202,0.0,0.0,-0.0,0.0,0.0,0.0,-0.1235962063074112,3.959656238555908,-1.504254937171936,0.2041168361902237,-0.0291595496237278,-0.2108459621667862,0.14227476611751227,-0.34691908416064227,0.8900726508085273,-1.3853028998618966,-1.5063909462540823,1.9508854054032572,0.0,0.0,0.0,0.0,0.0,0.0,1.7695566142836938,0.24339841436500986,-2.329816140589685,-1.004101392145385,3.540695881423035,0.5643377819968957,7.0,1.0,48.0,48.25899887084961,48.029998779296875,0.07,32.1,27.93,0.411,-0.278,1.308,0,1,0
1778204808.5870361,1339.424,1.7695753574371338,0.24340379238128662,-2.329761568699972,-1.004068676625387,3.5406875610351562,0.5643547773361206,0.0,0.0,-0.0,0.0,0.0,0.0,-0.0823974683880806,3.982544422149658,-1.5087385177612305,0.2018737941980362,-0.0426178015768528,-0.2041168361902237,0.14225846110877702,-0.3469348552960456,0.8900975364883587,-1.3853109828985128,-1.5063111932229845,1.9508079077892562,0.0,0.0,0.0,0.0,0.0,0.0,1.7695566142836938,0.24339841436500986,-2.329816140589685,-1.004101392145385,3.540695881423035,0.5643377819968957,7.0,1.0,48.0,48.25899887084961,48.029998779296875,0.07,32.1,27.93,0.411,-0.278,1.308,0,1,0
1778204808.5975463,1339.432,1.7695753574371338,0.2434396743774414,-2.329773728047506,-1.0040929953204554,3.54074764251709,0.56440269947052,0.0,0.0,-0.0,0.0,0.0,0.0,-0.0686645582318306,3.977966785430908,-1.5333983898162842,0.2063598781824112,-0.0358886756002903,-0.2130890041589737,0.1422546491738263,-0.3469340672387016,0.8900831568692594,-1.3853341318848122,-1.506351645687875,1.9508706359582222,0.0,0.0,0.0,0.0,0.0,0.0,1.7695566142836938,0.24339841436500986,-2.329816140589685,-1.004101392145385,3.540695881423035,0.5643377819968957,7.0,1.0,48.0,48.25899887084961,48.029998779296875,0.07,32.1,27.93,0.411,-0.278,1.308,0,1,0
1778204808.6012545,1339.4399999999998,1.7695993185043335,0.2434396743774414,-2.3298097292529505,-1.0040448347674769,3.5407116413116455,0.56440269947052,0.0,0.0,-0.0,0.0,0.0,0.0,-0.0778198316693306,3.968811511993408,-1.5177057981491089,0.2063598781824112,-0.0358886756002903,-0.2153320610523224,0.14225865432258056,-0.3469150933511898,0.8900725017656343,-1.3853300970547382,-1.506346884504763,1.9508535172522965,0.0,0.0,0.0,0.0,0.0,0.0,1.7695566142836938,0.24339841436500986,-2.329816140589685,-1.004101392145385,3.540695881423035,0.5643377819968957,7.0,1.0,48.0,48.25899887084961,48.029998779296875,0.07,32.1,27.93,0.411,-0.278,1.308,0,1,0
1778204808.605252,1339.4479999999999,1.7695872783660889,0.24342775344848633,-2.3297975699054163,-1.0041049162494105,3.540771245956421,0.5644146800041199,0.0,0.0,-0.0,0.0,0.0,0.0,-0.0686645582318306,4.000854969024658,-1.513222098350525,0.2018737941980362,-0.0358886756002903,-0.1929016262292862,0.1422509169906126,-0.34689635389204493,0.890082834596943,-1.385360606544526,-1.5063501263645456,1.9509416488541944,0.0,0.0,0.0,0.0,0.0,0.0,1.7695566142836938,0.24339841436500986,-2.329816140589685,-1.004101392145385,3.540695881423035,0.5643377819968957,7.0,1.0,48.0,48.25899887084961,48.029998779296875,0.07,32.1,27.93,0.411,-0.278,1.308,0,1,0
1778204808.6199956,1339.456,1.7695872783660889,0.24342775344848633,-2.329737726842062,-1.0041049162494105,3.5407235622406006,0.5643907189369202,0.0,0.0,-0.0,0.0,0.0,0.0,-0.0732421949505806,3.968811511993408,-1.5244312286376953,0.2041168361902237,-0.0381317175924778,-0.1816864162683487,0.14226323301944635,-0.34695174254382793,0.8900963351338231,-1.385318812031928,-1.5063522497197277,1.9508459530151645,0.0,0.0,0.0,0.0,0.0,0.0,1.7695566142836938,0.24339841436500986,-2.329816140589685,-1.004101392145385,3.540695881423035,0.5643377819968957,7.0,1.0,48.0,48.25899887084961,48.029998779296875,0.07,32.1,27.93,0.411,-0.278,1.308,0,1,0
1778204808.6226494,1339.464,1.7696112394332886,0.24348759651184082,-2.3297975699054163,-1.0040810743915003,3.5407354831695557,0.56440269947052,0.0,0.0,-0.0,0.0,0.0,0.0,-0.1739502102136612,3.987122058868408,-1.5266729593276978,0.2041168361902237,-0.0358886756002903,-0.2018737941980362,0.14227040099636432,-0.3469473346038252,0.890059509211572,-1.3852989356689178,-1.5063985432635731,1.9508521113572388,0.0,0.0,0.0,0.0,0.0,0.0,1.7695566142836938,0.24339841436500986,-2.329816140589685,-1.004101392145385,3.540695881423035,0.5643377819968957,7.0,1.0,48.0,48.22800064086914,48.029998779296875,0.07,32.1,27.93,0.411,-0.278,1.308,0,1,0
1778204808.6365426,1339.472,1.7696353197097778,0.2434396743774414,-2.329761568699972,-1.0040929953204554,3.5407116413116455,0.56440269947052,0.0,0.0,-0.0,0.0,0.0,0.0,-0.0732421949505806,4.000854969024658,-1.5109803676605225,0.1973877102136612,-0.0336456336081028,-0.2041168361902237,0.1422757657667372,-0.346933448984409,0.890086071221811,-1.385312565966676,-1.5063822769516069,1.9508748307779178,0.0,0.0,0.0,0.0,0.0,0.0,1.7695566142836938,0.24339841436500986,-2.329816140589685,-1.004101392145385,3.540695881423035,0.5643377819968957,7.0,1.0,48.0,48.22800064086914,48.04600143432617,0.07,32.1,27.93,0.411,-0.278,1.308,0,1,0
1778204808.6447089,1339.472,1.7696353197097778,0.2434396743774414,-2.329761568699972,-1.0040929953204554,3.5407116413116455,0.56440269947052,0.0,0.0,-0.0,0.0,0.0,0.0,-0.0732421949505806,4.000854969024658,-1.5109803676605225,0.1973877102136612,-0.0336456336081028,-0.2041168361902237,0.1422757657667372,-0.346933448984409,0.890086071221811,-1.385312565966676,-1.5063822769516069,1.9508748307779178,0.0,0.0,0.0,0.0,0.0,0.0,1.7695566142836938,0.24339841436500986,-2.329816140589685,-1.004101392145385,3.540695881423035,0.5643377819968957,7.0,1.0,48.0,48.22800064086914,48.04600143432617,0.18,31.82,27.63,0.414,-0.29,1.316,0,0,1
1778204808.6474745,1339.48,1.769647240638733,0.2434396743774414,-2.3298216501819056,-1.0040448347674769,3.54074764251709,0.5643667578697205,0.0,0.0,-0.0,0.0,0.0,0.0,-0.1144409328699112,3.968811511993408,-1.4952876567840576,0.2041168361902237,-0.0426178015768528,-0.2220611870288849,0.1422811006890159,-0.346909435994799,0.890069260719284,-1.385262057255591,-1.5064365598243066,1.9508917963546912,0.0,0.0,0.0,0.0,0.0,0.0,1.7695566142836938,0.24339841436500986,-2.329816140589685,-1.004101392145385,3.540695881423035,0.5643377819968957,7.0,1.0,48.0,48.22800064086914,48.04600143432617,0.18,31.82,27.63,0.414,-0.29,1.316,0,1,0
1778204808.6606176,1339.4879999999998,1.7696353197097778,0.2434396743774414,-2.329773728047506,-1.0041168371783655,3.5407235622406006,0.56440269947052,0.0,0.0,-0.0,0.0,0.0,0.0,-0.0778198316693306,3.982544422149658,-1.502013087272644,0.2063598781824112,-0.0448608435690403,-0.2220611870288849,0.14227221766776033,-0.34691393916022106,0.890084590972173,-1.3853304127553405,-1.5063701076190605,1.9509143705644234,0.0,0.0,0.0,0.0,0.0,0.0,1.7695566142836938,0.24339841436500986,-2.329816140589685,-1.004101392145385,3.540695881423035,0.5643377819968957,7.0,1.0,48.0,48.22800064086914,48.04600143432617,0.18,31.82,27.63,0.414,-0.29,1.316,0,1,0
1778204808.664202,1339.4959999999999,1.7696353197097778,0.24340379238128662,-2.329761568699972,-1.0040810743915003,3.5406997203826904,0.56440269947052,0.0,0.0,-0.0,0.0,0.0,0.0,-0.0549316480755806,3.977966785430908,-1.515463948249817,0.1929016262292862,-0.0314025916159153,-0.2018737941980362,0.14227073837843096,-0.346910488990352,0.890098677001055,-1.38533288375055,-1.5063542333460964,1.950890080758708,0.0,0.0,0.0,0.0,0.0,0.0,1.7695566142836938,0.24339841436500986,-2.329816140589685,-1.004101392145385,3.540695881423035,0.5643377819968957,7.0,1.0,48.01499938964844,48.22800064086914,48.04600143432617,0.18,31.82,27.63,0.414,-0.29,1.316,0,1,0
1778204808.6688468,1339.504,1.7695993185043335,0.24342775344848633,-2.3298216501819056,-1.0040810743915003,3.54074764251709,0.5643667578697205,0.0,0.0,-0.0,0.0,0.0,0.0,-0.1098632961511612,4.000854969024658,-1.5064966678619385,0.2041168361902237,-0.0269165076315403,-0.2198181450366974,0.14225966307317534,-0.3468926985892308,0.8900756637248672,-1.3853163517534473,-1.5063574388459515,1.9509072924281428,0.0,0.0,0.0,0.0,0.0,0.0,1.7695566142836938,0.24339841436500986,-2.329816140589685,-1.004101392145385,3.540695881423035,0.5643377819968957,7.0,1.0,48.01499938964844,48.22800064086914,48.04600143432617,0.18,31.82,27.63,0.414,-0.29,1.316,0,1,0
1778204808.6776297,1339.512,1.7696112394332886,0.24348759651184082,-2.329761568699972,-1.0041411558734339,3.5407354831695557,0.5643787384033203,0.0,0.0,-0.0,0.0,0.0,0.0,-0.0411987341940403,3.959656238555908,-1.513222098350525,0.2063598781824112,-0.0381317175924778,-0.2175751030445099,0.14227591178041463,-0.346961058020799,0.8900707361741207,-1.3852901247270597,-1.5063923167801916,1.95085979964064,0.0,0.0,0.0,0.0,0.0,0.0,1.7695566142836938,0.24339841436500986,-2.329816140589685,-1.004101392145385,3.540695881423035,0.5643377819968957,7.0,1.0,48.01499938964844,48.22800064086914,48.04600143432617,0.18,31.82,27.63,0.414,-0.29,1.316,0,1,0
1778204808.681321,1339.52,1.7696112394332886,0.24347567558288574,-2.3297975699054163,-1.0040929953204554,3.540771245956421,0.5643547773361206,0.0,0.0,-0.0,0.0,0.0,0.0,-0.0915527418255806,3.973389148712158,-1.504254937171936,0.2041168361902237,-0.0358886756002903,-0.2153320610523224,0.14227759075612004,-0.34694833393870533,0.8900638913890135,-1.3852499560912646,-1.5064380525898016,1.9508656052347615,0.0,0.0,0.0,0.0,0.0,0.0,1.7695566142836938,0.24339841436500986,-2.329816140589685,-1.004101392145385,3.540695881423035,0.5643377819968957,7.0,1.0,48.01499938964844,48.22800064086914,48.04600143432617,0.18,31.82,27.63,0.414,-0.29,1.316,0,1,0
1778204808.6950028,1339.528,1.7696112394332886,0.24347567558288574,-2.3298097292529505,-1.0040810743915003,3.540771245956421,0.5643787384033203,0.0,0.0,-0.0,0.0,0.0,0.0,-0.0961303785443306,3.987122058868408,-1.513222098350525,0.2063598781824112,-0.0336456336081028,-0.2377624809741974,0.14227234223288532,-0.3469364033854807,0.8900607325556378,-1.3852744077834387,-1.506428086127682,1.950880053732833,0.0,0.0,0.0,0.0,0.0,0.0,1.7695566142836938,0.24339841436500986,-2.329816140589685,-1.004101392145385,3.540695881423035,0.5643377819968957,7.0,1.0,48.01499938964844,48.22800064086914,48.04600143432617,0.18,31.82,27.63,0.414,-0.29,1.316,0,1,0
1778204808.6995451,1339.5359999999998,1.7695872783660889,0.2434157133102417,-2.329773728047506,-1.0041168371783655,3.5406875610351562,0.5644266605377197,0.0,0.0,-0.0,0.0,0.0,0.0,-0.0595092847943306,3.950500965118408,-1.5087385177612305,0.2063598781824112,-0.0426178015768528,-0.2130890041589737,0.1422460175052087,-0.34689403405000746,0.8900938312346875,-1.3854091510972122,-1.5062611103764514,1.9509017111862574,0.0,0.0,0.0,0.0,0.0,0.0,1.7695566142836938,0.24339841436500986,-2.329816140589685,-1.004101392145385,3.540695881423035,0.5643377819968957,7.0,1.0,48.01499938964844,48.22800064086914,48.04600143432617,0.18,31.82,27.63,0.414,-0.29,1.316,0,1,0
1778204808.7032156,1339.5439999999999,1.7696112394332886,0.2434157133102417,-2.3298216501819056,-1.0040810743915003,3.54074764251709,0.5643547773361206,0.0,0.0,-0.0,0.0,0.0,0.0,-0.0549316480755806,3.973389148712158,-1.515463948249817,0.1973877102136612,-0.0448608435690403,-0.2018737941980362,0.14226401661318802,-0.34688496068667235,0.8900799704280835,-1.3853059774603187,-1.5063659101821336,1.9509182743772446,0.0,0.0,0.0,0.0,0.0,0.0,1.7695566142836938,0.24339841436500986,-2.329816140589685,-1.004101392145385,3.540695881423035,0.5643377819968957,7.0,1.0,48.01499938964844,48.22800064086914,48.06100082397461,0.18,31.82,27.63,0.414,-0.29,1.316,0,1,0
1778204808.7079585,1339.552,1.7696112394332886,0.24345171451568604,-2.3297975699054163,-1.0041411558734339,3.54074764251709,0.5643427968025208,0.0,0.0,-0.0,0.0,0.0,0.0,-0.1419067531824112,3.964233875274658,-1.5333983898162842,0.2018737941980362,-0.0358886756002903,-0.1592559963464737,0.1422707793417153,-0.34691199689052243,0.8900753718668081,-1.3852940768909137,-1.506370894732066,1.9509110048742841,0.0,0.0,0.0,0.0,0.0,0.0,1.7695566142836938,0.24339841436500986,-2.329816140589685,-1.004101392145385,3.540695881423035,0.5643377819968957,7.0,1.0,48.01499938964844,48.22800064086914,48.06100082397461,0.18,31.82,27.63,0.414,-0.29,1.316,0,1,0
1778204808.7099504,1339.56,1.7696112394332886,0.24342775344848633,-2.329761568699972,-1.0040810743915003,3.54074764251709,0.56440269947052,0.0,0.0,-0.0,0.0,0.0,0.0,-0.1647949367761612,3.973389148712158,-1.504254937171936,0.2108459621667862,-0.0448608435690403,-0.1951446682214737,0.14226847567177733,-0.34693571763955955,0.8900896349045849,-1.385308704606188,-1.5063949223070028,1.9508808798552382,0.0,0.0,0.0,0.0,0.0,0.0,1.7695566142836938,0.24339841436500986,-2.329816140589685,-1.004101392145385,3.540695881423035,0.5643377819968957,7.0,1.0,48.01499938964844,48.22800064086914,48.06100082397461,0.18,31.82,27.63,0.414,-0.29,1.316,0,1,0
1778204808.7174294,1339.568,1.769647240638733,0.24345171451568604,-2.3297975699054163,-1.0040810743915003,3.5407235622406006,0.5643547773361206,0.0,0.0,-0.0,0.0,0.0,0.0,-0.1281738430261612,3.964233875274658,-1.499771237373352,0.2041168361902237,-0.0471038855612278,-0.1772003322839737,0.14228499431918276,-0.34692624812957285,0.890072270338932,-1.3852605477052102,-1.5064172447799993,1.9508711513384247,0.0,0.0,0.0,0.0,0.0,0.0,1.7695566142836938,0.24339841436500986,-2.329816140589685,-1.004101392145385,3.540695881423035,0.5643377819968957,7.0,1.0,48.01499938964844,48.22800064086914,48.06100082397461,0.18,31.82,27.63,0.414,-0.29,1.316,0,1,0
1778204808.7205014,1339.576,1.7695753574371338,0.24345171451568604,-2.3298097292529505,-1.0040810743915003,3.5407354831695557,0.5644146800041199,0.0,0.0,-0.0,0.0,0.0,0.0,-0.1007080152630806,3.959656238555908,-1.5064966678619385,0.2086029201745987,-0.0448608435690403,-0.2108459621667862,0.14224834104664777,-0.34691183534729225,0.8900700993801705,-1.385359243552333,-1.5063263412816141,1.9508818552423348,0.0,0.0,0.0,0.0,0.0,0.0,1.7695566142836938,0.24339841436500986,-2.329816140589685,-1.004101392145385,3.540695881423035,0.5643377819968957,7.0,1.0,48.0,48.22800064086914,48.06100082397461,0.18,31.82,27.63,0.414,-0.29,1.316,0,1,0
1778204808.7237473,1339.5839999999998,1.7696592807769775,0.24342775344848633,-2.3297975699054163,-1.0041168371783655,3.5407590866088867,0.5643787384033203,0.0,0.0,-0.0,0.0,0.0,0.0,-0.1007080152630806,3.982544422149658,-1.5087385177612305,0.2063598781824112,-0.0426178015768528,-0.2243042290210724,0.14228036361625326,-0.34688916189760755,0.8900831723207241,-1.3853016733489882,-1.506414974522578,1.9509670563019765,0.0,0.0,0.0,0.0,0.0,0.0,1.7695566142836938,0.24339841436500986,-2.329816140589685,-1.004101392145385,3.540695881423035,0.5643377819968957,7.0,1.0,48.0,48.22800064086914,48.06100082397461,0.18,31.82,27.63,0.414,-0.29,1.316,0,1,0
1778204808.7369502,1339.5919999999999,1.7695993185043335,0.24345171451568604,-2.329761568699972,-1.0040929953204554,3.54074764251709,0.5644146800041199,0.0,0.0,-0.0,0.0,0.0,0.0,-0.0366210974752903,3.982544422149658,-1.504254937171936,0.2041168361902237,-0.0358886756002903,-0.2287903130054474,0.14226492322217035,-0.3469475433523197,0.8900815998594154,-1.3853191443602515,-1.5063864544904721,1.9508698530471347,0.0,0.0,0.0,0.0,0.0,0.0,1.7695566142836938,0.24339841436500986,-2.329816140589685,-1.004101392145385,3.540695881423035,0.5643377819968957,7.0,1.0,48.0,48.22800064086914,48.06100082397461,0.18,31.82,27.63,0.414,-0.29,1.316,0,1,0
1778204808.7441652,1339.6,1.7696112394332886,0.24342775344848633,-2.3297975699054163,-1.0040810743915003,3.5407354831695557,0.5643907189369202,0.0,0.0,-0.0,0.0,0.0,0.0,-0.0457763709127903,3.964233875274658,-1.513222098350525,0.2063598781824112,-0.0426178015768528,-0.2198181450366974,0.14226342287059968,-0.34690557868891514,0.8900814200094392,-1.3853247598536464,-1.5063633292183105,1.950899761383879,0.0,0.0,0.0,0.0,0.0,0.0,1.7695566142836938,0.24339841436500986,-2.329816140589685,-1.004101392145385,3.540695881423035,0.5643377819968957,7.0,1.0,48.0,48.22800064086914,48.06100082397461,0.18,31.82,27.63,0.414,-0.29,1.316,0,1,0
1778204808.7515514,1339.608,1.7695993185043335,0.24342775344848633,-2.3298335711108606,-1.0040929953204554,3.5407235622406006,0.5643547773361206,0.0,0.0,-0.0,0.0,0.0,0.0,-0.0915527418255806,3.964233875274658,-1.5199475288391113,0.2041168361902237,-0.0336456336081028,-0.1839294582605362,0.14225731593596616,-0.346878243382812,0.8900736117581579,-1.3853298625418082,-1.5063220953619643,1.950908346850501,0.0,0.0,0.0,0.0,0.0,0.0,1.7695566142836938,0.24339841436500986,-2.329816140589685,-1.004101392145385,3.540695881423035,0.5643377819968957,7.0,1.0,48.0,48.22800064086914,48.06100082397461,0.18,31.82,27.63,0.414,-0.29,1.316,0,1,0
1778204808.7541482,1339.616,1.7696112394332886,0.2434636354446411,-2.329761568699972,-1.0040448347674769,3.5406875610351562,0.56440269947052,0.0,0.0,-0.0,0.0,0.0,0.0,-0.1373291164636612,3.977966785430908,-1.5244312286376953,0.2063598781824112,-0.0336456336081028,-0.2041168361902237,0.14227378204025506,-0.3469722843236539,0.8900746802009099,-1.3852887783337728,-1.5063828187323696,1.950781154879434,0.0,0.0,0.0,0.0,0.0,0.0,1.7695566142836938,0.24339841436500986,-2.329816140589685,-1.004101392145385,3.540695881423035,0.5643377819968957,7.0,1.0,48.0,48.22800064086914,48.06100082397461,0.18,31.82,27.63,0.414,-0.29,1.316,0,1,0
1778204808.7564077,1339.624,1.7696353197097778,0.24342775344848633,-2.3297856489764612,-1.0040810743915003,3.5406997203826904,0.5644146800041199,0.0,0.0,-0.0,0.0,0.0,0.0,-0.0640869215130806,3.987122058868408,-1.513222098350525,0.2018737941980362,-0.0403747595846653,-0.2041168361902237,0.14226799829442588,-0.3469039650250184,0.8900845329291063,-1.385345188326118,-1.5063491880551312,1.9508972337555393,0.0,0.0,0.0,0.0,0.0,0.0,1.7695566142836938,0.24339841436500986,-2.329816140589685,-1.004101392145385,3.540695881423035,0.5643377819968957,7.0,1.0,48.0,48.22800064086914,48.06100082397461,0.18,31.82,27.63,0.414,-0.29,1.316,0,1,0
1778204808.769242,1339.6319999999998,1.7695872783660889,0.2434636354446411,-2.3297856489764612,-1.0041168371783655,3.5407590866088867,0.5643667578697205,0.0,0.0,-0.0,0.0,0.0,0.0,-0.1419067531824112,3.996277332305908,-1.515463948249817,0.2063598781824112,-0.0471038855612278,-0.1951446682214737,0.14226495499865038,-0.3469397971873519,0.8900725287773847,-1.3852944695182217,-1.5063815102810465,1.9508735104123285,0.0,0.0,0.0,0.0,0.0,0.0,1.7695566142836938,0.24339841436500986,-2.329816140589685,-1.004101392145385,3.540695881423035,0.5643377819968957,7.0,1.0,48.0,48.22800064086914,48.06100082397461,0.18,31.82,27.63,0.414,-0.29,1.316,0,1,0
1778204808.7768402,1339.6399999999999,1.7696112394332886,0.2434396743774414,-2.3298335711108606,-1.0040810743915003,3.5407354831695557,0.5643907189369202,0.0,0.0,-0.0,0.0,0.0,0.0,-0.0961303785443306,3.973389148712158,-1.5378820896148682,0.1951446682214737,-0.0448608435690403,-0.2041168361902237,0.1422587641660387,-0.34688238259923454,0.8900688859364532,-1.3853401398508234,-1.5063470683086226,1.9509216980877837,0.0,0.0,0.0,0.0,0.0,0.0,1.7695566142836938,0.24339841436500986,-2.329816140589685,-1.004101392145385,3.540695881423035,0.5643377819968957,7.0,1.0,48.0,48.22800064086914,48.06100082397461,0.18,31.82,27.63,0.414,-0.29,1.316,0,1,0
1778204808.779397,1339.6399999999999,1.7696112394332886,0.2434396743774414,-2.3298335711108606,-1.0040810743915003,3.5407354831695557,0.5643907189369202,0.0,0.0,-0.0,0.0,0.0,0.0,-0.0961303785443306,3.973389148712158,-1.5378820896148682,0.1951446682214737,-0.0448608435690403,-0.2041168361902237,0.1422587641660387,-0.34688238259923454,0.8900688859364532,-1.3853401398508234,-1.5063470683086226,1.9509216980877837,0.0,0.0,0.0,0.0,0.0,0.0,1.7695566142836938,0.24339841436500986,-2.329816140589685,-1.004101392145385,3.540695881423035,0.5643377819968957,7.0,1.0,48.0,48.22800064086914,48.06100082397461,0.22,31.81,27.75,0.413,-0.289,1.318,0,0,1
1778204808.7881732,1339.648,1.7696353197097778,0.243391752243042,-2.3298335711108606,-1.0040448347674769,3.5407590866088867,0.5643547773361206,0.0,0.0,-0.0,0.0,0.0,0.0,-0.0961303785443306,3.964233875274658,-1.515463948249817,0.2041168361902237,-0.0426178015768528,-0.1884155422449112,0.14227023709075978,-0.3468685838523899,0.8900840309865572,-1.3852887992507559,-1.5064011517637097,1.950938791745956,0.0,0.0,0.0,0.0,0.0,0.0,1.7695566142836938,0.24339841436500986,-2.329816140589685,-1.004101392145385,3.540695881423035,0.5643377819968957,7.0,1.0,48.0,48.22800064086914,48.06100082397461,0.22,31.81,27.75,0.413,-0.289,1.318,0,1,0
1778204808.790533,1339.656,1.769647240638733,0.2434636354446411,-2.329761568699972,-1.0041049162494105,3.54074764251709,0.56440269947052,0.0,0.0,-0.0,0.0,0.0,0.0,-0.1281738430261612,3.955078601837158,-1.5177057981491089,0.2086029201745987,-0.0471038855612278,-0.1996307522058487,0.14228438232688326,-0.34694776617416523,0.8900777452396635,-1.3852835201637177,-1.5064382040748108,1.9508911360368297,0.0,0.0,0.0,0.0,0.0,0.0,1.7695566142836938,0.24339841436500986,-2.329816140589685,-1.004101392145385,3.540695881423035,0.5643377819968957,7.0,1.0,48.01499938964844,48.22800064086914,48.06100082397461,0.22,31.81,27.75,0.413,-0.289,1.318,0,1,0
1778204808.805302,1339.664,1.7696112394332886,0.24347567558288574,-2.3297856489764612,-1.0040929953204554,3.5407590866088867,0.5644146800041199,0.0,0.0,-0.0,0.0,0.0,0.0,-0.0961303785443306,3.982544422149658,-1.4952876567840576,0.2041168361902237,-0.0403747595846653,-0.2108459621667862,0.14226894291367362,-0.346943207694712,0.8900672771389971,-1.385308467152002,-1.506409454842159,1.9508834214514692,0.0,0.0,0.0,0.0,0.0,0.0,1.7695566142836938,0.24339841436500986,-2.329816140589685,-1.004101392145385,3.540695881423035,0.5643377819968957,7.0,1.0,48.01499938964844,48.22800064086914,48.06100082397461,0.22,31.81,27.75,0.413,-0.289,1.318,0,1,0
1778204808.8145359,1339.672,1.7696112394332886,0.24347567558288574,-2.329773728047506,-1.0040810743915003,3.5407235622406006,0.5643907189369202,0.0,0.0,-0.0,0.0,0.0,0.0,-0.1144409328699112,3.959656238555908,-1.546849250793457,0.2018737941980362,-0.0358886756002903,-0.1727142482995987,0.14227429312078366,-0.3469616717980174,0.8900692190688293,-1.3852843098169803,-1.5063995079814465,1.9508274389394404,0.0,0.0,0.0,0.0,0.0,0.0,1.7695566142836938,0.24339841436500986,-2.329816140589685,-1.004101392145385,3.540695881423035,0.5643377819968957,7.0,1.0,48.01499938964844,48.22800064086914,48.06100082397461,0.22,31.81,27.75,0.413,-0.289,1.318,0,1,0
1778204808.8235984,1339.6799999999998,1.7696353197097778,0.2434396743774414,-2.3297975699054163,-1.0041287581073206,3.540783166885376,0.5643787384033203,0.0,0.0,-0.0,0.0,0.0,0.0,-0.0915527418255806,4.000854969024658,-1.5221893787384033,0.2041168361902237,-0.0403747595846653,-0.2063598781824112,0.1422741018890576,-0.3468986184160579,0.8900793352084264,-1.3853030526574985,-1.5064157569672558,1.95096636795016,0.0,0.0,0.0,0.0,0.0,0.0,1.7695566142836938,0.24339841436500986,-2.329816140589685,-1.004101392145385,3.540695881423035,0.5643377819968957,7.0,1.0,48.01499938964844,48.24300003051758,48.06100082397461,0.22,31.81,27.75,0.413,-0.289,1.318,0,1,0
1778204808.8257923,1339.6879999999999,1.7695872783660889,0.24340379238128662,-2.3298454920398157,-1.0041049162494105,3.5407116413116455,0.5644146800041199,0.0,0.0,-0.0,0.0,0.0,0.0,-0.0823974683880806,3.977966785430908,-1.5244312286376953,0.1973877102136612,-0.0381317175924778,-0.2130890041589737,0.14223563203125494,-0.3468308678357478,0.8900810847119107,-1.385432218051606,-1.5062418614740964,1.950973692296924,0.0,0.0,0.0,0.0,0.0,0.0,1.7695566142836938,0.24339841436500986,-2.329816140589685,-1.004101392145385,3.540695881423035,0.5643377819968957,7.0,1.0,48.01499938964844,48.24300003051758,48.04600143432617,0.22,31.81,27.75,0.413,-0.289,1.318,0,1,0
1778204808.8393178,1339.696,1.7695872783660889,0.24342775344848633,-2.3297975699054163,-1.0040810743915003,3.5406997203826904,0.5643667578697205,0.0,0.0,-0.0,0.0,0.0,0.0,-0.0961303785443306,3.973389148712158,-1.5221893787384033,0.1996307522058487,-0.0426178015768528,-0.2086029201745987,0.14225731827734187,-0.3469119834300791,0.8900813294211206,-1.3853276993483403,-1.5063136998830358,1.9508511630924792,0.0,0.0,0.0,0.0,0.0,0.0,1.7695566142836938,0.24339841436500986,-2.329816140589685,-1.004101392145385,3.540695881423035,0.5643377819968957,7.0,1.0,48.01499938964844,48.24300003051758,48.04600143432617,0.22,31.81,27.75,0.413,-0.289,1.318,0,1,0
1778204808.8470242,1339.704,1.7695993185043335,0.2434636354446411,-2.3297975699054163,-1.004068676625387,3.5407116413116455,0.5644266605377197,0.0,0.0,-0.0,0.0,0.0,0.0,-0.1235962063074112,3.977966785430908,-1.5064966678619385,0.2018737941980362,-0.0381317175924778,-0.2601929008960724,0.14225839364284687,-0.34692829305092404,0.8900680066379387,-1.3853467343341588,-1.5063454001175123,1.9508564442250362,0.0,0.0,0.0,0.0,0.0,0.0,1.7695566142836938,0.24339841436500986,-2.329816140589685,-1.004101392145385,3.540695881423035,0.5643377819968957,7.0,1.0,48.01499938964844,48.24300003051758,48.04600143432617,0.22,31.81,27.75,0.413,-0.289,1.318,0,1,0
1778204808.84974,1339.712,1.7695993185043335,0.24347567558288574,-2.3298097292529505,-1.0040572325335901,3.5407590866088867,0.56440269947052,0.0,0.0,-0.0,0.0,0.0,0.0,-0.1510620266199112,3.973389148712158,-1.5087385177612305,0.1973877102136612,-0.0381317175924778,-0.2467346489429474,0.1422655001571434,-0.34694084049879853,0.8900597167364019,-1.3852946016767735,-1.5064104079394476,1.9508586168477942,0.0,0.0,0.0,0.0,0.0,0.0,1.7695566142836938,0.24339841436500986,-2.329816140589685,-1.004101392145385,3.540695881423035,0.5643377819968957,7.0,1.0,48.01499938964844,48.24300003051758,48.04600143432617,0.22,31.81,27.75,0.413,-0.289,1.318,0,1,0
1778204808.8582776,1339.72,1.7696353197097778,0.2434157133102417,-2.329773728047506,-1.0040810743915003,3.5407354831695557,0.5643427968025208,0.0,0.0,-0.0,0.0,0.0,0.0,-0.0915527418255806,3.968811511993408,-1.5199475288391113,0.2108459621667862,-0.0269165076315403,-0.1996307522058487,0.14228236134917832,-0.34692623063890565,0.8900907397955146,-1.3852567190454501,-1.5064143904181113,1.9508748790364574,0.0,0.0,0.0,0.0,0.0,0.0,1.7695566142836938,0.24339841436500986,-2.329816140589685,-1.004101392145385,3.540695881423035,0.5643377819968957,7.0,1.0,48.01499938964844,48.24300003051758,48.04600143432617,0.22,31.81,27.75,0.413,-0.289,1.318,0,1,0
1778204808.8605201,1339.7279999999998,1.7695993185043335,0.24345171451568604,-2.3297856489764612,-1.0041411558734339,3.5407235622406006,0.5643547773361206,0.0,0.0,-0.0,0.0,0.0,0.0,-0.0640869215130806,4.000854969024658,-1.5401238203048706,0.2018737941980362,-0.0381317175924778,-0.1929016262292862,0.14226550143535835,-0.3469194096823649,0.8900783047450682,-1.385314942081233,-1.5063381743042437,1.9508865892442329,0.0,0.0,0.0,0.0,0.0,0.0,1.7695566142836938,0.24339841436500986,-2.329816140589685,-1.004101392145385,3.540695881423035,0.5643377819968957,7.0,1.0,48.01499938964844,48.24300003051758,48.04600143432617,0.22,31.81,27.75,0.413,-0.289,1.318,0,1,0
1778204808.873979,1339.7359999999999,1.7696353197097778,0.2434157133102417,-2.3298216501819056,-1.0040929953204554,3.5407354831695557,0.5643667578697205,0.0,0.0,-0.0,0.0,0.0,0.0,-0.1007080152630806,3.964233875274658,-1.5177057981491089,0.2041168361902237,-0.0358886756002903,-0.2018737941980362,0.1422687153479481,-0.34687277307101777,0.8900808144853989,-1.3853192334713993,-1.5063643703039415,1.9509436818236827,0.0,0.0,0.0,0.0,0.0,0.0,1.7695566142836938,0.24339841436500986,-2.329816140589685,-1.004101392145385,3.540695881423035,0.5643377819968957,7.0,1.0,48.0,48.24300003051758,48.04600143432617,0.22,31.81,27.75,0.413,-0.289,1.318,0,1,0
1778204808.8870656,1339.744,1.7696712017059326,0.2434157133102417,-2.3297975699054163,-1.0040572325335901,3.5407590866088867,0.5643787384033203,0.0,0.0,-0.0,0.0,0.0,0.0,-0.0732421949505806,3.982544422149658,-1.5087385177612305,0.2086029201745987,-0.0358886756002903,-0.2153320610523224,0.14228765178513647,-0.34690256407522346,0.8900842949240549,-1.3852652992539387,-1.5064584815053443,1.9509308295615861,0.0,0.0,0.0,0.0,0.0,0.0,1.7695566142836938,0.24339841436500986,-2.329816140589685,-1.004101392145385,3.540695881423035,0.5643377819968957,7.0,1.0,48.0,48.24300003051758,48.04600143432617,0.22,31.81,27.75,0.413,-0.289,1.318,0,1,0
1778204808.8911772,1339.752,1.769647240638733,0.2434157133102417,-2.3297975699054163,-1.0040929953204554,3.5407354831695557,0.56440269947052,0.0,0.0,-0.0,0.0,0.0,0.0,-0.1098632961511612,3.977966785430908,-1.515463948249817,0.2063598781824112,-0.0336456336081028,-0.2086029201745987,0.14227107488349433,-0.34688368932321884,0.8900866422285437,-1.3853345338713137,-1.5063776063048218,1.9509501145867898,0.0,0.0,0.0,0.0,0.0,0.0,1.7695566142836938,0.24339841436500986,-2.329816140589685,-1.004101392145385,3.540695881423035,0.5643377819968957,7.0,1.0,48.0,48.22800064086914,48.04600143432617,0.22,31.81,27.75,0.413,-0.289,1.318,0,1,0
1778204808.8934612,1339.76,1.7696112394332886,0.24345171451568604,-2.3298097292529505,-1.0040929953204554,3.5407116413116455,0.5644266605377197,0.0,0.0,-0.0,0.0,0.0,0.0,-0.0503540076315403,3.964233875274658,-1.5087385177612305,0.2018737941980362,-0.0291595496237278,-0.1929016262292862,0.14225652955947007,-0.3468970180117856,0.8900709966690742,-1.3853717739484959,-1.5063245959676346,1.9509076805741528,0.0,0.0,0.0,0.0,0.0,0.0,1.7695566142836938,0.24339841436500986,-2.329816140589685,-1.004101392145385,3.540695881423035,0.5643377819968957,7.0,1.0,48.0,48.22800064086914,48.06100082397461,0.22,31.81,27.75,0.413,-0.289,1.318,0,1,0
1778204808.9071953,1339.768,1.769647240638733,0.2434157133102417,-2.3297856489764612,-1.004068676625387,3.5407116413116455,0.5643787384033203,0.0,0.0,-0.0,0.0,0.0,0.0,-0.1098632961511612,3.987122058868408,-1.513222098350525,0.2041168361902237,-0.0426178015768528,-0.2086029201745987,0.14227806395043396,-0.3469081155838161,0.8900878434945554,-1.3852973711181364,-1.5063877093768387,1.950889418966998,0.0,0.0,0.0,0.0,0.0,0.0,1.7695566142836938,0.24339841436500986,-2.329816140589685,-1.004101392145385,3.540695881423035,0.5643377819968957,7.0,1.0,48.0,48.22800064086914,48.06100082397461,0.22,31.81,27.75,0.413,-0.289,1.318,0,1,0
1778204808.9093688,1339.7759999999998,1.7695753574371338,0.24345171451568604,-2.329773728047506,-1.0041049162494105,3.54074764251709,0.5643907189369202,0.0,0.0,-0.0,0.0,0.0,0.0,-0.1098632961511612,3.964233875274658,-1.5177057981491089,0.2041168361902237,-0.0336456336081028,-0.1996307522058487,0.1422574994133822,-0.3469411973706553,0.8900792585078916,-1.3853219546354965,-1.5063566100298311,1.950863372747644,0.0,0.0,0.0,0.0,0.0,0.0,1.7695566142836938,0.24339841436500986,-2.329816140589685,-1.004101392145385,3.540695881423035,0.5643377819968957,7.0,1.0,48.0,48.22800064086914,48.06100082397461,0.22,31.81,27.75,0.413,-0.289,1.318,0,1,0
1778204808.924485,1339.7839999999999,1.7696112394332886,0.24342775344848633,-2.3298335711108606,-1.0040929953204554,3.54074764251709,0.5643907189369202,0.0,0.0,-0.0,0.0,0.0,0.0,-0.0869751051068306,3.964233875274658,-1.504254937171936,0.1996307522058487,-0.0336456336081028,-0.1996307522058487,0.14225660689356218,-0.3468696472467078,0.8900738819617093,-1.3853500660585416,-1.506343323143649,1.9509503244313102,0.0,0.0,0.0,0.0,0.0,0.0,1.7695566142836938,0.24339841436500986,-2.329816140589685,-1.004101392145385,3.540695881423035,0.5643377819968957,7.0,1.0,48.0,48.22800064086914,48.06100082397461,0.22,31.81,27.75,0.413,-0.289,1.318,0,1,0
1778204808.9272878,1339.792,1.7695872783660889,0.2434396743774414,-2.3298097292529505,-1.0041168371783655,3.5407354831695557,0.56440269947052,0.0,0.0,-0.0,0.0,0.0,0.0,-0.1373291164636612,3.991699695587158,-1.5244312286376953,0.2041168361902237,-0.0381317175924778,-0.2265472710132599,0.1422497165091535,-0.3468896412039899,0.8900763924951471,-1.3853717681116076,-1.5063108625606194,1.9509254274134498,0.0,0.0,0.0,0.0,0.0,0.0,1.7695566142836938,0.24339841436500986,-2.329816140589685,-1.004101392145385,3.540695881423035,0.5643377819968957,7.0,1.0,48.0,48.22800064086914,48.06100082397461,0.22,31.81,27.75,0.413,-0.289,1.318,0,1,0
1778204808.9410863,1339.792,1.7695872783660889,0.2434396743774414,-2.3298097292529505,-1.0041168371783655,3.5407354831695557,0.56440269947052,0.0,0.0,-0.0,0.0,0.0,0.0,-0.1373291164636612,3.991699695587158,-1.5244312286376953,0.2041168361902237,-0.0381317175924778,-0.2265472710132599,0.1422497165091535,-0.3468896412039899,0.8900763924951471,-1.3853717681116076,-1.5063108625606194,1.9509254274134498,0.0,0.0,0.0,0.0,0.0,0.0,1.7695566142836938,0.24339841436500986,-2.329816140589685,-1.004101392145385,3.540695881423035,0.5643377819968957,7.0,1.0,48.0,48.22800064086914,48.06100082397461,0.05,32.01,28.03,0.409,-0.276,1.314,0,0,1
1778204808.9451354,1339.8,1.7696353197097778,0.24347567558288574,-2.3297856489764612,-1.0041411558734339,3.5407354831695557,0.5644146800041199,0.0,0.0,-0.0,0.0,0.0,0.0,-0.1007080152630806,3.987122058868408,-1.5289148092269897,0.2086029201745987,-0.0448608435690403,-0.2287903130054474,0.14227206212948187,-0.3469183927184243,0.890070060129876,-1.3853377237885078,-1.5063770194833308,1.9509282942953723,0.0,0.0,0.0,0.0,0.0,0.0,1.7695566142836938,0.24339841436500986,-2.329816140589685,-1.004101392145385,3.540695881423035,0.5643377819968957,7.0,1.0,48.0,48.22800064086914,48.06100082397461,0.05,32.01,28.03,0.409,-0.276,1.314,0,1,0
1778204808.948029,1339.808,1.7695872783660889,0.2434396743774414,-2.3297975699054163,-1.0040810743915003,3.54074764251709,0.5643667578697205,0.0,0.0,-0.0,0.0,0.0,0.0,-0.0915527418255806,3.955078601837158,-1.5177057981491089,0.1996307522058487,-0.0381317175924778,-0.2153320610523224,0.14226159678594336,-0.34692479031956713,0.8900767213510213,-1.3852993446335942,-1.5063698703456398,1.950867270084593,0.0,0.0,0.0,0.0,0.0,0.0,1.7695566142836938,0.24339841436500986,-2.329816140589685,-1.004101392145385,3.540695881423035,0.5643377819968957,7.0,1.0,48.0,48.22800064086914,48.06100082397461,0.05,32.01,28.03,0.409,-0.276,1.314,0,1,0
1778204808.9603138,1339.816,1.7696353197097778,0.24342775344848633,-2.3297975699054163,-1.0040810743915003,3.5407590866088867,0.5643907189369202,0.0,0.0,-0.0,0.0,0.0,0.0,-0.0869751051068306,3.987122058868408,-1.5064966678619385,0.2018737941980362,-0.0381317175924778,-0.1929016262292862,0.14227299991941061,-0.34690407400061773,0.8900813125225919,-1.3853027019121924,-1.5064106111739888,1.9509273563219074,0.0,0.0,0.0,0.0,0.0,0.0,1.7695566142836938,0.24339841436500986,-2.329816140589685,-1.004101392145385,3.540695881423035,0.5643377819968957,7.0,1.0,48.01499938964844,48.22800064086914,48.06100082397461,0.05,32.01,28.03,0.409,-0.276,1.314,0,1,0
1778204808.9634404,1339.8239999999998,1.7695993185043335,0.24348759651184082,-2.3297856489764612,-1.0040448347674769,3.5407354831695557,0.56440269947052,0.0,0.0,-0.0,0.0,0.0,0.0,-0.0503540076315403,3.973389148712158,-1.499771237373352,0.2018737941980362,-0.0471038855612278,-0.2041168361902237,0.14227142010481736,-0.3469743097118762,0.8900601909876067,-1.3852739837692074,-1.506419181712427,1.9508011361908706,0.0,0.0,0.0,0.0,0.0,0.0,1.7695566142836938,0.24339841436500986,-2.329816140589685,-1.004101392145385,3.540695881423035,0.5643377819968957,7.0,1.0,48.01499938964844,48.22800064086914,48.06100082397461,0.05,32.01,28.03,0.409,-0.276,1.314,0,1,0
1778204808.9761689,1339.8319999999999,1.7696353197097778,0.24342775344848633,-2.3298097292529505,-1.0040810743915003,3.5407590866088867,0.56440269947052,0.0,0.0,-0.0,0.0,0.0,0.0,-0.1007080152630806,3.982544422149658,-1.5087385177612305,0.2041168361902237,-0.0314025916159153,-0.1816864162683487,0.14226878911373234,-0.34689027820474483,0.8900786884332796,-1.385322619696389,-1.5063975412116788,1.9509455590232472,0.0,0.0,0.0,0.0,0.0,0.0,1.7695566142836938,0.24339841436500986,-2.329816140589685,-1.004101392145385,3.540695881423035,0.5643377819968957,7.0,1.0,48.01499938964844,48.22800064086914,48.01499938964844,0.05,32.01,28.03,0.409,-0.276,1.314,0,1,0
1778204808.9791327,1339.84,1.7696353197097778,0.2434396743774414,-2.3298335711108606,-1.004068676625387,3.5407116413116455,0.5643787384033203,0.0,0.0,-0.0,0.0,0.0,0.0,-0.1144409328699112,3.996277332305908,-1.5333983898162842,0.2018737941980362,-0.0403747595846653,-0.2041168361902237,0.14226894489124867,-0.3468849812053106,0.8900681792364914,-1.3853185579842089,-1.5063598289333697,1.9509041398948483,0.0,0.0,0.0,0.0,0.0,0.0,1.7695566142836938,0.24339841436500986,-2.329816140589685,-1.004101392145385,3.540695881423035,0.5643377819968957,7.0,1.0,48.01499938964844,48.22800064086914,48.01499938964844,0.05,32.01,28.03,0.409,-0.276,1.314,0,1,0
1778204808.9811158,1339.848,1.7696112394332886,0.2434396743774414,-2.3298097292529505,-1.004068676625387,3.5406997203826904,0.5643787384033203,0.0,0.0,-0.0,0.0,0.0,0.0,-0.1373291164636612,3.968811511993408,-1.5244312286376953,0.1951446682214737,-0.0358886756002903,-0.2018737941980362,0.14226424757921127,-0.3469086965228795,0.8900736271077407,-1.385320349922606,-1.5063403515675866,1.9508613790003848,0.0,0.0,0.0,0.0,0.0,0.0,1.7695566142836938,0.24339841436500986,-2.329816140589685,-1.004101392145385,3.540695881423035,0.5643377819968957,7.0,1.0,48.01499938964844,48.22800064086914,48.01499938964844,0.05,32.01,28.03,0.409,-0.276,1.314,0,1,0
1778204808.994213,1339.856,1.7696353197097778,0.24340379238128662,-2.3298097292529505,-1.0040929953204554,3.5407116413116455,0.5643787384033203,0.0,0.0,-0.0,0.0,0.0,0.0,-0.0732421949505806,3.977966785430908,-1.5199475288391113,0.2041168361902237,-0.0358886756002903,-0.1861725002527237,0.14226579083520924,-0.34686960262882327,0.8900881359980665,-1.385341712395592,-1.5063355600647286,1.9509373827010519,0.0,0.0,0.0,0.0,0.0,0.0,1.7695566142836938,0.24339841436500986,-2.329816140589685,-1.004101392145385,3.540695881423035,0.5643377819968957,7.0,1.0,48.01499938964844,48.22800064086914,48.01499938964844,0.05,32.01,28.03,0.409,-0.276,1.314,0,1,0
1778204808.9966075,1339.864,1.769647240638733,0.2434157133102417,-2.3297975699054163,-1.0040810743915003,3.5406997203826904,0.5643667578697205,0.0,0.0,-0.0,0.0,0.0,0.0,-0.0869751051068306,3.977966785430908,-1.5289148092269897,0.2041168361902237,-0.0381317175924778,-0.1839294582605362,0.14227630674476163,-0.3468944573450222,0.8900857630022581,-1.3853059133199885,-1.506364272647218,1.9508977628402873,0.0,0.0,0.0,0.0,0.0,0.0,1.7695566142836938,0.24339841436500986,-2.329816140589685,-1.004101392145385,3.540695881423035,0.5643377819968957,7.0,1.0,48.01499938964844,48.22800064086914,48.01499938964844,0.05,32.01,28.03,0.409,-0.276,1.314,0,1,0
1778204809.0097687,1339.8719999999998,1.7695993185043335,0.24345171451568604,-2.329773728047506,-1.0040810743915003,3.54074764251709,0.56440269947052,0.0,0.0,-0.0,0.0,0.0,0.0,-0.1007080152630806,3.968811511993408,-1.5064966678619385,0.2041168361902237,-0.0291595496237278,-0.1884155422449112,0.1422657673739467,-0.34694447278422313,0.8900780605651624,-1.3853070950163944,-1.5063911285256995,1.9508629736276548,0.0,0.0,0.0,0.0,0.0,0.0,1.7695566142836938,0.24339841436500986,-2.329816140589685,-1.004101392145385,3.540695881423035,0.5643377819968957,7.0,1.0,48.01499938964844,48.22800064086914,48.01499938964844,0.05,32.01,28.03,0.409,-0.276,1.314,0,1,0
1778204809.0144591,1339.8799999999999,1.7696112394332886,0.24345171451568604,-2.3298097292529505,-1.0041049162494105,3.5407116413116455,0.5643907189369202,0.0,0.0,-0.0,0.0,0.0,0.0,-0.0686645582318306,3.977966785430908,-1.515463948249817,0.2086029201745987,-0.0358886756002903,-0.2153320610523224,0.14226162882767449,-0.34690105957740497,0.8900712789546313,-1.385342907012716,-1.5063312549976584,1.9508972157468718,0.0,0.0,0.0,0.0,0.0,0.0,1.7695566142836938,0.24339841436500986,-2.329816140589685,-1.004101392145385,3.540695881423035,0.5643377819968957,7.0,1.0,48.01499938964844,48.22800064086914,48.01499938964844,0.05,32.01,28.03,0.409,-0.276,1.314,0,1,0
1778204809.0269415,1339.888,1.7695993185043335,0.2434157133102417,-2.329761568699972,-1.0040448347674769,3.5407235622406006,0.56440269947052,0.0,0.0,-0.0,0.0,0.0,0.0,-0.0823974683880806,3.991699695587158,-1.502013087272644,0.2018737941980362,-0.0358886756002903,-0.1906585842370987,0.14226429760493395,-0.3469411070143958,0.8900921650009135,-1.3853094394249497,-1.5063752536577553,1.950838224338864,0.0,0.0,0.0,0.0,0.0,0.0,1.7695566142836938,0.24339841436500986,-2.329816140589685,-1.004101392145385,3.540695881423035,0.5643377819968957,7.0,1.0,48.01499938964844,48.22800064086914,48.01499938964844,0.05,32.01,28.03,0.409,-0.276,1.314,0,1,0
1778204809.0417008,1339.896,1.7696112394332886,0.24345171451568604,-2.329761568699972,-1.0040448347674769,3.5407116413116455,0.56440269947052,0.0,0.0,-0.0,0.0,0.0,0.0,-0.1144409328699112,3.977966785430908,-1.5109803676605225,0.2063598781824112,-0.0426178015768528,-0.1727142482995987,0.14227323542985096,-0.3469653381047726,0.8900789607782956,-1.385285902937241,-1.5063990448299298,1.9508056361096462,0.0,0.0,0.0,0.0,0.0,0.0,1.7695566142836938,0.24339841436500986,-2.329816140589685,-1.004101392145385,3.540695881423035,0.5643377819968957,7.0,1.0,48.01499938964844,48.22800064086914,48.01499938964844,0.05,32.01,28.03,0.409,-0.276,1.314,0,1,0
1778204809.045951,1339.904,1.7696353197097778,0.24340379238128662,-2.3298216501819056,-1.0040572325335901,3.54074764251709,0.5643667578697205,0.0,0.0,-0.0,0.0,0.0,0.0,-0.0823974683880806,3.973389148712158,-1.5087385177612305,0.2018737941980362,-0.0314025916159153,-0.2086029201745987,0.14227052998450307,-0.3468793127349538,0.8900831622542997,-1.385298627049731,-1.5063925586944433,1.950928854426302,0.0,0.0,0.0,0.0,0.0,0.0,1.7695566142836938,0.24339841436500986,-2.329816140589685,-1.004101392145385,3.540695881423035,0.5643377819968957,7.0,1.0,48.01499938964844,48.22800064086914,48.04600143432617,0.05,32.01,28.03,0.409,-0.276,1.314,0,1,0
1778204809.0496454,1339.912,1.7696112394332886,0.24340379238128662,-2.3297856489764612,-1.004068676625387,3.5406997203826904,0.5643787384033203,0.0,0.0,-0.0,0.0,0.0,0.0,-0.0915527418255806,3.973389148712158,-1.502013087272644,0.2063598781824112,-0.0336456336081028,-0.2175751030445099,0.1422631621903105,-0.3469033607777526,0.8900922875204781,-1.3853277802688932,-1.5063325292793077,1.950872243286538,0.0,0.0,0.0,0.0,0.0,0.0,1.7695566142836938,0.24339841436500986,-2.329816140589685,-1.004101392145385,3.540695881423035,0.5643377819968957,7.0,1.0,48.01499938964844,48.22800064086914,48.04600143432617,0.05,32.01,28.03,0.409,-0.276,1.314,0,1,0
1778204809.064918,1339.9199999999998,1.7696353197097778,0.2434396743774414,-2.329761568699972,-1.0040929953204554,3.5407354831695557,0.5643547773361206,0.0,0.0,-0.0,0.0,0.0,0.0,-0.1327514797449112,3.959656238555908,-1.513222098350525,0.2063598781824112,-0.0336456336081028,-0.2086029201745987,0.14228512500193213,-0.3469472030032056,0.8900854552072313,-1.3852535564617108,-1.5064257701091546,1.9508598329983196,0.0,0.0,0.0,0.0,0.0,0.0,1.7695566142836938,0.24339841436500986,-2.329816140589685,-1.004101392145385,3.540695881423035,0.5643377819968957,7.0,1.0,48.01499938964844,48.22800064086914,48.04600143432617,0.05,32.01,28.03,0.409,-0.276,1.314,0,1,0
1778204809.0672355,1339.9279999999999,1.7696112394332886,0.2434157133102417,-2.3297975699054163,-1.0040810743915003,3.5407590866088867,0.5643667578697205,0.0,0.0,-0.0,0.0,0.0,0.0,-0.1281738430261612,3.968811511993408,-1.502013087272644,0.2063598781824112,-0.0381317175924778,-0.2220611870288849,0.1422668954901734,-0.3469044111256336,0.8900854927281879,-1.3852978307590162,-1.506388755264095,1.9509098658931048,0.0,0.0,0.0,0.0,0.0,0.0,1.7695566142836938,0.24339841436500986,-2.329816140589685,-1.004101392145385,3.540695881423035,0.5643377819968957,7.0,1.0,48.01499938964844,48.22800064086914,48.04600143432617,0.05,32.01,28.03,0.409,-0.276,1.314,0,1,0
1778204809.0816152,1339.936,1.769647240638733,0.2434396743774414,-2.3298335711108606,-1.0041049162494105,3.5407590866088867,0.5643787384033203,0.0,0.0,-0.0,0.0,0.0,0.0,-0.1190185695886612,3.964233875274658,-1.5311566591262817,0.2063598781824112,-0.0291595496237278,-0.2041168361902237,0.1422725205673261,-0.3468724977685108,0.8900699760344953,-1.385315330048532,-1.5063949220563435,1.9509709851258632,0.0,0.0,0.0,0.0,0.0,0.0,1.7695566142836938,0.24339841436500986,-2.329816140589685,-1.004101392145385,3.540695881423035,0.5643377819968957,7.0,1.0,48.01499938964844,48.22800064086914,48.04600143432617,0.05,32.01,28.03,0.409,-0.276,1.314,0,1,0
1778204809.0840075,1339.944,1.7695993185043335,0.2434157133102417,-2.3297856489764612,-1.0040929953204554,3.5407354831695557,0.5643667578697205,0.0,0.0,-0.0,0.0,0.0,0.0,-0.1281738430261612,3.996277332305908,-1.5289148092269897,0.1951446682214737,-0.0448608435690403,-0.1973877102136612,0.14226268035228823,-0.3469099971157853,0.8900889591394301,-1.3853139551823477,-1.5063534109579668,1.9508894735114288,0.0,0.0,0.0,0.0,0.0,0.0,1.7695566142836938,0.24339841436500986,-2.329816140589685,-1.004101392145385,3.540695881423035,0.5643377819968957,7.0,1.0,48.01499938964844,48.22800064086914,48.04600143432617,0.05,32.01,28.03,0.409,-0.276,1.314,0,1,0
1778204809.086189,1339.952,1.7696353197097778,0.24347567558288574,-2.3297856489764612,-1.0040810743915003,3.5406875610351562,0.56440269947052,0.0,0.0,-0.0,0.0,0.0,0.0,-0.1281738430261612,3.959656238555908,-1.5289148092269897,0.2063598781824112,-0.0291595496237278,-0.2041168361902237,0.14227661408839795,-0.3469417318529397,0.8900668140406964,-1.3853078707717958,-1.5063739493548496,1.9508394202804853,0.0,0.0,0.0,0.0,0.0,0.0,1.7695566142836938,0.24339841436500986,-2.329816140589685,-1.004101392145385,3.540695881423035,0.5643377819968957,7.0,1.0,48.01499938964844,48.22800064086914,48.04600143432617,0.05,32.01,28.03,0.409,-0.276,1.314,0,1,0
1778204809.0996804,1339.952,1.7696353197097778,0.24347567558288574,-2.3297856489764612,-1.0040810743915003,3.5406875610351562,0.56440269947052,0.0,0.0,-0.0,0.0,0.0,0.0,-0.1281738430261612,3.959656238555908,-1.5289148092269897,0.2063598781824112,-0.0291595496237278,-0.2041168361902237,0.14227661408839795,-0.3469417318529397,0.8900668140406964,-1.3853078707717958,-1.5063739493548496,1.9508394202804853,0.0,0.0,0.0,0.0,0.0,0.0,1.7695566142836938,0.24339841436500986,-2.329816140589685,-1.004101392145385,3.540695881423035,0.5643377819968957,7.0,1.0,48.01499938964844,48.22800064086914,48.04600143432617,0.0,32.22,28.04,0.406,-0.272,1.307,0,0,1
1778204809.1023211,1339.96,1.7696112394332886,0.2434157133102417,-2.3298097292529505,-1.0040929953204554,3.5407354831695557,0.5643547773361206,0.0,0.0,-0.0,0.0,0.0,0.0,-0.1281738430261612,4.000854969024658,-1.513222098350525,0.2063598781824112,-0.0448608435690403,-0.2332763969898224,0.14226453016892415,-0.3468897821268216,0.8900833848541893,-1.3853112867113833,-1.5063537305239547,1.950911407197997,0.0,0.0,0.0,0.0,0.0,0.0,1.7695566142836938,0.24339841436500986,-2.329816140589685,-1.004101392145385,3.540695881423035,0.5643377819968957,7.0,1.0,48.01499938964844,48.22800064086914,48.04600143432617,0.0,32.22,28.04,0.406,-0.272,1.307,0,1,0
1778204809.1059053,1339.9679999999998,1.7695753574371338,0.2434636354446411,-2.3298335711108606,-1.0040810743915003,3.5407590866088867,0.5644266605377197,0.0,0.0,-0.0,0.0,0.0,0.0,-0.0915527418255806,3.987122058868408,-1.5109803676605225,0.2063598781824112,-0.0314025916159153,-0.2310333549976349,0.14224505483000258,-0.34689844937078546,0.8900603353400413,-1.3853688015654675,-1.5063371219368644,1.950913113719192,0.0,0.0,0.0,0.0,0.0,0.0,1.7695566142836938,0.24339841436500986,-2.329816140589685,-1.004101392145385,3.540695881423035,0.5643377819968957,7.0,1.0,48.01499938964844,48.24300003051758,48.04600143432617,0.0,32.22,28.04,0.406,-0.272,1.307,0,1,0
1778204809.12033,1339.9759999999999,1.7695993185043335,0.24345171451568604,-2.3297975699054163,-1.0040810743915003,3.5407116413116455,0.5644146800041199,0.0,0.0,-0.0,0.0,0.0,0.0,-0.0640869215130806,3.968811511993408,-1.5289148092269897,0.1749572902917862,-0.0471038855612278,-0.2243042290210724,0.14225759726138218,-0.3469173287334413,0.8900729585548537,-1.3853500740803413,-1.5063339914650247,1.9508715407924813,0.0,0.0,0.0,0.0,0.0,0.0,1.7695566142836938,0.24339841436500986,-2.329816140589685,-1.004101392145385,3.540695881423035,0.5643377819968957,7.0,1.0,48.029998779296875,48.24300003051758,48.04600143432617,0.0,32.22,28.04,0.406,-0.272,1.307,0,1,0
1778204809.122571,1339.984,1.7696353197097778,0.24342775344848633,-2.3298097292529505,-1.0041049162494105,3.5407354831695557,0.5643667578697205,0.0,0.0,-0.0,0.0,0.0,0.0,-0.0732421949505806,3.977966785430908,-1.5177057981491089,0.2108459621667862,-0.0358886756002903,-0.2175751030445099,0.14227167221067766,-0.3468875795084558,0.8900797402134508,-1.3853116241439158,-1.5063724832191479,1.9509326522543817,0.0,0.0,0.0,0.0,0.0,0.0,1.7695566142836938,0.24339841436500986,-2.329816140589685,-1.004101392145385,3.540695881423035,0.5643377819968957,7.0,1.0,48.029998779296875,48.24300003051758,48.04600143432617,0.0,32.22,28.04,0.406,-0.272,1.307,0,1,0
1778204809.141252,1339.992,1.7696353197097778,0.24340379238128662,-2.3298097292529505,-1.0040810743915003,3.5407235622406006,0.5643907189369202,0.0,0.0,-0.0,0.0,0.0,0.0,-0.1235962063074112,3.977966785430908,-1.5199475288391113,0.1996307522058487,-0.0381317175924778,-0.2310333549976349,0.14226537098117006,-0.3468724383152788,0.8900875463375262,-1.385341074658807,-1.5063506488052294,1.9509403491701032,0.0,0.0,0.0,0.0,0.0,0.0,1.7695566142836938,0.24339841436500986,-2.329816140589685,-1.004101392145385,3.540695881423035,0.5643377819968957,7.0,1.0,48.029998779296875,48.24300003051758,48.04600143432617,0.0,32.22,28.04,0.406,-0.272,1.307,0,1,0
1778204809.145534,1340.0,1.7696112394332886,0.24347567558288574,-2.3297856489764612,-1.0041168371783655,3.5407354831695557,0.5643787384033203,0.0,0.0,-0.0,0.0,0.0,0.0,-0.0549316480755806,3.973389148712158,-1.5311566591262817,0.2063598781824112,-0.0336456336081028,-0.1929016262292862,0.14227182615738673,-0.34694050908400115,0.8900683290959479,-1.3852974705099033,-1.506384396977687,1.95087051558316,0.0,0.0,0.0,0.0,0.0,0.0,1.7695566142836938,0.24339841436500986,-2.329816140589685,-1.004101392145385,3.540695881423035,0.5643377819968957,7.0,1.0,48.029998779296875,48.24300003051758,48.04600143432617,0.0,32.22,28.04,0.406,-0.272,1.307,0,1,0
1778204809.1479998,1340.008,1.7696353197097778,0.24347567558288574,-2.3297856489764612,-1.0041049162494105,3.54074764251709,0.5643787384033203,0.0,0.0,-0.0,0.0,0.0,0.0,-0.0595092847943306,4.000854969024658,-1.5087385177612305,0.2041168361902237,-0.0314025916159153,-0.1727142482995987,0.14228180389550163,-0.3469428914438209,0.8900676113094473,-1.3852727432766283,-1.5064281548508265,1.9508807956792604,0.0,0.0,0.0,0.0,0.0,0.0,1.7695566142836938,0.24339841436500986,-2.329816140589685,-1.004101392145385,3.540695881423035,0.5643377819968957,7.0,1.0,48.029998779296875,48.24300003051758,48.04600143432617,0.0,32.22,28.04,0.406,-0.272,1.307,0,1,0
1778204809.1607952,1340.0159999999998,1.7696353197097778,0.24342775344848633,-2.329749647771017,-1.0040929953204554,3.5407116413116455,0.5644266605377197,0.0,0.0,-0.0,0.0,0.0,0.0,-0.0778198316693306,3.973389148712158,-1.5064966678619385,0.1996307522058487,-0.0381317175924778,-0.1704712063074112,0.14227204645164854,-0.34692926581151756,0.8900934110660219,-1.385336869005624,-1.506372557910903,1.9508890817580835,0.0,0.0,0.0,0.0,0.0,0.0,1.7695566142836938,0.24339841436500986,-2.329816140589685,-1.004101392145385,3.540695881423035,0.5643377819968957,7.0,1.0,48.029998779296875,48.24300003051758,48.04600143432617,0.0,32.22,28.04,0.406,-0.272,1.307,0,1,0
1778204809.1631212,1340.024,1.7696112394332886,0.24342775344848633,-2.3298216501819056,-1.0041049162494105,3.5406997203826904,0.56440269947052,0.0,0.0,-0.0,0.0,0.0,0.0,-0.0640869215130806,3.991699695587158,-1.5221893787384033,0.2108459621667862,-0.02467346377670765,-0.1951446682214737,0.1422532362162616,-0.3468686041832584,0.8900775855854942,-1.3853830551108564,-1.5062903045290505,1.9509304052875314,0.0,0.0,0.0,0.0,0.0,0.0,1.7695566142836938,0.24339841436500986,-2.329816140589685,-1.004101392145385,3.540695881423035,0.5643377819968957,7.0,1.0,48.029998779296875,48.24300003051758,48.04600143432617,0.0,32.22,28.04,0.406,-0.272,1.307,0,1,0
1778204809.1760375,1340.032,1.7695753574371338,0.24342775344848633,-2.329761568699972,-1.0041168371783655,3.54074764251709,0.5643427968025208,0.0,0.0,-0.0,0.0,0.0,0.0,-0.0778198316693306,3.968811511993408,-1.504254937171936,0.2108459621667862,-0.0358886756002903,-0.2220611870288849,0.14226320224608824,-0.3469411330914511,0.89009098794487,-1.385288381256528,-1.506360284243262,1.9508566307714268,0.0,0.0,0.0,0.0,0.0,0.0,1.7695566142836938,0.24339841436500986,-2.329816140589685,-1.004101392145385,3.540695881423035,0.5643377819968957,7.0,1.0,48.029998779296875,48.24300003051758,48.04600143432617,0.0,32.22,28.04,0.406,-0.272,1.307,0,1,0
1778204809.178402,1340.04,1.7695872783660889,0.24345171451568604,-2.329773728047506,-1.004068676625387,3.54074764251709,0.5643547773361206,0.0,0.0,-0.0,0.0,0.0,0.0,-0.0915527418255806,3.959656238555908,-1.5177057981491089,0.2063598781824112,-0.0291595496237278,-0.2130890041589737,0.14227074567632747,-0.3469630108507554,0.8900768639623553,-1.3852563992787623,-1.5064071775842733,1.95081609318055,0.0,0.0,0.0,0.0,0.0,0.0,1.7695566142836938,0.24339841436500986,-2.329816140589685,-1.004101392145385,3.540695881423035,0.5643377819968957,7.0,1.0,48.029998779296875,48.25899887084961,48.04600143432617,0.0,32.22,28.04,0.406,-0.272,1.307,0,1,0
1778204809.1804755,1340.048,1.769647240638733,0.24347567558288574,-2.3297856489764612,-1.0040929953204554,3.5407116413116455,0.5643547773361206,0.0,0.0,-0.0,0.0,0.0,0.0,-0.1144409328699112,3.982544422149658,-1.5266729593276978,0.2086029201745987,-0.0314025916159153,-0.2310333549976349,0.14228912828163395,-0.34694899056853085,0.8900668591109846,-1.385250540833186,-1.5064213576438106,1.9508424938093791,0.0,0.0,0.0,0.0,0.0,0.0,1.7695566142836938,0.24339841436500986,-2.329816140589685,-1.004101392145385,3.540695881423035,0.5643377819968957,7.0,1.0,48.029998779296875,48.25899887084961,48.029998779296875,0.0,32.22,28.04,0.406,-0.272,1.307,0,1,0
1778204809.194232,1340.056,1.7696112394332886,0.2434396743774414,-2.329761568699972,-1.0041168371783655,3.54074764251709,0.5643547773361206,0.0,0.0,-0.0,0.0,0.0,0.0,-0.1464843899011612,3.968811511993408,-1.513222098350525,0.2041168361902237,-0.0314025916159153,-0.2018737941980362,0.14227541490830242,-0.3469419812633965,0.8900867246753895,-1.3852753681381136,-1.5063984810850126,1.950874124893381,0.0,0.0,0.0,0.0,0.0,0.0,1.7695566142836938,0.24339841436500986,-2.329816140589685,-1.004101392145385,3.540695881423035,0.5643377819968957,7.0,1.0,48.01499938964844,48.25899887084961,48.029998779296875,0.0,32.22,28.04,0.406,-0.272,1.307,0,1,0
1778204809.1969337,1340.0639999999999,1.7695993185043335,0.2434157133102417,-2.3298097292529505,-1.0040572325335901,3.5407235622406006,0.56440269947052,0.0,0.0,-0.0,0.0,0.0,0.0,-0.1098632961511612,3.977966785430908,-1.5177057981491089,0.2063598781824112,-0.0403747595846653,-0.2108459621667862,0.14225463260099303,-0.3468931504134901,0.8900819593731124,-1.3853480764058952,-1.5063345141867557,1.950893460371121,0.0,0.0,0.0,0.0,0.0,0.0,1.7695566142836938,0.24339841436500986,-2.329816140589685,-1.004101392145385,3.540695881423035,0.5643377819968957,7.0,1.0,48.01499938964844,48.25899887084961,48.029998779296875,0.0,32.22,28.04,0.406,-0.272,1.307,0,1,0
1778204809.21229,1340.072,1.7696353197097778,0.2434396743774414,-2.329773728047506,-1.0040810743915003,3.5407235622406006,0.5643667578697205,0.0,0.0,-0.0,0.0,0.0,0.0,-0.1007080152630806,3.991699695587158,-1.515463948249817,0.2063598781824112,-0.0471038855612278,-0.2063598781824112,0.1422812892863213,-0.34693725553640575,0.8900822238408759,-1.3852710120202931,-1.506408697599682,1.950860452410781,0.0,0.0,0.0,0.0,0.0,0.0,1.7695566142836938,0.24339841436500986,-2.329816140589685,-1.004101392145385,3.540695881423035,0.5643377819968957,7.0,1.0,48.01499938964844,48.25899887084961,48.029998779296875,0.0,32.22,28.04,0.406,-0.272,1.307,0,1,0
1778204809.215062,1340.08,1.7696353197097778,0.2434396743774414,-2.3298216501819056,-1.0041049162494105,3.5407354831695557,0.56440269947052,0.0,0.0,-0.0,0.0,0.0,0.0,-0.0869751051068306,3.973389148712158,-1.515463948249817,0.2086029201745987,-0.0269165076315403,-0.2108459621667862,0.14226523730789103,-0.34687699581182113,0.8900730335409142,-1.3853481557181846,-1.506357799912462,1.9509539477673434,0.0,0.0,0.0,0.0,0.0,0.0,1.7695566142836938,0.24339841436500986,-2.329816140589685,-1.004101392145385,3.540695881423035,0.5643377819968957,7.0,1.0,48.01499938964844,48.25899887084961,48.029998779296875,0.0,32.22,28.04,0.406,-0.272,1.307,0,1,0
1778204809.229525,1340.088,1.7696112394332886,0.24342775344848633,-2.3297975699054163,-1.0041049162494105,3.5407590866088867,0.56440269947052,0.0,0.0,-0.0,0.0,0.0,0.0,-0.1144409328699112,3.996277332305908,-1.5244312286376953,0.2041168361902237,-0.0314025916159153,-0.2153320610523224,0.1422606296137924,-0.34689490892769553,0.8900827634104148,-1.3853419540386471,-1.506366214401162,1.9509419035400117,0.0,0.0,0.0,0.0,0.0,0.0,1.7695566142836938,0.24339841436500986,-2.329816140589685,-1.004101392145385,3.540695881423035,0.5643377819968957,7.0,1.0,48.01499938964844,48.25899887084961,48.029998779296875,0.0,32.22,28.04,0.406,-0.272,1.307,0,1,0
1778204809.2348974,1340.096,1.7695872783660889,0.2434396743774414,-2.3297975699054163,-1.0041049162494105,3.5407590866088867,0.5643787384033203,0.0,0.0,-0.0,0.0,0.0,0.0,-0.0778198316693306,3.973389148712158,-1.5266729593276978,0.2041168361902237,-0.0314025916159153,-0.2243042290210724,0.14225817361809864,-0.3469131307513356,0.8900781205135807,-1.3853218128501814,-1.5063605297267837,1.9509025579679518,0.0,0.0,0.0,0.0,0.0,0.0,1.7695566142836938,0.24339841436500986,-2.329816140589685,-1.004101392145385,3.540695881423035,0.5643377819968957,7.0,1.0,48.01499938964844,48.25899887084961,48.029998779296875,0.0,32.22,28.04,0.406,-0.272,1.307,0,1,0
1778204809.249265,1340.104,1.7695872783660889,0.24340379238128662,-2.329773728047506,-1.0040810743915003,3.5407235622406006,0.5643787384033203,0.0,0.0,-0.0,0.0,0.0,0.0,-0.0732421949505806,3.987122058868408,-1.5333983898162842,0.2063598781824112,-0.0358886756002903,-0.2086029201745987,0.14225718984091085,-0.3469143284976354,0.8900955643895703,-1.3853295384725564,-1.5063327951129084,1.9508718869123736,0.0,0.0,0.0,0.0,0.0,0.0,1.7695566142836938,0.24339841436500986,-2.329816140589685,-1.004101392145385,3.540695881423035,0.5643377819968957,7.0,1.0,48.01499938964844,48.25899887084961,48.029998779296875,0.0,32.22,28.04,0.406,-0.272,1.307,0,1,0
1778204809.2515328,1340.1119999999999,1.7695993185043335,0.2434636354446411,-2.3297856489764612,-1.0041049162494105,3.5407235622406006,0.5643667578697205,0.0,0.0,-0.0,0.0,0.0,0.0,-0.1190185695886612,3.964233875274658,-1.515463948249817,0.2041168361902237,-0.0403747595846653,-0.2086029201745987,0.1422682835243713,-0.3469400116913872,0.8900720282404042,-1.385296336285068,-1.506365549718507,1.950849765985024,0.0,0.0,0.0,0.0,0.0,0.0,1.7695566142836938,0.24339841436500986,-2.329816140589685,-1.004101392145385,3.540695881423035,0.5643377819968957,7.0,1.0,48.01499938964844,48.27399826049805,48.029998779296875,0.0,32.22,28.04,0.406,-0.272,1.307,0,1,0
1778204809.2636886,1340.1119999999999,1.7695993185043335,0.2434636354446411,-2.3297856489764612,-1.0041049162494105,3.5407235622406006,0.5643667578697205,0.0,0.0,-0.0,0.0,0.0,0.0,-0.1190185695886612,3.964233875274658,-1.515463948249817,0.2041168361902237,-0.0403747595846653,-0.2086029201745987,0.1422682835243713,-0.3469400116913872,0.8900720282404042,-1.385296336285068,-1.506365549718507,1.950849765985024,0.0,0.0,0.0,0.0,0.0,0.0,1.7695566142836938,0.24339841436500986,-2.329816140589685,-1.004101392145385,3.540695881423035,0.5643377819968957,7.0,1.0,48.01499938964844,48.27399826049805,48.029998779296875,0.04,32.26,27.93,0.407,-0.275,1.303,0,0,1
1778204809.2660646,1340.12,1.7696112394332886,0.24342775344848633,-2.3298097292529505,-1.0040810743915003,3.5407354831695557,0.5643787384033203,0.0,0.0,-0.0,0.0,0.0,0.0,-0.1510620266199112,3.977966785430908,-1.5221893787384033,0.2063598781824112,-0.0381317175924778,-0.1951446682214737,0.14226327406897343,-0.34689768954878686,0.8900785426185709,-1.3853203436535213,-1.5063600200151015,1.9509037453405276,0.0,0.0,0.0,0.0,0.0,0.0,1.7695566142836938,0.24339841436500986,-2.329816140589685,-1.004101392145385,3.540695881423035,0.5643377819968957,7.0,1.0,48.01499938964844,48.27399826049805,48.04600143432617,0.04,32.26,27.93,0.407,-0.275,1.303,0,1,0
1778204809.2681646,1340.128,1.769647240638733,0.24342775344848633,-2.3297856489764612,-1.0041049162494105,3.5407354831695557,0.5643667578697205,0.0,0.0,-0.0,0.0,0.0,0.0,-0.0869751051068306,3.959656238555908,-1.5221893787384033,0.2041168361902237,-0.0426178015768528,-0.2063598781824112,0.1422801246755994,-0.34690735586066873,0.890085187686399,-1.3852904233544265,-1.5064003599833808,1.9509177571583327,0.0,0.0,0.0,0.0,0.0,0.0,1.7695566142836938,0.24339841436500986,-2.329816140589685,-1.004101392145385,3.540695881423035,0.5643377819968957,7.0,1.0,48.01499938964844,48.27399826049805,48.04600143432617,0.04,32.26,27.93,0.407,-0.275,1.303,0,1,0
1778204809.2701082,1340.136,1.7696112394332886,0.24345171451568604,-2.329761568699972,-1.0041049162494105,3.5407235622406006,0.56440269947052,0.0,0.0,-0.0,0.0,0.0,0.0,-0.0961303785443306,3.991699695587158,-1.5199475288391113,0.2063598781824112,-0.0358886756002903,-0.1861725002527237,0.14226884898452172,-0.3469420219545603,0.8900822451960919,-1.3853192040040034,-1.5063707976586649,1.9508671073248913,0.0,0.0,0.0,0.0,0.0,0.0,1.7695566142836938,0.24339841436500986,-2.329816140589685,-1.004101392145385,3.540695881423035,0.5643377819968957,7.0,1.0,48.01499938964844,48.27399826049805,48.04600143432617,0.04,32.26,27.93,0.407,-0.275,1.303,0,1,0
1778204809.28498,1340.144,1.7696112394332886,0.24342775344848633,-2.3298097292529505,-1.0041168371783655,3.5407116413116455,0.5643787384033203,0.0,0.0,-0.0,0.0,0.0,0.0,-0.1052856519818306,3.987122058868408,-1.5244312286376953,0.1996307522058487,-0.0314025916159153,-0.2041168361902237,0.14225905944714656,-0.3468812925558714,0.8900806373284138,-1.3853535852383865,-1.5063120980130915,1.9509228945841184,0.0,0.0,0.0,0.0,0.0,0.0,1.7695566142836938,0.24339841436500986,-2.329816140589685,-1.004101392145385,3.540695881423035,0.5643377819968957,7.0,1.0,48.01499938964844,48.27399826049805,48.04600143432617,0.04,32.26,27.93,0.407,-0.275,1.303,0,1,0
1778204809.2871854,1340.152,1.7696712017059326,0.2434396743774414,-2.329773728047506,-1.004068676625387,3.5407354831695557,0.5643427968025208,0.0,0.0,-0.0,0.0,0.0,0.0,-0.0915527418255806,3.973389148712158,-1.5199475288391113,0.2041168361902237,-0.0448608435690403,-0.2041168361902237,0.14229945090498944,-0.3469440381768323,0.8900812266117337,-1.3852159544521414,-1.5064738352533027,1.9508629481459836,0.0,0.0,0.0,0.0,0.0,0.0,1.7695566142836938,0.24339841436500986,-2.329816140589685,-1.004101392145385,3.540695881423035,0.5643377819968957,7.0,1.0,48.01499938964844,48.27399826049805,48.04600143432617,0.04,32.26,27.93,0.407,-0.275,1.303,0,1,0
1778204809.3013601,1340.1599999999999,1.7696112394332886,0.2434396743774414,-2.3297856489764612,-1.0040929953204554,3.54074764251709,0.5643667578697205,0.0,0.0,-0.0,0.0,0.0,0.0,-0.0869751051068306,3.959656238555908,-1.5177057981491089,0.2018737941980362,-0.0426178015768528,-0.2063598781824112,0.14227105339202517,-0.3469271927111501,0.8900800801628326,-1.385287618184257,-1.5063933486221468,1.950881476512474,0.0,0.0,0.0,0.0,0.0,0.0,1.7695566142836938,0.24339841436500986,-2.329816140589685,-1.004101392145385,3.540695881423035,0.5643377819968957,7.0,1.0,48.01499938964844,48.27399826049805,48.04600143432617,0.04,32.26,27.93,0.407,-0.275,1.303,0,1,0
1778204809.3042805,1340.168,1.7696112394332886,0.2434396743774414,-2.329761568699972,-1.0040448347674769,3.540783166885376,0.5643667578697205,0.0,0.0,-0.0,0.0,0.0,0.0,-0.1144409328699112,3.991699695587158,-1.515463948249817,0.2018737941980362,-0.0358886756002903,-0.2108459621667862,0.1422812229170991,-0.34697102444473893,0.8900826878590828,-1.3852260223196828,-1.506477536420406,1.9508356420261797,0.0,0.0,0.0,0.0,0.0,0.0,1.7695566142836938,0.24339841436500986,-2.329816140589685,-1.004101392145385,3.540695881423035,0.5643377819968957,7.0,1.0,48.01499938964844,48.27399826049805,48.04600143432617,0.04,32.26,27.93,0.407,-0.275,1.303,0,1,0
1778204809.317323,1340.176,1.769647240638733,0.243391752243042,-2.329773728047506,-1.0041049162494105,3.5407354831695557,0.5643667578697205,0.0,0.0,-0.0,0.0,0.0,0.0,-0.1052856519818306,3.968811511993408,-1.5244312286376953,0.2041168361902237,-0.0381317175924778,-0.2153320610523224,0.142276841088143,-0.34689108831116,0.8901011413202111,-1.385305680291601,-1.5063842681282762,1.9509398240212643,0.0,0.0,0.0,0.0,0.0,0.0,1.7695566142836938,0.24339841436500986,-2.329816140589685,-1.004101392145385,3.540695881423035,0.5643377819968957,7.0,1.0,48.01499938964844,48.27399826049805,48.04600143432617,0.04,32.26,27.93,0.407,-0.275,1.303,0,1,0
1778204809.3200383,1340.184,1.7696353197097778,0.2434157133102417,-2.3297975699054163,-1.0040810743915003,3.5407235622406006,0.5643907189369202,0.0,0.0,-0.0,0.0,0.0,0.0,-0.1098632961511612,3.959656238555908,-1.513222098350525,0.2018737941980362,-0.0314025916159153,-0.2332763969898224,0.14226934569474592,-0.3468921871419673,0.8900859078237464,-1.3853257556932121,-1.5063668256565907,1.9509183479079049,0.0,0.0,0.0,0.0,0.0,0.0,1.7695566142836938,0.24339841436500986,-2.329816140589685,-1.004101392145385,3.540695881423035,0.5643377819968957,7.0,1.0,48.01499938964844,48.25899887084961,48.04600143432617,0.04,32.26,27.93,0.407,-0.275,1.303,0,1,0
1778204809.3349626,1340.192,1.7695872783660889,0.24347567558288574,-2.3297856489764612,-1.0040810743915003,3.54074764251709,0.56440269947052,0.0,0.0,-0.0,0.0,0.0,0.0,-0.1373291164636612,3.959656238555908,-1.5109803676605225,0.1929016262292862,-0.0403747595846653,-0.2086029201745987,0.14226306019986673,-0.3469534571722799,0.8900665401058474,-1.3853053920543876,-1.5063873787705504,1.950844779095415,0.0,0.0,0.0,0.0,0.0,0.0,1.7695566142836938,0.24339841436500986,-2.329816140589685,-1.004101392145385,3.540695881423035,0.5643377819968957,7.0,1.0,48.01499938964844,48.25899887084961,48.04600143432617,0.04,32.26,27.93,0.407,-0.275,1.303,0,1,0
1778204809.3432271,1340.2,1.7696353197097778,0.2434396743774414,-2.3297856489764612,-1.0040929953204554,3.5407235622406006,0.5643907189369202,0.0,0.0,-0.0,0.0,0.0,0.0,-0.0732421949505806,3.964233875274658,-1.5356402397155762,0.2063598781824112,-0.0403747595846653,-0.1929016262292862,0.14227409743605826,-0.3469159000555915,0.8900804433676617,-1.385310578122015,-1.5063829253423826,1.950896410255625,0.0,0.0,0.0,0.0,0.0,0.0,1.7695566142836938,0.24339841436500986,-2.329816140589685,-1.004101392145385,3.540695881423035,0.5643377819968957,7.0,1.0,48.01499938964844,48.25899887084961,48.04600143432617,0.04,32.26,27.93,0.407,-0.275,1.303,0,1,0
1778204809.3531008,1340.2079999999999,1.7695872783660889,0.24342775344848633,-2.3298335711108606,-1.0040810743915003,3.5406997203826904,0.5643667578697205,0.0,0.0,-0.0,0.0,0.0,0.0,-0.1556396633386612,3.955078601837158,-1.502013087272644,0.1996307522058487,-0.0493469275534153,-0.1861725002527237,0.14225086573403242,-0.3468798809443073,0.8900731848321863,-1.3853506473785653,-1.5062894518931487,1.9508840071611444,0.0,0.0,0.0,0.0,0.0,0.0,1.7695566142836938,0.24339841436500986,-2.329816140589685,-1.004101392145385,3.540695881423035,0.5643377819968957,7.0,1.0,48.01499938964844,48.25899887084961,48.04600143432617,0.04,32.26,27.93,0.407,-0.275,1.303,0,1,0
1778204809.3554945,1340.216,1.7696353197097778,0.2434157133102417,-2.3298216501819056,-1.0041049162494105,3.5407235622406006,0.5643547773361206,0.0,0.0,-0.0,0.0,0.0,0.0,-0.1235962063074112,3.968811511993408,-1.5311566591262817,0.2063598781824112,-0.0336456336081028,-0.2220611870288849,0.1422691351543616,-0.3468699374093982,0.8900814041183049,-1.3853198713912145,-1.5063492815390542,1.9509407152810263,0.0,0.0,0.0,0.0,0.0,0.0,1.7695566142836938,0.24339841436500986,-2.329816140589685,-1.004101392145385,3.540695881423035,0.5643377819968957,7.0,1.0,48.01499938964844,48.25899887084961,48.04600143432617,0.04,32.26,27.93,0.407,-0.275,1.303,0,1,0
1778204809.368648,1340.224,1.7696353197097778,0.2434396743774414,-2.3298454920398157,-1.0040929953204554,3.5407235622406006,0.5643667578697205,0.0,0.0,-0.0,0.0,0.0,0.0,-0.1373291164636612,3.991699695587158,-1.5199475288391113,0.2018737941980362,-0.0426178015768528,-0.1973877102136612,0.14226743075694026,-0.34686844471729517,0.890066651970153,-1.385324390758732,-1.5063523803933925,1.9509367875338262,0.0,0.0,0.0,0.0,0.0,0.0,1.7695566142836938,0.24339841436500986,-2.329816140589685,-1.004101392145385,3.540695881423035,0.5643377819968957,7.0,1.0,47.986000061035156,48.25899887084961,48.04600143432617,0.04,32.26,27.93,0.407,-0.275,1.303,0,1,0
1778204809.37087,1340.232,1.7696353197097778,0.24340379238128662,-2.3297975699054163,-1.0040810743915003,3.54074764251709,0.5643907189369202,0.0,0.0,-0.0,0.0,0.0,0.0,-0.1098632961511612,3.964233875274658,-1.5289148092269897,0.2086029201745987,-0.0403747595846653,-0.1929016262292862,0.142268799034733,-0.34688524072448007,0.8900901877392828,-1.3853228779355264,-1.506383050361774,1.9509428307580177,0.0,0.0,0.0,0.0,0.0,0.0,1.7695566142836938,0.24339841436500986,-2.329816140589685,-1.004101392145385,3.540695881423035,0.5643377819968957,7.0,1.0,47.986000061035156,48.25899887084961,48.04600143432617,0.04,32.26,27.93,0.407,-0.275,1.303,0,1,0
1778204809.3759916,1340.24,1.7696112394332886,0.2434396743774414,-2.329773728047506,-1.004068676625387,3.5407354831695557,0.5643547773361206,0.0,0.0,-0.0,0.0,0.0,0.0,-0.1144409328699112,3.959656238555908,-1.515463948249817,0.2018737941980362,-0.0426178015768528,-0.1996307522058487,0.1422766162963266,-0.3469496167625191,0.8900813535997101,-1.3852575555566746,-1.506410317212761,1.9508344752850977,0.0,0.0,0.0,0.0,0.0,0.0,1.7695566142836938,0.24339841436500986,-2.329816140589685,-1.004101392145385,3.540695881423035,0.5643377819968957,7.0,1.0,47.986000061035156,48.25899887084961,48.04600143432617,0.04,32.26,27.93,0.407,-0.275,1.303,0,1,0
1778204809.3843956,1340.248,1.769647240638733,0.24345171451568604,-2.3298216501819056,-1.0040810743915003,3.54074764251709,0.5643667578697205,0.0,0.0,-0.0,0.0,0.0,0.0,-0.02288818545639515,3.996277332305908,-1.5221893787384033,0.1973877102136612,-0.0403747595846653,-0.2063598781824112,0.14227989455610718,-0.3469037822307765,0.8900668405521396,-1.3852776186268596,-1.5064203582582945,1.9509138041729852,0.0,0.0,0.0,0.0,0.0,0.0,1.7695566142836938,0.24339841436500986,-2.329816140589685,-1.004101392145385,3.540695881423035,0.5643377819968957,7.0,1.0,47.986000061035156,48.25899887084961,48.04600143432617,0.04,32.26,27.93,0.407,-0.275,1.303,0,1,0
1778204809.3866026,1340.2559999999999,1.7696353197097778,0.2434636354446411,-2.3297856489764612,-1.0041411558734339,3.5407235622406006,0.5643907189369202,0.0,0.0,-0.0,0.0,0.0,0.0,-0.1373291164636612,3.982544422149658,-1.5064966678619385,0.1951446682214737,-0.0426178015768528,-0.1839294582605362,0.14227369318417074,-0.3469143338609308,0.8900742949459111,-1.3853262046833046,-1.506366727325052,1.9509183729247233,0.0,0.0,0.0,0.0,0.0,0.0,1.7695566142836938,0.24339841436500986,-2.329816140589685,-1.004101392145385,3.540695881423035,0.5643377819968957,7.0,1.0,47.986000061035156,48.2130012512207,48.04600143432617,0.04,32.26,27.93,0.407,-0.275,1.303,0,1,0
1778204809.4006634,1340.264,1.7696112394332886,0.24340379238128662,-2.3298216501819056,-1.0040448347674769,3.540783166885376,0.5643907189369202,0.0,0.0,-0.0,0.0,0.0,0.0,-0.1144409328699112,3.973389148712158,-1.5199475288391113,0.2041168361902237,-0.0403747595846653,-0.2198181450366974,0.14226098938443368,-0.34688473479009635,0.8900825652045862,-1.385311431503477,-1.5064032697153438,1.9509375115029202,0.0,0.0,0.0,0.0,0.0,0.0,1.7695566142836938,0.24339841436500986,-2.329816140589685,-1.004101392145385,3.540695881423035,0.5643377819968957,7.0,1.0,47.986000061035156,48.2130012512207,48.04600143432617,0.04,32.26,27.93,0.407,-0.275,1.303,0,1,0
1778204809.4059134,1340.272,1.7696353197097778,0.24340379238128662,-2.3298097292529505,-1.0040810743915003,3.5407235622406006,0.5643787384033203,0.0,0.0,-0.0,0.0,0.0,0.0,-0.1235962063074112,3.982544422149658,-1.515463948249817,0.2041168361902237,-0.0358886756002903,-0.1996307522058487,0.14226740181872405,-0.3468753916958367,0.8900874197553151,-1.3853289077896433,-1.50635552932149,1.9509332398393366,0.0,0.0,0.0,0.0,0.0,0.0,1.7695566142836938,0.24339841436500986,-2.329816140589685,-1.004101392145385,3.540695881423035,0.5643377819968957,7.0,1.0,47.986000061035156,48.2130012512207,48.04600143432617,0.04,32.26,27.93,0.407,-0.275,1.303,0,1,0
1778204809.4160671,1340.28,1.7696353197097778,0.24345171451568604,-2.3297856489764612,-1.0040810743915003,3.54074764251709,0.5643907189369202,0.0,0.0,-0.0,0.0,0.0,0.0,-0.1327514797449112,3.977966785430908,-1.5064966678619385,0.2086029201745987,-0.0426178015768528,-0.2130890041589737,0.1422781514602318,-0.34693167412515435,0.8900752374890515,-1.3852848557325976,-1.5064231871540845,1.950888103530301,0.0,0.0,0.0,0.0,0.0,0.0,1.7695566142836938,0.24339841436500986,-2.329816140589685,-1.004101392145385,3.540695881423035,0.5643377819968957,7.0,1.0,47.986000061035156,48.2130012512207,48.04600143432617,0.04,32.26,27.93,0.407,-0.275,1.303,0,1,0
1778204809.418536,1340.28,1.7696353197097778,0.24345171451568604,-2.3297856489764612,-1.0040810743915003,3.54074764251709,0.5643907189369202,0.0,0.0,-0.0,0.0,0.0,0.0,-0.1327514797449112,3.977966785430908,-1.5064966678619385,0.2086029201745987,-0.0426178015768528,-0.2130890041589737,0.1422781514602318,-0.34693167412515435,0.8900752374890515,-1.3852848557325976,-1.5064231871540845,1.950888103530301,0.0,0.0,0.0,0.0,0.0,0.0,1.7695566142836938,0.24339841436500986,-2.329816140589685,-1.004101392145385,3.540695881423035,0.5643377819968957,7.0,1.0,47.986000061035156,48.2130012512207,48.04600143432617,0.06,32.27,27.88,0.407,-0.277,1.301,0,0,1
1778204809.4206405,1340.288,1.7695993185043335,0.2434396743774414,-2.3297975699054163,-1.004068676625387,3.5406875610351562,0.5643907189369202,0.0,0.0,-0.0,0.0,0.0,0.0,-0.0915527418255806,3.982544422149658,-1.515463948249817,0.2018737941980362,-0.0448608435690403,-0.1973877102136612,0.14225963071146835,-0.3469172917775848,0.8900765598267073,-1.3853358904917044,-1.5063197765669103,1.9508434668654229,0.0,0.0,0.0,0.0,0.0,0.0,1.7695566142836938,0.24339841436500986,-2.329816140589685,-1.004101392145385,3.540695881423035,0.5643377819968957,7.0,1.0,47.986000061035156,48.2130012512207,48.04600143432617,0.06,32.27,27.88,0.407,-0.277,1.301,0,1,0
1778204809.4375355,1340.296,1.7696112394332886,0.2434396743774414,-2.3298097292529505,-1.0040448347674769,3.54074764251709,0.5643787384033203,0.0,0.0,-0.0,0.0,0.0,0.0,-0.0732421949505806,3.991699695587158,-1.5356402397155762,0.2063598781824112,-0.0493469275534153,-0.2086029201745987,0.1422687174633426,-0.3469222346072787,0.890072084106521,-1.3852842968596724,-1.506404501614421,1.9508666664156595,0.0,0.0,0.0,0.0,0.0,0.0,1.7695566142836938,0.24339841436500986,-2.329816140589685,-1.004101392145385,3.540695881423035,0.5643377819968957,7.0,1.0,47.986000061035156,48.2130012512207,48.04600143432617,0.06,32.27,27.88,0.407,-0.277,1.301,0,1,0
1778204809.4402373,1340.3039999999999,1.7696112394332886,0.2434396743774414,-2.3298454920398157,-1.0040929953204554,3.5406997203826904,0.5643907189369202,0.0,0.0,-0.0,0.0,0.0,0.0,-0.1007080152630806,3.964233875274658,-1.5064966678619385,0.2063598781824112,-0.0381317175924778,-0.1794433742761612,0.14225378074416015,-0.3468640229554632,0.8900670135708244,-1.3853708848640938,-1.5062950976495282,1.9509232758421717,0.0,0.0,0.0,0.0,0.0,0.0,1.7695566142836938,0.24339841436500986,-2.329816140589685,-1.004101392145385,3.540695881423035,0.5643377819968957,7.0,1.0,48.0,48.2130012512207,48.04600143432617,0.06,32.27,27.88,0.407,-0.277,1.301,0,1,0
1778204809.4506679,1340.312,1.769647240638733,0.2434157133102417,-2.3298216501819056,-1.0040810743915003,3.5407116413116455,0.5643547773361206,0.0,0.0,-0.0,0.0,0.0,0.0,-0.1419067531824112,3.964233875274658,-1.5356402397155762,0.2063598781824112,-0.0336456336081028,-0.1996307522058487,0.14227463833606147,-0.34687690874203503,0.8900801342483063,-1.3853039253247799,-1.50636492044135,1.950919342348427,0.0,0.0,0.0,0.0,0.0,0.0,1.7695566142836938,0.24339841436500986,-2.329816140589685,-1.004101392145385,3.540695881423035,0.5643377819968957,7.0,1.0,48.0,48.2130012512207,48.04600143432617,0.06,32.27,27.88,0.407,-0.277,1.301,0,1,0
1778204809.4529438,1340.32,1.7695993185043335,0.24345171451568604,-2.3297975699054163,-1.0040929953204554,3.54074764251709,0.5643787384033203,0.0,0.0,-0.0,0.0,0.0,0.0,-0.1235962063074112,3.982544422149658,-1.5177057981491089,0.2041168361902237,-0.0448608435690403,-0.2265472710132599,0.1422645625901456,-0.34692430063369384,0.8900730766491395,-1.3853055912915493,-1.5063768482141136,1.9508813704130503,0.0,0.0,0.0,0.0,0.0,0.0,1.7695566142836938,0.24339841436500986,-2.329816140589685,-1.004101392145385,3.540695881423035,0.5643377819968957,7.0,1.0,48.0,48.2130012512207,48.04600143432617,0.06,32.27,27.88,0.407,-0.277,1.301,0,1,0
1778204809.4702785,1340.328,1.7696112394332886,0.24342775344848633,-2.3297856489764612,-1.0041287581073206,3.540771245956421,0.5643787384033203,0.0,0.0,-0.0,0.0,0.0,0.0,-0.1052856519818306,3.977966785430908,-1.5356402397155762,0.1996307522058487,-0.0358886756002903,-0.2220611870288849,0.14226547270305043,-0.3469027976959087,0.8900864758716979,-1.385320012605741,-1.5063802633104513,1.9509453908930008,0.0,0.0,0.0,0.0,0.0,0.0,1.7695566142836938,0.24339841436500986,-2.329816140589685,-1.004101392145385,3.540695881423035,0.5643377819968957,7.0,1.0,48.0,48.22800064086914,48.04600143432617,0.06,32.27,27.88,0.407,-0.277,1.301,0,1,0
1778204809.4735239,1340.336,1.7695872783660889,0.24337971210479736,-2.3297975699054163,-1.0040810743915003,3.5407590866088867,0.5644266605377197,0.0,0.0,-0.0,0.0,0.0,0.0,-0.1327514797449112,3.982544422149658,-1.515463948249817,0.2018737941980362,-0.0358886756002903,-0.2175751030445099,0.14224301002167308,-0.346866155114393,0.890099381594045,-1.3853932795677315,-1.5063167970853195,1.9509641369016864,0.0,0.0,0.0,0.0,0.0,0.0,1.7695566142836938,0.24339841436500986,-2.329816140589685,-1.004101392145385,3.540695881423035,0.5643377819968957,7.0,1.0,48.0,48.22800064086914,48.04600143432617,0.06,32.27,27.88,0.407,-0.277,1.301,0,1,0
1778204809.4840941,1340.344,1.7696112394332886,0.24340379238128662,-2.329773728047506,-1.0040929953204554,3.54074764251709,0.56440269947052,0.0,0.0,-0.0,0.0,0.0,0.0,-0.1190185695886612,3.977966785430908,-1.5266729593276978,0.2063598781824112,-0.0403747595846653,-0.2018737941980362,0.142261695865989,-0.3469021541800155,0.8900963702205296,-1.3853392995324003,-1.5063626952665126,1.9509247625225075,0.0,0.0,0.0,0.0,0.0,0.0,1.7695566142836938,0.24339841436500986,-2.329816140589685,-1.004101392145385,3.540695881423035,0.5643377819968957,7.0,1.0,48.0,48.22800064086914,48.04600143432617,0.06,32.27,27.88,0.407,-0.277,1.301,0,1,0
1778204809.4869804,1340.3519999999999,1.769647240638733,0.24342775344848633,-2.3297975699054163,-1.004068676625387,3.5407235622406006,0.5643667578697205,0.0,0.0,-0.0,0.0,0.0,0.0,-0.0640869215130806,3.968811511993408,-1.513222098350525,0.2063598781824112,-0.0358886756002903,-0.2063598781824112,0.1422803884322892,-0.3469104047223734,0.8900805320740428,-1.3852799881409308,-1.5064046135334646,1.9508888881263318,0.0,0.0,0.0,0.0,0.0,0.0,1.7695566142836938,0.24339841436500986,-2.329816140589685,-1.004101392145385,3.540695881423035,0.5643377819968957,7.0,1.0,48.0,48.22800064086914,48.04600143432617,0.06,32.27,27.88,0.407,-0.277,1.301,0,1,0
1778204809.5043306,1340.36,1.7696112394332886,0.2434636354446411,-2.3298097292529505,-1.0040572325335901,3.5407590866088867,0.5643907189369202,0.0,0.0,-0.0,0.0,0.0,0.0,-0.1144409328699112,3.977966785430908,-1.5244312286376953,0.2018737941980362,-0.0426178015768528,-0.1973877102136612,0.1422698543411643,-0.34693310268641714,0.8900640238754195,-1.3852842267504977,-1.5064188794049815,1.9508695990094178,0.0,0.0,0.0,0.0,0.0,0.0,1.7695566142836938,0.24339841436500986,-2.329816140589685,-1.004101392145385,3.540695881423035,0.5643377819968957,7.0,1.0,48.0,48.22800064086914,48.04600143432617,0.06,32.27,27.88,0.407,-0.277,1.301,0,1,0
1778204809.5069592,1340.368,1.7695872783660889,0.2434396743774414,-2.329761568699972,-1.0040929953204554,3.5407235622406006,0.5643547773361206,0.0,0.0,-0.0,0.0,0.0,0.0,-0.0915527418255806,3.982544422149658,-1.4885622262954712,0.1996307522058487,-0.0336456336081028,-0.1884155422449112,0.14226783905312895,-0.3469530679251082,0.8900855095297341,-1.3852823084662087,-1.5063668034403128,1.9508246045799642,0.0,0.0,0.0,0.0,0.0,0.0,1.7695566142836938,0.24339841436500986,-2.329816140589685,-1.004101392145385,3.540695881423035,0.5643377819968957,7.0,1.0,48.0,48.22800064086914,48.04600143432617,0.06,32.27,27.88,0.407,-0.277,1.301,0,1,0
1778204809.5155234,1340.376,1.7695993185043335,0.24342775344848633,-2.329761568699972,-1.0041168371783655,3.5407354831695557,0.56440269947052,0.0,0.0,-0.0,0.0,0.0,0.0,-0.0457763709127903,3.982544422149658,-1.5177057981491089,0.2108459621667862,-0.0358886756002903,-0.1704712063074112,0.14226073106140094,-0.3469219674856628,0.8900916770328028,-1.385342728795885,-1.5063470885491008,1.9508995421551145,0.0,0.0,0.0,0.0,0.0,0.0,1.7695566142836938,0.24339841436500986,-2.329816140589685,-1.004101392145385,3.540695881423035,0.5643377819968957,7.0,1.0,48.0,48.22800064086914,48.04600143432617,0.06,32.27,27.88,0.407,-0.277,1.301,0,1,0
1778204809.5185657,1340.384,1.7695753574371338,0.243391752243042,-2.3297856489764612,-1.0040810743915003,3.5407354831695557,0.5643547773361206,0.0,0.0,-0.0,0.0,0.0,0.0,-0.0640869215130806,3.977966785430908,-1.499771237373352,0.1951446682214737,-0.0448608435690403,-0.2063598781824112,0.14225378480068915,-0.34690327588879694,0.8900969934686509,-1.3853211270266728,-1.506326787973855,1.9508792071166983,0.0,0.0,0.0,0.0,0.0,0.0,1.7695566142836938,0.24339841436500986,-2.329816140589685,-1.004101392145385,3.540695881423035,0.5643377819968957,7.0,1.0,48.0,48.22800064086914,48.04600143432617,0.06,32.27,27.88,0.407,-0.277,1.301,0,1,0
1778204809.521916,1340.392,1.7696112394332886,0.24347567558288574,-2.329749647771017,-1.0041411558734339,3.54074764251709,0.5643787384033203,0.0,0.0,-0.0,0.0,0.0,0.0,-0.0686645582318306,3.996277332305908,-1.5311566591262817,0.2086029201745987,-0.0358886756002903,-0.2130890041589737,0.14227688439107344,-0.3469637716665853,0.8900777670967552,-1.385284819708046,-1.5064045845878316,1.9508666862512223,0.0,0.0,0.0,0.0,0.0,0.0,1.7695566142836938,0.24339841436500986,-2.329816140589685,-1.004101392145385,3.540695881423035,0.5643377819968957,7.0,1.0,48.0,48.22800064086914,48.04600143432617,0.06,32.27,27.88,0.407,-0.277,1.301,0,1,0
1778204809.537903,1340.3999999999999,1.7696112394332886,0.24345171451568604,-2.329773728047506,-1.0040572325335901,3.540771245956421,0.5643787384033203,0.0,0.0,-0.0,0.0,0.0,0.0,-0.1419067531824112,3.964233875274658,-1.5087385177612305,0.2108459621667862,-0.0336456336081028,-0.1929016262292862,0.1422771743191801,-0.34696024216753885,0.8900763741872932,-1.385251405611097,-1.5064522455298417,1.9508474063337482,0.0,0.0,0.0,0.0,0.0,0.0,1.7695566142836938,0.24339841436500986,-2.329816140589685,-1.004101392145385,3.540695881423035,0.5643377819968957,7.0,1.0,48.0,48.25899887084961,48.04600143432617,0.06,32.27,27.88,0.407,-0.277,1.301,0,1,0
1778204809.5464609,1340.408,1.7695872783660889,0.24345171451568604,-2.3297856489764612,-1.0041168371783655,3.54074764251709,0.5643787384033203,0.0,0.0,-0.0,0.0,0.0,0.0,-0.0503540076315403,3.964233875274658,-1.5266729593276978,0.2018737941980362,-0.0336456336081028,-0.2130890041589737,0.14226053658482338,-0.34692700598641374,0.8900770976607042,-1.385319168122418,-1.506357136143514,1.9508850768492403,0.0,0.0,0.0,0.0,0.0,0.0,1.7695566142836938,0.24339841436500986,-2.329816140589685,-1.004101392145385,3.540695881423035,0.5643377819968957,7.0,1.0,48.0,48.25899887084961,48.029998779296875,0.06,32.27,27.88,0.407,-0.277,1.301,0,1,0
1778204809.5486856,1340.416,1.7695753574371338,0.24340379238128662,-2.3298097292529505,-1.004068676625387,3.5407354831695557,0.5643787384033203,0.0,0.0,-0.0,0.0,0.0,0.0,-0.1190185695886612,3.968811511993408,-1.499771237373352,0.2086029201745987,-0.0336456336081028,-0.2243042290210724,0.1422482524825576,-0.34688990364965056,0.8900866769441538,-1.3853452274957585,-1.5063171774195927,1.9508930799384898,0.0,0.0,0.0,0.0,0.0,0.0,1.7695566142836938,0.24339841436500986,-2.329816140589685,-1.004101392145385,3.540695881423035,0.5643377819968957,7.0,1.0,48.0,48.25899887084961,48.029998779296875,0.06,32.27,27.88,0.407,-0.277,1.301,0,1,0
1778204809.5509903,1340.424,1.7696112394332886,0.24345171451568604,-2.329761568699972,-1.0041049162494105,3.5406997203826904,0.5643787384033203,0.0,0.0,-0.0,0.0,0.0,0.0,-0.1190185695886612,4.000854969024658,-1.5109803676605225,0.2018737941980362,-0.0381317175924778,-0.2175751030445099,0.14227167469436883,-0.3469459882148472,0.8900821002483684,-1.3853052117987394,-1.5063565864031072,1.9508394487887901,0.0,0.0,0.0,0.0,0.0,0.0,1.7695566142836938,0.24339841436500986,-2.329816140589685,-1.004101392145385,3.540695881423035,0.5643377819968957,7.0,1.0,48.0,48.25899887084961,48.029998779296875,0.06,32.27,27.88,0.407,-0.277,1.301,0,1,0
1778204809.568916,1340.432,1.7696353197097778,0.24345171451568604,-2.3298216501819056,-1.0040448347674769,3.54074764251709,0.5644146800041199,0.0,0.0,-0.0,0.0,0.0,0.0,-0.1052856519818306,3.996277332305908,-1.5109803676605225,0.2018737941980362,-0.0381317175924778,-0.2265472710132599,0.14227065432925487,-0.34690831401499417,0.8900653341386349,-1.3853089333580269,-1.506413447962814,1.9509021420544435,0.0,0.0,0.0,0.0,0.0,0.0,1.7695566142836938,0.24339841436500986,-2.329816140589685,-1.004101392145385,3.540695881423035,0.5643377819968957,7.0,1.0,48.0,48.25899887084961,48.029998779296875,0.06,32.27,27.88,0.407,-0.277,1.301,0,1,0
1778204809.5786889,1340.432,1.7696353197097778,0.24345171451568604,-2.3298216501819056,-1.0040448347674769,3.54074764251709,0.5644146800041199,0.0,0.0,-0.0,0.0,0.0,0.0,-0.1052856519818306,3.996277332305908,-1.5109803676605225,0.2018737941980362,-0.0381317175924778,-0.2265472710132599,0.14227065432925487,-0.34690831401499417,0.8900653341386349,-1.3853089333580269,-1.506413447962814,1.9509021420544435,0.0,0.0,0.0,0.0,0.0,0.0,1.7695566142836938,0.24339841436500986,-2.329816140589685,-1.004101392145385,3.540695881423035,0.5643377819968957,7.0,1.0,48.0,48.25899887084961,48.029998779296875,0.07,32.26,27.97,0.402,-0.272,1.301,0,0,1
1778204809.5809786,1340.4399999999998,1.7695633172988892,0.2434157133102417,-2.3298097292529505,-1.0041168371783655,3.5407235622406006,0.5643667578697205,0.0,0.0,-0.0,0.0,0.0,0.0,-0.1235962063074112,3.977966785430908,-1.5199475288391113,0.2018737941980362,-0.0291595496237278,-0.1704712063074112,0.1422432723362239,-0.3468830378322973,0.8900848898039438,-1.3853674097725006,-1.5062740313439287,1.9509050848579375,0.0,0.0,0.0,0.0,0.0,0.0,1.7695566142836938,0.24339841436500986,-2.329816140589685,-1.004101392145385,3.540695881423035,0.5643377819968957,7.0,1.0,48.0,48.25899887084961,48.029998779296875,0.07,32.26,27.97,0.402,-0.272,1.301,0,1,0
1778204809.5836613,1340.4479999999999,1.7696353197097778,0.2434396743774414,-2.3297975699054163,-1.0041049162494105,3.5406875610351562,0.5644146800041199,0.0,0.0,-0.0,0.0,0.0,0.0,-0.0686645582318306,3.982544422149658,-1.515463948249817,0.1996307522058487,-0.0336456336081028,-0.2130890041589737,0.14226503976338073,-0.3468916140910424,0.8900788260173116,-1.3853657600986875,-1.5063209538561626,1.9509120731960834,0.0,0.0,0.0,0.0,0.0,0.0,1.7695566142836938,0.24339841436500986,-2.329816140589685,-1.004101392145385,3.540695881423035,0.5643377819968957,7.0,1.0,48.0,48.25899887084961,48.029998779296875,0.07,32.26,27.97,0.402,-0.272,1.301,0,1,0
1778204809.585665,1340.456,1.7696112394332886,0.2434396743774414,-2.3297856489764612,-1.0041411558734339,3.5407235622406006,0.5643547773361206,0.0,0.0,-0.0,0.0,0.0,0.0,-0.0869751051068306,4.005432605743408,-1.5177057981491089,0.2063598781824112,-0.0314025916159153,-0.1996307522058487,0.14226782445014383,-0.3469087183019225,0.8900827384436001,-1.3853167348538027,-1.5063417652587727,1.9509046804824577,0.0,0.0,0.0,0.0,0.0,0.0,1.7695566142836938,0.24339841436500986,-2.329816140589685,-1.004101392145385,3.540695881423035,0.5643377819968957,7.0,1.0,48.0,48.25899887084961,48.029998779296875,0.07,32.26,27.97,0.402,-0.272,1.301,0,1,0
1778204809.6042624,1340.464,1.7696112394332886,0.24345171451568604,-2.3297975699054163,-1.0040929953204554,3.5407354831695557,0.5643907189369202,0.0,0.0,-0.0,0.0,0.0,0.0,-0.1007080152630806,3.982544422149658,-1.5087385177612305,0.2041168361902237,-0.0336456336081028,-0.2220611870288849,0.14226603714123812,-0.34691866160476836,0.8900732587734504,-1.385317181410134,-1.5063714000271466,1.950888699352439,0.0,0.0,0.0,0.0,0.0,0.0,1.7695566142836938,0.24339841436500986,-2.329816140589685,-1.004101392145385,3.540695881423035,0.5643377819968957,7.0,1.0,48.0,48.25899887084961,48.029998779296875,0.07,32.26,27.97,0.402,-0.272,1.301,0,1,0
1778204809.614419,1340.472,1.7696112394332886,0.2434157133102417,-2.329761568699972,-1.0040572325335901,3.54074764251709,0.5643787384033203,0.0,0.0,-0.0,0.0,0.0,0.0,-0.1098632961511612,3.977966785430908,-1.513222098350525,0.1996307522058487,-0.0403747595846653,-0.2018737941980362,0.14227271057766633,-0.3469422663578643,0.8900924904634956,-1.3852767481864168,-1.5064125821778664,1.9508559514584736,0.0,0.0,0.0,0.0,0.0,0.0,1.7695566142836938,0.24339841436500986,-2.329816140589685,-1.004101392145385,3.540695881423035,0.5643377819968957,7.0,1.0,47.986000061035156,48.24300003051758,48.029998779296875,0.07,32.26,27.97,0.402,-0.272,1.301,0,1,0
1778204809.6195254,1340.48,1.7695993185043335,0.24345171451568604,-2.3298216501819056,-1.0040929953204554,3.54074764251709,0.5643907189369202,0.0,0.0,-0.0,0.0,0.0,0.0,-0.0915527418255806,3.982544422149658,-1.5199475288391113,0.2063598781824112,-0.0358886756002903,-0.2175751030445099,0.14225821555532175,-0.3468998745869121,0.8900677561649502,-1.3853331071077677,-1.5063557488403816,1.9509104490754499,0.0,0.0,0.0,0.0,0.0,0.0,1.7695566142836938,0.24339841436500986,-2.329816140589685,-1.004101392145385,3.540695881423035,0.5643377819968957,7.0,1.0,47.986000061035156,48.24300003051758,48.029998779296875,0.07,32.26,27.97,0.402,-0.272,1.301,0,1,0
1778204809.6240318,1340.4879999999998,1.7696353197097778,0.24347567558288574,-2.3297975699054163,-1.0040929953204554,3.5407590866088867,0.5643667578697205,0.0,0.0,-0.0,0.0,0.0,0.0,-0.0732421949505806,3.982544422149658,-1.5177057981491089,0.1973877102136612,-0.0426178015768528,-0.1951446682214737,0.14228328396893952,-0.3469409648599266,0.8900640737000454,-1.3852555775068396,-1.5064444956955345,1.9508801497190775,0.0,0.0,0.0,0.0,0.0,0.0,1.7695566142836938,0.24339841436500986,-2.329816140589685,-1.004101392145385,3.540695881423035,0.5643377819968957,7.0,1.0,47.986000061035156,48.24300003051758,48.029998779296875,0.07,32.26,27.97,0.402,-0.272,1.301,0,1,0
1778204809.6429255,1340.4959999999999,1.7696112394332886,0.24342775344848633,-2.329761568699972,-1.0040810743915003,3.5406997203826904,0.5643907189369202,0.0,0.0,-0.0,0.0,0.0,0.0,-0.0869751051068306,3.968811511993408,-1.5311566591262817,0.1996307522058487,-0.0471038855612278,-0.2086029201745987,0.14226802260374757,-0.34693477037575554,0.8900897265178858,-1.3853173238155956,-1.5063516182546803,1.9508467568158971,0.0,0.0,0.0,0.0,0.0,0.0,1.7695566142836938,0.24339841436500986,-2.329816140589685,-1.004101392145385,3.540695881423035,0.5643377819968957,7.0,1.0,47.986000061035156,48.24300003051758,48.029998779296875,0.07,32.26,27.97,0.402,-0.272,1.301,0,1,0
1778204809.6529288,1340.504,1.7695993185043335,0.24345171451568604,-2.329773728047506,-1.0041049162494105,3.5407590866088867,0.5643787384033203,0.0,0.0,-0.0,0.0,0.0,0.0,-0.1052856519818306,3.991699695587158,-1.513222098350525,0.2041168361902237,-0.0336456336081028,-0.2175751030445099,0.14226843647676096,-0.34694167348899196,0.8900790795911964,-1.3852930630844904,-1.5063964296994896,1.9508769332484701,0.0,0.0,0.0,0.0,0.0,0.0,1.7695566142836938,0.24339841436500986,-2.329816140589685,-1.004101392145385,3.540695881423035,0.5643377819968957,7.0,1.0,47.986000061035156,48.24300003051758,48.029998779296875,0.07,32.26,27.97,0.402,-0.272,1.301,0,1,0
1778204809.6557484,1340.512,1.7695993185043335,0.2434396743774414,-2.3298097292529505,-1.0040810743915003,3.5407116413116455,0.5643907189369202,0.0,0.0,-0.0,0.0,0.0,0.0,-0.0869751051068306,3.973389148712158,-1.5109803676605225,0.2265472710132599,-0.0403747595846653,-0.2086029201745987,0.1422576667145817,-0.3469033977031114,0.8900743882308979,-1.3853411351211222,-1.5063274964078468,1.9508794322649197,0.0,0.0,0.0,0.0,0.0,0.0,1.7695566142836938,0.24339841436500986,-2.329816140589685,-1.004101392145385,3.540695881423035,0.5643377819968957,7.0,1.0,47.986000061035156,48.24300003051758,48.029998779296875,0.07,32.26,27.97,0.402,-0.272,1.301,0,1,0
1778204809.658462,1340.52,1.7696353197097778,0.24345171451568604,-2.3298097292529505,-1.004068676625387,3.5407590866088867,0.5643787384033203,0.0,0.0,-0.0,0.0,0.0,0.0,-0.0823974683880806,3.977966785430908,-1.5199475288391113,0.2063598781824112,-0.0336456336081028,-0.2265472710132599,0.1422774913620487,-0.3469190978512299,0.8900689229454394,-1.3852751354072574,-1.5064316580553259,1.9508981165654606,0.0,0.0,0.0,0.0,0.0,0.0,1.7695566142836938,0.24339841436500986,-2.329816140589685,-1.004101392145385,3.540695881423035,0.5643377819968957,7.0,1.0,47.986000061035156,48.24300003051758,48.029998779296875,0.07,32.26,27.97,0.402,-0.272,1.301,0,1,0
1778204809.6604142,1340.528,1.7695872783660889,0.24340379238128662,-2.3297975699054163,-1.0040929953204554,3.5407235622406006,0.5643547773361206,0.0,0.0,-0.0,0.0,0.0,0.0,-0.0778198316693306,3.987122058868408,-1.5064966678619385,0.2063598781824112,-0.0358886756002903,-0.2041168361902237,0.14225598520511148,-0.34689415666270124,0.890090579497335,-1.3853280353776007,-1.5063185146794447,1.9508902826726573,0.0,0.0,0.0,0.0,0.0,0.0,1.7695566142836938,0.24339841436500986,-2.329816140589685,-1.004101392145385,3.540695881423035,0.5643377819968957,7.0,1.0,47.986000061035156,48.24300003051758,48.029998779296875,0.07,32.26,27.97,0.402,-0.272,1.301,0,1,0
1778204809.6760776,1340.5359999999998,1.7695872783660889,0.2434396743774414,-2.329773728047506,-1.0040448347674769,3.5407354831695557,0.56440269947052,0.0,0.0,-0.0,0.0,0.0,0.0,-0.1144409328699112,3.973389148712158,-1.513222098350525,0.2018737941980362,-0.0381317175924778,-0.2153320610523224,0.14226216565507038,-0.34695084954095773,0.8900805362322834,-1.3853027179310196,-1.5063833295792965,1.9508269670064389,0.0,0.0,0.0,0.0,0.0,0.0,1.7695566142836938,0.24339841436500986,-2.329816140589685,-1.004101392145385,3.540695881423035,0.5643377819968957,7.0,1.0,47.986000061035156,48.24300003051758,48.029998779296875,0.07,32.26,27.97,0.402,-0.272,1.301,0,1,0
1778204809.6865542,1340.5439999999999,1.7695993185043335,0.2434396743774414,-2.3297975699054163,-1.0041049162494105,3.5407116413116455,0.56440269947052,0.0,0.0,-0.0,0.0,0.0,0.0,-0.0915527418255806,3.964233875274658,-1.513222098350525,0.2041168361902237,-0.0358886756002903,-0.1861725002527237,0.1422558297692477,-0.34690164922712197,0.890078589801945,-1.3853608172765355,-1.5063148387222076,1.9508971750715254,0.0,0.0,0.0,0.0,0.0,0.0,1.7695566142836938,0.24339841436500986,-2.329816140589685,-1.004101392145385,3.540695881423035,0.5643377819968957,7.0,1.0,47.986000061035156,48.24300003051758,48.029998779296875,0.07,32.26,27.97,0.402,-0.272,1.301,0,1,0
1778204809.6900432,1340.552,1.7695872783660889,0.2434396743774414,-2.3298097292529505,-1.0040810743915003,3.5407116413116455,0.5643667578697205,0.0,0.0,-0.0,0.0,0.0,0.0,-0.0732421949505806,3.982544422149658,-1.5064966678619385,0.2332763969898224,-0.0381317175924778,-0.1772003322839737,0.14225755125841869,-0.3469110174738412,0.8900741347851062,-1.3853227112637878,-1.5063254832142101,1.950858068479144,0.0,0.0,0.0,0.0,0.0,0.0,1.7695566142836938,0.24339841436500986,-2.329816140589685,-1.004101392145385,3.540695881423035,0.5643377819968957,7.0,1.0,48.01499938964844,48.24300003051758,48.029998779296875,0.07,32.26,27.97,0.402,-0.272,1.301,0,1,0
1778204809.6922245,1340.56,1.7695753574371338,0.24345171451568604,-2.3298216501819056,-1.0041049162494105,3.5407116413116455,0.5643667578697205,0.0,0.0,-0.0,0.0,0.0,0.0,-0.0823974683880806,3.973389148712158,-1.5221893787384033,0.2041168361902237,-0.0336456336081028,-0.1884155422449112,0.14225110599018706,-0.3469014409651788,0.8900683288571687,-1.3853437829995008,-1.5062978964809377,1.9508725793715043,0.0,0.0,0.0,0.0,0.0,0.0,1.7695566142836938,0.24339841436500986,-2.329816140589685,-1.004101392145385,3.540695881423035,0.5643377819968957,7.0,1.0,48.01499938964844,48.24300003051758,48.029998779296875,0.07,32.26,27.97,0.402,-0.272,1.301,0,1,0
1778204809.7085822,1340.568,1.7696112394332886,0.2434636354446411,-2.3298216501819056,-1.004068676625387,3.540771245956421,0.5643907189369202,0.0,0.0,-0.0,0.0,0.0,0.0,-0.1235962063074112,3.977966785430908,-1.513222098350525,0.2018737941980362,-0.0314025916159153,-0.2063598781824112,0.14226739455067197,-0.34691883636895354,0.8900619079506651,-1.3852938785628808,-1.506415412603228,1.9508977583941138,0.0,0.0,0.0,0.0,0.0,0.0,1.7695566142836938,0.24339841436500986,-2.329816140589685,-1.004101392145385,3.540695881423035,0.5643377819968957,7.0,1.0,48.01499938964844,48.24300003051758,48.029998779296875,0.07,32.26,27.97,0.402,-0.272,1.301,0,1,0
1778204809.7200522,1340.576,1.7695993185043335,0.2434396743774414,-2.3298097292529505,-1.0041287581073206,3.5407235622406006,0.5644146800041199,0.0,0.0,-0.0,0.0,0.0,0.0,-0.0778198316693306,3.964233875274658,-1.5064966678619385,0.2041168361902237,-0.0448608435690403,-0.2153320610523224,0.1422502516504875,-0.34687918584522354,0.8900772351314135,-1.385390829732498,-1.5062977869189542,1.950943824439847,0.0,0.0,0.0,0.0,0.0,0.0,1.7695566142836938,0.24339841436500986,-2.329816140589685,-1.004101392145385,3.540695881423035,0.5643377819968957,7.0,1.0,48.01499938964844,48.24300003051758,48.029998779296875,0.07,32.26,27.97,0.402,-0.272,1.301,0,1,0
1778204809.722705,1340.5839999999998,1.7696112394332886,0.2434396743774414,-2.3297975699054163,-1.004068676625387,3.540783166885376,0.56440269947052,0.0,0.0,-0.0,0.0,0.0,0.0,-0.1327514797449112,3.968811511993408,-1.5177057981491089,0.2108459621667862,-0.0403747595846653,-0.1659851223230362,0.1422666908787164,-0.346920424398578,0.8900762509728428,-1.3853007368964594,-1.5064226832888548,1.9509115437365054,0.0,0.0,0.0,0.0,0.0,0.0,1.7695566142836938,0.24339841436500986,-2.329816140589685,-1.004101392145385,3.540695881423035,0.5643377819968957,7.0,1.0,48.01499938964844,48.24300003051758,48.029998779296875,0.07,32.26,27.97,0.402,-0.272,1.301,0,1,0
1778204809.7259283,1340.5919999999999,1.7696353197097778,0.243391752243042,-2.3297975699054163,-1.0040810743915003,3.5407116413116455,0.5643787384033203,0.0,0.0,-0.0,0.0,0.0,0.0,-0.1007080152630806,3.991699695587158,-1.5177057981491089,0.1996307522058487,-0.0336456336081028,-0.2108459621667862,0.14226715090784647,-0.34687626832868007,0.8900946583187097,-1.385333972022626,-1.506343666082865,1.9509264434506268,0.0,0.0,0.0,0.0,0.0,0.0,1.7695566142836938,0.24339841436500986,-2.329816140589685,-1.004101392145385,3.540695881423035,0.5643377819968957,7.0,1.0,48.01499938964844,48.24300003051758,48.029998779296875,0.07,32.26,27.97,0.402,-0.272,1.301,0,1,0
1778204809.7482214,1340.6,1.7695753574371338,0.24337971210479736,-2.3297975699054163,-1.0040810743915003,3.5407354831695557,0.5643907189369202,0.0,0.0,-0.0,0.0,0.0,0.0,-0.0915527418255806,3.977966785430908,-1.513222098350525,0.1906585842370987,-0.0358886756002903,-0.2018737941980362,0.14224374394930925,-0.34687478983091435,0.8900991096160207,-1.3853728684237456,-1.5062960489558193,1.95092242848052,0.0,0.0,0.0,0.0,0.0,0.0,1.7695566142836938,0.24339841436500986,-2.329816140589685,-1.004101392145385,3.540695881423035,0.5643377819968957,7.0,1.0,48.01499938964844,48.24300003051758,48.029998779296875,0.07,32.26,27.97,0.402,-0.272,1.301,0,1,0
1778204809.751026,1340.6,1.7695753574371338,0.24337971210479736,-2.3297975699054163,-1.0040810743915003,3.5407354831695557,0.5643907189369202,0.0,0.0,-0.0,0.0,0.0,0.0,-0.0915527418255806,3.977966785430908,-1.513222098350525,0.1906585842370987,-0.0358886756002903,-0.2018737941980362,0.14224374394930925,-0.34687478983091435,0.8900991096160207,-1.3853728684237456,-1.5062960489558193,1.95092242848052,0.0,0.0,0.0,0.0,0.0,0.0,1.7695566142836938,0.24339841436500986,-2.329816140589685,-1.004101392145385,3.540695881423035,0.5643377819968957,7.0,1.0,48.01499938964844,48.24300003051758,48.029998779296875,-0.04,32.08,28.12,0.398,-0.266,1.305,0,0,1
1778204809.7536926,1340.608,1.7696353197097778,0.24340379238128662,-2.3298216501819056,-1.0041049162494105,3.5406997203826904,0.5643907189369202,0.0,0.0,-0.0,0.0,0.0,0.0,-0.0366210974752903,4.000854969024658,-1.504254937171936,0.1996307522058487,-0.0381317175924778,-0.2086029201745987,0.14226001198954497,-0.34685023029881545,0.8900862813214259,-1.3853742827098314,-1.506302680726347,1.9509595101749682,0.0,0.0,0.0,0.0,0.0,0.0,1.7695566142836938,0.24339841436500986,-2.329816140589685,-1.004101392145385,3.540695881423035,0.5643377819968957,7.0,1.0,48.01499938964844,48.24300003051758,48.029998779296875,-0.04,32.08,28.12,0.398,-0.266,1.305,0,1,0
1778204809.7621717,1340.616,1.7695753574371338,0.2434636354446411,-2.3297856489764612,-1.004068676625387,3.5407590866088867,0.5643787384033203,0.0,0.0,-0.0,0.0,0.0,0.0,-0.1327514797449112,3.977966785430908,-1.5087385177612305,0.2041168361902237,-0.0381317175924778,-0.2041168361902237,0.14226279906697153,-0.3469580076097234,0.890069979336141,-1.3852816512044894,-1.5063972240277428,1.9508296565267718,0.0,0.0,0.0,0.0,0.0,0.0,1.7695566142836938,0.24339841436500986,-2.329816140589685,-1.004101392145385,3.540695881423035,0.5643377819968957,7.0,1.0,48.01499938964844,48.22800064086914,48.029998779296875,-0.04,32.08,28.12,0.398,-0.266,1.305,0,1,0
1778204809.7643404,1340.624,1.7696112394332886,0.24345171451568604,-2.3298454920398157,-1.004068676625387,3.5407354831695557,0.5643427968025208,0.0,0.0,-0.0,0.0,0.0,0.0,-0.1190185695886612,3.964233875274658,-1.5087385177612305,0.2041168361902237,-0.0403747595846653,-0.1951446682214737,0.14226759569552044,-0.3468975730924565,0.8900605601542644,-1.3852834893489865,-1.5063749305687801,1.950881821075435,0.0,0.0,0.0,0.0,0.0,0.0,1.7695566142836938,0.24339841436500986,-2.329816140589685,-1.004101392145385,3.540695881423035,0.5643377819968957,7.0,1.0,48.01499938964844,48.22800064086914,48.04600143432617,-0.04,32.08,28.12,0.398,-0.266,1.305,0,1,0
1778204809.7661755,1340.6319999999998,1.7696353197097778,0.2434396743774414,-2.3297856489764612,-1.0041168371783655,3.5407235622406006,0.5643547773361206,0.0,0.0,-0.0,0.0,0.0,0.0,-0.0869751051068306,3.977966785430908,-1.504254937171936,0.2086029201745987,-0.0403747595846653,-0.1906585842370987,0.14227820386992027,-0.3469151226543469,0.8900813876054172,-1.3852893440928973,-1.506381600167858,1.950896808894485,0.0,0.0,0.0,0.0,0.0,0.0,1.7695566142836938,0.24339841436500986,-2.329816140589685,-1.004101392145385,3.540695881423035,0.5643377819968957,7.0,1.0,48.0,48.22800064086914,48.04600143432617,-0.04,32.08,28.12,0.398,-0.266,1.305,0,1,0
1778204809.7846217,1340.6399999999999,1.769647240638733,0.24342775344848633,-2.3298216501819056,-1.0040810743915003,3.540783166885376,0.5643547773361206,0.0,0.0,-0.0,0.0,0.0,0.0,-0.1144409328699112,3.987122058868408,-1.5087385177612305,0.2063598781824112,-0.0471038855612278,-0.2108459621667862,0.14228015953518325,-0.34689172527420115,0.8900753753325923,-1.3852652518176156,-1.5064449023739603,1.95094864661519,0.0,0.0,0.0,0.0,0.0,0.0,1.7695566142836938,0.24339841436500986,-2.329816140589685,-1.004101392145385,3.540695881423035,0.5643377819968957,7.0,1.0,48.0,48.22800064086914,48.04600143432617,-0.04,32.08,28.12,0.398,-0.266,1.305,0,1,0
1778204809.787428,1340.648,1.7695993185043335,0.24342775344848633,-2.3297975699054163,-1.0041411558734339,3.5407354831695557,0.5643667578697205,0.0,0.0,-0.0,0.0,0.0,0.0,-0.1190185695886612,3.955078601837158,-1.5199475288391113,0.2355194389820099,-0.0291595496237278,-0.1951446682214737,0.14225834489984152,-0.3468888945928457,0.8900845036491359,-1.3853447474001253,-1.5063211956642855,1.9509332201503815,0.0,0.0,0.0,0.0,0.0,0.0,1.7695566142836938,0.24339841436500986,-2.329816140589685,-1.004101392145385,3.540695881423035,0.5643377819968957,7.0,1.0,48.0,48.22800064086914,48.04600143432617,-0.04,32.08,28.12,0.398,-0.266,1.305,0,1,0
1778204809.7962751,1340.656,1.7696353197097778,0.24342775344848633,-2.3297856489764612,-1.0041049162494105,3.5407354831695557,0.5643787384033203,0.0,0.0,-0.0,0.0,0.0,0.0,-0.0823974683880806,3.945923328399658,-1.502013087272644,0.2108459621667862,-0.0314025916159153,-0.2018737941980362,0.1422739583352891,-0.34690609859580007,0.8900853143902507,-1.385308441479796,-1.5063838216474037,1.9509177925280572,0.0,0.0,0.0,0.0,0.0,0.0,1.7695566142836938,0.24339841436500986,-2.329816140589685,-1.004101392145385,3.540695881423035,0.5643377819968957,7.0,1.0,48.0,48.22800064086914,48.04600143432617,-0.04,32.08,28.12,0.398,-0.266,1.305,0,1,0
1778204809.807128,1340.664,1.7696112394332886,0.24342775344848633,-2.3297975699054163,-1.0041049162494105,3.5407590866088867,0.5643787384033203,0.0,0.0,-0.0,0.0,0.0,0.0,-0.1190185695886612,3.991699695587158,-1.4930458068847656,0.2018737941980362,-0.0448608435690403,-0.1996307522058487,0.142264691356148,-0.3469008156411907,0.8900825102138381,-1.3853176201102397,-1.5063759752918215,1.9509276849779769,0.0,0.0,0.0,0.0,0.0,0.0,1.7695566142836938,0.24339841436500986,-2.329816140589685,-1.004101392145385,3.540695881423035,0.5643377819968957,7.0,1.0,48.0,48.22800064086914,48.04600143432617,-0.04,32.08,28.12,0.398,-0.266,1.305,0,1,0
1778204809.8095517,1340.672,1.7696112394332886,0.24342775344848633,-2.3298097292529505,-1.0040929953204554,3.5407235622406006,0.56440269947052,0.0,0.0,-0.0,0.0,0.0,0.0,-0.1556396633386612,3.977966785430908,-1.5199475288391113,0.2063598781824112,-0.0426178015768528,-0.1772003322839737,0.1422576016845484,-0.3468859936100052,0.8900795122181908,-1.385357481323256,-1.5063302894017,1.9509221072124499,0.0,0.0,0.0,0.0,0.0,0.0,1.7695566142836938,0.24339841436500986,-2.329816140589685,-1.004101392145385,3.540695881423035,0.5643377819968957,7.0,1.0,48.0,48.22800064086914,48.04600143432617,-0.04,32.08,28.12,0.398,-0.266,1.305,0,1,0
1778204809.817676,1340.6799999999998,1.7695753574371338,0.24340379238128662,-2.3297975699054163,-1.004068676625387,3.540663719177246,0.5643667578697205,0.0,0.0,-0.0,0.0,0.0,0.0,-0.0823974683880806,3.973389148712158,-1.5064966678619385,0.2041168361902237,-0.0358886756002903,-0.1996307522058487,0.14224874262280132,-0.34689785846930615,0.8900896278564886,-1.3853564385441304,-1.5062580932399723,1.950834420433629,0.0,0.0,0.0,0.0,0.0,0.0,1.7695566142836938,0.24339841436500986,-2.329816140589685,-1.004101392145385,3.540695881423035,0.5643377819968957,7.0,1.0,48.0,48.22800064086914,48.04600143432617,-0.04,32.08,28.12,0.398,-0.266,1.305,0,1,0
1778204809.8276536,1340.6879999999999,1.7696353197097778,0.2434396743774414,-2.3297856489764612,-1.0041049162494105,3.540783166885376,0.56440269947052,0.0,0.0,-0.0,0.0,0.0,0.0,-0.0595092847943306,3.987122058868408,-1.515463948249817,0.1996307522058487,-0.0583190992474556,-0.2310333549976349,0.14227416308096752,-0.34691297942080224,0.8900809607959392,-1.3853045227547733,-1.5064299927736486,1.9509479826238223,0.0,0.0,0.0,0.0,0.0,0.0,1.7695566142836938,0.24339841436500986,-2.329816140589685,-1.004101392145385,3.540695881423035,0.5643377819968957,7.0,1.0,48.0,48.22800064086914,48.04600143432617,-0.04,32.08,28.12,0.398,-0.266,1.305,0,1,0
1778204809.8298,1340.696,1.7695993185043335,0.2434396743774414,-2.3298097292529505,-1.0040929953204554,3.5407354831695557,0.5643667578697205,0.0,0.0,-0.0,0.0,0.0,0.0,-0.1007080152630806,3.991699695587158,-1.515463948249817,0.1996307522058487,-0.0358886756002903,-0.2332763969898224,0.14226197113112582,-0.346906426385357,0.890074688452712,-1.3853140929637136,-1.506353246296028,1.9508895171712717,0.0,0.0,0.0,0.0,0.0,0.0,1.7695566142836938,0.24339841436500986,-2.329816140589685,-1.004101392145385,3.540695881423035,0.5643377819968957,7.0,1.0,48.0,48.22800064086914,48.04600143432617,-0.04,32.08,28.12,0.398,-0.266,1.305,0,1,0
1778204809.8417494,1340.704,1.7695872783660889,0.24342775344848633,-2.329773728047506,-1.004068676625387,3.540795087814331,0.5643667578697205,0.0,0.0,-0.0,0.0,0.0,0.0,-0.1419067531824112,3.964233875274658,-1.5333983898162842,0.2041168361902237,-0.0358886756002903,-0.1973877102136612,0.1422675676903483,-0.3469460171298472,0.8900855990812861,-1.3852631968263125,-1.5064339482330196,1.9508718734094164,0.0,0.0,0.0,0.0,0.0,0.0,1.7695566142836938,0.24339841436500986,-2.329816140589685,-1.004101392145385,3.540695881423035,0.5643377819968957,7.0,1.0,48.0,48.22800064086914,48.04600143432617,-0.04,32.08,28.12,0.398,-0.266,1.305,0,1,0
1778204809.8504226,1340.712,1.7696112394332886,0.24340379238128662,-2.3297856489764612,-1.0041049162494105,3.540771245956421,0.5643427968025208,0.0,0.0,-0.0,0.0,0.0,0.0,-0.0686645582318306,3.982544422149658,-1.5289148092269897,0.2063598781824112,-0.0448608435690403,-0.1884155422449112,0.14226994402487733,-0.34690339329531117,0.8900935948341193,-1.3852834569814145,-1.5063948164499292,1.9509242615192628,0.0,0.0,0.0,0.0,0.0,0.0,1.7695566142836938,0.24339841436500986,-2.329816140589685,-1.004101392145385,3.540695881423035,0.5643377819968957,7.0,1.0,48.0,48.22800064086914,48.04600143432617,-0.04,32.08,28.12,0.398,-0.266,1.305,0,1,0
1778204809.860414,1340.72,1.7696353197097778,0.2434396743774414,-2.3298216501819056,-1.0041168371783655,3.54074764251709,0.5644146800041199,0.0,0.0,-0.0,0.0,0.0,0.0,-0.1098632961511612,3.982544422149658,-1.5199475288391113,0.2108459621667862,-0.0448608435690403,-0.1861725002527237,0.14226284360634753,-0.34687021339918345,0.8900737666186298,-1.385362681180039,-1.5063571616717897,1.9509787750825038,0.0,0.0,0.0,0.0,0.0,0.0,1.7695566142836938,0.24339841436500986,-2.329816140589685,-1.004101392145385,3.540695881423035,0.5643377819968957,7.0,1.0,48.0,48.22800064086914,48.04600143432617,-0.04,32.08,28.12,0.398,-0.266,1.305,0,1,0
1778204809.8629193,1340.7279999999998,1.7696353197097778,0.2434396743774414,-2.3298097292529505,-1.0041049162494105,3.5407116413116455,0.5643787384033203,0.0,0.0,-0.0,0.0,0.0,0.0,-0.1098632961511612,3.991699695587158,-1.513222098350525,0.2063598781824112,-0.0583190992474556,-0.1951446682214737,0.14227020028509402,-0.3468915918885357,0.8900755858148502,-1.3853265654928186,-1.5063516180957248,1.9509154129471005,0.0,0.0,0.0,0.0,0.0,0.0,1.7695566142836938,0.24339841436500986,-2.329816140589685,-1.004101392145385,3.540695881423035,0.5643377819968957,7.0,1.0,48.0,48.22800064086914,48.04600143432617,-0.04,32.08,28.12,0.398,-0.266,1.305,0,1,0
1778204809.8747354,1340.7359999999999,1.7695993185043335,0.24340379238128662,-2.3298097292529505,-1.0041168371783655,3.540771245956421,0.56440269947052,0.0,0.0,-0.0,0.0,0.0,0.0,-0.0686645582318306,3.982544422149658,-1.515463948249817,0.2018737941980362,-0.0336456336081028,-0.2377624809741974,0.14225034517149518,-0.3468640311719822,0.8900894416494886,-1.385373124084846,-1.5063345528685301,1.950985567214965,0.0,0.0,0.0,0.0,0.0,0.0,1.7695566142836938,0.24339841436500986,-2.329816140589685,-1.004101392145385,3.540695881423035,0.5643377819968957,7.0,1.0,48.0,48.22800064086914,48.04600143432617,-0.04,32.08,28.12,0.398,-0.266,1.305,0,1,0
1778204809.8826337,1340.744,1.769647240638733,0.2434157133102417,-2.329761568699972,-1.0041049162494105,3.5407235622406006,0.5643907189369202,0.0,0.0,-0.0,0.0,0.0,0.0,-0.0823974683880806,3.982544422149658,-1.5289148092269897,0.2086029201745987,-0.02243042178452015,-0.1973877102136612,0.14227794928399498,-0.34691295594034766,0.8900953762586075,-1.3853122225978218,-1.5063867650458145,1.9509143038974532,0.0,0.0,0.0,0.0,0.0,0.0,1.7695566142836938,0.24339841436500986,-2.329816140589685,-1.004101392145385,3.540695881423035,0.5643377819968957,7.0,1.0,48.0,48.22800064086914,48.04600143432617,-0.04,32.08,28.12,0.398,-0.266,1.305,0,1,0
1778204809.8937488,1340.752,1.7696112394332886,0.24342775344848633,-2.3298097292529505,-1.004068676625387,3.540783166885376,0.5643787384033203,0.0,0.0,-0.0,0.0,0.0,0.0,-0.1144409328699112,3.987122058868408,-1.5064966678619385,0.2041168361902237,-0.0381317175924778,-0.2153320610523224,0.14226677853570363,-0.3469065821441299,0.8900776367904533,-1.38529172062774,-1.5064162667388723,1.950919327547933,0.0,0.0,0.0,0.0,0.0,0.0,1.7695566142836938,0.24339841436500986,-2.329816140589685,-1.004101392145385,3.540695881423035,0.5643377819968957,7.0,1.0,48.0,48.22800064086914,48.04600143432617,-0.04,32.08,28.12,0.398,-0.266,1.305,0,1,0
1778204809.8975432,1340.752,1.7696112394332886,0.24342775344848633,-2.3298097292529505,-1.004068676625387,3.540783166885376,0.5643787384033203,0.0,0.0,-0.0,0.0,0.0,0.0,-0.1144409328699112,3.987122058868408,-1.5064966678619385,0.2041168361902237,-0.0381317175924778,-0.2153320610523224,0.14226677853570363,-0.3469065821441299,0.8900776367904533,-1.38529172062774,-1.5064162667388723,1.950919327547933,0.0,0.0,0.0,0.0,0.0,0.0,1.7695566142836938,0.24339841436500986,-2.329816140589685,-1.004101392145385,3.540695881423035,0.5643377819968957,7.0,1.0,48.0,48.22800064086914,48.04600143432617,-0.04,31.92,27.96,0.404,-0.274,1.31,0,0,1
1778204809.9007332,1340.76,1.7695753574371338,0.24345171451568604,-2.3298097292529505,-1.0041168371783655,3.54074764251709,0.5643907189369202,0.0,0.0,-0.0,0.0,0.0,0.0,-0.0778198316693306,3.955078601837158,-1.5311566591262817,0.2041168361902237,-0.0403747595846653,-0.1996307522058487,0.14225005441342195,-0.3469042755442767,0.8900717771612375,-1.3853525343272604,-1.5063243781697992,1.9509070814948526,0.0,0.0,0.0,0.0,0.0,0.0,1.7695566142836938,0.24339841436500986,-2.329816140589685,-1.004101392145385,3.540695881423035,0.5643377819968957,7.0,1.0,48.0,48.22800064086914,48.04600143432617,-0.04,31.92,27.96,0.404,-0.274,1.31,0,1,0
1778204809.9149752,1340.768,1.7695753574371338,0.2434396743774414,-2.329737726842062,-1.0040810743915003,3.5406997203826904,0.56440269947052,0.0,0.0,-0.0,0.0,0.0,0.0,-0.0732421949505806,3.959656238555908,-1.5064966678619385,0.2041168361902237,-0.0336456336081028,-0.2198181450366974,0.14225961058271797,-0.34696708836814283,0.8900908555465017,-1.3853243362291494,-1.50633569155385,1.9507999139817889,0.0,0.0,0.0,0.0,0.0,0.0,1.7695566142836938,0.24339841436500986,-2.329816140589685,-1.004101392145385,3.540695881423035,0.5643377819968957,7.0,1.0,48.0,48.22800064086914,48.029998779296875,-0.04,31.92,27.96,0.404,-0.274,1.31,0,1,0
1778204809.9258158,1340.7759999999998,1.769647240638733,0.24347567558288574,-2.329761568699972,-1.0041287581073206,3.5407235622406006,0.5643787384033203,0.0,0.0,-0.0,0.0,0.0,0.0,-0.0366210974752903,3.968811511993408,-1.5109803676605225,0.2018737941980362,-0.0403747595846653,-0.1816864162683487,0.14228702262443443,-0.3469510707118147,0.8900744919500949,-1.3852772540897884,-1.5064158530233065,1.950874053448829,0.0,0.0,0.0,0.0,0.0,0.0,1.7695566142836938,0.24339841436500986,-2.329816140589685,-1.004101392145385,3.540695881423035,0.5643377819968957,7.0,1.0,48.0,48.22800064086914,48.029998779296875,-0.04,31.92,27.96,0.404,-0.274,1.31,0,1,0
1778204809.9351532,1340.7839999999999,1.7695753574371338,0.2434636354446411,-2.3297975699054163,-1.0041049162494105,3.5407116413116455,0.5643907189369202,0.0,0.0,-0.0,0.0,0.0,0.0,-0.0686645582318306,3.987122058868408,-1.502013087272644,0.2018737941980362,-0.0336456336081028,-0.2377624809741974,0.14225315475360034,-0.3469259130059507,0.890069639738264,-1.38534519907798,-1.5063123409449266,1.9508539216181773,0.0,0.0,0.0,0.0,0.0,0.0,1.7695566142836938,0.24339841436500986,-2.329816140589685,-1.004101392145385,3.540695881423035,0.5643377819968957,7.0,1.0,48.0,48.22800064086914,48.029998779296875,-0.04,31.92,27.96,0.404,-0.274,1.31,0,1,0
1778204809.9373,1340.792,1.7696112394332886,0.2434157133102417,-2.329773728047506,-1.0041168371783655,3.5407354831695557,0.5643787384033203,0.0,0.0,-0.0,0.0,0.0,0.0,-0.0732421949505806,3.973389148712158,-1.5289148092269897,0.2018737941980362,-0.0358886756002903,-0.1996307522058487,0.14226493605654222,-0.34690634018114935,0.8900931068655806,-1.3853279384868193,-1.506352251027052,1.950914507992673,0.0,0.0,0.0,0.0,0.0,0.0,1.7695566142836938,0.24339841436500986,-2.329816140589685,-1.004101392145385,3.540695881423035,0.5643377819968957,7.0,1.0,48.0,48.22800064086914,48.029998779296875,-0.04,31.92,27.96,0.404,-0.274,1.31,0,1,0
1778204809.9392157,1340.8,1.769647240638733,0.2434636354446411,-2.3298097292529505,-1.0041168371783655,3.5407590866088867,0.5643907189369202,0.0,0.0,-0.0,0.0,0.0,0.0,-0.1052856519818306,3.982544422149658,-1.502013087272644,0.2041168361902237,-0.0471038855612278,-0.2467346489429474,0.1422773787938657,-0.3469038868805684,0.890067335383121,-1.3853047211867942,-1.5064141711558674,1.9509452803295086,0.0,0.0,0.0,0.0,0.0,0.0,1.7695566142836938,0.24339841436500986,-2.329816140589685,-1.004101392145385,3.540695881423035,0.5643377819968957,7.0,1.0,48.0,48.22800064086914,48.029998779296875,-0.04,31.92,27.96,0.404,-0.274,1.31,0,1,0
1778204809.9501019,1340.808,1.7695872783660889,0.2434636354446411,-2.3298097292529505,-1.0041287581073206,3.5407354831695557,0.56440269947052,0.0,0.0,-0.0,0.0,0.0,0.0,-0.1144409328699112,3.987122058868408,-1.5266729593276978,0.2063598781824112,-0.0403747595846653,-0.1929016262292862,0.14225233043806232,-0.3469027240393943,0.8900682315226198,-1.3853641898915352,-1.5063189337415843,1.9509143654373833,0.0,0.0,0.0,0.0,0.0,0.0,1.7695566142836938,0.24339841436500986,-2.329816140589685,-1.004101392145385,3.540695881423035,0.5643377819968957,7.0,1.0,48.0,48.22800064086914,48.029998779296875,-0.04,31.92,27.96,0.404,-0.274,1.31,0,1,0
1778204809.9621406,1340.816,1.7696112394332886,0.24345171451568604,-2.3298097292529505,-1.0041411558734339,3.5407235622406006,0.5643907189369202,0.0,0.0,-0.0,0.0,0.0,0.0,-0.1235962063074112,3.987122058868408,-1.5356402397155762,0.2041168361902237,-0.0314025916159153,-0.2422485649585724,0.14225922821430811,-0.34688738071579384,0.8900732372444505,-1.3853609407017202,-1.5063189714100296,1.950936960416679,0.0,0.0,0.0,0.0,0.0,0.0,1.7695566142836938,0.24339841436500986,-2.329816140589685,-1.004101392145385,3.540695881423035,0.5643377819968957,7.0,1.0,48.0,48.22800064086914,48.029998779296875,-0.04,31.92,27.96,0.404,-0.274,1.31,0,1,0
1778204809.96453,1340.8239999999998,1.7696112394332886,0.24345171451568604,-2.3298216501819056,-1.0041168371783655,3.5407354831695557,0.5643907189369202,0.0,0.0,-0.0,0.0,0.0,0.0,-0.0686645582318306,3.996277332305908,-1.5266729593276978,0.2063598781824112,-0.0269165076315403,-0.2400055229663849,0.1422597348019518,-0.3468875514005364,0.8900691356656754,-1.3853477967618324,-1.506339214410605,1.9509323952996886,0.0,0.0,0.0,0.0,0.0,0.0,1.7695566142836938,0.24339841436500986,-2.329816140589685,-1.004101392145385,3.540695881423035,0.5643377819968957,7.0,1.0,48.0,48.22800064086914,48.029998779296875,-0.04,31.92,27.96,0.404,-0.274,1.31,0,1,0
1778204809.9735548,1340.8319999999999,1.7695993185043335,0.24340379238128662,-2.329761568699972,-1.0040810743915003,3.5407235622406006,0.5643667578697205,0.0,0.0,-0.0,0.0,0.0,0.0,-0.1327514797449112,3.977966785430908,-1.513222098350525,0.1816864162683487,-0.0403747595846653,-0.1816864162683487,0.14226557693912342,-0.34692641172136973,0.8900981881760608,-1.3853037118093265,-1.5063576398542946,1.9508608290379577,0.0,0.0,0.0,0.0,0.0,0.0,1.7695566142836938,0.24339841436500986,-2.329816140589685,-1.004101392145385,3.540695881423035,0.5643377819968957,7.0,1.0,48.0,48.22800064086914,48.029998779296875,-0.04,31.92,27.96,0.404,-0.274,1.31,0,1,0
1778204809.9859643,1340.84,1.7696112394332886,0.243391752243042,-2.329773728047506,-1.0041168371783655,3.5407116413116455,0.5644146800041199,0.0,0.0,-0.0,0.0,0.0,0.0,-0.1464843899011612,3.977966785430908,-1.504254937171936,0.1996307522058487,-0.0336456336081028,-0.1884155422449112,0.1422540007284561,-0.34687763706123004,0.8901024179386461,-1.3853899923582838,-1.506297582213417,1.9509443205565127,0.0,0.0,0.0,0.0,0.0,0.0,1.7695566142836938,0.24339841436500986,-2.329816140589685,-1.004101392145385,3.540695881423035,0.5643377819968957,7.0,1.0,48.0,48.22800064086914,48.04600143432617,-0.04,31.92,27.96,0.404,-0.274,1.31,0,1,0
1778204809.9888244,1340.848,1.7696112394332886,0.24345171451568604,-2.3298097292529505,-1.0041049162494105,3.540771245956421,0.56440269947052,0.0,0.0,-0.0,0.0,0.0,0.0,-0.0915527418255806,3.977966785430908,-1.515463948249817,0.2063598781824112,-0.0426178015768528,-0.2175751030445099,0.14226268744211953,-0.34690295774285657,0.8900711342020935,-1.3853292187950301,-1.5063863049262431,1.9509379257156292,0.0,0.0,0.0,0.0,0.0,0.0,1.7695566142836938,0.24339841436500986,-2.329816140589685,-1.004101392145385,3.540695881423035,0.5643377819968957,7.0,1.0,48.0,48.22800064086914,48.04600143432617,-0.04,31.92,27.96,0.404,-0.274,1.31,0,1,0
1778204810.000523,1340.856,1.7695993185043335,0.24342775344848633,-2.329773728047506,-1.0041049162494105,3.5407116413116455,0.56440269947052,0.0,0.0,-0.0,0.0,0.0,0.0,-0.0732421949505806,3.977966785430908,-1.5356402397155762,0.2063598781824112,-0.0336456336081028,-0.1906585842370987,0.14225830874848358,-0.3469140029171898,0.8900883729361888,-1.3853531878481098,-1.5063229098628605,1.9508863318350016,0.0,0.0,0.0,0.0,0.0,0.0,1.7695566142836938,0.24339841436500986,-2.329816140589685,-1.004101392145385,3.540695881423035,0.5643377819968957,7.0,1.0,48.0,48.22800064086914,48.04600143432617,-0.04,31.92,27.96,0.404,-0.274,1.31,0,1,0
1778204810.0098476,1340.864,1.7695993185043335,0.24345171451568604,-2.329773728047506,-1.0041287581073206,3.5407354831695557,0.5643667578697205,0.0,0.0,-0.0,0.0,0.0,0.0,-0.0595092847943306,3.973389148712158,-1.513222098350525,0.2018737941980362,-0.0403747595846653,-0.2018737941980362,0.14226725800789805,-0.34693306818384523,0.8900803849583706,-1.3853064007028864,-1.5063616113690848,1.9508782453067652,0.0,0.0,0.0,0.0,0.0,0.0,1.7695566142836938,0.24339841436500986,-2.329816140589685,-1.004101392145385,3.540695881423035,0.5643377819968957,7.0,1.0,48.0,48.22800064086914,48.04600143432617,-0.04,31.92,27.96,0.404,-0.274,1.31,0,1,0
1778204810.0121639,1340.8719999999998,1.7696353197097778,0.24342775344848633,-2.3297975699054163,-1.0040929953204554,3.5407590866088867,0.5643547773361206,0.0,0.0,-0.0,0.0,0.0,0.0,-0.0778198316693306,3.968811511993408,-1.515463948249817,0.2041168361902237,-0.0314025916159153,-0.2243042290210724,0.14227809970640748,-0.34690811514534337,0.8900815946012761,-1.3852738337113855,-1.5064172683446475,1.9509168921254985,0.0,0.0,0.0,0.0,0.0,0.0,1.7695566142836938,0.24339841436500986,-2.329816140589685,-1.004101392145385,3.540695881423035,0.5643377819968957,7.0,1.0,48.01499938964844,48.22800064086914,48.04600143432617,-0.04,31.92,27.96,0.404,-0.274,1.31,0,1,0
1778204810.0236826,1340.8799999999999,1.7696353197097778,0.24345171451568604,-2.3297856489764612,-1.0040929953204554,3.5407116413116455,0.56440269947052,0.0,0.0,-0.0,0.0,0.0,0.0,-0.1327514797449112,3.973389148712158,-1.5311566591262817,0.2041168361902237,-0.0358886756002903,-0.2086029201745987,0.14227326151869313,-0.34692097170752617,0.8900761905997767,-1.3853202719916418,-1.506374125483625,1.950885782501889,0.0,0.0,0.0,0.0,0.0,0.0,1.7695566142836938,0.24339841436500986,-2.329816140589685,-1.004101392145385,3.540695881423035,0.5643377819968957,7.0,1.0,48.01499938964844,48.22800064086914,48.04600143432617,-0.04,31.92,27.96,0.404,-0.274,1.31,0,1,0
1778204810.0293372,1340.888,1.769647240638733,0.24340379238128662,-2.3297856489764612,-1.0040929953204554,3.5407590866088867,0.5644146800041199,0.0,0.0,-0.0,0.0,0.0,0.0,-0.1007080152630806,3.987122058868408,-1.5266729593276978,0.2063598781824112,-0.0403747595846653,-0.1996307522058487,0.1422706096402804,-0.3468843806841669,0.8900937477835837,-1.3853364311711398,-1.5063965005276165,1.9509705619253892,0.0,0.0,0.0,0.0,0.0,0.0,1.7695566142836938,0.24339841436500986,-2.329816140589685,-1.004101392145385,3.540695881423035,0.5643377819968957,7.0,1.0,48.01499938964844,48.22800064086914,48.04600143432617,-0.04,31.92,27.96,0.404,-0.274,1.31,0,1,0
1778204810.035841,1340.896,1.7696353197097778,0.24345171451568604,-2.3298097292529505,-1.0041168371783655,3.5407590866088867,0.5643907189369202,0.0,0.0,-0.0,0.0,0.0,0.0,-0.0961303785443306,3.968811511993408,-1.5289148092269897,0.1973877102136612,-0.0426178015768528,-0.2018737941980362,0.14227144854814675,-0.3468966767507959,0.8900717250712868,-1.3853181402811408,-1.5063945257341542,1.950949114821173,0.0,0.0,0.0,0.0,0.0,0.0,1.7695566142836938,0.24339841436500986,-2.329816140589685,-1.004101392145385,3.540695881423035,0.5643377819968957,7.0,1.0,48.01499938964844,48.22800064086914,48.04600143432617,-0.04,31.92,27.96,0.404,-0.274,1.31,0,1,0
1778204810.0465817,1340.904,1.7696353197097778,0.24342775344848633,-2.329773728047506,-1.0040929953204554,3.540771245956421,0.5643907189369202,0.0,0.0,-0.0,0.0,0.0,0.0,-0.1007080152630806,3.959656238555908,-1.499771237373352,0.2041168361902237,-0.0358886756002903,-0.2018737941980362,0.14227691145596946,-0.34692150480031286,0.890087312588522,-1.3852898630067947,-1.5064309119157422,1.9509233222270892,0.0,0.0,0.0,0.0,0.0,0.0,1.7695566142836938,0.24339841436500986,-2.329816140589685,-1.004101392145385,3.540695881423035,0.5643377819968957,7.0,1.0,48.01499938964844,48.2130012512207,48.04600143432617,-0.04,31.92,27.96,0.404,-0.274,1.31,0,1,0
1778204810.049954,1340.912,1.7696112394332886,0.24342775344848633,-2.3297856489764612,-1.0041287581073206,3.5407590866088867,0.5643547773361206,0.0,0.0,-0.0,0.0,0.0,0.0,-0.0595092847943306,3.977966785430908,-1.5221893787384033,0.2063598781824112,-0.0358886756002903,-0.2153320610523224,0.14226890412361837,-0.3469077147381803,0.89008627791364,-1.3853009535711367,-1.5063777983494564,1.950924317523047,0.0,0.0,0.0,0.0,0.0,0.0,1.7695566142836938,0.24339841436500986,-2.329816140589685,-1.004101392145385,3.540695881423035,0.5643377819968957,7.0,1.0,48.01499938964844,48.2130012512207,48.07600021362305,-0.04,31.92,27.96,0.404,-0.274,1.31,0,1,0
1778204810.0651581,1340.9199999999998,1.7695872783660889,0.24342775344848633,-2.3297975699054163,-1.0041049162494105,3.5407590866088867,0.56440269947052,0.0,0.0,-0.0,0.0,0.0,0.0,-0.0595092847943306,3.973389148712158,-1.5221893787384033,0.2063598781824112,-0.0426178015768528,-0.2467346489429474,0.1422523176007258,-0.34689831754462175,0.8900827634104148,-1.3853537140885306,-1.5063427811708057,1.9509276849779769,0.0,0.0,0.0,0.0,0.0,0.0,1.7695566142836938,0.24339841436500986,-2.329816140589685,-1.004101392145385,3.540695881423035,0.5643377819968957,7.0,1.0,48.01499938964844,48.2130012512207,48.07600021362305,-0.04,31.92,27.96,0.404,-0.274,1.31,0,1,0
1778204810.0676498,1340.9199999999998,1.7695872783660889,0.24342775344848633,-2.3297975699054163,-1.0041049162494105,3.5407590866088867,0.56440269947052,0.0,0.0,-0.0,0.0,0.0,0.0,-0.0595092847943306,3.973389148712158,-1.5221893787384033,0.2063598781824112,-0.0426178015768528,-0.2467346489429474,0.1422523176007258,-0.34689831754462175,0.8900827634104148,-1.3853537140885306,-1.5063427811708057,1.9509276849779769,0.0,0.0,0.0,0.0,0.0,0.0,1.7695566142836938,0.24339841436500986,-2.329816140589685,-1.004101392145385,3.540695881423035,0.5643377819968957,7.0,1.0,48.01499938964844,48.2130012512207,48.07600021362305,0.0,31.89,27.87,0.41,-0.28,1.314,0,0,1
1778204810.0719504,1340.9279999999999,1.7695872783660889,0.2434636354446411,-2.3297975699054163,-1.0040929953204554,3.540783166885376,0.5644146800041199,0.0,0.0,-0.0,0.0,0.0,0.0,-0.1098632961511612,4.005432605743408,-1.5333983898162842,0.2041168361902237,-0.0336456336081028,-0.2018737941980362,0.14225792880489324,-0.3469289511391975,0.8900689050368671,-1.3853250248879438,-1.5063941382696424,1.9509046705032302,0.0,0.0,0.0,0.0,0.0,0.0,1.7695566142836938,0.24339841436500986,-2.329816140589685,-1.004101392145385,3.540695881423035,0.5643377819968957,7.0,1.0,48.01499938964844,48.2130012512207,48.07600021362305,0.0,31.89,27.87,0.41,-0.28,1.314,0,1,0
1778204810.086092,1340.936,1.7696353197097778,0.24340379238128662,-2.3298454920398157,-1.0040810743915003,3.5407354831695557,0.5643907189369202,0.0,0.0,-0.0,0.0,0.0,0.0,-0.0778198316693306,3.977966785430908,-1.5289148092269897,0.2086029201745987,-0.0336456336081028,-0.1929016262292862,0.14225957761323485,-0.34684151931159585,0.8900794001466446,-1.3853586996879834,-1.5063385467750197,1.9509796966201427,0.0,0.0,0.0,0.0,0.0,0.0,1.7695566142836938,0.24339841436500986,-2.329816140589685,-1.004101392145385,3.540695881423035,0.5643377819968957,7.0,1.0,48.01499938964844,48.2130012512207,48.07600021362305,0.0,31.89,27.87,0.41,-0.28,1.314,0,1,0
1778204810.08891,1340.944,1.7696112394332886,0.24345171451568604,-2.3297856489764612,-1.0041049162494105,3.5407235622406006,0.5643667578697205,0.0,0.0,-0.0,0.0,0.0,0.0,-0.0640869215130806,3.987122058868408,-1.5064966678619385,0.2041168361902237,-0.0448608435690403,-0.2063598781824112,0.14227062474585805,-0.3469294094149364,0.8900764182887811,-1.3852980531502657,-1.5063692206916963,1.950867748192016,0.0,0.0,0.0,0.0,0.0,0.0,1.7695566142836938,0.24339841436500986,-2.329816140589685,-1.004101392145385,3.540695881423035,0.5643377819968957,7.0,1.0,48.01499938964844,48.2130012512207,48.07600021362305,0.0,31.89,27.87,0.41,-0.28,1.314,0,1,0
1778204810.0912883,1340.952,1.7695993185043335,0.24345171451568604,-2.3297856489764612,-1.0040572325335901,3.54074764251709,0.5643787384033203,0.0,0.0,-0.0,0.0,0.0,0.0,-0.0686645582318306,3.987122058868408,-1.5109803676605225,0.2063598781824112,-0.0471038855612278,-0.1816864162683487,0.14226967792770986,-0.3469493870129419,0.8900737857185793,-1.3852750938576175,-1.5064088263380429,1.9508379036863053,0.0,0.0,0.0,0.0,0.0,0.0,1.7695566142836938,0.24339841436500986,-2.329816140589685,-1.004101392145385,3.540695881423035,0.5643377819968957,7.0,1.0,48.01499938964844,48.2130012512207,48.07600021362305,0.0,31.89,27.87,0.41,-0.28,1.314,0,1,0
1778204810.1049101,1340.96,1.7695993185043335,0.2434636354446411,-2.3297975699054163,-1.0040929953204554,3.5407354831695557,0.5643667578697205,0.0,0.0,-0.0,0.0,0.0,0.0,-0.0823974683880806,3.968811511993408,-1.5266729593276978,0.2041168361902237,-0.0291595496237278,-0.1794433742761612,0.14226775757045074,-0.34693517063174334,0.8900686152600288,-1.3852911310105385,-1.5063774898696916,1.9508564983478216,0.0,0.0,0.0,0.0,0.0,0.0,1.7695566142836938,0.24339841436500986,-2.329816140589685,-1.004101392145385,3.540695881423035,0.5643377819968957,7.0,1.0,48.0,48.2130012512207,48.07600021362305,0.0,31.89,27.87,0.41,-0.28,1.314,0,1,0
1778204810.1145732,1340.9679999999998,1.7695993185043335,0.2434396743774414,-2.3298335711108606,-1.0041049162494105,3.540783166885376,0.5643667578697205,0.0,0.0,-0.0,0.0,0.0,0.0,-0.0915527418255806,3.982544422149658,-1.515463948249817,0.2086029201745987,-0.0291595496237278,-0.2108459621667862,0.14225917671393976,-0.34688422864352547,0.890069739901834,-1.3853162372977417,-1.5063771476494772,1.9509490139308983,0.0,0.0,0.0,0.0,0.0,0.0,1.7695566142836938,0.24339841436500986,-2.329816140589685,-1.004101392145385,3.540695881423035,0.5643377819968957,7.0,1.0,48.0,48.2130012512207,48.07600021362305,0.0,31.89,27.87,0.41,-0.28,1.314,0,1,0
1778204810.1269596,1340.9759999999999,1.7696353197097778,0.2434157133102417,-2.329761568699972,-1.0040810743915003,3.540771245956421,0.5643787384033203,0.0,0.0,-0.0,0.0,0.0,0.0,-0.0915527418255806,3.987122058868408,-1.5177057981491089,0.2018737941980362,-0.0381317175924778,-0.2130890041589737,0.1422803025346346,-0.3469311239046347,0.8900937077636449,-1.3852699556928216,-1.5064438977550143,1.9509052732314314,0.0,0.0,0.0,0.0,0.0,0.0,1.7695566142836938,0.24339841436500986,-2.329816140589685,-1.004101392145385,3.540695881423035,0.5643377819968957,7.0,1.0,48.0,48.22800064086914,48.07600021362305,0.0,31.89,27.87,0.41,-0.28,1.314,0,1,0
1778204810.1300511,1340.984,1.7696112394332886,0.2434636354446411,-2.3297856489764612,-1.0040929953204554,3.54074764251709,0.5643907189369202,0.0,0.0,-0.0,0.0,0.0,0.0,-0.1327514797449112,3.987122058868408,-1.5244312286376953,0.2041168361902237,-0.0426178015768528,-0.2086029201745987,0.142270598904273,-0.34693918763009546,0.8900715097838328,-1.3852967405908223,-1.5063996418425358,1.950873769470952,0.0,0.0,0.0,0.0,0.0,0.0,1.7695566142836938,0.24339841436500986,-2.329816140589685,-1.004101392145385,3.540695881423035,0.5643377819968957,7.0,1.0,48.0,48.22800064086914,48.04600143432617,0.0,31.89,27.87,0.41,-0.28,1.314,0,1,0
1778204810.1325085,1340.992,1.7696353197097778,0.2434396743774414,-2.3297975699054163,-1.0041287581073206,3.5407354831695557,0.5643427968025208,0.0,0.0,-0.0,0.0,0.0,0.0,-0.1235962063074112,3.982544422149658,-1.4952876567840576,0.2063598781824112,-0.0426178015768528,-0.2130890041589737,0.1422777225846857,-0.3469035974723648,0.8900791721906962,-1.3852872379062093,-1.506382454037296,1.95091815889722,0.0,0.0,0.0,0.0,0.0,0.0,1.7695566142836938,0.24339841436500986,-2.329816140589685,-1.004101392145385,3.540695881423035,0.5643377819968957,7.0,1.0,48.0,48.22800064086914,48.04600143432617,0.0,31.89,27.87,0.41,-0.28,1.314,0,1,0
1778204810.1482122,1341.0,1.7696353197097778,0.24342775344848633,-2.3298097292529505,-1.0040929953204554,3.5407354831695557,0.5643667578697205,0.0,0.0,-0.0,0.0,0.0,0.0,-0.0778198316693306,3.977966785430908,-1.515463948249817,0.2041168361902237,-0.0336456336081028,-0.2243042290210724,0.1422726652521302,-0.346892398288524,0.8900790780937449,-1.3853039909227485,-1.5063804664943627,1.9509217888545354,0.0,0.0,0.0,0.0,0.0,0.0,1.7695566142836938,0.24339841436500986,-2.329816140589685,-1.004101392145385,3.540695881423035,0.5643377819968957,7.0,1.0,48.0,48.22800064086914,48.04600143432617,0.0,31.89,27.87,0.41,-0.28,1.314,0,1,0
1778204810.1546526,1341.008,1.769647240638733,0.2434636354446411,-2.3298097292529505,-1.0040929953204554,3.5407354831695557,0.5643547773361206,0.0,0.0,-0.0,0.0,0.0,0.0,-0.0823974683880806,3.973389148712158,-1.515463948249817,0.2041168361902237,-0.0471038855612278,-0.1906585842370987,0.14228423417392727,-0.3469204632160314,0.8900657381215805,-1.3852631925822625,-1.5064210453101727,1.9508889198526802,0.0,0.0,0.0,0.0,0.0,0.0,1.7695566142836938,0.24339841436500986,-2.329816140589685,-1.004101392145385,3.540695881423035,0.5643377819968957,7.0,1.0,48.0,48.22800064086914,48.04600143432617,0.0,31.89,27.87,0.41,-0.28,1.314,0,1,0
1778204810.1569319,1341.0159999999998,1.7696112394332886,0.2434396743774414,-2.3297975699054163,-1.0040810743915003,3.5407116413116455,0.5643547773361206,0.0,0.0,-0.0,0.0,0.0,0.0,-0.1007080152630806,3.964233875274658,-1.5244312286376953,0.1973877102136612,-0.0426178015768528,-0.1794433742761612,0.1422700739148173,-0.34692140474819977,0.8900767585024235,-1.3852910335396191,-1.5063619856247328,1.9508540848222211,0.0,0.0,0.0,0.0,0.0,0.0,1.7695566142836938,0.24339841436500986,-2.329816140589685,-1.004101392145385,3.540695881423035,0.5643377819968957,7.0,1.0,48.0,48.22800064086914,48.04600143432617,0.0,31.89,27.87,0.41,-0.28,1.314,0,1,0
1778204810.1657794,1341.024,1.7696592807769775,0.24342775344848633,-2.3298097292529505,-1.0040929953204554,3.5407235622406006,0.56440269947052,0.0,0.0,-0.0,0.0,0.0,0.0,-0.1007080152630806,3.987122058868408,-1.5177057981491089,0.2041168361902237,-0.0403747595846653,-0.2018737941980362,0.14227426638962273,-0.34687915896337146,0.8900795122181908,-1.385333902723085,-1.5063772723980857,1.9509506151142342,0.0,0.0,0.0,0.0,0.0,0.0,1.7695566142836938,0.24339841436500986,-2.329816140589685,-1.004101392145385,3.540695881423035,0.5643377819968957,7.0,1.0,48.0,48.22800064086914,48.04600143432617,0.0,31.89,27.87,0.41,-0.28,1.314,0,1,0
1778204810.1682377,1341.032,1.7696353197097778,0.24342775344848633,-2.3298097292529505,-1.0040572325335901,3.5407235622406006,0.5643907189369202,0.0,0.0,-0.0,0.0,0.0,0.0,-0.1419067531824112,3.973389148712158,-1.5221893787384033,0.2018737941980362,-0.0381317175924778,-0.1973877102136612,0.142270964708443,-0.34689997759275853,0.8900773992028879,-1.3853105961314218,-1.5063826692417035,1.9508966972399646,0.0,0.0,0.0,0.0,0.0,0.0,1.7695566142836938,0.24339841436500986,-2.329816140589685,-1.004101392145385,3.540695881423035,0.5643377819968957,7.0,1.0,48.0,48.22800064086914,48.04600143432617,0.0,31.89,27.87,0.41,-0.28,1.314,0,1,0
1778204810.1836925,1341.04,1.7696353197097778,0.2434636354446411,-2.329773728047506,-1.0040810743915003,3.5407354831695557,0.5643907189369202,0.0,0.0,-0.0,0.0,0.0,0.0,-0.1281738430261612,3.996277332305908,-1.513222098350525,0.2063598781824112,-0.0336456336081028,-0.1973877102136612,0.14228145315614907,-0.3469502207130892,0.8900735989464654,-1.3852749630596026,-1.5064269766272351,1.950859465255786,0.0,0.0,0.0,0.0,0.0,0.0,1.7695566142836938,0.24339841436500986,-2.329816140589685,-1.004101392145385,3.540695881423035,0.5643377819968957,7.0,1.0,48.01499938964844,48.22800064086914,48.04600143432617,0.0,31.89,27.87,0.41,-0.28,1.314,0,1,0
1778204810.1891305,1341.048,1.7696112394332886,0.2434157133102417,-2.329773728047506,-1.004068676625387,3.5407116413116455,0.5643787384033203,0.0,0.0,-0.0,0.0,0.0,0.0,-0.1327514797449112,3.973389148712158,-1.4975295066833496,0.2063598781824112,-0.0358886756002903,-0.2108459621667862,0.1422677116193323,-0.34692386750731913,0.8900905400853165,-1.3853074425218208,-1.5063605311181103,1.9508571797624112,0.0,0.0,0.0,0.0,0.0,0.0,1.7695566142836938,0.24339841436500986,-2.329816140589685,-1.004101392145385,3.540695881423035,0.5643377819968957,7.0,1.0,48.01499938964844,48.22800064086914,48.04600143432617,0.0,31.89,27.87,0.41,-0.28,1.314,0,1,0
1778204810.1997883,1341.056,1.7695993185043335,0.24345171451568604,-2.329773728047506,-1.0040810743915003,3.54074764251709,0.5643907189369202,0.0,0.0,-0.0,0.0,0.0,0.0,-0.1098632961511612,3.982544422149658,-1.5109803676605225,0.2041168361902237,-0.0426178015768528,-0.2265472710132599,0.14226779817477034,-0.34694742618009217,0.8900779337511185,-1.385294928125445,-1.5063960089027106,1.9508558642998968,0.0,0.0,0.0,0.0,0.0,0.0,1.7695566142836938,0.24339841436500986,-2.329816140589685,-1.004101392145385,3.540695881423035,0.5643377819968957,7.0,1.0,48.01499938964844,48.22800064086914,48.04600143432617,0.0,31.89,27.87,0.41,-0.28,1.314,0,1,0
1778204810.2020028,1341.0639999999999,1.769647240638733,0.2434636354446411,-2.3297856489764612,-1.0041049162494105,3.5407235622406006,0.5643787384033203,0.0,0.0,-0.0,0.0,0.0,0.0,-0.0915527418255806,3.968811511993408,-1.5333983898162842,0.2041168361902237,-0.0426178015768528,-0.1816864162683487,0.14228287859552827,-0.34693024014621543,0.8900721550634751,-1.3852849812127273,-1.5064075342132626,1.95088531292345,0.0,0.0,0.0,0.0,0.0,0.0,1.7695566142836938,0.24339841436500986,-2.329816140589685,-1.004101392145385,3.540695881423035,0.5643377819968957,7.0,1.0,48.01499938964844,48.22800064086914,48.04600143432617,0.0,31.89,27.87,0.41,-0.28,1.314,0,1,0
1778204810.216908,1341.072,1.7695993185043335,0.2434636354446411,-2.3297975699054163,-1.0041168371783655,3.5407116413116455,0.5643787384033203,0.0,0.0,-0.0,0.0,0.0,0.0,-0.0732421949505806,3.968811511993408,-1.5221893787384033,0.2063598781824112,-0.0426178015768528,-0.2041168361902237,0.14226250525884482,-0.3469206390456576,0.8900701752289126,-1.3853289055682667,-1.5063326711007134,1.9508718943723955,0.0,0.0,0.0,0.0,0.0,0.0,1.7695566142836938,0.24339841436500986,-2.329816140589685,-1.004101392145385,3.540695881423035,0.5643377819968957,7.0,1.0,48.01499938964844,48.22800064086914,48.04600143432617,0.0,31.89,27.87,0.41,-0.28,1.314,0,1,0
1778204810.221557,1341.08,1.7696112394332886,0.24342775344848633,-2.329761568699972,-1.0041049162494105,3.5407590866088867,0.5643667578697205,0.0,0.0,-0.0,0.0,0.0,0.0,-0.1007080152630806,3.982544422149658,-1.502013087272644,0.2108459621667862,-0.0336456336081028,-0.2153320610523224,0.1422731756093151,-0.34693587164988865,0.8900905271230478,-1.385282505588295,-1.506405103553917,1.9508877302235135,0.0,0.0,0.0,0.0,0.0,0.0,1.7695566142836938,0.24339841436500986,-2.329816140589685,-1.004101392145385,3.540695881423035,0.5643377819968957,7.0,1.0,48.01499938964844,48.22800064086914,48.04600143432617,0.0,31.89,27.87,0.41,-0.28,1.314,0,1,0
1778204810.2262743,1341.08,1.7696112394332886,0.24342775344848633,-2.329761568699972,-1.0041049162494105,3.5407590866088867,0.5643667578697205,0.0,0.0,-0.0,0.0,0.0,0.0,-0.1007080152630806,3.982544422149658,-1.502013087272644,0.2108459621667862,-0.0336456336081028,-0.2153320610523224,0.1422731756093151,-0.34693587164988865,0.8900905271230478,-1.385282505588295,-1.506405103553917,1.9508877302235135,0.0,0.0,0.0,0.0,0.0,0.0,1.7695566142836938,0.24339841436500986,-2.329816140589685,-1.004101392145385,3.540695881423035,0.5643377819968957,7.0,1.0,48.01499938964844,48.22800064086914,48.04600143432617,0.0,31.91,27.92,0.411,-0.279,1.314,0,0,1
1778204810.2307708,1341.088,1.7695872783660889,0.2434157133102417,-2.3298097292529505,-1.0041168371783655,3.5407235622406006,0.5643787384033203,0.0,0.0,-0.0,0.0,0.0,0.0,-0.0915527418255806,3.982544422149658,-1.502013087272644,0.2063598781824112,-0.0336456336081028,-0.2018737941980362,0.14224955328717823,-0.346876675952667,0.8900850163502896,-1.3853678170488988,-1.5062925834642575,1.950926413333228,0.0,0.0,0.0,0.0,0.0,0.0,1.7695566142836938,0.24339841436500986,-2.329816140589685,-1.004101392145385,3.540695881423035,0.5643377819968957,7.0,1.0,48.01499938964844,48.22800064086914,48.04600143432617,0.0,31.91,27.92,0.411,-0.279,1.314,0,1,0
1778204810.2408357,1341.096,1.769647240638733,0.2434396743774414,-2.3298097292529505,-1.0040929953204554,3.5406997203826904,0.5643907189369202,0.0,0.0,-0.0,0.0,0.0,0.0,-0.1419067531824112,3.968811511993408,-1.5289148092269897,0.2086029201745987,-0.0358886756002903,-0.2086029201745987,0.14227267990149822,-0.34689079095741,0.8900751046377402,-1.3853304191269329,-1.506354392883646,1.9509120128949686,0.0,0.0,0.0,0.0,0.0,0.0,1.7695566142836938,0.24339841436500986,-2.329816140589685,-1.004101392145385,3.540695881423035,0.5643377819968957,7.0,1.0,48.01499938964844,48.22800064086914,48.04600143432617,0.0,31.91,27.92,0.411,-0.279,1.314,0,1,0
1778204810.244187,1341.104,1.7695993185043335,0.2434396743774414,-2.329761568699972,-1.0040929953204554,3.5407354831695557,0.5643667578697205,0.0,0.0,-0.0,0.0,0.0,0.0,-0.0961303785443306,3.968811511993408,-1.5221893787384033,0.2018737941980362,-0.0381317175924778,-0.2063598781824112,0.1422706036271865,-0.3469493717978001,0.8900855821120667,-1.3852833946047816,-1.506385683398178,1.950845578831122,0.0,0.0,0.0,0.0,0.0,0.0,1.7695566142836938,0.24339841436500986,-2.329816140589685,-1.004101392145385,3.540695881423035,0.5643377819968957,7.0,1.0,48.01499938964844,48.22800064086914,48.04600143432617,0.0,31.91,27.92,0.411,-0.279,1.314,0,1,0
1778204810.2620397,1341.1119999999999,1.7696112394332886,0.24345171451568604,-2.329773728047506,-1.0041168371783655,3.5407116413116455,0.5643907189369202,0.0,0.0,-0.0,0.0,0.0,0.0,-0.0823974683880806,3.955078601837158,-1.5446075201034546,0.2063598781824112,-0.0291595496237278,-0.1906585842370987,0.14226708930870594,-0.34692834356705304,0.8900800847829942,-1.3853275918709524,-1.50634751948021,1.9508752346066733,0.0,0.0,0.0,0.0,0.0,0.0,1.7695566142836938,0.24339841436500986,-2.329816140589685,-1.004101392145385,3.540695881423035,0.5643377819968957,7.0,1.0,48.01499938964844,48.22800064086914,48.04600143432617,0.0,31.91,27.92,0.411,-0.279,1.314,0,1,0
1778204810.2652805,1341.12,1.7695993185043335,0.2434636354446411,-2.3297975699054163,-1.004068676625387,3.5407354831695557,0.5643787384033203,0.0,0.0,-0.0,0.0,0.0,0.0,-0.1327514797449112,3.973389148712158,-1.4952876567840576,0.2018737941980362,-0.0336456336081028,-0.2018737941980362,0.1422677522397503,-0.34694204751117746,0.8900673907742751,-1.3852877263987038,-1.5063888948718887,1.95084144621332,0.0,0.0,0.0,0.0,0.0,0.0,1.7695566142836938,0.24339841436500986,-2.329816140589685,-1.004101392145385,3.540695881423035,0.5643377819968957,7.0,1.0,48.029998779296875,48.25899887084961,48.04600143432617,0.0,31.91,27.92,0.411,-0.279,1.314,0,1,0
1778204810.2674673,1341.128,1.7695993185043335,0.24345171451568604,-2.3297975699054163,-1.0040810743915003,3.5407235622406006,0.5643547773361206,0.0,0.0,-0.0,0.0,0.0,0.0,-0.1007080152630806,3.991699695587158,-1.5064966678619385,0.2130890041589737,-0.0336456336081028,-0.2041168361902237,0.1422683687095207,-0.3469330663318277,0.890072270338932,-1.3852840700432836,-1.5063703804363202,1.950842713622971,0.0,0.0,0.0,0.0,0.0,0.0,1.7695566142836938,0.24339841436500986,-2.329816140589685,-1.004101392145385,3.540695881423035,0.5643377819968957,7.0,1.0,48.029998779296875,48.25899887084961,48.06100082397461,0.0,31.91,27.92,0.411,-0.279,1.314,0,1,0
1778204810.278125,1341.136,1.7695872783660889,0.2434396743774414,-2.3297975699054163,-1.0040810743915003,3.5407235622406006,0.5643787384033203,0.0,0.0,-0.0,0.0,0.0,0.0,-0.0869751051068306,3.982544422149658,-1.5244312286376953,0.2018737941980362,-0.0314025916159153,-0.2041168361902237,0.14225831784124576,-0.34691987690773196,0.8900769578154233,-1.3853219564583106,-1.506340778143349,1.9508608049390164,0.0,0.0,0.0,0.0,0.0,0.0,1.7695566142836938,0.24339841436500986,-2.329816140589685,-1.004101392145385,3.540695881423035,0.5643377819968957,7.0,1.0,48.029998779296875,48.25899887084961,48.06100082397461,0.0,31.91,27.92,0.411,-0.279,1.314,0,1,0
1778204810.2813804,1341.144,1.7696112394332886,0.2434157133102417,-2.329773728047506,-1.0041049162494105,3.5407354831695557,0.56440269947052,0.0,0.0,-0.0,0.0,0.0,0.0,-0.0640869215130806,3.982544422149658,-1.5244312286376953,0.2063598781824112,-0.0336456336081028,-0.2108459621667862,0.14226186737840713,-0.34690525217275675,0.8900926980041475,-1.385344639088955,-1.5063504732675401,1.9509178632573234,0.0,0.0,0.0,0.0,0.0,0.0,1.7695566142836938,0.24339841436500986,-2.329816140589685,-1.004101392145385,3.540695881423035,0.5643377819968957,7.0,1.0,48.029998779296875,48.25899887084961,48.06100082397461,0.0,31.91,27.92,0.411,-0.279,1.314,0,1,0
1778204810.2989333,1341.152,1.7696112394332886,0.24340379238128662,-2.3297975699054163,-1.004068676625387,3.5407354831695557,0.5643787384033203,0.0,0.0,-0.0,0.0,0.0,0.0,-0.0778198316693306,3.973389148712158,-1.515463948249817,0.2041168361902237,-0.0381317175924778,-0.1996307522058487,0.14226287908127114,-0.3468956417430314,0.8900894278374574,-1.3853198661397843,-1.5063604581760077,1.95090327950316,0.0,0.0,0.0,0.0,0.0,0.0,1.7695566142836938,0.24339841436500986,-2.329816140589685,-1.004101392145385,3.540695881423035,0.5643377819968957,7.0,1.0,48.029998779296875,48.25899887084961,48.06100082397461,0.0,31.91,27.92,0.411,-0.279,1.314,0,1,0
1778204810.3015203,1341.1599999999999,1.7695753574371338,0.24348759651184082,-2.3297975699054163,-1.0040929953204554,3.5406997203826904,0.5643787384033203,0.0,0.0,-0.0,0.0,0.0,0.0,-0.0823974683880806,3.977966785430908,-1.5378820896148682,0.2018737941980362,-0.0403747595846653,-0.1996307522058487,0.14225916674398356,-0.3469506165472466,0.8900600809648918,-1.3853153586501716,-1.5063292726143998,1.95080730366978,0.0,0.0,0.0,0.0,0.0,0.0,1.7695566142836938,0.24339841436500986,-2.329816140589685,-1.004101392145385,3.540695881423035,0.5643377819968957,7.0,1.0,48.029998779296875,48.25899887084961,48.06100082397461,0.0,31.91,27.92,0.411,-0.279,1.314,0,1,0
1778204810.3114038,1341.168,1.769647240638733,0.24342775344848633,-2.3297975699054163,-1.0040572325335901,3.5407354831695557,0.56440269947052,0.0,0.0,-0.0,0.0,0.0,0.0,-0.0686645582318306,3.950500965118408,-1.5087385177612305,0.2041168361902237,-0.0403747595846653,-0.2198181450366974,0.14227586707921333,-0.3469071409710205,0.8900802222507185,-1.3853039901057973,-1.5064096226633727,1.9509065069863967,0.0,0.0,0.0,0.0,0.0,0.0,1.7695566142836938,0.24339841436500986,-2.329816140589685,-1.004101392145385,3.540695881423035,0.5643377819968957,7.0,1.0,48.029998779296875,48.25899887084961,48.06100082397461,0.0,31.91,27.92,0.411,-0.279,1.314,0,1,0
1778204810.3147373,1341.176,1.7695872783660889,0.24342775344848633,-2.329773728047506,-1.0041168371783655,3.5407235622406006,0.56440269947052,0.0,0.0,-0.0,0.0,0.0,0.0,-0.0686645582318306,3.996277332305908,-1.5266729593276978,0.2041168361902237,-0.0403747595846653,-0.2175751030445099,0.142253756860031,-0.34691186723687967,0.8900889807555745,-1.3853615592870199,-1.506315137810304,1.9508967705411604,0.0,0.0,0.0,0.0,0.0,0.0,1.7695566142836938,0.24339841436500986,-2.329816140589685,-1.004101392145385,3.540695881423035,0.5643377819968957,7.0,1.0,48.029998779296875,48.25899887084961,48.06100082397461,0.0,31.91,27.92,0.411,-0.279,1.314,0,1,0
1778204810.3167865,1341.184,1.7695993185043335,0.24340379238128662,-2.3298335711108606,-1.004068676625387,3.54074764251709,0.5643787384033203,0.0,0.0,-0.0,0.0,0.0,0.0,-0.0823974683880806,3.959656238555908,-1.5266729593276978,0.2018737941980362,-0.0471038855612278,-0.1749572902917862,0.14225292115302318,-0.34686622512308435,0.8900812273262417,-1.385343389961526,-1.5063367772059113,1.950935905162447,0.0,0.0,0.0,0.0,0.0,0.0,1.7695566142836938,0.24339841436500986,-2.329816140589685,-1.004101392145385,3.540695881423035,0.5643377819968957,7.0,1.0,48.029998779296875,48.25899887084961,48.06100082397461,0.0,31.91,27.92,0.411,-0.279,1.314,0,1,0
1778204810.3351467,1341.192,1.7696112394332886,0.2434396743774414,-2.329761568699972,-1.0040572325335901,3.5407235622406006,0.5643787384033203,0.0,0.0,-0.0,0.0,0.0,0.0,-0.1098632961511612,3.973389148712158,-1.5289148092269897,0.2086029201745987,-0.0358886756002903,-0.1973877102136612,0.1422750695956716,-0.3469582083556641,0.8900837758570737,-1.3852719813317742,-1.5064044233800837,1.9508204520780876,0.0,0.0,0.0,0.0,0.0,0.0,1.7695566142836938,0.24339841436500986,-2.329816140589685,-1.004101392145385,3.540695881423035,0.5643377819968957,7.0,1.0,48.029998779296875,48.24300003051758,48.06100082397461,0.0,31.91,27.92,0.411,-0.279,1.314,0,1,0
1778204810.3442674,1341.2,1.7695872783660889,0.243391752243042,-2.3298097292529505,-1.0040929953204554,3.5407354831695557,0.5643787384033203,0.0,0.0,-0.0,0.0,0.0,0.0,-0.1235962063074112,3.968811511993408,-1.5064966678619385,0.1996307522058487,-0.0381317175924778,-0.1929016262292862,0.14224855000348322,-0.3468693818971826,0.8900924606973728,-1.3853625912242904,-1.506304481703033,1.950933332521257,0.0,0.0,0.0,0.0,0.0,0.0,1.7695566142836938,0.24339841436500986,-2.329816140589685,-1.004101392145385,3.540695881423035,0.5643377819968957,7.0,1.0,48.0,48.24300003051758,48.06100082397461,0.0,31.91,27.92,0.411,-0.279,1.314,0,1,0
1778204810.3467934,1341.2079999999999,1.7696353197097778,0.24342775344848633,-2.329761568699972,-1.0040929953204554,3.54074764251709,0.56440269947052,0.0,0.0,-0.0,0.0,0.0,0.0,-0.1098632961511612,3.987122058868408,-1.5177057981491089,0.2041168361902237,-0.0403747595846653,-0.2086029201745987,0.1422758369033414,-0.34692747292994874,0.8900902972148694,-1.3853045182333492,-1.5064104885840373,1.9509060326910947,0.0,0.0,0.0,0.0,0.0,0.0,1.7695566142836938,0.24339841436500986,-2.329816140589685,-1.004101392145385,3.540695881423035,0.5643377819968957,7.0,1.0,48.0,48.24300003051758,48.06100082397461,0.0,31.91,27.92,0.411,-0.279,1.314,0,1,0
1778204810.3500977,1341.216,1.7695872783660889,0.24345171451568604,-2.3297975699054163,-1.004068676625387,3.5407590866088867,0.5643547773361206,0.0,0.0,-0.0,0.0,0.0,0.0,-0.0686645582318306,3.977966785430908,-1.5087385177612305,0.2041168361902237,-0.0314025916159153,-0.1906585842370987,0.14226706569043743,-0.3469426820891479,0.8900714195173185,-1.3852666321870661,-1.5064026265155988,1.9508442962469605,0.0,0.0,0.0,0.0,0.0,0.0,1.7695566142836938,0.24339841436500986,-2.329816140589685,-1.004101392145385,3.540695881423035,0.5643377819968957,7.0,1.0,48.0,48.24300003051758,48.06100082397461,0.0,31.91,27.92,0.411,-0.279,1.314,0,1,0
1778204810.356118,1341.224,1.769647240638733,0.24340379238128662,-2.3298216501819056,-1.0041168371783655,3.5407590866088867,0.5643907189369202,0.0,0.0,-0.0,0.0,0.0,0.0,-0.0549316480755806,3.977966785430908,-1.5221893787384033,0.1973877102136612,-0.0358886756002903,-0.2175751030445099,0.1422662309330579,-0.3468485476348912,0.8900866731892116,-1.3853503111637535,-1.506366045378614,1.9510109158451532,0.0,0.0,0.0,0.0,0.0,0.0,1.7695566142836938,0.24339841436500986,-2.329816140589685,-1.004101392145385,3.540695881423035,0.5643377819968957,7.0,1.0,48.0,48.24300003051758,48.06100082397461,0.0,31.91,27.92,0.411,-0.279,1.314,0,1,0
1778204810.3758874,1341.232,1.769647240638733,0.2434636354446411,-2.3298097292529505,-1.0040810743915003,3.5406997203826904,0.5644266605377197,0.0,0.0,-0.0,0.0,0.0,0.0,-0.1373291164636612,3.964233875274658,-1.5199475288391113,0.2063598781824112,-0.0381317175924778,-0.2198181450366974,0.14227118839728856,-0.34690465091044337,0.8900659992155067,-1.3853440737736824,-1.5063637878812315,1.950900552687273,0.0,0.0,0.0,0.0,0.0,0.0,1.7695566142836938,0.24339841436500986,-2.329816140589685,-1.004101392145385,3.540695881423035,0.5643377819968957,7.0,1.0,48.0,48.24300003051758,48.06100082397461,0.0,31.91,27.92,0.411,-0.279,1.314,0,1,0
1778204810.3862023,1341.232,1.769647240638733,0.2434636354446411,-2.3298097292529505,-1.0040810743915003,3.5406997203826904,0.5644266605377197,0.0,0.0,-0.0,0.0,0.0,0.0,-0.1373291164636612,3.964233875274658,-1.5199475288391113,0.2063598781824112,-0.0381317175924778,-0.2198181450366974,0.14227118839728856,-0.34690465091044337,0.8900659992155067,-1.3853440737736824,-1.5063637878812315,1.950900552687273,0.0,0.0,0.0,0.0,0.0,0.0,1.7695566142836938,0.24339841436500986,-2.329816140589685,-1.004101392145385,3.540695881423035,0.5643377819968957,7.0,1.0,48.0,48.24300003051758,48.06100082397461,0.05,32.0,27.84,0.41,-0.281,1.311,0,0,1
1778204810.3930833,1341.24,1.7695993185043335,0.24342775344848633,-2.3298097292529505,-1.004068676625387,3.5406997203826904,0.5643907189369202,0.0,0.0,-0.0,0.0,0.0,0.0,-0.0869751051068306,3.977966785430908,-1.515463948249817,0.1884155422449112,-0.0448608435690403,-0.1929016262292862,0.14225628692205536,-0.3468985326009666,0.8900781434947602,-1.3853459353657778,-1.5063158258348293,1.9508723223132054,0.0,0.0,0.0,0.0,0.0,0.0,1.7695566142836938,0.24339841436500986,-2.329816140589685,-1.004101392145385,3.540695881423035,0.5643377819968957,7.0,1.0,48.0,48.24300003051758,48.06100082397461,0.05,32.0,27.84,0.41,-0.281,1.311,0,1,0
1778204810.3959115,1341.248,1.7696353197097778,0.24340379238128662,-2.3297856489764612,-1.0040810743915003,3.5407354831695557,0.5644266605377197,0.0,0.0,-0.0,0.0,0.0,0.0,-0.0457763709127903,3.987122058868408,-1.5378820896148682,0.2018737941980362,-0.0471038855612278,-0.2153320610523224,0.1422642132459093,-0.34688602082393966,0.8900933197335914,-1.38535705479095,-1.506364212220118,1.950946428148214,0.0,0.0,0.0,0.0,0.0,0.0,1.7695566142836938,0.24339841436500986,-2.329816140589685,-1.004101392145385,3.540695881423035,0.5643377819968957,7.0,1.0,48.0,48.24300003051758,48.06100082397461,0.05,32.0,27.84,0.41,-0.281,1.311,0,1,0
1778204810.39825,1341.2559999999999,1.7696353197097778,0.24342775344848633,-2.3297975699054163,-1.004068676625387,3.5407354831695557,0.5643308162689209,0.0,0.0,-0.0,0.0,0.0,0.0,-0.0366210974752903,3.955078601837158,-1.5221893787384033,0.2041168361902237,-0.0336456336081028,-0.2018737941980362,0.14228296352896627,-0.34692193108868535,0.8900800971656779,-1.3852441674383624,-1.5064195817969512,1.9508672059767567,0.0,0.0,0.0,0.0,0.0,0.0,1.7695566142836938,0.24339841436500986,-2.329816140589685,-1.004101392145385,3.540695881423035,0.5643377819968957,7.0,1.0,48.0,48.24300003051758,48.06100082397461,0.05,32.0,27.84,0.41,-0.281,1.311,0,1,0
1778204810.4056273,1341.264,1.769647240638733,0.24347567558288574,-2.3297856489764612,-1.0041049162494105,3.5407590866088867,0.5643907189369202,0.0,0.0,-0.0,0.0,0.0,0.0,-0.0640869215130806,3.968811511993408,-1.5401238203048706,0.2063598781824112,-0.0538330152630806,-0.2108459621667862,0.1422845020569739,-0.3469391734459682,0.8900676859756194,-1.385274094701381,-1.5064464395271162,1.9509014297178586,0.0,0.0,0.0,0.0,0.0,0.0,1.7695566142836938,0.24339841436500986,-2.329816140589685,-1.004101392145385,3.540695881423035,0.5643377819968957,7.0,1.0,48.0,48.22800064086914,48.06100082397461,0.05,32.0,27.84,0.41,-0.281,1.311,0,1,0
1778204810.4224849,1341.272,1.7695872783660889,0.24345171451568604,-2.3297856489764612,-1.0041411558734339,3.5406997203826904,0.5643547773361206,0.0,0.0,-0.0,0.0,0.0,0.0,-0.0869751051068306,3.959656238555908,-1.515463948249817,0.2086029201745987,-0.0381317175924778,-0.2018737941980362,0.14226008855160469,-0.3469191820321444,0.8900784132615263,-1.3853311934885233,-1.5063024282335842,1.95086600346904,0.0,0.0,0.0,0.0,0.0,0.0,1.7695566142836938,0.24339841436500986,-2.329816140589685,-1.004101392145385,3.540695881423035,0.5643377819968957,7.0,1.0,48.0,48.22800064086914,48.029998779296875,0.05,32.0,27.84,0.41,-0.281,1.311,0,1,0
1778204810.4349563,1341.28,1.7696112394332886,0.2434157133102417,-2.3298335711108606,-1.004068676625387,3.5406997203826904,0.5643787384033203,0.0,0.0,-0.0,0.0,0.0,0.0,-0.0411987341940403,3.968811511993408,-1.5244312286376953,0.2041168361902237,-0.0358886756002903,-0.1861725002527237,0.14225636668923575,-0.34686953509380547,0.890077056143592,-1.3853507595307275,-1.5063082394935767,1.9509050549630524,0.0,0.0,0.0,0.0,0.0,0.0,1.7695566142836938,0.24339841436500986,-2.329816140589685,-1.004101392145385,3.540695881423035,0.5643377819968957,7.0,1.0,48.0,48.22800064086914,48.029998779296875,0.05,32.0,27.84,0.41,-0.281,1.311,0,1,0
1778204810.437372,1341.288,1.7696592807769775,0.24342775344848633,-2.3297975699054163,-1.0040810743915003,3.54074764251709,0.5643907189369202,0.0,0.0,-0.0,0.0,0.0,0.0,-0.0961303785443306,3.996277332305908,-1.513222098350525,0.1973877102136612,-0.0314025916159153,-0.1973877102136612,0.1422807188265119,-0.34689973343693,0.8900813646372903,-1.3852959053040317,-1.5064225374079423,1.9509351236119794,0.0,0.0,0.0,0.0,0.0,0.0,1.7695566142836938,0.24339841436500986,-2.329816140589685,-1.004101392145385,3.540695881423035,0.5643377819968957,7.0,1.0,48.0,48.22800064086914,48.029998779296875,0.05,32.0,27.84,0.41,-0.281,1.311,0,1,0
1778204810.443182,1341.296,1.769647240638733,0.2434157133102417,-2.3298216501819056,-1.0040572325335901,3.5406997203826904,0.5643667578697205,0.0,0.0,-0.0,0.0,0.0,0.0,-0.1007080152630806,3.950500965118408,-1.5087385177612305,0.2041168361902237,-0.0314025916159153,-0.2108459621667862,0.14227397572059247,-0.34688262264560205,0.8900789909439075,-1.3853059964893755,-1.5063640204021886,1.9508980050709934,0.0,0.0,0.0,0.0,0.0,0.0,1.7695566142836938,0.24339841436500986,-2.329816140589685,-1.004101392145385,3.540695881423035,0.5643377819968957,7.0,1.0,48.0,48.22800064086914,48.029998779296875,0.05,32.0,27.84,0.41,-0.281,1.311,0,1,0
1778204810.4482243,1341.3039999999999,1.7696353197097778,0.24342775344848633,-2.3298097292529505,-1.0041287581073206,3.5407354831695557,0.5644146800041199,0.0,0.0,-0.0,0.0,0.0,0.0,-0.1235962063074112,3.973389148712158,-1.5221893787384033,0.2063598781824112,-0.0403747595846653,-0.2041168361902237,0.14226156263084494,-0.3468661284833999,0.8900815702022442,-1.3853755582647655,-1.5063369941942737,1.9509828161372536,0.0,0.0,0.0,0.0,0.0,0.0,1.7695566142836938,0.24339841436500986,-2.329816140589685,-1.004101392145385,3.540695881423035,0.5643377819968957,7.0,1.0,48.0,48.22800064086914,48.029998779296875,0.05,32.0,27.84,0.41,-0.281,1.311,0,1,0
1778204810.467021,1341.312,1.7695993185043335,0.24347567558288574,-2.3298097292529505,-1.0041411558734339,3.5407235622406006,0.5643667578697205,0.0,0.0,-0.0,0.0,0.0,0.0,-0.0732421949505806,3.959656238555908,-1.513222098350525,0.2108459621667862,-0.0269165076315403,-0.2153320610523224,0.14226276138386948,-0.34691288499887657,0.8900641608939612,-1.385327246497954,-1.5063331290647268,1.9508937423702317,0.0,0.0,0.0,0.0,0.0,0.0,1.7695566142836938,0.24339841436500986,-2.329816140589685,-1.004101392145385,3.540695881423035,0.5643377819968957,7.0,1.0,48.0,48.22800064086914,48.029998779296875,0.05,32.0,27.84,0.41,-0.281,1.311,0,1,0
1778204810.4693758,1341.32,1.7696112394332886,0.2434396743774414,-2.3297975699054163,-1.0041168371783655,3.5407235622406006,0.5643787384033203,0.0,0.0,-0.0,0.0,0.0,0.0,-0.1190185695886612,3.964233875274658,-1.5244312286376953,0.2041168361902237,-0.0471038855612278,-0.1996307522058487,0.14226365160238005,-0.3469020117755775,0.8900789443734325,-1.3853330954256562,-1.5063402610038636,1.9509076138470467,0.0,0.0,0.0,0.0,0.0,0.0,1.7695566142836938,0.24339841436500986,-2.329816140589685,-1.004101392145385,3.540695881423035,0.5643377819968957,7.0,1.0,48.0,48.22800064086914,48.029998779296875,0.05,32.0,27.84,0.41,-0.281,1.311,0,1,0
1778204810.4790416,1341.328,1.7696112394332886,0.24342775344848633,-2.3297856489764612,-1.0041411558734339,3.5407116413116455,0.5643787384033203,0.0,0.0,-0.0,0.0,0.0,0.0,-0.1510620266199112,4.005432605743408,-1.5177057981491089,0.2063598781824112,-0.0314025916159153,-0.1973877102136612,0.1422613503595207,-0.346892934746536,0.8900874355827201,-1.3853538074093643,-1.5063120309240132,1.9509230868794798,0.0,0.0,0.0,0.0,0.0,0.0,1.7695566142836938,0.24339841436500986,-2.329816140589685,-1.004101392145385,3.540695881423035,0.5643377819968957,7.0,1.0,48.0,48.22800064086914,48.029998779296875,0.05,32.0,27.84,0.41,-0.281,1.311,0,1,0
1778204810.4849246,1341.336,1.769647240638733,0.2434636354446411,-2.3297975699054163,-1.0040929953204554,3.5406997203826904,0.5643667578697205,0.0,0.0,-0.0,0.0,0.0,0.0,-0.0732421949505806,3.977966785430908,-1.5109803676605225,0.2041168361902237,-0.0314025916159153,-0.1682281643152237,0.14228252932249047,-0.3469254417341409,0.890068778192412,-1.3852831219129673,-1.506388396517619,1.9508647761100348,0.0,0.0,0.0,0.0,0.0,0.0,1.7695566142836938,0.24339841436500986,-2.329816140589685,-1.004101392145385,3.540695881423035,0.5643377819968957,7.0,1.0,48.0,48.24300003051758,48.029998779296875,0.05,32.0,27.84,0.41,-0.281,1.311,0,1,0
1778204810.4876823,1341.344,1.769647240638733,0.24342775344848633,-2.3298216501819056,-1.0040929953204554,3.5407235622406006,0.5643787384033203,0.0,0.0,-0.0,0.0,0.0,0.0,-0.1464843899011612,3.964233875274658,-1.5109803676605225,0.2041168361902237,-0.0358886756002903,-0.1951446682214737,0.1422720144087402,-0.346876148809896,0.8900765620600521,-1.3853230771439373,-1.506367229285083,1.9509401275852414,0.0,0.0,0.0,0.0,0.0,0.0,1.7695566142836938,0.24339841436500986,-2.329816140589685,-1.004101392145385,3.540695881423035,0.5643377819968957,7.0,1.0,48.0,48.24300003051758,48.04600143432617,0.05,32.0,27.84,0.41,-0.281,1.311,0,1,0
1778204810.4903433,1341.3519999999999,1.7695872783660889,0.2434396743774414,-2.329749647771017,-1.0041287581073206,3.5407116413116455,0.5643787384033203,0.0,0.0,-0.0,0.0,0.0,0.0,-0.0869751051068306,3.973389148712158,-1.5199475288391113,0.2018737941980362,-0.0336456336081028,-0.2130890041589737,0.1422623180072125,-0.3469423644770154,0.8900905008634732,-1.3853271128490388,-1.5063291360448174,1.9508538178659938,0.0,0.0,0.0,0.0,0.0,0.0,1.7695566142836938,0.24339841436500986,-2.329816140589685,-1.004101392145385,3.540695881423035,0.5643377819968957,7.0,1.0,48.0,48.24300003051758,48.04600143432617,0.05,32.0,27.84,0.41,-0.281,1.311,0,1,0
1778204810.5049598,1341.36,1.7696353197097778,0.24347567558288574,-2.3298097292529505,-1.004068676625387,3.54074764251709,0.5643907189369202,0.0,0.0,-0.0,0.0,0.0,0.0,-0.1327514797449112,3.973389148712158,-1.5266729593276978,0.1996307522058487,-0.0336456336081028,-0.2355194389820099,0.14227847476296926,-0.3469331144015555,0.8900602780286694,-1.3852770549744233,-1.506431324737761,1.9508768490532047,0.0,0.0,0.0,0.0,0.0,0.0,1.7695566142836938,0.24339841436500986,-2.329816140589685,-1.004101392145385,3.540695881423035,0.5643377819968957,7.0,1.0,48.0,48.24300003051758,48.04600143432617,0.05,32.0,27.84,0.41,-0.281,1.311,0,1,0
1778204810.5090537,1341.368,1.7695993185043335,0.24337971210479736,-2.3298335711108606,-1.0040929953204554,3.54074764251709,0.5643547773361206,0.0,0.0,-0.0,0.0,0.0,0.0,-0.1007080152630806,3.987122058868408,-1.5177057981491089,0.2041168361902237,-0.0314025916159153,-0.2063598781824112,0.1422513323320019,-0.3468443104830723,0.8900911905337527,-1.3853499142113967,-1.5063141167418381,1.9509658822845404,0.0,0.0,0.0,0.0,0.0,0.0,1.7695566142836938,0.24339841436500986,-2.329816140589685,-1.004101392145385,3.540695881423035,0.5643377819968957,7.0,1.0,47.97100067138672,48.24300003051758,48.04600143432617,0.05,32.0,27.84,0.41,-0.281,1.311,0,1,0
1778204810.5246544,1341.376,1.7695993185043335,0.2434157133102417,-2.3298097292529505,-1.0040448347674769,3.5407116413116455,0.5643907189369202,0.0,0.0,-0.0,0.0,0.0,0.0,-0.1098632961511612,3.973389148712158,-1.5177057981491089,0.2018737941980362,-0.0336456336081028,-0.2265472710132599,0.14225707804098153,-0.3469001450922704,0.8900811983228782,-1.385333142054516,-1.506335711366132,1.9508683330257361,0.0,0.0,0.0,0.0,0.0,0.0,1.7695566142836938,0.24339841436500986,-2.329816140589685,-1.004101392145385,3.540695881423035,0.5643377819968957,7.0,1.0,47.97100067138672,48.24300003051758,48.04600143432617,0.05,32.0,27.84,0.41,-0.281,1.311,0,1,0
1778204810.5278618,1341.384,1.7696112394332886,0.24342775344848633,-2.3298454920398157,-1.0040929953204554,3.5407235622406006,0.5643427968025208,0.0,0.0,-0.0,0.0,0.0,0.0,-0.0320434607565403,3.987122058868408,-1.5177057981491089,0.2018737941980362,-0.0448608435690403,-0.1951446682214737,0.1422613449574455,-0.3468688710934637,0.8900707879881471,-1.3853194438561784,-1.50633060470767,1.9509191871177645,0.0,0.0,0.0,0.0,0.0,0.0,1.7695566142836938,0.24339841436500986,-2.329816140589685,-1.004101392145385,3.540695881423035,0.5643377819968957,7.0,1.0,47.97100067138672,48.24300003051758,48.04600143432617,0.05,32.0,27.84,0.41,-0.281,1.311,0,1,0
1778204810.5299933,1341.392,1.7695753574371338,0.24347567558288574,-2.3298097292529505,-1.0040929953204554,3.540795087814331,0.5643547773361206,0.0,0.0,-0.0,0.0,0.0,0.0,-0.0823974683880806,3.982544422149658,-1.5064966678619385,0.2041168361902237,-0.0426178015768528,-0.2018737941980362,0.142264198256017,-0.34694453661105756,0.8900610326716305,-1.385264977194982,-1.5064187449519477,1.9508688460634132,0.0,0.0,0.0,0.0,0.0,0.0,1.7695566142836938,0.24339841436500986,-2.329816140589685,-1.004101392145385,3.540695881423035,0.5643377819968957,7.0,1.0,47.97100067138672,48.24300003051758,48.04600143432617,0.05,32.0,27.84,0.41,-0.281,1.311,0,1,0
1778204810.5464587,1341.392,1.7695753574371338,0.24347567558288574,-2.3298097292529505,-1.0040929953204554,3.540795087814331,0.5643547773361206,0.0,0.0,-0.0,0.0,0.0,0.0,-0.0823974683880806,3.982544422149658,-1.5064966678619385,0.2041168361902237,-0.0426178015768528,-0.2018737941980362,0.142264198256017,-0.34694453661105756,0.8900610326716305,-1.385264977194982,-1.5064187449519477,1.9508688460634132,0.0,0.0,0.0,0.0,0.0,0.0,1.7695566142836938,0.24339841436500986,-2.329816140589685,-1.004101392145385,3.540695881423035,0.5643377819968957,7.0,1.0,47.97100067138672,48.24300003051758,48.04600143432617,-0.01,32.16,28.08,0.402,-0.27,1.304,0,0,1
1778204810.5505521,1341.3999999999999,1.7696112394332886,0.2434396743774414,-2.329761568699972,-1.0041287581073206,3.5407354831695557,0.5643667578697205,0.0,0.0,-0.0,0.0,0.0,0.0,-0.1144409328699112,3.968811511993408,-1.5064966678619385,0.2041168361902237,-0.0403747595846653,-0.1996307522058487,0.14227176081604848,-0.3469332194577596,0.8900875691820256,-1.3853004426115592,-1.5063733920289621,1.9508852432986419,0.0,0.0,0.0,0.0,0.0,0.0,1.7695566142836938,0.24339841436500986,-2.329816140589685,-1.004101392145385,3.540695881423035,0.5643377819968957,7.0,1.0,47.97100067138672,48.24300003051758,48.04600143432617,-0.01,32.16,28.08,0.402,-0.27,1.304,0,1,0
1778204810.5536084,1341.408,1.7696353197097778,0.24342775344848633,-2.3298097292529505,-1.0040810743915003,3.54074764251709,0.56440269947052,0.0,0.0,-0.0,0.0,0.0,0.0,-0.1327514797449112,3.950500965118408,-1.502013087272644,0.1951446682214737,-0.0448608435690403,-0.1839294582605362,0.14226819592589987,-0.3468893467154629,0.890078740536351,-1.3853275840361474,-1.5063860344924325,1.9509391077966447,0.0,0.0,0.0,0.0,0.0,0.0,1.7695566142836938,0.24339841436500986,-2.329816140589685,-1.004101392145385,3.540695881423035,0.5643377819968957,7.0,1.0,47.97100067138672,48.24300003051758,48.04600143432617,-0.01,32.16,28.08,0.402,-0.27,1.304,0,1,0
1778204810.5664408,1341.416,1.7696353197097778,0.24345171451568604,-2.3297856489764612,-1.0041049162494105,3.5407590866088867,0.5643547773361206,0.0,0.0,-0.0,0.0,0.0,0.0,-0.1235962063074112,3.973389148712158,-1.515463948249817,0.2063598781824112,-0.0381317175924778,-0.1884155422449112,0.14228285143548233,-0.34693182799712596,0.8900761296585475,-1.385258656481489,-1.5064333679633946,1.950894953949756,0.0,0.0,0.0,0.0,0.0,0.0,1.7695566142836938,0.24339841436500986,-2.329816140589685,-1.004101392145385,3.540695881423035,0.5643377819968957,7.0,1.0,47.97100067138672,48.24300003051758,48.04600143432617,-0.01,32.16,28.08,0.402,-0.27,1.304,0,1,0
1778204810.569845,1341.424,1.7696112394332886,0.24345171451568604,-2.329761568699972,-1.0041287581073206,3.5407116413116455,0.5643667578697205,0.0,0.0,-0.0,0.0,0.0,0.0,-0.0595092847943306,3.968811511993408,-1.5266729593276978,0.1996307522058487,-0.0381317175924778,-0.2086029201745987,0.14227233748987905,-0.34694027441224307,0.8900832437810761,-1.3853031409290968,-1.506357486979368,1.9508607858699771,0.0,0.0,0.0,0.0,0.0,0.0,1.7695566142836938,0.24339841436500986,-2.329816140589685,-1.004101392145385,3.540695881423035,0.5643377819968957,7.0,1.0,47.97100067138672,48.24300003051758,48.04600143432617,-0.01,32.16,28.08,0.402,-0.27,1.304,0,1,0
1778204810.5721154,1341.432,1.7696112394332886,0.24342775344848633,-2.3298097292529505,-1.0041287581073206,3.54074764251709,0.56440269947052,0.0,0.0,-0.0,0.0,0.0,0.0,-0.1052856519818306,3.968811511993408,-1.5109803676605225,0.2086029201745987,-0.0358886756002903,-0.2175751030445099,0.14225587098642342,-0.34687349722521693,0.8900813884777925,-1.3853699346794361,-1.5063305504880158,1.9509682724584325,0.0,0.0,0.0,0.0,0.0,0.0,1.7695566142836938,0.24339841436500986,-2.329816140589685,-1.004101392145385,3.540695881423035,0.5643377819968957,7.0,1.0,47.97100067138672,48.24300003051758,48.04600143432617,-0.01,32.16,28.08,0.402,-0.27,1.304,0,1,0
1778204810.5854695,1341.4399999999998,1.769647240638733,0.2434396743774414,-2.3297975699054163,-1.0040810743915003,3.5407354831695557,0.5643547773361206,0.0,0.0,-0.0,0.0,0.0,0.0,-0.0686645582318306,3.973389148712158,-1.515463948249817,0.1996307522058487,-0.0426178015768528,-0.2175751030445099,0.14228379946605854,-0.34691822305782016,0.8900766499087998,-1.3852630203881022,-1.5064211641349337,1.9508888885515283,0.0,0.0,0.0,0.0,0.0,0.0,1.7695566142836938,0.24339841436500986,-2.329816140589685,-1.004101392145385,3.540695881423035,0.5643377819968957,7.0,1.0,47.97100067138672,48.24300003051758,48.04600143432617,-0.01,32.16,28.08,0.402,-0.27,1.304,0,1,0
1778204810.5878136,1341.4479999999999,1.7696353197097778,0.24347567558288574,-2.3298097292529505,-1.0041049162494105,3.54074764251709,0.5643667578697205,0.0,0.0,-0.0,0.0,0.0,0.0,-0.0595092847943306,3.982544422149658,-1.5333983898162842,0.1996307522058487,-0.0381317175924778,-0.1973877102136612,0.14227951775416636,-0.3469243720713387,0.8900620380516098,-1.3852759257933942,-1.5064168167409802,1.9508956557640948,0.0,0.0,0.0,0.0,0.0,0.0,1.7695566142836938,0.24339841436500986,-2.329816140589685,-1.004101392145385,3.540695881423035,0.5643377819968957,7.0,1.0,48.01499938964844,48.24300003051758,48.04600143432617,-0.01,32.16,28.08,0.402,-0.27,1.304,0,1,0
1778204810.6018062,1341.456,1.7696112394332886,0.24342775344848633,-2.329773728047506,-1.0040810743915003,3.5406997203826904,0.5643907189369202,0.0,0.0,-0.0,0.0,0.0,0.0,-0.1052856519818306,3.982544422149658,-1.499771237373352,0.1996307522058487,-0.0448608435690403,-0.2018737941980362,0.14226584297958864,-0.34692392773455827,0.8900869761462644,-1.3853250746837553,-1.5063434288674702,1.9508578499196005,0.0,0.0,0.0,0.0,0.0,0.0,1.7695566142836938,0.24339841436500986,-2.329816140589685,-1.004101392145385,3.540695881423035,0.5643377819968957,7.0,1.0,48.01499938964844,48.24300003051758,48.04600143432617,-0.01,32.16,28.08,0.402,-0.27,1.304,0,1,0
1778204810.604018,1341.464,1.7696112394332886,0.24340379238128662,-2.3298216501819056,-1.004068676625387,3.5407590866088867,0.5643547773361206,0.0,0.0,-0.0,0.0,0.0,0.0,-0.0869751051068306,3.987122058868408,-1.5289148092269897,0.2063598781824112,-0.0358886756002903,-0.1973877102136612,0.14226384792348146,-0.34688199728587543,0.8900836191592436,-1.3853006423698349,-1.506377732015885,1.9509243361497843,0.0,0.0,0.0,0.0,0.0,0.0,1.7695566142836938,0.24339841436500986,-2.329816140589685,-1.004101392145385,3.540695881423035,0.5643377819968957,7.0,1.0,48.01499938964844,48.24300003051758,48.04600143432617,-0.01,32.16,28.08,0.402,-0.27,1.304,0,1,0
1778204810.6059268,1341.472,1.769647240638733,0.24345171451568604,-2.3297975699054163,-1.0040929953204554,3.5407235622406006,0.5643427968025208,0.0,0.0,-0.0,0.0,0.0,0.0,-0.0869751051068306,3.964233875274658,-1.5177057981491089,0.2041168361902237,-0.0403747595846653,-0.2243042290210724,0.1422860320977668,-0.3469243827384232,0.8900728058518548,-1.3852560141998322,-1.5064141420040107,1.950874905337473,0.0,0.0,0.0,0.0,0.0,0.0,1.7695566142836938,0.24339841436500986,-2.329816140589685,-1.004101392145385,3.540695881423035,0.5643377819968957,7.0,1.0,48.01499938964844,48.24300003051758,48.04600143432617,-0.01,32.16,28.08,0.402,-0.27,1.304,0,1,0
1778204810.6201594,1341.48,1.7696112394332886,0.24340379238128662,-2.329773728047506,-1.0041049162494105,3.5407354831695557,0.5643907189369202,0.0,0.0,-0.0,0.0,0.0,0.0,-0.0457763709127903,3.982544422149658,-1.515463948249817,0.2018737941980362,-0.0381317175924778,-0.2467346489429474,0.14226210351586283,-0.34689929905486216,0.890096961062983,-1.3853400401437825,-1.5063473666137865,1.9509216620952086,0.0,0.0,0.0,0.0,0.0,0.0,1.7695566142836938,0.24339841436500986,-2.329816140589685,-1.004101392145385,3.540695881423035,0.5643377819968957,7.0,1.0,48.01499938964844,48.24300003051758,48.04600143432617,-0.01,32.16,28.08,0.402,-0.27,1.304,0,1,0
1778204810.624188,1341.4879999999998,1.7695872783660889,0.24342775344848633,-2.329773728047506,-1.0040810743915003,3.540783166885376,0.5643667578697205,0.0,0.0,-0.0,0.0,0.0,0.0,-0.1235962063074112,3.991699695587158,-1.515463948249817,0.1906585842370987,-0.0426178015768528,-0.2041168361902237,0.14226591717819828,-0.34694003535874873,0.8900863423688474,-1.385276305868103,-1.5064136596377167,1.9508764520008308,0.0,0.0,0.0,0.0,0.0,0.0,1.7695566142836938,0.24339841436500986,-2.329816140589685,-1.004101392145385,3.540695881423035,0.5643377819968957,7.0,1.0,48.01499938964844,48.24300003051758,48.04600143432617,-0.01,32.16,28.08,0.402,-0.27,1.304,0,1,0
1778204810.6346564,1341.4959999999999,1.7695753574371338,0.2434396743774414,-2.3297975699054163,-1.0041049162494105,3.5407235622406006,0.5644146800041199,0.0,0.0,-0.0,0.0,0.0,0.0,-0.0823974683880806,4.005432605743408,-1.5199475288391113,0.2086029201745987,-0.0403747595846653,-0.2018737941980362,0.14224610474572777,-0.3469030745865899,0.8900786621028475,-1.385379572725325,-1.5062985108155258,1.9508967858851602,0.0,0.0,0.0,0.0,0.0,0.0,1.7695566142836938,0.24339841436500986,-2.329816140589685,-1.004101392145385,3.540695881423035,0.5643377819968957,7.0,1.0,48.01499938964844,48.24300003051758,48.04600143432617,-0.01,32.16,28.08,0.402,-0.27,1.304,0,1,0
1778204810.6369169,1341.504,1.7696112394332886,0.24347567558288574,-2.329761568699972,-1.0040810743915003,3.5407116413116455,0.5643547773361206,0.0,0.0,-0.0,0.0,0.0,0.0,-0.0778198316693306,3.968811511993408,-1.502013087272644,0.2063598781824112,-0.0493469275534153,-0.2130890041589737,0.14228194707669675,-0.34698040456775303,0.8900716421959329,-1.3852452291823873,-1.5064103516110359,1.9507882977352007,0.0,0.0,0.0,0.0,0.0,0.0,1.7695566142836938,0.24339841436500986,-2.329816140589685,-1.004101392145385,3.540695881423035,0.5643377819968957,7.0,1.0,48.01499938964844,48.24300003051758,48.04600143432617,-0.01,32.16,28.08,0.402,-0.27,1.304,0,1,0
1778204810.6510887,1341.512,1.7696353197097778,0.2434636354446411,-2.3297975699054163,-1.004068676625387,3.5407235622406006,0.5643308162689209,0.0,0.0,-0.0,0.0,0.0,0.0,-0.0457763709127903,3.987122058868408,-1.513222098350525,0.2086029201745987,-0.0381317175924778,-0.1951446682214737,0.1422877478707113,-0.3469477686730529,0.8900669372405637,-1.385226558411912,-1.50643163566265,1.950827652346007,0.0,0.0,0.0,0.0,0.0,0.0,1.7695566142836938,0.24339841436500986,-2.329816140589685,-1.004101392145385,3.540695881423035,0.5643377819968957,7.0,1.0,48.01499938964844,48.24300003051758,48.04600143432617,-0.01,32.16,28.08,0.402,-0.27,1.304,0,1,0
1778204810.6555552,1341.52,1.7695872783660889,0.2434157133102417,-2.3297856489764612,-1.0040572325335901,3.54074764251709,0.56440269947052,0.0,0.0,-0.0,0.0,0.0,0.0,-0.1098632961511612,3.959656238555908,-1.5199475288391113,0.2018737941980362,-0.0358886756002903,-0.2153320610523224,0.14225601992841913,-0.34691829577045946,0.8900872971876346,-1.38532819190184,-1.5063631703793154,1.9508779208787603,0.0,0.0,0.0,0.0,0.0,0.0,1.7695566142836938,0.24339841436500986,-2.329816140589685,-1.004101392145385,3.540695881423035,0.5643377819968957,7.0,1.0,48.01499938964844,48.24300003051758,48.04600143432617,-0.01,32.16,28.08,0.402,-0.27,1.304,0,1,0
1778204810.669287,1341.528,1.7696353197097778,0.2434157133102417,-2.3298097292529505,-1.0041049162494105,3.5407354831695557,0.56440269947052,0.0,0.0,-0.0,0.0,0.0,0.0,-0.1098632961511612,3.973389148712158,-1.5199475288391113,0.1973877102136612,-0.0381317175924778,-0.1951446682214737,0.14226376679509964,-0.34686972404245,0.8900845532072355,-1.3853557686790114,-1.5063497746822747,1.950964997361785,0.0,0.0,0.0,0.0,0.0,0.0,1.7695566142836938,0.24339841436500986,-2.329816140589685,-1.004101392145385,3.540695881423035,0.5643377819968957,7.0,1.0,48.01499938964844,48.24300003051758,48.04600143432617,-0.01,32.16,28.08,0.402,-0.27,1.304,0,1,0
1778204810.6763375,1341.5359999999998,1.7695993185043335,0.24342775344848633,-2.329749647771017,-1.004068676625387,3.5407354831695557,0.5643547773361206,0.0,0.0,-0.0,0.0,0.0,0.0,-0.0778198316693306,3.987122058868408,-1.5311566591262817,0.2063598781824112,-0.0448608435690403,-0.2175751030445099,0.14227500205037005,-0.3469638791300284,0.8900911900349293,-1.3852556256414206,-1.506406890733371,1.9508163401913663,0.0,0.0,0.0,0.0,0.0,0.0,1.7695566142836938,0.24339841436500986,-2.329816140589685,-1.004101392145385,3.540695881423035,0.5643377819968957,7.0,1.0,48.01499938964844,48.24300003051758,48.04600143432617,-0.01,32.16,28.08,0.402,-0.27,1.304,0,1,0
1778204810.6993935,1341.5439999999999,1.7696112394332886,0.2434157133102417,-2.3298097292529505,-1.0041049162494105,3.54074764251709,0.5643427968025208,0.0,0.0,-0.0,0.0,0.0,0.0,-0.1007080152630806,3.982544422149658,-1.5087385177612305,0.2063598781824112,-0.0358886756002903,-0.2086029201745987,0.14226619845036576,-0.3468889063266305,0.8900838649677142,-1.385301478019899,-1.506362852935425,1.950922016087758,0.0,0.0,0.0,0.0,0.0,0.0,1.7695566142836938,0.24339841436500986,-2.329816140589685,-1.004101392145385,3.540695881423035,0.5643377819968957,7.0,1.0,48.01499938964844,48.24300003051758,48.04600143432617,-0.01,32.16,28.08,0.402,-0.27,1.304,0,1,0
1778204810.7046866,1341.552,1.7695993185043335,0.24342775344848633,-2.3298097292529505,-1.0041525999652308,3.540771245956421,0.56440269947052,0.0,0.0,-0.0,0.0,0.0,0.0,-0.1052856519818306,3.973389148712158,-1.5356402397155762,0.2063598781824112,-0.0336456336081028,-0.1951446682214737,0.14225097356836264,-0.34686747656988925,0.8900826047865327,-1.3853808113973423,-1.5063266565041142,1.9509962322263248,0.0,0.0,0.0,0.0,0.0,0.0,1.7695566142836938,0.24339841436500986,-2.329816140589685,-1.004101392145385,3.540695881423035,0.5643377819968957,7.0,1.0,48.01499938964844,48.24300003051758,48.04600143432617,-0.01,32.16,28.08,0.402,-0.27,1.304,0,1,0
1778204810.7153244,1341.552,1.7695993185043335,0.24342775344848633,-2.3298097292529505,-1.0041525999652308,3.540771245956421,0.56440269947052,0.0,0.0,-0.0,0.0,0.0,0.0,-0.1052856519818306,3.973389148712158,-1.5356402397155762,0.2063598781824112,-0.0336456336081028,-0.1951446682214737,0.14225097356836264,-0.34686747656988925,0.8900826047865327,-1.3853808113973423,-1.5063266565041142,1.9509962322263248,0.0,0.0,0.0,0.0,0.0,0.0,1.7695566142836938,0.24339841436500986,-2.329816140589685,-1.004101392145385,3.540695881423035,0.5643377819968957,7.0,1.0,48.01499938964844,48.24300003051758,48.04600143432617,-0.02,32.29,28.27,0.398,-0.263,1.3,0,0,1
1778204810.7174351,1341.56,1.7696112394332886,0.24342775344848633,-2.3298216501819056,-1.0040929953204554,3.54074764251709,0.56440269947052,0.0,0.0,-0.0,0.0,0.0,0.0,-0.0686645582318306,3.968811511993408,-1.5177057981491089,0.2018737941980362,-0.0358886756002903,-0.1659851223230362,0.14225671290890002,-0.3468773237517148,0.8900767055995202,-1.3853546344093008,-1.5063464719507522,1.9509465578978678,0.0,0.0,0.0,0.0,0.0,0.0,1.7695566142836938,0.24339841436500986,-2.329816140589685,-1.004101392145385,3.540695881423035,0.5643377819968957,7.0,1.0,48.01499938964844,48.24300003051758,48.029998779296875,-0.02,32.29,28.27,0.398,-0.263,1.3,0,1,0
1778204810.720418,1341.568,1.7696353197097778,0.24342775344848633,-2.3297975699054163,-1.0041049162494105,3.5407235622406006,0.5643547773361206,0.0,0.0,-0.0,0.0,0.0,0.0,-0.1098632961511612,3.973389148712158,-1.5266729593276978,0.2063598781824112,-0.0381317175924778,-0.1973877102136612,0.14227526492731854,-0.3469004051423946,0.8900824185343063,-1.385296877844682,-1.5063735673534568,1.9509077293348196,0.0,0.0,0.0,0.0,0.0,0.0,1.7695566142836938,0.24339841436500986,-2.329816140589685,-1.004101392145385,3.540695881423035,0.5643377819968957,7.0,1.0,48.01499938964844,48.24300003051758,48.029998779296875,-0.02,32.29,28.27,0.398,-0.263,1.3,0,1,0
1778204810.7234685,1341.576,1.7695753574371338,0.2434396743774414,-2.329773728047506,-1.0041168371783655,3.54074764251709,0.5643787384033203,0.0,0.0,-0.0,0.0,0.0,0.0,-0.0503540076315403,3.959656238555908,-1.5311566591262817,0.1996307522058487,-0.0336456336081028,-0.1973877102136612,0.14225672513934473,-0.34693033650582955,0.8900842279560668,-1.385325063970692,-1.5063454401986387,1.9508781442827643,0.0,0.0,0.0,0.0,0.0,0.0,1.7695566142836938,0.24339841436500986,-2.329816140589685,-1.004101392145385,3.540695881423035,0.5643377819968957,7.0,1.0,48.01499938964844,48.24300003051758,48.029998779296875,-0.02,32.29,28.27,0.398,-0.263,1.3,0,1,0
1778204810.725387,1341.5839999999998,1.7695993185043335,0.2434157133102417,-2.329773728047506,-1.0040572325335901,3.5406997203826904,0.5643907189369202,0.0,0.0,-0.0,0.0,0.0,0.0,-0.0549316480755806,3.991699695587158,-1.5177057981491089,0.2063598781824112,-0.0403747595846653,-0.2063598781824112,0.14226188054911695,-0.3469262656795846,0.8900900853750149,-1.3853233028713192,-1.5063396701754976,1.9508400664376162,0.0,0.0,0.0,0.0,0.0,0.0,1.7695566142836938,0.24339841436500986,-2.329816140589685,-1.004101392145385,3.540695881423035,0.5643377819968957,7.0,1.0,48.01499938964844,48.24300003051758,48.029998779296875,-0.02,32.29,28.27,0.398,-0.263,1.3,0,1,0
1778204810.7408323,1341.5919999999999,1.7696353197097778,0.24342775344848633,-2.3298335711108606,-1.0041287581073206,3.54074764251709,0.56440269947052,0.0,0.0,-0.0,0.0,0.0,0.0,-0.0778198316693306,3.968811511993408,-1.5311566591262817,0.2018737941980362,-0.0381317175924778,-0.1996307522058487,0.14225994952214321,-0.34684881181055227,0.8900759939762994,-1.385373313825811,-1.5063380415410859,1.9510043132699832,0.0,0.0,0.0,0.0,0.0,0.0,1.7695566142836938,0.24339841436500986,-2.329816140589685,-1.004101392145385,3.540695881423035,0.5643377819968957,7.0,1.0,48.01499938964844,48.24300003051758,48.029998779296875,-0.02,32.29,28.27,0.398,-0.263,1.3,0,1,0
1778204810.7475026,1341.6,1.7695872783660889,0.24336779117584229,-2.329773728047506,-1.0041049162494105,3.5407354831695557,0.56440269947052,0.0,0.0,-0.0,0.0,0.0,0.0,-0.0686645582318306,3.991699695587158,-1.5244312286376953,0.2086029201745987,-0.0358886756002903,-0.2153320610523224,0.1422463413624373,-0.34687285611159413,0.8901103436880272,-1.3853868211388622,-1.506294930458077,1.9509474952933796,0.0,0.0,0.0,0.0,0.0,0.0,1.7695566142836938,0.24339841436500986,-2.329816140589685,-1.004101392145385,3.540695881423035,0.5643377819968957,7.0,1.0,48.01499938964844,48.24300003051758,48.029998779296875,-0.02,32.29,28.27,0.398,-0.263,1.3,0,1,0
1778204810.7580125,1341.608,1.7695993185043335,0.24336779117584229,-2.3298216501819056,-1.0041049162494105,3.540783166885376,0.5643907189369202,0.0,0.0,-0.0,0.0,0.0,0.0,-0.0778198316693306,3.996277332305908,-1.5087385177612305,0.2041168361902237,-0.0403747595846653,-0.2265472710132599,0.14224643057532071,-0.34683524609443817,0.8900991566075785,-1.3853786049285197,-1.5063272502333411,1.9510181342208288,0.0,0.0,0.0,0.0,0.0,0.0,1.7695566142836938,0.24339841436500986,-2.329816140589685,-1.004101392145385,3.540695881423035,0.5643377819968957,7.0,1.0,48.01499938964844,48.24300003051758,48.029998779296875,-0.02,32.29,28.27,0.398,-0.263,1.3,0,1,0
1778204810.7610612,1341.616,1.7696112394332886,0.2434396743774414,-2.3297975699054163,-1.0041049162494105,3.5407235622406006,0.5643667578697205,0.0,0.0,-0.0,0.0,0.0,0.0,-0.0915527418255806,3.982544422149658,-1.502013087272644,0.2108459621667862,-0.0336456336081028,-0.2332763969898224,0.14226667529243942,-0.3469097839984847,0.8900781555412973,-1.3853132955712149,-1.50635312483284,1.9508896411018999,0.0,0.0,0.0,0.0,0.0,0.0,1.7695566142836938,0.24339841436500986,-2.329816140589685,-1.004101392145385,3.540695881423035,0.5643377819968957,7.0,1.0,48.01499938964844,48.24300003051758,48.029998779296875,-0.02,32.29,28.27,0.398,-0.263,1.3,0,1,0
1778204810.764083,1341.624,1.7696353197097778,0.24345171451568604,-2.3298097292529505,-1.0041168371783655,3.5406997203826904,0.56440269947052,0.0,0.0,-0.0,0.0,0.0,0.0,-0.1327514797449112,3.996277332305908,-1.5087385177612305,0.2041168361902237,-0.0358886756002903,-0.2041168361902237,0.14226634055980905,-0.34688889126420097,0.8900721218717399,-1.3853560595775698,-1.5063299545643793,1.9509227575913561,0.0,0.0,0.0,0.0,0.0,0.0,1.7695566142836938,0.24339841436500986,-2.329816140589685,-1.004101392145385,3.540695881423035,0.5643377819968957,7.0,1.0,48.01499938964844,48.198001861572266,48.029998779296875,-0.02,32.29,28.27,0.398,-0.263,1.3,0,1,0
1778204810.777319,1341.6319999999998,1.7696353197097778,0.24348759651184082,-2.32985765138735,-1.0041287581073206,3.5407235622406006,0.5643667578697205,0.0,0.0,-0.0,0.0,0.0,0.0,-0.1098632961511612,3.977966785430908,-1.5221893787384033,0.2018737941980362,-0.0336456336081028,-0.2041168361902237,0.1422694868275954,-0.3468789481551899,0.890048241859837,-1.3853246175666443,-1.5063523491440816,1.950936620260682,0.0,0.0,0.0,0.0,0.0,0.0,1.7695566142836938,0.24339841436500986,-2.329816140589685,-1.004101392145385,3.540695881423035,0.5643377819968957,7.0,1.0,48.01499938964844,48.198001861572266,48.06100082397461,-0.02,32.29,28.27,0.398,-0.263,1.3,0,1,0
1778204810.7819061,1341.6399999999999,1.7696353197097778,0.2434636354446411,-2.3298097292529505,-1.0041168371783655,3.5407354831695557,0.5643547773361206,0.0,0.0,-0.0,0.0,0.0,0.0,-0.1190185695886612,3.973389148712158,-1.513222098350525,0.2086029201745987,-0.0269165076315403,-0.1973877102136612,0.14227811247505487,-0.34691252183339333,0.8900670627341457,-1.3852843105258883,-1.5063934213577188,1.9509035727585577,0.0,0.0,0.0,0.0,0.0,0.0,1.7695566142836938,0.24339841436500986,-2.329816140589685,-1.004101392145385,3.540695881423035,0.5643377819968957,7.0,1.0,48.01499938964844,48.198001861572266,48.06100082397461,-0.02,32.29,28.27,0.398,-0.263,1.3,0,1,0
1778204810.7956135,1341.648,1.7695872783660889,0.2434396743774414,-2.3297975699054163,-1.0040810743915003,3.5407590866088867,0.5643667578697205,0.0,0.0,-0.0,0.0,0.0,0.0,-0.1007080152630806,3.991699695587158,-1.5266729593276978,0.2063598781824112,-0.02243042178452015,-0.2086029201745987,0.14226219003030816,-0.3469257217664208,0.890076669225849,-1.3852943804779194,-1.5063813768683176,1.9508737213477199,0.0,0.0,0.0,0.0,0.0,0.0,1.7695566142836938,0.24339841436500986,-2.329816140589685,-1.004101392145385,3.540695881423035,0.5643377819968957,7.0,1.0,48.01499938964844,48.198001861572266,48.06100082397461,-0.02,32.29,28.27,0.398,-0.263,1.3,0,1,0
1778204810.7995448,1341.656,1.7695993185043335,0.24340379238128662,-2.3297975699054163,-1.0041049162494105,3.5406997203826904,0.5643308162689209,0.0,0.0,-0.0,0.0,0.0,0.0,-0.0778198316693306,3.977966785430908,-1.513222098350525,0.1996307522058487,-0.0381317175924778,-0.2130890041589737,0.14226199436064946,-0.3468915915187798,0.8900910966600148,-1.3853157687627884,-1.5063080958443469,1.9508806305081166,0.0,0.0,0.0,0.0,0.0,0.0,1.7695566142836938,0.24339841436500986,-2.329816140589685,-1.004101392145385,3.540695881423035,0.5643377819968957,7.0,1.0,48.01499938964844,48.198001861572266,48.06100082397461,-0.02,32.29,28.27,0.398,-0.263,1.3,0,1,0
1778204810.802493,1341.664,1.7696353197097778,0.2434157133102417,-2.3298216501819056,-1.0040810743915003,3.5407235622406006,0.56440269947052,0.0,0.0,-0.0,0.0,0.0,0.0,-0.0823974683880806,3.982544422149658,-1.515463948249817,0.2063598781824112,-0.0403747595846653,-0.1951446682214737,0.14226299789184935,-0.3468677614721752,0.890080586417584,-1.3853532722850823,-1.5063457262448112,1.950947426086438,0.0,0.0,0.0,0.0,0.0,0.0,1.7695566142836938,0.24339841436500986,-2.329816140589685,-1.004101392145385,3.540695881423035,0.5643377819968957,7.0,1.0,48.01499938964844,48.198001861572266,48.06100082397461,-0.02,32.29,28.27,0.398,-0.263,1.3,0,1,0
1778204810.816348,1341.672,1.7696353197097778,0.24340379238128662,-2.329761568699972,-1.0040929953204554,3.5407354831695557,0.5643907189369202,0.0,0.0,-0.0,0.0,0.0,0.0,-0.1373291164636612,3.973389148712158,-1.504254937171936,0.2108459621667862,-0.0358886756002903,-0.2018737941980362,0.14227362981997188,-0.3469115345486915,0.8900990496200523,-1.3853128374302859,-1.5063870891526911,1.9509139947338678,0.0,0.0,0.0,0.0,0.0,0.0,1.7695566142836938,0.24339841436500986,-2.329816140589685,-1.004101392145385,3.540695881423035,0.5643377819968957,7.0,1.0,48.01499938964844,48.198001861572266,48.06100082397461,-0.02,32.29,28.27,0.398,-0.263,1.3,0,1,0
1778204810.8277757,1341.6799999999998,1.7695872783660889,0.2434636354446411,-2.329749647771017,-1.0040929953204554,3.5407590866088867,0.5643907189369202,0.0,0.0,-0.0,0.0,0.0,0.0,-0.1190185695886612,3.982544422149658,-1.5356402397155762,0.2041168361902237,-0.0314025916159153,-0.2175751030445099,0.14226933169511932,-0.34697563115445745,0.8900795996990436,-1.385280590422533,-1.5064119633140085,1.9508331561141004,0.0,0.0,0.0,0.0,0.0,0.0,1.7695566142836938,0.24339841436500986,-2.329816140589685,-1.004101392145385,3.540695881423035,0.5643377819968957,7.0,1.0,48.01499938964844,48.198001861572266,48.06100082397461,-0.02,32.29,28.27,0.398,-0.263,1.3,0,1,0
1778204810.832991,1341.6879999999999,1.7696353197097778,0.2434396743774414,-2.3297975699054163,-1.0040810743915003,3.5407235622406006,0.5643427968025208,0.0,0.0,-0.0,0.0,0.0,0.0,-0.1052856519818306,3.987122058868408,-1.5087385177612305,0.1973877102136612,-0.0403747595846653,-0.2198181450366974,0.14228107668317005,-0.34692190233936127,0.8900765773361006,-1.3852618761468576,-1.5064024004984469,1.9508679851215165,0.0,0.0,0.0,0.0,0.0,0.0,1.7695566142836938,0.24339841436500986,-2.329816140589685,-1.004101392145385,3.540695881423035,0.5643377819968957,7.0,1.0,48.01499938964844,48.198001861572266,48.06100082397461,-0.02,32.29,28.27,0.398,-0.263,1.3,0,1,0
1778204810.8352056,1341.696,1.769647240638733,0.24342775344848633,-2.329761568699972,-1.0041049162494105,3.54074764251709,0.5643547773361206,0.0,0.0,-0.0,0.0,0.0,0.0,-0.0503540076315403,3.977966785430908,-1.5109803676605225,0.2041168361902237,-0.0381317175924778,-0.2063598781824112,0.14228710326941044,-0.34693277130563394,0.8900904524232185,-1.38525763170108,-1.5064336840048018,1.9508955330682742,0.0,0.0,0.0,0.0,0.0,0.0,1.7695566142836938,0.24339841436500986,-2.329816140589685,-1.004101392145385,3.540695881423035,0.5643377819968957,7.0,1.0,47.986000061035156,48.25899887084961,48.06100082397461,-0.02,32.29,28.27,0.398,-0.263,1.3,0,1,0
1778204810.8372395,1341.704,1.7695872783660889,0.24347567558288574,-2.3298097292529505,-1.0040810743915003,3.540663719177246,0.5643787384033203,0.0,0.0,-0.0,0.0,0.0,0.0,-0.1007080152630806,3.987122058868408,-1.5266729593276978,0.1996307522058487,-0.0381317175924778,-0.2153320610523224,0.1422584558354624,-0.346931060156786,0.890061222561923,-1.3853328078205707,-1.5062965393801848,1.9508052212265248,0.0,0.0,0.0,0.0,0.0,0.0,1.7695566142836938,0.24339841436500986,-2.329816140589685,-1.004101392145385,3.540695881423035,0.5643377819968957,7.0,1.0,47.986000061035156,48.25899887084961,48.04600143432617,-0.02,32.29,28.27,0.398,-0.263,1.3,0,1,0
1778204810.8512464,1341.712,1.7696353197097778,0.24345171451568604,-2.3298216501819056,-1.0041049162494105,3.54074764251709,0.5643667578697205,0.0,0.0,-0.0,0.0,0.0,0.0,-0.1190185695886612,3.959656238555908,-1.5087385177612305,0.2086029201745987,-0.0381317175924778,-0.2063598781824112,0.14227377305301092,-0.34689584077913155,0.8900681649948179,-1.3852987362993971,-1.506392733868218,1.950928457276958,0.0,0.0,0.0,0.0,0.0,0.0,1.7695566142836938,0.24339841436500986,-2.329816140589685,-1.004101392145385,3.540695881423035,0.5643377819968957,7.0,1.0,47.986000061035156,48.25899887084961,48.04600143432617,-0.02,32.29,28.27,0.398,-0.263,1.3,0,1,0
1778204810.8652747,1341.72,1.7695753574371338,0.24342775344848633,-2.3298335711108606,-1.0041049162494105,3.5407354831695557,0.5643907189369202,0.0,0.0,-0.0,0.0,0.0,0.0,-0.1190185695886612,3.987122058868408,-1.5311566591262817,0.2063598781824112,-0.0336456336081028,-0.1906585842370987,0.14224253744377338,-0.3468689428862636,0.8900745992050475,-1.3853805834908557,-1.506288022159253,1.9509330402082823,0.0,0.0,0.0,0.0,0.0,0.0,1.7695566142836938,0.24339841436500986,-2.329816140589685,-1.004101392145385,3.540695881423035,0.5643377819968957,7.0,1.0,47.986000061035156,48.25899887084961,48.04600143432617,-0.02,32.29,28.27,0.398,-0.263,1.3,0,1,0
1778204810.8687162,1341.72,1.7695753574371338,0.24342775344848633,-2.3298335711108606,-1.0041049162494105,3.5407354831695557,0.5643907189369202,0.0,0.0,-0.0,0.0,0.0,0.0,-0.1190185695886612,3.987122058868408,-1.5311566591262817,0.2063598781824112,-0.0336456336081028,-0.1906585842370987,0.14224253744377338,-0.3468689428862636,0.8900745992050475,-1.3853805834908557,-1.506288022159253,1.9509330402082823,0.0,0.0,0.0,0.0,0.0,0.0,1.7695566142836938,0.24339841436500986,-2.329816140589685,-1.004101392145385,3.540695881423035,0.5643377819968957,7.0,1.0,47.986000061035156,48.25899887084961,48.04600143432617,0.01,32.32,28.05,0.405,-0.271,1.3,0,0,1
1778204810.8737087,1341.7279999999998,1.7696353197097778,0.24342775344848633,-2.3297856489764612,-1.0040810743915003,3.5407354831695557,0.5643547773361206,0.0,0.0,-0.0,0.0,0.0,0.0,-0.0640869215130806,3.996277332305908,-1.5109803676605225,0.1996307522058487,-0.0336456336081028,-0.1906585842370987,0.1422800061553466,-0.3469216428148196,0.8900837363258791,-1.385268841056801,-1.5064095482406967,1.9508818469512055,0.0,0.0,0.0,0.0,0.0,0.0,1.7695566142836938,0.24339841436500986,-2.329816140589685,-1.004101392145385,3.540695881423035,0.5643377819968957,7.0,1.0,47.986000061035156,48.25899887084961,48.04600143432617,0.01,32.32,28.05,0.405,-0.271,1.3,0,1,0
1778204810.87669,1341.7359999999999,1.7695872783660889,0.24348759651184082,-2.3298216501819056,-1.0040810743915003,3.54074764251709,0.5643667578697205,0.0,0.0,-0.0,0.0,0.0,0.0,-0.1235962063074112,3.973389148712158,-1.5221893787384033,0.2041168361902237,-0.0403747595846653,-0.2086029201745987,0.14226449421271925,-0.3469391205782141,0.8900536269229926,-1.385284271297161,-1.5063857595829246,1.9508453880240175,0.0,0.0,0.0,0.0,0.0,0.0,1.7695566142836938,0.24339841436500986,-2.329816140589685,-1.004101392145385,3.540695881423035,0.5643377819968957,7.0,1.0,47.986000061035156,48.25899887084961,48.04600143432617,0.01,32.32,28.05,0.405,-0.271,1.3,0,1,0
1778204810.8894928,1341.744,1.7695993185043335,0.2434396743774414,-2.3297856489764612,-1.004068676625387,3.54074764251709,0.5643787384033203,0.0,0.0,-0.0,0.0,0.0,0.0,-0.0320434607565403,3.977966785430908,-1.5378820896148682,0.1996307522058487,-0.0336456336081028,-0.2086029201745987,0.14226691232385424,-0.34693576560682826,0.8900788557306216,-1.3852900650124633,-1.5063930959431209,1.950859350192459,0.0,0.0,0.0,0.0,0.0,0.0,1.7695566142836938,0.24339841436500986,-2.329816140589685,-1.004101392145385,3.540695881423035,0.5643377819968957,7.0,1.0,47.986000061035156,48.25899887084961,48.04600143432617,0.01,32.32,28.05,0.405,-0.271,1.3,0,1,0
1778204810.8923063,1341.752,1.7695872783660889,0.2434636354446411,-2.3298335711108606,-1.0040929953204554,3.54074764251709,0.5643667578697205,0.0,0.0,-0.0,0.0,0.0,0.0,-0.1144409328699112,3.982544422149658,-1.504254937171936,0.2063598781824112,-0.0358886756002903,-0.2130890041589737,0.14225775811884894,-0.34690577041147475,0.8900604164278303,-1.3853147136911625,-1.5063536932249686,1.950889053182272,0.0,0.0,0.0,0.0,0.0,0.0,1.7695566142836938,0.24339841436500986,-2.329816140589685,-1.004101392145385,3.540695881423035,0.5643377819968957,7.0,1.0,47.986000061035156,48.25899887084961,48.04600143432617,0.01,32.32,28.05,0.405,-0.271,1.3,0,1,0
1778204810.9054842,1341.76,1.7696353197097778,0.24348759651184082,-2.3298216501819056,-1.0041168371783655,3.5407354831695557,0.5643547773361206,0.0,0.0,-0.0,0.0,0.0,0.0,-0.1190185695886612,4.005432605743408,-1.5109803676605225,0.2041168361902237,-0.0381317175924778,-0.2310333549976349,0.14227958287888734,-0.3469197930637369,0.8900555426128299,-1.3852766974810078,-1.5064014461860165,1.9508925231068743,0.0,0.0,0.0,0.0,0.0,0.0,1.7695566142836938,0.24339841436500986,-2.329816140589685,-1.004101392145385,3.540695881423035,0.5643377819968957,7.0,1.0,47.986000061035156,48.25899887084961,48.04600143432617,0.01,32.32,28.05,0.405,-0.271,1.3,0,1,0
1778204810.9101985,1341.768,1.7696112394332886,0.24347567558288574,-2.3298335711108606,-1.0040810743915003,3.5407116413116455,0.5643907189369202,0.0,0.0,-0.0,0.0,0.0,0.0,-0.1098632961511612,3.991699695587158,-1.5064966678619385,0.2041168361902237,-0.0269165076315403,-0.1951446682214737,0.1422629480469485,-0.3469073385292983,0.8900557380032702,-1.3853276264221948,-1.5063472173225718,1.950875315351046,0.0,0.0,0.0,0.0,0.0,0.0,1.7695566142836938,0.24339841436500986,-2.329816140589685,-1.004101392145385,3.540695881423035,0.5643377819968957,7.0,1.0,47.986000061035156,48.2130012512207,48.04600143432617,0.01,32.32,28.05,0.405,-0.271,1.3,0,1,0
1778204810.9143898,1341.7759999999998,1.7695872783660889,0.2434157133102417,-2.3298097292529505,-1.0040810743915003,3.54074764251709,0.5643547773361206,0.0,0.0,-0.0,0.0,0.0,0.0,-0.1190185695886612,3.968811511993408,-1.5266729593276978,0.2108459621667862,-0.0336456336081028,-0.1749572902917862,0.14225784143526005,-0.3468989993105398,0.8900826673529298,-1.3853101393603984,-1.5063505067925542,1.9508931796891804,0.0,0.0,0.0,0.0,0.0,0.0,1.7695566142836938,0.24339841436500986,-2.329816140589685,-1.004101392145385,3.540695881423035,0.5643377819968957,7.0,1.0,47.986000061035156,48.2130012512207,48.029998779296875,0.01,32.32,28.05,0.405,-0.271,1.3,0,1,0
1778204810.9282577,1341.7839999999999,1.7696112394332886,0.2434396743774414,-2.3298216501819056,-1.0041049162494105,3.5407590866088867,0.5643667578697205,0.0,0.0,-0.0,0.0,0.0,0.0,-0.1281738430261612,4.000854969024658,-1.5333983898162842,0.2018737941980362,-0.0336456336081028,-0.2153320610523224,0.14226420037843193,-0.34689120280634234,0.8900725463898356,-1.3853132343877939,-1.5063726238059154,1.9509316367219445,0.0,0.0,0.0,0.0,0.0,0.0,1.7695566142836938,0.24339841436500986,-2.329816140589685,-1.004101392145385,3.540695881423035,0.5643377819968957,7.0,1.0,47.97100067138672,48.2130012512207,48.029998779296875,0.01,32.32,28.05,0.405,-0.271,1.3,0,1,0
1778204810.9338799,1341.792,1.7696353197097778,0.2434396743774414,-2.3297975699054163,-1.0041049162494105,3.5407354831695557,0.5643667578697205,0.0,0.0,-0.0,0.0,0.0,0.0,-0.0640869215130806,3.982544422149658,-1.5244312286376953,0.2063598781824112,-0.0314025916159153,-0.1973877102136612,0.14227564692123693,-0.346907328320506,0.8900781012693109,-1.385296305272304,-1.5063886599627885,1.9509106508132246,0.0,0.0,0.0,0.0,0.0,0.0,1.7695566142836938,0.24339841436500986,-2.329816140589685,-1.004101392145385,3.540695881423035,0.5643377819968957,7.0,1.0,47.97100067138672,48.2130012512207,48.029998779296875,0.01,32.32,28.05,0.405,-0.271,1.3,0,1,0
1778204810.9448228,1341.8,1.7695872783660889,0.24342775344848633,-2.3297975699054163,-1.0041049162494105,3.540771245956421,0.56440269947052,0.0,0.0,-0.0,0.0,0.0,0.0,-0.0503540076315403,3.987122058868408,-1.5289148092269897,0.2063598781824112,-0.0291595496237278,-0.2063598781824112,0.14225294782707695,-0.3468993072754637,0.8900827080640104,-1.385348439628099,-1.5063550069923883,1.9509345395907047,0.0,0.0,0.0,0.0,0.0,0.0,1.7695566142836938,0.24339841436500986,-2.329816140589685,-1.004101392145385,3.540695881423035,0.5643377819968957,7.0,1.0,47.97100067138672,48.2130012512207,48.029998779296875,0.01,32.32,28.05,0.405,-0.271,1.3,0,1,0
1778204810.9474208,1341.808,1.7695872783660889,0.24342775344848633,-2.3298335711108606,-1.0041049162494105,3.5407354831695557,0.5643667578697205,0.0,0.0,-0.0,0.0,0.0,0.0,-0.0640869215130806,3.968811511993408,-1.5266729593276978,0.1996307522058487,-0.0381317175924778,-0.2153320610523224,0.14225073389577178,-0.3468731541109847,0.890074346156283,-1.3853503998868621,-1.5063094421288994,1.9509258954034792,0.0,0.0,0.0,0.0,0.0,0.0,1.7695566142836938,0.24339841436500986,-2.329816140589685,-1.004101392145385,3.540695881423035,0.5643377819968957,7.0,1.0,47.97100067138672,48.2130012512207,48.029998779296875,0.01,32.32,28.05,0.405,-0.271,1.3,0,1,0
1778204810.9493172,1341.816,1.7695872783660889,0.2434396743774414,-2.329761568699972,-1.0040810743915003,3.54074764251709,0.56440269947052,0.0,0.0,-0.0,0.0,0.0,0.0,-0.0595092847943306,3.964233875274658,-1.5401238203048706,0.2018737941980362,-0.0314025916159153,-0.1951446682214737,0.1422619571142412,-0.3469480329236242,0.8900852447875478,-1.3853128976737015,-1.5063794766174445,1.9508557528804669,0.0,0.0,0.0,0.0,0.0,0.0,1.7695566142836938,0.24339841436500986,-2.329816140589685,-1.004101392145385,3.540695881423035,0.5643377819968957,7.0,1.0,47.97100067138672,48.2130012512207,48.029998779296875,0.01,32.32,28.05,0.405,-0.271,1.3,0,1,0
1778204810.9657774,1341.8239999999998,1.7695753574371338,0.24342775344848633,-2.3298097292529505,-1.004068676625387,3.5406997203826904,0.5643907189369202,0.0,0.0,-0.0,0.0,0.0,0.0,-0.1007080152630806,3.959656238555908,-1.513222098350525,0.2086029201745987,-0.0448608435690403,-0.2041168361902237,0.1422479748221698,-0.34690194111383554,0.8900781434947602,-1.385357695075087,-1.506292393091166,1.9508581033354702,0.0,0.0,0.0,0.0,0.0,0.0,1.7695566142836938,0.24339841436500986,-2.329816140589685,-1.004101392145385,3.540695881423035,0.5643377819968957,7.0,1.0,47.97100067138672,48.2130012512207,48.029998779296875,0.01,32.32,28.05,0.405,-0.271,1.3,0,1,0
1778204810.968691,1341.8319999999999,1.7696112394332886,0.24345171451568604,-2.329773728047506,-1.0040929953204554,3.5407590866088867,0.5643907189369202,0.0,0.0,-0.0,0.0,0.0,0.0,-0.1602173000574112,3.964233875274658,-1.515463948249817,0.2041168361902237,-0.0336456336081028,-0.2332763969898224,0.14227153438197673,-0.34694184290938945,0.8900785440071777,-1.385291745830616,-1.50641119056451,1.9508802528354101,0.0,0.0,0.0,0.0,0.0,0.0,1.7695566142836938,0.24339841436500986,-2.329816140589685,-1.004101392145385,3.540695881423035,0.5643377819968957,7.0,1.0,47.97100067138672,48.2130012512207,48.029998779296875,0.01,32.32,28.05,0.405,-0.271,1.3,0,1,0
1778204810.979265,1341.84,1.7696112394332886,0.2434396743774414,-2.329773728047506,-1.0041049162494105,3.5407354831695557,0.5643787384033203,0.0,0.0,-0.0,0.0,0.0,0.0,-0.1098632961511612,3.987122058868408,-1.5244312286376953,0.2041168361902237,-0.02467346377670765,-0.1996307522058487,0.14226953622392594,-0.3469290609293227,0.8900836210697332,-1.385305093913125,-1.5063762883966016,1.9508817191031809,0.0,0.0,0.0,0.0,0.0,0.0,1.7695566142836938,0.24339841436500986,-2.329816140589685,-1.004101392145385,3.540695881423035,0.5643377819968957,7.0,1.0,47.97100067138672,48.27399826049805,48.029998779296875,0.01,32.32,28.05,0.405,-0.271,1.3,0,1,0
1778204810.9817877,1341.848,1.7695633172988892,0.24345171451568604,-2.3297856489764612,-1.0040810743915003,3.5407235622406006,0.5643907189369202,0.0,0.0,-0.0,0.0,0.0,0.0,-0.1327514797449112,3.996277332305908,-1.5109803676605225,0.2018737941980362,-0.0314025916159153,-0.2018737941980362,0.1422519231141032,-0.3469399575291929,0.8900753472256979,-1.3853306413522473,-1.5063285609168844,1.950831802484356,0.0,0.0,0.0,0.0,0.0,0.0,1.7695566142836938,0.24339841436500986,-2.329816140589685,-1.004101392145385,3.540695881423035,0.5643377819968957,7.0,1.0,47.97100067138672,48.27399826049805,48.04600143432617,0.01,32.32,28.05,0.405,-0.271,1.3,0,1,0
1778204810.9983356,1341.856,1.7695872783660889,0.2434396743774414,-2.329773728047506,-1.0041049162494105,3.5407235622406006,0.5643787384033203,0.0,0.0,-0.0,0.0,0.0,0.0,-0.1373291164636612,3.959656238555908,-1.515463948249817,0.2041168361902237,-0.0358886756002903,-0.1996307522058487,0.14226060548802394,-0.346931499463627,0.8900836753682536,-1.385322025277071,-1.5063408698058462,1.950860780218642,0.0,0.0,0.0,0.0,0.0,0.0,1.7695566142836938,0.24339841436500986,-2.329816140589685,-1.004101392145385,3.540695881423035,0.5643377819968957,7.0,1.0,47.97100067138672,48.27399826049805,48.04600143432617,0.01,32.32,28.05,0.405,-0.271,1.3,0,1,0
1778204811.001976,1341.864,1.7696353197097778,0.24342775344848633,-2.3298216501819056,-1.0041168371783655,3.5407354831695557,0.5643907189369202,0.0,0.0,-0.0,0.0,0.0,0.0,-0.1098632961511612,3.982544422149658,-1.5199475288391113,0.2130890041589737,-0.0358886756002903,-0.2018737941980362,0.14226448030367556,-0.34686622412272466,0.8900779583005438,-1.3853511899697055,-1.5063467096193806,1.9509686099830168,0.0,0.0,0.0,0.0,0.0,0.0,1.7695566142836938,0.24339841436500986,-2.329816140589685,-1.004101392145385,3.540695881423035,0.5643377819968957,7.0,1.0,48.0,48.27399826049805,48.04600143432617,0.01,32.32,28.05,0.405,-0.271,1.3,0,1,0
1778204811.0121772,1341.8719999999998,1.7696353197097778,0.24345171451568604,-2.3297856489764612,-1.0040810743915003,3.5407116413116455,0.5643547773361206,0.0,0.0,-0.0,0.0,0.0,0.0,-0.1007080152630806,3.982544422149658,-1.5244312286376953,0.2041168361902237,-0.0336456336081028,-0.2086029201745987,0.14228237775686461,-0.34693760403325913,0.8900750209608576,-1.385263971192482,-1.5064016296570202,1.95084648167317,0.0,0.0,0.0,0.0,0.0,0.0,1.7695566142836938,0.24339841436500986,-2.329816140589685,-1.004101392145385,3.540695881423035,0.5643377819968957,7.0,1.0,48.0,48.27399826049805,48.04600143432617,0.01,32.32,28.05,0.405,-0.271,1.3,0,1,0
1778204811.0144393,1341.8799999999999,1.7695993185043335,0.24342775344848633,-2.329761568699972,-1.004068676625387,3.5407235622406006,0.5643667578697205,0.0,0.0,-0.0,0.0,0.0,0.0,-0.1007080152630806,3.987122058868408,-1.5109803676605225,0.2041168361902237,-0.0426178015768528,-0.2108459621667862,0.14227021656979405,-0.3469493253699717,0.8900886752226416,-1.385280561810339,-1.5063819957721623,1.9508276057016003,0.0,0.0,0.0,0.0,0.0,0.0,1.7695566142836938,0.24339841436500986,-2.329816140589685,-1.004101392145385,3.540695881423035,0.5643377819968957,7.0,1.0,48.0,48.27399826049805,48.04600143432617,0.01,32.32,28.05,0.405,-0.271,1.3,0,1,0
1778204811.0179214,1341.8799999999999,1.7695993185043335,0.24342775344848633,-2.329761568699972,-1.004068676625387,3.5407235622406006,0.5643667578697205,0.0,0.0,-0.0,0.0,0.0,0.0,-0.1007080152630806,3.987122058868408,-1.5109803676605225,0.2041168361902237,-0.0426178015768528,-0.2108459621667862,0.14227021656979405,-0.3469493253699717,0.8900886752226416,-1.385280561810339,-1.5063819957721623,1.9508276057016003,0.0,0.0,0.0,0.0,0.0,0.0,1.7695566142836938,0.24339841436500986,-2.329816140589685,-1.004101392145385,3.540695881423035,0.5643377819968957,7.0,1.0,48.0,48.27399826049805,48.04600143432617,-0.04,32.22,27.96,0.409,-0.275,1.303,0,0,1
1778204811.0346494,1341.888,1.7696112394332886,0.24345171451568604,-2.329761568699972,-1.0041049162494105,3.5407116413116455,0.5643907189369202,0.0,0.0,-0.0,0.0,0.0,0.0,-0.1007080152630806,3.987122058868408,-1.5378820896148682,0.2063598781824112,-0.0403747595846653,-0.1816864162683487,0.14227026186892827,-0.3469440050650917,0.8900821727444974,-1.3853122078534488,-1.506363691985985,1.9508532781144545,0.0,0.0,0.0,0.0,0.0,0.0,1.7695566142836938,0.24339841436500986,-2.329816140589685,-1.004101392145385,3.540695881423035,0.5643377819968957,7.0,1.0,48.0,48.27399826049805,48.04600143432617,-0.04,32.22,27.96,0.409,-0.275,1.303,0,1,0
1778204811.0370023,1341.896,1.769647240638733,0.24347567558288574,-2.329773728047506,-1.0041049162494105,3.5407354831695557,0.5643667578697205,0.0,0.0,-0.0,0.0,0.0,0.0,-0.1007080152630806,3.959656238555908,-1.5311566591262817,0.2153320610523224,-0.0403747595846653,-0.1996307522058487,0.14228947762949107,-0.3469537890227224,0.8900702359121966,-1.3852524002064184,-1.50644049556269,1.950863030277614,0.0,0.0,0.0,0.0,0.0,0.0,1.7695566142836938,0.24339841436500986,-2.329816140589685,-1.004101392145385,3.540695881423035,0.5643377819968957,7.0,1.0,48.0,48.27399826049805,48.04600143432617,-0.04,32.22,27.96,0.409,-0.275,1.303,0,1,0
1778204811.047784,1341.904,1.7696112394332886,0.24337971210479736,-2.3297856489764612,-1.0041049162494105,3.5407116413116455,0.5643787384033203,0.0,0.0,-0.0,0.0,0.0,0.0,-0.1098632961511612,3.964233875274658,-1.5333983898162842,0.2041168361902237,-0.0381317175924778,-0.2287903130054474,0.1422571363639232,-0.3468716906597866,0.8901031126463796,-1.3853611016581162,-1.50630411170786,1.9509340217723161,0.0,0.0,0.0,0.0,0.0,0.0,1.7695566142836938,0.24339841436500986,-2.329816140589685,-1.004101392145385,3.540695881423035,0.5643377819968957,7.0,1.0,48.0,48.27399826049805,48.04600143432617,-0.04,32.22,27.96,0.409,-0.275,1.303,0,1,0
1778204811.0505395,1341.912,1.7696112394332886,0.24342775344848633,-2.3297856489764612,-1.0040929953204554,3.5407590866088867,0.5643907189369202,0.0,0.0,-0.0,0.0,0.0,0.0,-0.0869751051068306,3.991699695587158,-1.4840785264968872,0.1973877102136612,-0.0358886756002903,-0.2220611870288849,0.14226579028283384,-0.34691331106489964,0.8900846714049061,-1.3853145556434534,-1.5063871075186215,1.9509130547120244,0.0,0.0,0.0,0.0,0.0,0.0,1.7695566142836938,0.24339841436500986,-2.329816140589685,-1.004101392145385,3.540695881423035,0.5643377819968957,7.0,1.0,48.0,48.2130012512207,48.04600143432617,-0.04,32.22,27.96,0.409,-0.275,1.303,0,1,0
1778204811.0525172,1341.9199999999998,1.7696353197097778,0.2434396743774414,-2.3297856489764612,-1.0040810743915003,3.54074764251709,0.5643667578697205,0.0,0.0,-0.0,0.0,0.0,0.0,-0.0961303785443306,3.977966785430908,-1.5177057981491089,0.1996307522058487,-0.0358886756002903,-0.2018737941980362,0.14228040048913124,-0.3469285854324425,0.8900794177942815,-1.3852681653293575,-1.5064248806741054,1.9508849023684611,0.0,0.0,0.0,0.0,0.0,0.0,1.7695566142836938,0.24339841436500986,-2.329816140589685,-1.004101392145385,3.540695881423035,0.5643377819968957,7.0,1.0,48.0,48.2130012512207,48.06100082397461,-0.04,32.22,27.96,0.409,-0.275,1.303,0,1,0
1778204811.067099,1341.9279999999999,1.7695753574371338,0.24348759651184082,-2.329773728047506,-1.0040572325335901,3.5407590866088867,0.56440269947052,0.0,0.0,-0.0,0.0,0.0,0.0,-0.1281738430261612,3.964233875274658,-1.5266729593276978,0.2086029201745987,-0.0358886756002903,-0.1973877102136612,0.14226543359098762,-0.34698525857065016,0.890063468234677,-1.3852758481642327,-1.506419209252819,1.9508006438773833,0.0,0.0,0.0,0.0,0.0,0.0,1.7695566142836938,0.24339841436500986,-2.329816140589685,-1.004101392145385,3.540695881423035,0.5643377819968957,7.0,1.0,48.0,48.2130012512207,48.06100082397461,-0.04,32.22,27.96,0.409,-0.275,1.303,0,1,0
1778204811.069305,1341.936,1.7696112394332886,0.24345171451568604,-2.3298097292529505,-1.0041287581073206,3.5407354831695557,0.5643787384033203,0.0,0.0,-0.0,0.0,0.0,0.0,-0.0869751051068306,3.964233875274658,-1.5109803676605225,0.2130890041589737,-0.0381317175924778,-0.1682281643152237,0.14226290955290669,-0.34689631599750015,0.8900723679668752,-1.3853356643718877,-1.5063441408422957,1.9509252735850136,0.0,0.0,0.0,0.0,0.0,0.0,1.7695566142836938,0.24339841436500986,-2.329816140589685,-1.004101392145385,3.540695881423035,0.5643377819968957,7.0,1.0,48.0,48.2130012512207,48.06100082397461,-0.04,32.22,27.96,0.409,-0.275,1.303,0,1,0
1778204811.081256,1341.944,1.7695872783660889,0.2434396743774414,-2.3297975699054163,-1.0040929953204554,3.54074764251709,0.56440269947052,0.0,0.0,-0.0,0.0,0.0,0.0,-0.0595092847943306,3.950500965118408,-1.513222098350525,0.2063598781824112,-0.0403747595846653,-0.1996307522058487,0.14225451168239311,-0.3469111112417415,0.890077763758867,-1.38534347777697,-1.5063472454090052,1.9508994617705426,0.0,0.0,0.0,0.0,0.0,0.0,1.7695566142836938,0.24339841436500986,-2.329816140589685,-1.004101392145385,3.540695881423035,0.5643377819968957,7.0,1.0,48.01499938964844,48.2130012512207,48.06100082397461,-0.04,32.22,27.96,0.409,-0.275,1.303,0,1,0
1778204811.0836608,1341.952,1.7695993185043335,0.24340379238128662,-2.3297856489764612,-1.0041049162494105,3.5407116413116455,0.5643667578697205,0.0,0.0,-0.0,0.0,0.0,0.0,-0.0640869215130806,3.973389148712158,-1.5087385177612305,0.2018737941980362,-0.0336456336081028,-0.1973877102136612,0.14225865704236962,-0.34689433125788416,0.8900941194369798,-1.3853394983160257,-1.5063134686871256,1.9508978041783085,0.0,0.0,0.0,0.0,0.0,0.0,1.7695566142836938,0.24339841436500986,-2.329816140589685,-1.004101392145385,3.540695881423035,0.5643377819968957,7.0,1.0,48.01499938964844,48.2130012512207,48.06100082397461,-0.04,32.22,27.96,0.409,-0.275,1.303,0,1,0
1778204811.098188,1341.96,1.7696112394332886,0.24342775344848633,-2.3297975699054163,-1.0040929953204554,3.5407354831695557,0.5643787384033203,0.0,0.0,-0.0,0.0,0.0,0.0,-0.1007080152630806,3.977966785430908,-1.5244312286376953,0.2041168361902237,-0.0403747595846653,-0.1794433742761612,0.14226446074869875,-0.34690371329978326,0.890081955507913,-1.385320226089092,-1.5063602264301452,1.9509035154650032,0.0,0.0,0.0,0.0,0.0,0.0,1.7695566142836938,0.24339841436500986,-2.329816140589685,-1.004101392145385,3.540695881423035,0.5643377819968957,7.0,1.0,48.01499938964844,48.2130012512207,48.06100082397461,-0.04,32.22,27.96,0.409,-0.275,1.303,0,1,0
1778204811.1025114,1341.9679999999998,1.769647240638733,0.2434157133102417,-2.3297975699054163,-1.0040810743915003,3.540771245956421,0.5643667578697205,0.0,0.0,-0.0,0.0,0.0,0.0,-0.0961303785443306,3.973389148712158,-1.5356402397155762,0.2063598781824112,-0.0336456336081028,-0.2265472710132599,0.14228001476838376,-0.3469002787394429,0.8900854373717033,-1.3852748850392835,-1.5064361882937152,1.950938083611553,0.0,0.0,0.0,0.0,0.0,0.0,1.7695566142836938,0.24339841436500986,-2.329816140589685,-1.004101392145385,3.540695881423035,0.5643377819968957,7.0,1.0,48.01499938964844,48.2130012512207,48.06100082397461,-0.04,32.22,27.96,0.409,-0.275,1.303,0,1,0
1778204811.1125207,1341.9759999999999,1.7696112394332886,0.24340379238128662,-2.3298216501819056,-1.0040929953204554,3.5407235622406006,0.5643787384033203,0.0,0.0,-0.0,0.0,0.0,0.0,-0.1098632961511612,3.977966785430908,-1.5266729593276978,0.2041168361902237,-0.0336456336081028,-0.1951446682214737,0.1422559191478158,-0.3468633687643298,0.8900853845464,-1.3853559580831036,-1.506315966924309,1.9509406892874739,0.0,0.0,0.0,0.0,0.0,0.0,1.7695566142836938,0.24339841436500986,-2.329816140589685,-1.004101392145385,3.540695881423035,0.5643377819968957,7.0,1.0,48.01499938964844,48.2130012512207,48.06100082397461,-0.04,32.22,27.96,0.409,-0.275,1.303,0,1,0
1778204811.1158783,1341.984,1.7695872783660889,0.2434396743774414,-2.3298097292529505,-1.0040572325335901,3.54074764251709,0.5643787384033203,0.0,0.0,-0.0,0.0,0.0,0.0,-0.1281738430261612,3.973389148712158,-1.513222098350525,0.2063598781824112,-0.0403747595846653,-0.2130890041589737,0.1422593722807856,-0.3469206318766936,0.890072772989875,-1.3853039961010813,-1.5063727667274056,1.950863745804846,0.0,0.0,0.0,0.0,0.0,0.0,1.7695566142836938,0.24339841436500986,-2.329816140589685,-1.004101392145385,3.540695881423035,0.5643377819968957,7.0,1.0,48.01499938964844,48.2130012512207,48.06100082397461,-0.04,32.22,27.96,0.409,-0.275,1.303,0,1,0
1778204811.1382172,1341.992,1.7696353197097778,0.24342775344848633,-2.3298097292529505,-1.004068676625387,3.5407235622406006,0.5643547773361206,0.0,0.0,-0.0,0.0,0.0,0.0,-0.1098632961511612,3.996277332305908,-1.5221893787384033,0.1996307522058487,-0.0448608435690403,-0.1973877102136612,0.14227610390231094,-0.3469042117053974,0.8900776546847795,-1.3852814234443216,-1.5063896464347237,1.9508857979918204,0.0,0.0,0.0,0.0,0.0,0.0,1.7695566142836938,0.24339841436500986,-2.329816140589685,-1.004101392145385,3.540695881423035,0.5643377819968957,7.0,1.0,48.01499938964844,48.2130012512207,48.029998779296875,-0.04,32.22,27.96,0.409,-0.275,1.303,0,1,0
1778204811.1406183,1342.0,1.7695872783660889,0.24342775344848633,-2.3297975699054163,-1.0040810743915003,3.54074764251709,0.5643667578697205,0.0,0.0,-0.0,0.0,0.0,0.0,-0.0686645582318306,3.982544422149658,-1.5266729593276978,0.2063598781824112,-0.0403747595846653,-0.1906585842370987,0.14225980237267474,-0.3469158839400242,0.8900811111955929,-1.3853069123318387,-1.506361883215602,1.9508781783778864,0.0,0.0,0.0,0.0,0.0,0.0,1.7695566142836938,0.24339841436500986,-2.329816140589685,-1.004101392145385,3.540695881423035,0.5643377819968957,7.0,1.0,48.01499938964844,48.2130012512207,48.029998779296875,-0.04,32.22,27.96,0.409,-0.275,1.303,0,1,0
1778204811.1517377,1342.008,1.7695993185043335,0.24342775344848633,-2.3297856489764612,-1.0040810743915003,3.5407354831695557,0.5643787384033203,0.0,0.0,-0.0,0.0,0.0,0.0,-0.1007080152630806,3.977966785430908,-1.5289148092269897,0.1973877102136612,-0.0291595496237278,-0.2063598781824112,0.14226345493491635,-0.34692085800048084,0.8900839899339668,-1.3853108454167389,-1.5063645807065993,1.9508747021970645,0.0,0.0,0.0,0.0,0.0,0.0,1.7695566142836938,0.24339841436500986,-2.329816140589685,-1.004101392145385,3.540695881423035,0.5643377819968957,7.0,1.0,48.01499938964844,48.2130012512207,48.029998779296875,-0.04,32.22,27.96,0.409,-0.275,1.303,0,1,0
1778204811.1635785,1342.0159999999998,1.7695993185043335,0.24345171451568604,-2.3297975699054163,-1.0040929953204554,3.5407590866088867,0.5643907189369202,0.0,0.0,-0.0,0.0,0.0,0.0,-0.1007080152630806,4.000854969024658,-1.5064966678619385,0.2063598781824112,-0.0291595496237278,-0.2130890041589737,0.14226312497675908,-0.34692227872108616,0.8900731512610582,-1.3853127940588568,-1.5063834744550957,1.9508949309406223,0.0,0.0,0.0,0.0,0.0,0.0,1.7695566142836938,0.24339841436500986,-2.329816140589685,-1.004101392145385,3.540695881423035,0.5643377819968957,7.0,1.0,48.01499938964844,48.2130012512207,48.029998779296875,-0.04,32.22,27.96,0.409,-0.275,1.303,0,1,0
1778204811.1659765,1342.024,1.7695872783660889,0.24336779117584229,-2.329761568699972,-1.0041049162494105,3.54074764251709,0.56440269947052,0.0,0.0,-0.0,0.0,0.0,0.0,-0.0823974683880806,3.982544422149658,-1.5177057981491089,0.2108459621667862,-0.0358886756002903,-0.2108459621667862,0.14224915090014506,-0.34688468840570746,0.8901130395226324,-1.3853737962912196,-1.5063153463705532,1.950943256900535,0.0,0.0,0.0,0.0,0.0,0.0,1.7695566142836938,0.24339841436500986,-2.329816140589685,-1.004101392145385,3.540695881423035,0.5643377819968957,7.0,1.0,48.01499938964844,48.2130012512207,48.029998779296875,-0.04,32.22,27.96,0.409,-0.275,1.303,0,1,0
1778204811.1743991,1342.032,1.7696112394332886,0.2434396743774414,-2.3297856489764612,-1.0040810743915003,3.540675640106201,0.5643667578697205,0.0,0.0,-0.0,0.0,0.0,0.0,-0.1327514797449112,3.977966785430908,-1.5064966678619385,0.2041168361902237,-0.0381317175924778,-0.2041168361902237,0.14226831392078998,-0.34692615106793073,0.89007974583169,-1.385311217005987,-1.5063289364139625,1.9508300240705216,0.0,0.0,0.0,0.0,0.0,0.0,1.7695566142836938,0.24339841436500986,-2.329816140589685,-1.004101392145385,3.540695881423035,0.5643377819968957,7.0,1.0,47.97100067138672,48.2130012512207,48.029998779296875,-0.04,32.22,27.96,0.409,-0.275,1.303,0,1,0
1778204811.1778934,1342.04,1.769647240638733,0.24342775344848633,-2.3297856489764612,-1.0040929953204554,3.5406997203826904,0.5643667578697205,0.0,0.0,-0.0,0.0,0.0,0.0,-0.1052856519818306,3.982544422149658,-1.513222098350525,0.2041168361902237,-0.0381317175924778,-0.2086029201745987,0.14227926381243688,-0.34690926388479537,0.8900846883034663,-1.3852983036604867,-1.5063723851854953,1.9508867334772326,0.0,0.0,0.0,0.0,0.0,0.0,1.7695566142836938,0.24339841436500986,-2.329816140589685,-1.004101392145385,3.540695881423035,0.5643377819968957,7.0,1.0,47.97100067138672,48.2130012512207,48.029998779296875,-0.04,32.22,27.96,0.409,-0.275,1.303,0,1,0
1778204811.1837482,1342.04,1.769647240638733,0.24342775344848633,-2.3297856489764612,-1.0040929953204554,3.5406997203826904,0.5643667578697205,0.0,0.0,-0.0,0.0,0.0,0.0,-0.1052856519818306,3.982544422149658,-1.513222098350525,0.2041168361902237,-0.0381317175924778,-0.2086029201745987,0.14227926381243688,-0.34690926388479537,0.8900846883034663,-1.3852983036604867,-1.5063723851854953,1.9508867334772326,0.0,0.0,0.0,0.0,0.0,0.0,1.7695566142836938,0.24339841436500986,-2.329816140589685,-1.004101392145385,3.540695881423035,0.5643377819968957,7.0,1.0,47.97100067138672,48.2130012512207,48.029998779296875,0.02,32.04,28.0,0.406,-0.275,1.306,0,0,1
1778204811.1898234,1342.048,1.7696353197097778,0.2434636354446411,-2.3297856489764612,-1.0041049162494105,3.5407354831695557,0.5643907189369202,0.0,0.0,-0.0,0.0,0.0,0.0,-0.1373291164636612,3.987122058868408,-1.5177057981491089,0.1973877102136612,-0.0291595496237278,-0.1861725002527237,0.1422773299341855,-0.3469299531825709,0.8900722275312348,-1.3852978284981667,-1.5064029821064782,1.9508920681428847,0.0,0.0,0.0,0.0,0.0,0.0,1.7695566142836938,0.24339841436500986,-2.329816140589685,-1.004101392145385,3.540695881423035,0.5643377819968957,7.0,1.0,47.97100067138672,48.2130012512207,48.029998779296875,0.02,32.04,28.0,0.406,-0.275,1.306,0,1,0
1778204811.2015932,1342.056,1.7695872783660889,0.24340379238128662,-2.3297856489764612,-1.0040929953204554,3.5407354831695557,0.5643787384033203,0.0,0.0,-0.0,0.0,0.0,0.0,-0.1052856519818306,3.964233875274658,-1.5177057981491089,0.2041168361902237,-0.0381317175924778,-0.1884155422449112,0.14225467832486646,-0.3468998499799338,0.890093475488092,-1.3853395989837807,-1.5063287684645974,1.9509003463088908,0.0,0.0,0.0,0.0,0.0,0.0,1.7695566142836938,0.24339841436500986,-2.329816140589685,-1.004101392145385,3.540695881423035,0.5643377819968957,7.0,1.0,47.97100067138672,48.22800064086914,48.029998779296875,0.02,32.04,28.0,0.406,-0.275,1.306,0,1,0
1778204811.2090728,1342.0639999999999,1.7696353197097778,0.2434396743774414,-2.329749647771017,-1.0041049162494105,3.540771245956421,0.5643907189369202,0.0,0.0,-0.0,0.0,0.0,0.0,-0.1464843899011612,3.968811511993408,-1.5244312286376953,0.1996307522058487,-0.0358886756002903,-0.1906585842370987,0.1422820303275261,-0.3469470651125807,0.8900890314171417,-1.3852745788858138,-1.5064471342221026,1.950901307749516,0.0,0.0,0.0,0.0,0.0,0.0,1.7695566142836938,0.24339841436500986,-2.329816140589685,-1.004101392145385,3.540695881423035,0.5643377819968957,7.0,1.0,47.97100067138672,48.22800064086914,48.04600143432617,0.02,32.04,28.0,0.406,-0.275,1.306,0,1,0
1778204811.2115426,1342.072,1.7695753574371338,0.24348759651184082,-2.3298216501819056,-1.0040929953204554,3.5407235622406006,0.5643787384033203,0.0,0.0,-0.0,0.0,0.0,0.0,-0.1464843899011612,3.982544422149658,-1.513222098350525,0.2018737941980362,-0.0426178015768528,-0.1973877102136612,0.1422560867365315,-0.3469310842298313,0.8900545258795944,-1.3853203668151315,-1.50633702631074,1.950842712538004,0.0,0.0,0.0,0.0,0.0,0.0,1.7695566142836938,0.24339841436500986,-2.329816140589685,-1.004101392145385,3.540695881423035,0.5643377819968957,7.0,1.0,47.97100067138672,48.22800064086914,48.04600143432617,0.02,32.04,28.0,0.406,-0.275,1.306,0,1,0
1778204811.2201667,1342.08,1.7696353197097778,0.24342775344848633,-2.329773728047506,-1.0040929953204554,3.540771245956421,0.5643787384033203,0.0,0.0,-0.0,0.0,0.0,0.0,-0.0778198316693306,3.973389148712158,-1.515463948249817,0.2018737941980362,-0.0381317175924778,-0.1929016262292862,0.14227894243362998,-0.34692445807789574,0.8900871858517577,-1.3852776957981583,-1.506435791970426,1.9509162130161275,0.0,0.0,0.0,0.0,0.0,0.0,1.7695566142836938,0.24339841436500986,-2.329816140589685,-1.004101392145385,3.540695881423035,0.5643377819968957,7.0,1.0,47.97100067138672,48.22800064086914,48.04600143432617,0.02,32.04,28.0,0.406,-0.275,1.306,0,1,0
1778204811.2225368,1342.088,1.7696112394332886,0.24345171451568604,-2.329761568699972,-1.004068676625387,3.5407116413116455,0.5643907189369202,0.0,0.0,-0.0,0.0,0.0,0.0,-0.1235962063074112,3.977966785430908,-1.5109803676605225,0.2063598781824112,-0.0358886756002903,-0.2265472710132599,0.14227328033382242,-0.346958654075485,0.8900801589572679,-1.3852890027439826,-1.5063879598619192,1.9508202535159365,0.0,0.0,0.0,0.0,0.0,0.0,1.7695566142836938,0.24339841436500986,-2.329816140589685,-1.004101392145385,3.540695881423035,0.5643377819968957,7.0,1.0,47.97100067138672,48.22800064086914,48.04600143432617,0.02,32.04,28.0,0.406,-0.275,1.306,0,1,0
1778204811.2338283,1342.096,1.7696112394332886,0.2434636354446411,-2.3298216501819056,-1.0041049162494105,3.5407354831695557,0.5643907189369202,0.0,0.0,-0.0,0.0,0.0,0.0,-0.1556396633386612,3.973389148712158,-1.5266729593276978,0.2041168361902237,-0.0336456336081028,-0.1973877102136612,0.14226252232438213,-0.346901276396439,0.8900640840318791,-1.3853325958423854,-1.5063551851053687,1.9509106237348957,0.0,0.0,0.0,0.0,0.0,0.0,1.7695566142836938,0.24339841436500986,-2.329816140589685,-1.004101392145385,3.540695881423035,0.5643377819968957,7.0,1.0,47.97100067138672,48.22800064086914,48.04600143432617,0.02,32.04,28.0,0.406,-0.275,1.306,0,1,0
1778204811.2426872,1342.104,1.769647240638733,0.24340379238128662,-2.3298097292529505,-1.004068676625387,3.5407116413116455,0.5643667578697205,0.0,0.0,-0.0,0.0,0.0,0.0,-0.1144409328699112,3.991699695587158,-1.5289148092269897,0.2063598781824112,-0.0336456336081028,-0.1929016262292862,0.14227398259468677,-0.3468806903415898,0.8900866587980532,-1.3853081226419377,-1.5063683845285176,1.9509151863703564,0.0,0.0,0.0,0.0,0.0,0.0,1.7695566142836938,0.24339841436500986,-2.329816140589685,-1.004101392145385,3.540695881423035,0.5643377819968957,7.0,1.0,47.97100067138672,48.22800064086914,48.04600143432617,0.02,32.04,28.0,0.406,-0.275,1.306,0,1,0
1778204811.2539356,1342.1119999999999,1.7695872783660889,0.24340379238128662,-2.3297975699054163,-1.0041287581073206,3.540783166885376,0.5643907189369202,0.0,0.0,-0.0,0.0,0.0,0.0,-0.1327514797449112,3.996277332305908,-1.513222098350525,0.1996307522058487,-0.0403747595846653,-0.1906585842370987,0.14225000414295852,-0.34687569124352036,0.8900926740634226,-1.3853615771895753,-1.5063398508204493,1.9509778039792702,0.0,0.0,0.0,0.0,0.0,0.0,1.7695566142836938,0.24339841436500986,-2.329816140589685,-1.004101392145385,3.540695881423035,0.5643377819968957,7.0,1.0,47.97100067138672,48.22800064086914,48.04600143432617,0.02,32.04,28.0,0.406,-0.275,1.306,0,1,0
1778204811.2572134,1342.12,1.7696353197097778,0.2434396743774414,-2.3297975699054163,-1.0040810743915003,3.5406997203826904,0.56440269947052,0.0,0.0,-0.0,0.0,0.0,0.0,-0.1419067531824112,3.977966785430908,-1.5289148092269897,0.2041168361902237,-0.0358886756002903,-0.2018737941980362,0.1422696867745393,-0.34690519482431437,0.890077319855368,-1.3853330522804572,-1.5063540267110416,1.9508900920286858,0.0,0.0,0.0,0.0,0.0,0.0,1.7695566142836938,0.24339841436500986,-2.329816140589685,-1.004101392145385,3.540695881423035,0.5643377819968957,7.0,1.0,47.986000061035156,48.22800064086914,48.04600143432617,0.02,32.04,28.0,0.406,-0.275,1.306,0,1,0
1778204811.2690105,1342.128,1.769647240638733,0.24345171451568604,-2.329773728047506,-1.0041168371783655,3.5407354831695557,0.5643787384033203,0.0,0.0,-0.0,0.0,0.0,0.0,-0.1190185695886612,3.977966785430908,-1.5311566591262817,0.2018737941980362,-0.0448608435690403,-0.2063598781824112,0.14228284580539097,-0.3469281154552539,0.8900798494437301,-1.3852874127510153,-1.506411579332933,1.9509029286308255,0.0,0.0,0.0,0.0,0.0,0.0,1.7695566142836938,0.24339841436500986,-2.329816140589685,-1.004101392145385,3.540695881423035,0.5643377819968957,7.0,1.0,47.986000061035156,48.27399826049805,48.04600143432617,0.02,32.04,28.0,0.406,-0.275,1.306,0,1,0
1778204811.277185,1342.136,1.7696353197097778,0.2434396743774414,-2.3297975699054163,-1.0040929953204554,3.5407590866088867,0.5643547773361206,0.0,0.0,-0.0,0.0,0.0,0.0,-0.1190185695886612,3.973389148712158,-1.504254937171936,0.2063598781824112,-0.0381317175924778,-0.2041168361902237,0.14227989454866932,-0.3469170214443189,0.8900772047637792,-1.3852662657389854,-1.5064252553418882,1.9509059837689562,0.0,0.0,0.0,0.0,0.0,0.0,1.7695566142836938,0.24339841436500986,-2.329816140589685,-1.004101392145385,3.540695881423035,0.5643377819968957,7.0,1.0,47.986000061035156,48.27399826049805,48.04600143432617,0.02,32.04,28.0,0.406,-0.275,1.306,0,1,0
1778204811.2885306,1342.144,1.7695872783660889,0.2434396743774414,-2.329773728047506,-1.0040810743915003,3.54074764251709,0.5643667578697205,0.0,0.0,-0.0,0.0,0.0,0.0,-0.1235962063074112,3.987122058868408,-1.5109803676605225,0.2063598781824112,-0.0403747595846653,-0.2198181450366974,0.14226587004003544,-0.3469460504592597,0.8900821141082877,-1.385284147707796,-1.506385928325548,1.9508455182159452,0.0,0.0,0.0,0.0,0.0,0.0,1.7695566142836938,0.24339841436500986,-2.329816140589685,-1.004101392145385,3.540695881423035,0.5643377819968957,7.0,1.0,47.986000061035156,48.27399826049805,48.04600143432617,0.02,32.04,28.0,0.406,-0.275,1.306,0,1,0
1778204811.2906985,1342.152,1.7696353197097778,0.24342775344848633,-2.3298216501819056,-1.0041049162494105,3.54074764251709,0.56440269947052,0.0,0.0,-0.0,0.0,0.0,0.0,-0.1281738430261612,3.996277332305908,-1.5199475288391113,0.2086029201745987,-0.0448608435690403,-0.1951446682214737,0.1422640727261612,-0.3468690792783764,0.8900773675555558,-1.3853504489921245,-1.5063620383628347,1.9509717106159283,0.0,0.0,0.0,0.0,0.0,0.0,1.7695566142836938,0.24339841436500986,-2.329816140589685,-1.004101392145385,3.540695881423035,0.5643377819968957,7.0,1.0,47.986000061035156,48.27399826049805,48.04600143432617,0.02,32.04,28.0,0.406,-0.275,1.306,0,1,0
1778204811.3003707,1342.1599999999999,1.7696353197097778,0.24340379238128662,-2.3297975699054163,-1.0041049162494105,3.5406997203826904,0.56440269947052,0.0,0.0,-0.0,0.0,0.0,0.0,-0.1327514797449112,3.968811511993408,-1.5109803676605225,0.2063598781824112,-0.0426178015768528,-0.2018737941980362,0.14226229818035388,-0.34686874912444443,0.8900918563191231,-1.3853710995350756,-1.5063140191215671,1.9509446511263582,0.0,0.0,0.0,0.0,0.0,0.0,1.7695566142836938,0.24339841436500986,-2.329816140589685,-1.004101392145385,3.540695881423035,0.5643377819968957,7.0,1.0,47.986000061035156,48.27399826049805,48.04600143432617,0.02,32.04,28.0,0.406,-0.275,1.306,0,1,0
1778204811.308382,1342.168,1.7696353197097778,0.24345171451568604,-2.3297975699054163,-1.0040810743915003,3.5407116413116455,0.56440269947052,0.0,0.0,-0.0,0.0,0.0,0.0,-0.0915527418255806,3.996277332305908,-1.5244312286376953,0.2063598781824112,-0.0426178015768528,-0.2130890041589737,0.14227211741232865,-0.34691516046439813,0.8900728318595048,-1.385320237582642,-1.5063740796513831,1.9508857948640637,0.0,0.0,0.0,0.0,0.0,0.0,1.7695566142836938,0.24339841436500986,-2.329816140589685,-1.004101392145385,3.540695881423035,0.5643377819968957,7.0,1.0,47.986000061035156,48.27399826049805,48.04600143432617,0.02,32.04,28.0,0.406,-0.275,1.306,0,1,0
1778204811.310645,1342.176,1.7696112394332886,0.24345171451568604,-2.329761568699972,-1.0040810743915003,3.5406997203826904,0.564318835735321,0.0,0.0,-0.0,0.0,0.0,0.0,-0.1373291164636612,3.996277332305908,-1.4975295066833496,0.2018737941980362,-0.0336456336081028,-0.1973877102136612,0.1422838139973856,-0.34697039302855287,0.8900801402480276,-1.385229112026442,-1.5063969534492196,1.9507821746094716,0.0,0.0,0.0,0.0,0.0,0.0,1.7695566142836938,0.24339841436500986,-2.329816140589685,-1.004101392145385,3.540695881423035,0.5643377819968957,7.0,1.0,47.986000061035156,48.27399826049805,48.04600143432617,0.02,32.04,28.0,0.406,-0.275,1.306,0,1,0
1778204811.3210263,1342.184,1.769647240638733,0.24348759651184082,-2.3298335711108606,-1.0040572325335901,3.54074764251709,0.5643547773361206,0.0,0.0,-0.0,0.0,0.0,0.0,-0.1098632961511612,3.982544422149658,-1.5311566591262817,0.2086029201745987,-0.0314025916159153,-0.2086029201745987,0.14228717707086547,-0.3469325502376148,0.8900494787534023,-1.3852350036654317,-1.506457215371587,1.950863009628235,0.0,0.0,0.0,0.0,0.0,0.0,1.7695566142836938,0.24339841436500986,-2.329816140589685,-1.004101392145385,3.540695881423035,0.5643377819968957,7.0,1.0,47.986000061035156,48.27399826049805,48.04600143432617,0.02,32.04,28.0,0.406,-0.275,1.306,0,1,0
1778204811.3310666,1342.192,1.7696112394332886,0.2434396743774414,-2.3297856489764612,-1.004068676625387,3.5407354831695557,0.5643667578697205,0.0,0.0,-0.0,0.0,0.0,0.0,-0.1464843899011612,3.987122058868408,-1.504254937171936,0.2041168361902237,-0.0426178015768528,-0.2310333549976349,0.1422724486125058,-0.34693603334473394,0.8900787842786937,-1.3852773211279281,-1.5063974083024008,1.9508524605712987,0.0,0.0,0.0,0.0,0.0,0.0,1.7695566142836938,0.24339841436500986,-2.329816140589685,-1.004101392145385,3.540695881423035,0.5643377819968957,7.0,1.0,47.986000061035156,48.27399826049805,48.04600143432617,0.02,32.04,28.0,0.406,-0.275,1.306,0,1,0
1778204811.3384285,1342.2,1.7696353197097778,0.2434396743774414,-2.3297856489764612,-1.0040929953204554,3.5406875610351562,0.5643787384033203,0.0,0.0,-0.0,0.0,0.0,0.0,-0.1419067531824112,3.977966785430908,-1.5311566591262817,0.1996307522058487,-0.0336456336081028,-0.2332763969898224,0.1422742621305979,-0.3469159231809619,0.8900804806104217,-1.3853140274379339,-1.5063516078560673,1.9508690064556955,0.0,0.0,0.0,0.0,0.0,0.0,1.7695566142836938,0.24339841436500986,-2.329816140589685,-1.004101392145385,3.540695881423035,0.5643377819968957,7.0,1.0,48.0,48.198001861572266,48.04600143432617,0.02,32.04,28.0,0.406,-0.275,1.306,0,1,0
1778204811.3406131,1342.2,1.7696353197097778,0.2434396743774414,-2.3297856489764612,-1.0040929953204554,3.5406875610351562,0.5643787384033203,0.0,0.0,-0.0,0.0,0.0,0.0,-0.1419067531824112,3.977966785430908,-1.5311566591262817,0.1996307522058487,-0.0336456336081028,-0.2332763969898224,0.1422742621305979,-0.3469159231809619,0.8900804806104217,-1.3853140274379339,-1.5063516078560673,1.9508690064556955,0.0,0.0,0.0,0.0,0.0,0.0,1.7695566142836938,0.24339841436500986,-2.329816140589685,-1.004101392145385,3.540695881423035,0.5643377819968957,7.0,1.0,48.0,48.198001861572266,48.04600143432617,0.1,32.1,28.0,0.405,-0.275,1.308,0,0,1
1778204811.342672,1342.2079999999999,1.769647240638733,0.2434157133102417,-2.329773728047506,-1.0041168371783655,3.5407354831695557,0.5643427968025208,0.0,0.0,-0.0,0.0,0.0,0.0,-0.1464843899011612,3.987122058868408,-1.5289148092269897,0.1996307522058487,-0.0291595496237278,-0.2018737941980362,0.1422835177340353,-0.34691007822793535,0.8900927267444743,-1.3852737676244586,-1.5064020992475484,1.9509145433626642,0.0,0.0,0.0,0.0,0.0,0.0,1.7695566142836938,0.24339841436500986,-2.329816140589685,-1.004101392145385,3.540695881423035,0.5643377819968957,7.0,1.0,48.0,48.198001861572266,48.06100082397461,0.1,32.1,28.0,0.405,-0.275,1.308,0,1,0
1778204811.3533483,1342.216,1.7695753574371338,0.24342775344848633,-2.329773728047506,-1.0040929953204554,3.5407116413116455,0.5643547773361206,0.0,0.0,-0.0,0.0,0.0,0.0,-0.1144409328699112,3.982544422149658,-1.5289148092269897,0.2018737941980362,-0.0291595496237278,-0.1861725002527237,0.1422591115246609,-0.34693404437811587,0.8900872037313272,-1.3853086487196917,-1.5063269834025723,1.9508328116415516,0.0,0.0,0.0,0.0,0.0,0.0,1.7695566142836938,0.24339841436500986,-2.329816140589685,-1.004101392145385,3.540695881423035,0.5643377819968957,7.0,1.0,48.0,48.198001861572266,48.06100082397461,0.1,32.1,28.0,0.405,-0.275,1.308,0,1,0
1778204811.3635793,1342.224,1.7696353197097778,0.24342775344848633,-2.329749647771017,-1.0040929953204554,3.5407235622406006,0.56440269947052,0.0,0.0,-0.0,0.0,0.0,0.0,-0.1419067531824112,3.973389148712158,-1.504254937171936,0.2063598781824112,-0.0426178015768528,-0.2153320610523224,0.1422767259232752,-0.346936142931885,0.8900931033123849,-1.3853073645036629,-1.5063943051858246,1.9508815829225956,0.0,0.0,0.0,0.0,0.0,0.0,1.7695566142836938,0.24339841436500986,-2.329816140589685,-1.004101392145385,3.540695881423035,0.5643377819968957,7.0,1.0,48.0,48.198001861572266,48.06100082397461,0.1,32.1,28.0,0.405,-0.275,1.308,0,1,0
1778204811.3708203,1342.232,1.7696353197097778,0.24345171451568604,-2.3298216501819056,-1.0040448347674769,3.5407235622406006,0.5643547773361206,0.0,0.0,-0.0,0.0,0.0,0.0,-0.1693725734949112,3.991699695587158,-1.515463948249817,0.1951446682214737,-0.0426178015768528,-0.2243042290210724,0.1422795604494204,-0.34692112079807125,0.8900648097770206,-1.3852585436008897,-1.5064136368605978,1.9508530216137094,0.0,0.0,0.0,0.0,0.0,0.0,1.7695566142836938,0.24339841436500986,-2.329816140589685,-1.004101392145385,3.540695881423035,0.5643377819968957,7.0,1.0,48.0,48.198001861572266,48.06100082397461,0.1,32.1,28.0,0.405,-0.275,1.308,0,1,0
1778204811.3730283,1342.24,1.7695993185043335,0.24340379238128662,-2.3298335711108606,-1.0041049162494105,3.5407235622406006,0.5643907189369202,0.0,0.0,-0.0,0.0,0.0,0.0,-0.1007080152630806,3.987122058868408,-1.504254937171936,0.2063598781824112,-0.0403747595846653,-0.2018737941980362,0.14224662388474343,-0.3468466624039801,0.8900834754571543,-1.3853892067187037,-1.5062834144794026,1.9509624635153826,0.0,0.0,0.0,0.0,0.0,0.0,1.7695566142836938,0.24339841436500986,-2.329816140589685,-1.004101392145385,3.540695881423035,0.5643377819968957,7.0,1.0,48.0,48.198001861572266,48.06100082397461,0.1,32.1,28.0,0.405,-0.275,1.308,0,1,0
1778204811.3839262,1342.248,1.7696112394332886,0.2434157133102417,-2.329773728047506,-1.0040810743915003,3.5407354831695557,0.5643907189369202,0.0,0.0,-0.0,0.0,0.0,0.0,-0.1419067531824112,3.973389148712158,-1.5266729593276978,0.2041168361902237,-0.0269165076315403,-0.1839294582605362,0.1422658840252085,-0.34691784315158203,0.8900912470101565,-1.3853172061269738,-1.5063713203818012,1.9508890270374786,0.0,0.0,0.0,0.0,0.0,0.0,1.7695566142836938,0.24339841436500986,-2.329816140589685,-1.004101392145385,3.540695881423035,0.5643377819968957,7.0,1.0,48.0,48.198001861572266,48.06100082397461,0.1,32.1,28.0,0.405,-0.275,1.308,0,1,0
1778204811.393682,1342.2559999999999,1.7696712017059326,0.2434157133102417,-2.3298216501819056,-1.0040929953204554,3.5407354831695557,0.5643667578697205,0.0,0.0,-0.0,0.0,0.0,0.0,-0.0778198316693306,3.968811511993408,-1.515463948249817,0.2041168361902237,-0.0471038855612278,-0.1906585842370987,0.14228116174386704,-0.3468676679622202,0.8900808144853989,-1.3853016220099894,-1.5063994614879956,1.950964974352767,0.0,0.0,0.0,0.0,0.0,0.0,1.7695566142836938,0.24339841436500986,-2.329816140589685,-1.004101392145385,3.540695881423035,0.5643377819968957,7.0,1.0,48.0,48.198001861572266,48.06100082397461,0.1,32.1,28.0,0.405,-0.275,1.308,0,1,0
1778204811.403092,1342.264,1.7696353197097778,0.24345171451568604,-2.3297856489764612,-1.0040572325335901,3.5407116413116455,0.5643667578697205,0.0,0.0,-0.0,0.0,0.0,0.0,-0.1419067531824112,3.982544422149658,-1.551332950592041,0.2018737941980362,-0.0426178015768528,-0.1951446682214737,0.14228233302058554,-0.3469442881026101,0.8900738229130982,-1.3852608711369074,-1.5064127148774495,1.9508318644020488,0.0,0.0,0.0,0.0,0.0,0.0,1.7695566142836938,0.24339841436500986,-2.329816140589685,-1.004101392145385,3.540695881423035,0.5643377819968957,7.0,1.0,48.0,48.198001861572266,48.06100082397461,0.1,32.1,28.0,0.405,-0.275,1.308,0,1,0
1778204811.4055047,1342.272,1.7695872783660889,0.2434636354446411,-2.3297856489764612,-1.0040810743915003,3.5407354831695557,0.5643427968025208,0.0,0.0,-0.0,0.0,0.0,0.0,-0.0732421949505806,3.977966785430908,-1.5221893787384033,0.1996307522058487,-0.0336456336081028,-0.2108459621667862,0.14227077130948937,-0.3469582393146142,0.8900703951113174,-1.3852574757830947,-1.5063914879391227,1.950813395207746,0.0,0.0,0.0,0.0,0.0,0.0,1.7695566142836938,0.24339841436500986,-2.329816140589685,-1.004101392145385,3.540695881423035,0.5643377819968957,7.0,1.0,48.0,48.22800064086914,48.06100082397461,0.1,32.1,28.0,0.405,-0.275,1.308,0,1,0
1778204811.417199,1342.28,1.7696353197097778,0.2434157133102417,-2.3298097292529505,-1.0041049162494105,3.54074764251709,0.5644266605377197,0.0,0.0,-0.0,0.0,0.0,0.0,-0.1052856519818306,3.977966785430908,-1.5221893787384033,0.2041168361902237,-0.0358886756002903,-0.2153320610523224,0.1422603352276731,-0.3468648070837329,0.890084750753866,-1.3853748280108424,-1.5063522393058013,1.9509860704854518,0.0,0.0,0.0,0.0,0.0,0.0,1.7695566142836938,0.24339841436500986,-2.329816140589685,-1.004101392145385,3.540695881423035,0.5643377819968957,7.0,1.0,48.0,48.22800064086914,48.04600143432617,0.1,32.1,28.0,0.405,-0.275,1.308,0,1,0
1778204811.4298816,1342.288,1.7696353197097778,0.24345171451568604,-2.3297856489764612,-1.004068676625387,3.54074764251709,0.5643787384033203,0.0,0.0,-0.0,0.0,0.0,0.0,-0.1419067531824112,3.987122058868408,-1.5109803676605225,0.2041168361902237,-0.0381317175924778,-0.2175751030445099,0.14228121512157854,-0.34693963893103474,0.8900744217252029,-1.385264750097033,-1.5064363694705383,1.9508696961149101,0.0,0.0,0.0,0.0,0.0,0.0,1.7695566142836938,0.24339841436500986,-2.329816140589685,-1.004101392145385,3.540695881423035,0.5643377819968957,7.0,1.0,47.986000061035156,48.22800064086914,48.04600143432617,0.1,32.1,28.0,0.405,-0.275,1.308,0,1,0
1778204811.440287,1342.296,1.7696112394332886,0.24342775344848633,-2.329761568699972,-1.0040929953204554,3.5407235622406006,0.5643667578697205,0.0,0.0,-0.0,0.0,0.0,0.0,-0.1007080152630806,3.982544422149658,-1.4952876567840576,0.2018737941980362,-0.0515899695456028,-0.2243042290210724,0.14227232696539252,-0.3469377990789638,0.8900900265859395,-1.385290282194794,-1.5063773683846424,1.9508568411439877,0.0,0.0,0.0,0.0,0.0,0.0,1.7695566142836938,0.24339841436500986,-2.329816140589685,-1.004101392145385,3.540695881423035,0.5643377819968957,7.0,1.0,47.986000061035156,48.22800064086914,48.04600143432617,0.1,32.1,28.0,0.405,-0.275,1.308,0,1,0
1778204811.4427588,1342.3039999999999,1.7695872783660889,0.2434636354446411,-2.3298097292529505,-1.0040810743915003,3.5406997203826904,0.5644266605377197,0.0,0.0,-0.0,0.0,0.0,0.0,-0.1419067531824112,3.982544422149658,-1.5177057981491089,0.2086029201745987,-0.0403747595846653,-0.2198181450366974,0.142250386950276,-0.346913181190582,0.8900659992155067,-1.3853735029274625,-1.5063051469566031,1.9508649706132137,0.0,0.0,0.0,0.0,0.0,0.0,1.7695566142836938,0.24339841436500986,-2.329816140589685,-1.004101392145385,3.540695881423035,0.5643377819968957,7.0,1.0,47.986000061035156,48.22800064086914,48.04600143432617,0.1,32.1,28.0,0.405,-0.275,1.308,0,1,0
1778204811.4611368,1342.312,1.7695872783660889,0.24342775344848633,-2.329773728047506,-1.004068676625387,3.5407354831695557,0.5644146800041199,0.0,0.0,-0.0,0.0,0.0,0.0,-0.0686645582318306,3.968811511993408,-1.5064966678619385,0.2086029201745987,-0.02467346377670765,-0.2041168361902237,0.14225635490018018,-0.34692935210588316,0.8900863778894854,-1.3853377183550186,-1.5063544959146604,1.9508667117024197,0.0,0.0,0.0,0.0,0.0,0.0,1.7695566142836938,0.24339841436500986,-2.329816140589685,-1.004101392145385,3.540695881423035,0.5643377819968957,7.0,1.0,47.986000061035156,48.22800064086914,48.04600143432617,0.1,32.1,28.0,0.405,-0.275,1.308,0,1,0
1778204811.4643593,1342.32,1.7696353197097778,0.24347567558288574,-2.3297975699054163,-1.0041287581073206,3.54074764251709,0.5643787384033203,0.0,0.0,-0.0,0.0,0.0,0.0,-0.1464843899011612,3.955078601837158,-1.5289148092269897,0.2041168361902237,-0.0403747595846653,-0.1929016262292862,0.14227768066686364,-0.3469226238729836,0.8900662397020036,-1.385295608459312,-1.5064041599009161,1.9509133987255018,0.0,0.0,0.0,0.0,0.0,0.0,1.7695566142836938,0.24339841436500986,-2.329816140589685,-1.004101392145385,3.540695881423035,0.5643377819968957,7.0,1.0,47.986000061035156,48.22800064086914,48.04600143432617,0.1,32.1,28.0,0.405,-0.275,1.308,0,1,0
1778204811.4674637,1342.328,1.7696112394332886,0.24345171451568604,-2.3297856489764612,-1.0041168371783655,3.5407354831695557,0.5643667578697205,0.0,0.0,-0.0,0.0,0.0,0.0,-0.01831054873764515,3.964233875274658,-1.5244312286376953,0.2041168361902237,-0.0403747595846653,-0.1884155422449112,0.1422702497877525,-0.3469255608915338,0.8900770262884937,-1.3853005152396078,-1.5063732235120415,1.9508853317074522,0.0,0.0,0.0,0.0,0.0,0.0,1.7695566142836938,0.24339841436500986,-2.329816140589685,-1.004101392145385,3.540695881423035,0.5643377819968957,7.0,1.0,47.986000061035156,48.22800064086914,48.04600143432617,0.1,32.1,28.0,0.405,-0.275,1.308,0,1,0
1778204811.4784389,1342.336,1.7696353197097778,0.2434396743774414,-2.3298097292529505,-1.0041049162494105,3.5407235622406006,0.5643907189369202,0.0,0.0,-0.0,0.0,0.0,0.0,-0.0640869215130806,3.968811511993408,-1.5177057981491089,0.1973877102136612,-0.0336456336081028,-0.2332763969898224,0.14226878738777224,-0.3468896087850782,0.8900756581764575,-1.3853335611671915,-1.5063587235759917,1.9509292425356655,0.0,0.0,0.0,0.0,0.0,0.0,1.7695566142836938,0.24339841436500986,-2.329816140589685,-1.004101392145385,3.540695881423035,0.5643377819968957,7.0,1.0,47.986000061035156,48.22800064086914,48.04600143432617,0.1,32.1,28.0,0.405,-0.275,1.308,0,1,0
1778204811.4818935,1342.344,1.7695872783660889,0.2434396743774414,-2.3298335711108606,-1.0041049162494105,3.5407116413116455,0.56440269947052,0.0,0.0,-0.0,0.0,0.0,0.0,-0.0778198316693306,3.977966785430908,-1.5356402397155762,0.2041168361902237,-0.0336456336081028,-0.2018737941980362,0.14224520044340738,-0.3468712593415856,0.8900704449316499,-1.3853896740172251,-1.5062788152215365,1.9509228745569458,0.0,0.0,0.0,0.0,0.0,0.0,1.7695566142836938,0.24339841436500986,-2.329816140589685,-1.004101392145385,3.540695881423035,0.5643377819968957,7.0,1.0,47.986000061035156,48.24300003051758,48.04600143432617,0.1,32.1,28.0,0.405,-0.275,1.308,0,1,0
1778204811.4990447,1342.3519999999999,1.7695753574371338,0.24347567558288574,-2.329773728047506,-1.0041168371783655,3.5407590866088867,0.5643907189369202,0.0,0.0,-0.0,0.0,0.0,0.0,-0.1235962063074112,3.982544422149658,-1.5289148092269897,0.2063598781824112,-0.0336456336081028,-0.2018737941980362,0.1422607063727611,-0.34695521184491046,0.8900710445034963,-1.3853094126779149,-1.5063761875729547,1.9508587616531197,0.0,0.0,0.0,0.0,0.0,0.0,1.7695566142836938,0.24339841436500986,-2.329816140589685,-1.004101392145385,3.540695881423035,0.5643377819968957,7.0,1.0,47.986000061035156,48.24300003051758,48.04600143432617,0.1,32.1,28.0,0.405,-0.275,1.308,0,1,0
1778204811.5012753,1342.36,1.7695993185043335,0.24337971210479736,-2.3297975699054163,-1.0040929953204554,3.54074764251709,0.56440269947052,0.0,0.0,-0.0,0.0,0.0,0.0,-0.1327514797449112,3.964233875274658,-1.5177057981491089,0.2130890041589737,-0.0314025916159153,-0.2198181450366974,0.14224966197484523,-0.3468645988909487,0.8900998426913546,-1.3853756340188097,-1.5063188433968957,1.9509614748915334,0.0,0.0,0.0,0.0,0.0,0.0,1.7695566142836938,0.24339841436500986,-2.329816140589685,-1.004101392145385,3.540695881423035,0.5643377819968957,7.0,1.0,47.986000061035156,48.24300003051758,48.04600143432617,0.1,32.1,28.0,0.405,-0.275,1.308,0,1,0
1778204811.5039291,1342.36,1.7695993185043335,0.24337971210479736,-2.3297975699054163,-1.0040929953204554,3.54074764251709,0.56440269947052,0.0,0.0,-0.0,0.0,0.0,0.0,-0.1327514797449112,3.964233875274658,-1.5177057981491089,0.2130890041589737,-0.0314025916159153,-0.2198181450366974,0.14224966197484523,-0.3468645988909487,0.8900998426913546,-1.3853756340188097,-1.5063188433968957,1.9509614748915334,0.0,0.0,0.0,0.0,0.0,0.0,1.7695566142836938,0.24339841436500986,-2.329816140589685,-1.004101392145385,3.540695881423035,0.5643377819968957,7.0,1.0,47.986000061035156,48.24300003051758,48.04600143432617,0.2,31.98,27.7,0.415,-0.29,1.317,0,0,1
1778204811.5149071,1342.368,1.7696353197097778,0.24347567558288574,-2.3297856489764612,-1.004068676625387,3.5407354831695557,0.5643787384033203,0.0,0.0,-0.0,0.0,0.0,0.0,-0.1419067531824112,3.991699695587158,-1.5244312286376953,0.2018737941980362,-0.0426178015768528,-0.1839294582605362,0.14228419238871826,-0.3469565507106138,0.8900656527369848,-1.3852548124421529,-1.506440196632894,1.9508409163939002,0.0,0.0,0.0,0.0,0.0,0.0,1.7695566142836938,0.24339841436500986,-2.329816140589685,-1.004101392145385,3.540695881423035,0.5643377819968957,7.0,1.0,47.986000061035156,48.24300003051758,48.04600143432617,0.2,31.98,27.7,0.415,-0.29,1.317,0,1,0
1778204811.5171986,1342.376,1.7695872783660889,0.2434396743774414,-2.3297856489764612,-1.0040810743915003,3.5407354831695557,0.5643907189369202,0.0,0.0,-0.0,0.0,0.0,0.0,-0.1281738430261612,3.964233875274658,-1.5221893787384033,0.2086029201745987,-0.0358886756002903,-0.2198181450366974,0.14225904163986736,-0.34692852381390704,0.8900797267914277,-1.3853213538634848,-1.506355912649555,1.9508637586049007,0.0,0.0,0.0,0.0,0.0,0.0,1.7695566142836938,0.24339841436500986,-2.329816140589685,-1.004101392145385,3.540695881423035,0.5643377819968957,7.0,1.0,47.986000061035156,48.24300003051758,48.04600143432617,0.2,31.98,27.7,0.415,-0.29,1.317,0,1,0
1778204811.5198295,1342.384,1.7696112394332886,0.24345171451568604,-2.3298216501819056,-1.0041049162494105,3.5407116413116455,0.5643427968025208,0.0,0.0,-0.0,0.0,0.0,0.0,-0.0915527418255806,3.973389148712158,-1.5221893787384033,0.2063598781824112,-0.0336456336081028,-0.2108459621667862,0.14226761487563752,-0.346902243383936,0.8900680753963438,-1.3853018392115035,-1.5063427482588936,1.9508796535250792,0.0,0.0,0.0,0.0,0.0,0.0,1.7695566142836938,0.24339841436500986,-2.329816140589685,-1.004101392145385,3.540695881423035,0.5643377819968957,7.0,1.0,47.986000061035156,48.24300003051758,48.04600143432617,0.2,31.98,27.7,0.415,-0.29,1.317,0,1,0
1778204811.5390956,1342.392,1.769647240638733,0.243391752243042,-2.3298335711108606,-1.0040810743915003,3.540783166885376,0.5643787384033203,0.0,0.0,-0.0,0.0,0.0,0.0,-0.1052856519818306,3.968811511993408,-1.5221893787384033,0.2041168361902237,-0.0403747595846653,-0.2175751030445099,0.14226853945936657,-0.34684829204837786,0.8900861872225174,-1.3853200399346906,-1.5064029913356671,1.9510066846429959,0.0,0.0,0.0,0.0,0.0,0.0,1.7695566142836938,0.24339841436500986,-2.329816140589685,-1.004101392145385,3.540695881423035,0.5643377819968957,7.0,1.0,47.986000061035156,48.24300003051758,48.04600143432617,0.2,31.98,27.7,0.415,-0.29,1.317,0,1,0
1778204811.5415485,1342.3999999999999,1.7696353197097778,0.24342775344848633,-2.3298335711108606,-1.0041049162494105,3.5407235622406006,0.5643907189369202,0.0,0.0,-0.0,0.0,0.0,0.0,-0.1007080152630806,3.996277332305908,-1.5064966678619385,0.1996307522058487,-0.0336456336081028,-0.2332763969898224,0.14226271832174117,-0.34685944278237735,0.8900746534274766,-1.3853563269595033,-1.5063346778392095,1.950961901882486,0.0,0.0,0.0,0.0,0.0,0.0,1.7695566142836938,0.24339841436500986,-2.329816140589685,-1.004101392145385,3.540695881423035,0.5643377819968957,7.0,1.0,47.986000061035156,48.24300003051758,48.04600143432617,0.2,31.98,27.7,0.415,-0.29,1.317,0,1,0
1778204811.5506802,1342.408,1.7696353197097778,0.2434636354446411,-2.329761568699972,-1.004068676625387,3.5407235622406006,0.5643907189369202,0.0,0.0,-0.0,0.0,0.0,0.0,-0.1098632961511612,3.987122058868408,-1.4952876567840576,0.2018737941980362,-0.0336456336081028,-0.2108459621667862,0.14228404789548327,-0.3469651045711087,0.8900757141834172,-1.385264444109291,-1.5064314814203614,1.9508303543144683,0.0,0.0,0.0,0.0,0.0,0.0,1.7695566142836938,0.24339841436500986,-2.329816140589685,-1.004101392145385,3.540695881423035,0.5643377819968957,7.0,1.0,47.986000061035156,48.24300003051758,48.04600143432617,0.2,31.98,27.7,0.415,-0.29,1.317,0,1,0
1778204811.5541863,1342.416,1.7696112394332886,0.2434157133102417,-2.3298097292529505,-1.0040448347674769,3.54074764251709,0.5643547773361206,0.0,0.0,-0.0,0.0,0.0,0.0,-0.1281738430261612,3.973389148712158,-1.5289148092269897,0.2086029201745987,-0.0358886756002903,-0.1906585842370987,0.1422691719482586,-0.34691023967121,0.8900806539912435,-1.3852751745017815,-1.5063982083373162,1.9508743734011746,0.0,0.0,0.0,0.0,0.0,0.0,1.7695566142836938,0.24339841436500986,-2.329816140589685,-1.004101392145385,3.540695881423035,0.5643377819968957,7.0,1.0,47.986000061035156,48.27399826049805,48.04600143432617,0.2,31.98,27.7,0.415,-0.29,1.317,0,1,0
1778204811.5577023,1342.424,1.7696112394332886,0.2434157133102417,-2.3297856489764612,-1.0041287581073206,3.54074764251709,0.5643787384033203,0.0,0.0,-0.0,0.0,0.0,0.0,-0.1235962063074112,3.973389148712158,-1.502013087272644,0.2041168361902237,-0.0291595496237278,-0.2265472710132599,0.14226243655126383,-0.34689188105396584,0.8900910167669603,-1.3853378953854432,-1.506348463896566,1.9509431019822658,0.0,0.0,0.0,0.0,0.0,0.0,1.7695566142836938,0.24339841436500986,-2.329816140589685,-1.004101392145385,3.540695881423035,0.5643377819968957,7.0,1.0,47.986000061035156,48.27399826049805,48.04600143432617,0.2,31.98,27.7,0.415,-0.29,1.317,0,1,0
1778204811.5772908,1342.432,1.7695753574371338,0.243391752243042,-2.3297856489764612,-1.0040810743915003,3.5407235622406006,0.5643427968025208,0.0,0.0,-0.0,0.0,0.0,0.0,-0.0869751051068306,4.005432605743408,-1.515463948249817,0.2018737941980362,-0.0403747595846653,-0.2108459621667862,0.1422551974970948,-0.3469052591271323,0.8900969209759801,-1.3853141316173958,-1.5063196828714251,1.950865377125444,0.0,0.0,0.0,0.0,0.0,0.0,1.7695566142836938,0.24339841436500986,-2.329816140589685,-1.004101392145385,3.540695881423035,0.5643377819968957,7.0,1.0,47.986000061035156,48.27399826049805,48.04600143432617,0.2,31.98,27.7,0.415,-0.29,1.317,0,1,0
1778204811.587852,1342.4399999999998,1.7696353197097778,0.24340379238128662,-2.3298216501819056,-1.0041049162494105,3.5407354831695557,0.5643787384033203,0.0,0.0,-0.0,0.0,0.0,0.0,-0.1419067531824112,3.991699695587158,-1.5087385177612305,0.2063598781824112,-0.0515899695456028,-0.1749572902917862,0.14226389657800262,-0.3468560945672286,0.8900859922288196,-1.3853466015921887,-1.5063435190105379,1.95097256260355,0.0,0.0,0.0,0.0,0.0,0.0,1.7695566142836938,0.24339841436500986,-2.329816140589685,-1.004101392145385,3.540695881423035,0.5643377819968957,7.0,1.0,47.986000061035156,48.27399826049805,48.04600143432617,0.2,31.98,27.7,0.415,-0.29,1.317,0,1,0
1778204811.5900283,1342.4479999999999,1.769647240638733,0.24342775344848633,-2.32985765138735,-1.004068676625387,3.5406875610351562,0.5643547773361206,0.0,0.0,-0.0,0.0,0.0,0.0,-0.1098632961511612,3.982544422149658,-1.502013087272644,0.2018737941980362,-0.0336456336081028,-0.1906585842370987,0.14226978126116868,-0.34685685382999104,0.8900669767128923,-1.38532173799745,-1.5063328310164699,1.950916296378517,0.0,0.0,0.0,0.0,0.0,0.0,1.7695566142836938,0.24339841436500986,-2.329816140589685,-1.004101392145385,3.540695881423035,0.5643377819968957,7.0,1.0,47.986000061035156,48.27399826049805,48.04600143432617,0.2,31.98,27.7,0.415,-0.29,1.317,0,1,0
1778204811.5925732,1342.456,1.7696112394332886,0.24342775344848633,-2.3297856489764612,-1.0041168371783655,3.540771245956421,0.5643547773361206,0.0,0.0,-0.0,0.0,0.0,0.0,-0.0595092847943306,3.964233875274658,-1.504254937171936,0.2041168361902237,-0.0403747595846653,-0.2041168361902237,0.14227052744269164,-0.3469135231561594,0.8900855603854817,-1.385288045738465,-1.506398007287695,1.9509203086230602,0.0,0.0,0.0,0.0,0.0,0.0,1.7695566142836938,0.24339841436500986,-2.329816140589685,-1.004101392145385,3.540695881423035,0.5643377819968957,7.0,1.0,47.986000061035156,48.27399826049805,48.04600143432617,0.2,31.98,27.7,0.415,-0.29,1.317,0,1,0
1778204811.595155,1342.464,1.7696353197097778,0.24345171451568604,-2.3297975699054163,-1.0040929953204554,3.5407354831695557,0.5643787384033203,0.0,0.0,-0.0,0.0,0.0,0.0,-0.0686645582318306,3.959656238555908,-1.5064966678619385,0.2086029201745987,-0.0358886756002903,-0.2063598781824112,0.1422764218689457,-0.34691818904900906,0.8900731320334876,-1.3852931952055891,-1.5063998296445826,1.9508958794218083,0.0,0.0,0.0,0.0,0.0,0.0,1.7695566142836938,0.24339841436500986,-2.329816140589685,-1.004101392145385,3.540695881423035,0.5643377819968957,7.0,1.0,47.986000061035156,48.27399826049805,48.04600143432617,0.2,31.98,27.7,0.415,-0.29,1.317,0,1,0
1778204811.6150362,1342.472,1.7695993185043335,0.24342775344848633,-2.3297975699054163,-1.0041049162494105,3.5407235622406006,0.5643907189369202,0.0,0.0,-0.0,0.0,0.0,0.0,-0.1052856519818306,3.973389148712158,-1.5199475288391113,0.2063598781824112,-0.0403747595846653,-0.2265472710132599,0.14225668380981277,-0.3468966666475621,0.8900827985307709,-1.3853510476805064,-1.5063237183020701,1.950907693964677,0.0,0.0,0.0,0.0,0.0,0.0,1.7695566142836938,0.24339841436500986,-2.329816140589685,-1.004101392145385,3.540695881423035,0.5643377819968957,7.0,1.0,47.986000061035156,48.27399826049805,48.04600143432617,0.2,31.98,27.7,0.415,-0.29,1.317,0,1,0
1778204811.6221895,1342.48,1.7695872783660889,0.2434396743774414,-2.3297975699054163,-1.0040929953204554,3.540795087814331,0.5643667578697205,0.0,0.0,-0.0,0.0,0.0,0.0,-0.1052856519818306,3.987122058868408,-1.5064966678619385,0.2130890041589737,-0.0336456336081028,-0.2063598781824112,0.14226306354276647,-0.346923833097657,0.8900771676113235,-1.38528639626124,-1.5064095911381723,1.9509048796772275,0.0,0.0,0.0,0.0,0.0,0.0,1.7695566142836938,0.24339841436500986,-2.329816140589685,-1.004101392145385,3.540695881423035,0.5643377819968957,7.0,1.0,47.986000061035156,48.27399826049805,48.04600143432617,0.2,31.98,27.7,0.415,-0.29,1.317,0,1,0
1778204811.6257136,1342.4879999999998,1.7695872783660889,0.24342775344848633,-2.3297856489764612,-1.004068676625387,3.5407590866088867,0.5643787384033203,0.0,0.0,-0.0,0.0,0.0,0.0,-0.0640869215130806,3.964233875274658,-1.502013087272644,0.2041168361902237,-0.0381317175924778,-0.1884155422449112,0.14226153395114696,-0.34692950355988783,0.8900831935872775,-1.3852985784637692,-1.5063848410673892,1.9508695649175858,0.0,0.0,0.0,0.0,0.0,0.0,1.7695566142836938,0.24339841436500986,-2.329816140589685,-1.004101392145385,3.540695881423035,0.5643377819968957,7.0,1.0,47.986000061035156,48.22800064086914,48.04600143432617,0.2,31.98,27.7,0.415,-0.29,1.317,0,1,0
1778204811.629772,1342.4959999999999,1.7696353197097778,0.2434396743774414,-2.3298097292529505,-1.0041411558734339,3.5407235622406006,0.56440269947052,0.0,0.0,-0.0,0.0,0.0,0.0,-0.1098632961511612,3.964233875274658,-1.5289148092269897,0.2063598781824112,-0.0291595496237278,-0.2153320610523224,0.1422637376979416,-0.34687200627266007,0.8900777970193781,-1.3853689331216708,-1.5063295733486939,1.950969376244836,0.0,0.0,0.0,0.0,0.0,0.0,1.7695566142836938,0.24339841436500986,-2.329816140589685,-1.004101392145385,3.540695881423035,0.5643377819968957,7.0,1.0,47.986000061035156,48.22800064086914,48.04600143432617,0.2,31.98,27.7,0.415,-0.29,1.317,0,1,0
1778204811.6375527,1342.504,1.769647240638733,0.24342775344848633,-2.3298216501819056,-1.0040810743915003,3.5407354831695557,0.5643787384033203,0.0,0.0,-0.0,0.0,0.0,0.0,-0.0457763709127903,3.977966785430908,-1.5064966678619385,0.1996307522058487,-0.0358886756002903,-0.2041168361902237,0.14227362547077976,-0.3468819378413114,0.8900758457326096,-1.3853102724406958,-1.5063871984996815,1.9509359844737746,0.0,0.0,0.0,0.0,0.0,0.0,1.7695566142836938,0.24339841436500986,-2.329816140589685,-1.004101392145385,3.540695881423035,0.5643377819968957,7.0,1.0,47.986000061035156,48.22800064086914,48.04600143432617,0.2,31.98,27.7,0.415,-0.29,1.317,0,1,0
1778204811.658178,1342.504,1.769647240638733,0.24342775344848633,-2.3298216501819056,-1.0040810743915003,3.5407354831695557,0.5643787384033203,0.0,0.0,-0.0,0.0,0.0,0.0,-0.0457763709127903,3.977966785430908,-1.5064966678619385,0.1996307522058487,-0.0358886756002903,-0.2041168361902237,0.14227362547077976,-0.3468819378413114,0.8900758457326096,-1.3853102724406958,-1.5063871984996815,1.9509359844737746,0.0,0.0,0.0,0.0,0.0,0.0,1.7695566142836938,0.24339841436500986,-2.329816140589685,-1.004101392145385,3.540695881423035,0.5643377819968957,7.0,1.0,47.986000061035156,48.22800064086914,48.04600143432617,0.13,31.88,27.62,0.416,-0.29,1.319,0,0,1
1778204811.6606662,1342.512,1.7696353197097778,0.24337971210479736,-2.3297975699054163,-1.0040810743915003,3.54074764251709,0.5643907189369202,0.0,0.0,-0.0,0.0,0.0,0.0,-0.0778198316693306,3.982544422149658,-1.5177057981491089,0.2063598781824112,-0.0381317175924778,-0.2018737941980362,0.14226517338103514,-0.3468672496412118,0.8900990542964615,-1.3853381652381715,-1.506366916043894,1.950964865373139,0.0,0.0,0.0,0.0,0.0,0.0,1.7695566142836938,0.24339841436500986,-2.329816140589685,-1.004101392145385,3.540695881423035,0.5643377819968957,7.0,1.0,47.986000061035156,48.22800064086914,48.04600143432617,0.13,31.88,27.62,0.416,-0.29,1.319,0,1,0
1778204811.6631904,1342.52,1.7696112394332886,0.2434157133102417,-2.329761568699972,-1.0041049162494105,3.5407116413116455,0.5643667578697205,0.0,0.0,-0.0,0.0,0.0,0.0,-0.0732421949505806,3.996277332305908,-1.5221893787384033,0.2063598781824112,-0.0493469275534153,-0.2018737941980362,0.14226890348744775,-0.346923014475773,0.8900951770977329,-1.385310730056587,-1.5063493325919226,1.950872001558772,0.0,0.0,0.0,0.0,0.0,0.0,1.7695566142836938,0.24339841436500986,-2.329816140589685,-1.004101392145385,3.540695881423035,0.5643377819968957,7.0,1.0,47.986000061035156,48.22800064086914,48.04600143432617,0.13,31.88,27.62,0.416,-0.29,1.319,0,1,0
1778204811.6699846,1342.528,1.7696353197097778,0.2434396743774414,-2.329773728047506,-1.0041049162494105,3.5407590866088867,0.5643787384033203,0.0,0.0,-0.0,0.0,0.0,0.0,-0.1007080152630806,3.982544422149658,-1.499771237373352,0.1973877102136612,-0.0426178015768528,-0.1906585842370987,0.14227911390780001,-0.3469275560445981,0.8900835135594873,-1.3852830356428654,-1.506423570013467,1.9509093139847495,0.0,0.0,0.0,0.0,0.0,0.0,1.7695566142836938,0.24339841436500986,-2.329816140589685,-1.004101392145385,3.540695881423035,0.5643377819968957,7.0,1.0,47.986000061035156,48.22800064086914,48.04600143432617,0.13,31.88,27.62,0.416,-0.29,1.319,0,1,0
1778204811.673716,1342.5359999999998,1.769647240638733,0.2434396743774414,-2.3298216501819056,-1.0040810743915003,3.5407235622406006,0.5643547773361206,0.0,0.0,-0.0,0.0,0.0,0.0,-0.0411987341940403,3.991699695587158,-1.5087385177612305,0.1996307522058487,-0.0448608435690403,-0.1884155422449112,0.1422788641866743,-0.34689578049293446,0.8900712570230203,-1.3852835416743525,-1.5063929600472752,1.9509041375058986,0.0,0.0,0.0,0.0,0.0,0.0,1.7695566142836938,0.24339841436500986,-2.329816140589685,-1.004101392145385,3.540695881423035,0.5643377819968957,7.0,1.0,47.986000061035156,48.22800064086914,48.04600143432617,0.13,31.88,27.62,0.416,-0.29,1.319,0,1,0
1778204811.6758907,1342.5439999999999,1.7696353197097778,0.243391752243042,-2.3298216501819056,-1.0041049162494105,3.5407354831695557,0.5643787384033203,0.0,0.0,-0.0,0.0,0.0,0.0,-0.0732421949505806,3.991699695587158,-1.515463948249817,0.2063598781824112,-0.0403747595846653,-0.1637420803308487,0.1422620837664238,-0.3468470991012748,0.8900904252069828,-1.3853542452760137,-1.5063354516530945,1.9509835797568709,0.0,0.0,0.0,0.0,0.0,0.0,1.7695566142836938,0.24339841436500986,-2.329816140589685,-1.004101392145385,3.540695881423035,0.5643377819968957,7.0,1.0,48.029998779296875,48.22800064086914,48.04600143432617,0.13,31.88,27.62,0.416,-0.29,1.319,0,1,0
1778204811.6996062,1342.552,1.7695872783660889,0.24342775344848633,-2.3297856489764612,-1.0040929953204554,3.5407354831695557,0.5643667578697205,0.0,0.0,-0.0,0.0,0.0,0.0,-0.0961303785443306,3.964233875274658,-1.5356402397155762,0.1996307522058487,-0.0336456336081028,-0.2108459621667862,0.14226031587364257,-0.3469207054886893,0.8900845254482191,-1.385312221158641,-1.506349703409234,1.9508713114355933,0.0,0.0,0.0,0.0,0.0,0.0,1.7695566142836938,0.24339841436500986,-2.329816140589685,-1.004101392145385,3.540695881423035,0.5643377819968957,7.0,1.0,48.029998779296875,48.22800064086914,48.04600143432617,0.13,31.88,27.62,0.416,-0.29,1.319,0,1,0
1778204811.7054884,1342.56,1.7696112394332886,0.2434396743774414,-2.3298454920398157,-1.0041049162494105,3.5406875610351562,0.5643787384033203,0.0,0.0,-0.0,0.0,0.0,0.0,-0.0411987341940403,3.964233875274658,-1.5244312286376953,0.2086029201745987,-0.0403747595846653,-0.1973877102136612,0.14225418826027786,-0.3468611678985097,0.8900676042571048,-1.3853716260693207,-1.506279769499499,1.950920174452208,0.0,0.0,0.0,0.0,0.0,0.0,1.7695566142836938,0.24339841436500986,-2.329816140589685,-1.004101392145385,3.540695881423035,0.5643377819968957,7.0,1.0,48.029998779296875,48.25899887084961,48.04600143432617,0.13,31.88,27.62,0.416,-0.29,1.319,0,1,0
1778204811.7081761,1342.568,1.7696353197097778,0.24345171451568604,-2.3298454920398157,-1.0041287581073206,3.5407354831695557,0.56440269947052,0.0,0.0,-0.0,0.0,0.0,0.0,-0.0595092847943306,3.982544422149658,-1.502013087272644,0.2041168361902237,-0.0291595496237278,-0.2377624809741974,0.14226078974836437,-0.3468550936768167,0.8900645298816325,-1.3853709758596102,-1.506333841312441,1.950986408742769,0.0,0.0,0.0,0.0,0.0,0.0,1.7695566142836938,0.24339841436500986,-2.329816140589685,-1.004101392145385,3.540695881423035,0.5643377819968957,7.0,1.0,48.029998779296875,48.25899887084961,48.04600143432617,0.13,31.88,27.62,0.416,-0.29,1.319,0,1,0
1778204811.7101798,1342.576,1.7696112394332886,0.24342775344848633,-2.3298216501819056,-1.0041287581073206,3.5407116413116455,0.5643787384033203,0.0,0.0,-0.0,0.0,0.0,0.0,-0.1007080152630806,4.005432605743408,-1.513222098350525,0.1996307522058487,-0.0358886756002903,-0.2108459621667862,0.14225592965459416,-0.34686584379083507,0.890078602119669,-1.385368817108721,-1.5062960850865061,1.9509446333052476,0.0,0.0,0.0,0.0,0.0,0.0,1.7695566142836938,0.24339841436500986,-2.329816140589685,-1.004101392145385,3.540695881423035,0.5643377819968957,7.0,1.0,48.029998779296875,48.25899887084961,48.04600143432617,0.13,31.88,27.62,0.416,-0.29,1.319,0,1,0
1778204811.7163837,1342.5839999999998,1.7695993185043335,0.24345171451568604,-2.3297975699054163,-1.0040810743915003,3.5407354831695557,0.5643787384033203,0.0,0.0,-0.0,0.0,0.0,0.0,-0.0595092847943306,3.987122058868408,-1.513222098350525,0.1906585842370987,-0.01570129580795765,-0.2063598781824112,0.14226492516600925,-0.346928129732977,0.8900724697167826,-1.385303232626098,-1.506372605614309,1.9508636525062029,0.0,0.0,0.0,0.0,0.0,0.0,1.7695566142836938,0.24339841436500986,-2.329816140589685,-1.004101392145385,3.540695881423035,0.5643377819968957,7.0,1.0,48.029998779296875,48.25899887084961,48.04600143432617,0.13,31.88,27.62,0.416,-0.29,1.319,0,1,0
1778204811.737531,1342.5919999999999,1.7696353197097778,0.2434157133102417,-2.3297975699054163,-1.0040810743915003,3.5407354831695557,0.56440269947052,0.0,0.0,-0.0,0.0,0.0,0.0,-0.0732421949505806,3.973389148712158,-1.5289148092269897,0.2041168361902237,-0.0336456336081028,-0.2041168361902237,0.14226793273844027,-0.3468902040787329,0.8900859801676908,-1.3853327515410025,-1.5063739313011415,1.9509321772937893,0.0,0.0,0.0,0.0,0.0,0.0,1.7695566142836938,0.24339841436500986,-2.329816140589685,-1.004101392145385,3.540695881423035,0.5643377819968957,7.0,1.0,48.029998779296875,48.25899887084961,48.04600143432617,0.13,31.88,27.62,0.416,-0.29,1.319,0,1,0
1778204811.7428594,1342.6,1.7695993185043335,0.2434396743774414,-2.329761568699972,-1.0040810743915003,3.54074764251709,0.5643667578697205,0.0,0.0,-0.0,0.0,0.0,0.0,-0.1327514797449112,3.964233875274658,-1.5221893787384033,0.2018737941980362,-0.0358886756002903,-0.1973877102136612,0.1422722268088698,-0.3469551802267372,0.890084864215417,-1.3852704873444635,-1.5064058921352623,1.9508415695136048,0.0,0.0,0.0,0.0,0.0,0.0,1.7695566142836938,0.24339841436500986,-2.329816140589685,-1.004101392145385,3.540695881423035,0.5643377819968957,7.0,1.0,48.029998779296875,48.25899887084961,48.04600143432617,0.13,31.88,27.62,0.416,-0.29,1.319,0,1,0
1778204811.7470658,1342.608,1.7696112394332886,0.2434157133102417,-2.329773728047506,-1.0040810743915003,3.54074764251709,0.5643787384033203,0.0,0.0,-0.0,0.0,0.0,0.0,-0.0640869215130806,3.973389148712158,-1.5087385177612305,0.2108459621667862,-0.0403747595846653,-0.2400055229663849,0.14226854512441983,-0.3469217862298381,0.8900910648867781,-1.3852997648686032,-1.5063884265814467,1.9508887720822163,0.0,0.0,0.0,0.0,0.0,0.0,1.7695566142836938,0.24339841436500986,-2.329816140589685,-1.004101392145385,3.540695881423035,0.5643377819968957,7.0,1.0,48.029998779296875,48.25899887084961,48.04600143432617,0.13,31.88,27.62,0.416,-0.29,1.319,0,1,0
1778204811.749167,1342.616,1.7695872783660889,0.2434396743774414,-2.3298097292529505,-1.0040929953204554,3.5407235622406006,0.5643547773361206,0.0,0.0,-0.0,0.0,0.0,0.0,-0.1007080152630806,3.987122058868408,-1.5311566591262817,0.2041168361902237,-0.0291595496237278,-0.2108459621667862,0.14225920707444584,-0.34691012241243147,0.8900746159774733,-1.3853130067922252,-1.5063343664314937,1.9508685425731818,0.0,0.0,0.0,0.0,0.0,0.0,1.7695566142836938,0.24339841436500986,-2.329816140589685,-1.004101392145385,3.540695881423035,0.5643377819968957,7.0,1.0,48.029998779296875,48.25899887084961,48.04600143432617,0.13,31.88,27.62,0.416,-0.29,1.319,0,1,0
1778204811.7513359,1342.624,1.7696353197097778,0.2434157133102417,-2.3298097292529505,-1.0040929953204554,3.5407590866088867,0.5643547773361206,0.0,0.0,-0.0,0.0,0.0,0.0,-0.0732421949505806,3.973389148712158,-1.5266729593276978,0.2086029201745987,-0.0381317175924778,-0.2198181450366974,0.1422741070472727,-0.34688827727206967,0.8900832774497306,-1.3852892280143123,-1.50640101168912,1.9509390029982823,0.0,0.0,0.0,0.0,0.0,0.0,1.7695566142836938,0.24339841436500986,-2.329816140589685,-1.004101392145385,3.540695881423035,0.5643377819968957,7.0,1.0,48.029998779296875,48.25899887084961,48.04600143432617,0.13,31.88,27.62,0.416,-0.29,1.319,0,1,0
1778204811.772727,1342.6319999999998,1.7695993185043335,0.2434636354446411,-2.329761568699972,-1.0040929953204554,3.5407235622406006,0.56440269947052,0.0,0.0,-0.0,0.0,0.0,0.0,-0.1327514797449112,3.977966785430908,-1.5289148092269897,0.2018737941980362,-0.0493469275534153,-0.1973877102136612,0.14226750048511316,-0.346957443044251,0.8900771926022167,-1.385309854004205,-1.506375109499458,1.9508382617206987,0.0,0.0,0.0,0.0,0.0,0.0,1.7695566142836938,0.24339841436500986,-2.329816140589685,-1.004101392145385,3.540695881423035,0.5643377819968957,7.0,1.0,48.01499938964844,48.22800064086914,48.04600143432617,0.13,31.88,27.62,0.416,-0.29,1.319,0,1,0
1778204811.7810278,1342.6399999999999,1.7695872783660889,0.24345171451568604,-2.3297856489764612,-1.0041049162494105,3.54074764251709,0.5643547773361206,0.0,0.0,-0.0,0.0,0.0,0.0,-0.1098632961511612,3.982544422149658,-1.5221893787384033,0.2063598781824112,-0.0493469275534153,-0.2130890041589737,0.1422655909219153,-0.3469377316325091,0.8900761817829026,-1.385287201770209,-1.5063748802801251,1.9508599944617677,0.0,0.0,0.0,0.0,0.0,0.0,1.7695566142836938,0.24339841436500986,-2.329816140589685,-1.004101392145385,3.540695881423035,0.5643377819968957,7.0,1.0,48.01499938964844,48.22800064086914,48.06100082397461,0.13,31.88,27.62,0.416,-0.29,1.319,0,1,0
1778204811.7838848,1342.648,1.7696353197097778,0.24342775344848633,-2.329761568699972,-1.0041049162494105,3.5407235622406006,0.5643787384033203,0.0,0.0,-0.0,0.0,0.0,0.0,-0.0686645582318306,3.968811511993408,-1.5177057981491089,0.2108459621667862,-0.0358886756002903,-0.1727142482995987,0.14227765740937404,-0.34692660089966376,0.8900908157139675,-1.3852982628963255,-1.506388054076225,1.9508891034331448,0.0,0.0,0.0,0.0,0.0,0.0,1.7695566142836938,0.24339841436500986,-2.329816140589685,-1.004101392145385,3.540695881423035,0.5643377819968957,7.0,1.0,48.01499938964844,48.22800064086914,48.06100082397461,0.13,31.88,27.62,0.416,-0.29,1.319,0,1,0
1778204811.7860367,1342.656,1.7696353197097778,0.2434636354446411,-2.329749647771017,-1.0040929953204554,3.540771245956421,0.5643787384033203,0.0,0.0,-0.0,0.0,0.0,0.0,-0.1007080152630806,3.964233875274658,-1.5244312286376953,0.2063598781824112,-0.0403747595846653,-0.2377624809741974,0.1422886619919415,-0.3469727388846674,0.890079417314346,-1.3852395669695454,-1.5064760503799604,1.950861408589626,0.0,0.0,0.0,0.0,0.0,0.0,1.7695566142836938,0.24339841436500986,-2.329816140589685,-1.004101392145385,3.540695881423035,0.5643377819968957,7.0,1.0,48.01499938964844,48.22800064086914,48.06100082397461,0.13,31.88,27.62,0.416,-0.29,1.319,0,1,0
1778204811.8079836,1342.664,1.7695872783660889,0.2434157133102417,-2.3297975699054163,-1.004068676625387,3.5407235622406006,0.5644146800041199,0.0,0.0,-0.0,0.0,0.0,0.0,-0.0961303785443306,3.973389148712158,-1.499771237373352,0.2063598781824112,-0.0403747595846653,-0.2086029201745987,0.14224965149368948,-0.3468981261682716,0.8900854724669095,-1.3853657293715453,-1.5063183843317491,1.9508927605927568,0.0,0.0,0.0,0.0,0.0,0.0,1.7695566142836938,0.24339841436500986,-2.329816140589685,-1.004101392145385,3.540695881423035,0.5643377819968957,7.0,1.0,48.01499938964844,48.22800064086914,48.06100082397461,0.13,31.88,27.62,0.416,-0.29,1.319,0,1,0
1778204811.8172567,1342.672,1.7695993185043335,0.24347567558288574,-2.3298097292529505,-1.0040929953204554,3.5407235622406006,0.5643907189369202,0.0,0.0,-0.0,0.0,0.0,0.0,-0.0961303785443306,3.987122058868408,-1.513222098350525,0.2018737941980362,-0.0471038855612278,-0.2243042290210724,0.1422627110953616,-0.3469264460486133,0.8900617389922694,-1.3853207423127443,-1.5063556201860222,1.9508640732507099,0.0,0.0,0.0,0.0,0.0,0.0,1.7695566142836938,0.24339841436500986,-2.329816140589685,-1.004101392145385,3.540695881423035,0.5643377819968957,7.0,1.0,48.01499938964844,48.22800064086914,48.06100082397461,0.13,31.88,27.62,0.416,-0.29,1.319,0,1,0
1778204811.8194635,1342.672,1.7695993185043335,0.24347567558288574,-2.3298097292529505,-1.0040929953204554,3.5407235622406006,0.5643907189369202,0.0,0.0,-0.0,0.0,0.0,0.0,-0.0961303785443306,3.987122058868408,-1.513222098350525,0.2018737941980362,-0.0471038855612278,-0.2243042290210724,0.1422627110953616,-0.3469264460486133,0.8900617389922694,-1.3853207423127443,-1.5063556201860222,1.9508640732507099,0.0,0.0,0.0,0.0,0.0,0.0,1.7695566142836938,0.24339841436500986,-2.329816140589685,-1.004101392145385,3.540695881423035,0.5643377819968957,7.0,1.0,48.01499938964844,48.22800064086914,48.06100082397461,0.01,32.01,27.97,0.41,-0.278,1.311,0,0,1
1778204811.8213413,1342.6799999999998,1.7696112394332886,0.24336779117584229,-2.3297856489764612,-1.0041049162494105,3.5407354831695557,0.5643667578697205,0.0,0.0,-0.0,0.0,0.0,0.0,-0.0915527418255806,3.991699695587158,-1.5266729593276978,0.2041168361902237,-0.0426178015768528,-0.1839294582605362,0.1422586083234492,-0.34686767800143314,0.8901072669565497,-1.385346160141639,-1.5063249765481341,1.9509512616187248,0.0,0.0,0.0,0.0,0.0,0.0,1.7695566142836938,0.24339841436500986,-2.329816140589685,-1.004101392145385,3.540695881423035,0.5643377819968957,7.0,1.0,48.01499938964844,48.22800064086914,48.06100082397461,0.01,32.01,27.97,0.41,-0.278,1.311,0,1,0
1778204811.8241713,1342.6879999999999,1.7695993185043335,0.2434396743774414,-2.3297856489764612,-1.0040810743915003,3.5407235622406006,0.5643907189369202,0.0,0.0,-0.0,0.0,0.0,0.0,-0.0686645582318306,3.973389148712158,-1.5199475288391113,0.2018737941980362,-0.0314025916159153,-0.1816864162683487,0.14226260081609507,-0.3469258406580946,0.890079781103721,-1.3853206150602821,-1.5063557011232496,1.9508641834182747,0.0,0.0,0.0,0.0,0.0,0.0,1.7695566142836938,0.24339841436500986,-2.329816140589685,-1.004101392145385,3.540695881423035,0.5643377819968957,7.0,1.0,48.01499938964844,48.22800064086914,48.06100082397461,0.01,32.01,27.97,0.41,-0.278,1.311,0,1,0
1778204811.8261912,1342.696,1.7695872783660889,0.2434157133102417,-2.3298335711108606,-1.0040929953204554,3.5407354831695557,0.5644146800041199,0.0,0.0,-0.0,0.0,0.0,0.0,-0.0732421949505806,3.987122058868408,-1.5087385177612305,0.2063598781824112,-0.0403747595846653,-0.1839294582605362,0.1422417914334774,-0.3468571637144539,0.8900786232448032,-1.3853990769799223,-1.506289834907497,1.9509544868063822,0.0,0.0,0.0,0.0,0.0,0.0,1.7695566142836938,0.24339841436500986,-2.329816140589685,-1.004101392145385,3.540695881423035,0.5643377819968957,7.0,1.0,48.01499938964844,48.22800064086914,48.06100082397461,0.01,32.01,27.97,0.41,-0.278,1.311,0,1,0
1778204811.8519552,1342.704,1.7696353197097778,0.24342775344848633,-2.3297856489764612,-1.004068676625387,3.5407590866088867,0.5643667578697205,0.0,0.0,-0.0,0.0,0.0,0.0,-0.0823974683880806,3.977966785430908,-1.515463948249817,0.2041168361902237,-0.0381317175924778,-0.1839294582605362,0.14228023168782775,-0.3469256220232053,0.8900830667656258,-1.385262830491148,-1.5064367027327716,1.95089096363118,0.0,0.0,0.0,0.0,0.0,0.0,1.7695566142836938,0.24339841436500986,-2.329816140589685,-1.004101392145385,3.540695881423035,0.5643377819968957,7.0,1.0,48.01499938964844,48.24300003051758,48.06100082397461,0.01,32.01,27.97,0.41,-0.278,1.311,0,1,0
1778204811.8564389,1342.712,1.7695753574371338,0.2434396743774414,-2.329773728047506,-1.0041049162494105,3.5407116413116455,0.5643787384033203,0.0,0.0,-0.0,0.0,0.0,0.0,-0.0640869215130806,3.959656238555908,-1.5266729593276978,0.2130890041589737,-0.0358886756002903,-0.2018737941980362,0.1422558518507905,-0.34693222500679616,0.8900837296670536,-1.3853330467924898,-1.5063172258385502,1.9508469859733448,0.0,0.0,0.0,0.0,0.0,0.0,1.7695566142836938,0.24339841436500986,-2.329816140589685,-1.004101392145385,3.540695881423035,0.5643377819968957,7.0,1.0,48.0,48.24300003051758,48.06100082397461,0.01,32.01,27.97,0.41,-0.278,1.311,0,1,0
1778204811.8591068,1342.72,1.7695872783660889,0.2434396743774414,-2.329773728047506,-1.0040810743915003,3.5407116413116455,0.5643907189369202,0.0,0.0,-0.0,0.0,0.0,0.0,-0.0961303785443306,3.987122058868408,-1.5221893787384033,0.2018737941980362,-0.0269165076315403,-0.2108459621667862,0.14225994254418414,-0.3469372132581094,0.8900825318475545,-1.3853240964434808,-1.506339969366279,1.9508394429536429,0.0,0.0,0.0,0.0,0.0,0.0,1.7695566142836938,0.24339841436500986,-2.329816140589685,-1.004101392145385,3.540695881423035,0.5643377819968957,7.0,1.0,48.0,48.24300003051758,48.06100082397461,0.01,32.01,27.97,0.41,-0.278,1.311,0,1,0
1778204811.861425,1342.7279999999998,1.7695993185043335,0.2434396743774414,-2.3298097292529505,-1.004068676625387,3.5407235622406006,0.5643787384033203,0.0,0.0,-0.0,0.0,0.0,0.0,-0.0732421949505806,3.987122058868408,-1.546849250793457,0.1996307522058487,-0.0403747595846653,-0.1839294582605362,0.1422613478926829,-0.34691233301952984,0.8900735185092439,-1.3853158592627108,-1.5063526656207609,1.950867745090632,0.0,0.0,0.0,0.0,0.0,0.0,1.7695566142836938,0.24339841436500986,-2.329816140589685,-1.004101392145385,3.540695881423035,0.5643377819968957,7.0,1.0,48.0,48.24300003051758,48.06100082397461,0.01,32.01,27.97,0.41,-0.278,1.311,0,1,0
1778204811.8640692,1342.7359999999999,1.7696353197097778,0.24345171451568604,-2.3297975699054163,-1.0041168371783655,3.5407116413116455,0.5643667578697205,0.0,0.0,-0.0,0.0,0.0,0.0,-0.0503540076315403,3.996277332305908,-1.5221893787384033,0.2063598781824112,-0.0291595496237278,-0.2063598781824112,0.1422752307037006,-0.3469095643823173,0.8900744383312461,-1.3853066372299219,-1.5063647718509954,1.9508970566136532,0.0,0.0,0.0,0.0,0.0,0.0,1.7695566142836938,0.24339841436500986,-2.329816140589685,-1.004101392145385,3.540695881423035,0.5643377819968957,7.0,1.0,48.0,48.24300003051758,48.06100082397461,0.01,32.01,27.97,0.41,-0.278,1.311,0,1,0
1778204811.8867872,1342.744,1.7696353197097778,0.24342775344848633,-2.329773728047506,-1.0041168371783655,3.5406997203826904,0.5643907189369202,0.0,0.0,-0.0,0.0,0.0,0.0,-0.1602173000574112,3.996277332305908,-1.5266729593276978,0.2130890041589737,-0.0291595496237278,-0.2377624809741974,0.14227121784784447,-0.34690604554841453,0.8900889626852482,-1.385336156043134,-1.506343028938408,1.9509047290522845,0.0,0.0,0.0,0.0,0.0,0.0,1.7695566142836938,0.24339841436500986,-2.329816140589685,-1.004101392145385,3.540695881423035,0.5643377819968957,7.0,1.0,48.0,48.24300003051758,48.06100082397461,0.01,32.01,27.97,0.41,-0.278,1.311,0,1,0
1778204811.89445,1342.752,1.7696712017059326,0.2434396743774414,-2.3298097292529505,-1.0040810743915003,3.5407590866088867,0.5643667578697205,0.0,0.0,-0.0,0.0,0.0,0.0,-0.0686645582318306,3.955078601837158,-1.5266729593276978,0.2018737941980362,-0.0381317175924778,-0.2041168361902237,0.1422891244356762,-0.3469029389873043,0.8900739187330969,-1.3852609375025415,-1.506455259553564,1.9509346153007245,0.0,0.0,0.0,0.0,0.0,0.0,1.7695566142836938,0.24339841436500986,-2.329816140589685,-1.004101392145385,3.540695881423035,0.5643377819968957,7.0,1.0,48.0,48.24300003051758,48.06100082397461,0.01,32.01,27.97,0.41,-0.278,1.311,0,1,0
1778204811.8978894,1342.76,1.7695993185043335,0.24347567558288574,-2.3298097292529505,-1.0040929953204554,3.5407235622406006,0.5643427968025208,0.0,0.0,-0.0,0.0,0.0,0.0,-0.0915527418255806,3.987122058868408,-1.5199475288391113,0.2041168361902237,-0.0336456336081028,-0.2018737941980362,0.14227083401360785,-0.346938259822908,0.8900612316155005,-1.3852720755650547,-1.5063751419471842,1.9508356354274838,0.0,0.0,0.0,0.0,0.0,0.0,1.7695566142836938,0.24339841436500986,-2.329816140589685,-1.004101392145385,3.540695881423035,0.5643377819968957,7.0,1.0,48.0,48.24300003051758,48.06100082397461,0.01,32.01,27.97,0.41,-0.278,1.311,0,1,0
1778204811.90091,1342.768,1.7696353197097778,0.24342775344848633,-2.3298097292529505,-1.0040810743915003,3.5407116413116455,0.5643787384033203,0.0,0.0,-0.0,0.0,0.0,0.0,-0.1007080152630806,3.973389148712158,-1.513222098350525,0.1996307522058487,-0.0358886756002903,-0.1839294582605362,0.14227039152898635,-0.34689232316651714,0.8900786511642688,-1.3853188669825462,-1.5063595974170092,1.9509045944517693,0.0,0.0,0.0,0.0,0.0,0.0,1.7695566142836938,0.24339841436500986,-2.329816140589685,-1.004101392145385,3.540695881423035,0.5643377819968957,7.0,1.0,48.0,48.24300003051758,48.06100082397461,0.01,32.01,27.97,0.41,-0.278,1.311,0,1,0
1778204811.9034202,1342.7759999999998,1.769647240638733,0.24336779117584229,-2.329773728047506,-1.0041287581073206,3.5407116413116455,0.5643667578697205,0.0,0.0,-0.0,0.0,0.0,0.0,-0.0732421949505806,3.964233875274658,-1.5177057981491089,0.2018737941980362,-0.0493469275534153,-0.2018737941980362,0.1422700109220614,-0.3468616080011703,0.8901113963978824,-1.385346502197099,-1.5063282753791305,1.9509700346525354,0.0,0.0,0.0,0.0,0.0,0.0,1.7695566142836938,0.24339841436500986,-2.329816140589685,-1.004101392145385,3.540695881423035,0.5643377819968957,7.0,1.0,48.0,48.22800064086914,48.06100082397461,0.01,32.01,27.97,0.41,-0.278,1.311,0,1,0
1778204811.9282827,1342.7839999999999,1.7695872783660889,0.2434396743774414,-2.3298216501819056,-1.0040929953204554,3.5407590866088867,0.56440269947052,0.0,0.0,-0.0,0.0,0.0,0.0,-0.1281738430261612,3.977966785430908,-1.5221893787384033,0.1996307522058487,-0.0358886756002903,-0.2400055229663849,0.14225078886319328,-0.34689057012129976,0.8900722641018088,-1.3853538623875734,-1.5063425327733813,1.9509278824699006,0.0,0.0,0.0,0.0,0.0,0.0,1.7695566142836938,0.24339841436500986,-2.329816140589685,-1.004101392145385,3.540695881423035,0.5643377819968957,7.0,1.0,48.0,48.22800064086914,48.04600143432617,0.01,32.01,27.97,0.41,-0.278,1.311,0,1,0
1778204811.9308913,1342.792,1.7696112394332886,0.24345171451568604,-2.3297975699054163,-1.004068676625387,3.54074764251709,0.5643907189369202,0.0,0.0,-0.0,0.0,0.0,0.0,-0.0549316480755806,3.982544422149658,-1.5289148092269897,0.2018737941980362,-0.0269165076315403,-0.2691650688648224,0.14226869295835848,-0.34692948160176407,0.8900718522534851,-1.3852963357069563,-1.5063999114780782,1.950873392035159,0.0,0.0,0.0,0.0,0.0,0.0,1.7695566142836938,0.24339841436500986,-2.329816140589685,-1.004101392145385,3.540695881423035,0.5643377819968957,7.0,1.0,48.0,48.22800064086914,48.04600143432617,0.01,32.01,27.97,0.41,-0.278,1.311,0,1,0
1778204811.9333487,1342.8,1.7696112394332886,0.24342775344848633,-2.329749647771017,-1.0040929953204554,3.5407590866088867,0.5644146800041199,0.0,0.0,-0.0,0.0,0.0,0.0,-0.0869751051068306,3.977966785430908,-1.5087385177612305,0.1973877102136612,-0.0336456336081028,-0.1951446682214737,0.14226818194183607,-0.34693950709907656,0.8900930681521735,-1.3853159421078018,-1.5064015946173779,1.9508944276853482,0.0,0.0,0.0,0.0,0.0,0.0,1.7695566142836938,0.24339841436500986,-2.329816140589685,-1.004101392145385,3.540695881423035,0.5643377819968957,7.0,1.0,47.986000061035156,48.22800064086914,48.04600143432617,0.01,32.01,27.97,0.41,-0.278,1.311,0,1,0
1778204811.9363708,1342.808,1.7695993185043335,0.24342775344848633,-2.329773728047506,-1.004068676625387,3.5406875610351562,0.5643907189369202,0.0,0.0,-0.0,0.0,0.0,0.0,-0.0640869215130806,3.977966785430908,-1.515463948249817,0.2086029201745987,-0.0358886756002903,-0.1906585842370987,0.14226210968739245,-0.34692964544357147,0.8900863427691961,-1.3853282608744542,-1.5063278473686805,1.9508326237488738,0.0,0.0,0.0,0.0,0.0,0.0,1.7695566142836938,0.24339841436500986,-2.329816140589685,-1.004101392145385,3.540695881423035,0.5643377819968957,7.0,1.0,47.986000061035156,48.22800064086914,48.04600143432617,0.01,32.01,27.97,0.41,-0.278,1.311,0,1,0
