sample_index,source_row_index,epoch_time,Time,Tgt_q0,Tgt_q1,Tgt_q2,Tgt_q3,Tgt_q4,Tgt_q5,Act_X,Act_Y,Act_Z,Act_RX,Act_RY,Act_RZ,Fx,Fy,Fz,Mx,My,Mz,force_magnitude,force_base_x,force_base_y,force_base_z,ur_fresh,ft_fresh,is_candidate_reference,is_reference_segment,is_final_measurement_window
0,0,1777638152.8158498,nan,nan,nan,nan,nan,nan,nan,nan,nan,nan,nan,nan,nan,3.63,33.82,61.89,0.069,1.417,0.962,70.62111157437272,nan,nan,nan,0,1,0,0,0
1,1,1777638152.863908,4667.288,2.2038391357813394,0.0639428738443989,-1.7775732271396762,-0.047273309416862475,1.8873353275628397,0.9308798088190885,0.7194828181454959,-0.5783053259910993,0.8531996637643868,-0.25951595289271656,-0.3208806790737064,1.5790487603569947,3.63,33.82,61.89,0.069,1.417,0.962,70.62111157437272,-23.89437952303861,-63.43741647026863,19.801369113944727,1,0,0,0,0
2,2,1777638152.8713763,4667.295999999999,2.2038391357813394,0.0639428738443989,-1.7775732271396762,-0.047273309416862475,1.8873353275628397,0.9308798088190885,0.7194367020089038,-0.5783117344675551,0.853259289941097,-0.2595977940530839,-0.32089969040964494,1.5790317288621116,3.63,33.82,61.89,0.069,1.417,0.962,70.62111157437272,-23.89685778256156,-63.43625552431218,19.802097696309787,1,0,0,0,0
3,3,1777638152.878078,4667.304,2.2038391357813394,0.0639428738443989,-1.7775732271396762,-0.047273309416862475,1.8873353275628397,0.9308798088190885,0.7194231427979603,-0.5783178217000846,0.8532375969988744,-0.2596040865639838,-0.320862322269503,1.5789630748267722,3.63,33.82,61.89,0.069,1.417,0.962,70.62111157437272,-23.90120856072457,-63.43420803604536,19.803405772151,1,0,0,0,0
4,4,1777638152.8869808,4667.312,2.2038391357813394,0.0639428738443989,-1.7775732271396762,-0.047273309416862475,1.8873353275628397,0.9308798088190885,0.7194543370949958,-0.5783260921583604,0.8532285185021286,-0.2595443251586843,-0.3208713773012527,1.579004111223753,3.63,33.82,61.89,0.069,1.417,0.962,70.62111157437272,-23.897639666256673,-63.4359935846268,19.80199324090736,1,0,0,0,0
5,5,1777638152.8925278,4667.32,2.2038391357813394,0.0639428738443989,-1.7775732271396762,-0.047273309416862475,1.8873353275628397,0.9308798088190885,0.7194347204992343,-0.5783533276079682,0.8532126058975917,-0.25956075836150655,-0.3209160117146037,1.578992271341764,3.63,33.82,61.89,0.069,1.417,0.962,70.62111157437272,-23.8987104127417,-63.4362670935706,19.79982469218057,1,0,0,0,0
6,6,1777638152.8993895,4667.3279999999995,2.2038391357813394,0.0639428738443989,-1.7775732271396762,-0.047273309416862475,1.8873353275628397,0.9308798088190885,0.7194134945835635,-0.5783122733396849,0.8532444347748502,-0.2596309048974808,-0.32082870065295277,1.578965555189498,3.63,33.82,61.89,0.069,1.417,0.962,70.62111157437272,-23.90147095956233,-63.43332966584067,19.805902490772226,1,0,0,0,0
7,7,1777638152.9065862,4667.336,2.2038391357813394,0.0639428738443989,-1.7775732271396762,-0.047273309416862475,1.8873353275628397,0.9308798088190885,0.7194212103021325,-0.5783123065539575,0.8532412256219558,-0.2595951781366819,-0.3208763644763298,1.5789737437957474,3.63,33.82,61.89,0.069,1.417,0.962,70.62111157437272,-23.900407064567396,-63.434772246295445,19.802565798618144,1,0,0,0,0
8,8,1777638152.914683,4667.344,2.2038391357813394,0.0639428738443989,-1.7775732271396762,-0.047273309416862475,1.8873353275628397,0.9308798088190885,0.719432447540215,-0.578326863865774,0.8532291626124759,-0.25959475308551067,-0.32088564341524023,1.5790079057592288,3.63,33.82,61.89,0.069,1.417,0.962,70.62111157437272,-23.89827737811723,-63.43560009473289,19.802484161834208,1,0,0,0,0
9,9,1777638152.9211495,4667.352,2.2038391357813394,0.0639428738443989,-1.7775732271396762,-0.047273309416862475,1.8873353275628397,0.9308798088190885,0.7193897771207471,-0.5783057833578513,0.8532754639219188,-0.2596837632162927,-0.3208853868980347,1.5789694619037697,3.63,33.82,61.89,0.069,1.417,0.962,70.62111157437272,-23.90219227827709,-63.43360258593154,19.80415782764746,1,0,0,0,0
10,10,1777638152.928399,4667.36,2.2038391357813394,0.0639428738443989,-1.7775732271396762,-0.047273309416862475,1.8873353275628397,0.9308798088190885,0.719422526466963,-0.5783365821820985,0.8532366937828234,-0.25964035646096967,-0.3208601583647554,1.5790114307473644,3.63,33.82,61.89,0.069,1.417,0.962,70.62111157437272,-23.898803700018476,-63.43461439989146,19.805006378314218,1,0,0,0,0
11,11,1777638152.9356997,4667.3679999999995,2.2038391357813394,0.0639428738443989,-1.7775732271396762,-0.047273309416862475,1.8873353275628397,0.9308798088190885,0.7194259310217637,-0.578284323381378,0.8532593706100016,-0.2596259694861688,-0.320924098988081,1.5790459749741526,3.63,33.82,61.89,0.069,1.417,0.962,70.62111157437272,-23.89647590332536,-63.436543675295546,19.80163543584493,1,0,0,0,0
12,12,1777638152.9429824,4667.376,2.2038391357813394,0.0639428738443989,-1.7775732271396762,-0.047273309416862475,1.8873353275628397,0.9308798088190885,0.7194480921579198,-0.5783148386537941,0.8532452377961985,-0.2595747531253608,-0.32087945378546817,1.5790184829956413,3.63,33.82,61.89,0.069,1.417,0.962,70.62111157437272,-23.8972693742992,-63.43598408209686,19.802470552638997,1,0,0,0,0
13,13,1777638152.9501126,4667.384,2.2038391357813394,0.0639428738443989,-1.7775732271396762,-0.047273309416862475,1.8873353275628397,0.9308798088190885,0.7194406014676166,-0.5783405675047426,0.8532228869253293,-0.2595514824534909,-0.3208793594906044,1.5789924237149682,3.63,33.82,61.89,0.069,1.417,0.962,70.62111157437272,-23.898500549555834,-63.43579625424014,19.801586428198448,1,0,0,0,0
14,14,1777638152.9577515,4667.392,2.2038391357813394,0.0639428738443989,-1.7775732271396762,-0.047273309416862475,1.8873353275628397,0.9308798088190885,0.7194531820329605,-0.5783554118223551,0.8532021569198275,-0.2595417050108003,-0.32093751357749895,1.5789911349290737,3.63,33.82,61.89,0.069,1.417,0.962,70.62111157437272,-23.898482072622066,-63.43686401186973,19.798187769695154,1,0,0,0,0
15,15,1777638152.9610484,4667.392,2.2038391357813394,0.0639428738443989,-1.7775732271396762,-0.047273309416862475,1.8873353275628397,0.9308798088190885,0.7194531820329605,-0.5783554118223551,0.8532021569198275,-0.2595417050108003,-0.32093751357749895,1.5789911349290737,3.36,33.66,61.38,0.077,1.435,0.96,70.0841608353842,-23.933866239753492,-62.917709748949264,19.50183188227614,0,1,0,0,0
16,16,1777638152.964679,4667.4,2.2038391357813394,0.0639428738443989,-1.7775732271396762,-0.047273309416862475,1.8873353275628397,0.9308798088190885,0.7194274792977033,-0.5783227776795683,0.8532529145329597,-0.25960385446019285,-0.3208712887856556,1.5789974597154557,3.36,33.66,61.38,0.077,1.435,0.96,70.0841608353842,-23.934447511161054,-62.915901749484725,19.506950796694532,1,0,0,0,0
17,17,1777638152.9720569,4667.407999999999,2.2038391357813394,0.0639428738443989,-1.7775732271396762,-0.047273309416862475,1.8873353275628397,0.9308798088190885,0.7194299449927932,-0.5783368880040095,0.8532143296940143,-0.2595727963345904,-0.32087743180536454,1.578971175499594,3.36,33.66,61.38,0.077,1.435,0.96,70.0841608353842,-23.935560333964254,-62.91591152195269,19.50555379529065,1,0,0,0,0
18,18,1777638152.978879,4667.416,2.2038391357813394,0.0639428738443989,-1.7775732271396762,-0.047273309416862475,1.8873353275628397,0.9308798088190885,0.7194502903300861,-0.5783100688595451,0.8532230816897606,-0.25957504199434894,-0.32086534966824454,1.5790300724956208,3.36,33.66,61.38,0.077,1.435,0.96,70.0841608353842,-23.93193767576673,-62.916843043662155,19.506994143188685,1,0,0,0,0
19,19,1777638152.9883177,4667.424,2.2038391357813394,0.0639428738443989,-1.7775732271396762,-0.047273309416862475,1.8873353275628397,0.9308798088190885,0.719416539701853,-0.5783495901739265,0.8532267215813816,-0.2595912090463839,-0.32087022535327825,1.5789605332037502,3.36,33.66,61.38,0.077,1.435,0.96,70.0841608353842,-23.936520871754908,-62.91533156704691,19.506245727063714,1,0,0,0,0
20,20,1777638152.9932196,4667.432,2.2038391357813394,0.0639428738443989,-1.7775732271396762,-0.047273309416862475,1.8873353275628397,0.9308798088190885,0.7194550296911679,-0.5783272927086683,0.8532187017211222,-0.25953831310493436,-0.3208459864163324,1.5789921710021977,3.36,33.66,61.38,0.077,1.435,0.96,70.0841608353842,-23.933647505075644,-62.91628703400335,19.50668969758036,1,0,0,0,0
21,21,1777638153.068583,4667.44,2.2038391357813394,0.0639428738443989,-1.7775732271396762,-0.047273309416862475,1.8873353275628397,0.9308798088190885,0.7194311293915836,-0.5783148706679089,0.8532407233427902,-0.2596136633500743,-0.32082874826201135,1.579010248151472,3.36,33.66,61.38,0.077,1.435,0.96,70.0841608353842,-23.933774802504583,-62.91532599765481,19.50963296199645,1,0,0,0,0
22,22,1777638153.069213,4667.447999999999,2.2038391357813394,0.0639428738443989,-1.7775732271396762,-0.047273309416862475,1.8873353275628397,0.9308798088190885,0.719430090003682,-0.5783425197864822,0.8532329744643237,-0.25956453053654716,-0.32085301018552126,1.5789476350981315,3.36,33.66,61.38,0.077,1.435,0.96,70.0841608353842,-23.936853300429547,-62.91516432190026,19.50637722443622,1,0,0,0,0
23,23,1777638153.0754704,4667.456,2.2038391357813394,0.0639428738443989,-1.7775732271396762,-0.047273309416862475,1.8873353275628397,0.9308798088190885,0.7194167456348058,-0.578295598697804,0.8532695703606709,-0.2596393217144282,-0.3208682573158926,1.5790011629382819,3.36,33.66,61.38,0.077,1.435,0.96,70.0841608353842,-23.93481047198638,-62.9154375685944,19.508002543120348,1,0,0,0,0
24,24,1777638153.0807443,4667.464,2.2038391357813394,0.0639428738443989,-1.7775732271396762,-0.047273309416862475,1.8873353275628397,0.9308798088190885,0.7194523670896237,-0.5783334174988499,0.8532025819979281,-0.2595521190384383,-0.320880528403515,1.5790157980263668,3.36,33.66,61.38,0.077,1.435,0.96,70.0841608353842,-23.932452989006897,-62.91712441719396,19.50545433975607,1,0,0,0,0
25,25,1777638153.0808892,4667.472,2.2038391357813394,0.0639428738443989,-1.7775732271396762,-0.047273309416862475,1.8873353275628397,0.9308798088190885,0.7194498234794209,-0.5783155404466958,0.8532159675792785,-0.2595925328743474,-0.32088071864432793,1.5789970493942538,3.36,33.66,61.38,0.077,1.435,0.96,70.0841608353842,-23.934292881444733,-62.91620285664835,19.506169341167325,1,0,0,0,0
26,26,1777638153.08571,4667.48,2.2038391357813394,0.0639428738443989,-1.7775732271396762,-0.047273309416862475,1.8873353275628397,0.9308798088190885,0.7193972754444045,-0.578246810341207,0.8533067357480435,-0.2597200715387418,-0.3208480061420152,1.578998031518003,3.36,33.66,61.38,0.077,1.435,0.96,70.0841608353842,-23.93633867084814,-62.91393576632311,19.510970694084666,1,0,0,0,0
27,27,1777638153.0892878,4667.487999999999,2.2038391357813394,0.0639428738443989,-1.7775732271396762,-0.047273309416862475,1.8873353275628397,0.9308798088190885,0.7194067309909702,-0.5783046684259389,0.8532588283492004,-0.2596120066631139,-0.32088016293433724,1.5790092074228221,3.36,33.66,61.38,0.077,1.435,0.96,70.0841608353842,-23.933866333052343,-62.91616530226821,19.506813835407478,1,0,0,0,0
28,28,1777638153.0911386,4667.496,2.2038391357813394,0.0639428738443989,-1.7775732271396762,-0.047273309416862475,1.8873353275628397,0.9308798088190885,0.7194092985990947,-0.5782801073516464,0.853280003027939,-0.25965471686176866,-0.3208651368372203,1.5790142504624052,3.36,33.66,61.38,0.077,1.435,0.96,70.0841608353842,-23.9342551473478,-62.91543262169608,19.508699817427036,1,0,0,0,0
29,29,1777638153.0939965,4667.504,2.2038391357813394,0.0639428738443989,-1.7775732271396762,-0.047273309416862475,1.8873353275628397,0.9308798088190885,0.7194142742237162,-0.5783099447063427,0.8532687547926316,-0.25963376813921746,-0.32089361587188353,1.5790000787924983,3.36,33.66,61.38,0.077,1.435,0.96,70.0841608353842,-23.93481140012099,-62.915905418546714,19.506492473151635,1,0,0,0,0
30,30,1777638153.0941062,4667.512,2.2038391357813394,0.0639428738443989,-1.7775732271396762,-0.047273309416862475,1.8873353275628397,0.9308798088190885,0.719400752460443,-0.5782917693988315,0.8532792230203834,-0.2596538519601763,-0.32086408760069235,1.5789907044383527,3.36,33.66,61.38,0.077,1.435,0.96,70.0841608353842,-23.935697684205238,-62.91496404763324,19.508441128274413,1,0,0,0,0
31,31,1777638153.094202,4667.5199999999995,2.2038391357813394,0.0639428738443989,-1.7775732271396762,-0.047273309416862475,1.8873353275628397,0.9308798088190885,0.71941767469345,-0.5783116818693949,0.8532606863333569,-0.25961252871797097,-0.3208659634949585,1.579020956403944,3.36,33.66,61.38,0.077,1.435,0.96,70.0841608353842,-23.933132342191897,-62.916158180050196,19.507737340707376,1,0,0,0,0
32,32,1777638153.094273,4667.527999999999,2.2038391357813394,0.0639428738443989,-1.7775732271396762,-0.047273309416862475,1.8873353275628397,0.9308798088190885,0.7194597705275185,-0.5783392987767895,0.8532160865655538,-0.25954118387648994,-0.3209162398078176,1.5789804672264116,3.36,33.66,61.38,0.077,1.435,0.96,70.0841608353842,-23.934495487486164,-62.917160726905166,19.502830866935398,1,0,0,0,0
33,33,1777638153.0944176,4667.536,2.2038391357813394,0.0639428738443989,-1.7775732271396762,-0.047273309416862475,1.8873353275628397,0.9308798088190885,0.7194259804947882,-0.5783418132343192,0.8532265787786628,-0.2596075256434997,-0.3208825520318725,1.5789853528453355,3.36,33.66,61.38,0.077,1.435,0.96,70.0841608353842,-23.935270937257073,-62.915796349726484,19.506280394781587,1,0,0,0,0
34,34,1777638153.0944958,4667.544,2.2038391357813394,0.0639428738443989,-1.7775732271396762,-0.047273309416862475,1.8873353275628397,0.9308798088190885,0.7194016242922832,-0.5782906720463976,0.8532801459785735,-0.25965907384925785,-0.3208235599401382,1.5789799946595684,3.36,33.66,61.38,0.077,1.435,0.96,70.0841608353842,-23.93640532307364,-62.914021630320036,19.51061204855333,1,0,0,0,0
35,35,1777638153.1009042,4667.552,2.2038391357813394,0.0639428738443989,-1.7775732271396762,-0.047273309416862475,1.8873353275628397,0.9308798088190885,0.7194201190730103,-0.5782716363120655,0.8532788064961714,-0.2596686667120987,-0.32086426488800307,1.5790389750071547,3.36,33.66,61.38,0.077,1.435,0.96,70.0841608353842,-23.932957281455828,-62.915713139009924,19.509387380792457,1,0,0,0,0
36,36,1777638153.103254,4667.552,2.2038391357813394,0.0639428738443989,-1.7775732271396762,-0.047273309416862475,1.8873353275628397,0.9308798088190885,0.7194201190730103,-0.5782716363120655,0.8532788064961714,-0.2596686667120987,-0.32086426488800307,1.5790389750071547,3.38,33.71,61.17,0.083,1.448,0.96,69.92537021711075,-23.97049891042846,-62.70845718496633,19.560725433030154,0,1,0,0,0
37,37,1777638153.108448,4667.5599999999995,2.2038391357813394,0.0639428738443989,-1.7775732271396762,-0.047273309416862475,1.8873353275628397,0.9308798088190885,0.7194189106796088,-0.5783167815171676,0.8532469211021008,-0.2595877454170711,-0.3209180196807648,1.5789727100144868,3.38,33.71,61.17,0.083,1.448,0.96,69.92537021711075,-23.973290090978214,-62.70914394420389,19.555102352044088,1,0,0,0,0
38,38,1777638153.1156092,4667.568,2.2038391357813394,0.0639428738443989,-1.7775732271396762,-0.047273309416862475,1.8873353275628397,0.9308798088190885,0.7194340660425126,-0.5783317075587927,0.853237847660208,-0.2595776031876202,-0.32087533437297294,1.5789949353878083,3.38,33.71,61.17,0.083,1.448,0.96,69.92537021711075,-23.97169921715145,-62.70902531773251,19.5574328668771,1,0,0,0,0
39,39,1777638153.12311,4667.576,2.2038391357813394,0.0639428738443989,-1.7775732271396762,-0.047273309416862475,1.8873353275628397,0.9308798088190885,0.7194167715968449,-0.5783033345680075,0.853273183251274,-0.25964484374756014,-0.32090801213081155,1.5790012959057496,3.38,33.71,61.17,0.083,1.448,0.96,69.92537021711075,-23.97247396650866,-62.70875695872005,19.557343700442647,1,0,0,0,0
40,40,1777638153.130147,4667.584,2.2038391357813394,0.0639428738443989,-1.7775732271396762,-0.047273309416862475,1.8873353275628397,0.9308798088190885,0.7194196585751789,-0.5783172669870872,0.8532569511234223,-0.25962130599630223,-0.32085194118821436,1.5790102746392523,3.38,33.71,61.17,0.083,1.448,0.96,69.92537021711075,-23.971460403488805,-62.70834343228905,19.559911812225995,1,0,0,0,0
41,41,1777638153.1369665,4667.592,2.2038391357813394,0.0639428738443989,-1.7775732271396762,-0.047273309416862475,1.8873353275628397,0.9308798088190885,0.7194152494657852,-0.5783295121491842,0.8532493602838329,-0.2595959642754402,-0.3208975275977624,1.5789843455836208,3.38,33.71,61.17,0.083,1.448,0.96,69.92537021711075,-23.97268675335453,-62.708925626215404,19.55654204176509,1,0,0,0,0
42,42,1777638153.1462162,4667.599999999999,2.2038391357813394,0.0639428738443989,-1.7775732271396762,-0.047273309416862475,1.8873353275628397,0.9308798088190885,0.7194296168512663,-0.5783235109295334,0.8532413890022177,-0.2595881460738648,-0.32090384977948805,1.5789843988727743,3.38,33.71,61.17,0.083,1.448,0.96,69.92537021711075,-23.972559217242896,-62.70913759822179,19.55601867106564,1,0,0,0,0
43,43,1777638153.1530569,4667.608,2.2038391357813394,0.0639428738443989,-1.7775732271396762,-0.047273309416862475,1.8873353275628397,0.9308798088190885,0.7194042671653658,-0.5783228878591867,0.8532443924197071,-0.2596290426904722,-0.3208803902079691,1.5789643317344355,3.38,33.71,61.17,0.083,1.448,0.96,69.92537021711075,-23.974458752371838,-62.707795569455605,19.557993310924925,1,0,0,0,0
44,44,1777638153.1588416,4667.616,2.2038391357813394,0.0639428738443989,-1.7775732271396762,-0.047273309416862475,1.8873353275628397,0.9308798088190885,0.7193968748988964,-0.5783153662732562,0.8532674807394057,-0.2596565890040727,-0.3208895637120885,1.5789668994099741,3.38,33.71,61.17,0.083,1.448,0.96,69.92537021711075,-23.97477370501465,-62.707616126617914,19.558182571754145,1,0,0,0,0
45,45,1777638153.1661088,4667.624,2.2038391357813394,0.0639428738443989,-1.7775732271396762,-0.047273309416862475,1.8873353275628397,0.9308798088190885,0.7194150075744727,-0.5783713050568386,0.8532144716438593,-0.25959009583833886,-0.3209130663384949,1.5789251959049362,3.38,33.71,61.17,0.083,1.448,0.96,69.92537021711075,-23.976256939277697,-62.70809422684748,19.554831158017087,1,0,0,0,0
46,46,1777638153.1732984,4667.632,2.2038391357813394,0.0639428738443989,-1.7775732271396762,-0.047273309416862475,1.8873353275628397,0.9308798088190885,0.719436659684701,-0.5783434500571483,0.8532101086938443,-0.2595579098617206,-0.3208663191556153,1.5789698964335892,3.38,33.71,61.17,0.083,1.448,0.96,69.92537021711075,-23.972903558046283,-62.708656235202696,19.557140081611795,1,0,0,0,0
47,47,1777638153.1805706,4667.639999999999,2.2038391357813394,0.0639428738443989,-1.7775732271396762,-0.047273309416862475,1.8873353275628397,0.9308798088190885,0.7194036904579733,-0.578260017251857,0.8533072722499176,-0.2597163374323912,-0.3208582460646457,1.579020404818776,3.38,33.71,61.17,0.083,1.448,0.96,69.92537021711075,-23.972439740037927,-62.70733582484167,19.56194179167237,1,0,0,0,0
48,48,1777638153.1875432,4667.648,2.2038391357813394,0.0639428738443989,-1.7775732271396762,-0.047273309416862475,1.8873353275628397,0.9308798088190885,0.719448801447931,-0.5783464611603125,0.8532299529084038,-0.25956691755076905,-0.3208764562937185,1.5790054484907845,3.38,33.71,61.17,0.083,1.448,0.96,69.92537021711075,-23.970871903462722,-62.709398100558346,19.55725159764201,1,0,0,0,0
49,49,1777638153.1960618,4667.656,2.2038391357813394,0.0639428738443989,-1.7775732271396762,-0.047273309416862475,1.8873353275628397,0.9308798088190885,0.7194174875980194,-0.5782841554139423,0.8532743836275124,-0.25967456859936444,-0.3208654412891874,1.5790047336027324,3.38,33.71,61.17,0.083,1.448,0.96,69.92537021711075,-23.9727131278503,-62.70772026275452,19.560374350659,1,0,0,0,0
50,50,1777638153.2022061,4667.664,2.2038391357813394,0.0639428738443989,-1.7775732271396762,-0.047273309416862475,1.8873353275628397,0.9308798088190885,0.719446301688044,-0.5783198662759901,0.8532300408875014,-0.25959378133381183,-0.32087346658772625,1.5790314024097356,3.38,33.71,61.17,0.083,1.448,0.96,69.92537021711075,-23.969717969894525,-62.709490444237844,19.558369785535785,1,0,0,0,0
51,51,1777638153.210001,4667.672,2.2038391357813394,0.0639428738443989,-1.7775732271396762,-0.047273309416862475,1.8873353275628397,0.9308798088190885,0.7194386424000753,-0.5783042045777779,0.8532284126062013,-0.2595771405644721,-0.32084883874359327,1.579030153763272,3.38,33.71,61.17,0.083,1.448,0.96,69.92537021711075,-23.969487323797303,-62.709293383823876,19.559284259292898,1,0,0,0,0
52,52,1777638153.217879,4667.679999999999,2.2038391357813394,0.0639428738443989,-1.7775732271396762,-0.047273309416862475,1.8873353275628397,0.9308798088190885,0.7194162683746432,-0.5783468374229395,0.8532180094817967,-0.259570285558118,-0.3208336097182397,1.5789473687526472,3.38,33.71,61.17,0.083,1.448,0.96,69.92537021711075,-23.97446497783288,-62.707507919123664,19.558907934741832,1,0,0,0,0
53,53,1777638153.2238722,4667.688,2.2038391357813394,0.0639428738443989,-1.7775732271396762,-0.047273309416862475,1.8873353275628397,0.9308798088190885,0.719447131023082,-0.5783441676630835,0.8532056440989416,-0.25954065880982935,-0.3208804069654591,1.5790028843397705,3.38,33.71,61.17,0.083,1.448,0.96,69.92537021711075,-23.97059326896296,-62.70977399219326,19.55638781017568,1,0,0,0,0
54,54,1777638153.2334063,4667.696,2.2038391357813394,0.0639428738443989,-1.7775732271396762,-0.047273309416862475,1.8873353275628397,0.9308798088190885,0.7194202597978017,-0.578305725133609,0.8532580516855683,-0.25962378814384973,-0.32087134606457557,1.5789880664595204,3.38,33.71,61.17,0.083,1.448,0.96,69.92537021711075,-23.9728950551921,-62.708188203297055,19.558651153201303,1,0,0,0,0
55,55,1777638153.2435987,4667.704,2.2038391357813394,0.0639428738443989,-1.7775732271396762,-0.047273309416862475,1.8873353275628397,0.9308798088190885,0.7194434154540371,-0.5783419196609261,0.853216956225985,-0.25952884862158887,-0.32093927192754446,1.5789900840070528,3.38,33.71,61.17,0.083,1.448,0.96,69.92537021711075,-23.971251691516226,-62.71064486064614,19.552787870375308,1,0,0,0,0
56,56,1777638153.2443628,4667.7119999999995,2.2038391357813394,0.0639428738443989,-1.7775732271396762,-0.047273309416862475,1.8873353275628397,0.9308798088190885,0.7194395459056195,-0.578292862114702,0.8532453940782906,-0.25964455392554675,-0.32086750849769,1.579048073866562,3.38,33.71,61.17,0.083,1.448,0.96,69.92537021711075,-23.969535585918617,-62.709021815097294,19.56009577658128,1,0,0,0,0
57,57,1777638153.2466447,4667.7119999999995,2.2038391357813394,0.0639428738443989,-1.7775732271396762,-0.047273309416862475,1.8873353275628397,0.9308798088190885,0.7194395459056195,-0.578292862114702,0.8532453940782906,-0.25964455392554675,-0.32086750849769,1.579048073866562,3.54,33.8,61.05,0.097,1.459,0.953,69.87184053679994,-23.959093735268965,-62.59467781348843,19.746955127567748,0,1,0,0,0
58,58,1777638153.2521265,4667.719999999999,2.2038391357813394,0.0639428738443989,-1.7775732271396762,-0.047273309416862475,1.8873353275628397,0.9308798088190885,0.7194253079005757,-0.5782938665903481,0.8532546625828208,-0.2596349135361616,-0.3208805518452234,1.579035261469135,3.54,33.8,61.05,0.097,1.459,0.953,69.87184053679994,-23.959736738793985,-62.5947742604391,19.745869205794804,1,0,0,0,0
59,59,1777638153.2603774,4667.728,2.2038391357813394,0.0639428738443989,-1.7775732271396762,-0.047273309416862475,1.8873353275628397,0.9308798088190885,0.7194182419389431,-0.5783135281436377,0.8532571144178598,-0.2596385840893011,-0.32089681636965117,1.5789775702766724,3.54,33.8,61.05,0.097,1.459,0.953,69.87184053679994,-23.963374625796135,-62.59385618744644,19.74436487023633,1,0,0,0,0
60,60,1777638153.2668192,4667.736,2.2038391357813394,0.0639428738443989,-1.7775732271396762,-0.047273309416862475,1.8873353275628397,0.9308798088190885,0.7194428987619618,-0.5782743214404914,0.853248324513355,-0.2595936803113559,-0.32086735098089536,1.5790328334678645,3.54,33.8,61.05,0.097,1.459,0.953,69.87184053679994,-23.95917179886261,-62.595082788847726,19.74557665326304,1,0,0,0,0
61,61,1777638153.274009,4667.744,2.2038391357813394,0.0639428738443989,-1.7775732271396762,-0.047273309416862475,1.8873353275628397,0.9308798088190885,0.7194497243807477,-0.578314734709884,0.8532321096598998,-0.2595993591817354,-0.32086238350795926,1.5790207753828245,3.54,33.8,61.05,0.097,1.459,0.953,69.87184053679994,-23.960004631034785,-62.594685170511895,19.74582655867539,1,0,0,0,0
62,62,1777638153.281657,4667.7519999999995,2.2038391357813394,0.0639428738443989,-1.7775732271396762,-0.047273309416862475,1.8873353275628397,0.9308798088190885,0.7194251373211482,-0.5783124117308186,0.853240029139669,-0.25961061375326405,-0.32087341824004684,1.5789867248969942,3.54,33.8,61.05,0.097,1.459,0.953,69.87184053679994,-23.96230741997023,-62.594040552582236,19.74507559905833,1,0,0,0,0
63,63,1777638153.2883055,4667.76,2.2038391357813394,0.0639428738443989,-1.7775732271396762,-0.047273309416862475,1.8873353275628397,0.9308798088190885,0.7194434459071821,-0.5783164013485287,0.8532210293737819,-0.2595479876055389,-0.32089770704866194,1.5790041618166002,3.54,33.8,61.05,0.097,1.459,0.953,69.87184053679994,-23.96020407507897,-62.595652952163796,19.74251635868225,1,0,0,0,0
64,64,1777638153.2956002,4667.768,2.2038391357813394,0.0639428738443989,-1.7775732271396762,-0.047273309416862475,1.8873353275628397,0.9308798088190885,0.7194234808060094,-0.578270793447061,0.8532825425386684,-0.2596579405294185,-0.32086521247820904,1.579049594941646,3.54,33.8,61.05,0.097,1.459,0.953,69.87184053679994,-23.959223612897627,-62.594483901179416,19.747412210519077,1,0,0,0,0
65,65,1777638153.3338478,4667.776,2.2038391357813394,0.0639428738443989,-1.7775732271396762,-0.047273309416862475,1.8873353275628397,0.9308798088190885,0.7194328358770762,-0.5783433667322029,0.853215116031453,-0.2595753510059701,-0.32084689309844283,1.5789827072390452,3.54,33.8,61.05,0.097,1.459,0.953,69.87184053679994,-23.961924494082663,-62.59401591736973,19.74561839689872,1,0,0,0,0
66,66,1777638153.3351555,4667.784,2.2038391357813394,0.0639428738443989,-1.7775732271396762,-0.047273309416862475,1.8873353275628397,0.9308798088190885,0.7194150092897438,-0.5782699251682344,0.8532917209519072,-0.25966642171952115,-0.32086520028405413,1.579027284206835,3.54,33.8,61.05,0.097,1.459,0.953,69.87184053679994,-23.960741971237603,-62.593927183488184,19.747334603331936,1,0,0,0,0
67,67,1777638153.3375483,4667.7919999999995,2.2038391357813394,0.0639428738443989,-1.7775732271396762,-0.047273309416862475,1.8873353275628397,0.9308798088190885,0.71943094531124,-0.5783461685337266,0.8532069458746666,-0.2595728783055288,-0.32084794760857205,1.578970844578814,3.54,33.8,61.05,0.097,1.459,0.953,69.87184053679994,-23.962615002998216,-62.5938343631259,19.745355958798076,1,0,0,0,0
68,68,1777638153.3401074,4667.8,2.2038391357813394,0.0639428738443989,-1.7775732271396762,-0.047273309416862475,1.8873353275628397,0.9308798088190885,0.7194310599131252,-0.578304126473378,0.8532552484701446,-0.25961073255891004,-0.3208976855829749,1.5790329027364838,3.54,33.8,61.05,0.097,1.459,0.953,69.87184053679994,-23.959494694546034,-62.59534552511648,19.74435191575804,1,0,0,0,0
69,69,1777638153.3401413,4667.808,2.2038391357813394,0.0639428738443989,-1.7775732271396762,-0.047273309416862475,1.8873353275628397,0.9308798088190885,0.7194369706347687,-0.5783307640885212,0.8532239450240054,-0.25960049516744044,-0.3208449653585406,1.5789971949090416,3.54,33.8,61.05,0.097,1.459,0.953,69.87184053679994,-23.961454758539574,-62.593919567256364,19.746493842257202,1,0,0,0,0
70,70,1777638153.3401682,4667.816,2.2038391357813394,0.0639428738443989,-1.7775732271396762,-0.047273309416862475,1.8873353275628397,0.9308798088190885,0.7194426117763559,-0.5783894403549049,0.8531898672855492,-0.2595100387933182,-0.3208925286450703,1.578975502879675,3.54,33.8,61.05,0.097,1.459,0.953,69.87184053679994,-23.961321390434417,-62.5955318578586,19.741544231800074,1,0,0,0,0
71,71,1777638153.3464336,4667.824,2.2038391357813394,0.0639428738443989,-1.7775732271396762,-0.047273309416862475,1.8873353275628397,0.9308798088190885,0.7194374202016482,-0.5783619511685223,0.8532117311289068,-0.259559087944604,-0.32087326176545294,1.5789921907974256,3.54,33.8,61.05,0.097,1.459,0.953,69.87184053679994,-23.96109848732835,-62.594861685438154,19.743939572978256,1,0,0,0,0
72,72,1777638153.3528285,4667.831999999999,2.2038391357813394,0.0639428738443989,-1.7775732271396762,-0.047273309416862475,1.8873353275628397,0.9308798088190885,0.7194322810071487,-0.5782964609305319,0.8532437087945777,-0.25960361596229536,-0.3208358605111671,1.5789983835393464,3.54,33.8,61.05,0.097,1.459,0.953,69.87184053679994,-23.961422715256596,-62.59374994922476,19.747070384102813,1,0,0,0,0
73,73,1777638153.36014,4667.84,2.2038391357813394,0.0639428738443989,-1.7775732271396762,-0.047273309416862475,1.8873353275628397,0.9308798088190885,0.7194466925234471,-0.5783113303136288,0.8532535217033387,-0.2595999231919206,-0.32085317956885034,1.5789866654480182,3.54,33.8,61.05,0.097,1.459,0.953,69.87184053679994,-23.962104400816795,-62.59385545578737,19.745908737365134,1,0,0,0,0
74,74,1777638153.3674562,4667.848,2.2038391357813394,0.0639428738443989,-1.7775732271396762,-0.047273309416862475,1.8873353275628397,0.9308798088190885,0.7194304302785318,-0.5782731597643528,0.8532888139231477,-0.2596915059084679,-0.3208634261899911,1.5790414172435576,3.54,33.8,61.05,0.097,1.459,0.953,69.87184053679994,-23.960293279820455,-62.59382717903998,19.748195994203275,1,0,0,0,0
75,75,1777638153.3748407,4667.856,2.2038391357813394,0.0639428738443989,-1.7775732271396762,-0.047273309416862475,1.8873353275628397,0.9308798088190885,0.7194175642234972,-0.5782843388106749,0.8532696059709821,-0.2596425252799559,-0.32084392449830346,1.5789904441977611,3.54,33.8,61.05,0.097,1.459,0.953,69.87184053679994,-23.962580664042402,-62.59318544770017,19.747454606330294,1,0,0,0,0
76,76,1777638153.3821745,4667.864,2.2038391357813394,0.0639428738443989,-1.7775732271396762,-0.047273309416862475,1.8873353275628397,0.9308798088190885,0.7194301573921038,-0.5783137425358826,0.8532468273055389,-0.25958694118374814,-0.32087631858308535,1.5789961748376848,3.54,33.8,61.05,0.097,1.459,0.953,69.87184053679994,-23.961328199272767,-62.594603073503954,19.74448067175287,1,0,0,0,0
77,77,1777638153.3889847,4667.871999999999,2.2038391357813394,0.0639428738443989,-1.7775732271396762,-0.047273309416862475,1.8873353275628397,0.9308798088190885,0.7194138752366488,-0.5783095600515161,0.8532491965809875,-0.25960147992843297,-0.32087215813878445,1.5789856690540056,3.54,33.8,61.05,0.097,1.459,0.953,69.87184053679994,-23.962216318794773,-62.59412605467114,19.74491510600193,1,0,0,0,0
78,78,1777638153.3913136,4667.871999999999,2.2038391357813394,0.0639428738443989,-1.7775732271396762,-0.047273309416862475,1.8873353275628397,0.9308798088190885,0.7194138752366488,-0.5783095600515161,0.8532491965809875,-0.25960147992843297,-0.32087215813878445,1.5789856690540056,3.76,33.7,61.2,0.099,1.459,0.96,69.96618897724815,-23.75144894525209,-62.74106995050593,19.86691758846361,0,1,0,0,0
79,79,1777638153.396307,4667.88,2.2038391357813394,0.0639428738443989,-1.7775732271396762,-0.047273309416862475,1.8873353275628397,0.9308798088190885,0.7194549006791813,-0.5783169470701551,0.8532225925348691,-0.25956833747227304,-0.3208836979055299,1.5790064500708219,3.76,33.7,61.2,0.099,1.459,0.96,69.96618897724815,-23.749616823496762,-62.742126555592165,19.865770964630027,1,0,0,0,0
80,80,1777638153.4035265,4667.888,2.2038391357813394,0.0639428738443989,-1.7775732271396762,-0.047273309416862475,1.8873353275628397,0.9308798088190885,0.7194130172104336,-0.5783346381701041,0.8532395377959252,-0.25958931439120264,-0.3208864607760596,1.578960635519835,3.76,33.7,61.2,0.099,1.459,0.96,69.96618897724815,-23.75280724445868,-62.74098881829818,19.86554983154943,1,0,0,0,0
81,81,1777638153.4106903,4667.896,2.2038391357813394,0.0639428738443989,-1.7775732271396762,-0.047273309416862475,1.8873353275628397,0.9308798088190885,0.7194294433018681,-0.578286953787771,0.853260822586377,-0.25961222346997515,-0.3208601239150622,1.5790222038095725,3.76,33.7,61.2,0.099,1.459,0.96,69.96618897724815,-23.74935902237881,-62.74143173677777,19.868273443996365,1,0,0,0,0
82,82,1777638153.4179308,4667.9039999999995,2.2038391357813394,0.0639428738443989,-1.7775732271396762,-0.047273309416862475,1.8873353275628397,0.9308798088190885,0.7194268763596137,-0.5782989804630911,0.8532389909842181,-0.25961215961212775,-0.32084480949721106,1.5790102919396787,3.76,33.7,61.2,0.099,1.459,0.96,69.96618897724815,-23.750073446604723,-62.74094893870536,19.86894404722228,1,0,0,0,0
83,83,1777638153.4250317,4667.911999999999,2.2038391357813394,0.0639428738443989,-1.7775732271396762,-0.047273309416862475,1.8873353275628397,0.9308798088190885,0.7194194506081969,-0.5782889906173788,0.85326075725303,-0.25961890516006103,-0.3208173379148433,1.5789997544032217,3.76,33.7,61.2,0.099,1.459,0.96,69.96618897724815,-23.75080267490891,-62.74019752078652,19.87044507177011,1,0,0,0,0
84,84,1777638153.43222,4667.92,2.2038391357813394,0.0639428738443989,-1.7775732271396762,-0.047273309416862475,1.8873353275628397,0.9308798088190885,0.7194268090660372,-0.5782884855381185,0.8532625754948451,-0.25961589350324926,-0.3208865487243125,1.5790222947066253,3.76,33.7,61.2,0.099,1.459,0.96,69.96618897724815,-23.74945080657801,-62.74181744263803,19.866945673168104,1,0,0,0,0
85,85,1777638153.439502,4667.928,2.2038391357813394,0.0639428738443989,-1.7775732271396762,-0.047273309416862475,1.8873353275628397,0.9308798088190885,0.7194512825604519,-0.5783134686634,0.8532332345701653,-0.2595646037900895,-0.3208367442369629,1.579040720785288,3.76,33.7,61.2,0.099,1.459,0.96,69.96618897724815,-23.747374207051177,-62.742071390826645,19.86862591773006,1,0,0,0,0
86,86,1777638153.4465995,4667.936,2.2038391357813394,0.0639428738443989,-1.7775732271396762,-0.047273309416862475,1.8873353275628397,0.9308798088190885,0.7194128459991109,-0.5782671051939385,0.8532815086624977,-0.25967989900322497,-0.32086317517279855,1.5790284557234848,3.76,33.7,61.2,0.099,1.459,0.96,69.96618897724815,-23.75012807564698,-62.7406585463963,19.869795709943144,1,0,0,0,0
87,87,1777638153.453964,4667.9439999999995,2.2038391357813394,0.0639428738443989,-1.7775732271396762,-0.047273309416862475,1.8873353275628397,0.9308798088190885,0.7194074255835343,-0.578329887888938,0.8532701420496221,-0.25963816035376874,-0.32086614203548297,1.5789538773636993,3.76,33.7,61.2,0.099,1.459,0.96,69.96618897724815,-23.754028650555313,-62.73984084505192,19.86771485617187,1,0,0,0,0
88,88,1777638153.4611046,4667.952,2.2038391357813394,0.0639428738443989,-1.7775732271396762,-0.047273309416862475,1.8873353275628397,0.9308798088190885,0.7194454730745481,-0.5783094921297363,0.8532486643119612,-0.25960582108529506,-0.3208786084302214,1.5789984986454366,3.76,33.7,61.2,0.099,1.459,0.96,69.96618897724815,-23.75073884727995,-62.74136489026069,19.866835075458532,1,0,0,0,0
89,89,1777638153.4683971,4667.96,2.2038391357813394,0.0639428738443989,-1.7775732271396762,-0.047273309416862475,1.8873353275628397,0.9308798088190885,0.7194487778938109,-0.5783033199994644,0.8532502244726361,-0.2596105226941674,-0.3208765578447313,1.5790221034203642,3.76,33.7,61.2,0.099,1.459,0.96,69.96618897724815,-23.74935804557692,-62.74172417824329,19.86735109581128,1,0,0,0,0
90,90,1777638153.4778337,4667.968,2.2038391357813394,0.0639428738443989,-1.7775732271396762,-0.047273309416862475,1.8873353275628397,0.9308798088190885,0.7194175496452209,-0.5783276703974906,0.8532617434011482,-0.25963202994151274,-0.3208651290217968,1.578987990398161,3.76,33.7,61.2,0.099,1.459,0.96,69.96618897724815,-23.751815909753,-62.740572751206116,19.86804901946384,1,0,0,0,0
91,91,1777638153.482728,4667.976,2.2038391357813394,0.0639428738443989,-1.7775732271396762,-0.047273309416862475,1.8873353275628397,0.9308798088190885,0.7194445749393406,-0.5783441562658624,0.8532111795385663,-0.25955590678838514,-0.3208826169737376,1.5789698787944517,3.76,33.7,61.2,0.099,1.459,0.96,69.96618897724815,-23.751662952606893,-62.74157159168129,19.865077427276567,1,0,0,0,0
92,92,1777638153.489571,4667.9839999999995,2.2038391357813394,0.0639428738443989,-1.7775732271396762,-0.047273309416862475,1.8873353275628397,0.9308798088190885,0.7194179413533754,-0.5782711046058943,0.8532773360737833,-0.259644357373227,-0.3208814463501219,1.5790366123784834,3.76,33.7,61.2,0.099,1.459,0.96,69.96618897724815,-23.74904383467648,-62.74161421738258,19.86807394630267,1,0,0,0,0
93,93,1777638153.499956,4667.992,2.2038391357813394,0.0639428738443989,-1.7775732271396762,-0.047273309416862475,1.8873353275628397,0.9308798088190885,0.7194468782974389,-0.5783182600026754,0.853242662709053,-0.25956535459674546,-0.32090786054384146,1.5790173430908583,3.76,33.7,61.2,0.099,1.459,0.96,69.96618897724815,-23.74892517896941,-62.742777756119985,19.864541079266022,1,0,0,0,0
94,94,1777638153.5038993,4668.0,2.2038391357813394,0.0639428738443989,-1.7775732271396762,-0.047273309416862475,1.8873353275628397,0.9308798088190885,0.7194248338823194,-0.5782908135658325,0.8532460753883103,-0.25961449392283215,-0.3208437232165582,1.5790221456775146,3.76,33.7,61.2,0.099,1.459,0.96,69.96618897724815,-23.7493795125344,-62.74112879868424,19.869205566316097,1,0,0,0,0
95,95,1777638153.5112264,4668.008,2.2038391357813394,0.0639428738443989,-1.7775732271396762,-0.047273309416862475,1.8873353275628397,0.9308798088190885,0.7194011631074206,-0.5783234622682962,0.8532517716202166,-0.25961387966525334,-0.3208395608739003,1.5789630857972665,3.76,33.7,61.2,0.099,1.459,0.96,69.96618897724815,-23.753011637388486,-62.739921074602336,19.868677402050622,1,0,0,0,0
96,96,1777638153.5190637,4668.016,2.2038391357813394,0.0639428738443989,-1.7775732271396762,-0.047273309416862475,1.8873353275628397,0.9308798088190885,0.7194188022691994,-0.5783030479670439,0.8532285109798949,-0.2596237480346793,-0.3208804252490984,1.5790221820476813,3.76,33.7,61.2,0.099,1.459,0.96,69.96618897724815,-23.74958327283446,-62.74160474533802,19.867459030950084,1,0,0,0,0
97,97,1777638153.526,4668.023999999999,2.2038391357813394,0.0639428738443989,-1.7775732271396762,-0.047273309416862475,1.8873353275628397,0.9308798088190885,0.7194110395257256,-0.5782953458348294,0.8532888543804261,-0.25963186472739597,-0.32090984295784813,1.5790002286355036,3.76,33.7,61.2,0.099,1.459,0.96,69.96618897724815,-23.751116291805673,-62.74154927056317,19.865801519762993,1,0,0,0,0
98,98,1777638153.5382235,4668.032,2.2038391357813394,0.0639428738443989,-1.7775732271396762,-0.047273309416862475,1.8873353275628397,0.9308798088190885,0.7194204472168686,-0.5783315254055647,0.8532529145329597,-0.25960537019814767,-0.3208691727563122,1.5789854811657693,3.76,33.7,61.2,0.099,1.459,0.96,69.96618897724815,-23.751522772610265,-62.74096281784677,19.86716765600333,1,0,0,0,0
99,99,1777638153.5384305,4668.032,2.2038391357813394,0.0639428738443989,-1.7775732271396762,-0.047273309416862475,1.8873353275628397,0.9308798088190885,0.7194204472168686,-0.5783315254055647,0.8532529145329597,-0.25960537019814767,-0.3208691727563122,1.5789854811657693,3.91,33.84,61.26,0.112,1.458,0.97,70.09437423930683,-23.781932893716764,-62.808684145775345,20.067639714599725,0,1,0,0,0
100,100,1777638153.5407555,4668.04,2.2038391357813394,0.0639428738443989,-1.7775732271396762,-0.047273309416862475,1.8873353275628397,0.9308798088190885,0.7194525597136554,-0.5783522866234168,0.8532361722627171,-0.25954072555127516,-0.3208715089122559,1.5789687657073637,3.91,33.84,61.26,0.112,1.458,0.97,70.09437423930683,-23.78186175224821,-62.809308948283814,20.065768388875277,1,0,0,0,0
101,101,1777638153.5521138,4668.048,2.2038391357813394,0.0639428738443989,-1.7775732271396762,-0.047273309416862475,1.8873353275628397,0.9308798088190885,0.7194234781892489,-0.5783795556203739,0.8532243892736491,-0.25953637427610493,-0.3208640240087317,1.5789321212717666,3.91,33.84,61.26,0.112,1.458,0.97,70.09437423930683,-23.78404253598875,-62.80853410789913,20.06560898311212,1,0,0,0,0
102,102,1777638153.5549634,4668.056,2.2038391357813394,0.0639428738443989,-1.7775732271396762,-0.047273309416862475,1.8873353275628397,0.9308798088190885,0.7194399668303879,-0.5782731424642137,0.8532627096610133,-0.25961574521192865,-0.32085110528505895,1.5790235053446553,3.91,33.84,61.26,0.112,1.458,0.97,70.09437423930683,-23.779733303881137,-62.80897670578798,20.069330561034384,1,0,0,0,0
103,103,1777638153.56148,4668.063999999999,2.2038391357813394,0.0639428738443989,-1.7775732271396762,-0.047273309416862475,1.8873353275628397,0.9308798088190885,0.7194293976358992,-0.5782817431725927,0.8532798931891772,-0.25966685661046035,-0.3208512221484747,1.5790389216630074,3.91,33.84,61.26,0.112,1.458,0.97,70.09437423930683,-23.77965634251851,-62.808557950852006,20.070732232935224,1,0,0,0,0
104,104,1777638153.5694144,4668.072,2.2038391357813394,0.0639428738443989,-1.7775732271396762,-0.047273309416862475,1.8873353275628397,0.9308798088190885,0.7194409032849807,-0.5783178018774259,0.8532356718899727,-0.25959154478947755,-0.3208744104537849,1.5790196641584733,3.91,33.84,61.26,0.112,1.458,0.97,70.09437423930683,-23.77958947219364,-62.80962986463475,20.067456759677334,1,0,0,0,0
105,105,1777638153.5759568,4668.08,2.2038391357813394,0.0639428738443989,-1.7775732271396762,-0.047273309416862475,1.8873353275628397,0.9308798088190885,0.7194827294477543,-0.5783436060761225,0.8531937511487127,-0.2594953585921563,-0.32085006116029213,1.5790343372814197,3.91,33.84,61.26,0.112,1.458,0.97,70.09437423930683,-23.77699804572222,-62.810865845466324,20.06665880700006,1,0,0,0,0
106,106,1777638153.583296,4668.088,2.2038391357813394,0.0639428738443989,-1.7775732271396762,-0.047273309416862475,1.8873353275628397,0.9308798088190885,0.7193982215834591,-0.5783271104157763,0.8532649346041029,-0.25965378126295285,-0.3208040619357787,1.5789667875872093,3.91,33.84,61.26,0.112,1.458,0.97,70.09437423930683,-23.783825160998838,-62.80655809278778,20.072050748448977,1,0,0,0,0
107,107,1777638153.5903244,4668.096,2.2038391357813394,0.0639428738443989,-1.7775732271396762,-0.047273309416862475,1.8873353275628397,0.9308798088190885,0.7194591177850276,-0.578330119215424,0.8532139427258301,-0.25954237522339946,-0.320858189452637,1.5790039542763379,3.91,33.84,61.26,0.112,1.458,0.97,70.09437423930683,-23.77969474628768,-62.8097482185604,20.066961566077374,1,0,0,0,0
108,108,1777638153.6415365,4668.103999999999,2.2038391357813394,0.0639428738443989,-1.7775732271396762,-0.047273309416862475,1.8873353275628397,0.9308798088190885,0.7194096388622808,-0.5783168767745834,0.853259611785815,-0.2596314913486442,-0.32086510436253873,1.57898794902287,3.91,33.84,61.26,0.112,1.458,0.97,70.09437423930683,-23.782222230938384,-62.808296536219444,20.06850995905239,1,0,0,0,0
109,109,1777638153.6415703,4668.112,2.2038391357813394,0.0639428738443989,-1.7775732271396762,-0.047273309416862475,1.8873353275628397,0.9308798088190885,0.7194296930333269,-0.5783236936140208,0.853236611043049,-0.2595561026166237,-0.3208823325017008,1.5789701097511573,3.91,33.84,61.26,0.112,1.458,0.97,70.09437423930683,-23.782057802806086,-62.809298050174185,20.065570141622555,1,0,0,0,0
110,110,1777638153.642463,4668.12,2.2038391357813394,0.0639428738443989,-1.7775732271396762,-0.047273309416862475,1.8873353275628397,0.9308798088190885,0.71943188155426,-0.5783038538262341,0.8532491080567225,-0.2596161675835603,-0.32084810268891856,1.5789878524158367,3.91,33.84,61.26,0.112,1.458,0.97,70.09437423930683,-23.781941058466064,-62.808228361829606,20.06905651842929,1,0,0,0,0
111,111,1777638153.6424935,4668.128,2.2038391357813394,0.0639428738443989,-1.7775732271396762,-0.047273309416862475,1.8873353275628397,0.9308798088190885,0.7194375984356856,-0.5783239739858014,0.8532341117062907,-0.2595868432706245,-0.32087646082100324,1.578996059359934,3.91,33.84,61.26,0.112,1.458,0.97,70.09437423930683,-23.78097158585693,-62.80927161693796,20.06694020976726,1,0,0,0,0
112,112,1777638153.643545,4668.1359999999995,2.2038391357813394,0.0639428738443989,-1.7775732271396762,-0.047273309416862475,1.8873353275628397,0.9308798088190885,0.719410949946762,-0.5783481046579604,0.8532301818296274,-0.2596213777593482,-0.3208837420033961,1.5789287558562268,3.91,33.84,61.26,0.112,1.458,0.97,70.09437423930683,-23.78573618439274,-62.80759837200081,20.066530365459567,1,0,0,0,0
113,113,1777638153.6454444,4668.144,2.2038391357813394,0.0639428738443989,-1.7775732271396762,-0.047273309416862475,1.8873353275628397,0.9308798088190885,0.7194217517458272,-0.578328487601954,0.8532443069646479,-0.2596404973849669,-0.3208807117536606,1.5789774681697175,3.91,33.84,61.26,0.112,1.458,0.97,70.09437423930683,-23.783047196893932,-62.808225097642875,20.067755881366992,1,0,0,0,0
114,114,1777638153.6472135,4668.152,2.2038391357813394,0.0639428738443989,-1.7775732271396762,-0.047273309416862475,1.8873353275628397,0.9308798088190885,0.7194194916494923,-0.5783119065248107,0.8532425007094886,-0.2596044365511705,-0.32082747631865355,1.5790088974291059,3.91,33.84,61.26,0.112,1.458,0.97,70.09437423930683,-23.7804088136166,-62.80846008504487,20.070146945216745,1,0,0,0,0
115,115,1777638153.6494384,4668.16,2.2038391357813394,0.0639428738443989,-1.7775732271396762,-0.047273309416862475,1.8873353275628397,0.9308798088190885,0.7194326326943791,-0.5783169851889512,0.8532356655555572,-0.2595928562985145,-0.32090180840841726,1.579007956213048,3.91,33.84,61.26,0.112,1.458,0.97,70.09437423930683,-23.78037535593986,-62.80983868531252,20.065871828944424,1,0,0,0,0
116,116,1777638153.6549098,4668.168,2.2038391357813394,0.0639428738443989,-1.7775732271396762,-0.047273309416862475,1.8873353275628397,0.9308798088190885,0.7194563245499793,-0.5783364252282724,0.8532062864578293,-0.25955563018203565,-0.32093652915107934,1.5790159153978178,3.91,33.84,61.26,0.112,1.458,0.97,70.09437423930683,-23.779294799877313,-62.81109390036249,20.063223117444778,1,0,0,0,0
117,117,1777638153.6620843,4668.1759999999995,2.2038391357813394,0.0639428738443989,-1.7775732271396762,-0.047273309416862475,1.8873353275628397,0.9308798088190885,0.7194023169153645,-0.5783199417530953,0.8532946911410184,-0.2596289757727678,-0.32088027536223673,1.5789646694831845,3.91,33.84,61.26,0.112,1.458,0.97,70.09437423930683,-23.783640537212825,-62.80813153980932,20.067345496469063,1,0,0,0,0
118,118,1777638153.6700141,4668.184,2.2038391357813394,0.0639428738443989,-1.7775732271396762,-0.047273309416862475,1.8873353275628397,0.9308798088190885,0.7194362091010723,-0.5782807453462413,0.8532499766603654,-0.2595993725640671,-0.32087735646985205,1.5790327024732602,3.91,33.84,61.26,0.112,1.458,0.97,70.09437423930683,-23.778921582945777,-62.80982172957497,20.067647661126767,1,0,0,0,0
119,119,1777638153.676737,4668.192,2.2038391357813394,0.0639428738443989,-1.7775732271396762,-0.047273309416862475,1.8873353275628397,0.9308798088190885,0.7194401376386937,-0.5782759399850251,0.8532304985985648,-0.25962379002030744,-0.3208898595676881,1.5790352144698099,3.91,33.84,61.26,0.112,1.458,0.97,70.09437423930683,-23.779202797192635,-62.80973403807216,20.067588903419008,1,0,0,0,0
120,120,1777638153.6797278,4668.192,2.2038391357813394,0.0639428738443989,-1.7775732271396762,-0.047273309416862475,1.8873353275628397,0.9308798088190885,0.7194401376386937,-0.5782759399850251,0.8532304985985648,-0.25962379002030744,-0.3208898595676881,1.5790352144698099,4.07,33.81,61.5,0.121,1.443,0.96,70.2988691231943,-23.656848784658614,-63.04935844566011,20.17579998836389,0,1,0,0,0
121,121,1777638153.6881359,4668.2,2.2038391357813394,0.0639428738443989,-1.7775732271396762,-0.047273309416862475,1.8873353275628397,0.9308798088190885,0.7194438613879235,-0.5783533199274441,0.853226184428426,-0.25953893412641366,-0.3208429062115114,1.5789569246037163,4.07,33.81,61.5,0.121,1.443,0.96,70.2988691231943,-23.660178235839723,-63.048267672742426,20.17530444168116,1,0,0,0,0
122,122,1777638153.6916997,4668.208,2.2038391357813394,0.0639428738443989,-1.7775732271396762,-0.047273309416862475,1.8873353275628397,0.9308798088190885,0.7193988955780223,-0.5782714429513534,0.8532840768137339,-0.2596920946662999,-0.3208600919135124,1.5790061434258433,4.07,33.81,61.5,0.121,1.443,0.96,70.2988691231943,-23.659786784981584,-63.04733599616713,20.178674710585376,1,0,0,0,0
123,123,1777638153.7033753,4668.215999999999,2.2038391357813394,0.0639428738443989,-1.7775732271396762,-0.047273309416862475,1.8873353275628397,0.9308798088190885,0.7194189915250219,-0.578301176737268,0.853242821159303,-0.2596022383107864,-0.3208874587530231,1.5789974474573822,4.07,33.81,61.5,0.121,1.443,0.96,70.2988691231943,-23.658818491471045,-63.04889506341407,20.174938385785175,1,0,0,0,0
124,124,1777638153.707899,4668.224,2.2038391357813394,0.0639428738443989,-1.7775732271396762,-0.047273309416862475,1.8873353275628397,0.9308798088190885,0.719423044797376,-0.5783323944412704,0.8532526654263854,-0.25962304243123896,-0.32087944524737905,1.5789985443201224,4.07,33.81,61.5,0.121,1.443,0.96,70.2988691231943,-23.659097116760442,-63.04848852763408,20.175882087296493,1,0,0,0,0
125,125,1777638153.7129724,4668.232,2.2038391357813394,0.0639428738443989,-1.7775732271396762,-0.047273309416862475,1.8873353275628397,0.9308798088190885,0.7194391410656023,-0.5783182362772437,0.8532383476196588,-0.2596004366221094,-0.32086030695187406,1.5790090466456304,4.07,33.81,61.5,0.121,1.443,0.96,70.2988691231943,-23.658027680062972,-63.04869237632505,20.176499099816727,1,0,0,0,0
126,126,1777638153.7200553,4668.24,2.2038391357813394,0.0639428738443989,-1.7775732271396762,-0.047273309416862475,1.8873353275628397,0.9308798088190885,0.7194326351685242,-0.5783279723678216,0.8532294893208742,-0.2595950881465396,-0.3208765586853995,1.5789736244066073,4.07,33.81,61.5,0.121,1.443,0.96,70.2988691231943,-23.66015826107082,-63.04835535688395,20.1750538500685,1,0,0,0,0
127,127,1777638153.727409,4668.248,2.2038391357813394,0.0639428738443989,-1.7775732271396762,-0.047273309416862475,1.8873353275628397,0.9308798088190885,0.7194313754869422,-0.578328249244823,0.8532129617270261,-0.25959096661038106,-0.3208733474632926,1.578995999548979,4.07,33.81,61.5,0.121,1.443,0.96,70.2988691231943,-23.65869354297987,-63.0487917630184,20.175407729781007,1,0,0,0,0
128,128,1777638153.7349277,4668.255999999999,2.2038391357813394,0.0639428738443989,-1.7775732271396762,-0.047273309416862475,1.8873353275628397,0.9308798088190885,0.7193978566240589,-0.5783169206542602,0.8532649479944427,-0.2596505681022423,-0.320864164721632,1.5789550056904513,4.07,33.81,61.5,0.121,1.443,0.96,70.2988691231943,-23.66225178581035,-63.04700503044407,20.17681831003282,1,0,0,0,0
129,129,1777638153.7414343,4668.264,2.2038391357813394,0.0639428738443989,-1.7775732271396762,-0.047273309416862475,1.8873353275628397,0.9308798088190885,0.7194145685982973,-0.5783450200454003,0.8532186241622298,-0.259550619776101,-0.3208538063206731,1.5789225844443122,4.07,33.81,61.5,0.121,1.443,0.96,70.2988691231943,-23.66252729189366,-63.0476213527379,20.174569237586642,1,0,0,0,0
130,130,1777638153.7517748,4668.272,2.2038391357813394,0.0639428738443989,-1.7775732271396762,-0.047273309416862475,1.8873353275628397,0.9308798088190885,0.7193906838553505,-0.5783198681797059,0.8532629727577753,-0.2596683962567702,-0.3208589508561287,1.578956332617633,4.07,33.81,61.5,0.121,1.443,0.96,70.2988691231943,-23.662468942360068,-63.046691597864346,20.177543014837717,1,0,0,0,0
131,131,1777638153.7563329,4668.28,2.2038391357813394,0.0639428738443989,-1.7775732271396762,-0.047273309416862475,1.8873353275628397,0.9308798088190885,0.7194391096418369,-0.5783232631634596,0.853224054543102,-0.259577847561765,-0.32089072514795075,1.579006616863065,4.07,33.81,61.5,0.121,1.443,0.96,70.2988691231943,-23.657833815661412,-63.049471314777726,20.174292207598437,1,0,0,0,0
132,132,1777638153.7641416,4668.288,2.2038391357813394,0.0639428738443989,-1.7775732271396762,-0.047273309416862475,1.8873353275628397,0.9308798088190885,0.7194516401156276,-0.5783170351510636,0.8532258137325329,-0.25957872014855526,-0.3208918264603015,1.5790301590211258,4.07,33.81,61.5,0.121,1.443,0.96,70.2988691231943,-23.65638898128728,-63.049931292485454,20.174548926280707,1,0,0,0,0
133,133,1777638153.770373,4668.295999999999,2.2038391357813394,0.0639428738443989,-1.7775732271396762,-0.047273309416862475,1.8873353275628397,0.9308798088190885,0.7194233856230309,-0.5783146914168543,0.8532553911111134,-0.2596150890273935,-0.32085610806564985,1.578998648396524,4.07,33.81,61.5,0.121,1.443,0.96,70.2988691231943,-23.658919492551643,-63.04821465747581,20.176946175023946,1,0,0,0,0
134,134,1777638153.7780967,4668.304,2.2038391357813394,0.0639428738443989,-1.7775732271396762,-0.047273309416862475,1.8873353275628397,0.9308798088190885,0.7194594028062752,-0.5783067723022686,0.8532421399372568,-0.2595815245726942,-0.3209059842531159,1.5790538576576365,4.07,33.81,61.5,0.121,1.443,0.96,70.2988691231943,-23.654986784458146,-63.050584200154056,20.174152578147915,1,0,0,0,0
135,135,1777638153.7847972,4668.312,2.2038391357813394,0.0639428738443989,-1.7775732271396762,-0.047273309416862475,1.8873353275628397,0.9308798088190885,0.7194324783470762,-0.5782953684434443,0.8532326336895526,-0.2595896979852852,-0.32089950471332745,1.579053992687861,4.07,33.81,61.5,0.121,1.443,0.96,70.2988691231943,-23.655109757559963,-63.05036335233335,20.174698597414775,1,0,0,0,0
136,136,1777638153.792203,4668.32,2.2038391357813394,0.0639428738443989,-1.7775732271396762,-0.047273309416862475,1.8873353275628397,0.9308798088190885,0.7194289267023211,-0.5782946693210442,0.8532557608996776,-0.2596582551471983,-0.32084106135035007,1.579003345887612,4.07,33.81,61.5,0.121,1.443,0.96,70.2988691231943,-23.659349579271755,-63.04744407352941,20.178849652073747,1,0,0,0,0
137,137,1777638153.801329,4668.3279999999995,2.2038391357813394,0.0639428738443989,-1.7775732271396762,-0.047273309416862475,1.8873353275628397,0.9308798088190885,0.7194471481159693,-0.5783290554477749,0.8532189526931652,-0.2595611167121959,-0.32086633443110074,1.5790052924005609,4.07,33.81,61.5,0.121,1.443,0.96,70.2988691231943,-23.65759210986989,-63.049276567897785,20.17518425759125,1,0,0,0,0
138,138,1777638153.8075724,4668.336,2.2038391357813394,0.0639428738443989,-1.7775732271396762,-0.047273309416862475,1.8873353275628397,0.9308798088190885,0.7194534157574026,-0.5783820206921305,0.8531982488419589,-0.2595318847002123,-0.3208550994009077,1.5789553816018855,4.07,33.81,61.5,0.121,1.443,0.96,70.2988691231943,-23.660170426413586,-63.04854055659756,20.17446081252573,1,0,0,0,0
139,139,1777638153.8137028,4668.344,2.2038391357813394,0.0639428738443989,-1.7775732271396762,-0.047273309416862475,1.8873353275628397,0.9308798088190885,0.7194241244197511,-0.5782908421226716,0.8532572647360636,-0.25961977579092754,-0.3209039189110091,1.5789880439512103,4.07,33.81,61.5,0.121,1.443,0.96,70.2988691231943,-23.65972844845608,-63.04873953056832,20.17435732190422,1,0,0,0,0
140,140,1777638153.8211384,4668.352,2.2038391357813394,0.0639428738443989,-1.7775732271396762,-0.047273309416862475,1.8873353275628397,0.9308798088190885,0.7194333888018186,-0.578351740612707,0.8532334026857528,-0.25958098761539433,-0.32088660940895897,1.5789829470449235,4.07,33.81,61.5,0.121,1.443,0.96,70.2988691231943,-23.659351290468845,-63.04890190916468,20.17429217005444,1,0,0,0,0
141,141,1777638153.8241298,4668.352,2.2038391357813394,0.0639428738443989,-1.7775732271396762,-0.047273309416862475,1.8873353275628397,0.9308798088190885,0.7194333888018186,-0.578351740612707,0.8532334026857528,-0.25958098761539433,-0.32088660940895897,1.5789829470449235,4.01,33.72,61.57,0.11,1.437,0.964,70.31346528226297,-23.615759709030428,-63.11411056451837,20.072078642110913,0,1,0,0,0
142,142,1777638153.8282526,4668.36,2.2038391357813394,0.0639428738443989,-1.7775732271396762,-0.047273309416862475,1.8873353275628397,0.9308798088190885,0.7194333117737949,-0.5783285917715141,0.8532350843273276,-0.25958816237877036,-0.3209039106835003,1.578984347540387,4.01,33.72,61.57,0.11,1.437,0.964,70.31346528226297,-23.61581983616335,-63.114323210062715,20.071339247833272,1,0,0,0,0
143,143,1777638153.8352869,4668.3679999999995,2.2038391357813394,0.0639428738443989,-1.7775732271396762,-0.047273309416862475,1.8873353275628397,0.9308798088190885,0.7194280059151696,-0.5783234149910975,0.8532675884932478,-0.2596039682234345,-0.32087125049332177,1.578997567369354,4.01,33.72,61.57,0.11,1.437,0.964,70.31346528226297,-23.615224442405157,-63.113814088867585,20.073640568932397,1,0,0,0,0
144,144,1777638153.842376,4668.376,2.2038391357813394,0.0639428738443989,-1.7775732271396762,-0.047273309416862475,1.8873353275628397,0.9308798088190885,0.7194474252261044,-0.5783370679240486,0.8532299467865595,-0.2595667429792927,-0.32090592840636917,1.579005483936952,4.01,33.72,61.57,0.11,1.437,0.964,70.31346528226297,-23.61414150990873,-63.11506537001959,20.070980147669864,1,0,0,0,0
145,145,1777638153.8514712,4668.384,2.2038391357813394,0.0639428738443989,-1.7775732271396762,-0.047273309416862475,1.8873353275628397,0.9308798088190885,0.7194240008530256,-0.5783389817304316,0.8532357726138926,-0.25959404024943106,-0.32088452326448974,1.5789841850592556,4.01,33.72,61.57,0.11,1.437,0.964,70.31346528226297,-23.615903970371548,-63.11391605257401,20.072520523612102,1,0,0,0,0
146,146,1777638153.85719,4668.392,2.2038391357813394,0.0639428738443989,-1.7775732271396762,-0.047273309416862475,1.8873353275628397,0.9308798088190885,0.7193978630378284,-0.5782852799084817,0.8532775052740063,-0.25965254051508985,-0.32085080766306506,1.578990712208957,4.01,33.72,61.57,0.11,1.437,0.964,70.31346528226297,-23.616455938541634,-63.11265926426757,20.075822511054962,1,0,0,0,0
147,147,1777638153.8649156,4668.4,2.2038391357813394,0.0639428738443989,-1.7775732271396762,-0.047273309416862475,1.8873353275628397,0.9308798088190885,0.719447894023833,-0.5783118847108603,0.8532322248089186,-0.25957883436602325,-0.3208917451268983,1.5790302231690168,4.01,33.72,61.57,0.11,1.437,0.964,70.31346528226297,-23.612792146361663,-63.11513660573096,20.072343617341748,1,0,0,0,0
148,148,1777638153.8710282,4668.407999999999,2.2038391357813394,0.0639428738443989,-1.7775732271396762,-0.047273309416862475,1.8873353275628397,0.9308798088190885,0.719461494550265,-0.57830751315222,0.8532479197002223,-0.25958084781155777,-0.32084002669563016,1.5790313170231558,4.01,33.72,61.57,0.11,1.437,0.964,70.31346528226297,-23.612686991146056,-63.1142722786104,20.07518487585086,1,0,0,0,0
149,149,1777638153.878592,4668.416,2.2038391357813394,0.0639428738443989,-1.7775732271396762,-0.047273309416862475,1.8873353275628397,0.9308798088190885,0.7194606225945376,-0.5782853377196133,0.8532615764352058,-0.2596227067590249,-0.32084826636100544,1.5790588366658633,4.01,33.72,61.57,0.11,1.437,0.964,70.31346528226297,-23.611707022303058,-63.1143494019114,20.076095015375156,1,0,0,0,0
150,150,1777638153.8859475,4668.424,2.2038391357813394,0.0639428738443989,-1.7775732271396762,-0.047273309416862475,1.8873353275628397,0.9308798088190885,0.719411498403727,-0.5782958290030783,0.8532680680518476,-0.2596584556374463,-0.32086217862660943,1.5790141937061943,4.01,33.72,61.57,0.11,1.437,0.964,70.31346528226297,-23.615114157772368,-63.11321673381744,20.075648353803285,1,0,0,0,0
151,151,1777638153.8926663,4668.432,2.2038391357813394,0.0639428738443989,-1.7775732271396762,-0.047273309416862475,1.8873353275628397,0.9308798088190885,0.7194325581300504,-0.5783044730570264,0.8532547030774736,-0.2596092414842242,-0.3208754545307321,1.5789985762214354,4.01,33.72,61.57,0.11,1.437,0.964,70.31346528226297,-23.615258114372157,-63.11382893639495,20.073554273696885,1,0,0,0,0
152,152,1777638153.950591,4668.44,2.2038391357813394,0.0639428738443989,-1.7775732271396762,-0.047273309416862475,1.8873353275628397,0.9308798088190885,0.7194584076915985,-0.5783209192652068,0.8532159610981269,-0.2595680186974162,-0.3208928443940745,1.5790406798813152,4.01,33.72,61.57,0.11,1.437,0.964,70.31346528226297,-23.611958204472167,-63.11550850203499,20.07215524750162,1,0,0,0,0
153,153,1777638153.9506726,4668.447999999999,2.2038391357813394,0.0639428738443989,-1.7775732271396762,-0.047273309416862475,1.8873353275628397,0.9308798088190885,0.7194136456816449,-0.5782733646032855,0.8532982247934913,-0.2596640625095266,-0.3208662170028306,1.579015529262772,4.01,33.72,61.57,0.11,1.437,0.964,70.31346528226297,-23.615133027733634,-63.113230433309255,20.075583088778536,1,0,0,0,0
154,154,1777638153.9517314,4668.456,2.2038391357813394,0.0639428738443989,-1.7775732271396762,-0.047273309416862475,1.8873353275628397,0.9308798088190885,0.7194248990199237,-0.5782967380570683,0.8532591156788135,-0.25967149012686364,-0.3208095540912941,1.5790045423818495,4.01,33.72,61.57,0.11,1.437,0.964,70.31346528226297,-23.61586460291743,-63.11197505070206,20.07866888656297,1,0,0,0,0
155,155,1777638153.9517648,4668.464,2.2038391357813394,0.0639428738443989,-1.7775732271396762,-0.047273309416862475,1.8873353275628397,0.9308798088190885,0.7194125142297298,-0.5783213662991011,0.8532652546615458,-0.2596448918206724,-0.3208542639538185,1.5789551285050978,4.01,33.72,61.57,0.11,1.437,0.964,70.31346528226297,-23.61854052657356,-63.11213876616299,20.075006444711015,1,0,0,0,0
156,156,1777638153.9517872,4668.472,2.2038391357813394,0.0639428738443989,-1.7775732271396762,-0.047273309416862475,1.8873353275628397,0.9308798088190885,0.7194330403450858,-0.5783258389659675,0.8532263723452796,-0.25956723956851246,-0.3208672943732466,1.5789711832831022,4.01,33.72,61.57,0.11,1.437,0.964,70.31346528226297,-23.616227885198445,-63.113757471599925,20.07263805010291,1,0,0,0,0
157,157,1777638153.9527612,4668.48,2.2038391357813394,0.0639428738443989,-1.7775732271396762,-0.047273309416862475,1.8873353275628397,0.9308798088190885,0.7194486679034037,-0.5783331702935888,0.8532075979702963,-0.2595695488697553,-0.32086127522101543,1.5790288443919862,4.01,33.72,61.57,0.11,1.437,0.964,70.31346528226297,-23.612676151528557,-63.11473588174374,20.073740048649704,1,0,0,0,0
158,158,1777638153.956332,4668.487999999999,2.2038391357813394,0.0639428738443989,-1.7775732271396762,-0.047273309416862475,1.8873353275628397,0.9308798088190885,0.7193924114307977,-0.5783042517768977,0.8532737112182328,-0.2596800931122599,-0.3208589623042187,1.5789693702569423,4.01,33.72,61.57,0.11,1.437,0.964,70.31346528226297,-23.618266418086545,-63.11199528231805,20.075780006987262,1,0,0,0,0
159,159,1777638153.9656003,4668.496,2.2038391357813394,0.0639428738443989,-1.7775732271396762,-0.047273309416862475,1.8873353275628397,0.9308798088190885,0.719422269405032,-0.5783370094521949,0.8532370113996722,-0.2595819819332611,-0.32083366364326815,1.5789604500368504,4.01,33.72,61.57,0.11,1.437,0.964,70.31346528226297,-23.61710123467695,-63.112785794017725,20.074665590974483,1,0,0,0,0
160,160,1777638153.9660335,4668.504,2.2038391357813394,0.0639428738443989,-1.7775732271396762,-0.047273309416862475,1.8873353275628397,0.9308798088190885,0.7194091376774434,-0.5783112060994682,0.8532592974753261,-0.25965435849107454,-0.3208346653295971,1.5789903063851118,4.01,33.72,61.57,0.11,1.437,0.964,70.31346528226297,-23.61648996071667,-63.11235830459262,20.07672859726125,1,0,0,0,0
161,161,1777638153.9661663,4668.512,2.2038391357813394,0.0639428738443989,-1.7775732271396762,-0.047273309416862475,1.8873353275628397,0.9308798088190885,0.7194409063020527,-0.5783468116054129,0.8532210966617508,-0.25956141211061295,-0.32092231077979533,1.5789700618410318,4.01,33.72,61.57,0.11,1.437,0.964,70.31346528226297,-23.616273794530887,-63.11472954359792,20.069527316313156,1,0,0,0,0
162,162,1777638153.9732559,4668.512,2.2038391357813394,0.0639428738443989,-1.7775732271396762,-0.047273309416862475,1.8873353275628397,0.9308798088190885,0.7194409063020527,-0.5783468116054129,0.8532210966617508,-0.25956141211061295,-0.32092231077979533,1.5789700618410318,3.99,33.74,61.97,0.076,1.422,0.977,70.67240338349899,-23.630275491973475,-63.51504904754445,20.050865932958068,0,1,0,0,0
163,163,1777638153.9771695,4668.5199999999995,2.2038391357813394,0.0639428738443989,-1.7775732271396762,-0.047273309416862475,1.8873353275628397,0.9308798088190885,0.7194398293146514,-0.5782983564874241,0.8532337135505376,-0.25959004287678,-0.3208763809816236,1.5790314156617844,3.99,33.74,61.97,0.076,1.422,0.977,70.67240338349899,-23.62687118828991,-63.51506842896504,20.0548158883557,1,0,0,0,0
164,164,1777638153.979055,4668.527999999999,2.2038391357813394,0.0639428738443989,-1.7775732271396762,-0.047273309416862475,1.8873353275628397,0.9308798088190885,0.7194212569282398,-0.5782630783826114,0.8532737339362698,-0.259654119904074,-0.3208824922614156,1.5790377855616045,3.99,33.74,61.97,0.076,1.422,0.977,70.67240338349899,-23.627581915084097,-63.514390859208596,20.056124416987164,1,0,0,0,0
165,165,1777638153.9867072,4668.536,2.2038391357813394,0.0639428738443989,-1.7775732271396762,-0.047273309416862475,1.8873353275628397,0.9308798088190885,0.7194108594503872,-0.5783134649863712,0.8532706504210381,-0.2596403089173825,-0.32088053810837913,1.5789776588288733,3.99,33.74,61.97,0.076,1.422,0.977,70.67240338349899,-23.631101695766247,-63.51339362676006,20.055135568142834,1,0,0,0,0
166,166,1777638153.9933736,4668.544,2.2038391357813394,0.0639428738443989,-1.7775732271396762,-0.047273309416862475,1.8873353275628397,0.9308798088190885,0.7194268969714289,-0.5782887873614466,0.8532790444132526,-0.2596230551255952,-0.32085912903855995,1.5790117389784564,3.99,33.74,61.97,0.076,1.422,0.977,70.67240338349899,-23.628646317755504,-63.51393885702502,20.056301853943733,1,0,0,0,0
167,167,1777638154.001979,4668.552,2.2038391357813394,0.0639428738443989,-1.7775732271396762,-0.047273309416862475,1.8873353275628397,0.9308798088190885,0.7194192984198128,-0.5783246105032704,0.8532409973541998,-0.2595945223662219,-0.32087010712813296,1.5789959971665564,3.99,33.74,61.97,0.076,1.422,0.977,70.67240338349899,-23.62915467123753,-63.51421867621113,20.054816764886326,1,0,0,0,0
168,168,1777638154.0079749,4668.5599999999995,2.2038391357813394,0.0639428738443989,-1.7775732271396762,-0.047273309416862475,1.8873353275628397,0.9308798088190885,0.7194387308166048,-0.5783739021984146,0.8531961217010584,-0.25951587107380947,-0.32083756391693025,1.578976621618496,3.99,33.74,61.97,0.076,1.422,0.977,70.67240338349899,-23.628972233909238,-63.514412804126295,20.054416902921503,1,0,0,0,0
169,169,1777638154.0152528,4668.568,2.2038391357813394,0.0639428738443989,-1.7775732271396762,-0.047273309416862475,1.8873353275628397,0.9308798088190885,0.7194400108927387,-0.5783407614207061,0.8532011583215999,-0.25955160032727076,-0.3208704727502157,1.5789579750571647,3.99,33.74,61.97,0.076,1.422,0.977,70.67240338349899,-23.63079509642865,-63.514095569082144,20.053273726554036,1,0,0,0,0
170,170,1777638154.0222726,4668.576,2.203839151825342,0.06394287018305636,-1.777573220999285,-0.047273296897218486,1.8873353096906682,0.9308798139323328,0.7194375607704593,-0.5782828013824853,0.8532344270897078,-0.2596120314625303,-0.3209192825841409,1.5790223202007572,3.99,33.74,61.97,0.076,1.422,0.977,70.67240338349899,-23.627873654638563,-63.51529424986082,20.05291956085283,1,0,0,0,0
171,171,1777638154.0297196,4668.584,2.203839280177363,0.06394284089231607,-1.77757317187615,-0.047273196740063916,1.8873351667132958,0.9308798548382867,0.719409053478599,-0.5783292056463691,0.8532470127430836,-0.25958870646069504,-0.32093011686584383,1.5789492089807298,3.99,33.74,61.97,0.076,1.422,0.977,70.67240338349899,-23.632058537701646,-63.51439223074849,20.050845090152162,1,0,0,0,0
172,172,1777638154.036769,4668.592,2.203839713365433,0.06394274203606762,-1.7775730060855706,-0.04727285870967002,1.8873346841646643,0.9308799928958814,0.7194607813371787,-0.578409598230681,0.8531304736070981,-0.25927282230087045,-0.3211464844137337,1.5789067460539055,3.99,33.74,61.97,0.076,1.422,0.977,70.67240338349899,-23.6295672807744,-63.521597847518144,20.030944985734795,1,0,0,0,0
173,173,1777638154.044014,4668.599999999999,2.203840740181599,0.06394250771014533,-1.777572613100494,-0.04727205745243879,1.8873335403456857,0.9308803201435132,0.7194997065198976,-0.5784298962533991,0.8530693359791339,-0.259121930811584,-0.32119186263713995,1.5789732059378774,3.99,33.74,61.97,0.076,1.422,0.977,70.67240338349899,-23.622877692173688,-63.52575133678691,20.025662701576643,1,0,0,0,0
174,174,1777638154.0537913,4668.608,2.2038427456819236,0.06394205004232838,-1.7775718455515168,-0.04727049249690829,1.8873313063242432,0.9308809592990441,0.71953672695874,-0.5785063008483471,0.8529527749935633,-0.2589174681277156,-0.3213487665617052,1.578917863494416,3.99,33.74,61.97,0.076,1.422,0.977,70.67240338349899,-23.62302832937631,-63.530152444695474,20.011518255825496,1,0,0,0,0
175,175,1777638154.058283,4668.616,2.2038462111864847,0.06394125919234067,-1.7775705192268827,-0.04726778825375266,1.8873274459351903,0.9308820637598015,0.7195517969919119,-0.578571359652599,0.852896799536986,-0.2587427311976817,-0.321350590592403,1.57881984105122,3.99,33.74,61.97,0.076,1.422,0.977,70.67240338349899,-23.62615902070917,-63.53074749852904,20.00593242531597,1,0,0,0,0
176,176,1777638154.0657227,4668.624,2.2038502464353296,0.06394033832311564,-1.7775689748486112,-0.04726463942105674,1.887322950881096,0.9308833497987945,0.7195917065563247,-0.5786270778953879,0.852826550203165,-0.25858076406922315,-0.3213716366885222,1.578827622032046,3.99,33.74,61.97,0.076,1.422,0.977,70.67240338349899,-23.622917388687206,-63.533520742385655,20.000952880403258,1,0,0,0,0
177,177,1777638154.073326,4668.632,2.2038529349199134,0.06393972479398506,-1.7775679459065712,-0.04726254151124021,1.8873199560512597,0.9308842066222868,0.7196369532732418,-0.5786632283803461,0.852822437405674,-0.25848128092003797,-0.3213920347765075,1.5788185418661727,3.99,33.74,61.97,0.076,1.422,0.977,70.67240338349899,-23.62180270027133,-63.53508001495533,19.99731593696206,1,0,0,0,0
178,178,1777638154.0804212,4668.639999999999,2.2038535168142537,0.06393951925621968,-1.7775677240989705,-0.04726199104498807,1.8873192337413927,0.93088447848445,0.7196461696412444,-0.5786851862942635,0.8527732442205134,-0.2583499549330556,-0.32149233682947376,1.5788172411226653,3.99,33.74,61.97,0.076,1.422,0.977,70.67240338349899,-23.619757343088644,-63.53855575808165,19.98868668098926,1,0,0,0,0
179,179,1777638154.0873306,4668.648,2.2038513864090805,0.06393829038112772,-1.77756856057181,-0.04726138085825049,1.887319859687201,0.9308858367538302,0.7196228417744484,-0.5786974178439583,0.8527694949323568,-0.2584126994171232,-0.3214232388969925,1.5787879211522833,3.99,33.74,61.97,0.076,1.422,0.977,70.67240338349899,-23.622579870308,-63.535968111157715,19.99357587948858,1,0,0,0,0
180,180,1777638154.0945835,4668.656,2.2038457738375437,0.06393505289429412,-1.7775707642022773,-0.04725977333935649,1.8873215087714905,0.9308894151319238,0.7196112676550203,-0.5786556588034226,0.8528214972242668,-0.25846313972747065,-0.32149942637126316,1.578827486067381,3.99,33.74,61.97,0.076,1.422,0.977,70.67240338349899,-23.621069790895127,-63.537281012049625,19.991187646798284,1,0,0,0,0
181,181,1777638154.1064253,4668.664,2.203835744966324,0.06392926794757678,-1.7775747015444932,-0.047256901015506614,1.8873244555400188,0.930895809206149,0.719596833506216,-0.5786285813558047,0.8528111915070998,-0.25850963901476187,-0.3214517138171615,1.5788321598965451,3.99,33.74,61.97,0.076,1.422,0.977,70.67240338349899,-23.621514921973557,-63.53593010089154,19.99495483879882,1,0,0,0,0
182,182,1777638154.1090353,4668.672,2.2038202806189986,0.06392034761927436,-1.777580772271464,-0.047252472154956315,1.8873289996282567,0.9309056688063078,0.7195950323109503,-0.5786343734717976,0.8528161085533505,-0.25850313080422377,-0.32144047761783895,1.5788081657633322,3.99,33.74,61.97,0.076,1.422,0.977,70.67240338349899,-23.622889255398228,-63.53537318760202,19.99510082843627,1,0,0,0,0
183,183,1777638154.1120327,4668.672,2.2038202806189986,0.06392034761927436,-1.777580772271464,-0.047252472154956315,1.8873289996282567,0.9309056688063078,0.7195950323109503,-0.5786343734717976,0.8528161085533505,-0.25850313080422377,-0.32144047761783895,1.5788081657633322,4.74,33.55,64.51,-0.015,1.334,0.993,72.86707212452,-22.959688893690775,-66.07018899316375,20.425303236734493,0,1,0,0,0
184,184,1777638154.11621,4668.679999999999,2.203798276496987,0.06390765485747997,-1.7775894090426405,-0.047246170803827425,1.8873354658463646,0.9309196980681886,0.7195765350006458,-0.5786342055990599,0.8528120811239178,-0.25854353536494,-0.3214120031327475,1.5788344398316905,4.74,33.55,64.51,-0.015,1.334,0.993,72.86707212452,-22.95866113653082,-66.06962554087654,20.42828087985633,1,0,0,0,0
185,185,1777638154.1240017,4668.688,2.2037696368225146,0.06389113432647979,-1.7776006481545252,-0.04723797000579477,1.8873438828297973,0.9309379581619671,0.7195664304512256,-0.5786255695538021,0.8528479102202304,-0.2585866375784506,-0.32143236479631626,1.5788383946634537,4.74,33.55,64.51,-0.015,1.334,0.993,72.86707212452,-22.959186260670606,-66.0694233322554,20.42834469043103,1,0,0,0,0
186,186,1777638154.1304169,4668.696,2.203735044101611,0.06387117961564782,-1.7776142201727696,-0.047228065773344596,1.8873540505985633,0.9309600140641805,0.7195370355208459,-0.5786394824694563,0.8528304822221713,-0.25859273554829815,-0.3213820790493982,1.5788146733852813,4.74,33.55,64.51,-0.015,1.334,0.993,72.86707212452,-22.96078046659326,-66.06805791127243,20.430968753283828,1,0,0,0,0
187,187,1777638154.1383657,4668.704,2.2036944974447366,0.06384779008774606,-1.777630123607155,-0.04721645852076328,1.8873659701088714,0.9309858664904431,0.7195729186320863,-0.5786806514669448,0.8528218511203582,-0.25847999507432556,-0.3214463163315338,1.5787814155307434,4.74,33.55,64.51,-0.015,1.334,0.993,72.86707212452,-22.96102694293662,-66.07011990462254,20.424022559587492,1,0,0,0,0
188,188,1777638154.1451461,4668.7119999999995,2.2036479958092774,0.06382096499605189,-1.7776483567110724,-0.047203148733656164,1.887379642481553,0.9310155162794617,0.7195372709102291,-0.5786994460498391,0.8528193353577915,-0.2585669137920153,-0.3214251121292972,1.578753243237221,4.74,33.55,64.51,-0.015,1.334,0.993,72.86707212452,-22.964367291323974,-66.06800349613364,20.42711308393932,1,0,0,0,0
189,189,1777638154.154149,4668.719999999999,2.2035955379995293,0.06379070348443104,-1.7776689174815168,-0.047188136968967065,1.887395069002112,0.9310489643930216,0.7194977241064896,-0.5786989962589576,0.8528302238002857,-0.258598549789387,-0.32137984869740993,1.5787661540487556,4.74,33.55,64.51,-0.015,1.334,0.993,72.86707212452,-22.96403527484693,-66.06703724794576,20.430611179652274,1,0,0,0,0
190,190,1777638154.159489,4668.728,2.203537122666683,0.06375700458742138,-1.7776918036590912,-0.04717142385499962,1.8874122511207825,0.93108621191597,0.7194599223820703,-0.5786807346487488,0.852894880974687,-0.2586969797114127,-0.3213737275180578,1.5787633963384355,4.74,33.55,64.51,-0.015,1.334,0.993,72.86707212452,-22.965942740666694,-66.06547935881316,20.433504621641653,1,0,0,0,0
191,191,1777638154.1663988,4668.736,2.2034727483088052,0.06371986723032719,-1.7777170127280044,-0.0471530100914439,1.887431190452593,0.9311272600561975,0.7194159816562912,-0.578650817129209,0.8529439771839291,-0.2587822541937235,-0.3213214105075038,1.5788048866491426,4.74,33.55,64.51,-0.015,1.334,0.993,72.86707212452,-22.96469011198766,-66.06416003469306,20.439177257679443,1,0,0,0,0
192,192,1777638154.1735728,4668.744,2.2034024132708216,0.06367929022932427,-1.777744541916075,-0.04713289644939955,1.8874518887774392,0.9311721101446178,0.7193623726287096,-0.5786758044633135,0.8529449442718904,-0.25882124602819095,-0.3213466238602106,1.5787484722285172,4.74,33.55,64.51,-0.015,1.334,0.993,72.86707212452,-22.96907340054674,-66.06297678879645,20.438076350851613,1,0,0,0,0
193,193,1777638154.1815019,4668.7519999999995,2.203326115744492,0.06363527229157584,-1.7777743881947279,-0.04711108377141393,1.8874743480401617,0.9312207636351444,0.7192877234092562,-0.5786460592238799,0.8530223526201848,-0.25897078740592494,-0.321368654262991,1.578737790832397,4.74,33.55,64.51,-0.015,1.334,0.993,72.86707212452,-22.972428151585397,-66.06101132149634,20.440658697835048,1,0,0,0,0
194,194,1777638154.1879785,4668.76,2.203243853768389,0.06358781201535915,-1.7778065482789964,-0.047087572971507896,1.8874985703506337,0.9312732221046657,0.7191835413506007,-0.5786782518128732,0.8530610616941436,-0.2590980175001858,-0.3213740277265753,1.578721592118946,4.74,33.55,64.51,-0.015,1.334,0.993,72.86707212452,-22.975729852589353,-66.05898390201875,20.44349978779714,1,0,0,0,0
195,195,1777638154.3377914,4668.768,2.203155625227872,0.06353690789020275,-1.777841018627524,-0.04706236503521666,1.8875245579838547,0.931329487253018,0.7191120753678423,-0.578648637733461,0.8530992897165485,-0.2592065583852906,-0.32126998827393666,1.5786618505130612,4.74,33.55,64.51,-0.015,1.334,0.993,72.86707212452,-22.981411810294738,-66.05458866281376,20.451313595760126,1,0,0,0,0
196,196,1777638154.337953,4668.776,2.203061427855059,0.06348255829703468,-1.7778777954425626,-0.04703546101962797,1.8875523133800507,0.9313895609029562,0.7190528519575171,-0.5786904937795975,0.8531626376960202,-0.2592601786386255,-0.32127944257876145,1.5786632345040632,4.74,33.55,64.51,-0.015,1.334,0.993,72.86707212452,-22.982277461044873,-66.05400639570288,20.45222143875794,1,0,0,0,0
197,197,1777638154.3380554,4668.784,2.2029612592287977,0.06342476150834132,-1.777916874669975,-0.047006862053421195,1.8875818391447834,0.9314534450001223,0.7189519751735574,-0.5787196128856519,0.8531887642953284,-0.2593484267668744,-0.3213111532257622,1.5786095720301074,4.74,33.55,64.51,-0.015,1.334,0.993,72.86707212452,-22.9873567408977,-66.05227861268489,20.452093294793887,1,0,0,0,0
198,198,1777638154.338156,4668.7919999999995,2.2028551167746353,0.06336351568833694,-1.777958251999233,-0.046976569336916185,1.887613138049065,0.9315211416130116,0.7189014416631831,-0.5787042311007466,0.8532568199736658,-0.25948319769268985,-0.321302690273481,1.5786547579782355,4.74,33.55,64.51,-0.015,1.334,0.993,72.86707212452,-22.986785306545794,-66.05105176791248,20.456697231550248,1,0,0,0,0
199,199,1777638154.3434463,4668.8,2.2027429977647834,0.06329881889314419,-1.7780019228634227,-0.046944584142116774,1.8876462130294815,0.9315926529329369,0.7188107991535451,-0.5786778857028819,0.8533046388433368,-0.2595832019461762,-0.32125705758432976,1.578638874903575,4.74,33.55,64.51,-0.015,1.334,0.993,72.86707212452,-22.98953006103756,-66.04856623523321,20.461637418414572,1,0,0,0,0
200,200,1777638154.3436513,4668.808,2.202624899318085,0.06323066907098532,-1.778047882439239,-0.04691090781276319,1.8876810671883222,0.9316679812739905,0.7186749933351049,-0.5787344533986263,0.8533858338418416,-0.25972048058182173,-0.32119086519049717,1.578531038317241,4.74,33.55,64.51,-0.015,1.334,0.993,72.86707212452,-22.998886474934345,-66.04349564097728,20.467488962579104,1,0,0,0,0
201,201,1777638154.3437378,4668.816,2.2025008183999777,0.06315906406238424,-1.7780961256469894,-0.04687554176438535,1.8877177037937163,0.9317471290730034,0.7185835025412877,-0.5787158249538522,0.8534620091502139,-0.25989140456414395,-0.3212496196831982,1.578578600367422,4.74,33.55,64.51,-0.015,1.334,0.993,72.86707212452,-22.99887259087739,-66.04291848323693,20.469366813976247,1,0,0,0,0
202,202,1777638154.3438134,4668.824,2.2023707518224533,0.06308400160037929,-1.7781466471505958,-0.04683848748435704,1.8877561262797782,0.9318300988895026,0.7184614641898598,-0.5786851073883857,0.8535697491732189,-0.2600535850303529,-0.3211865924424002,1.5785674434685792,4.74,33.55,64.51,-0.015,1.334,0.993,72.86707212452,-23.002386752790194,-66.03933995386423,20.47696222912507,1,0,0,0,0
203,203,1777638154.348049,4668.831999999999,2.2022346962440205,0.06300547931074692,-1.7781994413575921,-0.046799746531957176,1.8877963382467582,0.931916893405667,0.7182988620032082,-0.5786432194476615,0.8536821217746422,-0.2603430582996063,-0.32118448787307946,1.5785325393428578,4.74,33.55,64.51,-0.015,1.334,0.993,72.86707212452,-23.009755702911505,-66.0345177105512,20.48423328385107,1,0,0,0,0
204,204,1777638154.3482335,4668.831999999999,2.2022346962440205,0.06300547931074692,-1.7781994413575921,-0.046799746531957176,1.8877963382467582,0.931916893405667,0.7182988620032082,-0.5786432194476615,0.8536821217746422,-0.2603430582996063,-0.32118448787307946,1.5785325393428578,4.33,33.7,63.87,-0.008,1.357,0.991,72.3451159374287,-23.38433211438825,-65.39879646118139,20.248116776455028,0,1,0,0,0
205,205,1777638154.3483953,4668.84,2.2020926481696605,0.06292349471223624,-1.7782545024191245,-0.04675932053842846,1.8878383434612012,0.9320075154262791,0.7181645980183142,-0.5786546730613722,0.8537871347436478,-0.2605134280827462,-0.32115053638124325,1.5785200678436166,4.33,33.7,63.87,-0.008,1.357,0.991,72.3451159374287,-23.388068483934426,-65.39557882392397,20.254192723353334,1,0,0,0,0
206,206,1777638154.3485203,4668.848,2.2019446039507846,0.06283804521681427,-1.7783118242299567,-0.046717211207043086,1.887882145856112,0.9321019678786766,0.7179890792979664,-0.5786078883413771,0.8539501806420453,-0.2607867348922242,-0.3211653174128231,1.578460697359084,4.33,33.7,63.87,-0.008,1.357,0.991,72.3451159374287,-23.396670155873643,-65.39082096939838,20.259618914612844,1,0,0,0,0
207,207,1777638154.3527803,4668.856,2.2017905597851892,0.06274912812992232,-1.7783714004284636,-0.04667342031317201,1.887927749531128,0.9322002538126989,0.7178917670843863,-0.5786121151734822,0.8540095918241435,-0.26091879631825105,-0.32110318808949345,1.5784697590317833,4.33,33.7,63.87,-0.008,1.357,0.991,72.3451159374287,-23.398322575161103,-65.38808498663465,20.266539972312742,1,0,0,0,0
208,208,1777638154.3529298,4668.864,2.201630511717008,0.06265674065074307,-1.778433224396637,-0.04662794970435247,1.8879751587526992,0.9323023764006342,0.7177251357880716,-0.5785923603225545,0.8541144240708661,-0.26108714863575244,-0.32108393120568424,1.5784338324477143,4.33,33.7,63.87,-0.008,1.357,0.991,72.3451159374287,-23.403549112823203,-65.38469279131319,20.271448826101906,1,0,0,0,0
209,209,1777638154.3530037,4668.871999999999,2.201464455636664,0.06256087987247837,-1.7784972892600823,-0.04658080130035902,1.8880243779542745,0.9324083389371625,0.7175827056627809,-0.5785712690949598,0.8542512407724329,-0.26133305481532604,-0.3210702124362139,1.5784299550731087,4.33,33.7,63.87,-0.008,1.357,0.991,72.3451159374287,-23.408070744414484,-65.38090086579074,20.27845718988826,1,0,0,0,0
210,210,1777638154.3569787,4668.88,2.201292387280819,0.0624615427826384,-1.778563587888022,-0.04653197709328438,1.8880754117364955,0.9325181448392958,0.7173962191187373,-0.5785837486082437,0.8543458460598008,-0.2615748405741098,-0.3210611907278412,1.5783648585599213,4.33,33.7,63.87,-0.008,1.357,0.991,72.3451159374287,-23.416465471891016,-65.37608092563477,20.28430397150933,1,0,0,0,0
211,211,1777638154.35711,4668.888,2.201114302232323,0.06235872626334142,-1.778632112893292,-0.046481479147614024,1.8881282648673976,0.9326317976463175,0.7172477561019448,-0.5785988634784753,0.8544282965246874,-0.26168543558194646,-0.32105214608322297,1.5783005043325227,4.33,33.7,63.87,-0.008,1.357,0.991,72.3451159374287,-23.422525204774825,-65.37313614869281,20.28679824704138,1,0,0,0,0
212,212,1777638154.3572059,4668.896,2.2009301959201606,0.06225242709162452,-1.7787028566323446,-0.04642930960030789,1.8881829422826168,0.9327493010197183,0.7170900774531073,-0.5785979834292578,0.854530094292862,-0.26191774428598563,-0.32104635148010663,1.5782931899534876,4.33,33.7,63.87,-0.008,1.357,0.991,72.3451159374287,-23.427039247968658,-65.36960177151654,20.292974062652224,1,0,0,0,0
213,213,1777638154.3619182,4668.9039999999995,2.2007400636193957,0.06214264193976539,-1.7787758112052474,-0.04637547066088654,1.8882394490856047,0.9328706587431288,0.7168868210698914,-0.5785741779752842,0.8546867497250037,-0.26216212603041045,-0.32105626295301,1.5782065542695434,4.33,33.7,63.87,-0.008,1.357,0.991,72.3451159374287,-23.43688463196841,-65.36464824522541,20.297561393570273,1,0,0,0,0
214,214,1777638154.3620312,4668.911999999999,2.2005439004511174,0.062029367375615076,-1.778850968455684,-0.04631996461151644,1.8882977905478495,0.9329958747222511,0.7166939202223954,-0.5785979983550561,0.8548373297261393,-0.2624405538919527,-0.3210350820784232,1.5781557118333047,4.33,33.7,63.87,-0.008,1.357,0.991,72.3451159374287,-23.44498681170573,-65.35937169941897,20.305194519041983,1,0,0,0,0
215,215,1777638154.3657954,4668.92,2.200341701382381,0.061912599862941654,-1.7789283199709498,-0.04626279380710052,1.8883579721091044,0.9331249529847873,0.7165231123095449,-0.5786276070515951,0.854933785957477,-0.2626020313037713,-0.32098083303195746,1.5780955978085416,4.33,33.7,63.87,-0.008,1.357,0.991,72.3451159374287,-23.45161165379354,-65.35502657986645,20.3115290311834,1,0,0,0,0
216,216,1777638154.3659377,4668.928,2.2001334612261503,0.06179233576178491,-1.77900785708196,-0.046203960675368805,1.888419999377623,0.9332578976803654,0.7162801062959347,-0.5785563703258078,0.8551222342453816,-0.26296487320816997,-0.32095169553273134,1.5780542301817384,4.33,33.7,63.87,-0.008,1.357,0.991,72.3451159374287,-23.460566756336164,-65.34859442408097,20.321880185368357,1,0,0,0,0
217,217,1777638154.3660188,4668.936,2.199919174641238,0.06166857132882214,-1.7790895708632384,-0.04614346771697697,1.8884838781303999,0.9333947130804623,0.716070711769965,-0.5785704161576857,0.855265248973323,-0.2632075923265667,-0.3209682922960541,1.577954255916435,4.33,33.7,63.87,-0.008,1.357,0.991,72.3451159374287,-23.47124674710775,-65.34351670427264,20.325875155939126,1,0,0,0,0
218,218,1777638154.3660939,4668.9439999999995,2.1996988361322436,0.06154130271774503,-1.7791734521329268,-0.04608131750560318,1.8885496143134204,0.9335354035783242,0.7158889764138519,-0.5785411789422483,0.8554001794655484,-0.263470262373355,-0.32094014409145544,1.577961296775548,4.33,33.7,63.87,-0.008,1.357,0.991,72.3451159374287,-23.475342264408635,-65.33944433372915,20.334235164578462,1,0,0,0,0
219,219,1777638154.3662376,4668.952,2.1994724400494925,0.06141052597964748,-1.7792594914527742,-0.046017512688047546,1.888617214041915,0.9336799736888849,0.7156776109695668,-0.5785065995073599,0.8555314945706187,-0.2637364202328799,-0.32090742876367234,1.57794550763849,4.33,33.7,63.87,-0.008,1.357,0.991,72.3451159374287,-23.480962469688034,-65.33480967852088,20.342636155831805,1,0,0,0,0
220,220,1777638154.3716927,4668.96,2.1992399805889713,0.061276237063424506,-1.7793476791281453,-0.04595205598433871,1.8886866836006215,0.933828428048681,0.7154796459247986,-0.5785898022898738,0.8556214488519993,-0.2638906428642637,-0.3209844862181935,1.577823848786684,4.33,33.7,63.87,-0.008,1.357,0.991,72.3451159374287,-23.491557544281484,-65.33158679058135,20.34075444934248,1,0,0,0,0
221,221,1777638154.374843,4668.968,2.1990014517922645,0.061138431816182406,-1.7794380052080143,-0.04588495018783956,1.888758029444053,0.9339807714157639,0.7152399635896058,-0.5785839645540025,0.8557859116345573,-0.2642574127687561,-0.3209278137107945,1.5777807729539841,4.33,33.7,63.87,-0.008,1.357,0.991,72.3451159374287,-23.50066075554212,-65.32459677422078,20.35268533482465,1,0,0,0,0
222,222,1777638154.3821387,4668.976,2.198756847546489,0.060997105983660024,-1.7795304594849615,-0.04581619816535465,1.8888312581967732,0.9341370086696096,0.7149988267981833,-0.578576427775493,0.8559395846866735,-0.26446537130461184,-0.32097406700496267,1.5776655547358291,4.33,33.7,63.87,-0.008,1.357,0.991,72.3451159374287,-23.511744128679823,-65.32021394409375,20.35395141797554,1,0,0,0,0
223,223,1777638154.3914638,4668.9839999999995,2.198506161584227,0.060852255210661,-1.7796250314951783,-0.04574580285724661,1.8889063766536782,0.9342971448110258,0.7147820527322483,-0.57860957200161,0.8560904415559067,-0.26477965603131337,-0.32089614873416766,1.577617207547344,4.33,33.7,63.87,-0.008,1.357,0.991,72.3451159374287,-23.52024870663392,-65.31351020619987,20.365634910866685,1,0,0,0,0
224,224,1777638154.3972044,4668.992,2.198249387483459,0.06070387504149739,-1.7797217105184577,-0.04567376727754713,1.8889833917802838,0.9344611849620555,0.7145232484375734,-0.5786208371280268,0.856233015126935,-0.2650231963185002,-0.32093854228163676,1.5775270678833306,4.33,33.7,63.87,-0.008,1.357,0.991,72.3451159374287,-23.5303341025446,-65.30903200015517,20.36834593739347,1,0,0,0,0
225,225,1777638154.3985653,4668.992,2.198249387483459,0.06070387504149739,-1.7797217105184577,-0.04567376727754713,1.8889833917802838,0.9344611849620555,0.7145232484375734,-0.5786208371280268,0.856233015126935,-0.2650231963185002,-0.32093854228163676,1.5775270678833306,3.45,33.77,61.33,0.06,1.439,0.969,70.09767685166179,-24.159648451089264,-62.76873461374172,19.750484594293894,0,1,0,0,0
226,226,1777638154.4033813,4669.0,2.1979865186674967,0.06055196092044445,-1.7798204855781998,-0.04560009451407776,1.8890623107130207,0.9346291343658788,0.714307134808303,-0.5786472323856124,0.8563493159824183,-0.26527762682605527,-0.32091610593599323,1.577450346861808,3.45,33.77,61.33,0.06,1.439,0.969,70.09767685166179,-24.168655126638697,-62.763305803018746,19.75671668183644,1,0,0,0,0
227,227,1777638154.410815,4669.008,2.1977175484049125,0.06039650819220657,-1.7799213454414025,-0.045524787728570715,1.8891431407595345,0.9348009983867096,0.7140530303776013,-0.5785467005316118,0.8566079214804544,-0.2656901984219236,-0.32086744419951696,1.5774945282006982,3.45,33.77,61.33,0.06,1.439,0.969,70.09767685166179,-24.17282628010807,-62.757639624014956,19.769608960573393,1,0,0,0,0
228,228,1777638154.4198704,4669.016,2.197442469809471,0.06023751210239448,-1.7800242786186642,-0.04544785015678787,1.8892258893989937,0.9349767825096922,0.7137642285828357,-0.5785669952317098,0.856788315152078,-0.26601359945374814,-0.32085542164894554,1.5773414890439346,3.45,33.77,61.33,0.06,1.439,0.969,70.09767685166179,-24.187723174257915,-62.74990643667378,19.775934613417206,1,0,0,0,0
229,229,1777638154.425243,4669.023999999999,2.1971612758400587,0.06007496779801378,-1.780129273364178,-0.04536928510865401,1.8893105642824024,0.9351564923407926,0.7135150047013444,-0.5786209536615367,0.856927961038173,-0.2662241432248273,-0.3208019256680544,1.5772252768335429,3.45,33.77,61.33,0.06,1.439,0.969,70.09767685166179,-24.19839438723671,-62.74378579927972,19.78229897291652,1,0,0,0,0
230,230,1777638154.4324958,4669.032,2.196873959300613,0.05990887032796468,-1.7802363176757314,-0.04528909596838204,1.8893971732329202,0.9353401336066878,0.7132616836919576,-0.5786338076676172,0.8571074883971953,-0.2665489409193083,-0.32083103791577544,1.5771543290351373,3.45,33.77,61.33,0.06,1.439,0.969,70.09767685166179,-24.208286042632476,-62.73833763286835,19.787475279638368,1,0,0,0,0
231,231,1777638154.4432817,4669.04,2.19658051284005,0.059739214643553196,-1.7803453992947,-0.04520728619460268,1.8894857242461882,0.9355277121546515,0.7129887890812678,-0.5785907309151395,0.8573213030540925,-0.2669166593918594,-0.3207562901398176,1.5771113554995295,3.45,33.77,61.33,0.06,1.439,0.969,70.09767685166179,-24.21705695920859,-62.731126392289546,19.799601859356628,1,0,0,0,0
232,232,1777638154.4474118,4669.048,2.196280928952195,0.05956599559901351,-1.780456505706045,-0.04512385932050478,1.8895762254906607,0.9357192339524372,0.7126956429651778,-0.5786499164825178,0.8574550047376999,-0.2671848041324235,-0.32075867943215647,1.5769402423170347,3.45,33.77,61.33,0.06,1.439,0.969,70.09767685166179,-24.232151057475804,-62.72403192195318,19.803610140110155,1,0,0,0,0
233,233,1777638154.4566677,4669.056,2.1959751999757087,0.05938920795204184,-1.7805696241383089,-0.04503881895396944,1.8896686853079436,0.9359147050881576,0.7124135442137222,-0.5785536457617587,0.8576932626118561,-0.26759396912542527,-0.32069363683478547,1.5769375700712862,3.45,33.77,61.33,0.06,1.439,0.969,70.09767685166179,-24.239140869215543,-62.717199111549185,19.816692093399894,1,0,0,0,0
234,234,1777638154.4623504,4669.063999999999,2.1956633180940144,0.05920884636434169,-1.7806847415636131,-0.04495216877770947,1.889763112213138,0.9361141317701608,0.712134088928262,-0.5785849847734582,0.857861480771897,-0.26789674519913664,-0.32071921946622023,1.576828010634658,3.45,33.77,61.33,0.06,1.439,0.969,70.09767685166179,-24.251040198275696,-62.71122518397601,19.82103895425937,1,0,0,0,0
235,235,1777638154.4727876,4669.072,2.1953452753352267,0.05902490540218041,-1.7808018446976508,-0.04486391254941502,1.88985951489519,0.9363175203269033,0.7118416836832322,-0.578606321087612,0.8580450168871977,-0.268195643325821,-0.3206590542591157,1.5767192498023086,3.45,33.77,61.33,0.06,1.439,0.969,70.09767685166179,-24.262729114961786,-62.70389676146604,19.829916964561203,1,0,0,0,0
236,236,1777638154.4797175,4669.08,2.1950210635720775,0.0588373795369573,-1.7809209199996827,-0.04477405410189661,1.8899579022172475,0.9365248772068203,0.711538987111644,-0.578617185812428,0.8582456350652999,-0.26856120965364305,-0.3206975213147765,1.576627030597696,3.45,33.77,61.33,0.06,1.439,0.969,70.09767685166179,-24.274628167726643,-62.697601849837206,19.835257739638827,1,0,0,0,0
237,237,1777638154.4831347,4669.088,2.1946906745218446,0.05864626314578331,-1.781041953672533,-0.044682597343236985,1.8900582832170207,0.9367362089781907,0.7112645926887085,-0.5786215396792969,0.8584274622541936,-0.26887213075927774,-0.3206382633096107,1.576555032177649,3.45,33.77,61.33,0.06,1.439,0.969,70.09767685166179,-24.284249040415137,-62.69084702666648,19.844829241447197,1,0,0,0,0
238,238,1777638154.4902518,4669.096,2.194354099746278,0.058451550512071904,-1.7811649316625822,-0.04458954625694034,1.8901606671071505,0.9369515223290007,0.710984104885275,-0.5786931548851837,0.8585710737739529,-0.2691380011213607,-0.32068878102184123,1.5764412861522972,3.45,33.77,61.33,0.06,1.439,0.969,70.09767685166179,-24.295808923915803,-62.68571162013722,19.846902211921304,1,0,0,0,0
239,239,1777638154.5949106,4669.103999999999,2.1940113306515268,0.05825323582614176,-1.7812898396597596,-0.04449490490208596,1.8902650632755806,0.9371708240668033,0.710607265313266,-0.5786337506300767,0.8588545355325711,-0.26962855684416287,-0.32061897746635715,1.5763375329254161,3.45,33.77,61.33,0.06,1.439,0.969,70.09767685166179,-24.310404774675863,-62.6756364906652,19.86084364223769,1,0,0,0,0
240,240,1777638154.5951028,4669.112,2.193662358488067,0.05805131318583094,-1.7814166630975414,-0.044398677413485466,1.8903714812859376,0.9373941211185733,0.7102822673486336,-0.578644695628024,0.8590874133134497,-0.27006043315928985,-0.3205937090753939,1.5762743531984449,3.45,33.77,61.33,0.06,1.439,0.969,70.09767685166179,-24.32155491665421,-62.66792533027467,19.871522368336336,1,0,0,0,0
241,241,1777638154.596718,4669.12,2.1933071743506303,0.057845776597122645,-1.7815453871529376,-0.04430086800184352,1.8904799308779139,0.9376214205305601,0.7099500079537123,-0.5786986254450013,0.859269850238167,-0.27034454555416276,-0.3205817980733411,1.5761038522509687,3.45,33.77,61.33,0.06,1.439,0.969,70.09767685166179,-24.336854451214585,-62.660359080568725,19.87665000231639,1,0,0,0,0
242,242,1777638154.596781,4669.128,2.192945769178131,0.05763661997478252,-1.7816759967464906,-0.04420148095392129,1.8905904219676581,0.9378527294681355,0.7096491538123988,-0.5787193298415487,0.8594873462123902,-0.2707377035736856,-0.32060837035254935,1.5760489268540958,3.45,33.77,61.33,0.06,1.439,0.969,70.09767685166179,-24.346897751481386,-62.65421165771099,19.88372780515924,1,0,0,0,0
243,243,1777638154.5968232,4669.1359999999995,2.1925781337535946,0.057423837143007625,-1.7818084765422615,-0.044100520632696316,1.8907029646481703,0.9380880552156386,0.709278621614892,-0.5787067576988613,0.8597268205804883,-0.27117518369948035,-0.3205297587917224,1.575905046460892,3.45,33.77,61.33,0.06,1.439,0.969,70.09767685166179,-24.363062810121708,-62.64391471232019,19.896367005702754,1,0,0,0,0
244,244,1777638154.598699,4669.144,2.192204258704088,0.05720742183608714,-1.781942810947827,-0.043997991477534804,1.8908175691897025,0.938327405176217,0.7088793874300591,-0.5787015343441773,0.8600076675063266,-0.2716782235289103,-0.3204597999695265,1.575755117066203,3.45,33.77,61.33,0.06,1.439,0.969,70.09767685166179,-24.380713501035114,-62.63271817883381,19.909990525141488,1,0,0,0,0
245,245,1777638154.599843,4669.152,2.191824134500649,0.05698736769907477,-1.7820789841142677,-0.043893898004361276,1.8909342460401635,0.9385707868716634,0.7085711370918565,-0.5787903310815785,0.8601299577903437,-0.27195760620177634,-0.3204969170700986,1.5756287644794558,3.45,33.77,61.33,0.06,1.439,0.969,70.09767685166179,-24.39325689297712,-62.62690450725996,19.912914151167453,1,0,0,0,0
246,246,1777638154.599905,4669.152,2.191824134500649,0.05698736769907477,-1.7820789841142677,-0.043893898004361276,1.8909342460401635,0.9385707868716634,0.7085711370918565,-0.5787903310815785,0.8601299577903437,-0.27195760620177634,-0.3204969170700986,1.5756287644794558,3.36,33.71,60.93,0.063,1.457,0.961,69.71455084844196,-24.40499096440525,-62.22445713768435,19.81494259259361,0,1,0,0,0
247,247,1777638154.599968,4669.16,2.1914377514582157,0.056763668288472804,-1.782216979936158,-0.043788244805832655,1.891053005825531,0.9388182079422486,0.7082456719065973,-0.5788000062472497,0.8603474621924388,-0.2723234551819472,-0.3205164521624503,1.5755137867044946,3.36,33.71,60.93,0.063,1.457,0.961,69.71455084844196,-24.418190762304143,-62.21738253929147,19.820894779378456,1,0,0,0,0
248,248,1777638154.6000032,4669.168,2.1910450997355606,0.05653631707292796,-1.7823567820515578,-0.04368103655150968,1.891173859350267,0.9390696761465511,0.7079029797429084,-0.57876122785082,0.8605864794258895,-0.2727498603921006,-0.3205088296938648,1.575450692454643,3.36,33.71,60.93,0.063,1.457,0.961,69.71455084844196,-24.42919379191838,-62.210047950373536,19.830356141257827,1,0,0,0,0
249,249,1777638154.6014066,4669.1759999999995,2.1906461693352193,0.05630530743393894,-1.782498373842004,-0.04357227798804075,1.8912968175977387,0.9393251993612824,0.7075315699344608,-0.5788044039036359,0.8608068191257003,-0.2731620790264898,-0.32048969432069385,1.5753138398719517,3.36,33.71,60.93,0.063,1.457,0.961,69.71455084844196,-24.44446681814736,-62.2012394444598,19.839164638398216,1,0,0,0,0
250,250,1777638154.6040998,4669.184,2.1902409501034277,0.0560706326665761,-1.7826417384324946,-0.04346197393934137,1.8914218917306445,0.9395847855811069,0.7071968221876472,-0.5787970536457496,0.8610260878917986,-0.2735396169256125,-0.3205543039434436,1.5752567726446869,3.36,33.71,60.93,0.063,1.457,0.961,69.71455084844196,-24.45435867065902,-62.1959062975601,19.843693754739515,1,0,0,0,0
251,251,1777638154.604195,4669.192,2.189829431730054,0.055832285980212525,-1.7827868586914821,-0.04335012930677529,1.8915490930914445,0.9398484429184599,0.706853198453637,-0.5788463593705692,0.8612168649306163,-0.27387399120371353,-0.320578665576926,1.5751368363955895,3.36,33.71,60.93,0.063,1.457,0.961,69.71455084844196,-24.4673357860882,-62.189243103470915,19.848579842099603,1,0,0,0,0
252,252,1777638154.6063633,4669.2,2.1894116037485363,0.05559026049926732,-1.7829337172308577,-0.04323674906934549,1.8916784332027965,0.9401161796033594,0.7064979727079616,-0.5788951031267706,0.8614473523156982,-0.27426724369197925,-0.3205598746107677,1.575032700593924,3.36,33.71,60.93,0.063,1.457,0.961,69.71455084844196,-24.480283076878436,-62.181352694739104,19.85733409922794,1,0,0,0,0
253,253,1777638154.6064186,4669.208,2.1889874555358193,0.05534454926396071,-1.7830822964059418,-0.04312183828388072,1.8918099237679955,0.9403880039832144,0.7060904613481924,-0.5789018400112189,0.8617179514958514,-0.2747848756774459,-0.32050673358391446,1.5748946215149153,3.36,33.71,60.93,0.063,1.457,0.961,69.71455084844196,-24.497355045857407,-62.170467311084025,19.870359586042657,1,0,0,0,0
254,254,1777638154.6064653,4669.215999999999,2.1885569763122925,0.05509514523108098,-1.7832325783154692,-0.04300540208522641,1.8919435766714185,0.9406639245226297,0.705706116680991,-0.5788904793039868,0.8619874024531246,-0.2752288154070183,-0.32052398636855395,1.5747966641543314,3.36,33.71,60.93,0.063,1.457,0.961,69.71455084844196,-24.510809080792136,-62.16258789233587,19.87841806413617,1,0,0,0,0
255,255,1777638154.6065142,4669.224,2.1881201551417324,0.054842041274763526,-1.7833845448015753,-0.04288744568644365,1.892079403978974,0.9409439498032038,0.7053070552312202,-0.5789579247556972,0.862194714775755,-0.2756351531265229,-0.32048230373228404,1.5746230594752781,3.36,33.71,60.93,0.063,1.457,0.961,69.71455084844196,-24.528202999899534,-62.152726060993544,19.88779778615048,1,0,0,0,0
256,256,1777638154.6136663,4669.232,2.187676980931243,0.05458523018728174,-1.7835381774497812,-0.042767974378998375,1.892217417938554,0.9412280885233254,0.7049077976062099,-0.5789804162172504,0.8624402477492402,-0.27609721150407995,-0.3204382322722419,1.5744681088394825,3.36,33.71,60.93,0.063,1.457,0.961,69.71455084844196,-24.545382894905536,-62.14241486085076,19.898820412386105,1,0,0,0,0
257,257,1777638154.6197681,4669.24,2.1872274424312015,0.05432470467985004,-1.7836934575889796,-0.04264699353296919,1.892357630980494,0.9415163494979624,0.7044850703817875,-0.5789535671988008,0.8627405685041626,-0.27665162533288323,-0.320402269850096,1.5743676563428375,3.36,33.71,60.93,0.063,1.457,0.961,69.71455084844196,-24.56077847020768,-62.13203798888605,19.91222278614328,1,0,0,0,0
258,258,1777638154.6270256,4669.248,2.186771528235203,0.054060457383439016,-1.7838503662914196,-0.04252450859724455,1.8925000557180323,0.9418087416584483,0.7040845414964501,-0.5790474554227383,0.8629377300144613,-0.27700394568701175,-0.32039011592011185,1.5741886980780917,3.36,33.71,60.93,0.063,1.457,0.961,69.71455084844196,-24.57762216216433,-62.12330400850609,19.918689412725417,1,0,0,0,0
259,259,1777638154.6340022,4669.255999999999,2.1863092267800104,0.05379248084960243,-1.7840088843726898,-0.04240052509972703,1.8926447049477781,0.9421052740522627,0.7036308624166514,-0.5790852568994609,0.8632517274623572,-0.27751405628588405,-0.32039354989906227,1.5740015428149297,3.36,33.71,60.93,0.063,1.457,0.961,69.71455084844196,-24.597623490222297,-62.11245306760355,19.927837126944087,1,0,0,0,0
260,260,1777638154.64148,4669.264,2.185840526345503,0.0535207675513165,-1.7841689923916988,-0.04227504864754561,1.8927915916501798,0.9424059558428084,0.7032281087112968,-0.5790663488964269,0.8635147866632826,-0.2780152117104297,-0.32036719614283243,1.5739082693164834,3.36,33.71,60.93,0.063,1.457,0.961,69.71455084844196,-24.611693724965225,-62.10311342453668,19.939569578294268,1,0,0,0,0
261,261,1777638154.6490307,4669.272,2.1853654150546316,0.0532453098838314,-1.7843306706506619,-0.04214808492725819,1.8929407289899989,0.9427107963091808,0.7028262018196171,-0.5790819668309528,0.863769349166735,-0.27846361108998247,-0.3203848778696042,1.573809151736894,3.36,33.71,60.93,0.063,1.457,0.961,69.71455084844196,-24.625284212352753,-62.09513093123169,19.947648786111195,1,0,0,0,0
262,262,1777638154.660699,4669.28,2.1848838808733717,0.05296610016553461,-1.7844938991950778,-0.042019639705070944,1.8930921303167878,0.9430198048459356,0.7023694908302417,-0.5791268568545199,0.8640446199274473,-0.2789515921176076,-0.3203439681074819,1.5736305324533175,3.36,33.71,60.93,0.063,1.457,0.961,69.71455084844196,-24.6443398964201,-62.08400259320887,19.95875078946952,1,0,0,0,0
263,263,1777638154.664519,4669.288,2.1843959116106846,0.05268313063882692,-1.784658657813714,-0.04188971882704706,1.89324580916537,0.9433329909628492,0.7019328237858722,-0.5791555694366941,0.8643156388380865,-0.2794365176673194,-0.3203805192834711,1.5734646141119275,3.36,33.71,60.93,0.063,1.457,0.961,69.71455084844196,-24.662646298559743,-62.074470459535874,19.9657856023835,1,0,0,0,0
264,264,1777638154.6709797,4669.295999999999,2.1839014949184756,0.05239639347101021,-1.784824926038584,-0.0417583282193279,1.8934017792563254,0.943650364284675,0.7014696180772939,-0.5791960038524577,0.864618330238398,-0.28000105586279384,-0.32037088819377374,1.5732706442870643,3.36,33.71,60.93,0.063,1.457,0.961,69.71455084844196,-24.683950222841645,-62.06247323156198,19.976751932632286,1,0,0,0,0
265,265,1777638154.6788018,4669.304,2.1834006182915595,0.05210588075518783,-1.7849926831449272,-0.04162547388835147,1.8935600544964764,0.943971934550894,0.7010252386361986,-0.5791767287611973,0.8649096077728964,-0.28050573394072453,-0.32032369657673393,1.5732103962166544,3.36,33.71,60.93,0.063,1.457,0.961,69.71455084844196,-24.69603007802613,-62.05337854995,19.990070258051496,1,0,0,0,0
266,266,1777638154.685091,4669.312,2.1828932690676277,0.05181158451117705,-1.7851619081511876,-0.04149116192107183,1.8937206489793805,0.9442977116154604,0.7005846112594257,-0.5792319437085013,0.865194839236299,-0.2809856748168422,-0.3203694555465612,1.5730319842194151,3.36,33.71,60.93,0.063,1.457,0.961,69.71455084844196,-24.715020335260938,-62.043806083217305,19.996312073374053,1,0,0,0,0
267,267,1777638154.6866956,4669.312,2.1828932690676277,0.05181158451117705,-1.7851619081511876,-0.04149116192107183,1.8937206489793805,0.9442977116154604,0.7005846112594257,-0.5792319437085013,0.865194839236299,-0.2809856748168422,-0.3203694555465612,1.5730319842194151,3.44,33.83,60.78,0.085,1.47,0.968,69.64560933755982,-24.775893682374022,-61.89810459915901,20.1318314932166,0,1,0,0,0
268,268,1777638154.6925771,4669.32,2.1823794344272174,0.05151349668643403,-1.7853325798189923,-0.04135539848518999,1.8938835769858235,0.9446277054465413,0.7001094097250136,-0.579211367852777,0.8655251961527722,-0.281529574664717,-0.32034653802551855,1.5728941547637811,3.44,33.83,60.78,0.085,1.47,0.968,69.64560933755982,-24.793418625627716,-61.887236717257224,20.14366462083167,1,0,0,0,0
269,269,1777638154.7001376,4669.3279999999995,2.181859101393687,0.0512116091569909,-1.7855046766531277,-0.04121818982937331,1.8940488529843167,0.9449619261262516,0.6996990288108305,-0.5792686681267857,0.8657527032335479,-0.2819593888370657,-0.3203814419655002,1.5727913371244786,3.44,33.83,60.78,0.085,1.47,0.968,69.64560933755982,-24.80695453686158,-61.87966854133646,20.150248827754417,1,0,0,0,0
270,270,1777638154.7076406,4669.336,2.1813322568331923,0.05090591372840539,-1.7856781769015164,-0.04107954228348909,1.8942164916315962,0.9453003838503832,0.6992100827762944,-0.5792812810379484,0.8660682495344391,-0.28248219664329066,-0.3203560384376925,1.5726164420842812,3.44,33.83,60.78,0.085,1.47,0.968,69.64560933755982,-24.826380314758968,-61.868295994315595,20.161242303655296,1,0,0,0,0
271,271,1777638154.7140288,4669.344,2.1807988874546687,0.05059640213672274,-1.7858530585551913,-0.0409394622588346,1.8943865077731261,0.9456430889281277,0.6987217889631874,-0.5793045628436386,0.8663672683086289,-0.283057021672424,-0.3203572979817921,1.5724689292655505,3.44,33.83,60.78,0.085,1.47,0.968,69.64560933755982,-24.845037356841985,-61.85719030042954,20.172333203513503,1,0,0,0,0
272,272,1777638154.7209716,4669.352,2.1802589798098144,0.05028306604945015,-1.7860292993482725,-0.04079795624837068,1.894558916443603,0.9459900517817944,0.6982664230283021,-0.5793248122996785,0.866655871821387,-0.283568142248434,-0.3203589130947887,1.5723618343484733,3.44,33.83,60.78,0.085,1.47,0.968,69.64560933755982,-24.860157249515062,-61.847808034165595,20.182470683699382,1,0,0,0,0
273,273,1777638154.7277818,4669.36,2.1797125202930823,0.04996589706654366,-1.7862068767579373,-0.040655030826961536,1.8947337328674636,0.9463412829465219,0.697809545194038,-0.579350613795104,0.8669828952000332,-0.2840851790296653,-0.3203378225160715,1.5721986705858053,3.44,33.83,60.78,0.085,1.47,0.968,69.64560933755982,-24.878768974463203,-61.8368122410815,20.193226740085876,1,0,0,0,0
274,274,1777638154.735734,4669.3679999999995,2.1791600769944135,0.049645224481066855,-1.7863855802211193,-0.040510844352812825,1.894910785810201,0.9466964189970598,0.6973031014056321,-0.5793232228180645,0.8673015785330762,-0.2846966028869133,-0.32030651192631104,1.572066243392659,3.44,33.83,60.78,0.085,1.47,0.968,69.64560933755982,-24.89707785171316,-61.82492370342291,20.207058754595405,1,0,0,0,0
275,275,1777638154.7421231,4669.376,2.178606722233134,0.049323993435826344,-1.7865637560042682,-0.04036672809786257,1.8950884559919818,0.947052199090691,0.6968276977348753,-0.5793210405349887,0.8676605690694421,-0.28527905074072196,-0.3202817660659417,1.5719435894270657,3.44,33.83,60.78,0.085,1.47,0.968,69.64560933755982,-24.914309744291245,-61.81375035317637,20.21999844808857,1,0,0,0,0
276,276,1777638154.7491913,4669.384,2.1780529530284896,0.049002492338267145,-1.7867412424603462,-0.040222810249717966,1.8952665839868532,0.947408304335222,0.696324176460407,-0.579369678141093,0.8679846494480269,-0.2858622786811709,-0.3203167959990218,1.571761252913678,3.44,33.83,60.78,0.085,1.47,0.968,69.64560933755982,-24.935257961205103,-61.80236658289377,20.228971678307637,1,0,0,0,0
277,277,1777638154.7577343,4669.392,2.1774987687783316,0.048680721241532894,-1.7869180396382607,-0.04007909034192192,1.8954451701448465,0.9477647351428323,0.6958198235722851,-0.5793846515572187,0.8682930595627971,-0.2864006981892773,-0.32022319982325687,1.5715866206139033,3.44,33.83,60.78,0.085,1.47,0.968,69.64560933755982,-24.95483819078664,-61.78957126357364,20.2439085636991,1,0,0,0,0
278,278,1777638154.7640672,4669.4,2.1769441694269047,0.04835868067825921,-1.787094147531242,-0.039935568508518315,1.8956242147874023,0.9481214913847978,0.6952553398463093,-0.5793114133348952,0.8687240979679076,-0.2871789033959897,-0.32024001679553427,1.5714464245257438,3.44,33.83,60.78,0.085,1.47,0.968,69.64560933755982,-24.976465434620554,-61.77595360103027,20.258791451529394,1,0,0,0,0
279,279,1777638154.7739806,4669.407999999999,2.1763891549204963,0.048036371182450854,-1.787269566132311,-0.039792244884943706,1.8958037182350513,0.9484785729306652,0.6948271850310048,-0.5793664268398113,0.8689639540207191,-0.2876190329525046,-0.32022468591006936,1.571321760597262,3.44,33.83,60.78,0.085,1.47,0.968,69.64560933755982,-24.99143314929073,-61.766897888621706,20.267942529055844,1,0,0,0,0
280,280,1777638154.7802167,4669.416,2.1758337252063664,0.04771379328842183,-1.7874442954343248,-0.03964911960656092,1.8959836808075465,0.9488359796493672,0.6942916503992114,-0.5793559626953453,0.8693510389115792,-0.28827192015659164,-0.32019089139986145,1.5711462369643239,3.44,33.83,60.78,0.085,1.47,0.968,69.64560933755982,-25.01304861267912,-61.75346015781648,20.282220234400487,1,0,0,0,0
281,281,1777638154.788798,4669.424,2.1752778802327484,0.047390947530791504,-1.787618335429988,-0.039506192808651974,1.8961641028238603,0.9491937114092251,0.6938031175091814,-0.5793809159062204,0.8696552744830669,-0.28886797971056466,-0.32012803906956877,1.5709891682491404,3.44,33.83,60.78,0.085,1.47,0.968,69.64560933755982,-25.03255146873917,-61.740700535561565,20.29699889991206,1,0,0,0,0
282,282,1777638154.7924805,4669.432,2.1747216199488517,0.047067834444483224,-1.7877916861118486,-0.03936346462642426,1.8963449846021814,0.9495517680779475,0.693345246233167,-0.5793662847786984,0.8699520636142828,-0.28939057718236927,-0.3201984050564824,1.5708845599643013,3.44,33.83,60.78,0.085,1.47,0.968,69.64560933755982,-25.04777011649622,-61.73233808996818,20.303658442187785,1,0,0,0,0
283,283,1777638154.8347433,4669.44,2.174164944304867,0.04674445456472284,-1.7879643474722986,-0.03922093519499903,1.896526326459911,0.9499101495226289,0.6928974861029702,-0.5793616143156173,0.8702701989239368,-0.2899073650399685,-0.32023890682740846,1.570803091140155,3.44,33.83,60.78,0.085,1.47,0.968,69.64560933755982,-25.06144737970499,-61.72401588082745,20.312080611735425,1,0,0,0,0
284,284,1777638154.8599737,4669.447999999999,2.1736078532519674,0.04642080842703708,-1.788136319503578,-0.03907860464941759,1.89670812871366,0.9502688556097493,0.6923848042567382,-0.5793684287281763,0.8706026485490883,-0.29055686407685777,-0.320215101503141,1.5706616955021995,3.44,33.83,60.78,0.085,1.47,0.968,69.64560933755982,-25.08092924118297,-61.71147063747481,20.326147695981582,1,0,0,0,0
285,285,1777638154.8601792,4669.456,2.1730503467423126,0.046096896567251945,-1.7883076021977766,-0.03893647312463777,1.8968903916792454,0.950627886205174,0.6919745619093144,-0.5794540834735349,0.870810890571373,-0.29091689811312194,-0.3201820399258505,1.5705287885021233,3.44,33.83,60.78,0.085,1.47,0.968,69.64560933755982,-25.095026078621103,-61.70305613263022,20.334291972104886,1,0,0,0,0
286,286,1777638154.8667233,4669.464,2.172492424729052,0.045772719521491305,-1.788478195546829,-0.03879454075552946,1.8970731156716871,0.9509872411741519,0.6915100060814463,-0.5794832172236114,0.8711171336283915,-0.2914645428260584,-0.32016156071067337,1.5703564990793577,3.44,33.83,60.78,0.085,1.47,0.968,69.64560933755982,-25.114679760161017,-61.69137538647015,20.345465427711005,1,0,0,0,0
287,287,1777638154.8667693,4669.472,2.1719340871663277,0.04544827782617528,-1.788648099542522,-0.03865280767687729,1.8972563010052041,0.9513469203813151,0.6910248044577707,-0.5795374698094886,0.8714171644929576,-0.2919392728023668,-0.32017823273326534,1.5702103660683109,3.44,33.83,60.78,0.085,1.47,0.968,69.64560933755982,-25.13155581378389,-61.6819040598773,20.353341591167688,1,0,0,0,0
288,288,1777638154.8667994,4669.472,2.1719340871663277,0.04544827782617528,-1.788648099542522,-0.03865280767687729,1.8972563010052041,0.9513469203813151,0.6910248044577707,-0.5795374698094886,0.8714171644929576,-0.2919392728023668,-0.32017823273326534,1.5702103660683109,3.8,33.73,61.13,0.097,1.459,0.976,69.9215975217958,-24.844487280235022,-62.02840373992309,20.59753337803668,0,1,0,0,0
289,289,1777638154.8679068,4669.48,2.171375334009278,0.045123572018018566,-1.7888173141764927,-0.038511274023376174,1.8974399479932116,0.9517069236906779,0.6905428192523944,-0.579578748621172,0.8717091696511157,-0.29247240542015784,-0.32020414637434785,1.5700584626455583,3.8,33.73,61.13,0.097,1.459,0.976,69.9215975217958,-24.86285134399258,-62.01811686101015,20.606348634841037,1,0,0,0,0
290,290,1777638154.8679914,4669.487999999999,2.1708161652140396,0.04479860263402902,-1.7889858394402296,-0.038369939929631336,1.8976240569483174,0.9520672509656365,0.6900094682570979,-0.5796640464536393,0.8719824541161704,-0.293012888529889,-0.3201251889741578,1.5697779285742468,3.8,33.73,61.13,0.097,1.459,0.976,69.9215975217958,-24.889088614257005,-62.003302969480764,20.61925044288564,1,0,0,0,0
291,291,1777638154.8691037,4669.496,2.1702565807377527,0.044473370211505915,-1.7891536753250747,-0.03822880553015562,1.8978086281823188,0.9524279020689674,0.6895684880734724,-0.5796845326494229,0.8722512885102552,-0.29350927026528895,-0.3201375409340562,1.5696704797211287,3.8,33.73,61.13,0.097,1.459,0.976,69.9215975217958,-24.90408884303308,-61.994196304110424,20.628518693927983,1,0,0,0,0
292,292,1777638154.8704038,4669.504,2.1696965805385635,0.044147875288038485,-1.7893208218222245,-0.038087870959369496,1.8979936620061988,0.9527888768628274,0.6890713506830208,-0.5797287972698355,0.8725549910488061,-0.29406303756387353,-0.3201442719934412,1.5694859218774773,3.8,33.73,61.13,0.097,1.459,0.976,69.9215975217958,-24.92477100109596,-61.982602933661035,20.638375035623334,1,0,0,0,0
293,293,1777638154.870446,4669.512,2.169136164575626,0.04382211840150426,-1.789487278922727,-0.03794713635159841,1.8981791587301233,0.9531501752087524,0.6885944129908959,-0.5797470841874078,0.8728604457284764,-0.2946190231506466,-0.3201296171289194,1.5693251705845532,3.8,33.73,61.13,0.097,1.459,0.976,69.9215975217958,-24.944007081594364,-61.97108099941389,20.64973197108017,1,0,0,0,0
294,294,1777638154.872807,4669.5199999999995,2.168575332809107,0.043496100090067415,-1.7896530466174907,-0.03780660184107276,1.898365118663437,0.9535117969676564,0.6880970072544865,-0.5797595911005134,0.8731853150640918,-0.29518204289410654,-0.3201077967015547,1.5691656459674135,3.8,33.73,61.13,0.097,1.459,0.976,69.9215975217958,-24.96327677312098,-61.959351647960275,20.661639724691753,1,0,0,0,0
295,295,1777638154.8790615,4669.527999999999,2.168014085200189,0.04316982089217717,-1.7898181248972787,-0.037666267561922595,1.8985515421146604,0.9538737419998313,0.6876080797143738,-0.5798033766420718,0.8734888474551926,-0.29573389479211803,-0.320086126098145,1.568992257510144,3.8,33.73,61.13,0.097,1.459,0.976,69.9215975217958,-24.98320303544516,-61.94749913015973,20.673091631601263,1,0,0,0,0
296,296,1777638154.887284,4669.536,2.1674524217110727,0.04284328134656627,-1.7899825137527117,-0.03752613364818291,1.8987384293914868,0.9542360101649455,0.6871530255736114,-0.5797996701878171,0.8737943016859597,-0.29626987152568923,-0.3200447017038605,1.5689004622585838,3.8,33.73,61.13,0.097,1.459,0.976,69.9215975217958,-24.997846428450746,-61.93717823047965,20.68631012977879,1,0,0,0,0
297,297,1777638154.8935196,4669.544,2.166890342304981,0.04251648199224925,-1.7901462131742685,-0.03738620023378392,1.8989257808007782,0.9545986013220437,0.686664302355183,-0.5798386099414465,0.8740964714039294,-0.29683709757177357,-0.32005420811027047,1.5686945150689124,3.8,33.73,61.13,0.097,1.459,0.976,69.9215975217958,-25.020054665909345,-61.92497576216217,20.69599094922821,1,0,0,0,0
298,298,1777638154.9003139,4669.552,2.1663278469461615,0.04218942336852078,-1.790309223152291,-0.03724646745255811,1.8991135966485622,0.9549615153295451,0.686165192381451,-0.5798303298407002,0.874433404330457,-0.2974600370094799,-0.3200691363112116,1.568597841253093,3.8,33.73,61.13,0.097,1.459,0.976,69.9215975217958,-25.03652915869446,-61.91427299333746,20.708085555944695,1,0,0,0,0
299,299,1777638154.9096243,4669.5599999999995,2.165764935599891,0.04186210601495413,-1.7904715436769791,-0.037106935438230515,1.8993018772400285,0.9553247520452439,0.6856520283072152,-0.5798608996558507,0.8747726400731115,-0.29798707031912236,-0.32007002336046886,1.568433788356796,3.8,33.73,61.13,0.097,1.459,0.976,69.9215975217958,-25.055480772401378,-61.90333955305729,20.717848233895296,1,0,0,0,0
300,300,1777638154.9178734,4669.568,2.165201608232478,0.041534530471399336,-1.790633174738395,-0.03696760432442492,1.899490622879526,0.9556883113263079,0.6851406463574532,-0.5798575194866069,0.8751010276807002,-0.2986157491183136,-0.32000306151920543,1.56827953806665,3.8,33.73,61.13,0.097,1.459,0.976,69.9215975217958,-25.075475693522623,-61.889941943132136,20.733678038864408,1,0,0,0,0
301,301,1777638154.9222116,4669.576,2.1646378648112643,0.041206697277981645,-1.790794116326465,-0.03682847424465585,1.899679833870559,0.9560521930292777,0.6846230200933643,-0.5799065549662126,0.8754085921911571,-0.2991888892102772,-0.32005598626546317,1.5680618283218455,3.8,33.73,61.13,0.097,1.459,0.976,69.9215975217958,-25.098539513953376,-61.87815012396598,20.74096553930048,1,0,0,0,0
302,302,1777638154.9291813,4669.584,2.164073705304632,0.040878606975099846,-1.7909543684309792,-0.036689545332330376,1.899869510515783,0.9564163970100655,0.6841704484055231,-0.5799068337308138,0.875729586971421,-0.2997661260048383,-0.3200094919033149,1.5679396362772136,3.8,33.73,61.13,0.097,1.459,0.976,69.9215975217958,-25.11572293070584,-61.866493174332,20.754933967092,1,0,0,0,0
303,303,1777638154.9363456,4669.592,2.1635091296820037,0.04055026010342462,-1.7911139310415898,-0.036550817720748974,1.900059653117003,0.9567809231239555,0.6836822075384337,-0.5799596617659117,0.8760125949005539,-0.30024266109042724,-0.31999483812282326,1.5677588811548895,3.8,33.73,61.13,0.097,1.459,0.976,69.9215975217958,-25.13481320280356,-61.85565589658963,20.764122877282002,1,0,0,0,0
304,304,1777638154.9440079,4669.599999999999,2.162944137913846,0.040221657203896755,-1.7912728041478188,-0.03641229154309844,1.9002502619751687,0.9571457712256016,0.6832032016248448,-0.579939003537574,0.8763335739754656,-0.30081800340166287,-0.3199936640135909,1.5676710967696845,3.8,33.73,61.13,0.097,1.459,0.976,69.9215975217958,-25.14990950223834,-61.8455108741176,20.776059220858603,1,0,0,0,0
305,305,1777638154.9514117,4669.608,2.1623787299716746,0.03989279881772553,-1.7914309877390515,-0.03627396693245455,1.9004413373903715,0.9575109411690281,0.682706010610928,-0.5799433467902826,0.8766642918206099,-0.3014244750147423,-0.3199713728752764,1.5675266700392905,3.8,33.73,61.13,0.097,1.459,0.976,69.9215975217958,-25.16896701004656,-61.83338530323113,20.78906831941602,1,0,0,0,0
306,306,1777638154.9581523,4669.616,2.161812905828056,0.039563685486387015,-1.7915884818045438,-0.03613584402178116,1.900632879661841,0.9578764328076276,0.6822429214368089,-0.5800112684903949,0.8769174171807551,-0.30184100288125887,-0.31997358579924784,1.5673295051832254,3.8,33.73,61.13,0.097,1.459,0.976,69.9215975217958,-25.18805597021929,-61.8233647613547,20.795749710591938,1,0,0,0,0
307,307,1777638154.9653957,4669.624,2.161246665456611,0.039234317751622234,-1.791745286333418,-0.03599792294392401,1.900824889087942,0.9582422459941614,0.6817383097649841,-0.5800342537243215,0.8772433766206519,-0.3024137727917758,-0.3199516430015899,1.5671701864066112,3.8,33.73,61.13,0.097,1.459,0.976,69.9215975217958,-25.207448287378185,-61.81141894956872,20.80775908837974,1,0,0,0,0
308,308,1777638154.9729238,4669.632,2.160680008832018,0.0389046961554356,-1.791901401314667,-0.035860203831615145,1.9010173659661704,0.958608380580758,0.6812444285269647,-0.5800690384943532,0.8775455452913763,-0.3029332954652402,-0.3199255944606922,1.567005966505644,3.8,33.73,61.13,0.097,1.459,0.976,69.9215975217958,-25.226232333870776,-61.800067634053825,20.818708957664608,1,0,0,0,0
309,309,1777638154.9816427,4669.632,2.160680008832018,0.0389046961554356,-1.791901401314667,-0.035860203831615145,1.9010173659661704,0.958608380580758,0.6812444285269647,-0.5800690384943532,0.8775455452913763,-0.3029332954652402,-0.3199255944606922,1.567005966505644,3.9,33.85,61.28,0.102,1.46,0.968,70.11612439375126,-25.271129689415062,-61.95202916765287,20.966329822623997,0,1,0,0,0
310,310,1777638154.9819024,4669.639999999999,2.1601129359300173,0.03857482124009313,-1.7920568267371548,-0.035722686817468485,1.9012103105931504,0.9589748364189125,0.680704746821416,-0.5800952165659118,0.8779143219738591,-0.3035380836760862,-0.3199346422710701,1.566802516206106,3.9,33.85,61.28,0.102,1.46,0.968,70.11612439375126,-25.293880424883397,-61.93919112722486,20.976823295170544,1,0,0,0,0
311,311,1777638154.9868777,4669.648,2.159545446727413,0.03824469354812075,-1.7922115625896167,-0.03558537203397627,1.9014037232646304,0.9593416133594856,0.6802353074871859,-0.5801596478238191,0.8781754550986872,-0.30408340564203956,-0.319933108945221,1.5666399194014495,3.9,33.85,61.28,0.102,1.46,0.968,70.11612439375126,-25.31310448405183,-61.92786390835125,20.987074906432305,1,0,0,0,0
312,312,1777638154.9942405,4669.656,2.1589775412020766,0.037914313622302465,-1.7923656088606599,-0.0354482596135135,1.90159760427548,0.9597087112527033,0.6796627137060192,-0.5801717821612575,0.8785531119011918,-0.3047360100308317,-0.31990180323933814,1.56640650230977,3.9,33.85,61.28,0.102,1.46,0.968,70.11612439375126,-25.33844888976728,-61.9129828092725,21.000392080134578,1,0,0,0,0
313,313,1777638155.0015655,4669.664,2.1584092193329507,0.037583682005678666,-1.7925189655387666,-0.03531134968833172,1.9017919539196868,0.9600761299481559,0.6791930022686661,-0.5801755141072311,0.8788686157440926,-0.30528873044598515,-0.31989030815284686,1.5662807509359569,3.9,33.85,61.28,0.102,1.46,0.968,70.11612439375126,-25.355528363527274,-61.90211218631398,21.011820203860495,1,0,0,0,0
314,314,1777638155.0097876,4669.672,2.157840481100052,0.03725279924154442,-1.79267163261229,-0.03517464239055812,1.9019867724903519,0.9604438692947972,0.6786660315937398,-0.5801313730574111,0.8792307579164436,-0.30593661593245436,-0.31982468684326265,1.5661524557271087,3.9,33.85,61.28,0.102,1.46,0.968,70.11612439375126,-25.374318599660445,-61.888827627204364,21.02826361193693,1,0,0,0,0
315,315,1777638155.0159042,4669.679999999999,2.1572713264844747,0.036921665873447626,-1.7928236100694637,-0.035038137852198226,1.9021820602796875,0.9608119291409437,0.6781844404534471,-0.5801163747788843,0.8795933690164303,-0.30656779595580624,-0.3198414559194036,1.566023912026111,3.9,33.85,61.28,0.102,1.46,0.968,70.11612439375126,-25.392931439647498,-61.877241798203926,21.039887840669827,1,0,0,0,0
316,316,1777638155.0234535,4669.688,2.156701755468394,0.03659028244518732,-1.792974897898394,-0.03490183620512699,1.9023778175790134,0.9611803093342739,0.6777045365211437,-0.5801392715947546,0.8799127930692783,-0.3071353821651178,-0.3197692787036131,1.5658539658940718,3.9,33.85,61.28,0.102,1.46,0.968,70.11612439375126,-25.41289122979528,-61.86414873685425,21.054286034130126,1,0,0,0,0
317,317,1777638155.0368435,4669.696,2.1561317680350687,0.03625864950081179,-1.7931254960870646,-0.0347657375810968,1.9025740446787525,0.961549009721828,0.6771965433833573,-0.5801388769875107,0.8802310470124665,-0.3077182315988337,-0.3197439660199364,1.5656954298594257,3.9,33.85,61.28,0.102,1.46,0.968,70.11612439375126,-25.43246361435874,-61.85189391893179,21.06665405672024,1,0,0,0,0
318,318,1777638155.0374296,4669.704,2.155561364168845,0.035926767584616943,-1.7932754046233388,-0.034629842111727704,1.9027707418684285,0.9619180301500058,0.6767221819785525,-0.5801314579691381,0.8805480578093042,-0.30828368037443077,-0.31973590164959076,1.5656059189337934,3.9,33.85,61.28,0.102,1.46,0.968,70.11612439375126,-25.447538813845203,-61.841613973680616,21.07862541647612,1,0,0,0,0
319,319,1777638155.046311,4669.7119999999995,2.1549905438551598,0.03559463724114437,-1.793424623494957,-0.034494149928510076,1.902967909436662,0.9622873704645675,0.6762033522678038,-0.5801150793621387,0.8809035170497242,-0.3089013409361896,-0.31968955338146576,1.5654403109339992,3.9,33.85,61.28,0.102,1.46,0.968,70.11612439375126,-25.46810734192969,-61.8283150796218,21.092791726913692,1,0,0,0,0
320,320,1777638155.0524232,4669.719999999999,2.1544193070805444,0.035262259015179584,-1.793573152689543,-0.03435866116280373,1.9031655476711669,0.9626570305106321,0.6757078804859529,-0.5801851908874687,0.8811804810399028,-0.30942316636065487,-0.31969956742132866,1.5652297785811236,3.9,33.85,61.28,0.102,1.46,0.968,70.11612439375126,-25.489851965971827,-61.81650022102439,21.101152745215895,1,0,0,0,0
321,321,1777638155.059198,4669.728,2.153847653832626,0.034929633451750285,-1.793720992194598,-0.034223375945835244,1.9033636568587466,0.9630270101326768,0.6752180925162963,-0.5802739575458319,0.8814693825033609,-0.3099315710862398,-0.31969503442431607,1.5650168309975725,3.9,33.85,61.28,0.102,1.46,0.968,70.11612439375126,-25.51149649155409,-61.80456642022577,21.109950648197255,1,0,0,0,0
322,322,1777638155.066769,4669.736,2.153275584100134,0.03459676109612438,-1.7938681419975069,-0.03408829440869621,1.9035622372852916,0.9633973091745364,0.6747219044885326,-0.5803492426179337,0.8817434826908714,-0.3104061688310799,-0.31970967905658076,1.5648129818073868,3.9,33.85,61.28,0.102,1.46,0.968,70.11612439375126,-25.532028897838515,-61.793654043280505,21.1170717747348,1,0,0,0,0
323,323,1777638155.0732462,4669.744,2.1527030978729,0.034263642493808436,-1.7940146020855368,-0.03395341668234231,1.9037612892357751,0.9637679274794022,0.6742510681791517,-0.5803503371375304,0.8820810466177412,-0.311022774718283,-0.3197348564829409,1.5647059586219327,3.9,33.85,61.28,0.102,1.46,0.968,70.11612439375126,-25.54906960469152,-61.78283240459162,21.12812254794003,1,0,0,0,0
324,324,1777638155.0833583,4669.7519999999995,2.1521301951418637,0.03393027819054555,-1.7941603724458384,-0.033818742897594234,1.9039608129942498,0.9641388648898215,0.6737403558425217,-0.5804139111059945,0.8823555584562455,-0.31153143916236814,-0.3196910501247921,1.5644589513995693,3.9,33.85,61.28,0.102,1.46,0.968,70.11612439375126,-25.572745934771405,-61.76947056612822,21.138544683488753,1,0,0,0,0
325,325,1777638155.088285,4669.76,2.1515568758990753,0.03359666873231372,-1.794305453065447,-0.03368427318513234,1.904160808843844,0.9645101212476969,0.6732741894637736,-0.5804072692441712,0.8827040430302601,-0.3121186677490541,-0.31973153703742097,1.5643834910869956,3.9,33.85,61.28,0.102,1.46,0.968,70.11612439375126,-25.587372712973416,-61.75999739994924,21.148521905931073,1,0,0,0,0
326,326,1777638155.095215,4669.768,2.1509831401376984,0.03326281466532386,-1.7944498439312833,-0.03355000767549843,1.904361277066759,0.9648816963942856,0.6727278687587337,-0.580386464350441,0.8830573272874837,-0.3127867657706787,-0.31969959996075037,1.5641762234588097,3.9,33.85,61.28,0.102,1.46,0.968,70.11612439375126,-25.611338049399386,-61.745307885953295,21.16240103079564,1,0,0,0,0
327,327,1777638155.1979465,4669.776,2.1504089878520136,0.03292871653601811,-1.7945935450301551,-0.033415946499092186,1.904562217944265,0.9652535901701981,0.6722035279291474,-0.5804365133154775,0.8833817024839201,-0.31332383418637993,-0.31968460288711037,1.5639555282711848,3.9,33.85,61.28,0.102,1.46,0.968,70.11612439375126,-25.633912474683775,-61.732566866354084,21.17223699403005,1,0,0,0,0
328,328,1777638155.2011764,4669.784,2.149834419037422,0.03259437489106785,-1.7947365563487567,-0.033282089786172975,1.9047636317566972,0.9656258024153981,0.6717986531960966,-0.58044315571168,0.8836348114616273,-0.31377840207491753,-0.31967487630306474,1.5639143117927654,3.9,33.85,61.28,0.102,1.46,0.968,70.11612439375126,-25.644136230852375,-61.724841029446154,21.182378923602634,1,0,0,0,0
329,329,1777638155.2012832,4669.7919999999995,2.1492594336904483,0.03225979027737184,-1.7948788778736695,-0.03314843766685538,1.9049655187834533,0.9659983329692016,0.671293134064538,-0.5804640853253904,0.8839497837684689,-0.3143677458887496,-0.31965929666098974,1.5637109921024757,3.9,33.85,61.28,0.102,1.46,0.968,70.11612439375126,-25.666532412774558,-61.71166711891695,21.193634782829886,1,0,0,0,0
330,330,1777638155.2013888,4669.7919999999995,2.1492594336904483,0.03225979027737184,-1.7948788778736695,-0.03314843766685538,1.9049655187834533,0.9659983329692016,0.671293134064538,-0.5804640853253904,0.8839497837684689,-0.3143677458887496,-0.31965929666098974,1.5637109921024757,3.78,33.92,61.31,0.097,1.459,0.969,70.16958671675359,-25.788858144585248,-61.743680731985265,21.12873837372051,0,1,0,0,0
331,331,1777638155.2033222,4669.8,2.148684031808744,0.03192496324205434,-1.7950205095913674,-0.033014990271108324,1.9051678793029894,0.9663711816702759,0.6708112490446043,-0.5804679015382275,0.8842713035385049,-0.31494963455236713,-0.31965999093004505,1.563566390056217,3.78,33.92,61.31,0.097,1.459,0.969,70.16958671675359,-25.807540761832577,-61.73211897311241,21.139707351707703,1,0,0,0,0
332,332,1777638155.2033713,4669.808,2.1481082133910916,0.03158989433246336,-1.7951614514882088,-0.03288174772875596,1.9053707135928162,0.9667443483566394,0.6703534012630135,-0.5804706092261593,0.8845698176443647,-0.3154372962391213,-0.3196391795623752,1.563446452426838,3.78,33.92,61.31,0.097,1.459,0.969,70.16958671675359,-25.823098052917352,-61.722066001717856,21.1500608847587,1,0,0,0,0
333,333,1777638155.203404,4669.816,2.1475319784374065,0.0312545840961686,-1.7953017035504484,-0.032748710169474116,1.9055740219294963,0.9671178328656603,0.669821721534976,-0.5804456580659358,0.8849456685212569,-0.3161431813502908,-0.31964573989415096,1.5633122474356769,3.78,33.92,61.31,0.097,1.459,0.969,70.16958671675359,-25.84324764765642,-61.70899044551964,21.16359962805637,1,0,0,0,0
334,334,1777638155.2048187,4669.824,2.146955326948741,0.030919033080959685,-1.7954412657642296,-0.03261587772279029,1.9057778045886402,0.9674916350340561,0.6693542188995805,-0.5805538002604478,0.8851998190190844,-0.31658159373919664,-0.31965450989989663,1.563082360311589,3.78,33.92,61.31,0.097,1.459,0.969,70.16958671675359,-25.864705247471292,-61.69789326374282,21.16973994354274,1,0,0,0,0
335,335,1777638155.2049134,4669.831999999999,2.146378258927289,0.030583241834844226,-1.7955801381155876,-0.032483250518081874,1.9059820618449026,0.9678657546978927,0.6688324635314565,-0.580530483709293,0.885526208945267,-0.31721125043969645,-0.319568176874964,1.562918075877528,3.78,33.92,61.31,0.097,1.459,0.969,70.16958671675359,-25.885298953345657,-61.68362345398416,21.18614631505732,1,0,0,0,0
336,336,1777638155.2063794,4669.84,2.145800774376386,0.030247210906045777,-1.7957183205904537,-0.032350828684575283,1.9061867939719792,0.9682401916925839,0.668378398815636,-0.580572623979772,0.885815113862602,-0.31773555458893926,-0.3196442270400161,1.5628014011297104,3.78,33.92,61.31,0.097,1.459,0.969,70.16958671675359,-25.90136761503163,-61.6748288369743,21.192110409322492,1,0,0,0,0
337,337,1777638155.2064462,4669.848,2.145222873300516,0.029910940843002182,-1.7958558131746507,-0.03221861235134327,1.906392001242603,0.9686149458528908,0.6679036814294468,-0.5805764625860025,0.8861217701807379,-0.3182802931105817,-0.3195597658609333,1.5626868129664986,3.78,33.92,61.31,0.097,1.459,0.969,70.16958671675359,-25.917491002643008,-61.66287090547337,21.207190097295864,1,0,0,0,0
338,338,1777638155.2078004,4669.856,2.1446445557053124,0.029574432194363415,-1.7959926158538986,-0.032086601647304924,1.906597683928541,0.9689900170129206,0.6673985293333661,-0.5806524630311056,0.8864165723094379,-0.31877839468598684,-0.31958531592437367,1.5624170595134548,3.78,33.92,61.31,0.097,1.459,0.969,70.16958671675359,-25.942394867580166,-61.65034064776647,21.213169177397887,1,0,0,0,0
339,339,1777638155.2111819,4669.864,2.1440658215975628,0.029237685508989766,-1.7961287286138123,-0.031954796701225696,1.9068038423005906,0.9693654050061262,0.6669499220657051,-0.5806820741845289,0.8867108492189288,-0.3192612675021138,-0.31961761149896456,1.5622858330247664,3.78,33.92,61.31,0.097,1.459,0.969,70.16958671675359,-25.958598514202816,-61.64105044888489,21.220343134276938,1,0,0,0,0
340,340,1777638155.2112854,4669.871999999999,2.143486670985211,0.028900701335949894,-1.7962641514399031,-0.03182319764171293,1.9070104766285758,0.9697411096653055,0.6664631078821954,-0.5806810740617876,0.887045884213572,-0.31986933879327445,-0.319578942271815,1.562143008370089,3.78,33.92,61.31,0.097,1.459,0.969,70.16958671675359,-25.97755462901384,-61.628378610609545,21.233947002947087,1,0,0,0,0
341,341,1777638155.2113242,4669.88,2.1429071038773624,0.02856348022451887,-1.7963988843175818,-0.031691804597217654,1.907217587181344,0.9701171308226003,0.6659772706407253,-0.5807133811955958,0.8873203940025718,-0.32035900724307154,-0.31957700612222323,1.5619541828084744,3.78,33.92,61.31,0.097,1.459,0.969,70.16958671675359,-25.99734541297607,-61.617152277498526,21.242303940250263,1,0,0,0,0
342,342,1777638155.2113674,4669.888,2.142327120284284,0.028226022724176212,-1.796532927232155,-0.031560617696031024,1.9074251742267623,0.9704934683094962,0.6655525488812394,-0.5807298015624033,0.8876089854665554,-0.3208776036607835,-0.31963016263943766,1.5618848265926337,3.78,33.92,61.31,0.097,1.459,0.969,70.16958671675359,-26.010397099081736,-61.60899841072361,21.249975472351434,1,0,0,0,0
343,343,1777638155.2114131,4669.896,2.1417467202174114,0.027888329384603935,-1.7966662801688322,-0.03142963706628432,1.9076332380317138,0.9708701219568214,0.6650194072342044,-0.5807708441519387,0.8879456010127293,-0.32146401722064866,-0.3195687757837579,1.5616568658699244,3.78,33.92,61.31,0.097,1.459,0.969,70.16958671675359,-26.034145261729318,-61.59443173005578,21.263117371229328,1,0,0,0,0
344,344,1777638155.2177813,4669.9039999999995,2.1411659036893496,0.02755040075568462,-1.7967989431127185,-0.03129886283594896,1.9078417788620947,0.971247091594746,0.6645649070943165,-0.5807468844296865,0.8882590780024808,-0.32204448506507855,-0.31952514299089035,1.561570266575474,3.78,33.92,61.31,0.097,1.459,0.969,70.16958671675359,-26.04919528344681,-61.58323438346278,21.27711371300959,1,0,0,0,0
345,345,1777638155.2247536,4669.911999999999,2.1405846707138774,0.027212237387499408,-1.796930916048824,-0.031168295132831147,1.9080507969828098,0.9716243770527814,0.6640549447629205,-0.5808288417813622,0.8885523501873867,-0.3225638085547666,-0.31952219975791035,1.561313800739691,3.78,33.92,61.31,0.097,1.459,0.969,70.16958671675359,-26.073596406358746,-61.57010933963591,21.28520862814349,1,0,0,0,0
346,346,1777638155.2314665,4669.92,2.140003021305951,0.02687383983032602,-1.7970621989620597,-0.031037934084575447,1.9082602926577696,0.9720019781597797,0.663578759584823,-0.5807422473967486,0.8889470840069649,-0.3231811027111592,-0.3194571729120859,1.5612543781644144,3.78,33.92,61.31,0.097,1.459,0.969,70.16958671675359,-26.08758947578942,-61.55853714587591,21.30152764011292,1,0,0,0,0
347,347,1777638155.2515073,4669.928,2.1394209554817056,0.026535208634636757,-1.7971927918372375,-0.03090777981866033,1.9084702661498871,0.9723798947439332,0.663031508301396,-0.580819666207483,0.8892616708211427,-0.3237613885991221,-0.31944652694796205,1.5609789636295908,3.78,33.92,61.31,0.097,1.459,0.969,70.16958671675359,-26.11416085033636,-61.54395636528691,21.31109893906036,1,0,0,0,0
348,348,1777638155.2516994,4669.936,2.1388384732584615,0.026196344351096537,-1.7973226946590746,-0.030777832462399957,1.9086807177210732,0.9727581266327726,0.6625430654701508,-0.5808036749739113,0.8895811820709834,-0.32437809057831823,-0.3193828067608427,1.560871682526454,3.78,33.92,61.31,0.097,1.459,0.969,70.16958671675359,-26.131055640540538,-61.531397152808246,21.326649890087168,1,0,0,0,0
349,349,1777638155.2535186,4669.9439999999995,2.138255574654725,0.025857247530560894,-1.7974519074121922,-0.030648092142937955,1.908891647632234,0.9731366736531676,0.6620394369872984,-0.5808170410686188,0.889918649087924,-0.3249583741514288,-0.31938189596794025,1.5607027240626707,3.78,33.92,61.31,0.097,1.459,0.969,70.16958671675359,-26.15114846511867,-61.51921958611165,21.33714965666916,1,0,0,0,0
350,350,1777638155.265107,4669.952,2.137672259690194,0.02551791872407397,-1.7975804300811165,-0.030518558987252753,1.9091030561432665,0.9735155356313253,0.6615628773088602,-0.5808350086206983,0.890234259343827,-0.3255422689791043,-0.3194102048815207,1.560569156020416,3.78,33.92,61.31,0.097,1.459,0.969,70.16958671675359,-26.169173625835267,-61.50826244577762,21.346636799323434,1,0,0,0,0
351,351,1777638155.2652643,4669.952,2.137672259690194,0.02551791872407397,-1.7975804300811165,-0.030518558987252753,1.9091030561432665,0.9735155356313253,0.6615628773088602,-0.5808350086206983,0.890234259343827,-0.3255422689791043,-0.3194102048815207,1.560569156020416,4.96,33.18,62.8,0.136,1.245,0.991,71.19939606485437,-24.9029594087665,-62.978149026848286,21.976108796541197,0,1,0,0,0
352,352,1777638155.2779539,4669.96,2.137088528385758,0.025178358482866463,-1.7977082626502794,-0.030389233122150472,1.909314943513056,0.9738947123927902,0.6610373201326583,-0.580780119440111,0.890595444075008,-0.32614214505809136,-0.31940893960830113,1.5604151122540841,4.96,33.18,62.8,0.136,1.245,0.991,71.19939606485437,-24.92298283862093,-62.96598901775917,21.988250349703513,1,0,0,0,0
353,353,1777638155.2781112,4669.968,2.1365043807635056,0.024838567358353714,-1.7978354051040197,-0.03026011467426759,1.9095273099994723,0.9742742037624427,0.6606101013387207,-0.5808241574683517,0.8908614270769101,-0.32663719846727013,-0.31940544723945424,1.5602973571526324,4.96,33.18,62.8,0.136,1.245,0.991,71.19939606485437,-24.938919108030568,-62.95608905534889,21.998526418332773,1,0,0,0,0
354,354,1777638155.2837672,4669.976,2.135919816846724,0.024498545902133514,-1.7979618574265839,-0.03013120377006917,1.909740155859365,0.9746540095644992,0.6600934770858462,-0.5808687573421982,0.8911947926735939,-0.32722542528614595,-0.31940767132578096,1.5601047184931158,4.96,33.18,62.8,0.136,1.245,0.991,71.19939606485437,-24.961143772428592,-62.9433967913641,22.00963656985374,1,0,0,0,0
355,355,1777638155.2894087,4669.9839999999995,2.1353348366599048,0.02415829466598417,-1.7980876196021276,-0.030002500535844412,1.9099534813485615,0.9750341296225109,0.6596390554571034,-0.5809027682488391,0.8914552381960807,-0.3277269468600697,-0.31936502708085684,1.5599862510310611,4.96,33.18,62.8,0.136,1.245,0.991,71.19939606485437,-24.97719224702233,-62.9326524730094,22.022150670783937,1,0,0,0,0
356,356,1777638155.297054,4669.992,2.1347494402287475,0.02381781420186257,-1.7982126916147134,-0.029874005097711098,1.9101672867218624,0.975414563759363,0.6591699782914798,-0.5809325380949063,0.8917419154327725,-0.3282086401521648,-0.31934305979663297,1.5598317157276425,4.96,33.18,62.8,0.136,1.245,0.991,71.19939606485437,-24.995162802009723,-62.92187303617275,22.032560680065878,1,0,0,0,0
357,357,1777638155.307253,4670.0,2.1341636275801608,0.023477105061901923,-1.798337073448316,-0.029745717581611153,1.9103815722330386,0.9757953117972743,0.6586832187036586,-0.5809867968376371,0.8920506127738028,-0.3287483811687937,-0.3193686731236841,1.5596016644702897,4.96,33.18,62.8,0.136,1.245,0.991,71.19939606485437,-25.018891589079118,-62.90959100392166,22.040699248735354,1,0,0,0,0
358,358,1777638155.3134785,4670.008,2.1335773987422675,0.02313616779840979,-1.79846076508682,-0.0296176381133062,1.9105963381348272,0.9761763735577969,0.6581898911938668,-0.5810552064924845,0.8923378179299726,-0.32925292621170116,-0.3193535579840008,1.5594355796494377,4.96,33.18,62.8,0.136,1.245,0.991,71.19939606485437,-25.037980548692037,-62.898351011224975,22.0510990681202,1,0,0,0,0
359,359,1777638155.3190722,4670.016,2.1329907537444077,0.02279500296386615,-1.798583766514021,-0.029489766818385554,1.910811584678928,0.9765577488618141,0.6577357157991004,-0.581171610969466,0.8925816889080808,-0.3296796137551432,-0.3193554245656295,1.559205453040014,4.96,33.18,62.8,0.136,1.245,0.991,71.19939606485437,-25.0597195263496,-62.88733511124384,22.05782264564676,1,0,0,0,0
360,360,1777638155.326602,4670.023999999999,2.1324036926171424,0.022453611110921118,-1.7987060777136286,-0.02936210382225468,1.9110273121160004,0.9769394375295415,0.6572881011141876,-0.5811534181642357,0.892892916840692,-0.3301943373424384,-0.3193274894025014,1.5591358165355296,4.96,33.18,62.8,0.136,1.245,0.991,71.19939606485437,-25.072963698171765,-62.87760422618259,22.07050924119569,1,0,0,0,0
361,361,1777638155.3324618,4670.032,2.1318162153922553,0.022111992792392933,-1.798827698669263,-0.029234649250142297,1.9112435206956593,0.9773214393805251,0.6567897479779778,-0.5811303775450247,0.8932154176551765,-0.3307915096775324,-0.31927191621352263,1.5590267574695147,4.96,33.18,62.8,0.136,1.245,0.991,71.19939606485437,-25.090063999921842,-62.865319253322916,22.086066278484523,1,0,0,0,0
362,362,1777638155.339937,4670.04,2.131228322102758,0.02177014856126605,-1.7989486293644612,-0.029107403227094153,1.9114602106664718,0.9777037542336408,0.6562636100060454,-0.5811690126632812,0.8935443093420081,-0.3313966839557166,-0.319255330663575,1.558801792927275,4.96,33.18,62.8,0.136,1.245,0.991,71.19939606485437,-25.11455437718326,-62.851328075036044,22.09804782417873,1,0,0,0,0
363,363,1777638155.3474529,4670.048,2.130640012782892,0.021428078970688807,-1.7990688697826727,-0.028980365877973924,1.9116773822759534,0.9780863819070941,0.6557825076613409,-0.5811842220342207,0.8938383037890134,-0.3319313021624534,-0.3192329927860697,1.55864137574855,4.96,33.18,62.8,0.136,1.245,0.991,71.19939606485437,-25.133794367758014,-62.83957945358124,22.109582419763278,1,0,0,0,0
364,364,1777638155.3543375,4670.056,2.130051287468134,0.021085784573971547,-1.7991884199072619,-0.02885353732746143,1.9118950357705649,0.978469322218419,0.6553129486094601,-0.5811822203231005,0.8941671737028073,-0.33247818546792485,-0.31925712082421226,1.5584937025380217,4.96,33.18,62.8,0.136,1.245,0.991,71.19939606485437,-25.152499545781346,-62.82875468158737,22.11907212702154,1,0,0,0,0
365,365,1777638155.3626966,4670.063999999999,2.129462146195197,0.02074326592458434,-1.7993072797215133,-0.028726917700054422,1.912113171395708,0.9788525749844775,0.6547990001302939,-0.5812643298148455,0.894440968826691,-0.33301372306118837,-0.31924816510797005,1.5582616253822517,4.96,33.18,62.8,0.136,1.245,0.991,71.19939606485437,-25.176221814689473,-62.815803996746496,22.12886403274873,1,0,0,0,0
366,366,1777638155.368856,4670.072,2.128872589002034,0.020400523576154978,-1.7994254492086235,-0.028600507120062346,1.9123317893957226,0.9792361400214593,0.6542999824483853,-0.5812764354678923,0.8948164623801125,-0.3336228304215679,-0.31925434709907163,1.5581305673289292,4.96,33.18,62.8,0.136,1.245,0.991,71.19939606485437,-25.194950108964274,-62.8040158536633,22.141004531403027,1,0,0,0,0
367,367,1777638155.376172,4670.08,2.128282615927844,0.020057558082466856,-1.799542928351709,-0.02847430571160814,1.9125508900138823,0.9796200171448801,0.6537838964852847,-0.5812742339691315,0.8951467147672894,-0.33422480921502046,-0.31917230099603505,1.5579296398477571,4.96,33.18,62.8,0.136,1.245,0.991,71.19939606485437,-25.217808309459596,-62.78929557403376,22.15672596265015,1,0,0,0,0
368,368,1777638155.3829362,4670.088,2.1276922270130707,0.019714369997456852,-1.799659717133805,-0.028348313598629105,1.912770473492392,0.9800042061695818,0.6533299846047538,-0.581393472505029,0.8953818079462796,-0.3346484782824416,-0.3192268571352911,1.5577672541559455,4.96,33.18,62.8,0.136,1.245,0.991,71.19939606485437,-25.23531083805671,-62.780604772840015,22.161424847313263,1,0,0,0,0
369,369,1777638155.3904026,4670.096,2.1271014222994102,0.019370959875213086,-1.7997758155378651,-0.02822253090487159,1.912990540072383,0.9803887069097319,0.652808469416143,-0.5813599122104862,0.8957417945188337,-0.3353065959345104,-0.3191466599193455,1.5575954092947573,4.96,33.18,62.8,0.136,1.245,0.991,71.19939606485437,-25.257331591535205,-62.76562560349838,22.17876108976118,1,0,0,0,0
370,370,1777638155.45613,4670.103999999999,2.1265102018298125,0.01902732826997301,-1.799891223546764,-0.02809695775389276,1.9132110899939105,0.9807735191788219,0.6523309157780501,-0.5814345279367767,0.8959846681471361,-0.3357812440701261,-0.3191277584186123,1.5573926641551488,4.96,33.18,62.8,0.136,1.245,0.991,71.19939606485437,-25.27814884122163,-62.7539698394015,22.188025161256057,1,0,0,0,0
371,371,1777638155.467951,4670.112,2.1259185656484845,0.018683475736121048,-1.8000059411432954,-0.027971594269059707,1.9134321234959493,0.9811586427896677,0.6518209242263706,-0.5814335177422778,0.8963281436816214,-0.33637610923866373,-0.31909699293206406,1.557226167674159,4.96,33.18,62.8,0.136,1.245,0.991,71.19939606485437,-25.298784057530284,-62.74097122359567,22.201262467039797,1,0,0,0,0
372,372,1777638155.4680502,4670.112,2.1259185656484845,0.018683475736121048,-1.8000059411432954,-0.027971594269059707,1.9134321234959493,0.9811586427896677,0.6518209242263706,-0.5814335177422778,0.8963281436816214,-0.33637610923866373,-0.31909699293206406,1.557226167674159,5.49,33.61,63.12,0.202,1.246,1.017,71.72103317716498,-25.390482171082933,-63.05296233873473,22.881301436544618,0,1,0,0,0
373,373,1777638155.4706159,4670.12,2.1253265138008937,0.018339402828186534,-1.8001199683101765,-0.027846440573545017,1.9136536408163904,0.9815440775544084,0.6513749281880296,-0.5814685526853882,0.8966428964025529,-0.3368842567442748,-0.31911071563984866,1.5571439263531772,5.49,33.61,63.12,0.202,1.246,1.017,71.72103317716498,-25.404681522553528,-63.0435894909592,22.89136476562822,1,0,0,0,0
374,374,1777638155.4707673,4670.128,2.124734046333773,0.017995110100841732,-1.8002333050300443,-0.02772149679033209,1.9138756421920378,0.9819298232845051,0.6509061041616013,-0.581498219352024,0.8969474236359033,-0.33738012926989924,-0.3190924837766404,1.5569791115662182,5.49,33.61,63.12,0.202,1.246,1.017,71.72103317716498,-25.42377659621905,-63.03214795580625,22.90167041206586,1,0,0,0,0
375,375,1777638155.4738562,4670.1359999999995,2.124141163295121,0.017650598108899296,-1.8003459512854612,-0.02759676304220715,1.9140981278586042,0.9823158797907415,0.6504140247079542,-0.5814926417862528,0.8972670556898563,-0.33798174557730304,-0.31906467096235985,1.556825434498484,5.49,33.61,63.12,0.202,1.246,1.017,71.72103317716498,-25.444042010163994,-63.01907405435386,22.91513978829005,1,0,0,0,0
376,376,1777638155.4740026,4670.144,2.123547864734208,0.017305867407310424,-1.8004579070589113,-0.027472239451761027,1.914321098050708,0.9827022468832225,0.6498918256213551,-0.5813993798893469,0.897678617400939,-0.3387031260970334,-0.3189863126744895,1.556695615208487,5.49,33.61,63.12,0.202,1.246,1.017,71.72103317716498,-25.46487749709664,-63.00361268896191,22.934502440583657,1,0,0,0,0
377,377,1777638155.4740767,4670.152,2.122954150701579,0.016960918551162656,-1.8005691723328043,-0.02734792614139181,1.9145445530018692,0.9830889243713732,0.6494230420402263,-0.5814738058186553,0.8979360299303825,-0.3391931688066555,-0.3190390436595855,1.5565523441106592,5.49,33.61,63.12,0.202,1.246,1.017,71.72103317716498,-25.482612305868656,-62.9940367741857,22.941107230500652,1,0,0,0,0
378,378,1777638155.4741476,4670.16,2.1223600212490554,0.016615752095677547,-1.8006797470894735,-0.027223823233296862,1.9147684929445066,0.9834759120639387,0.6488597725352727,-0.5814367682524176,0.8983355444457923,-0.339889804952771,-0.3189083803838366,1.5563368850391572,5.49,33.61,63.12,0.202,1.246,1.017,71.72103317716498,-25.50828013107839,-62.97623222532061,22.96145508143853,1,0,0,0,0
379,379,1777638155.4813364,4670.168,2.121765476429741,0.016270368596208545,-1.8007896313111793,-0.02709993084947815,1.914992918109933,0.9838632097689836,0.6483674542787112,-0.5814869343754517,0.8986314486035102,-0.34042372329477305,-0.31898402207704984,1.556153288468277,5.49,33.61,63.12,0.202,1.246,1.017,71.72103317716498,-25.529338209624257,-62.96558710298894,22.967244748870776,1,0,0,0,0
380,380,1777638155.4843261,4670.1759999999995,2.1211705162980223,0.01592476860823884,-1.8008988249801092,-0.02697624911173513,1.9152178287283528,0.9842508172938907,0.6478686501992617,-0.5815230861711831,0.8989703234889215,-0.340971420728614,-0.318940199213397,1.5559808916580664,5.49,33.61,63.12,0.202,1.246,1.017,71.72103317716498,-25.54977946999699,-62.952646282941096,22.979984660774278,1,0,0,0,0
381,381,1777638155.4884973,4670.184,2.1205751409095748,0.015578952687379174,-1.8010073280783754,-0.026852778141670974,1.9154432250288576,0.9846387344453612,0.6473863313395538,-0.5815297993469981,0.8992621544479672,-0.34157119816218207,-0.3189113240003506,1.5558838284668346,5.49,33.61,63.12,0.202,1.246,1.017,71.72103317716498,-25.566463100476945,-62.9406732693235,22.994221294408238,1,0,0,0,0
382,382,1777638155.488589,4670.192,2.119979350321364,0.015232921389365673,-1.8011151405880206,-0.026729518060686352,1.9156691072394227,0.985026961029413,0.6468503535780892,-0.5815910101227547,0.8995729061096607,-0.34211239282896055,-0.3189180963007333,1.555640943896606,5.49,33.61,63.12,0.202,1.246,1.017,71.72103317716498,-25.591249684201234,-62.927383282996715,23.00302094846884,1,0,0,0,0
383,383,1777638155.4925473,4670.2,2.1193831445916507,0.01488667527005752,-1.8012222624910148,-0.026606468989979426,1.9158954755869044,0.9854154968513811,0.6464101310728813,-0.5816198454205128,0.8998295462201579,-0.3425841944296321,-0.31886599542027205,1.555486813223983,5.49,33.61,63.12,0.202,1.246,1.017,71.72103317716498,-25.60918379215367,-62.915828777705215,23.0146647751857,1,0,0,0,0
384,384,1777638155.492625,4670.208,2.1187865237799923,0.01454021488543469,-1.801328693769257,-0.026483631050544076,1.916122330297035,0.9858043417159165,0.645900565559943,-0.5816432397432154,0.9001712517165352,-0.3431492174596311,-0.3188356604514066,1.5552820674017205,5.49,33.61,63.12,0.202,1.246,1.017,71.72103317716498,-25.631958984567227,-62.902197508128786,23.026567856756625,1,0,0,0,0
385,385,1777638155.4982753,4670.215999999999,2.1181894879472485,0.014193540791596057,-1.8014344344045767,-0.026361004363173457,1.9163496715944197,0.986193495426985,0.6454572950536847,-0.5817137244008389,0.9004441438335004,-0.34361423218450704,-0.3188235197155448,1.5551606457669018,5.49,33.61,63.12,0.202,1.246,1.017,71.72103317716498,-25.647781026082374,-62.89216694764776,23.03634660850832,1,0,0,0,0
386,386,1777638155.5052862,4670.224,2.1175920371555823,0.013846653544756784,-1.8015394843787362,-0.026238589048452,1.9165774997025338,0.9865829577878676,0.64495558584076,-0.5817299679879937,0.9007855260073954,-0.3441947321660225,-0.31884356153799726,1.554993088722257,5.49,33.61,63.12,0.202,1.246,1.017,71.72103317716498,-25.668573226316724,-62.8799987233345,23.04640338705079,1,0,0,0,0
387,387,1777638155.512494,4670.232,2.1169941714684657,0.013499553701246303,-1.8016438436734248,-0.026116385226762517,1.916805814843718,0.9869727286011591,0.6445179086989529,-0.5817214590564723,0.9010477522978421,-0.34473544944114826,-0.31881251637256564,1.5549149505317015,5.49,33.61,63.12,0.202,1.246,1.017,71.72103317716498,-25.68301329249386,-62.86926590735434,23.05959306856812,1,0,0,0,0
388,388,1777638155.529437,4670.24,2.1163958909506806,0.013152241817505983,-1.8017475122702677,-0.02599439301827644,1.917034617239175,0.9873628076687678,0.6440408517376992,-0.5817470437463386,0.9013361475443287,-0.34525391892977264,-0.3188384319704079,1.5547420189380583,5.49,33.61,63.12,0.202,1.246,1.017,71.72103317716498,-25.703041404100944,-62.85807556616545,23.067782700062537,1,0,0,0,0
389,389,1777638155.5295947,4670.248,2.1157971956683244,0.012804718450087009,-1.8018504901508203,-0.025872612542960916,1.917263907108967,0.9877531947919147,0.6435244278534347,-0.5817190534458998,0.9016811452810265,-0.3458725402933953,-0.3188187128364784,1.5546011713452896,5.49,33.61,63.12,0.202,1.246,1.017,71.72103317716498,-25.72278652883913,-62.84505563342918,23.081244239056126,1,0,0,0,0
390,390,1777638155.5347543,4670.255999999999,2.115198085688812,0.012456984155648,-1.8019527772965738,-0.02575104392057348,1.9174936846720103,0.9881438897711327,0.6430912875158511,-0.5817845346661501,0.9019436508787241,-0.3463423459156254,-0.31885638980999115,1.554458375254039,5.49,33.61,63.12,0.202,1.246,1.017,71.72103317716498,-25.740081927100036,-62.83546187958938,23.088081617251106,1,0,0,0,0
391,391,1777638155.5447671,4670.264,2.1145985610808795,0.012109039490952768,-1.8020543736889527,-0.025629687270660284,1.917723950146073,0.9885348924062662,0.642557504038914,-0.5818296108115399,0.9022986045676906,-0.34691455705573715,-0.31880458030752584,1.554253264666667,5.49,33.61,63.12,0.202,1.246,1.017,71.72103317716498,-25.76296107609036,-62.82124856107322,23.10123732226713,1,0,0,0,0
392,392,1777638155.5497508,4670.272,2.113998621914588,0.011760885012868136,-1.8021552793093143,-0.025508542712559645,1.917954703747771,0.988926202496471,0.6420732006103466,-0.5817953859378349,0.9026000638149656,-0.34746254832925766,-0.31872203308707053,1.5541293434118817,5.49,33.61,63.12,0.202,1.246,1.017,71.72103317716498,-25.7803085152486,-62.808452729774785,23.11667273961043,1,0,0,0,0
393,393,1777638155.5510523,4670.272,2.113998621914588,0.011760885012868136,-1.8021552793093143,-0.025508542712559645,1.917954703747771,0.988926202496471,0.6420732006103466,-0.5817953859378349,0.9026000638149656,-0.34746254832925766,-0.31872203308707053,1.5541293434118817,5.37,33.94,63.31,0.213,1.263,0.998,72.03413496391832,-26.12436891971826,-62.99887035353036,23.185691335941076,0,1,0,0,0
394,394,1777638155.5568237,4670.28,2.113398268261326,0.011412521278361646,-1.8022554941389544,-0.025387610365396718,1.9181859456925645,0.9893178198402122,0.6416098086380201,-0.5818720926299548,0.9028694204168206,-0.347941661109479,-0.31880777875980226,1.5539404671067323,5.37,33.94,63.31,0.213,1.263,0.998,72.03413496391832,-26.144817410771957,-62.98903950577142,23.189351536810193,1,0,0,0,0
395,395,1777638155.5646996,4670.288,2.112797500193814,0.011063948844499193,-1.802355018159103,-0.02526689034808527,1.9184176761947538,0.9897097442352649,0.6411720475496041,-0.581870533435745,0.9031649546425095,-0.34849039738384835,-0.31880594603189333,1.5538296361878188,5.37,33.94,63.31,0.213,1.263,0.998,72.03413496391832,-26.16151321430531,-62.97798515578284,23.20054335690707,1,0,0,0,0
396,396,1777638155.570285,4670.295999999999,2.1121963177861067,0.010715168268442859,-1.8024538513509265,-0.025146382779325904,1.9186498954674764,0.990101975478713,0.6406507081618293,-0.5818828332478476,0.9035134096857406,-0.3490515571858403,-0.31875683820116113,1.5536705599382756,5.37,33.94,63.31,0.213,1.263,0.998,72.03413496391832,-26.18138148846429,-62.96481271358218,23.213879970806655,1,0,0,0,0
397,397,1777638155.5786269,4670.304,2.1115947211135966,0.010366180107448495,-1.8025519936955305,-0.025026087777605177,1.9188826037227036,0.990494513366949,0.6401569886862173,-0.5818350329445562,0.9038592386563865,-0.3497068490398847,-0.31873841421876475,1.5535347094256724,5.37,33.94,63.31,0.213,1.263,0.998,72.03413496391832,-26.201512454183465,-62.95120960920765,23.228055317888103,1,0,0,0,0
398,398,1777638155.5850115,4670.312,2.110992710253018,0.010016984918863523,-1.8026494451739579,-0.024906005461192926,1.9191158011712357,0.9908873576956728,0.6397098622715538,-0.5818720902657449,0.9041417233771005,-0.35021208943236265,-0.31879772845147814,1.5534419612800625,5.37,33.94,63.31,0.213,1.263,0.998,72.03413496391832,-26.216377146984204,-62.94240410153311,23.23514439822556,1,0,0,0,0
399,399,1777638155.5955815,4670.32,2.1103902852824503,0.009667583260124643,-1.80274620576719,-0.024786135948145827,1.9193494880226998,0.9912805082598914,0.6392314862097543,-0.5818160841793522,0.904490298722797,-0.3508359619662849,-0.3186823373147292,1.5533483729716149,5.37,33.94,63.31,0.213,1.263,0.998,72.03413496391832,-26.233181750216527,-62.92825904576005,23.254483196360766,1,0,0,0,0
400,400,1777638155.5987864,4670.3279999999995,2.10978744628132,0.009317975688755527,-1.8028422754561468,-0.02466647935630295,1.9195836644855448,0.9916739648539181,0.6387366604052447,-0.5818958993925692,0.904763447624517,-0.3513294952081479,-0.3186713998312,1.553113761329661,5.37,33.94,63.31,0.213,1.263,0.998,72.03413496391832,-26.25660248889378,-62.915336182802655,23.26301568466866,1,0,0,0,0
401,401,1777638155.6065192,4670.336,2.1091841933304063,0.00896816276236444,-1.802937654221691,-0.024547035803285766,1.9198183307670393,0.9920677272713722,0.6382576816477328,-0.5818606765217218,0.9051169433582991,-0.3519741171884868,-0.31869112898489216,1.5530122444518053,5.37,33.94,63.31,0.213,1.263,0.998,72.03413496391832,-26.274439912507404,-62.90333502484047,23.27532706615993,1,0,0,0,0
402,402,1777638155.614461,4670.344,2.1085805265118416,0.008618145038641972,-1.8030323420446228,-0.02442780540649725,1.9200534870732666,0.9924617953051779,0.6377576166649981,-0.5818536169144717,0.9054302630499248,-0.3525705046188324,-0.3187158211782244,1.5528588296093742,5.37,33.94,63.31,0.213,1.263,0.998,72.03413496391832,-26.294662130889282,-62.8911287279635,23.285473384603982,1,0,0,0,0
403,403,1777638155.6224144,4670.352,2.107976445909118,0.008267923075358764,-1.8031263389056855,-0.024308788283121885,1.920289133609122,0.9928561687475641,0.6372682780778118,-0.5819512409429095,0.905693929312384,-0.3530088674298503,-0.31872556503620736,1.5526295209753807,5.37,33.94,63.31,0.213,1.263,0.998,72.03413496391832,-26.316786462001954,-62.879585595292305,23.29165227453171,1,0,0,0,0
404,404,1777638155.62764,4670.36,2.1073719516070883,0.007917497430363053,-1.803219644785564,-0.02418998455012389,1.9205252705783082,0.9932508473900638,0.6367714298269025,-0.5819797164476492,0.9060063797231526,-0.3535743733777193,-0.31864824304326694,1.5524714779453448,5.37,33.94,63.31,0.213,1.263,0.998,72.03413496391832,-26.33661352366208,-62.86575920988942,23.306559314267375,1,0,0,0,0
405,405,1777638155.6355236,4670.3679999999995,2.10676704369197,0.00756686866157841,-1.8033122596648843,-0.02407139432424632,1.9207618981833334,0.993645831023513,0.6362762456920665,-0.5820586624508897,0.9063032794903899,-0.35409272874844366,-0.3186688091205486,1.5522513664359305,5.37,33.94,63.31,0.213,1.263,0.998,72.03413496391832,-26.359594614223944,-62.85332671900858,23.31410929302977,1,0,0,0,0
406,406,1777638155.646576,4670.376,2.10616172225135,0.007216037327001438,-1.8034041835242185,-0.02395301772201197,1.920999016625506,0.9940411194380506,0.6358087021482495,-0.5820624272839952,0.9066029718453837,-0.3545929534871019,-0.3186739433846393,1.55212335162955,5.37,33.94,63.31,0.213,1.263,0.998,72.03413496391832,-26.37648561298312,-62.842776928640106,23.323443026390276,1,0,0,0,0
407,407,1777638155.6492734,4670.384,2.105555987374185,0.0068650039846993366,-1.8034954163440808,-0.023834854859719812,1.9212366261049316,0.9944367124231178,0.6353145720548695,-0.5821210478510992,0.9068950911456424,-0.35510780881905873,-0.3186509015853376,1.551925727133915,5.37,33.94,63.31,0.213,1.263,0.998,72.03413496391832,-26.39794106030789,-62.82999421137728,23.33360527597072,1,0,0,0,0
408,408,1777638155.6580446,4670.392,2.1049498391508075,0.006513769192807637,-1.8035859581049287,-0.023716905853446768,1.9214747268205097,0.994832609767457,0.6348481332301321,-0.5821131739120383,0.9072342028839873,-0.35569813950586904,-0.31869051356769146,1.5518300780977425,5.37,33.94,63.31,0.213,1.263,0.998,72.03413496391832,-26.414454982941926,-62.81934183750643,23.343595675402067,1,0,0,0,0
409,409,1777638155.6667697,4670.4,2.1043432776729283,0.006162333509527785,-1.8036758087871672,-0.02359917081904417,1.9217133189699294,0.9952288112591116,0.634342707764197,-0.5820648039154404,0.9075921177622684,-0.35632259292042523,-0.3186342127547037,1.5517025964865885,5.37,33.94,63.31,0.213,1.263,0.998,72.03413496391832,-26.433439591847286,-62.80558568702549,23.359115519511004,1,0,0,0,0
410,410,1777638155.6729095,4670.407999999999,2.10373630303364,0.005810697493124846,-1.8037649683711443,-0.023481649872142185,1.9219524027496666,0.995625316685425,0.6338627969844991,-0.5820799418446052,0.907917347497272,-0.3568965093628614,-0.3185809409149506,1.5515235924443538,5.37,33.94,63.31,0.213,1.263,0.998,72.03413496391832,-26.45473915119202,-62.79162570347717,23.37252913051584,1,0,0,0,0
411,411,1777638155.680016,4670.416,2.1031289153274195,0.005458861701925085,-1.803853436837155,-0.02336434312814273,1.92219197835498,0.9960221258330406,0.633375022410285,-0.5820397011275608,0.9082497546358805,-0.35751512068815955,-0.31858577698325274,1.5514078634257198,5.37,33.94,63.31,0.213,1.263,0.998,72.03413496391832,-26.47295866275313,-62.77940184914219,23.384733547853074,1,0,0,0,0
412,412,1777638155.6855829,4670.424,2.102521114650132,0.005106826694313489,-1.8039412141654445,-0.023247250702221223,1.9224320459799071,0.9964192384879011,0.6328700158277523,-0.5820244424388512,0.9085971924333486,-0.3581160701517479,-0.31859992211860105,1.5512666919560119,5.37,33.94,63.31,0.213,1.263,0.998,72.03413496391832,-26.49245904867179,-62.767113448879826,23.395633841593103,1,0,0,0,0
413,413,1777638155.692425,4670.432,2.1019129010990345,0.004754593028731618,-1.8040283003361992,-0.023130372709327496,1.9226726058172614,0.9968166544352473,0.6323677039960012,-0.582082911032711,0.9089010958599901,-0.3586518887679558,-0.31854823443860913,1.5510823205806898,5.37,33.94,63.31,0.213,1.263,0.998,72.03413496391832,-26.513410056419048,-62.75366483817161,23.40797378156859,1,0,0,0,0
414,414,1777638155.7088962,4670.432,2.1019129010990345,0.004754593028731618,-1.8040283003361992,-0.023130372709327496,1.9226726058172614,0.9968166544352473,0.6323677039960012,-0.582082911032711,0.9089010958599901,-0.3586518887679558,-0.31854823443860913,1.5510823205806898,5.34,33.76,64.12,0.194,1.257,0.971,72.66104595999151,-26.371996568756167,-63.56625520812317,23.312584494072475,0,1,0,0,0
415,415,1777638155.7401485,4670.44,2.101304274772779,0.0044021612636750435,-1.8041146953295595,-0.023013709264183113,1.9229136580586281,0.9972143734596178,0.6318706544142701,-0.5820699121486382,0.9092329068204684,-0.3592447868813952,-0.3185541575953994,1.5509284920369937,5.34,33.76,64.12,0.194,1.257,0.971,72.66104595999151,-26.39223172866167,-63.55371621510295,23.3238688821298,1,0,0,0,0
416,416,1777638155.741467,4670.447999999999,2.100695235771416,0.00404953195769105,-1.8042003991256097,-0.022897260481283155,1.9231552028943606,0.9976123953448487,0.6313803252488925,-0.5820888660547903,0.9095473290842553,-0.3597747658171066,-0.31853400533633036,1.550734351387342,5.34,33.76,64.12,0.194,1.257,0.971,72.66104595999151,-26.413864174262415,-63.54083058487343,23.334485808948727,1,0,0,0,0
417,417,1777638155.7428336,4670.456,2.100085784196397,0.0036967056693760813,-1.8042854117043872,-0.022781026474890886,1.9233972405135775,0.998010719874073,0.6308772426486938,-0.5821537908246455,0.9098539797938952,-0.3602959462766279,-0.3184912360285912,1.550503123142948,5.34,33.76,64.12,0.194,1.257,0.971,72.66104595999151,-26.437653883263906,-63.526865259048016,23.345565906773388,1,0,0,0,0
418,418,1777638155.7440932,4670.464,2.099475920150579,0.0033436829573735985,-1.804369733045876,-0.022665007359040423,1.9236397711041582,0.9984093468297195,0.6304124219768339,-0.582199859697872,0.9101193668831451,-0.3607898553801359,-0.318470305368464,1.55036122330056,5.34,33.76,64.12,0.194,1.257,0.971,72.66104595999151,-26.455345498838824,-63.51560828533087,23.35615119580872,1,0,0,0,0
419,419,1777638155.746226,4670.472,2.0988656437382263,0.0029904643803714812,-1.8044533631300128,-0.022549203247535843,1.9238827948527395,0.9988082759935124,0.6298823545111819,-0.5822193399091287,0.9104815085136378,-0.36139684443610004,-0.3184006914968582,1.5501612642650022,5.34,33.76,64.12,0.194,1.257,0.971,72.66104595999151,-26.478653939493466,-63.50036874826711,23.3711714380484,1,0,0,0,0
420,420,1777638155.7500014,4670.48,2.098254955065016,0.0026370504970996745,-1.8045363019366842,-0.022433614253951184,1.9241263119447125,0.9992075071464712,0.6293989497420922,-0.5822616125167135,0.9107620510436504,-0.36194331724662976,-0.3183711046505911,1.5499680120544348,5.34,33.76,64.12,0.194,1.257,0.971,72.66104595999151,-26.500501929555618,-63.48702226919364,23.38266453748441,1,0,0,0,0
421,421,1777638155.750068,4670.487999999999,2.0976438542380387,0.0022834418663276548,-1.8046185494457267,-0.022318240491626895,1.9243703225642186,0.9996070400689097,0.6289126487030277,-0.5823314726807448,0.9110627620112993,-0.36243446171248156,-0.31840168870482743,1.5497801683480406,5.34,33.76,64.12,0.194,1.257,0.971,72.66104595999151,-26.521083231027497,-63.475861684504096,23.389628634559724,1,0,0,0,0
422,422,1777638155.750113,4670.496,2.0970323413658045,0.0019296390468622054,-1.8047001056369325,-0.02220308207367161,1.9246148268941456,1.0000068745404354,0.6284071602880976,-0.5822839561321698,0.911413209056989,-0.36310408863992166,-0.31828520537247235,1.5496458978233065,5.34,33.76,64.12,0.194,1.257,0.971,72.66104595999151,-26.541308743558538,-63.46002438493994,23.409652608313774,1,0,0,0,0
423,423,1777638155.758386,4670.504,2.096420416558245,0.0015756425975449167,-1.804780970490044,-0.022088139112959482,1.9248598251161249,1.0004070103399487,0.6279313058048782,-0.5823298094982803,0.9117095627357661,-0.36360378392094106,-0.31838139640030333,1.549460776738697,5.34,33.76,64.12,0.194,1.257,0.971,72.66104595999151,-26.56192817162956,-63.45007523133287,23.413233970201375,1,0,0,0,0
424,424,1777638155.764273,4670.512,2.095808079926716,0.0012214530772496647,-1.8048611439847564,-0.02197341172213374,1.9251053174105268,1.0008074472456432,0.627440758414458,-0.5823809031888265,0.9120215825802626,-0.3641381318263614,-0.31835926248202595,1.5492775457100865,5.34,33.76,64.12,0.194,1.257,0.971,72.66104595999151,-26.5829254051546,-63.437253637628395,23.424144121380145,1,0,0,0,0
425,425,1777638155.7719374,4670.5199999999995,2.0951953315840015,0.0008670710448802975,-1.8049406261007208,-0.02185890001359958,1.9253513039564578,1.0012081850350039,0.6269436109596939,-0.5823227312309005,0.9123716430997996,-0.3648017148551382,-0.31837352476018516,1.5491668882381282,5.34,33.76,64.12,0.194,1.257,0.971,72.66104595999151,-26.601675476178645,-63.4245817726324,23.437168959299285,1,0,0,0,0
426,426,1777638155.7790492,4670.527999999999,2.0945821716443174,0.0005124970593679747,-1.8050194168175402,-0.021744604099530385,1.9255977849317572,1.0016092234848077,0.6264138012455245,-0.5823371635040815,0.9127162666854285,-0.3653871317916307,-0.3182781715067291,1.5489533054454745,5.34,33.76,64.12,0.194,1.257,0.971,72.66104595999151,-26.625414028979183,-63.40883816803933,23.452807293900555,1,0,0,0,0
427,427,1777638155.7865307,4670.536,2.093968600223314,0.00015773167966900146,-1.805097516114774,-0.021630524091860615,1.9258447605129922,1.0020105623711226,0.6259402227100695,-0.582422486702497,0.9129885158270832,-0.365872073567196,-0.3182098474599315,1.5487528326468556,5.34,33.76,64.12,0.194,1.257,0.971,72.66104595999151,-26.64656838752811,-63.39551127471839,23.464806485156423,1,0,0,0,0
428,428,1777638155.7930107,4670.544,2.0933546174380804,-0.00019722453523751682,-1.8051749239719372,-0.02151666010229114,1.9260922308754558,1.0024122014693062,0.625485203044792,-0.5824666923659325,0.9132735065890977,-0.3663537734100626,-0.3182370313065222,1.5486004650141045,5.34,33.76,64.12,0.194,1.257,0.971,72.66104595999151,-26.664725456212647,-63.38513526068769,23.472210043562832,1,0,0,0,0
429,429,1777638155.803345,4670.552,2.0927402234071466,-0.0005523710263535264,-1.8052516403684988,-0.021403012242283914,1.9263401961931619,1.0028141405540063,0.6249193831768957,-0.5824538974773357,0.9136341436591277,-0.36703202313304695,-0.3181757409006776,1.5483508508224515,5.34,33.76,64.12,0.194,1.257,0.971,72.66104595999151,-26.692400214309586,-63.36780101204204,23.487553420851846,1,0,0,0,0
430,430,1777638155.8159993,4670.5599999999995,2.092125418250487,-0.0009077072346617143,-1.8053276652838868,-0.021289580623063742,1.926588656638843,1.0032163793991602,0.6244668028279817,-0.582486771779404,0.9139270374417521,-0.3675402808362965,-0.31817942025092083,1.548223317150712,5.34,33.76,64.12,0.194,1.257,0.971,72.66104595999151,-26.709437177669404,-63.357035206132814,23.497226549977743,1,0,0,0,0
431,431,1777638155.8187215,4670.568,2.0915102020895247,-0.0012632326011301487,-1.8054029986974847,-0.0211763653556174,1.9268376123839457,1.003618917777993,0.6239632199842993,-0.5825461098636324,0.9142019056376369,-0.36805996211962394,-0.3181704240776106,1.5480038980490847,5.34,33.76,64.12,0.194,1.257,0.971,72.66104595999151,-26.73244413162387,-63.343911190932126,23.506444771273102,1,0,0,0,0
432,432,1777638155.822073,4670.576,2.0908945750471344,-0.0016189465667144631,-1.8054776405886326,-0.02106336655069363,1.927087063598627,1.0040217554630186,0.6234912914264192,-0.5825928735328447,0.9144949510065473,-0.36855519242093837,-0.31818091453094216,1.5478633896835456,5.34,33.76,64.12,0.194,1.257,0.971,72.66104595999151,-26.75006836616794,-63.333211442033075,23.51522423546227,1,0,0,0,0
433,433,1777638155.8292542,4670.584,2.0902785372476442,-0.0019748485723614095,-1.8055515909366324,-0.020950584318799592,1.9273370104517518,1.0044248922260384,0.6229898277909458,-0.5826186112402432,0.9148190508817489,-0.3691407403974697,-0.3181732204418268,1.5476747370911002,5.34,33.76,64.12,0.194,1.257,0.971,72.66104595999151,-26.772301702927283,-63.31968252811692,23.526352587384224,1,0,0,0,0
434,434,1777638155.8363447,4670.592,2.0896620888168416,-0.0023309380590070816,-1.8056248497207408,-0.020838018770204414,1.9275874531108879,1.0048283278381398,0.6225332846412858,-0.5826730401310503,0.9150894367053921,-0.3696206713972319,-0.318181719855799,1.5475106983735742,5.34,33.76,64.12,0.194,1.257,0.971,72.66104595999151,-26.791128159256193,-63.308688567747375,23.534506661204595,1,0,0,0,0
435,435,1777638155.8387883,4670.592,2.0896620888168416,-0.0023309380590070816,-1.8056248497207408,-0.020838018770204414,1.9275874531108879,1.0048283278381398,0.6225332846412858,-0.5826730401310503,0.9150894367053921,-0.3696206713972319,-0.318181719855799,1.5475106983735742,4.55,33.68,63.06,0.134,1.309,0.989,71.63524621302003,-27.112433022081937,-62.272008956731014,22.775455563301747,0,1,0,0,0
436,436,1777638155.844233,4670.599999999999,2.089045229881974,-0.0026872144675849086,-1.8056974169201752,-0.020725670014936526,1.9278383917423034,1.0052320620696977,0.6220412723544586,-0.5827075752242326,0.9154144891824632,-0.3701383352855265,-0.31824754502339214,1.5473268466468075,4.55,33.68,63.06,0.134,1.309,0.989,71.63524621302003,-27.132740112684747,-62.2612672102481,22.78063913395743,1,0,0,0,0
437,437,1777638155.8508208,4670.608,2.088427960571754,-0.003043677239024767,-1.8057692925141122,-0.020613538162783662,1.928089826510963,1.0056360946903726,0.6215357316770551,-0.5827085652625065,0.9157213947140933,-0.37075155079607564,-0.31821543592656787,1.547164114114353,4.55,33.68,63.06,0.134,1.309,0.989,71.63524621302003,-27.153313961858533,-62.247550975874276,22.793605208362095,1,0,0,0,0
438,438,1777638155.858882,4670.616,2.087810281016362,-0.0034003258142556447,-1.8058404764816887,-0.02050162332328931,1.928341757580524,1.0060404254691102,0.6210627046181666,-0.5827665309092552,0.9160030432732852,-0.3712156867643342,-0.31816238571918987,1.5469851508665187,4.55,33.68,63.06,0.134,1.309,0.989,71.63524621302003,-27.17231329428993,-62.23540434126529,22.80412981712243,1,0,0,0,0
439,439,1777638155.8653293,4670.624,2.0871921913474494,-0.0037571596342100833,-1.805910968802003,-0.02038992560575892,1.928594185113333,1.0064450541741408,0.6205461184353344,-0.5828237385501648,0.9163317386684017,-0.37175196457692816,-0.31811861281574116,1.546732832325411,4.55,33.68,63.06,0.134,1.309,0.989,71.63524621302003,-27.197088440958222,-62.220731650071635,22.814631999321595,1,0,0,0,0
440,440,1777638155.8728988,4670.632,2.086573691698142,-0.004114178139824176,-1.8059807694541146,-0.02027844511925192,1.9288471092704222,1.006849980572979,0.6200530894797959,-0.582809074558969,0.9166604487032955,-0.37236574359334657,-0.31807105984172923,1.5466050393751993,4.55,33.68,63.06,0.134,1.309,0.989,71.63524621302003,-27.215494040910563,-62.20743033246016,22.828950819984627,1,0,0,0,0
441,441,1777638155.8855946,4670.639999999999,2.0859547822030433,-0.004471380772042011,-1.806049878417043,-0.020167181972586157,1.9291005302115063,1.0072552044324228,0.6195495972940076,-0.582837520152146,0.91699915938596,-0.37293184167816196,-0.31810029211201996,1.5464378038209179,4.55,33.68,63.06,0.134,1.309,0.989,71.63524621302003,-27.23556628750957,-62.1955394866033,22.8374100319857,1,0,0,0,0
442,442,1777638155.8869092,4670.648,2.0853354629982377,-0.004828766971817444,-1.806118295669771,-0.020056136274335223,1.929354448094978,1.007660725518554,0.6190967263072571,-0.5828467710556394,0.9173103863004839,-0.3734226338597413,-0.3180598566224764,1.5462638945685627,4.55,33.68,63.06,0.134,1.309,0.989,71.63524621302003,-27.254708832972863,-62.18330735650293,22.8478802657174,1,0,0,0,0
443,443,1777638155.8939922,4670.656,2.0847157342212936,-0.005186336180117657,-1.8061860211912446,-0.01994530813283024,1.9296088630779051,1.008066543596736,0.6186366189860295,-0.5828723984266977,0.9175924134129553,-0.3739319289671234,-0.31808035058373557,1.54614920771654,4.55,33.68,63.06,0.134,1.309,0.989,71.63524621302003,-27.270549085810988,-62.1732545801534,22.856335390210884,1,0,0,0,0
444,444,1777638155.903353,4670.664,2.084095596011267,-0.0055440878379222625,-1.8062530549603721,-0.019834697656154532,1.9298637753160273,1.008472658431615,0.6180777148173242,-0.5828710518735134,0.9179583353650541,-0.3746190668137964,-0.3180503254126504,1.5459011438877388,4.55,33.68,63.06,0.134,1.309,0.989,71.63524621302003,-27.297642783684314,-62.15654040301183,22.869448694341653,1,0,0,0,0
445,445,1777638155.9086738,4670.672,2.0834750485087046,-0.005902021386230416,-1.8063193969560247,-0.01972430495214894,1.9301191849637513,1.0088790697871188,0.6175945644914952,-0.5829478093476195,0.918227284508625,-0.37516770200796906,-0.3180207835108991,1.545730255908716,4.55,33.68,63.06,0.134,1.309,0.989,71.63524621302003,-27.31759038231965,-62.143661958381436,22.880625736771528,1,0,0,0,0
446,446,1777638155.9161568,4670.679999999999,2.082854091855647,-0.0062601362660617,-1.8063850471570406,-0.019614130128407403,1.930375092174149,1.0092857774264554,0.6171149604396464,-0.5828870350514781,0.91858142210098,-0.3757840481473343,-0.3179492950535772,1.5456387159966838,4.55,33.68,63.06,0.134,1.309,0.989,71.63524621302003,-27.333772296057777,-62.130589529098465,22.89679533982744,1,0,0,0,0
447,447,1777638155.9236128,4670.688,2.082232726195632,-0.006618431918456125,-1.80645000554222,-0.019504173292278715,1.9306314970989522,1.009692781112114,0.6166056809177403,-0.5828434583504012,0.9189550280302277,-0.3764204876583651,-0.3179567758399319,1.5454797003754601,4.55,33.68,63.06,0.134,1.309,0.989,71.63524621302003,-27.35451285856967,-62.11730727320656,22.908061100765053,1,0,0,0,0
448,448,1777638155.9306774,4670.696,2.081610951673699,-0.006976907784479458,-1.8065142720903289,-0.019394434550865647,1.9308883998885502,1.010100080605863,0.6161799694815758,-0.5829067686786494,0.9192077321651464,-0.37689490719303476,-0.3179609344653039,1.5453618887447336,4.55,33.68,63.06,0.134,1.309,0.989,71.63524621302003,-27.36992585167339,-62.10739004029907,22.916539033110112,1,0,0,0,0
449,449,1777638155.9377868,4670.704,2.0809887684363892,-0.007335563305226778,-1.8065778467800993,-0.019284914011021392,1.931145800691986,1.0105076756687512,0.6156836779579817,-0.5829255747061934,0.9195056710738444,-0.3774352996205483,-0.31789768417041325,1.545179942941314,4.55,33.68,63.06,0.134,1.309,0.989,71.63524621302003,-27.390383064011633,-62.093711360149854,22.929161021047,1,0,0,0,0
450,450,1777638155.9446082,4670.7119999999995,2.0803661766317525,-0.007694397921821583,-1.806640729590229,-0.019175611779354895,1.9314036996569524,1.0109155660611053,0.6151557477330942,-0.5829491745432807,0.9198402959468576,-0.37801005218968026,-0.3178959629154789,1.5449438806871645,4.55,33.68,63.06,0.134,1.309,0.989,71.63524621302003,-27.41480412379217,-62.07953954346873,22.93834747589748,1,0,0,0,0
451,451,1777638155.9515905,4670.719999999999,2.0797431764093477,-0.008053411075421124,-1.806702920499382,-0.019066527962224633,1.9316620969297889,1.0113237515425306,0.6147595482130661,-0.5830201009770959,0.920067055158002,-0.37841012561744247,-0.3179677931394333,1.544842678078943,4.55,33.68,63.06,0.134,1.309,0.989,71.63524621302003,-27.42795341536663,-62.072483605784996,22.94172291816875,1,0,0,0,0
452,452,1777638155.9607413,4670.728,2.079119767920248,-0.00841260220721729,-1.80676441948619,-0.018957662665743946,1.9319209926554777,1.0117322318719104,0.6142894174940131,-0.583046256536303,0.9203717225960399,-0.3789113602450796,-0.3179653206669207,1.5447267922547407,4.55,33.68,63.06,0.134,1.309,0.989,71.63524621302003,-27.44369490249811,-62.062038878518926,22.951153355328422,1,0,0,0,0
453,453,1777638155.968929,4670.736,2.078495951317044,-0.008771970758439274,-1.8068252265292504,-0.01884901599577482,1.9321803869776406,1.0121410068074053,0.6138386709554722,-0.5831380500744454,0.9206100505619749,-0.3793300256666349,-0.3179310813178151,1.5444869143768594,4.55,33.68,63.06,0.134,1.309,0.989,71.63524621302003,-27.46564496758198,-62.04958169020491,22.95857701568907,1,0,0,0,0
454,454,1777638155.9747531,4670.744,2.0778717267538447,-0.0091315161703589,-1.8068853416071313,-0.01874058805793144,1.9324402800385352,1.0125500761064525,0.6133621641694665,-0.583110885415066,0.9209575190101306,-0.3799344467909074,-0.31787903347896024,1.5443941786938813,4.55,33.68,63.06,0.134,1.309,0.989,71.63524621302003,-27.481693276271386,-62.03701514881823,22.973327710504606,1,0,0,0,0
455,455,1777638155.980358,4670.7519999999995,2.0772470943862826,-0.009491237884289738,-1.8069447646983674,-0.018632378957580187,1.9327006719790514,1.0129594395257655,0.6129001216010561,-0.5831880693277546,0.9212136294050717,-0.38039603931548066,-0.3178610496186757,1.5442158247511437,4.55,33.68,63.06,0.134,1.309,0.989,71.63524621302003,-27.500590652236458,-62.025523143812165,22.98174259090343,1,0,0,0,0
456,456,1777638155.9829342,4670.7519999999995,2.0772470943862826,-0.009491237884289738,-1.8069447646983674,-0.018632378957580187,1.9327006719790514,1.0129594395257655,0.6129001216010561,-0.5831880693277546,0.9212136294050717,-0.38039603931548066,-0.3178610496186757,1.5442158247511437,4.32,33.66,62.43,0.105,1.313,1.004,71.05746195861487,-27.592161426897533,-61.403551240668676,22.74729484634607,0,1,0,0,0
457,457,1777638155.987814,4670.76,2.0766220543715175,-0.009851135341590656,-1.807003495781462,-0.018524388799833424,1.9329615629387078,1.0133690968213338,0.6123675656119669,-0.5831710417380199,0.9215827723891316,-0.38104518966285367,-0.3179347101542373,1.5440346764158661,4.32,33.66,62.43,0.105,1.313,1.004,71.05746195861487,-27.614273079067317,-61.39092305361919,22.754546555343715,1,0,0,0,0
458,458,1777638155.9946756,4670.768,2.0759966068682383,-0.010211207983670256,-1.8070615348348884,-0.01841661768955749,1.9332229530556484,1.0137790477484219,0.6119097172899932,-0.5831957789466066,0.9218813546168927,-0.38156329886283824,-0.3179023162450308,1.543920972434566,4.32,33.66,62.43,0.105,1.313,1.004,71.05746195861487,-27.629979892914967,-61.37970518805246,22.765739657320147,1,0,0,0,0
459,459,1777638156.081487,4670.776,2.0753707520366667,-0.010571455251985995,-1.8071188818370887,-0.01830906573136737,1.9334848424666387,1.0141892920615692,0.6113628371513495,-0.5831638550452061,0.9222441916324307,-0.38225396405743856,-0.31784892124729947,1.5437198541010035,4.32,33.66,62.43,0.105,1.313,1.004,71.05746195861487,-27.653931282832875,-61.363461703889776,22.78044232054348,1,0,0,0,0
460,460,1777638156.081693,4670.784,2.0747444900385608,-0.010931876588050393,-1.8071755367664757,-0.018201733029626688,1.9337472313070627,1.0145998295145893,0.6108731759148379,-0.5831939916018358,0.9225531450268606,-0.38277730052260384,-0.31781343663084993,1.543537539891728,4.32,33.66,62.43,0.105,1.313,1.004,71.05746195861487,-27.673904957514473,-61.35059343901861,22.79084397477858,1,0,0,0,0
461,461,1777638156.0848036,4670.7919999999995,2.0741178210372175,-0.01129247143343104,-1.8072314996014338,-0.018094619688446834,1.9340101197109187,1.0150106598605693,0.6104192870632436,-0.5832152510774544,0.9228484849590531,-0.38328547406496505,-0.3178522655080858,1.5434458020266872,4.32,33.66,62.43,0.105,1.313,1.004,71.05746195861487,-27.68813925901849,-61.34141047979699,22.798271967898163,1,0,0,0,0
462,462,1777638156.0848768,4670.8,2.0734907451974767,-0.011653239229755918,-1.8072867703203155,-0.01798772581169139,1.9342735078108164,1.0154217828518697,0.6099173047513134,-0.5832248633171512,0.9231892800177581,-0.38389155497776134,-0.3178125263208123,1.5432489831568488,4.32,33.66,62.43,0.105,1.313,1.004,71.05746195861487,-27.71039257692309,-61.3268354472578,22.81044272384401,1,0,0,0,0
463,463,1777638156.0849218,4670.808,2.0728632626857233,-0.012014179418711635,-1.8073413489014483,-0.01788105150296726,1.934537395737973,1.015833198240124,0.6093964425804743,-0.5832173215787191,0.9235251106467861,-0.3845222111682389,-0.3178285940727151,1.543077699435247,4.32,33.66,62.43,0.105,1.313,1.004,71.05746195861487,-27.73153467708477,-61.313536904941266,22.820496853926073,1,0,0,0,0
464,464,1777638156.0882556,4670.816,2.072235373669892,-0.012375291442052294,-1.8073952353231286,-0.01777459686563354,1.9348017836222098,1.0162449057762382,0.6089403550465832,-0.5832400098820008,0.9238119270666908,-0.38500974426752016,-0.31778128811662915,1.542926365305453,4.32,33.66,62.43,0.105,1.313,1.004,71.05746195861487,-27.74899520858848,-61.301649044930606,22.831206478981585,1,0,0,0,0
465,465,1777638156.088349,4670.824,2.071607078319469,-0.012736574741594175,-1.8074484295636273,-0.017668362002794424,1.9350666715919487,1.016656905210389,0.60844291437572,-0.5832838220438847,0.924123358387121,-0.38553926052245696,-0.31780644820707227,1.5427446200002086,4.32,33.66,62.43,0.105,1.313,1.004,71.05746195861487,-27.769059764209015,-61.289877599153186,22.838413335707223,1,0,0,0,0
466,466,1777638156.0911403,4670.831999999999,2.070978376805496,-0.013098028759226388,-1.8075009316011865,-0.017562347017303637,1.9353320597742087,1.0170691962920253,0.6079732625601995,-0.5832837940781741,0.9244529601928961,-0.3861007047214473,-0.3178105507074915,1.5426581037814548,4.32,33.66,62.43,0.105,1.313,1.004,71.05746195861487,-27.783847841779558,-61.27926479002786,22.84890382268904,1,0,0,0,0
467,467,1777638156.0912712,4670.84,2.0703492693005727,-0.013459652936909094,-1.8075527414140211,-0.017456552011759108,1.9355979482946026,1.0174817787698662,0.6075060566694589,-0.5833237679865045,0.9247432619259109,-0.38659550144630267,-0.3178392788173665,1.5424970527463358,4.32,33.66,62.43,0.105,1.313,1.004,71.05746195861487,-27.802059662418376,-61.26855412913246,22.85547316186856,1,0,0,0,0
468,468,1777638156.0940099,4670.848,2.0697197559788614,-0.01382144671667529,-1.807603858980321,-0.0173509770885083,1.935864337277333,1.0178946523919017,0.6069954634901618,-0.583346263397282,0.9250921651010517,-0.387204882675307,-0.3178557837454335,1.542323313656597,4.32,33.66,62.43,0.105,1.313,1.004,71.05746195861487,-27.822975706224184,-61.25552018108938,22.864955066542567,1,0,0,0,0
469,469,1777638156.0959418,4670.856,2.0690898370160884,-0.014183409540637903,-1.8076542842782484,-0.017245622349643774,1.936131226845189,1.0183078169053912,0.6065117562831788,-0.5834320520355646,0.9253742951693534,-0.3876683795207632,-0.31784210267159474,1.5420988667767779,4.32,33.66,62.43,0.105,1.313,1.004,71.05746195861487,-27.84448887324843,-61.24305565161422,22.872154988999768,1,0,0,0,0
470,470,1777638156.0992467,4670.864,2.068459512589548,-0.01454554085098625,-1.8077040172859427,-0.017140487897004952,1.936398617119543,1.0187212720568635,0.6059848266109662,-0.5833801146702603,0.9257291766302852,-0.3883614149630443,-0.3177603000538071,1.5419797373394248,4.32,33.66,62.43,0.105,1.313,1.004,71.05746195861487,-27.863435340945518,-61.227928244626476,22.889575659496636,1,0,0,0,0
471,471,1777638156.099433,4670.871999999999,2.0678287828781063,-0.014907840089994018,-1.8077530579815129,-0.01703557383217813,1.9366665082203471,1.0191350175921159,0.6054961253226023,-0.5833683387701097,0.9260602888196685,-0.3889440517912517,-0.3177806019493295,1.5418276979850538,4.32,33.66,62.43,0.105,1.313,1.004,71.05746195861487,-27.882569728343398,-61.21584935735728,22.898580584861723,1,0,0,0,0
472,472,1777638156.0995443,4670.88,2.0671976480622027,-0.015270306700021052,-1.8078014063430485,-0.01693088025649292,1.9369349002661296,1.019549053256215,0.6050102290607795,-0.5833488744192923,0.9263864528211437,-0.38953714109892373,-0.3177364923239468,1.54169931046957,4.32,33.66,62.43,0.105,1.313,1.004,71.05746195861487,-27.9004034845058,-61.20283039689936,22.9116550430157,1,0,0,0,0
473,473,1777638156.1060987,4670.888,2.066566108323855,-0.015632940123512462,-1.8078490623486108,-0.016826407271028465,1.937203793373991,1.0199633787934945,0.6044971396420494,-0.5833505534297786,0.9267431800293824,-0.3901820827836879,-0.3176787441007292,1.5415515228739263,4.32,33.66,62.43,0.105,1.313,1.004,71.05746195861487,-27.920286274099308,-61.18829082209626,22.926263992262477,1,0,0,0,0
474,474,1777638156.113003,4670.896,2.065934163846661,-0.015995739803005726,-1.8078960259762393,-0.016722154976604564,1.9374731876596012,1.0203779939475561,0.6040068485249285,-0.5834109407789011,0.9269925814180816,-0.390656285540691,-0.31761302880497094,1.5413514593933482,4.32,33.66,62.43,0.105,1.313,1.004,71.05746195861487,-27.940452989657416,-61.17512041745045,22.936839988175795,1,0,0,0,0
475,475,1777638156.1199126,4670.9039999999995,2.0653018148158027,-0.016358705181129807,-1.8079422972039483,-0.016618123473791435,1.9377430832371958,1.0207928984612678,0.6034946415607708,-0.5834360966805985,0.9273277481773101,-0.3912275311885173,-0.31764349687089644,1.541128542249306,4.32,33.66,62.43,0.105,1.313,1.004,71.05746195861487,-27.963701188809576,-61.16184585712544,22.943908280242837,1,0,0,0,0
476,476,1777638156.1262608,4670.911999999999,2.0646690614180483,-0.016721835700611365,-1.8079878760097294,-0.016514312862900837,1.9380134802195728,1.0212080920767648,0.6030162582286969,-0.5835387763571973,0.9275939280876145,-0.3916997734625912,-0.31763378876407117,1.5409164578151902,4.32,33.66,62.43,0.105,1.313,1.004,71.05746195861487,-27.984589383838205,-61.14955440295809,22.95120156631537,1,0,0,0,0
477,477,1777638156.12723,4670.911999999999,2.0646690614180483,-0.016721835700611365,-1.8079878760097294,-0.016514312862900837,1.9380134802195728,1.0212080920767648,0.6030162582286969,-0.5835387763571973,0.9275939280876145,-0.3916997734625912,-0.31763378876407117,1.5409164578151902,4.92,33.57,63.11,0.137,1.272,1.005,71.65209975988142,-27.621559061617948,-61.81091548756645,23.462386954324764,0,1,0,0,0
478,478,1777638156.1317394,4670.92,2.064035903841757,-0.017085130804273874,-1.8080327623715506,-0.016410723243989622,1.9382843787180888,1.0216235745354476,0.6025265972601155,-0.5835132408393634,0.9279480101987101,-0.3922912517610927,-0.3176527837097495,1.540755236948301,4.92,33.57,63.11,0.137,1.272,1.005,71.65209975988142,-27.641702566514738,-61.798332320877606,23.471808655975053,1,0,0,0,0
479,479,1777638156.1389568,4670.928,2.0634023422768806,-0.017448589935042058,-1.8080769562673584,-0.0163073547168624,1.9385557788426557,1.0220393455779828,0.6020671699171845,-0.5836579789086354,0.9281946608553893,-0.39269902339287144,-0.3177085254816265,1.5405714169066043,4.92,33.57,63.11,0.137,1.272,1.005,71.65209975988142,-27.660086202845353,-61.78895448883942,23.474840455843253,1,0,0,0,0
480,480,1777638156.1464767,4670.936,2.062768376914967,-0.01781221253594545,-1.8081204576750753,-0.01620420738106354,1.9388276807017373,1.0224554049443022,0.6015653291261802,-0.5836016167744292,0.9285257386410934,-0.3933386569367976,-0.31756883634102345,1.5404697241000975,4.92,33.57,63.11,0.137,1.272,1.005,71.65209975988142,-27.677285250103488,-61.77364325416732,23.494856464581176,1,0,0,0,0
481,481,1777638156.152951,4670.9439999999995,2.062134007949164,-0.01817599805011927,-1.8081632665726044,-0.016101281335886952,1.9391000844023456,1.0228717523736017,0.6010776740064498,-0.5836789978525029,0.9288277246496153,-0.393862984920347,-0.3175671092603225,1.540230014582376,4.92,33.57,63.11,0.137,1.272,1.005,71.65209975988142,-27.701071890678932,-61.76000690004308,23.502671418672143,1,0,0,0,0
482,482,1777638156.160255,4670.952,2.061499235574221,-0.018539945920807988,-1.8082053829378255,-0.015998576680367194,1.9393729900500378,1.0232883876043422,0.6006621303038518,-0.583728309550315,0.9290776179811677,-0.3942748204541567,-0.3176175102442547,1.5401296815989636,4.92,33.57,63.11,0.137,1.272,1.005,71.65209975988142,-27.71438218136399,-61.752247037630795,23.507369187314694,1,0,0,0,0
483,483,1777638156.1676447,4670.96,2.0608640599864945,-0.018904055591368873,-1.8082468067485973,-0.015896093513284804,1.9396463977489127,1.0237053103742475,0.6001812481634824,-0.5838081736504424,0.9293492638967424,-0.39479143543368966,-0.3176548706948152,1.5399241513730475,4.92,33.57,63.11,0.137,1.272,1.005,71.65209975988142,-27.735954998656972,-61.74026089272382,23.513408625949403,1,0,0,0,0
484,484,1777638156.1791027,4670.968,2.0602284813839487,-0.019268326505271993,-1.8082875379827588,-0.015793831933163638,1.939920307601607,1.0241225204203053,0.5997002851628591,-0.5838286557512737,0.9296511691020595,-0.395342548344062,-0.3175919934479795,1.5397905849537108,4.92,33.57,63.11,0.137,1.272,1.005,71.65209975988142,-27.75362965301621,-61.72722593043918,23.526772409655656,1,0,0,0,0
485,485,1777638156.1819937,4670.976,2.05959249996616,-0.01963275810610643,-1.8083275766181277,-0.015691792038271757,1.940194719709292,1.0245400174787658,0.5991918519245572,-0.5838097637817397,0.9299858075303586,-0.3959354817273725,-0.3175785418011884,1.5396391763354105,4.92,33.57,63.11,0.137,1.272,1.005,71.65209975988142,-27.77315337657306,-61.7141354259508,23.538072141718708,1,0,0,0,0
486,486,1777638156.1893642,4670.9839999999995,2.058956115934319,-0.01999734983758028,-1.8083669226325014,-0.015589973926621425,1.9404696341716703,1.0249578012851417,0.5987153989884378,-0.583858274424635,0.9303123762694835,-0.3964731950292248,-0.3175741820731577,1.5394361988556957,4.92,33.57,63.11,0.137,1.272,1.005,71.65209975988142,-27.794895504862755,-61.70099733194458,23.54684930340208,1,0,0,0,0
487,487,1777638156.2019262,4670.992,2.058319329491235,-0.020362101143525102,-1.8084055760036586,-0.015488377695968225,1.9407450510869724,1.0253758715742078,0.5981623873174449,-0.5838633241161126,0.9306455926577556,-0.3971419739024163,-0.3175199911444201,1.5392445878624992,4.92,33.57,63.11,0.137,1.272,1.005,71.65209975988142,-27.818163272665192,-61.684969436082994,23.561361119528893,1,0,0,0,0
488,488,1777638156.2072926,4671.0,2.057682140841339,-0.020727011467896794,-1.8084435367093574,-0.015387003443811942,1.941020970551953,1.0257942280800005,0.5977086042767904,-0.5838546808088635,0.930946388106458,-0.39766378547270814,-0.3175130112120398,1.5391107490532185,4.92,33.57,63.11,0.137,1.272,1.005,71.65209975988142,-27.835376888647254,-61.67352003091533,23.571001685614654,1,0,0,0,0
489,489,1777638156.2120833,4671.008,2.057044550190684,-0.02109208025478093,-1.8084808047273384,-0.01528585126739479,1.941297392661888,1.0262128705358171,0.5971898059637704,-0.5839109862022219,0.9312617953958766,-0.39819674015168166,-0.31752068635811365,1.5388831848438518,4.92,33.57,63.11,0.137,1.272,1.005,71.65209975988142,-27.85854433758959,-61.660153625165805,23.5785996681632,1,0,0,0,0
490,490,1777638156.2187228,4671.016,2.0564065577469526,-0.02145730694839365,-1.8085173800353207,-0.015184921263704965,1.9415743175105704,1.0266317986742153,0.5966611782900727,-0.5839719598434236,0.9315676967019345,-0.39875033940855703,-0.31747341721466693,1.5386448605921688,4.92,33.57,63.11,0.137,1.272,1.005,71.65209975988142,-27.882687856224525,-61.64508787150015,23.589452287566445,1,0,0,0,0
491,491,1777638156.2250712,4671.023999999999,2.0557681637194563,-0.02182269099308254,-1.8085532626110083,-0.015084213529472201,1.941851745190308,1.0270510122270136,0.5961894709263924,-0.5839939449645406,0.9318594639516589,-0.3992648593709356,-0.3174345227474384,1.5384518613553417,4.92,33.57,63.11,0.137,1.272,1.005,71.65209975988142,-27.90337740425374,-61.631800751425416,23.59970477722925,1,0,0,0,0
492,492,1777638156.232763,4671.032,2.05512936831914,-0.022188231833334626,-1.8085884524320859,-0.014983728161171328,1.9421296757919186,1.02747051092529,0.5957415868874488,-0.58404200606673,0.9321373182426117,-0.3997173238017001,-0.3174689787780431,1.5383435754482233,4.92,33.57,63.11,0.137,1.272,1.005,71.65209975988142,-27.917844030534624,-61.62285616552322,23.60595227246676,1,0,0,0,0
493,493,1777638156.2393498,4671.04,2.054490171758586,-0.0225539289137755,-1.80862294947622,-0.014883465255017825,1.9424081094047283,1.0278902944993817,0.5952650806437771,-0.5840680362956392,0.9324470958262588,-0.40028434521888245,-0.31744431039400584,1.5382010915814905,4.92,33.57,63.11,0.137,1.272,1.005,71.65209975988142,-27.93634294338146,-61.61010273776337,23.617353441739,1,0,0,0,0
494,494,1777638156.2488706,4671.048,2.053850574252015,-0.022919781679169304,-1.808656753721058,-0.014783424906974041,1.9426870461165666,1.0283103626788852,0.594786930474249,-0.5840606003546884,0.9327653965581811,-0.4008488763534322,-0.3174321555229362,1.5380369186161198,4.92,33.57,63.11,0.137,1.272,1.005,71.65209975988142,-27.95613513988978,-61.59716948189904,23.62766640737984,1,0,0,0,0
495,495,1777638156.2538214,4671.056,2.05321057601529,-0.023285789574430282,-1.8086898651442347,-0.014683607212744754,1.9429664860137636,1.0287307151926552,0.5942916853678539,-0.5840528398228462,0.9330907738593786,-0.4014063733090565,-0.31742190868089937,1.5378934761101444,4.92,33.57,63.11,0.137,1.272,1.005,71.65209975988142,-27.974532972088003,-61.58483506343477,23.638041272556762,1,0,0,0,0
496,496,1777638156.2610965,4671.063999999999,2.0525701772659204,-0.023651952044614788,-1.8087222837233643,-0.014584012267778057,1.943246429181147,1.029151351768805,0.5937986775764589,-0.5840381303967257,0.9334504929273071,-0.40201627388514527,-0.3174134348210936,1.537700287497432,4.92,33.57,63.11,0.137,1.272,1.005,71.65209975988142,-27.996882865467835,-61.570602060960226,23.64865559959284,1,0,0,0,0
497,497,1777638156.2684162,4671.072,2.0519293782230634,-0.02401826853493194,-1.8087540094360453,-0.014484640167264473,1.943526875702038,1.0295722721347047,0.5933561145893822,-0.5840340637492166,0.9337456904161675,-0.40257754473691615,-0.31741629507034275,1.537661424314111,4.92,33.57,63.11,0.137,1.272,1.005,71.65209975988142,-28.008936080330958,-61.560745705390964,23.660039895235194,1,0,0,0,0
498,498,1777638156.2710817,4671.072,2.0519293782230634,-0.02401826853493194,-1.8087540094360453,-0.014484640167264473,1.943526875702038,1.0295722721347047,0.5933561145893822,-0.5840340637492166,0.9337456904161675,-0.40257754473691615,-0.31741629507034275,1.537661424314111,5.21,33.47,63.52,0.13,1.24,1.014,71.98732805153973,-27.78801327063735,-61.96279254919829,23.88752934013681,0,1,0,0,0
499,499,1777638156.2757177,4671.08,2.051288179107528,-0.024384738490744517,-1.8087850422598617,-0.014385491006139617,1.9438078256582487,1.0299934760169824,0.5928326044609161,-0.5840513485089488,0.9340995974941638,-0.40315771416988433,-0.3173606315930682,1.5374053619872694,5.21,33.47,63.52,0.13,1.24,1.014,71.98732805153973,-27.81386367988989,-61.94666805119129,23.899261590099766,1,0,0,0,0
500,500,1777638156.282843,4671.088,2.0506465801417773,-0.024751361357568946,-1.80881538217238,-0.014286564879083308,1.944089279130078,1.030414963141523,0.5923156217317821,-0.5840913268716387,0.9344145251889033,-0.40372102545464567,-0.3173189712675851,1.5372152663750824,5.21,33.47,63.52,0.13,1.24,1.014,71.98732805153973,-27.83535569972382,-61.93252135230759,23.910900694365665,1,0,0,0,0
501,501,1777638156.2901535,4671.096,2.0500045815499326,-0.02511813658108064,-1.8088450291511506,-0.014187861880516905,1.9443712361963081,1.0308367332334671,0.5918684048441372,-0.5840136884241245,0.934759465995769,-0.4043337983701423,-0.3172857768598677,1.5371497787509725,5.21,33.47,63.52,0.13,1.24,1.014,71.98732805153973,-27.85002245602047,-61.92042417208921,23.92514826595034,1,0,0,0,0
502,502,1777638156.4087312,4671.103999999999,2.0493621835577756,-0.025485063607116665,-1.8088739831737106,-0.01408938210460775,1.944653696934203,1.0312587860172127,0.5913876868751233,-0.5841146523233436,0.9350405790523189,-0.404791121379863,-0.3172461193863222,1.5368920946918134,5.21,33.47,63.52,0.13,1.24,1.014,71.98732805153973,-27.873837989511326,-61.90657773057756,23.933244439950727,1,0,0,0,0
503,503,1777638156.4087837,4671.112,2.0487193863927513,-0.025852141881677504,-1.8089022442175802,-0.013991125645264724,1.9449366614195027,1.0316811212164119,0.5908608440166807,-0.5840171216199409,0.9354324940000093,-0.4054961323309118,-0.31714545430218727,1.5367875453530815,5.21,33.47,63.52,0.13,1.24,1.014,71.98732805153973,-27.89246728882743,-61.890719412813574,23.95254723627683,1,0,0,0,0
504,504,1777638156.4088187,4671.12,2.048076190283971,-0.026219370850930623,-1.8089298122602662,-0.013893092596142687,1.9452201297264218,1.0321037385539733,0.590389056437442,-0.5840538637300084,0.9357174896769788,-0.40600624633629306,-0.3171854441223181,1.5365948154803863,5.21,33.47,63.52,0.13,1.24,1.014,71.98732805153973,-27.913240880621295,-61.87905440124282,23.95848513467498,1,0,0,0,0
505,505,1777638156.4102657,4671.128,2.0474325954622157,-0.02658674996121313,-1.8089566872792613,-0.013795283050638929,1.9455041019276444,1.0325266377520599,0.5899162591527803,-0.5841282168274916,0.9360079280419882,-0.40645689943366914,-0.31717802608465845,1.5363714093365621,5.21,33.47,63.52,0.13,1.24,1.014,71.98732805153973,-27.934837859064828,-61.86670762250926,23.965198136854838,1,0,0,0,0
506,506,1777638156.4103107,4671.1359999999995,2.046788602159939,-0.026954278659034436,-1.8089828692520422,-0.013697697101895834,1.9457885780943227,1.0329498185320884,0.5894011048602101,-0.5840693851657802,0.9363644278073556,-0.407138715473594,-0.3171777740804806,1.5362769423593923,5.21,33.47,63.52,0.13,1.24,1.014,71.98732805153973,-27.952502330031024,-61.85351529519764,23.97865006868323,1,0,0,0,0
507,507,1777638156.4103413,4671.144,2.04614421061127,-0.02732195639107804,-1.8090083581560732,-0.013600334842799988,1.946073558296072,1.0333732806147307,0.5889475345812245,-0.5840230929074564,0.936695104271476,-0.4077257184245513,-0.31711298480487027,1.5361852300009784,5.21,33.47,63.52,0.13,1.24,1.014,71.98732805153973,-27.968306133492387,-61.84058395921381,23.993570547267,1,0,0,0,0
508,508,1777638156.4114196,4671.152,2.045499421052016,-0.02768978260420596,-1.8090331539688043,-0.013503196365983072,1.9463590426009683,1.0337970237199112,0.5884275267181975,-0.5841008723533198,0.936976242646295,-0.4082377592602479,-0.31713705329931857,1.5358981267581315,5.21,33.47,63.52,0.13,1.24,1.014,71.98732805153973,-27.994905813482905,-61.826493870292154,23.998860477134023,1,0,0,0,0
509,509,1777638156.411456,4671.16,2.044854233719665,-0.028057756745461404,-1.809057256667674,-0.013406281763819194,1.946645031075545,1.0342210475668088,0.5879499192805575,-0.5841510152469402,0.9372660522126993,-0.4087425788941699,-0.3171358472072583,1.5357154956307215,5.21,33.47,63.52,0.13,1.24,1.014,71.98732805153973,-28.014921625849343,-61.8142517788108,24.0070373708066,1,0,0,0,0
510,510,1777638156.4115162,4671.168,2.04420864885339,-0.028425878262070547,-1.8090806662301047,-0.013309591128427556,1.9469315237847895,1.0346453518738543,0.5874287330164744,-0.5842000467548846,0.9375841137585548,-0.40931489508197855,-0.31700566779419304,1.5354684609345313,5.21,33.47,63.52,0.13,1.24,1.014,71.98732805153973,-28.039989238011174,-61.79681134655358,24.022666607408187,1,0,0,0,0
511,511,1777638156.4115403,4671.1759999999995,2.0435626666940507,-0.028794146601445192,-1.8091033826335092,-0.013213124551674227,1.9472185207921395,1.0350699363587317,0.586954105357983,-0.5842407086902677,0.9378977744899366,-0.409827547935963,-0.3170383805823807,1.5353324950943037,5.21,33.47,63.52,0.13,1.24,1.014,71.98732805153973,-28.05728247357584,-61.78614936995789,24.029899005847398,1,0,0,0,0
512,512,1777638156.4126575,4671.184,2.0429162874841973,-0.02916256121118721,-1.8091254058552844,-0.013116882125167706,1.9475060221594802,1.0354948007383764,0.5864110883801822,-0.5842468514476054,0.9382477662801857,-0.4104584022418137,-0.31700793473189454,1.5350935811869022,5.21,33.47,63.52,0.13,1.24,1.014,71.98732805153973,-28.082922957353997,-61.76999234734405,24.041482557870218,1,0,0,0,0
513,513,1777638156.4140913,4671.192,2.042269511468073,-0.02953112153909032,-1.8091467358728188,-0.01302086394026336,1.9477940279471408,1.035919944728976,0.5859818527116311,-0.584276851379285,0.9385193177913669,-0.4109119511485115,-0.3170712720672938,1.534999207673068,5.21,33.47,63.52,0.13,1.24,1.014,71.98732805153973,-28.09664362407102,-61.76183465422007,24.04640923727969,1,0,0,0,0
514,514,1777638156.4177234,4671.2,2.0416223388916164,-0.02989982703314098,-1.8091673726634863,-0.012925070088060764,1.9480825382138915,1.036345368045969,0.585447059999513,-0.5842175251660593,0.938882114867988,-0.41160627733412175,-0.3169853710635925,1.5348143088654294,5.21,33.47,63.52,0.13,1.24,1.014,71.98732805153973,-28.120017150691996,-61.744638115009536,24.06324374416924,1,0,0,0,0
515,515,1777638156.4178252,4671.208,2.040974770002465,-0.030268677141526368,-1.8091873162046497,-0.012829500659406357,1.9483715530169399,1.0367710704040458,0.5849729077199319,-0.5843312571711261,0.9391474509999272,-0.4120329440436346,-0.31701064213593255,1.5345984601558897,5.21,33.47,63.52,0.13,1.24,1.014,71.98732805153973,-28.14072019437287,-61.733476527174105,24.0676783843157,1,0,0,0,0
516,516,1777638156.4179282,4671.215999999999,2.040326805049959,-0.030637671312629955,-1.8092065664736587,-0.012734155744891673,1.9486610724119278,1.0371970515171465,0.5844707285309703,-0.5842409579127463,0.9395317079109783,-0.4127595693503551,-0.31694224856749853,1.5345211991607015,5.21,33.47,63.52,0.13,1.24,1.014,71.98732805153973,-28.158033960730386,-61.718443310251935,24.08597680862397,1,0,0,0,0
517,517,1777638156.422279,4671.224,2.039678444285142,-0.031006808995043045,-1.809225123447856,-0.01263903543485334,1.9489510964529282,1.0376233110984616,0.584020604515497,-0.5842947748989993,0.9397974591392135,-0.41318003731320924,-0.31701335809506315,1.5343539267379782,5.21,33.47,63.52,0.13,1.24,1.014,71.98732805153973,-28.175663109624676,-61.709393422365544,24.088548561020495,1,0,0,0,0
518,518,1777638156.422401,4671.232,2.039029687960765,-0.03137608963755856,-1.809242987104568,-0.012544139819375744,1.9492416251924418,1.038049848860432,0.583565787154215,-0.5843159325133891,0.9400835149227998,-0.41369643056332267,-0.3169456561233126,1.5341852085386638,5.21,33.47,63.52,0.13,1.24,1.014,71.98732805153973,-28.194955077175358,-61.69582264741162,24.100733931878388,1,0,0,0,0
519,519,1777638156.422561,4671.232,2.039029687960765,-0.03137608963755856,-1.809242987104568,-0.012544139819375744,1.9492416251924418,1.038049848860432,0.583565787154215,-0.5843159325133891,0.9400835149227998,-0.41369643056332267,-0.3169456561233126,1.5341852085386638,5.13,33.51,63.6,0.121,1.239,1.002,72.07077771191317,-28.269612748523258,-61.777291041104775,24.053945760959174,0,1,0,0,0
520,520,1777638156.4226615,4671.24,2.03838053633129,-0.0317455126891808,-1.8092601574211153,-0.012449468988287471,1.9495326586813941,1.0384766645147474,0.5830227598246419,-0.5843147604303561,0.9404555003172171,-0.41433321377908033,-0.31688992981177694,1.533969524003015,5.13,33.51,63.6,0.121,1.239,1.002,72.07077771191317,-28.293887079352405,-61.760964434654596,24.06732694011084,1,0,0,0,0
521,521,1777638156.4270926,4671.248,2.037730989652893,-0.032115077599124575,-1.809276634374804,-0.012355023031167534,1.9498241969691315,1.038903757772347,0.5825499177633355,-0.5842765342756044,0.940766473366326,-0.41493937925656454,-0.3168684438585599,1.533890454598283,5.13,33.51,63.6,0.121,1.239,1.002,72.07077771191317,-28.30923516648207,-61.74884168506776,24.080381119103002,1,0,0,0,0
522,522,1777638156.4339304,4671.255999999999,2.037081048183464,-0.03248478381681963,-1.809292417942932,-0.012260802037339147,1.9501162401034189,1.0393311283434188,0.5820946169579901,-0.5843967883414527,0.9410224210638753,-0.4153647471571411,-0.3168532039493239,1.533676158089909,5.13,33.51,63.6,0.121,1.239,1.002,72.07077771191317,-28.329781861234757,-61.736850328151895,24.086962682210988,1,0,0,0,0
523,523,1777638156.4416802,4671.264,2.0364307121826135,-0.03285463079191242,-1.809307508102786,-0.012166806095873284,1.950408788130436,1.0397587759373992,0.5815902637364256,-0.5844566697449489,0.9413199850382251,-0.41594430406498134,-0.31687604870055525,1.5334548041718128,5.13,33.51,63.6,0.121,1.239,1.002,72.07077771191317,-28.353448908930126,-61.72296938509842,24.094687905322456,1,0,0,0,0
524,524,1777638156.4493055,4671.272,2.035779981911673,-0.033224617974270565,-1.809321904831644,-0.012073035295587786,1.950701841094774,1.0401867002629728,0.5810620014474694,-0.584454051730035,0.941638128669483,-0.41653102516888685,-0.31676930109799706,1.5332794211315066,5.13,33.51,63.6,0.121,1.239,1.002,72.07077771191317,-28.374333655206783,-61.70724527371345,24.110372671378784,1,0,0,0,0
525,525,1777638156.4559035,4671.28,2.0351288576336986,-0.033594744813982835,-1.8093356081067737,-0.01197948972505003,1.9509953990394333,1.0406149010280719,0.5805829049447255,-0.584564664047654,0.9419270452220242,-0.4170041619091878,-0.3168110646346981,1.5330356652750572,5.13,33.51,63.6,0.121,1.239,1.002,72.07077771191317,-28.397541086053437,-61.695005689819745,24.114371922134218,1,0,0,0,0
526,526,1777638156.4636075,4671.288,2.0344773396134737,-0.03396501076136449,-1.8093486179054326,-0.01188616947257426,1.9512894620058188,1.041043377939876,0.5800749124923411,-0.5846154174394138,0.9422323455790309,-0.4175545598757671,-0.31680211092698385,1.5328458842693138,5.13,33.51,63.6,0.121,1.239,1.002,72.07077771191317,-28.418731394659385,-61.68160824246753,24.123679456935257,1,0,0,0,0
527,527,1777638156.4702294,4671.295999999999,2.0338254281175123,-0.03433541526696171,-1.8093609342048698,-0.011793074626224254,1.951584030033738,1.0414721307048116,0.5796182295795341,-0.5846717163910097,0.9424947513938304,-0.41803137780947697,-0.31685668110738474,1.5327066863691934,5.13,33.51,63.6,0.121,1.239,1.002,72.07077771191317,-28.435569461867974,-61.671865709941066,24.128745703709427,1,0,0,0,0
528,528,1777638156.4820163,4671.304,2.0331731234140613,-0.034705957781548946,-1.8093725569823258,-0.011700205273811548,1.9518791031613971,1.0419011590285523,0.5790947408932792,-0.5846898469138094,0.942824876334456,-0.4185963329137673,-0.31675022849353673,1.5324722301423512,5.13,33.51,63.6,0.121,1.239,1.002,72.07077771191317,-28.459699380558664,-61.65517941001468,24.14293609085542,1,0,0,0,0
529,529,1777638156.4871373,4671.312,2.0325204257731033,-0.03507663775613601,-1.8093834862150313,-0.0116075615028981,1.9521746814253984,1.0423304626160177,0.578623206389794,-0.5847107701003624,0.9431175500096963,-0.4191209500530861,-0.31684017463118136,1.5323168437264585,5.13,33.51,63.6,0.121,1.239,1.002,72.07077771191317,-28.47837282450387,-61.645034119021645,24.146822766840707,1,0,0,0,0
530,530,1777638156.4918172,4671.32,2.031867335466359,-0.035447454641970744,-1.8093937218802099,-0.011515143400794514,1.952470764860737,1.0427600411713738,0.5781026521487658,-0.5846912492103037,0.9434912542922841,-0.41976005150669016,-0.316714725203932,1.5321140635364374,5.13,33.51,63.6,0.121,1.239,1.002,72.07077771191317,-28.50181918747374,-61.62740835401987,24.16414373760085,1,0,0,0,0
531,531,1777638156.4989774,4671.3279999999995,2.0312138527672907,-0.035818407890539916,-1.8094032639550743,-0.011422951054560926,1.9527673535007968,1.0431898943980316,0.5776164950212318,-0.5846879017299635,0.94381925044662,-0.4203439485761898,-0.3167214100656717,1.5319760344921178,5.13,33.51,63.6,0.121,1.239,1.002,72.07077771191317,-28.52039889242826,-61.61490159445457,24.174113189990162,1,0,0,0,0
532,532,1777638156.5066943,4671.336,2.030559977951105,-0.03618949695357454,-1.8094121124168305,-0.011330984551008783,1.9530644473773486,1.0436200219986485,0.5771238869635789,-0.5846786281433599,0.9441548282911726,-0.42093683049116165,-0.31669270622639195,1.5318373658836921,5.13,33.51,63.6,0.121,1.239,1.002,72.07077771191317,-28.539151583831302,-61.60147944235038,24.18618525912638,1,0,0,0,0
533,533,1777638156.5135128,4671.344,2.0299057112947554,-0.03656072128304988,-1.8094202672426771,-0.011239243976699953,1.9533620465205466,1.044050423675126,0.5766385633214528,-0.5846887333893231,0.9444720168665945,-0.42150378667625904,-0.3167062223113013,1.531674742081892,5.13,33.51,63.6,0.121,1.239,1.002,72.07077771191317,-28.558948306557514,-61.58884475863578,24.194992724116233,1,0,0,0,0
534,534,1777638156.5205956,4671.352,2.029251053076944,-0.03693208033119166,-1.809427728409804,-0.01114772941794584,1.9536601509589246,1.044481099128611,0.5761363013104169,-0.5846730178453327,0.9448211793502559,-0.42212254698734003,-0.3166582185205839,1.5315057133140124,5.13,33.51,63.6,0.121,1.239,1.002,72.07077771191317,-28.579997901897972,-61.57390679286604,24.20815404344065,1,0,0,0,0
535,535,1777638156.5322385,4671.36,2.028596003578127,-0.03730357355047609,-1.8094344958953936,-0.011056440960810932,1.9539587607193938,1.0449120480594942,0.5756393400220869,-0.5846547150059646,0.9451544084309063,-0.4226975526118647,-0.31662115462939416,1.5313544822200638,5.13,33.51,63.6,0.121,1.239,1.002,72.07077771191317,-28.599201113479676,-61.56030780415337,24.220057777153123,1,0,0,0,0
536,536,1777638156.536228,4671.3679999999995,2.027940563080514,-0.03767520039363248,-1.8094405696766191,-0.010965378691112804,1.954257875827239,1.0453432701674108,0.5751323690377818,-0.5846753372251602,0.9454696343477922,-0.42327162964045595,-0.3165616503763622,1.53116721417624,5.13,33.51,63.6,0.121,1.239,1.002,72.07077771191317,-28.62058727204269,-61.54544585515028,24.23256236336045,1,0,0,0,0
537,537,1777638156.5432706,4671.376,2.027284731868073,-0.0380469603136504,-1.8094459497306499,-0.010874542694417677,1.954557496306116,1.0457747651512397,0.5746470959007336,-0.5847152075355754,0.945770674541387,-0.4238230624340161,-0.31655142545428333,1.5310130824116173,5.13,33.51,63.6,0.121,1.239,1.002,72.07077771191317,-28.6395699789977,-61.53272935397085,24.242426645636478,1,0,0,0,0
538,538,1777638156.549784,4671.384,2.0266285102265327,-0.03841885276377699,-1.8094506360346454,-0.010783933056047523,1.9548576221780483,1.046206532709103,0.5741360423482946,-0.5848021035400258,0.9460654137213902,-0.4243476102126824,-0.3165668180514724,1.5307408772516582,5.13,33.51,63.6,0.121,1.239,1.002,72.07077771191317,-28.66534833318093,-61.51838475208506,24.248363706275722,1,0,0,0,0
539,539,1777638156.5593014,4671.384,2.0266285102265327,-0.03841885276377699,-1.8094506360346454,-0.010783933056047523,1.9548576221780483,1.046206532709103,0.5741360423482946,-0.5848021035400258,0.9460654137213902,-0.4243476102126824,-0.3165668180514724,1.5307408772516582,5.19,33.46,63.95,0.103,1.228,0.988,72.36097152471076,-28.601173953725766,-61.86732048868714,24.300570034852925,0,1,0,0,0
540,540,1777638156.5600293,4671.392,2.0259718984433848,-0.038790877197523166,-1.80945462856576,-0.0106935498610774,1.9551582534634238,1.0466385725383665,0.5736307140305665,-0.5847938437251738,0.9463894604985497,-0.42493982102441563,-0.3165411113582982,1.5306024312546702,5.19,33.46,63.95,0.103,1.228,0.988,72.36097152471076,-28.61995749831566,-61.85392937450987,24.31254107919923,1,0,0,0,0
541,541,1777638156.5635808,4671.4,2.0253148968078865,-0.0391630330686672,-1.809457927301139,-0.010603393194334565,1.9554593901809922,1.0470708843356382,0.5731622146459695,-0.5849013541675745,0.9466526818988972,-0.425401005765661,-0.31652445345841385,1.5303579801238787,5.19,33.46,63.95,0.103,1.228,0.988,72.36097152471076,-28.643017717392585,-61.84055319226985,24.31941029127098,1,0,0,0,0
542,542,1777638156.5711417,4671.407999999999,2.024657505611064,-0.0395353198312538,-1.8094605322179227,-0.010513463140401136,1.9557610323478616,1.047503467796769,0.5727007714992237,-0.5849614914233481,0.946912820421733,-0.4258368589146472,-0.3165103242024077,1.5301911100374992,5.19,33.46,63.95,0.103,1.228,0.988,72.36097152471076,-28.660849659020737,-61.82935710760547,24.326867790227535,1,0,0,0,0
543,543,1777638156.5785344,4671.416,2.023999725145715,-0.03990773693960126,-1.8094624432932456,-0.010423759783614095,1.9560631799794952,1.0479363226168514,0.5722350588733955,-0.5850597335585774,0.9471896315110304,-0.426278382297761,-0.31659561670684666,1.5299912887428757,5.19,33.46,63.95,0.103,1.228,0.988,72.36097152471076,-28.680855089878428,-61.81945481752847,24.328455712949612,1,0,0,0,0
544,544,1777638156.5881133,4671.424,2.02334155570641,-0.04028028384830229,-1.8094636605042336,-0.010334283208066175,1.9563658330897091,1.0483694484902206,0.5717556591060177,-0.5850778483240783,0.947488473818115,-0.42678983948274185,-0.3166091036767526,1.5298112413958032,5.19,33.46,63.95,0.103,1.228,0.988,72.36097152471076,-28.700814303789606,-61.80729761937314,24.335805293633,1,0,0,0,0
545,545,1777638156.5925934,4671.432,2.0226829975894973,-0.04065296001222585,-1.809464183828008,-0.010245033497604084,1.9566689916906685,1.0488028451104532,0.5712829415617439,-0.5850546914587144,0.9478077306559634,-0.4273750300535106,-0.31659484527280785,1.5297081311680507,5.19,33.46,63.95,0.103,1.228,0.988,72.36097152471076,-28.717287732611855,-61.79502507398589,24.34753501666718,1,0,0,0,0
546,546,1777638156.6454542,4671.44,2.0220240510931036,-0.04102576488652243,-1.8094640132416835,-0.010156010735831167,1.956972655792885,1.049236512170367,0.5708308723449299,-0.5850602217654143,0.9481037162049809,-0.42788931049579937,-0.31653443453208036,1.5295854285910195,5.19,33.46,63.95,0.103,1.228,0.988,72.36097152471076,-28.733721274134876,-61.78250308703173,24.35992147034231,1,0,0,0,0
547,547,1777638156.7023659,4671.447999999999,2.021364716517137,-0.04139869792662587,-1.8094631487223705,-0.010067215006109187,1.9572768254052135,1.0496704493620215,0.5703317450097791,-0.5850830734443049,0.9484102143714748,-0.42841503569181194,-0.31654354118941846,1.5294062903725354,5.19,33.46,63.95,0.103,1.228,0.988,72.36097152471076,-28.75386103307867,-61.770022807446786,24.36780577027615,1,0,0,0,0
548,548,1777638156.70478,4671.456,2.020704994163291,-0.04177175858825599,-1.80946159024717,-0.009978646391555657,1.957581500534849,1.0501046563767154,0.5698420531897219,-0.5851444240025158,0.9487174380804213,-0.4289352900640985,-0.31653230853908093,1.5291799977341274,5.19,33.46,63.95,0.103,1.228,0.988,72.36097152471076,-28.77680120488629,-61.756148589623486,24.37589021535009,1,0,0,0,0
549,549,1777638156.704829,4671.464,2.0200448843350456,-0.042144946327420385,-1.8094593377931814,-0.009890304975045616,1.9578866811873237,1.0505391329049893,0.5693502586872679,-0.5851627727238112,0.9490162886133586,-0.4294777440799575,-0.31649237357574916,1.5290138161273685,5.19,33.46,63.95,0.103,1.228,0.988,72.36097152471076,-28.796403545303814,-61.74261836567171,24.387013351516284,1,0,0,0,0
550,550,1777638156.7048984,4671.472,2.0193843873376705,-0.04251826060042063,-1.8094563913374966,-0.00980219083921341,1.9581923673665047,1.0509738786366236,0.568858167103665,-0.5851452546008776,0.9493676633647691,-0.43010048102198306,-0.3164593335940972,1.5288799146535068,5.19,33.46,63.95,0.103,1.228,0.988,72.36097152471076,-28.815404023590503,-61.72861452737683,24.400017202612055,1,0,0,0,0
551,551,1777638156.7068393,4671.48,2.0187235034782276,-0.04289170086385319,-1.8094527508572025,-0.009714304066452684,1.95849855907459,1.0514088932606382,0.5683794380227203,-0.5851879793805366,0.9496423873354134,-0.43063608808701354,-0.316493059649497,1.5287251122417633,5.19,33.46,63.95,0.103,1.228,0.988,72.36097152471076,-28.834212579160088,-61.717017847222195,24.40713201065343,1,0,0,0,0
552,552,1777638156.7092154,4671.487999999999,2.0180622330655735,-0.04326526657461027,-1.8094484163293796,-0.009626644738914614,1.958805256312106,1.0518441764652935,0.5678836464167134,-0.5851326687618038,0.949999509392878,-0.431276640199126,-0.31646106484150044,1.5285942781127384,5.19,33.46,63.95,0.103,1.228,0.988,72.36097152471076,-28.85332705209901,-61.702798542967614,24.42049078111585,1,0,0,0,0
553,553,1777638156.7092657,4671.496,2.0174005764103624,-0.04363895718988786,-1.8094433877311058,-0.00953921293851323,1.959112459077904,1.0522797279380882,0.5674201813628993,-0.5851209627220109,0.9503043900198747,-0.4318138641932175,-0.31639912245767604,1.5284857167402404,5.19,33.46,63.95,0.103,1.228,0.988,72.36097152471076,-28.869269713543392,-61.69014053240553,24.433624931613046,1,0,0,0,0
554,554,1777638156.7092922,4671.504,2.016738533825048,-0.044012772167182135,-1.8094376650394528,-0.009452008746920093,1.9594201673691591,1.0527155473657608,0.5669477902789036,-0.5851630670476295,0.9506098291512921,-0.43236531670728406,-0.3164177408620042,1.5282656911275763,5.19,33.46,63.95,0.103,1.228,0.988,72.36097152471076,-28.892354722661103,-61.676494425739214,24.440787097220937,1,0,0,0,0
555,555,1777638156.709318,4671.512,2.0160761056238865,-0.044386710964300136,-1.809431248231487,-0.00936503224557228,1.9597283811813646,1.0531516344342886,0.566457843773309,-0.5851870484660454,0.9509029210362723,-0.4328707846399891,-0.3163940115300017,1.5281170747911375,5.19,33.46,63.95,0.103,1.228,0.988,72.36097152471076,-28.910226806367547,-61.66428441663352,24.45046039216672,1,0,0,0,0
556,556,1777638156.7106333,4671.5199999999995,2.0154132921229397,-0.04476077303935444,-1.80942413728427,-0.009278283515664398,1.9600371005083306,1.053587988828887,0.5659913764794153,-0.585208875557873,0.9512142018499803,-0.4334279721737898,-0.31635836387197486,1.5279544723001792,5.19,33.46,63.95,0.103,1.228,0.988,72.36097152471076,-28.92984583388859,-61.65064280782375,24.461652875665802,1,0,0,0,0
557,557,1777638156.710695,4671.527999999999,2.0147500936400764,-0.04513495785077293,-1.8094163321748606,-0.009191762638156575,1.9603463253421813,1.0540246102340105,0.5655209334988398,-0.5851872269090964,0.9515387972992659,-0.4339885271929491,-0.3163209855147359,1.5278264160958042,5.19,33.46,63.95,0.103,1.228,0.988,72.36097152471076,-28.947392885453908,-61.637671246005,24.473580214275554,1,0,0,0,0
558,558,1777638156.7125525,4671.536,2.0140865104949754,-0.04550926485729612,-1.8094078328803098,-0.009105469693771795,1.9606560556733514,1.0544614983333505,0.5649889987966548,-0.5852028364038503,0.9518981434535718,-0.4346228555479485,-0.31629530606901507,1.5276238804012825,5.19,33.46,63.95,0.103,1.228,0.988,72.36097152471076,-28.970800070946705,-61.62206083523312,24.485190660235048,1,0,0,0,0
559,559,1777638156.7127898,4671.544,2.013422543009128,-0.045883693517986046,-1.809398639377667,-0.009019404762996786,1.9609662914905834,1.054898652809837,0.564493632042513,-0.5852359006370984,0.952182503048097,-0.4351230685087116,-0.31622326111340493,1.5274070989850634,5.19,33.46,63.95,0.103,1.228,0.988,72.36097152471076,-28.99274644966019,-61.607357094542465,24.496212056790405,1,0,0,0,0
560,560,1777638156.7159834,4671.544,2.013422543009128,-0.045883693517986046,-1.809398639377667,-0.009019404762996786,1.9609662914905834,1.054898652809837,0.564493632042513,-0.5852359006370984,0.952182503048097,-0.4351230685087116,-0.31622326111340493,1.5274070989850634,5.27,33.7,64.2,0.131,1.2,0.991,72.69871319356348,-29.175256599367277,-61.83900752543777,24.69502886473157,0,1,0,0,0
561,561,1777638156.7160537,4671.552,2.0127581915058412,-0.04625824329222272,-1.8093887516439766,-0.008933567926082908,1.9612770327809248,1.0553360733456376,0.563951524635721,-0.5851901042872407,0.9525609689472299,-0.43586929155111936,-0.3162061914805221,1.5272529467574956,5.27,33.7,64.2,0.131,1.2,0.991,72.69871319356348,-29.197748353573015,-61.82266215591119,24.709367354052024,1,0,0,0,0
562,562,1777638156.7160969,4671.5599999999995,2.012093456310238,-0.04663291363971389,-1.809378169656278,-0.008847959263046157,1.961588279529725,1.0557737596221566,0.5634681912059889,-0.5852733696063337,0.9528392141326927,-0.43633781000032107,-0.3161549468214263,1.5270205484297825,5.27,33.7,64.2,0.131,1.2,0.991,72.69871319356348,-29.22022424757279,-61.80847050932924,24.71830026961677,1,0,0,0,0
563,563,1777638156.7161539,4671.568,2.011428337749263,-0.04700770402049148,-1.8093668933916076,-0.008762578853669822,1.9619000317206328,1.056211711320036,0.5629730784082825,-0.5852328846590442,0.9531905761980227,-0.4369386992139739,-0.31612139195941114,1.5268971669351097,5.27,33.7,64.2,0.131,1.2,0.991,72.69871319356348,-29.238274468590618,-61.79488311069918,24.730924516369946,1,0,0,0,0
564,564,1777638156.7227716,4671.576,2.0107628361516823,-0.047382613894917824,-1.8093549228269978,-0.008677426777502717,1.9622122893355933,1.056649928119154,0.562470179604593,-0.5852425829613173,0.9535017000768354,-0.43750580086495267,-0.31615046346707176,1.5266779195915836,5.27,33.7,64.2,0.131,1.2,0.991,72.69871319356348,-29.261681892504573,-61.781067951573036,24.737754861445787,1,0,0,0,0
565,565,1777638156.729089,4671.584,2.010096951848087,-0.0477576427236901,-1.8093422579394742,-0.008592503113862726,1.962525052354845,1.0570884096986253,0.5619767512504111,-0.5852403693603413,0.9538526581944596,-0.43808562843676807,-0.3160826621282276,1.5265507733772754,5.27,33.7,64.2,0.131,1.2,0.991,72.69871319356348,-29.279577346187267,-61.76699273612023,24.75172435942008,1,0,0,0,0
566,566,1777638156.7361262,4671.592,2.009430685170895,-0.04813278996784032,-1.8093288987060632,-0.008507807941833256,1.962838320756917,1.0575271557368018,0.5615480436480688,-0.5852913045151875,0.9541069108285818,-0.4385885623289104,-0.31617717822628166,1.526439945249695,5.27,33.7,64.2,0.131,1.2,0.991,72.69871319356348,-29.295200205743207,-61.75811137170271,24.755399910035546,1,0,0,0,0
567,567,1777638156.744756,4671.599999999999,2.0087640364543558,-0.0485080550887389,-1.809314845103784,-0.00842334134027034,1.963152094518627,1.0579661659112707,0.561035021505347,-0.5852531553439645,0.9544631818730686,-0.43921451500895126,-0.3160613429892323,1.5262612798146988,5.27,33.7,64.2,0.131,1.2,0.991,72.69871319356348,-29.31705057395061,-61.74104368579985,24.772100642306775,1,0,0,0,0
568,568,1777638156.7532094,4671.608,2.0080970060345487,-0.04888343754809821,-1.8093000971096522,-0.008339103387797309,1.9634663736150761,1.058405439898855,0.5605463343043822,-0.5853156902078598,0.9547410983812329,-0.439675135991943,-0.31613497987395184,1.5260188464227054,5.27,33.7,64.2,0.131,1.2,0.991,72.69871319356348,-29.34004328727987,-61.72944942585767,24.773773097391192,1,0,0,0,0
569,569,1777638156.7579758,4671.616,2.0074295942493885,-0.049258936807976106,-1.809284654700683,-0.008255094162807453,1.9637811580196491,1.0588449773756134,0.5600572781634661,-0.5853839299583186,0.9550298052638367,-0.4402251554150901,-0.31607432186430784,1.5258303067901715,5.27,33.7,64.2,0.131,1.2,0.991,72.69871319356348,-29.361201007581286,-61.71462702236097,24.785632670627564,1,0,0,0,0
570,570,1777638156.7681308,4671.624,2.006761801438627,-0.049634552330778625,-1.8092685178538837,-0.008171313743467579,1.9640964477040097,1.0592847780168406,0.5595744516170006,-0.5853995668442471,0.9553249163702521,-0.4407771364550172,-0.31609212434638817,1.5256892328812512,5.27,33.7,64.2,0.131,1.2,0.991,72.69871319356348,-29.379496296139727,-61.70255079896337,24.79401787299622,1,0,0,0,0
571,571,1777638156.7723496,4671.632,2.006093627943855,-0.05001028357925996,-1.8092516865462596,-0.008087762207713567,1.9644122426380979,1.059724841497066,0.5591258229619427,-0.5854569348025865,0.9555939903987178,-0.4412315504301716,-0.31605140133824045,1.5255142873040561,5.27,33.7,64.2,0.131,1.2,0.991,72.69871319356348,-29.398158116815537,-61.6900681297612,24.802957353592625,1,0,0,0,0
572,572,1777638156.7801182,4671.639999999999,2.0054250741085053,-0.05038613001653136,-1.8092341607548148,-0.008004439633256588,1.964728542790128,1.0601651674900534,0.5585921636964741,-0.5854380604571279,0.9559547335595497,-0.4418738703663153,-0.31607205093430285,1.525349472314166,5.27,33.7,64.2,0.131,1.2,0.991,72.69871319356348,-29.41948125880899,-61.67598966322267,24.812684689985403,1,0,0,0,0
573,573,1777638156.787026,4671.648,2.0047561402778546,-0.05076209110605756,-1.8092159404565482,-0.007921346097581328,1.9650453481265853,1.0606057556688024,0.5581291171819007,-0.5855338348777361,0.9562142310275845,-0.442311387453503,-0.31607489025066465,1.5251258987683172,5.27,33.7,64.2,0.131,1.2,0.991,72.69871319356348,-29.44086005404204,-61.66363767811034,24.818026665733157,1,0,0,0,0
574,574,1777638156.7945516,4671.656,2.0040868267990257,-0.05113816631166568,-1.8091970256284542,-0.007838481677945985,1.9653626586122233,1.0610466057055463,0.5575851856998126,-0.5855335489539457,0.9565599607794628,-0.44293043255993086,-0.3159704033150384,1.5248994532066202,5.27,33.7,64.2,0.131,1.2,0.991,72.69871319356348,-29.4655173685464,-61.64580473140444,24.833061535409676,1,0,0,0,0
575,575,1777638156.801267,4671.664,2.0034171340209896,-0.05151435509754343,-1.8091774162475254,-0.007755846451383164,1.9656804742100613,1.0614877172717532,0.557117741537584,-0.58556519089975,0.9568699195371679,-0.44346191758357567,-0.3159580592833594,1.5247336514426801,5.27,33.7,64.2,0.131,1.2,0.991,72.69871319356348,-29.48495285826746,-61.632830395170984,24.84219540269806,1,0,0,0,0
576,576,1777638156.8087296,4671.672,2.0027470622945693,-0.05189065692824357,-1.8091571122907517,-0.007673440494704309,1.9659987948813813,1.0619290900381249,0.55659312387347,-0.5855342561350538,0.9571956105286189,-0.44409125219963025,-0.31591633118523077,1.5245556261353894,5.27,33.7,64.2,0.131,1.2,0.991,72.69871319356348,-29.506823905992295,-61.61727996710992,24.854799384335326,1,0,0,0,0
577,577,1777638156.8181996,4671.679999999999,2.0020766119724405,-0.052267071268690124,-1.8091361137351178,-0.007591263884496158,1.9663176205857256,1.0623707236745976,0.5561095068866836,-0.5855750003629975,0.9575048008090171,-0.44460903718729133,-0.31595489174148705,1.5243883106021792,5.27,33.7,64.2,0.131,1.2,0.991,72.69871319356348,-29.526129744605793,-61.605610288493224,24.860799329205072,1,0,0,0,0
578,578,1777638156.8229318,4671.688,2.001405783409134,-0.052643597584174806,-1.8091144205576084,-0.0075093166971225145,1.9666369512808939,1.062812617850341,0.5556077906080494,-0.5855913606165921,0.9578229802208331,-0.44515501200832364,-0.3159464408136427,1.5241782313043128,5.27,33.7,64.2,0.131,1.2,0.991,72.69871319356348,-29.54853569848865,-61.59145951785507,24.86923908235959,1,0,0,0,0
579,579,1777638156.8323495,4671.696,2.0007345769610394,-0.053020235340367705,-1.8090920327352027,-0.007427599008727803,1.9669567869229407,1.063254772233758,0.5551330830013802,-0.5856064380974595,0.958153601506492,-0.44571846457947484,-0.3159409430965307,1.524050468299194,5.27,33.7,64.2,0.131,1.2,0.991,72.69871319356348,-29.56617320100133,-61.578938624102406,24.879280941727785,1,0,0,0,0
580,580,1777638156.8381128,4671.704,2.0000629929864058,-0.05339698400331283,-1.8090689502448756,-0.007346110895234403,1.967277127466173,1.0636971864924851,0.5546704628666818,-0.5856711139641263,0.9583907805877566,-0.44621543895278615,-0.3159427414463434,1.5238923543471177,5.27,33.7,64.2,0.131,1.2,0.991,72.69871319356348,-29.58452710306954,-61.56700801799655,24.88698816248548,1,0,0,0,0
581,581,1777638156.845811,4671.7119999999995,1.999391031845344,-0.05377384303943522,-1.8090451730636028,-0.007264852432347979,1.9675979728631463,1.064139860293392,0.5541675669943246,-0.585641061981812,0.9587351854262828,-0.4468192700393698,-0.31594525244193516,1.5237235734809846,5.27,33.7,64.2,0.131,1.2,0.991,72.69871319356348,-29.605387675984144,-61.55304340814972,24.89672202819325,1,0,0,0,0
582,582,1777638156.8471062,4671.7119999999995,1.999391031845344,-0.05377384303943522,-1.8090451730636028,-0.007264852432347979,1.9675979728631463,1.064139860293392,0.5541675669943246,-0.585641061981812,0.9587351854262828,-0.4468192700393698,-0.31594525244193516,1.5237235734809846,5.46,33.77,64.61,0.125,1.173,1.003,73.10729512162244,-29.594017317214284,-61.946824448332556,25.128901285091786,0,1,0,0,0
583,583,1777638156.8518345,4671.719999999999,1.9987186938998307,-0.05415081191554538,-1.809020701168354,-0.0071838236955521495,1.9679193230646637,1.0645827933025813,0.5536874711428481,-0.5857093871110715,0.9590068326235996,-0.44729738587250345,-0.31595347286498104,1.5235173170351757,5.46,33.77,64.61,0.125,1.173,1.003,73.10729512162244,-29.615162169088947,-61.93419519850111,25.13511955039251,1,0,0,0,0
584,584,1777638156.85905,4671.728,1.9980459795137084,-0.054527890098838405,-1.8089955345360966,-0.007103024760115595,1.9682411780197722,1.0650259851853878,0.5531479948309727,-0.5857244940547325,0.9593488252637848,-0.44793350261948617,-0.31592061365856383,1.5232591642984046,5.46,33.77,64.61,0.125,1.173,1.003,73.10729512162244,-29.64226262844057,-61.91678145008897,25.14607406989157,1,0,0,0,0
585,585,1777638156.869035,4671.736,1.997372889052689,-0.0549050770568984,-1.808969673143796,-0.007022455701088504,1.9685635376757602,1.0654694356063796,0.5526601629684349,-0.585776259176832,0.9596629991811365,-0.44844344541264464,-0.3159364332857992,1.5230910802708624,5.46,33.77,64.61,0.125,1.173,1.003,73.10729512162244,-29.661595228559463,-61.90463215269824,25.153188397024678,1,0,0,0,0
586,586,1777638156.8764887,4671.744,1.996699422884355,-0.05528237225770116,-1.8089431169684138,-0.006942116593306125,1.968886401978155,1.0659131442293568,0.5521612570373066,-0.5858506236232468,0.9599536828129507,-0.4489619433036033,-0.3158713397677543,1.522830440395905,5.46,33.77,64.61,0.125,1.173,1.003,73.10729512162244,-29.68676995073698,-61.888435753742776,25.16334258096235,1,0,0,0,0
587,587,1777638156.880688,4671.7519999999995,1.9960255813781633,-0.055659775169620396,-1.8089158659869087,-0.006862007511390544,1.9692097708707201,1.0663571107173515,0.5516732794931546,-0.5858688437974556,0.9602895324716487,-0.44954651404044094,-0.31588152219006493,1.5226828521293123,5.46,33.77,64.61,0.125,1.173,1.003,73.10729512162244,-29.70612889878258,-61.875343419804786,25.17269120555324,1,0,0,0,0
588,588,1777638156.887866,4671.76,1.9953513649054455,-0.05603728526142593,-1.808887920176236,-0.006782128529747133,1.9695336442954532,1.0668013347326284,0.5511227482895352,-0.5858605079423785,0.960632642416868,-0.45016996446785384,-0.31585777080073446,1.5224466996665384,5.46,33.77,64.61,0.125,1.173,1.003,73.10729512162244,-29.731631110933833,-61.858816996730134,25.18319819340667,1,0,0,0,0
589,589,1777638156.8950593,4671.768,1.994676773839411,-0.05641490200228727,-1.8088592795133493,-0.006702479722569876,1.9698580221925825,1.0672458159366838,0.5506278749972181,-0.5858425690072102,0.9609778148786735,-0.4508068623297667,-0.3158054399497838,1.5223161173498854,5.46,33.77,64.61,0.125,1.173,1.003,73.10729512162244,-29.75081881616715,-61.84381573975455,25.197377532491018,1,0,0,0,0
590,590,1777638156.9346716,4671.776,1.9940018085551492,-0.05679262486178249,-1.8088299439751987,-0.006623061163842259,1.9701829045005652,1.0676905539902455,0.5501394967936071,-0.5859227978940568,0.9612541249384488,-0.4512958316184964,-0.3157798687847561,1.5220649620760875,5.46,33.77,64.61,0.125,1.173,1.003,73.10729512162244,-29.774890369551308,-61.829188764563945,25.204839221806544,1,0,0,0,0
591,591,1777638156.935822,4671.784,1.9933264694296313,-0.05717045330989201,-1.8087999135387314,-0.006543872927333716,1.970508291156084,1.068135548553273,0.5496291940374034,-0.5858797951236492,0.9616119182028874,-0.4519498816736638,-0.31574209519149915,1.5219024610326257,5.46,33.77,64.61,0.125,1.173,1.003,73.10729512162244,-29.796351964082064,-61.813480172816455,25.2180030644254,1,0,0,0,0
592,592,1777638156.9385598,4671.7919999999995,1.9926507568417124,-0.05754838681701013,-1.8087691881808903,-0.006464915086606737,1.9708341820940456,1.0685807992849579,0.5491477557772527,-0.5858383511265697,0.9619598859678432,-0.45255822349293245,-0.3156632348615997,1.5217812423385109,5.46,33.77,64.61,0.125,1.173,1.003,73.10729512162244,-29.814441856699148,-61.79856848194222,25.23316449350343,1,0,0,0,0
593,593,1777638156.940338,4671.8,1.9919746711721344,-0.05792642485394239,-1.8087377678786192,-0.006386187715013314,1.971160577247577,1.0690263058437213,0.5486725098521232,-0.5858593269085245,0.9622799149925094,-0.45311305922705214,-0.3156765382430075,1.521664575184031,5.46,33.77,64.61,0.125,1.173,1.003,73.10729512162244,-29.831351707389516,-61.78672671054601,25.242176168197688,1,0,0,0,0
594,594,1777638156.941644,4671.808,1.9912982128035266,-0.05830456689190999,-1.8087056526088547,-0.006307690885700268,1.9714874765480246,1.0694720678872172,0.5481794702505864,-0.5858210018921485,0.9626417016317474,-0.4537446645399438,-0.31558644256591717,1.5215219963333464,5.46,33.77,64.61,0.125,1.173,1.003,73.10729512162244,-29.851159586123472,-61.7706677992708,25.258057545977636,1,0,0,0,0
595,595,1777638156.9416943,4671.816,1.9906213821204093,-0.05868281240255424,-1.8086728423485328,-0.0062294246716039225,1.9718148799249493,1.0699180850723293,0.5476912252050212,-0.5859071557946547,0.9628944642783517,-0.4542090542808243,-0.31569432820669424,1.5212923393743123,5.46,33.77,64.61,0.125,1.173,1.003,73.10729512162244,-29.873508149319743,-61.75990412631184,25.257956234844038,1,0,0,0,0
596,596,1777638156.9467807,4671.824,1.9899441795091948,-0.05906116085793922,-1.8086393370745864,-0.006151389145458097,1.9721427873061266,1.0703643570551724,0.5472242269083305,-0.5858365746281807,0.9632542912016366,-0.4548568920794486,-0.31560204253417223,1.5212217617210553,5.46,33.77,64.61,0.125,1.173,1.003,73.10729512162244,-29.88914253544591,-61.74514857532686,25.27552938924542,1,0,0,0,0
597,597,1777638156.952279,4671.831999999999,1.9892666053581898,-0.05943961173055268,-1.8086051367639442,-0.006073584379789665,1.9724711986175423,1.0708108834910923,0.5467092727364202,-0.5859222709136306,0.9635569163071392,-0.4553345261413805,-0.3156216557711398,1.5209576456478027,5.46,33.77,64.61,0.125,1.173,1.003,73.10729512162244,-29.9138088032019,-61.73138919992533,25.27995708724253,1,0,0,0,0
598,598,1777638156.9640243,4671.84,1.988588660057598,-0.059818164493310455,-1.8085702413935332,-0.005996010446925659,1.9728001137833908,1.071257664034665,0.5462156350138225,-0.5858561899270313,0.9639020602095159,-0.4559996718284853,-0.3154867694461197,1.5208422194791078,5.46,33.77,64.61,0.125,1.173,1.003,73.10729512162244,-29.93249496417614,-61.7143466328473,25.29944198792417,1,0,0,0,0
599,599,1777638156.9667723,4671.848,1.9879103439995207,-0.06019681861956094,-1.8085346509402775,-0.005918667418986168,1.9731295327260727,1.0717046983396967,0.545747092934012,-0.5859101618019262,0.9641981330796121,-0.45648675608809386,-0.315558587497547,1.5206725095225189,5.46,33.77,64.61,0.125,1.173,1.003,73.10729512162244,-29.95150653051599,-61.70374028607519,25.302811923994504,1,0,0,0,0
600,600,1777638156.9739468,4671.856,1.9872316575779603,-0.060575573583084186,-1.8084983653810962,-0.005841555367892326,1.9734594553661922,1.0721519860592241,0.5452273984354474,-0.5858841235148267,0.9645489680334738,-0.4571606667822627,-0.31545718661791866,1.5204894328588776,5.46,33.77,64.61,0.125,1.173,1.003,73.10729512162244,-29.97453221267809,-61.68573879597659,25.319432217679662,1,0,0,0,0
601,601,1777638156.9817557,4671.864,1.9865526011888213,-0.06095442885810076,-1.808461384692909,-0.005764674365366318,1.9737898816225543,1.072599526845514,0.5447689960461181,-0.5859287963797017,0.9648270106235823,-0.4575582758810831,-0.31546068431785546,1.5203088967826828,5.46,33.77,64.61,0.125,1.173,1.003,73.10729512162244,-29.99261838503053,-61.67487676651025,25.32447468844524,1,0,0,0,0
602,602,1777638156.989592,4671.871999999999,1.9858731752299128,-0.06133338391926735,-1.8084237088526285,-0.005688024482929599,1.974120811412163,1.0730473203500628,0.5443330498111631,-0.5859374466551881,0.9651380503603499,-0.4581088084561198,-0.31547537889041405,1.5202166628486755,5.46,33.77,64.61,0.125,1.173,1.003,73.10729512162244,-30.007921296948442,-61.66366182405492,25.333654886035234,1,0,0,0,0
603,603,1777638156.9915674,4671.871999999999,1.9858731752299128,-0.06133338391926735,-1.8084237088526285,-0.005688024482929599,1.974120811412163,1.0730473203500628,0.5443330498111631,-0.5859374466551881,0.9651380503603499,-0.4581088084561198,-0.31547537889041405,1.5202166628486755,6.16,33.28,64.97,0.124,1.145,1.021,73.2571150128095,-29.268801622415058,-62.01517753554333,25.769359845032106,0,1,0,0,0
604,604,1777638156.9957094,4671.88,1.9851933801009503,-0.061712438241686485,-1.8083853378371657,-0.005611605791905561,1.9744522446502184,1.073495366223597,0.5438450801259183,-0.5859709023492266,0.9654289156421345,-0.45860725450612944,-0.3154794761431591,1.5200255376964722,6.16,33.28,64.97,0.124,1.145,1.021,73.2571150128095,-29.289510272505375,-62.00237370704788,25.776639476246334,1,0,0,0,0
605,605,1777638157.0032852,4671.888,1.984513216203557,-0.06209159130090658,-1.8083462716234298,-0.005535418363421307,1.9747841812501152,1.0739436641160733,0.5433253392911738,-0.5859225765456397,0.9657708555726127,-0.4592915025542401,-0.31540199709126954,1.5198659926504194,6.16,33.28,64.97,0.124,1.145,1.021,73.2571150128095,-29.311500546565497,-61.98518627254196,25.792974207465214,1,0,0,0,0
606,606,1777638157.0117853,4671.896,1.9838326839412677,-0.06247084257292368,-1.8083065101883236,-0.005459462268408544,1.9751166211234392,1.074392213676677,0.5428788927084487,-0.5859209176860525,0.966080312369193,-0.4597915658262833,-0.3153889537667189,1.519745210398263,6.16,33.28,64.97,0.124,1.145,1.021,73.2571150128095,-29.327853685206705,-61.973511319169326,25.802437733514598,1,0,0,0,0
607,607,1777638157.0174983,4671.9039999999995,1.983151783719528,-0.0628501915341877,-1.80826605350875,-0.005383737577605352,1.9754495641799654,1.0748410145538236,0.5423466622256057,-0.5859209172635199,0.9664170600805715,-0.46044278418730805,-0.31532836493747735,1.5195356239790068,6.16,33.28,64.97,0.124,1.145,1.021,73.2571150128095,-29.352369360533782,-61.9561596962835,25.81622723426904,1,0,0,0,0
608,608,1777638157.0246823,4671.911999999999,1.9824705159456983,-0.0632296376616015,-1.8082249015616068,-0.005308244361554415,1.975783010327656,1.075290066395158,0.5418879367843523,-0.5860136627263224,0.966686910957289,-0.4608512026996838,-0.31534911485937556,1.519333732474044,6.16,33.28,64.97,0.124,1.145,1.021,73.2571150128095,-29.372147949566358,-61.945041981097134,25.82041050775331,1,0,0,0,0
609,609,1777638157.0325472,4671.92,1.9817888810290543,-0.06360918043252717,-1.8081830543237878,-0.005232982690608345,1.9761169594726575,1.0757393688475538,0.5414019840620838,-0.5859709977239054,0.9670436115580171,-0.4614888967323507,-0.3152544659872966,1.5191824190482481,6.16,33.28,64.97,0.124,1.145,1.021,73.2571150128095,-29.392780772952108,-61.92843122924914,25.836771158899424,1,0,0,0,0
610,610,1777638157.0390377,4671.928,1.9811068793807902,-0.0639888193247895,-1.8081405117721845,-0.005157952634928797,1.976451411519299,1.0761889215571143,0.540916187273444,-0.5860551595463928,0.9673092523543494,-0.46195013018796643,-0.3153166189027926,1.5189853606025443,6.16,33.28,64.97,0.124,1.145,1.021,73.2571150128095,-29.41321112346932,-61.91742749930679,25.839893251991352,1,0,0,0,0
611,611,1777638157.0460289,4671.936,1.9804245114140195,-0.06436855381667517,-1.8080972738836847,-0.005083154264485579,1.9767863663700893,1.0766387241691717,0.5404298203856397,-0.5860698449584438,0.967606238286238,-0.4624955611760893,-0.31524475123354123,1.5187995694101368,6.16,33.28,64.97,0.124,1.145,1.021,73.2571150128095,-29.434356171852286,-61.90216513318665,25.852379553384036,1,0,0,0,0
612,612,1777638157.053518,4671.9439999999995,1.9797417775437771,-0.064748383386938,-1.8080533406351726,-0.005008587649063756,1.9771218239257151,1.0770887763282875,0.5399421098552882,-0.5860865833428944,0.9679058167111739,-0.46303026560083516,-0.31532918961527073,1.5186585513051059,6.16,33.28,64.97,0.124,1.145,1.021,73.2571150128095,-29.452615674766847,-61.89161944533474,25.856832217971707,1,0,0,0,0
613,613,1777638157.0636613,4671.952,1.9790586781870214,-0.06512830751480259,-1.808008712003529,-0.004934252858258326,1.9774577840850383,1.0775390776782514,0.5395002451673434,-0.5861629501528685,0.968175238102026,-0.4634927054063152,-0.31533957063611384,1.5184750294205318,6.16,33.28,64.97,0.124,1.145,1.021,73.2571150128095,-29.47218934425134,-61.87971042544251,25.863031394636977,1,0,0,0,0
614,614,1777638157.0677414,4671.96,1.9783752137626356,-0.06550832567996867,-1.8079633879656285,-0.004860149961479543,1.9777942467450942,1.0779896278620824,0.5390345672908752,-0.5862139910453955,0.9684309843953737,-0.46391346143502343,-0.3153555040602956,1.518286414959203,6.16,33.28,64.97,0.124,1.145,1.021,73.2571150128095,-29.491341062443357,-61.86853804378763,25.867928070547972,1,0,0,0,0
615,615,1777638157.0753355,4671.968,1.9776913846914301,-0.06588843736260763,-1.8079173684983454,-0.004786279027952034,1.978131211801089,1.0784404265220282,0.538589796117281,-0.5862209967767535,0.9687650280332257,-0.4644532885218858,-0.31531314058456417,1.5181471721137079,6.16,33.28,64.97,0.124,1.145,1.021,73.2571150128095,-29.50950443919873,-61.85505586348106,25.879453469471585,1,0,0,0,0
616,616,1777638157.0834327,4671.976,1.9770071913961438,-0.06626864204337402,-1.807870653578548,-0.0047126401267201246,1.9784686791463975,1.078891473299565,0.5381034127001486,-0.5863075869473502,0.9690461604952897,-0.46487352122113196,-0.3153834604200069,1.517901460696189,6.16,33.28,64.97,0.124,1.145,1.021,73.2571150128095,-29.532209334919823,-61.84385052057172,25.88033354861666,1,0,0,0,0
617,617,1777638157.0899775,4671.9839999999995,1.976322634301446,-0.06664893920340287,-1.807823243183102,-0.004639233326641623,1.9788066486725613,1.0793427678353975,0.5376258553038056,-0.586303589334829,0.96935903701565,-0.4654296478911788,-0.31526394762217547,1.5177838705679374,6.16,33.28,64.97,0.124,1.145,1.021,73.2571150128095,-29.549272896661808,-61.82880241640644,25.896806039192974,1,0,0,0,0
618,618,1777638157.0966833,4671.992,1.975637713833938,-0.06702932832431507,-1.8077751372888669,-0.004566058696396702,1.9791451202692858,1.079794309769459,0.537150102898477,-0.5862765015880684,0.9696819823439085,-0.46606142153686214,-0.31520699751391484,1.5176551248371362,6.16,33.28,64.97,0.124,1.145,1.021,73.2571150128095,-29.568396625844095,-61.81359912427175,25.911267515901304,1,0,0,0,0
619,619,1777638157.1084807,4672.0,1.9749524304221555,-0.06740980888821824,-1.8077263358727,-0.004493116304484346,1.9794840938244391,1.080246098740911,0.5366352944015038,-0.5862849420093552,0.9700321692783785,-0.46663567904611003,-0.31519770657062035,1.5174613506325114,6.16,33.28,64.97,0.124,1.145,1.021,73.2571150128095,-29.590554867979794,-61.79903214535083,25.920717360886673,1,0,0,0,0
620,620,1777638157.113782,4672.008,1.9742667844965696,-0.06779038037771379,-1.807676838911453,-0.004420406219227679,1.979823569224049,1.0806981343881437,0.5361112914062431,-0.586271433030153,0.9703851979135771,-0.4673135618751839,-0.3151568358223559,1.5172565820468684,6.16,33.28,64.97,0.124,1.145,1.021,73.2571150128095,-29.61520620277073,-61.781681879712785,25.93392075412698,1,0,0,0,0
621,621,1777638157.118578,4672.016,1.9735807764895883,-0.06817104227589432,-1.8076266463819746,-0.004347928508770416,1.9801635463523009,1.081150416348775,0.5356406104303318,-0.5862930967242791,0.9706763568230712,-0.46779121894165,-0.3150661903358158,1.5171080425123347,6.16,33.28,64.97,0.124,1.145,1.021,73.2571150128095,-29.632805113745146,-61.76794643084755,25.946532616261976,1,0,0,0,0
622,622,1777638157.1254985,4672.023999999999,1.9728944068355585,-0.06855179406635248,-1.807575758261108,-0.004275683241082184,1.9805040250915362,1.081602944259652,0.5351225249679769,-0.5862754424987134,0.9710380451308002,-0.4684900818625537,-0.31502078948183476,1.5169069366189096,6.16,33.28,64.97,0.124,1.145,1.021,73.2571150128095,-29.657590594862217,-61.7501913584666,25.960471630929508,1,0,0,0,0
623,623,1777638157.134163,4672.032,1.9722076759707685,-0.06893263523318005,-1.8075241745256925,-0.004203670483957644,1.98084500532225,1.0820557177568488,0.5346035437150668,-0.586354477898363,0.9713357663255447,-0.4689853971650613,-0.3149917905265942,1.516678552641018,6.16,33.28,64.97,0.124,1.145,1.021,73.2571150128095,-29.680471526954683,-61.73575835373286,25.968647450861525,1,0,0,0,0
624,624,1777638157.134953,4672.032,1.9722076759707685,-0.06893263523318005,-1.8075241745256925,-0.004203670483957644,1.98084500532225,1.0820557177568488,0.5346035437150668,-0.586354477898363,0.9713357663255447,-0.4689853971650613,-0.3149917905265942,1.516678552641018,5.79,33.08,63.94,0.176,1.193,1.029,72.22280872411429,-29.624062085003796,-60.749280521852015,25.457296825491348,0,1,0,0,0
625,625,1777638157.141611,4672.04,1.9715205843334482,-0.06931356526097154,-1.8074718951525615,-0.004131890305020036,1.9811864869230884,1.082508736475668,0.5341216599920849,-0.586345747502624,0.9716735342487887,-0.46959283662750495,-0.31497894331281784,1.5165352708645798,5.79,33.08,63.94,0.176,1.193,1.029,72.22280872411429,-29.64330957539901,-60.735343844830396,25.46814295285933,1,0,0,0,0
626,626,1777638157.147438,4672.048,1.9708331323637716,-0.06969458363482772,-1.807418920118545,-0.004060342771719405,1.9815284697708475,1.0829620000506406,0.533610722166684,-0.5863442473421978,0.9719939642484348,-0.47021112882314475,-0.31494729437607255,1.5163692583224853,5.79,33.08,63.94,0.176,1.193,1.029,72.22280872411429,-29.664118088564866,-60.72028228887231,25.47982568204379,1,0,0,0,0
627,627,1777638157.154133,4672.056,1.970145320503858,-0.07007568984036094,-1.8073652494004682,-0.003989027951337043,1.9818709537404702,1.0834155081155252,0.5331704423827497,-0.5864393647839843,0.9722278146895176,-0.4706269469997446,-0.3149660742228847,1.5161690598926716,5.79,33.08,63.94,0.176,1.193,1.029,72.22280872411429,-29.683519082956426,-60.709067975575564,25.48395299769456,1,0,0,0,0
628,628,1777638157.1611686,4672.063999999999,1.969457149197774,-0.07045688336369338,-1.8073108829751492,-0.003917945910986376,1.9822139387050448,1.0838692603033087,0.53265241390774,-0.5864925727406286,0.9725415441237512,-0.4711411919397512,-0.3149773481357489,1.5159558401451805,5.79,33.08,63.94,0.176,1.193,1.029,72.22280872411429,-29.705410866611558,-60.6956952913858,25.49029694493654,1,0,0,0,0
629,629,1777638157.170499,4672.072,1.9687686188915348,-0.07083816369146323,-1.807255820819404,-0.003847096717610299,1.9825574245358029,1.0843232562462053,0.5322071230086309,-0.586633175989415,0.9727908935058166,-0.47155512427643015,-0.31504606119888756,1.5157426802714542,5.79,33.08,63.94,0.176,1.193,1.029,72.22280872411429,-29.72558231594912,-60.68534179515654,25.491432819336744,1,0,0,0,0
630,630,1777638157.1767206,4672.08,1.9680797300331057,-0.0712195303108274,-1.8072000629100406,-0.0037764804379891714,1.9829014111021173,1.0847774955756577,0.5317226972874781,-0.5865846721896835,0.9731179197472354,-0.4721807653586039,-0.3149788672651958,1.5156256058927218,5.79,33.08,63.94,0.176,1.193,1.029,72.22280872411429,-29.743511101696143,-60.67042999889271,25.50601048954417,1,0,0,0,0
631,631,1777638157.1830356,4672.088,1.967390483072404,-0.07160098270946502,-1.8071436092238633,-0.0037060971387390396,1.9832458982715,1.0852319779223363,0.5312472605967103,-0.5866320600812616,0.9734003660423204,-0.4726439382428929,-0.3150110463670313,1.5154420233009915,5.79,33.08,63.94,0.176,1.193,1.029,72.22280872411429,-29.762713200687987,-60.65906108925865,25.510650926685095,1,0,0,0,0
632,632,1777638157.1902344,4672.096,1.9667008784613003,-0.07198252037557751,-1.8070864597376701,-0.00363594688630986,1.9835908859095999,1.0856867029161388,0.5307526664898984,-0.586653736547612,0.973720727993443,-0.4732363514290718,-0.31497044660067613,1.5152842001273341,5.79,33.08,63.94,0.176,1.193,1.029,72.22280872411429,-29.78255178661224,-60.64439639841807,25.522360677439274,1,0,0,0,0
633,633,1777638157.2914164,4672.103999999999,1.9660109166536195,-0.07236414279789649,-1.8070286144282548,-0.003566029746992605,1.9839363738802016,1.0861416701861915,0.5302465367609764,-0.5867014665763769,0.9740408826971811,-0.473781435003935,-0.3149761153220727,1.515074923611492,5.79,33.08,63.94,0.176,1.193,1.029,72.22280872411429,-29.804716684612146,-60.63043092899608,25.52966526835474,1,0,0,0,0
634,634,1777638157.2916443,4672.112,1.9653205981051434,-0.07274584946568208,-1.806970073272402,-0.0034963457869183756,1.9842823620452228,1.0865968793608476,0.5297682849953984,-0.5867392072014149,0.9743470945216173,-0.47427438062489824,-0.3149222647352744,1.51488357042844,5.79,33.08,63.94,0.176,1.193,1.029,72.22280872411429,-29.82486122899309,-60.61641349798707,25.539423785832646,1,0,0,0,0
635,635,1777638157.2948802,4672.12,1.9646299232736109,-0.07312763986872817,-1.8069108362468942,-0.0034268950720592883,1.9846288502647123,1.087052330067689,0.5292487782542155,-0.586732092405978,0.9746859619294153,-0.4748915223489512,-0.314930046500954,1.514706550713148,5.79,33.08,63.94,0.176,1.193,1.029,72.22280872411429,-29.846304637466822,-60.60196981280102,25.548648776322384,1,0,0,0,0
636,636,1777638157.2949836,4672.128,1.963938892618721,-0.07350951349736601,-1.806850903328506,-0.003357677668228476,1.9849758383968485,1.0875080219335245,0.5287776619417843,-0.5868216435332583,0.9749658991422211,-0.4753379742576145,-0.314905271670815,1.5144859814203608,5.79,33.08,63.94,0.176,1.193,1.029,72.22280872411429,-29.867426076261047,-60.58874325421496,25.55533506831604,1,0,0,0,0
637,637,1777638157.302072,4672.1359999999995,1.9632475066021324,-0.07389146984246509,-1.8067902744940048,-0.0032886936410871925,1.9853233262979373,1.0879639545843909,0.5282348812311958,-0.5868176620723621,0.9753332649611661,-0.47600705649406616,-0.3149286282747971,1.5142918827672582,5.79,33.08,63.94,0.176,1.193,1.029,72.22280872411429,-29.89080414411112,-60.57336197241642,25.564462579467687,1,0,0,0,0
638,638,1777638157.3022337,4672.144,1.9625557656874666,-0.07427350839543934,-1.8067289497201546,-0.0032199430561385967,1.9856713138224102,1.0884201276455527,0.5277716237507795,-0.5868584671424548,0.9756187865863303,-0.4764715199966688,-0.3148453616433712,1.5140976332514928,5.79,33.08,63.94,0.176,1.193,1.029,72.22280872411429,-29.91060684911097,-60.559079205909384,25.57513682564199,1,0,0,0,0
639,639,1777638157.3058429,4672.152,1.961863670340308,-0.07465562864824715,-1.8066669289837094,-0.0031514259787357446,1.9860198008228223,1.0888765407415024,0.5272651308495551,-0.5868807017580995,0.9759145363920313,-0.4770466475919618,-0.31482741947892295,1.5138925296444046,5.79,33.08,63.94,0.176,1.193,1.029,72.22280872411429,-29.933004780725835,-60.54412005348213,25.584347788180658,1,0,0,0,0
640,640,1777638157.3059893,4672.16,1.9611712210282062,-0.07503783009339582,-1.8066042122614192,-0.0030831424740807023,1.9863687871498505,1.0893331934959598,0.5267721524568828,-0.5869150338630275,0.9762333839105668,-0.4775872876960439,-0.3148391584795547,1.5136958190506136,5.79,33.08,63.94,0.176,1.193,1.029,72.22280872411429,-29.954304263334322,-60.53061457895411,25.591374617118532,1,0,0,0,0
641,641,1777638157.3060462,4672.168,1.960478418220677,-0.07542011222394329,-1.8065407995300262,-0.0030150926072245454,1.9867182726522923,1.0897900855318723,0.5263235947374565,-0.5869025337336692,0.9765460090891677,-0.47816733199818456,-0.3148033411200054,1.5135972267344704,5.79,33.08,63.94,0.176,1.193,1.029,72.22280872411429,-29.970303563800535,-60.5175600072407,25.60351411552067,1,0,0,0,0
642,642,1777638157.3101387,4672.1759999999995,1.9597852623892038,-0.07580247453350442,-1.8064766907662655,-0.0029472764430718,1.9870682571770624,1.0902472164714154,0.5258067067800267,-0.5869348963241274,0.9768609759457569,-0.4786762523672324,-0.3148084033837389,1.5133498375478711,5.79,33.08,63.94,0.176,1.193,1.029,72.22280872411429,-29.994122945142934,-60.50329504323523,25.609333799669137,1,0,0,0,0
643,643,1777638157.3103683,4672.184,1.9590917540072388,-0.07618491651624915,-1.806411885946864,-0.002879694046379555,1.9874187405691925,1.090704585935992,0.5253352209711615,-0.5869317192936225,0.9771970325694299,-0.47923063130292515,-0.3147581510597329,1.513212351550697,5.79,33.08,63.94,0.176,1.193,1.029,72.22280872411429,-30.012029631082832,-60.489465854141166,25.621020629625477,1,0,0,0,0
644,644,1777638157.3154156,4672.192,1.9583978935502042,-0.07656743766691054,-1.8063463850485437,-0.0028123454817601257,1.9877697226718292,1.0911621935462334,0.5248225553268893,-0.5869812443322088,0.977518874208766,-0.4798037117842799,-0.31480581665190777,1.5129959726545383,5.79,33.08,63.94,0.176,1.193,1.029,72.22280872411429,-30.035082596161757,-60.47575449484839,25.626373752846206,1,0,0,0,0
645,645,1777638157.3223922,4672.192,1.9583978935502042,-0.07656743766691054,-1.8063463850485437,-0.0028123454817601257,1.9877697226718292,1.0911621935462334,0.5248225553268893,-0.5869812443322088,0.977518874208766,-0.4798037117842799,-0.31480581665190777,1.5129959726545383,4.38,33.59,62.29,0.157,1.261,1.015,70.90498289965241,-31.0362475096534,-58.88751540833353,24.423932311419755,0,1,0,0,0
646,646,1777638157.3226047,4672.2,1.957703681495494,-0.07695003748078388,-1.8062801880480155,-0.002745230813684607,1.9881212033262312,1.0916200389219979,0.5243283256218869,-0.5870003351039526,0.9778281253584192,-0.48038755299551283,-0.31468932907211405,1.512815117694421,4.38,33.59,62.29,0.157,1.261,1.015,70.90498289965241,-31.05654575508942,-58.870947579235,24.43806655373949,1,0,0,0,0
647,647,1777638157.3233178,4672.208,1.9570091183224751,-0.07733271545373199,-1.806213294921987,-0.002678350106478433,1.9884731823717687,1.0920781216823716,0.5238212665042393,-0.5869903299805871,0.978168419490804,-0.48094198196776666,-0.3147193139983402,1.512587563432614,4.38,33.59,62.29,0.157,1.261,1.015,70.90498289965241,-31.07911588428575,-58.85702118315636,24.4429174465042,1,0,0,0,0
648,648,1777638157.323474,4672.215999999999,1.9563142045124882,-0.07771547108218702,-1.8061457056471548,-0.0026117034243311466,1.9888256596459213,1.0925364414456689,0.523397026488114,-0.5870476436539828,0.9784459774727751,-0.48141058379559093,-0.31473165695073435,1.5124853108384406,4.38,33.59,62.29,0.157,1.261,1.015,70.90498289965241,-31.092872654472355,-58.847109705464156,24.44928525347583,1,0,0,0,0
649,649,1777638157.3235843,4672.224,1.9556189405488493,-0.07809830386315486,-1.8060774202002081,-0.0025452908312910694,1.9891786349842755,1.0929949978294315,0.5229026421204932,-0.586995680982509,0.9787892701285308,-0.4819913392912653,-0.3146839158092284,1.5123405458411796,4.38,33.59,62.29,0.157,1.261,1.015,70.90498289965241,-31.110982492164496,-58.832978983845344,24.460252497851414,1,0,0,0,0
650,650,1777638157.3238535,4672.232,1.954923326916851,-0.07848121329421609,-1.8060084385578286,-0.0024791123912697444,1.9895321082205246,1.0934537904504296,0.522427904885636,-0.5870314632970204,0.979094601485142,-0.48252142297300976,-0.31468937524068036,1.512143435940568,4.38,33.59,62.29,0.157,1.261,1.015,70.90498289965241,-31.131343243485087,-58.819621724073954,24.466470282677932,1,0,0,0,0
651,651,1777638157.329952,4672.24,1.9542273641037633,-0.07886419887353036,-1.8059387606966872,-0.0024131681680454875,1.9898860791864657,1.0939128189246605,0.5219614252764938,-0.587061366220056,0.9793906290582909,-0.4830451759525327,-0.3147129868025232,1.5119688581492865,4.38,33.59,62.29,0.157,1.261,1.015,70.90498289965241,-31.150266992664704,-58.8073117642505,24.47197477417684,1,0,0,0,0
652,652,1777638157.330113,4672.248,1.9535310525988356,-0.07924726009984084,-1.80586838659345,-0.0023474582252625,1.9902405477119982,1.09437208286735,0.5214626012882055,-0.5870497300765034,0.9797250900923815,-0.4836418623553655,-0.314659017481249,1.5118243547060692,4.38,33.59,62.29,0.157,1.261,1.015,70.90498289965241,-31.168614231205723,-58.792770492955356,24.483550083044676,1,0,0,0,0
653,653,1777638157.3342755,4672.255999999999,1.952834392893297,-0.07963039647247339,-1.805797316224771,-0.002281982626429979,1.9905955136251228,1.0948315818929517,0.5210056844242597,-0.587068822199764,0.9800463717581553,-0.4841535344296248,-0.3146533625298852,1.5116825161542884,4.38,33.59,62.29,0.157,1.261,1.015,70.90498289965241,-31.18540194151247,-58.780780121547565,24.49096147660578,1,0,0,0,0
654,654,1777638157.3413537,4672.264,1.9521373854803579,-0.08001360749134356,-1.8057255495672964,-0.002216741434931002,1.990950976751939,1.0952913156151471,0.5204982426217069,-0.5870917615388982,0.9803428770016551,-0.48471200399130615,-0.3146374639310578,1.5114540342438343,4.38,33.59,62.29,0.157,1.261,1.015,70.90498289965241,-31.208064517722356,-58.76570443946957,24.498271179627842,1,0,0,0,0
655,655,1777638157.3487334,4672.272,1.951440030855211,-0.08039689265695671,-1.8056530865976628,-0.002151734714018083,1.9913069369166447,1.0957512836468462,0.5200450694330638,-0.5870937048002041,0.9806475717012694,-0.48524709146449546,-0.3145978397293441,1.5113152171929605,4.38,33.59,62.29,0.157,1.261,1.015,70.90498289965241,-31.225053321653313,-58.7526272210725,24.50798726296382,1,0,0,0,0
656,656,1777638157.3559492,4672.28,1.9507423295150321,-0.08078025147041323,-1.8055799272924986,-0.002086962526817615,1.9916633939415331,1.0962114856001866,0.5195532314522715,-0.587225299543815,0.9808992535991965,-0.4857067630315794,-0.31456964752997896,1.5110722071716507,4.38,33.59,62.29,0.157,1.261,1.015,70.90498289965241,-31.246938010216954,-58.73855123001568,24.513834142877037,1,0,0,0,0
657,657,1777638157.3641944,4672.288,1.950044281958982,-0.08116368343340952,-1.8055060716284208,-0.0020224249363280933,1.9920203476469922,1.0966719210865346,0.5190136255685034,-0.5872431320261815,0.9812406900392219,-0.48631161195833184,-0.31457298090414604,1.5108037815932174,4.38,33.59,62.29,0.157,1.261,1.015,70.90498289965241,-31.27270346896357,-58.72216455505574,24.520236697699872,1,0,0,0,0
658,658,1777638157.3703127,4672.295999999999,1.949345888688207,-0.08154718804824324,-1.8054315195820374,-0.001958122005428997,1.9923777978515025,1.0971325897164843,0.5186068242518361,-0.5873019953855051,0.9814873763750704,-0.48672336588493753,-0.3146321566773939,1.510684844294356,4.38,33.59,62.29,0.157,1.261,1.015,70.90498289965241,-31.28648135320569,-58.71382066284902,24.522641531986626,1,0,0,0,0
659,659,1777638157.382461,4672.304,1.9486471502058396,-0.08193076481781514,-1.8053562711299458,-0.001894053796874573,1.9927357443716365,1.0975934910998586,0.5180944948517735,-0.5873705587062178,0.9818095510048301,-0.4872675213502699,-0.3146954091103067,1.5104544591841207,4.38,33.59,62.29,0.157,1.261,1.015,70.90498289965241,-31.30899720179511,-58.70069533767846,24.52532693137934,1,0,0,0,0
660,660,1777638157.387395,4672.312,1.9479480670170006,-0.08231441324562994,-1.8052803262487345,-0.0018302203733009392,1.993094187022056,1.0980546248457084,0.5176028928132849,-0.5873865471195949,0.9821305487994614,-0.48780455817711793,-0.31462353053740816,1.5102572456772647,4.38,33.59,62.29,0.157,1.261,1.015,70.90498289965241,-31.329441047924178,-58.68543371041482,24.53574115133169,1,0,0,0,0
661,661,1777638157.3919435,4672.32,1.9472486396287993,-0.0826981328358043,-1.8052036849149786,-0.0017666217972243103,1.9934531256155112,1.098515990562313,0.5171151425713474,-0.5874676342852115,0.9824015462032856,-0.4883241136941232,-0.3145936654010531,1.5100453450375861,4.38,33.59,62.29,0.157,1.261,1.015,70.90498289965241,-31.3504573430097,-58.671050337354764,24.543293925137874,1,0,0,0,0
662,662,1777638157.3991976,4672.3279999999995,1.946548868550334,-0.08308192309306506,-1.8051263471052454,-0.0017032581310445494,1.9938125599628396,1.098977587857181,0.5166449027361714,-0.5874417085429726,0.9827428427002105,-0.48886804408950485,-0.3145572052740408,1.5099084794366868,4.38,33.59,62.29,0.157,1.261,1.015,70.90498289965241,-31.367453973977465,-58.657915404688424,24.552971135217476,1,0,0,0,0
663,663,1777638157.4066806,4672.336,1.9458487542926945,-0.08346578352275635,-1.8050483127960897,-0.0016401294370487207,1.9941724898729634,1.0994394163370487,0.5161508684296298,-0.587502305802776,0.9830224326645636,-0.48936841546777093,-0.314548114449695,1.5096500828054795,4.38,33.59,62.29,0.157,1.261,1.015,70.90498289965241,-31.390883104671815,-58.64318930422145,24.558204456720283,1,0,0,0,0
664,664,1777638157.4134748,4672.344,1.9451482973689618,-0.08384971363083782,-1.8049695819640554,-0.0015772357774075374,1.994532915152889,1.0999014756078813,0.5157058609479344,-0.5875123117993237,0.98332511534796,-0.48984551543502275,-0.3145540696863937,1.509472216004186,4.38,33.59,62.29,0.157,1.261,1.015,70.90498289965241,-31.40918636475195,-58.63112484708834,24.56360745227419,1,0,0,0,0
665,665,1777638157.4208016,4672.352,1.9444474982942095,-0.08423371292389259,-1.8048901545856744,-0.0015145772141842428,1.9948938356077053,1.1003637652748732,0.5151929098646804,-0.5874649702548826,0.9836766398499069,-0.4905224763631627,-0.31445640035974287,1.5093485305247725,4.38,33.59,62.29,0.157,1.261,1.015,70.90498289965241,-31.427585564591713,-58.614703138996646,24.579260393827205,1,0,0,0,0
666,666,1777638157.424003,4672.352,1.9444474982942095,-0.08423371292389259,-1.8048901545856744,-0.0015145772141842428,1.9948938356077053,1.1003637652748732,0.5151929098646804,-0.5874649702548826,0.9836766398499069,-0.4905224763631627,-0.31445640035974287,1.5093485305247725,4.05,33.91,61.99,0.158,1.289,0.992,70.7746472968958,-31.84349274040516,-58.31182232304303,24.387989819942575,0,1,0,0,0
667,667,1777638157.432936,4672.36,1.9437463575855043,-0.08461778090912642,-1.8048100306374675,-0.00145215380933017,1.9952552510405823,1.1008262849424477,0.5147165220073591,-0.5875224139752501,0.9839512651147493,-0.49104267971811016,-0.3144623774463997,1.5092063966659068,4.05,33.91,61.99,0.158,1.289,0.992,70.7746472968958,-31.860286150536304,-58.299895917296,24.394569117703174,1,0,0,0,0
668,668,1777638157.438335,4672.3679999999995,1.9430448757619079,-0.08500191709437477,-1.8047292100959433,-0.0013899656246891823,1.9956171612527696,1.1012890342142565,0.5142104741599622,-0.5875002009655156,0.9842986904081805,-0.4916247189138252,-0.3143903506355912,1.508993242087134,4.05,33.91,61.99,0.158,1.289,0.992,70.7746472968958,-31.88224479437572,-58.283434605501775,24.405212915639538,1,0,0,0,0
669,669,1777638157.4423592,4672.376,1.9423430533444763,-0.08538612098810017,-1.804647692937598,-0.0013280127219985616,1.995979566043595,1.1017520126931812,0.5137022612356471,-0.587577675994201,0.9845861675153224,-0.49214776855060904,-0.31443760254236297,1.5087704895763379,4.05,33.91,61.99,0.158,1.289,0.992,70.7746472968958,-31.903788980037934,-58.27040721515087,24.408166496025522,1,0,0,0,0
670,670,1777638157.4494112,4672.384,1.9416408908562621,-0.08577039209940196,-1.8045654791389172,-0.0012662951628934493,1.9963424652104638,1.102215219981332,0.5131920002534494,-0.5876471172899373,0.9849031483154658,-0.4926957225420889,-0.3144479709813073,1.508540137440704,4.05,33.91,61.99,0.158,1.289,0.992,70.7746472968958,-31.92618139546784,-58.255941839156705,24.41341602349974,1,0,0,0,0
671,671,1777638157.4569228,4672.392,1.9409383888223148,-0.08615472993801188,-1.8044825686763701,-0.0012048130089059583,1.996705858548856,1.1026786556800485,0.5127009163426439,-0.5876359965403407,0.9852356554640145,-0.4932434644398391,-0.3144238378425281,1.5083799955520694,4.05,33.91,61.99,0.158,1.289,0.992,70.7746472968958,-31.94446451266277,-58.24242055339968,24.42175945914124,1,0,0,0,0
672,672,1777638157.4643779,4672.4,1.9402355477696815,-0.08653913401430469,-1.8043989615264149,-0.001143566321467837,1.9970697458523265,1.1031423193899,0.5122280360384197,-0.5877028322371931,0.9855261751314358,-0.4937151328240518,-0.3144750125541106,1.5081868635139468,4.05,33.91,61.99,0.158,1.289,0.992,70.7746472968958,-31.963426442541373,-58.23104773368203,24.424069069053424,1,0,0,0,0
673,673,1777638157.4711332,4672.407999999999,1.9395323682274075,-0.08692360383929554,-1.8043146576654987,-0.00108255516191047,1.997434126912503,1.1036062107106852,0.511746803530189,-0.5877728909043862,0.9858130418894696,-0.4942017001806077,-0.3144700494896032,1.5079835214982213,4.05,33.91,61.99,0.158,1.289,0.992,70.7746472968958,-31.983229424218962,-58.2178994252891,24.429488781075555,1,0,0,0,0
674,674,1777638157.4782653,4672.416,1.9388288507265377,-0.08730813892464617,-1.8042296570700502,-0.001021779591471983,1.9977990015190852,1.1040703292414322,0.5112421597224382,-0.5877624323404315,0.9861748789149352,-0.4948359749975948,-0.3144701377833138,1.5078108601414246,4.05,33.91,61.99,0.158,1.289,0.992,70.7746472968958,-32.00363870909486,-58.20318124577531,24.43782932768689,1,0,0,0,0
675,675,1777638157.489013,4672.424,1.9381249958001165,-0.08769273878266493,-1.8041439597164892,-0.0009612396712936899,1.9981643694598428,1.1045346745803997,0.5107008087839111,-0.5877354819162504,0.9865323148094348,-0.4954753671840977,-0.3144192695015009,1.5075708762261972,4.05,33.91,61.99,0.158,1.289,0.992,70.7746472968958,-32.028065148205236,-58.18555407576741,24.447802350278188,1,0,0,0,0
676,676,1777638157.4930937,4672.432,1.9374208039831897,-0.08807740292631383,-1.8040575655812185,-0.0009009354624245347,1.998530230520615,1.1049992463250755,0.5102137549169979,-0.587711314411311,0.9868738116891651,-0.4960929692620887,-0.31438754982775663,1.5074645304980403,4.05,33.91,61.99,0.158,1.289,0.992,70.7746472968958,-32.04432521014211,-58.17201351999879,24.45871551933436,1,0,0,0,0
677,677,1777638157.5882757,4672.44,1.936716275812804,-0.08846213086920773,-1.8039704746406269,-0.0008408670258202022,1.9988965844853086,1.1054640440721777,0.5097155468552587,-0.5877341684218972,0.9871766650549111,-0.49664381072309816,-0.3143621983746089,1.507247180314015,4.05,33.91,61.99,0.158,1.289,0.992,70.7746472968958,-32.065977690481716,-58.15697591501238,24.46609750602247,1,0,0,0,0
678,678,1777638157.588761,4672.447999999999,1.936011411828008,-0.08884692212562051,-1.8038826868710913,-0.0007810344223511123,1.9992634311358979,1.1059290674176547,0.5092185156231934,-0.5877211204781735,0.9875068312374179,-0.4972321316289951,-0.31434088592604137,1.5071034173120532,4.05,33.91,61.99,0.158,1.289,0.992,70.7746472968958,-32.08393871847096,-58.14322383655811,24.475234385012534,1,0,0,0,0
679,679,1777638157.6004362,4672.456,1.935306212569854,-0.08923177621048417,-1.8037942022489686,-0.0007214377127979787,1.9996307702524223,1.1063943159566851,0.508723580755668,-0.5877159155740488,0.9878322790797777,-0.49779799379994194,-0.3142823240723089,1.5068999579648799,4.05,33.91,61.99,0.158,1.289,0.992,70.7746472968958,-32.10502044413249,-58.127513677331265,24.484903838355176,1,0,0,0,0
680,680,1777638157.6006167,4672.464,1.9346006785813965,-0.08961669263939598,-1.8037050207506056,-0.0006620769578571384,1.9999986016129856,1.106859789283678,0.5081871308849163,-0.5876766882924505,0.9881945619172969,-0.49849492773170667,-0.314146933175215,1.5067227706752298,4.05,33.91,61.99,0.158,1.289,0.992,70.7746472968958,-32.12670482491188,-58.10852650096508,24.5015241358496,1,0,0,0,0
681,681,1777638157.6006925,4672.472,1.933894810407695,-0.09000167092862021,-1.8036151423523314,-0.0006029522181396629,2.0003669249937555,1.1073254869922735,0.5077162257266954,-0.5877090551434707,0.9885048997645505,-0.49900265832879753,-0.31422855471487576,1.5065580935536105,4.05,33.91,61.99,0.158,1.289,0.992,70.7746472968958,-32.14455267068027,-58.0979258829328,24.50325369625648,1,0,0,0,0
682,682,1777638157.6046987,4672.48,1.933188608595813,-0.09038671059508907,-1.8035245670304585,-0.0005440635541784644,2.000735740168961,1.107791408675342,0.5071834290256891,-0.5877654008273432,0.9888019059381181,-0.4995618402766385,-0.31418869287192186,1.5063057343177142,4.05,33.91,61.99,0.158,1.289,0.992,70.7746472968958,-32.16836336678217,-58.081526120843876,24.51088374123617,1,0,0,0,0
683,683,1777638157.6059227,4672.487999999999,1.9324820736948196,-0.09077181115640887,-1.8034332947612848,-0.00048541102642385425,2.001105046910893,1.1082575539249848,0.5067025973147921,-0.5877815336871006,0.9891186608909937,-0.5001226957739303,-0.3141890250332868,1.5061252387325632,4.05,33.91,61.99,0.158,1.289,0.992,70.7746472968958,-32.187999371117805,-58.06779105470566,24.517647491388,1,0,0,0,0
684,684,1777638157.6069202,4672.496,1.9317752062557896,-0.09115697213086094,-1.8033413255210915,-0.0004269946952506487,2.0014748449899016,1.108723922332535,0.5061971231649857,-0.5878179487532986,0.9894296011446981,-0.5006759513593328,-0.31416238733075263,1.5059634427693755,4.05,33.91,61.99,0.158,1.289,0.992,70.7746472968958,-32.20642160120489,-58.05402384110405,24.526056011963394,1,0,0,0,0
685,685,1777638157.606956,4672.496,1.9317752062557896,-0.09115697213086094,-1.8033413255210915,-0.0004269946952506487,2.0014748449899016,1.108723922332535,0.5061971231649857,-0.5878179487532986,0.9894296011446981,-0.5006759513593328,-0.31416238733075263,1.5059634427693755,4.3,33.44,62.33,0.115,1.325,1.011,70.86432459284431,-31.693561159379325,-58.41696372544017,24.591238889842234,0,1,0,0,0
686,686,1777638157.606981,4672.504,1.931068006831804,-0.09154219303740341,-1.8032486592861439,-0.00036881462095816886,2.0018451341743964,1.109190513488556,0.5057189669022268,-0.5878461034010987,0.9897542487005845,-0.5012074121933106,-0.31414089334537787,1.5057785580078042,4.3,33.44,62.33,0.115,1.325,1.011,70.86432459284431,-31.71306259117412,-58.403174881366596,24.59884803938555,1,0,0,0,0
687,687,1777638157.608113,4672.512,1.930360475977951,-0.0919274733956792,-1.8031552960326875,-0.00031087086376935247,2.0022159142308453,1.1096573269828436,0.5052335715693587,-0.5878513191470048,0.990055622072062,-0.5017588557687475,-0.3141230497201563,1.505608139472522,4.3,33.44,62.33,0.115,1.325,1.011,70.86432459284431,-31.732036612592676,-58.389484961780035,24.60687705327799,1,0,0,0,0
688,688,1777638157.60815,4672.5199999999995,1.9296526142513253,-0.09231281272601333,-1.803061235736954,-0.0002531634838396357,2.002587184923772,1.1101243624044244,0.504771737140644,-0.5879151677124861,0.9903493505068893,-0.5022723098784131,-0.3141411320340868,1.505421226994205,4.3,33.44,62.33,0.115,1.325,1.011,70.86432459284431,-31.751348259026692,-58.37684011783891,24.611967040248445,1,0,0,0,0
689,689,1777638157.6081755,4672.527999999999,1.9289444222110297,-0.09269821054941918,-1.802966478375156,-0.00019569254125162416,2.0029589460157573,1.1105916193415575,0.5042603047613425,-0.5878743575371357,0.9907014693129511,-0.502889398946056,-0.3140983011735901,1.5052804341876869,4.3,33.44,62.33,0.115,1.325,1.011,70.86432459284431,-31.769652074415582,-58.36220293591289,24.62305780235065,1,0,0,0,0
690,690,1777638157.60825,4672.536,1.9282359004181757,-0.09308366638760202,-1.8028710239234877,-0.00013845809602219816,2.003331197267436,1.1110590973817336,0.5037549228657373,-0.5878875711876169,0.9910212667936482,-0.5034973739066063,-0.3141000717938953,1.505072233416986,4.3,33.44,62.33,0.115,1.325,1.011,70.86432459284431,-31.79174507411301,-58.34709163894239,24.630354086359965,1,0,0,0,0
691,691,1777638157.6082911,4672.544,1.927527049435883,-0.09346917976295899,-1.8027748723581265,-8.146020810162469e-05,2.003703938437497,1.1115267961116757,0.5033038869625598,-0.58784511757435,0.9913454984500603,-0.50403471682167,-0.31404578124354054,1.50494681608657,4.3,33.44,62.33,0.115,1.325,1.011,70.86432459284431,-31.807846551704205,-58.33388051765935,24.6408559407883,1,0,0,0,0
692,692,1777638157.608317,4672.552,1.9268178698292808,-0.09385475019858358,-1.8026780236552309,-2.4698937377110042e-05,2.004077169282682,1.1119947151173388,0.5028358401178575,-0.5878808357754501,0.9916486725086492,-0.5045388631309461,-0.3140639659469393,1.5047711298109094,4.3,33.44,62.33,0.115,1.325,1.011,70.86432459284431,-31.826334400579004,-58.321650973414364,24.64593204481737,1,0,0,0,0
693,693,1777638157.6083522,4672.5599999999995,1.9261119103677613,-0.0942384490258874,-1.8025809672333555,3.1543636020198774e-05,2.0044490198181464,1.1124605128439995,0.5023286838668163,-0.5879612723499728,0.9919332633216289,-0.5050324894690367,-0.31402659534747357,1.504555718294744,4.3,33.44,62.33,0.115,1.325,1.011,70.86432459284431,-31.846987205860092,-58.30735299139022,24.653082830494064,1,0,0,0,0
694,694,1777638157.6159205,4672.568,1.9254134516979626,-0.09461795254874072,-1.8024843069817482,8.693326192680035e-05,2.0048172275594953,1.1129213650361507,0.5018449235419566,-0.5879096744922122,0.9922751244074434,-0.5056656153114513,-0.31397058452206694,1.5043971183891363,4.3,33.44,62.33,0.115,1.325,1.011,70.86432459284431,-31.866580957054172,-58.29169053832194,24.66479945777015,1,0,0,0,0
695,695,1777638157.6227646,4672.576,1.9247225863682524,-0.09499321418881657,-1.802388076995829,0.00014147075444622968,2.0051817336009066,1.113377210264722,0.5013910194559581,-0.5879349126010136,0.992584833298281,-0.5062032671936201,-0.3139250034040859,1.5042706174356384,4.3,33.44,62.33,0.115,1.325,1.011,70.86432459284431,-31.882737718662575,-58.27863038984616,24.674780149915616,1,0,0,0,0
696,696,1777638157.6304421,4672.584,1.9240393256830701,-0.09536423159046858,-1.8022922999527111,0.00019516363581541,2.0055425217866785,1.1138280408726744,0.5009441472050328,-0.5880135119816114,0.9928360392318148,-0.5066251482210323,-0.31399505366508973,1.5040840049408815,4.3,33.44,62.33,0.115,1.325,1.011,70.86432459284431,-31.900502243913877,-58.26867637762889,24.675327956993748,1,0,0,0,0
697,697,1777638157.6366959,4672.592,1.923363680631197,-0.09573100256672173,-1.8021969982327093,0.0002480194635043212,2.0058995761945697,1.114273849470157,0.5005077375091611,-0.5879719655096954,0.9931524665346201,-0.5071939168031385,-0.31401387356628685,1.5040094634862522,4.3,33.44,62.33,0.115,1.325,1.011,70.86432459284431,-31.914102214286896,-58.257839032385036,24.68332982263051,1,0,0,0,0
698,698,1777638157.6435933,4672.599999999999,1.9226956620463784,-0.09609352498071555,-1.8021021939580963,0.00030004571083201844,2.0062528810980145,1.1147146287737457,0.5000667335502467,-0.5880694627319507,0.9933668266948958,-0.5075782756504728,-0.3139985420022515,1.503783710844421,4.3,33.44,62.33,0.115,1.325,1.011,70.86432459284431,-31.933562380495687,-58.245589291769875,24.6870699303391,1,0,0,0,0
699,699,1777638157.6513603,4672.608,1.9220352806084697,-0.0964517967445433,-1.802007908993148,0.0003512497665499893,2.0066024209657742,1.1151503716054438,0.4996172295864513,-0.5880142916542213,0.9937150860065346,-0.5081871165036478,-0.3139224640038396,1.5036908406004428,4.3,33.44,62.33,0.115,1.325,1.011,70.86432459284431,-31.94890470062042,-58.231453465837404,24.700563064162864,1,0,0,0,0
700,700,1777638157.6597686,4672.616,1.9213825468442622,-0.09680581581836467,-1.8019141649441046,0.0004016389347306876,2.006948180461669,1.1155810708920182,0.499141849622574,-0.588055274968202,0.993988992080821,-0.508672200479279,-0.3138766363826722,1.5034560787861841,4.3,33.44,62.33,0.115,1.325,1.011,70.86432459284431,-31.97052862012581,-58.21659937093158,24.707597160269636,1,0,0,0,0
701,701,1777638157.6652834,4672.624,1.9207374711283078,-0.09715558020952564,-1.8018209831591276,0.000451220434658934,2.007290144444304,1.1160067196643424,0.4987580107689994,-0.5880878083280072,0.994234704659806,-0.5090839857684294,-0.31388306999606963,1.5033612468302826,4.3,33.44,62.33,0.115,1.325,1.011,70.86432459284431,-31.982760338873582,-58.20758154929338,24.713012590304224,1,0,0,0,0
702,702,1777638157.6726403,4672.632,1.9201000636837386,-0.09750108797169776,-1.8017283847282668,0.000500001400726917,2.007628297966794,1.1164273110567464,0.49832231696227064,-0.5881423756137748,0.9945241408323413,-0.5095332347307588,-0.3139050607605475,1.5031802641386505,4.3,33.44,62.33,0.115,1.325,1.011,70.86432459284431,-32.00063300936513,-58.19619059879041,24.716702587302947,1,0,0,0,0
703,703,1777638157.6799655,4672.639999999999,1.9194703345830868,-0.09784233720402735,-1.8016363904834147,0.0005479888823275818,2.0079626262764827,1.1168428383063684,0.497877862877791,-0.5881253398381596,0.994798650400812,-0.5100559000239082,-0.3138071717433832,1.5030309640759472,4.3,33.44,62.33,0.115,1.325,1.011,70.86432459284431,-32.01787255690649,-58.18159012181751,24.728746588262844,1,0,0,0,0
704,704,1777638157.6872022,4672.648,1.9188482937490994,-0.098179326050297,-1.8015450209982706,0.000595189843752405,2.0082931148146606,1.1172532947525136,0.497443329591315,-0.58820177655262,0.9950654546612215,-0.510527540260941,-0.31385679113642684,1.5028184390261774,4.3,33.44,62.33,0.115,1.325,1.011,70.86432459284431,-32.03793909032151,-58.16968441776945,24.730765729794104,1,0,0,0,0
705,705,1777638157.693851,4672.656,1.9182339509555504,-0.09851205269810048,-1.8014542965883056,0.0006416111640894513,2.0086197492162765,1.1176586738360188,0.4970067617915121,-0.5881274510705397,0.9953785001436235,-0.5110890809979828,-0.31383871427290855,1.5027330636956073,4.3,33.44,62.33,0.115,1.325,1.011,70.86432459284431,-32.05204569119036,-58.15783249419723,24.74035946761368,1,0,0,0,0
706,706,1777638157.7014406,4672.664,1.9176273158280488,-0.09884051537803096,-1.8013642373107182,0.0006872596371234066,2.0089425153096503,1.1180589690986216,0.49657560313181326,-0.5881848209699618,0.9956505970608256,-0.5114997473962012,-0.3137142563019662,1.502467738374027,4.3,33.44,62.33,0.115,1.325,1.011,70.86432459284431,-32.07424829955102,-58.14162784314843,24.74967086180291,1,0,0,0,0
707,707,1777638157.710355,4672.672,1.9170283978448441,-0.09916471236287805,-1.801274862964405,0.0007321419712372288,2.0092613991161805,1.118454174182335,0.49613995503886116,-0.5881880932533092,0.9959001221188633,-0.5119982257588144,-0.3137542894881712,1.5023055352841128,4.3,33.44,62.33,0.115,1.325,1.011,70.86432459284431,-32.09180091944651,-58.13027675419593,24.75358031128426,1,0,0,0,0
708,708,1777638157.7163036,4672.672,1.9170283978448441,-0.09916471236287805,-1.801274862964405,0.0007321419712372288,2.0092613991161805,1.118454174182335,0.49613995503886116,-0.5881880932533092,0.9959001221188633,-0.5119982257588144,-0.3137542894881712,1.5023055352841128,3.65,32.79,60.86,0.197,1.114,1.051,69.22749598244906,-31.69071537609682,-56.78903285948305,23.730792355835383,0,1,0,0,0
709,709,1777638157.7164824,4672.679999999999,1.9164372063376263,-0.09948464196684359,-1.8011861930899187,0.0007762647893151159,2.009576386850049,1.1188442828288288,0.49572841475171636,-0.5882024942650674,0.996185805564963,-0.5124838684265155,-0.313704017656504,1.5021422542997582,3.65,32.79,60.86,0.197,1.114,1.051,69.22749598244906,-31.707609307766383,-56.776167612041576,23.73900805163113,1,0,0,0,0
710,710,1777638157.7232661,4672.688,1.9158537504923219,-0.09980030254476446,-1.801098246969433,0.0008196346286474885,2.0098874649179264,1.1192292888788147,0.4953567817564599,-0.5881288501515153,0.9964718431720081,-0.5130215559718855,-0.31362898190819005,1.5021126824832318,3.65,32.79,60.86,0.197,1.114,1.051,69.22749598244906,-31.71770196862544,-56.76517276136047,23.75181557696911,1,0,0,0,0
711,711,1777638157.7303824,4672.696,1.9152780393498867,-0.10011169249134877,-1.8010110436267066,0.0008622579408366138,2.0101946199186735,1.1196091862714397,0.494978708237646,-0.5881433870120317,0.9967259326226925,-0.5134201335345586,-0.31361601510361736,1.5019624000857008,3.65,32.79,60.86,0.197,1.114,1.051,69.22749598244906,-31.73247563992902,-56.75484535852742,23.75676152363679,1,0,0,0,0
712,712,1777638157.7396173,4672.704,1.9147100818070917,-0.10041881024042532,-1.800924601827048,0.0009041410917049506,2.0104978386430403,1.1199839690436837,0.4945842672069598,-0.5881520576780486,0.9969686724529311,-0.5138611190453117,-0.31354988818082447,1.5017943445967157,3.65,32.79,60.86,0.197,1.114,1.051,69.22749598244906,-31.7489490047299,-56.74221142224959,23.764929623455394,1,0,0,0,0
713,713,1777638157.7453074,4672.7119999999995,1.9141498866173052,-0.10072165426420732,-1.8008389400772824,0.0009452903612040972,2.0107971080733664,1.1203536313297637,0.4941921612691736,-0.5881619594720884,0.9972448493985475,-0.514354663789071,-0.31356695229609605,1.5017007912713443,3.65,32.79,60.86,0.197,1.114,1.051,69.22749598244906,-31.76194566842227,-56.732418325092304,23.770942731472,1,0,0,0,0
714,714,1777638157.7518272,4672.719999999999,1.9135974623912702,-0.10102022307256142,-1.800754076625715,0.0009857119433248941,2.0110924153832768,1.1207181673605437,0.49379607951111937,-0.5882352654441946,0.9974474728560918,-0.5147470807205861,-0.313552430605738,1.5014687578275747,3.65,32.79,60.86,0.197,1.114,1.051,69.22749598244906,-31.781274898569844,-56.72015023666382,23.774383755458693,1,0,0,0,0
715,715,1777638157.7635243,4672.728,1.9130528175978747,-0.10131451521229717,-1.800670029462096,0.001025411946010271,2.01138374793738,1.1210775714629522,0.49343221010384775,-0.5882237587797453,0.99767824406521,-0.5151700436225409,-0.3135528543333876,1.5013460515054282,3.65,32.79,60.86,0.197,1.114,1.051,69.22749598244906,-31.794839602112496,-56.710396405809746,23.779514590753568,1,0,0,0,0
716,716,1777638157.767512,4672.736,1.9125159605649182,-0.10160452926646091,-1.8005868163175904,0.0010643963910678708,2.0116710932909627,1.121431838059403,0.49305244244087015,-0.5882921553965426,0.9979119983447773,-0.5155161353985124,-0.3135506038125551,1.5011204238663514,3.65,32.79,60.86,0.197,1.114,1.051,69.22749598244906,-31.813070597570395,-56.6992946500124,23.781604768078157,1,0,0,0,0
717,717,1777638157.7732234,4672.744,1.91198689947987,-0.10189026385364741,-1.8005044546647397,0.0011026712140857567,2.0119544391896858,1.1217809616672265,0.49271454416295835,-0.5883423350780996,0.9981099879324066,-0.5158725352363919,-0.3135011858572061,1.5010439154167727,3.65,32.79,60.86,0.197,1.114,1.051,69.22749598244906,-31.822994085255285,-56.69061095434678,23.789028502078494,1,0,0,0,0
718,718,1777638157.7807202,4672.7519999999995,1.9114656423906233,-0.10217171762731958,-1.8004229617174357,0.0011402422643485885,2.012233773569279,1.1221249368981043,0.49236280595505044,-0.5883624280212826,0.9983449052500453,-0.516315406209035,-0.3135057128589044,1.500934613381474,3.65,32.79,60.86,0.197,1.114,1.051,69.22749598244906,-31.836096569596126,-56.680952443137144,23.794511664461105,1,0,0,0,0
719,719,1777638157.787908,4672.76,1.9109521972062424,-0.10244888927514406,-1.8003423544308825,0.0011771153047547677,2.0125090845552354,1.1224637584575108,0.4920124706458753,-0.5884429721662913,0.998526764571225,-0.5166123202795017,-0.313494574302529,1.5007041350933534,3.65,32.79,60.86,0.197,1.114,1.051,69.22749598244906,-31.853837065466816,-56.67031094058725,23.79611569361373,1,0,0,0,0
720,720,1777638157.7948344,4672.768,1.9104465716977024,-0.10272177751833045,-1.8002626495015672,0.0012132960117361257,2.012780360462506,1.1227974211441627,0.4916423568325325,-0.5884525500814889,0.9987503238021631,-0.516984124937716,-0.31344104153245766,1.50052831630606,3.65,32.79,60.86,0.197,1.114,1.051,69.22749598244906,-31.869650841463773,-56.65885099776805,23.802230123580983,1,0,0,0,0
721,721,1777638157.85467,4672.776,1.9099487734986238,-0.10299038111099268,-1.8001838633672271,0.0012487899751776567,2.013047589795195,1.1231259198494739,0.4912968042795016,-0.5884449715472622,0.9989754900634354,-0.5174182938707438,-0.3134962524559267,1.5004531296274617,3.65,32.79,60.86,0.197,1.114,1.051,69.22749598244906,-31.88064080155623,-56.65130190428918,23.8054811888193,1,0,0,0,0
722,722,1777638157.8609388,4672.784,1.9094588101059975,-0.1032546988395131,-1.8001060122068209,0.0012836026983405128,2.0133107612462573,1.1234492495570187,0.4909279046445611,-0.5884938737392214,0.9991782687365209,-0.5178050863440452,-0.3134207736847083,1.500245122489153,3.65,32.79,60.86,0.197,1.114,1.051,69.22749598244906,-31.898527350383983,-56.63831371098084,23.8124247579562,1,0,0,0,0
723,723,1777638157.861103,4672.7919999999995,1.9089766888809063,-0.10351472952192342,-1.8000291119404963,0.0013177395977833383,2.013569863697191,1.123767405342,0.4906451494407311,-0.5885251141826074,0.9993584955561041,-0.5181078789217446,-0.31350586746683534,1.5001995342403438,3.65,32.79,60.86,0.197,1.114,1.051,69.22749598244906,-31.905772513749795,-56.63426490525989,23.812348035036266,1,0,0,0,0
724,724,1777638157.8640501,4672.8,1.908502417049235,-0.10377047200729628,-1.7999531782295595,0.0013512060032886976,2.0138248862177384,1.124080382370725,0.4902659153861936,-0.5884757002205963,0.9996388468584557,-0.5185948638858551,-0.3133903045645744,1.500051596970696,3.65,32.79,60.86,0.197,1.114,1.051,69.22749598244906,-31.92181610141062,-56.62023502510472,23.82420706948345,1,0,0,0,0
725,725,1777638157.8668523,4672.808,1.9080360017023763,-0.10402192517514397,-1.7998782264764488,0.001384007157786978,2.0140758180655807,1.1243881759000898,0.48995665620350315,-0.5885229381885383,0.9998115696800954,-0.5189012203857772,-0.3133525820786031,1.499914531322442,3.65,32.79,60.86,0.197,1.114,1.051,69.22749598244906,-31.93438991646678,-56.61111611939222,23.829025837825505,1,0,0,0,0
726,726,1777638157.8691874,4672.816,1.9075774497979254,-0.10426908793483491,-1.7998042718246996,0.001416148217284812,2.0143226486860404,1.1246907812770681,0.48964356086196975,-0.5885326597335269,1.0000143173976026,-0.5192350984335474,-0.313395415593137,1.4997611238652684,3.65,32.79,60.86,0.197,1.114,1.051,69.22749598244906,-31.948271285397333,-56.6029706352081,23.82976871781226,1,0,0,0,0
727,727,1777638157.8722277,4672.824,1.9071267681603703,-0.10451195922501633,-1.7997313291589219,0.001447634250792951,2.0145653677117803,1.1249881939382098,0.48935146147141106,-0.5885200248121764,1.0002125613101946,-0.5196201834579026,-0.3134014130190666,1.499726719486546,3.65,32.79,60.86,0.197,1.114,1.051,69.22749598244906,-31.956199415881493,-56.59609185422002,23.8354757813035,1,0,0,0,0
728,728,1777638157.874468,4672.831999999999,1.906683963481771,-0.10475053801305201,-1.7996594131047665,0.0014784702402560427,2.0148039649625074,1.1252804094091444,0.4890387483683026,-0.5885538724189274,1.000382432923121,-0.5199086509238531,-0.3133850021483328,1.4995435184717396,3.65,32.79,60.86,0.197,1.114,1.051,69.22749598244906,-31.971101885176928,-56.58660334874006,23.838019332570305,1,0,0,0,0
729,729,1777638157.8745642,4672.831999999999,1.906683963481771,-0.10475053801305201,-1.7996594131047665,0.0014784702402560427,2.0148039649625074,1.1252804094091444,0.4890387483683026,-0.5885538724189274,1.000382432923121,-0.5199086509238531,-0.3133850021483328,1.4995435184717396,3.99,32.7,60.62,0.227,1.081,1.093,68.99271338337114,-31.733561007528102,-56.33008067147536,24.081063459211478,0,1,0,0,0
730,730,1777638157.8747203,4672.84,1.9062490423224319,-0.10498482329446635,-1.7995885380289032,0.0015086610804831088,2.015038430444676,1.125567423304094,0.4887554771657292,-0.5885378670034128,1.0005742250065355,-0.5202883712931696,-0.31336372741768537,1.4994759240948021,3.99,32.7,60.62,0.227,1.081,1.093,68.99271338337114,-31.743344657872296,-56.32181331918405,24.087505357975772,1,0,0,0,0
731,731,1777638157.8747892,4672.848,1.9058220111115654,-0.10521481409240252,-1.7995187180389873,0.0015382115790802764,2.0152687543511947,1.1258492313253918,0.4884742159857924,-0.588545194402726,1.000775123530221,-0.5206168408282531,-0.3134019168899518,1.4993681967548136,3.99,32.7,60.62,0.227,1.081,1.093,68.99271338337114,-31.75457556407744,-56.31474808650584,24.08922121403438,1,0,0,0,0
732,732,1777638157.8819833,4672.856,1.9054028761479458,-0.10544050945709582,-1.7994499669836355,0.001567126456384072,2.015494927061135,1.1261258292630092,0.488171903199372,-0.5885794621774998,1.0009373465073124,-0.5209181537617306,-0.3133536366992028,1.4992423200826457,3.99,32.7,60.62,0.227,1.081,1.093,68.99271338337114,-31.76644025119233,-56.30572032193072,24.094680591282888,1,0,0,0,0
733,733,1777638157.887369,4672.864,1.9049916436005552,-0.10566190846534695,-1.799382298452401,0.0015954103453964333,2.015716939139441,1.1263972129940902,0.4878947250375354,-0.5885518426485614,1.0011255055845216,-0.5212737888408634,-0.3134005137937661,1.4991616316904728,3.99,32.7,60.62,0.227,1.081,1.093,68.99271338337114,-31.776559044728877,-56.299066922313756,24.096884839200598,1,0,0,0,0
734,734,1777638157.888807,4672.871999999999,1.9045883195092208,-0.10587901022001667,-1.7993157257757426,0.0016230677917204001,2.015934781336645,1.126663378482493,0.48759982065370316,-0.588621548187235,1.0012883686768026,-0.5215246577517381,-0.313384077225419,1.4989845756385018,3.99,32.7,60.62,0.227,1.081,1.093,68.99271338337114,-31.790517112242238,-56.29033175143494,24.098881157631137,1,0,0,0,0
735,735,1777638157.8959079,4672.88,1.904192909785241,-0.1060918138495266,-1.799250262025005,0.0016501032534976608,2.0161484445885804,1.1269243217783402,0.48733820723946375,-0.5885884363261696,1.001481548782756,-0.5218657089065869,-0.31334044296604724,1.4989468568656479,3.99,32.7,60.62,0.227,1.081,1.093,68.99271338337114,-31.79800693904806,-56.28290266918176,24.1063502387994,1,0,0,0,0
736,736,1777638157.9030619,4672.888,1.903805420212004,-0.10630031850737165,-1.7991859200123912,0.0016765211013466156,2.016357920016104,1.127180039017575,0.487052310646518,-0.588658027655718,1.001620868718247,-0.5221277666350185,-0.3133221394983945,1.4987828216413637,3.99,32.7,60.62,0.227,1.081,1.093,68.99271338337114,-31.811400717069844,-56.27425670750222,24.108863856186787,1,0,0,0,0
737,737,1777638157.910978,4672.896,1.9034258564455966,-0.10650452337164129,-1.7991227122909335,0.0017023256183023147,2.016563198924814,1.1274305264215267,0.4868342676930345,-0.5887147656758982,1.0017343959505478,-0.5223013760248484,-0.313355146145276,1.4986898496030143,3.99,32.7,60.62,0.227,1.081,1.093,68.99271338337114,-31.81936691397983,-56.2699343262719,24.10844001818807,1,0,0,0,0
738,738,1777638157.9174972,4672.9039999999995,1.903054224015401,-0.10670442764455679,-1.7990606511544778,0.001727520999758151,2.016764272804778,1.1276757802964845,0.48652349249810944,-0.5886569004957394,1.0019711564466443,-0.5227480405010014,-0.31327495976076647,1.4985864754056248,3.99,32.7,60.62,0.227,1.081,1.093,68.99271338337114,-31.832236747953523,-56.25836421199455,24.118450609705597,1,0,0,0,0
739,739,1777638157.9252295,4672.911999999999,1.9026905283246844,-0.10690003055201025,-1.7989997486376534,0.0017521113534072804,2.0169611333302595,1.1279157970332772,0.48630768920941003,-0.588689291429453,1.0021056724511377,-0.5229110330260245,-0.31329589966134586,1.4984709512721688,3.99,32.7,60.62,0.227,1.081,1.093,68.99271338337114,-31.841315935286563,-56.253389658410086,24.11806898257708,1,0,0,0,0
740,740,1777638157.936189,4672.92,1.9023347746511785,-0.10709133134312232,-1.7989400165158527,0.0017761006991861821,2.01715377235945,1.1281505731068615,0.48608074888708724,-0.5886681728747518,1.0022522781532839,-0.5231912889401253,-0.31328792582416615,1.4984157761982975,3.99,32.7,60.62,0.227,1.081,1.093,68.99271338337114,-31.848824866536678,-56.24732570946119,24.122296846578724,1,0,0,0,0
741,741,1777638157.9393694,4672.928,1.9019869681476462,-0.10727832928980963,-1.7988814663052066,0.001799492969219557,2.017342181934205,1.1283801050759203,0.4858686649242377,-0.588736697121589,1.002359542556102,-0.5233953686093049,-0.3132930796416391,1.4983271948127421,3.99,32.7,60.62,0.227,1.081,1.093,68.99271338337114,-31.857026753443503,-56.241980913390165,24.12392856415056,1,0,0,0,0
742,742,1777638157.946436,4672.936,1.90164711384244,-0.10746102368635402,-1.798824109262564,0.0018222920077662276,2.0175263542797808,1.1286043895824667,0.48561836528878377,-0.5886877957154024,1.0025407449402493,-0.523721937141114,-0.3132718422159702,1.498223195955385,3.99,32.7,60.62,0.227,1.081,1.093,68.99271338337114,-31.868025990988702,-56.23367513322082,24.128762928278114,1,0,0,0,0
743,743,1777638157.9534914,4672.9439999999995,1.9013152166400495,-0.10763941384899578,-1.7987679563854684,0.0018445015711660794,2.01770628180458,1.1288234233514562,0.4853679791060778,-0.588650458481153,1.002718545210057,-0.5240319090039918,-0.31320383625158577,1.4981265817758143,3.99,32.7,60.62,0.227,1.081,1.093,68.99271338337114,-31.878365218332355,-56.22475241354095,24.13589747746368,1,0,0,0,0
744,744,1777638157.9607682,4672.952,1.9009912813216387,-0.10781349911552329,-1.798713018412137,0.001866125327788495,2.017881957099897,1.1290372031904095,0.4851386389620023,-0.5886658859721282,1.0028704534500388,-0.5243038890335927,-0.313191383368788,1.4980581194632596,3.99,32.7,60.62,0.227,1.081,1.093,68.99271338337114,-31.88649520921755,-56.21839349820257,24.139970086017094,1,0,0,0,0
745,745,1777638157.9682293,4672.96,1.9006753125455704,-0.10798327884488401,-1.7986593058214417,0.001887166857982518,2.018053372939669,1.1292457259890407,0.48493492407939864,-0.5886170182209318,1.0030262582951297,-0.5245887340590307,-0.31317708599792143,1.4979961249792373,3.99,32.7,60.62,0.227,1.081,1.093,68.99271338337114,-31.894460574889962,-56.21194073904282,24.14447354959573,1,0,0,0,0
746,746,1777638157.975708,4672.968,1.9003673148479225,-0.10814875241679989,-1.7986068288328854,0.0019076296540268757,2.0182205222802314,1.1294489887188957,0.48471754047663396,-0.5886694563120425,1.003174604630922,-0.5248164605484545,-0.313218821236263,1.4979106978941343,3.99,32.7,60.62,0.227,1.081,1.093,68.99271338337114,-31.902835158228942,-56.20711843841281,24.144635961577578,1,0,0,0,0
747,747,1777638157.9857283,4672.976,1.9000672926429916,-0.10830991923139344,-1.798555597406585,0.0019275171200823918,2.0183833982600774,1.1296469884329974,0.48448554516891434,-0.5886514422685171,1.0033150965065167,-0.5250825996951003,-0.31320644530086034,1.4978203472100609,3.99,32.7,60.62,0.227,1.081,1.093,68.99271338337114,-31.912109365265543,-56.20032053277546,24.148203822906325,1,0,0,0,0
748,748,1777638157.9895267,4672.9839999999995,1.899775250223786,-0.10846677870882626,-1.7985056212432484,0.001946832572144794,2.018541994199622,1.1298397222655003,0.48428065333230297,-0.5887027416674693,1.0034227401713065,-0.5252717095220085,-0.3132340527167522,1.4977082494288252,3.99,32.7,60.62,0.227,1.081,1.093,68.99271338337114,-31.921392266833365,-56.19515154541573,24.147963858982187,1,0,0,0,0
749,749,1777638157.9970179,4672.992,1.8994911917625066,-0.10861933028894377,-1.7984569097841616,0.0019655792379993813,2.018696303600972,1.1300271874313537,0.4840841367979928,-0.5886414550094714,1.0035808129806743,-0.525567384620343,-0.31320830578251074,1.4976924352084597,3.99,32.7,60.62,0.227,1.081,1.093,68.99271338337114,-31.926917583927878,-56.189385189285545,24.15407679128257,1,0,0,0,0
750,750,1777638157.9995878,4672.992,1.8994911917625066,-0.10861933028894377,-1.7984569097841616,0.0019655792379993813,2.018696303600972,1.1300271874313537,0.4840841367979928,-0.5886414550094714,1.0035808129806743,-0.525567384620343,-0.31320830578251074,1.4976924352084597,4.1,32.66,61.03,0.226,1.078,1.075,69.34079967811158,-31.871261389989236,-56.590485431074306,24.28757205004954,0,1,0,0,0
751,751,1777638158.0042539,4673.0,1.899215121311017,-0.10876757343093502,-1.7984094722111639,0.0019837602571773257,2.0188463201476985,1.130209381225973,0.4839007239771437,-0.5886979777328206,1.003651551493252,-0.5256972529889539,-0.31320094429162176,1.4975626231474917,4.1,32.66,61.03,0.226,1.078,1.075,69.34079967811158,-31.880695888495865,-56.58504627997953,24.2878625481498,1,0,0,0,0
752,752,1777638158.011531,4673.008,1.8989470428013029,-0.10891150761299873,-1.7983633174466318,0.002001378680911466,2.0189920377046144,1.1303863010249195,0.48372161903673355,-0.5886730892201177,1.003788457561267,-0.5259356744116002,-0.31309609992244014,1.4975272299026425,4.1,32.66,61.03,0.226,1.078,1.075,69.34079967811158,-31.886502409613684,-56.577901946406946,24.296882010341562,1,0,0,0,0
753,753,1777638158.018272,4673.016,1.898686960045917,-0.10905113233201913,-1.7983184541534651,0.002018437472095207,2.019133450317561,1.1305579442835885,0.4835359064516447,-0.5886387842537021,1.003915023273252,-0.5261814666040808,-0.31311303115741307,1.4974932934580738,4.1,32.66,61.03,0.226,1.078,1.075,69.34079967811158,-31.892288886404664,-56.573456110851424,24.299639364806985,1,0,0,0,0
754,754,1777638158.026571,4673.023999999999,1.8984348767384163,-0.1091864471032542,-1.7982748907350645,0.0020349395052410564,2.0192705522131944,1.1307243085369059,0.483370415985629,-0.5886700790027035,1.0040202196112915,-0.5263639621039656,-0.31308601107374734,1.4973729469364423,4.1,32.66,61.03,0.226,1.078,1.075,69.34079967811158,-31.90201792094069,-56.566936649526504,24.302045812244543,1,0,0,0,0
755,755,1777638158.0389407,4673.032,1.8981907964537825,-0.10931745146003102,-1.798232635335319,0.002050887566442256,2.019403337798779,1.130885391399035,0.48321065433121024,-0.5887028878537723,1.0041207632232707,-0.5264918418079405,-0.31310787561822984,1.4972790159285887,4.1,32.66,61.03,0.226,1.078,1.075,69.34079967811158,-31.90936346893371,-56.563067435456134,24.30140788718876,1,0,0,0,0
756,756,1777638158.0441644,4673.04,1.8979547226488356,-0.10944414495345534,-1.7981916958385886,0.002066284353333633,2.019531801661987,1.1310411905630906,0.48305254950331006,-0.588635983593855,1.004261970210528,-0.5267548330523916,-0.3129922430144159,1.497282888339998,4.1,32.66,61.03,0.226,1.078,1.075,69.34079967811158,-31.913324514111633,-56.556225781358386,24.312127505115917,1,0,0,0,0
757,757,1777638158.048994,4673.048,1.8977266586626316,-0.10956652715212378,-1.7981520798696868,0.0020811324750542692,2.0196559385707054,1.1311917038008608,0.4828848353523247,-0.5887040805553214,1.0043253925633497,-0.526907107058404,-0.31301684138316643,1.4972011002844212,4.1,32.66,61.03,0.226,1.078,1.075,69.34079967811158,-31.92036024241388,-56.55231568029233,24.31198661547604,1,0,0,0,0
758,758,1777638158.0543025,4673.056,1.8975066077168496,-0.10968459764185301,-1.7981137947938688,0.0020954344522124075,2.0197757434728416,1.1313369289625401,0.4827434411005146,-0.5886861510014912,1.004436545992973,-0.5270661644494838,-0.3130371503299213,1.4971580852267385,4.1,32.66,61.03,0.226,1.078,1.075,69.34079967811158,-31.925297475208545,-56.54913946550246,24.312891782562488,1,0,0,0,0
759,759,1777638158.061604,4673.063999999999,1.897294572916167,-0.1097983560254141,-1.7980768477168168,0.0021091927168501454,2.0198912114961423,1.1314768639764694,0.48258820225522414,-0.5886813383838695,1.004546427197981,-0.5272210662599057,-0.3130402855371405,1.497080433292371,4.1,32.66,61.03,0.226,1.078,1.075,69.34079967811158,-31.932147482762552,-56.54479513576958,24.314000086225008,1,0,0,0,0
760,760,1777638158.0693164,4673.072,1.8970905572486196,-0.10990780192227767,-1.7980412454846224,0.002122409612411099,2.0200023379480143,1.1316115068488866,0.48245555720216177,-0.5886668470461367,1.0046352564645247,-0.5274297285687124,-0.31297332167148545,1.4970661951573072,4.1,32.66,61.03,0.226,1.078,1.075,69.34079967811158,-31.9362639365593,-56.53951061683447,24.320881665418376,1,0,0,0,0
761,761,1777638158.0757213,4673.08,1.8968945635859538,-0.11001293496836961,-1.7980069946837762,0.0021350873937065248,2.0201091183153514,1.1317408556636828,0.4823532591648676,-0.5887263010556745,1.0047037305328697,-0.52745176638463,-0.31301597122380964,1.4970052362084703,4.1,32.66,61.03,0.226,1.078,1.075,69.34079967811158,-31.940059689603242,-56.538644666741895,24.31790998980959,1,0,0,0,0
762,762,1777638158.088707,4673.088,1.8967065946839619,-0.11011375481583574,-1.797974101641155,0.002147228226886122,2.0202115482643666,1.131864908582172,0.4822246669781579,-0.5887251692513359,1.0047580601510453,-0.5276556924930752,-0.3129944012581563,1.4969572821613815,4.1,32.66,61.03,0.226,1.078,1.075,69.34079967811158,-31.945999758673505,-56.53365606549168,24.3217049420374,1,0,0,0,0
763,763,1777638158.091601,4673.096,1.8965266531828078,-0.1102102611328144,-1.7979425724240077,0.0021588341894062885,2.020309623640432,1.1319836638428646,0.48212816200867326,-0.5886937945439744,1.004844551119587,-0.5277649583468279,-0.31302377247001223,1.4969659767917856,4.1,32.66,61.03,0.226,1.078,1.075,69.34079967811158,-31.94720795167391,-56.53275746463291,24.32220667491943,1,0,0,0,0
764,764,1777638158.1856363,4673.103999999999,1.8963547416073376,-0.11030245360322333,-1.7979124128399437,0.002169907270003248,2.0204033404679236,1.1320971197612557,0.4820131410326065,-0.5887326896386217,1.0048917135892534,-0.5278530522039145,-0.31303960954658744,1.496891792502031,4.1,32.66,61.03,0.226,1.078,1.075,69.34079967811158,-31.95280446928733,-56.529877327159745,24.32154920895788,1,0,0,0,0
765,765,1777638158.1918788,4673.112,1.8961908623673798,-0.11039033192654824,-1.7978836284369208,0.0021804493686646297,2.0204926949500726,1.132205274729616,0.4818950069891873,-0.588744600751423,1.004979466846717,-0.5279902428278821,-0.3130443222781194,1.4968574047427154,4.1,32.66,61.03,0.226,1.078,1.075,69.34079967811158,-31.95691259627368,-56.52690951531163,24.323049520195767,1,0,0,0,0
766,766,1777638158.1920037,4673.12,1.89603501775803,-0.1104738958176501,-1.797856224503235,0.002190462296603789,2.020577683468822,1.1323081272167972,0.4817787878599421,-0.5887259294373015,1.0050536635155685,-0.5281281653929031,-0.3130045211499627,1.4967913159720736,4.1,32.66,61.03,0.226,1.078,1.075,69.34079967811158,-31.962855034847188,-56.5221376755421,24.32633039750156,1,0,0,0,0
767,767,1777638158.1957257,4673.128,1.8958872099599255,-0.11055314500657243,-1.7978302060675126,0.002199947776234946,2.0206583025846894,1.132405675768043,0.4816799490681066,-0.5887191348363459,1.0051170172014412,-0.5282588871060959,-0.3129957132175142,1.4967692264453143,4.1,32.66,61.03,0.226,1.078,1.075,69.34079967811158,-31.96616768170763,-56.51926445841306,24.328653247249775,1,0,0,0,0
768,768,1777638158.1958468,4673.1359999999995,1.8957474410395045,-0.11062807923836804,-1.7978055778986946,0.002208907441148982,2.0207345490366393,1.132497919004811,0.48160566854451453,-0.5887410532330056,1.0051540909767869,-0.5283446593318867,-0.31310249414065316,1.4967752037141635,4.1,32.66,61.03,0.226,1.078,1.075,69.34079967811158,-31.9671264597621,-56.52045779876712,24.324620780669164,1,0,0,0,0
769,769,1777638158.195923,4673.144,1.8956157129492535,-0.11069869827292589,-1.7977823445060297,0.002217342836091472,2.020806419741957,1.132584855624603,0.4814798662994555,-0.5887486205569492,1.0052493636572377,-0.5285037918598186,-0.3130418028875706,1.4966555431473922,4.1,32.66,61.03,0.226,1.078,1.075,69.34079967811158,-31.976457615017218,-56.5135555825462,24.328392750312737,1,0,0,0,0
770,770,1777638158.2001548,4673.152,1.895492027527941,-0.11076500188481031,-1.797760510139069,0.0022252554169409724,2.020873911796132,1.1326664844008034,0.48136843568388443,-0.588809962822814,1.005262405711606,-0.5285223060973183,-0.3130774315315786,1.4965486032737827,4.1,32.66,61.03,0.226,1.078,1.075,69.34079967811158,-31.98281419307828,-56.51146555309384,24.324891722935128,1,0,0,0,0
771,771,1777638158.2002485,4673.152,1.895492027527941,-0.11076500188481031,-1.797760510139069,0.0022252554169409724,2.020873911796132,1.1326664844008034,0.48136843568388443,-0.588809962822814,1.005262405711606,-0.5285223060973183,-0.3130774315315786,1.4965486032737827,4.21,32.62,60.99,0.237,1.063,1.06,69.29335177345659,-31.89869542635779,-56.46677224587323,24.403800159588684,0,1,0,0,0
772,772,1777638158.202967,4673.16,1.8953763865008386,-0.11082698986311534,-1.7977400787876503,0.0022326465506897278,2.0209370224727454,1.1327428041825298,0.48136317191653083,-0.5888361063403295,1.005261712912134,-0.5285095842560926,-0.31305086913862057,1.496610825752868,4.21,32.62,60.99,0.237,1.063,1.06,69.29335177345659,-31.894968593965316,-56.46788045163953,24.406106934316888,1,0,0,0,0
773,773,1777638158.2030506,4673.168,1.8952687914799284,-0.11088466201132086,-1.7977210541818973,0.0022395175154239833,2.0209957492233688,1.132813813894489,0.4812575288119831,-0.5888511684176582,1.0053264472254568,-0.5286509522208361,-0.31304485804082244,1.4965341628616675,4.21,32.62,60.99,0.237,1.063,1.06,69.29335177345659,-31.90155421437231,-56.46356798844774,24.40747690199466,1,0,0,0,0
774,774,1777638158.203101,4673.1759999999995,1.8951692439640981,-0.11093801814715665,-1.7977034397922065,0.002245869500306021,2.0210500896774635,1.1328795125368438,0.48121617872663697,-0.5888737595719873,1.005344619729745,-0.5286786614587717,-0.31309133509400167,1.4965347160332163,4.21,32.62,60.99,0.237,1.063,1.06,69.29335177345659,-31.90194096875011,-56.464194475882785,24.4055220107268,1,0,0,0,0
775,775,1777638158.2054276,4673.184,1.89507774533932,-0.11098705810248877,-1.797687238829245,0.002251703605559616,2.0211000416422897,1.1329398991850912,0.4811754777096088,-0.5888853302166602,1.0053642480051526,-0.5287130007590432,-0.3130653135589481,1.4965139539374872,4.21,32.62,60.99,0.237,1.063,1.06,69.29335177345659,-31.903671778359826,-56.46253121605916,24.407107483973412,1,0,0,0,0
776,776,1777638158.208128,4673.192,1.8949942968788205,-0.11103178172319694,-1.7976724542439406,0.0022570208424528685,2.0211456031028234,1.1329949729899453,0.4811140211266113,-0.5888658524150794,1.005423272320572,-0.528809139753003,-0.312988029933348,1.4965011065437912,4.21,32.62,60.99,0.237,1.063,1.06,69.29335177345659,-31.905945434994717,-56.45887113785091,24.41260157661784,1,0,0,0,0
777,777,1777638158.2081974,4673.2,1.8949188997432338,-0.111072188869076,-1.7976590887274781,0.0022618221332852432,2.0211867722216765,1.1330447331772333,0.481076508792485,-0.5888941701239986,1.0054529715838372,-0.5288382702468162,-0.31306127840679643,1.4964689593588583,4.21,32.62,60.99,0.237,1.063,1.06,69.29335177345659,-31.90820275684881,-56.45929564259422,24.40866920522228,1,0,0,0,0
778,778,1777638158.2082524,4673.208,1.8948515549807414,-0.11110827941373991,-1.7976471447112905,0.002266108311375157,2.0212235473390274,1.1330891790477988,0.481029340049578,-0.588978839763652,1.0054369367988736,-0.5287705216552341,-0.313011866419097,1.4963757171895034,4.21,32.62,60.99,0.237,1.063,1.06,69.29335177345659,-31.912454723862485,-56.45700778081725,24.408402363410996,1,0,0,0,0
779,779,1777638158.2083688,4673.215999999999,1.8947922635272008,-0.11114005324453569,-1.79763662436706,0.0022698801210477015,2.0212559269725556,1.1331283099774152,0.48099625205349583,-0.5889420850381958,1.005457613444403,-0.528835343732828,-0.3129357836777425,1.4963828898508311,4.21,32.62,60.99,0.237,1.063,1.06,69.29335177345659,-31.913096751783392,-56.45437361078032,24.413655111960242,1,0,0,0,0
780,780,1777638158.2084224,4673.224,1.894741026206259,-0.11116751026246519,-1.7976275296067072,0.0022731382176243114,2.021283909817384,1.133162125416707,0.4809590650076998,-0.5888857005920163,1.0055005499740814,-0.5289176551859873,-0.3129322708632741,1.4963932792200738,4.21,32.62,60.99,0.237,1.063,1.06,69.29335177345659,-31.91380343540115,-56.45319705185473,24.415451929281133,1,0,0,0,0
781,781,1777638158.2122688,4673.232,1.8946978437294515,-0.1111906503821194,-1.797619862082393,0.0022758831674149086,2.0213074947460288,1.1331906248910828,0.4809619336363835,-0.5889474995973889,1.005476400706613,-0.5288483270197317,-0.3129568628254997,1.4963601009377614,4.21,32.62,60.99,0.237,1.063,1.06,69.29335177345659,-31.914588202615363,-56.45409181917616,24.41235704985307,1,0,0,0,0
782,782,1777638158.2198117,4673.24,1.8946627166962906,-0.11120947353162158,-1.7976136231865105,0.0022781154477087887,2.021326680808355,1.1332138080006748,0.48095810665720606,-0.5890062456063437,1.005459121693847,-0.5287844168006082,-0.31298195892322156,1.496305297753895,4.21,32.62,60.99,0.237,1.063,1.06,69.29335177345659,-31.91668706376698,-56.454384304204254,24.408936472259192,1,0,0,0,0
783,783,1777638158.2265453,4673.248,1.894635645594337,-0.1112239796525758,-1.7976088140516868,0.0022798354467689287,2.0213414672315406,1.1332316744202902,0.48095083459452,-0.5890170512501158,1.0054770641289297,-0.5287899815763922,-0.31299068675546793,1.496294410767518,4.21,32.62,60.99,0.237,1.063,1.06,69.29335177345659,-31.91739002450991,-56.45422924884454,24.408375897265667,1,0,0,0,0
784,784,1777638158.2336488,4673.255999999999,1.8946166307992602,-0.11123416870002867,-1.797605435550775,0.0022810434638258375,2.0213518534200436,1.133244223899369,0.48096667189541487,-0.5890227584437434,1.0054659940025998,-0.5287859013511932,-0.3130279895170261,1.496317041218516,4.21,32.62,60.99,0.237,1.063,1.06,69.29335177345659,-31.916025295471506,-56.45570179182349,24.40675448582875,1,0,0,0,0
785,785,1777638158.2413297,4673.264,1.894605672574884,-0.11124004064243564,-1.7976034882968577,0.0022817397090742334,2.021357838955582,1.1332514562619547,0.48093754319091186,-0.5890207779709615,1.0054765597056696,-0.5287964844555542,-0.3130355157708235,1.4962613786576509,4.21,32.62,60.99,0.237,1.063,1.06,69.29335177345659,-31.919352327416043,-56.454349956789514,24.40553047886115,1,0,0,0,0
786,786,1777638158.2501166,4673.272,1.8946025851476995,-0.11124158560317898,-1.797602949442605,0.002281689290857766,2.021359448072167,1.1332535183975994,0.4809594007134271,-0.5889767759808722,1.0054926529021824,-0.5288131329925397,-0.3130056357985345,1.496321513489567,4.21,32.62,60.99,0.237,1.063,1.06,69.29335177345659,-31.916208415917655,-56.454851258039724,24.408482332671063,1,0,0,0,0
787,787,1777638158.2555625,4673.28,1.8945955825123686,-0.11123818134259444,-1.7976023476713987,0.002266001724777454,2.02135823134809,1.1332597296513873,0.4809897583969806,-0.5890483682582347,1.0054398191918759,-0.5287016794812964,-0.31306009338122426,1.4963064351855198,4.21,32.62,60.99,0.237,1.063,1.06,69.29335177345659,-31.91528991057813,-56.457560346550856,24.40341676157906,1,0,0,0,0
788,788,1777638158.2658951,4673.288,1.8945776370734713,-0.11122945742620871,-1.7976008045869802,0.0022257982392934464,2.0213551139228914,1.1332756468989293,0.4809690508544539,-0.5889970223425178,1.0054655837977196,-0.5287806315536041,-0.31301867928304483,1.496328124315384,4.21,32.62,60.99,0.237,1.063,1.06,69.29335177345659,-31.91531606697142,-56.455843397326994,24.407354355640557,1,0,0,0,0
789,789,1777638158.2719564,4673.295999999999,1.8945487493267323,-0.11121541430000814,-1.797598317748026,0.002161076153040476,2.0213500975571956,1.1333012693263709,0.48095307097367135,-0.5889763514577572,1.005506084257043,-0.5288529250109529,-0.31298342497094067,1.496326621149645,4.21,32.62,60.99,0.237,1.063,1.06,69.29335177345659,-31.916553075979685,-56.453813689065186,24.41043137079899,1,0,0,0,0
790,790,1777638158.277674,4673.304,1.8945089200703422,-0.11119605268230259,-1.7975948832243045,0.002071831149746443,2.0213431850849983,1.1333365956231567,0.48093132984903497,-0.5888959824089657,1.0055468311191964,-0.529015754297279,-0.31290597306909285,1.4964266598572238,4.21,32.62,60.99,0.237,1.063,1.06,69.29335177345659,-31.913460784117504,-56.45179660717764,24.419137589244258,1,0,0,0,0
791,791,1777638158.2857778,4673.312,1.8944581504052087,-0.11117137356423523,-1.7975904955963617,0.0019580572784459118,2.021334380413339,1.1333816239814367,0.48094209473471444,-0.58901022012097,1.0055005318535184,-0.5289444339623101,-0.3129210674282365,1.4964029448237182,4.21,32.62,60.99,0.237,1.063,1.06,69.29335177345659,-31.913679981746792,-56.45273580067261,24.416679762861083,1,0,0,0,0
792,792,1777638158.2877069,4673.312,1.8944581504052087,-0.11117137356423523,-1.7975904955963617,0.0019580572784459118,2.021334380413339,1.1333816239814367,0.48094209473471444,-0.58901022012097,1.0055005318535184,-0.5289444339623101,-0.3129210674282365,1.4964029448237182,4.28,32.98,61.16,0.286,1.093,1.093,69.61712720300946,-32.22350280449526,-56.575552407736346,24.64542831374944,0,1,0,0,0
793,793,1777638158.2930095,4673.32,1.8943964417353039,-0.11114137821049486,-1.7975851479550986,0.0018197469537737606,2.0213236885218504,1.1334363520952466,0.48092424579826054,-0.5890189875832551,1.0055082744359136,-0.5290100780300845,-0.31284448607791054,1.496410024447119,4.28,32.98,61.16,0.286,1.093,1.093,69.61712720300946,-32.22416302807094,-56.5728652563851,24.65073292669409,1,0,0,0,0
794,794,1777638158.298821,4673.3279999999995,1.8943237957681052,-0.11110606816021651,-1.7975788319012107,0.0016568909563419547,2.0213111154621837,1.1335007771594663,0.4808339048396526,-0.588921966519917,1.0056156309184883,-0.5292881068799854,-0.3126930012448676,1.4964441544479175,4.28,32.98,61.16,0.286,1.093,1.093,69.61712720300946,-32.226675980322646,-56.565591154737604,24.66413697201597,1,0,0,0,0
795,795,1777638158.311961,4673.336,1.8942402145151322,-0.11106544522808282,-1.7975715375445347,0.0014694784331972857,2.0212966683573077,1.1335748958685516,0.48079131908310246,-0.5889986793939833,1.005639755640619,-0.5293273999590395,-0.3126267874577747,1.49638783966838,4.28,32.98,61.16,0.286,1.093,1.093,69.61712720300946,-32.230526203833605,-56.56202517629187,24.667283769813785,1,0,0,0,0
796,796,1777638158.3155484,4673.344,1.894145700292578,-0.11101951150561185,-1.797563253503255,0.0012574968983605943,2.0212803554006857,1.1336587044150437,0.4807609094474424,-0.5890222970191064,1.005648353330198,-0.5294761508984628,-0.3125179385281152,1.4964488306200419,4.28,32.98,61.16,0.286,1.093,1.093,69.61712720300946,-32.229442964678185,-56.55853380428079,24.676702780083488,1,0,0,0,0
797,797,1777638158.3281732,4673.352,1.8940402557220324,-0.11096826936265192,-1.7975539669030045,0.0010209322334503745,2.021262185855324,1.1337521984878547,0.4807118955276243,-0.5890022125756174,1.0056927008325678,-0.5296998180864033,-0.3123167135803502,1.4964980471789273,4.28,32.98,61.16,0.286,1.093,1.093,69.61712720300946,-32.230244033955756,-56.55136845444507,24.692073534664004,1,0,0,0,0
798,798,1777638158.328394,4673.36,1.8939238837313024,-0.11091172144906736,-1.797543663375846,0.0007597686883885086,2.021242170052697,1.133855373270332,0.48062666505144025,-0.5890573611641392,1.0057233496590972,-0.5298438217430489,-0.3121963406442182,1.4964431116328838,4.28,32.98,61.16,0.286,1.093,1.093,69.61712720300946,-32.235691737222574,-56.54484390366516,24.699902957965232,1,0,0,0,0
799,799,1777638158.33467,4673.3679999999995,1.8937965875553222,-0.110849870696617,-1.7975323270591321,0.00047398888219126915,2.0212203193915417,1.1339682234380992,0.48058692457635466,-0.5890390451105744,1.005769645598214,-0.5300863560916914,-0.31202949236400057,1.4965285214184667,4.28,32.98,61.16,0.286,1.093,1.093,69.61712720300946,-32.23472084560422,-56.539046058349044,24.714437942584325,1,0,0,0,0
800,800,1777638158.3429437,4673.376,1.893658370737158,-0.11078272032103698,-1.7975199405942526,0.0001635738038453846,2.0211966463365334,1.1340907431566774,0.48053761578162435,-0.5890920729576853,1.0058115294714458,-0.5302937853014694,-0.3119073153059909,1.4965403168898483,4.28,32.98,61.16,0.286,1.093,1.093,69.61712720300946,-32.237374536789666,-56.53306104252735,24.724665662787448,1,0,0,0,0
801,801,1777638158.3489985,4673.384,1.8935092371291036,-0.11071027382431797,-1.7975064851252611,-0.00017149718673081793,2.021171164416824,1.134222926078885,0.48047884243686617,-0.589055168891256,1.0059078508629238,-0.5306526080357737,-0.31163163138371214,1.4966402118465856,4.28,32.98,61.16,0.286,1.093,1.093,69.61712720300946,-32.237450978163636,-56.52315477274211,24.74720446771989,1,0,0,0,0
802,802,1777638158.3576438,4673.392,1.8933491908938695,-0.11063253499717973,-1.7974919402973875,-0.0005312463576396809,2.0211438882244583,1.1343647653420186,0.4803542964122376,-0.5890754536888889,1.0059589432273144,-0.5309633215411204,-0.31146732303293745,1.4965953622566248,4.28,32.98,61.16,0.286,1.093,1.093,69.61712720300946,-32.24498111879118,-56.513084416055854,24.76038938370203,1,0,0,0,0
803,803,1777638158.363922,4673.4,1.8931782365058605,-0.11054950792174889,-1.7974762842554295,-0.0009156976038662279,2.0211148334126587,1.1345162535648154,0.48029340150564515,-0.5890396637355211,1.0060432807048243,-0.5313101591017192,-0.31120573314157646,1.4966603160604162,4.28,32.98,61.16,0.286,1.093,1.093,69.61712720300946,-32.246851527894584,-56.50283643082286,24.781332526916252,1,0,0,0,0
804,804,1777638158.3709192,4673.407999999999,1.8929963787525435,-0.11046119697442958,-1.7974594936420312,-0.0013248764460529472,2.021084016693979,1.1346773828441987,0.4801916559458685,-0.5891378232651409,1.006055454512627,-0.5315835615565094,-0.31101220264093815,1.496598128438125,4.28,32.98,61.16,0.286,1.093,1.093,69.61712720300946,-32.254779435837236,-56.49227101449566,24.795098692488892,1,0,0,0,0
805,805,1777638158.3779998,4673.416,1.892803622735907,-0.11036760682898361,-1.7974415435958466,-0.0017588100291856534,2.02105145583833,1.1348481447518062,0.4800881552035308,-0.5891356232924092,1.0061855532694224,-0.5320209893990467,-0.31073658297537604,1.496660509787671,4.28,32.98,61.16,0.286,1.093,1.093,69.61712720300946,-32.2582365053309,-56.480117566542944,24.818277483250583,1,0,0,0,0
806,806,1777638158.3851137,4673.424,1.8925999738740062,-0.11026874245980434,-1.797422407749579,-0.0022175271211839487,2.02101716967087,1.1350285303303045,0.4799975471588455,-0.5891413260793334,1.0062457164103953,-0.5323977721622295,-0.31046375738324844,1.4967152494281462,4.28,32.98,61.16,0.286,1.093,1.093,69.61712720300946,-32.26116221000429,-56.46884039653109,24.840126350944523,1,0,0,0,0
807,807,1777638158.3925183,4673.432,1.892385437902597,-0.11016460914539472,-1.7974020582279167,-0.0027010581114028653,2.020981178069763,1.135218530089489,0.47992296072433294,-0.5892521158240884,1.006306783763777,-0.5326843285341831,-0.3101179996912515,1.496667128147761,4.28,32.98,61.16,0.286,1.093,1.093,69.61712720300946,-32.268519189783554,-56.45483266681617,24.862400082460972,1,0,0,0,0
808,808,1777638158.4718902,4673.44,1.8921600208768563,-0.11005521247205508,-1.7973804656453414,-0.0032094350090368096,2.020943501963804,1.1354181340021718,0.47980747421110337,-0.5892918147295669,1.0063632638124236,-0.533128233410627,-0.3098549888237991,1.4967165961705249,4.28,32.98,61.16,0.286,1.093,1.093,69.61712720300946,-32.27280642640781,-56.44252428647781,24.884770795287046,1,0,0,0,0
809,809,1777638158.4722703,4673.447999999999,1.8919237291731874,-0.1099405583377635,-1.7973575991038269,-0.003742691441426693,2.0209041633299076,1.1356273314998593,0.4796643128609843,-0.5893004633705017,1.006490063479541,-0.5336557473693277,-0.3095506039517579,1.4967001188770497,4.28,32.98,61.16,0.286,1.093,1.093,69.61712720300946,-32.28218209188516,-56.42623415869373,24.90954070340583,1,0,0,0,0
810,810,1777638158.4785686,4673.456,1.891676569491111,-0.10982065295627219,-1.797333426190427,-0.004300862652279136,2.020863185190461,1.1358461114682192,0.4795560806812027,-0.5893788850636508,1.0065212147141192,-0.5340360781593949,-0.3092229329141756,1.496717597333183,4.28,32.98,61.16,0.286,1.093,1.093,69.61712720300946,-32.28728381515261,-56.41266907629481,24.933641361185785,1,0,0,0,0
811,811,1777638158.4786432,4673.464,1.8914185488552393,-0.10969550286140173,-1.7973079129747402,-0.004883985499771093,2.0208205916105366,1.136074462242341,0.4794499465055846,-0.5893856438910922,1.0066308391568601,-0.5345928909390577,-0.308901371174209,1.4968071547160973,4.28,32.98,61.16,0.286,1.093,1.093,69.61712720300946,-32.291088319808395,-56.3980639217594,24.96173874151143,1,0,0,0,0
812,812,1777638158.483329,4673.472,1.8911496746173315,-0.10956511491155041,-1.7972810240062653,-0.005492098454566552,2.0207764076949695,1.1363123716017896,0.47927155890246614,-0.5894510812660589,1.0067335300084845,-0.5351372009657396,-0.3084380788313344,1.4967316054640418,4.28,32.98,61.16,0.286,1.093,1.093,69.61712720300946,-32.304101430850146,-56.376287482306765,24.994072106354473,1,0,0,0,0
813,813,1777638158.483547,4673.472,1.8911496746173315,-0.10956511491155041,-1.7972810240062653,-0.005492098454566552,2.0207764076949695,1.1363123716017896,0.47927155890246614,-0.5894510812660589,1.0067335300084845,-0.5351372009657396,-0.3084380788313344,1.4967316054640418,3.95,33.3,61.35,0.285,1.113,1.065,69.91648589567414,-32.74296215282241,-56.55833379216789,24.84689735384599,0,1,0,0,0
814,814,1777638158.4901338,4673.48,1.890869954458431,-0.10942949629440513,-1.7972527223116446,-0.006125241597724873,2.020730659585291,1.136559826765455,0.47916684115733155,-0.5894724996910007,1.0068447849693007,-0.5356877234127231,-0.30806418317373796,1.4968299179170779,3.95,33.3,61.35,0.285,1.113,1.065,69.91648589567414,-32.74615679897099,-56.54287278642378,24.877856659196006,1,0,0,0,0
815,815,1777638158.490298,4673.487999999999,1.8905793963910822,-0.10928865453186631,-1.7972229693917878,-0.006783456618504324,2.0206833744565227,1.1368168143862007,0.47901715500394826,-0.5895093945071219,1.0069584417910733,-0.5362834976524674,-0.30762121367323547,1.4968642991672347,3.95,33.3,61.35,0.285,1.113,1.065,69.91648589567414,-32.75372628914149,-56.523425538607576,24.912060925533353,1,0,0,0,0
816,816,1777638158.495084,4673.496,1.8902780087616262,-0.1091425974851834,-1.7971917252188891,-0.007466786812063475,2.020634580513824,1.137083320545309,0.478850436195316,-0.5894994841580832,1.0070663275258458,-0.5369506258377873,-0.30717343590346824,1.4969188223054817,3.95,33.3,61.35,0.285,1.113,1.065,69.91648589567414,-32.76127262164287,-56.50316255272307,24.948078838879468,1,0,0,0,0
817,817,1777638158.5070632,4673.504,1.8899658002525725,-0.1089913333602972,-1.7971589482333323,-0.008175277077048904,2.0205843069889973,1.137359330746731,0.4786948617536455,-0.5894817491190056,1.0072227519360235,-0.5376217117866385,-0.30670511256620014,1.4969642371833214,3.95,33.3,61.35,0.285,1.113,1.065,69.91648589567414,-32.769399812756895,-56.48210028342783,24.985071212315756,1,0,0,0,0
818,818,1777638158.5071664,4673.512,1.8896427798850477,-0.10883487071340614,-1.7971245953404758,-0.008908973913071883,2.020532584136846,1.1376448299111375,0.4785641532748529,-0.5895551540113342,1.0073091354423946,-0.5381854282775461,-0.3062449174665187,1.4970051363113077,3.95,33.3,61.35,0.285,1.113,1.065,69.91648589567414,-32.7760764760199,-56.46288105987829,25.019729679917234,1,0,0,0,0
819,819,1777638158.5073524,4673.5199999999995,1.8893089570213164,-0.10867321845673761,-1.797088621907335,-0.009667925418082923,2.0204794432313844,1.1379398023697784,0.4784085389080803,-0.5896488305702887,1.007417348368467,-0.5388533342286657,-0.30584562373286345,1.4970469460233313,3.95,33.3,61.35,0.285,1.113,1.065,69.91648589567414,-32.78433705543252,-56.4433701496199,25.05290821419321,1,0,0,0,0
820,820,1777638158.5074933,4673.527999999999,1.8889643413673771,-0.10850638586453965,-1.79705098175915,-0.010452181285615758,2.020424916561895,1.1382442318581476,0.47825551451885406,-0.5897123287049288,1.00753861463095,-0.5394704198970327,-0.30534094767355674,1.4970602234169772,3.95,33.3,61.35,0.285,1.113,1.065,69.91648589567414,-32.79342852193087,-56.421481257018755,25.090286936200847,1,0,0,0,0
821,821,1777638158.5075722,4673.536,1.888608942975627,-0.10833438257929018,-1.7970116271758414,-0.011261792801928294,2.0203690374288397,1.1385581015094606,0.4780665861332425,-0.5897144897007552,1.00767786955219,-0.54018499512307,-0.30472764154541226,1.497095853995906,3.95,33.3,61.35,0.285,1.113,1.065,69.91648589567414,-32.80279519582906,-56.395925032746625,25.135458361472445,1,0,0,0,0
822,822,1777638158.5076632,4673.544,1.8882427722475967,-0.10815721861812566,-1.7969705088883625,-0.012096812843014781,2.0203118401396116,1.1388813938479438,0.4778877042352204,-0.5898054996775821,1.0077618723909756,-0.5408842547957315,-0.30423344905283567,1.497084324899847,3.95,33.3,61.35,0.285,1.113,1.065,69.91648589567414,-32.814584243779805,-56.372243413141774,25.173164947566104,1,0,0,0,0
823,823,1777638158.507829,4673.552,1.8878658399367534,-0.1079749043794882,-1.796927576074932,-0.012957295871501628,2.0202533600041366,1.1392140907819392,0.47773144698096337,-0.5898369227982105,1.0079046460375871,-0.5416459358624711,-0.3036900294050307,1.4971948370820647,3.95,33.3,61.35,0.285,1.113,1.065,69.91648589567414,-32.82040760246294,-56.34936549500271,25.216757387078754,1,0,0,0,0
824,824,1777638158.5147133,4673.5599999999995,1.8874781571513684,-0.10778745064999473,-1.796882776357168,-0.013843297933417986,2.0201936333303143,1.1395561735968283,0.47756273661734777,-0.5899091686559604,1.00802499217135,-0.5423101908418685,-0.30314472656657526,1.4972671314485102,3.95,33.3,61.35,0.285,1.113,1.065,69.91648589567414,-32.826855340870395,-56.32708976604679,25.258098244271558,1,0,0,0,0
825,825,1777638158.5214357,4673.568,1.88707973535745,-0.10759486861153622,-1.7968360557961107,-0.014754876654837545,2.0201326974193026,1.1399076229477745,0.4773864452878651,-0.5900242155597728,1.0081136067565266,-0.5430626094579091,-0.30258955715340236,1.497306315812473,3.95,33.3,61.35,0.285,1.113,1.065,69.91648589567414,-32.83657930736783,-56.30225026558707,25.300803829565268,1,0,0,0,0
826,826,1777638158.5221794,4673.576,1.8866705863817375,-0.10739716984859182,-1.7967873588881353,-0.0156920912383951,2.02007059056064,1.1402684188522914,0.47717092290708796,-0.5900378699746315,1.00829560919631,-0.5439024101129141,-0.3019963611525731,1.4973340991342308,3.95,33.3,61.35,0.285,1.113,1.065,69.91648589567414,-32.84833056489783,-56.274723812917905,25.346748092783223,1,0,0,0,0
827,827,1777638158.5291932,4673.584,1.886250722414756,-0.10719436635577484,-1.7967366285607609,-0.016655002459669888,2.0200073520272053,1.140638540682636,0.4770186397132197,-0.5902034945304968,1.0083654109315183,-0.5445308855928124,-0.30142512653097425,1.497345037612268,3.95,33.3,61.35,0.285,1.113,1.065,69.91648589567414,-32.85767645795614,-56.250812747049565,25.387677386492854,1,0,0,0,0
828,828,1777638158.536566,4673.592,1.8858201560139292,-0.10698647054560961,-1.7966838061683514,-0.017643672663434806,2.019943022070014,1.1410179671580323,0.47677727552026605,-0.5901884256658321,1.0085559535496729,-0.545471770158994,-0.30075537236223,1.4973847513187968,3.95,33.3,61.35,0.285,1.113,1.065,69.91648589567414,-32.87033001253634,-56.21998545344778,25.439529093147,1,0,0,0,0
829,829,1777638158.5439782,4673.599999999999,1.8853789001067478,-0.10677349525653579,-1.796628831487717,-0.0186581657597662,2.0198776419128452,1.141406676336725,0.47657006244291766,-0.590316461704116,1.0086704716839978,-0.5462450839200574,-0.30009096941636415,1.4973897271441179,3.95,33.3,61.35,0.285,1.113,1.065,69.91648589567414,-32.882286243446046,-56.19119384515408,25.48764378400631,1,0,0,0,0
830,830,1777638158.5516214,4673.608,1.8849269679939933,-0.10655545376113995,-1.7965716427136025,-0.019698547220022178,2.019811253746703,1.1418046456078712,0.47636095528706146,-0.5904068905603318,1.0088022809710635,-0.5471162326899354,-0.299506689087097,1.4974421684446055,3.95,33.3,61.35,0.285,1.113,1.065,69.91648589567414,-32.89309062836024,-56.1638227074799,25.533989265237103,1,0,0,0,0
831,831,1777638158.5603235,4673.616,1.884464373353012,-0.10633235977462796,-1.7965121764540806,-0.020764884072669965,2.019743900724104,1.142211851683269,0.47614944453758734,-0.5904861550212779,1.008940869659809,-0.5479734191483777,-0.2989000128084812,1.4974818309333806,3.95,33.3,61.35,0.285,1.113,1.065,69.91648589567414,-32.90438852724226,-56.13579356498596,25.581026102906186,1,0,0,0,0
832,832,1777638158.5652514,4673.624,1.8839911302410408,-0.10610422746352643,-1.7964503677258348,-0.021857244898977335,2.019675626953193,1.142628270588929,0.4759441429845963,-0.5905821757513007,1.009075470902239,-0.5488028724635736,-0.2982215539439227,1.4975274498049147,3.95,33.3,61.35,0.285,1.113,1.065,69.91648589567414,-32.91488639557792,-56.10661442749211,25.631485931387807,1,0,0,0,0
833,833,1777638158.5725248,4673.632,1.8835072530985781,-0.10587107145462404,-1.796386149949349,-0.02297569982854597,2.0196064774916858,1.1430538776564896,0.47571499056256517,-0.5906559796537328,1.0092643821813472,-0.5497281565185126,-0.29756084928685667,1.4975527376249118,3.95,33.3,61.35,0.285,1.113,1.065,69.91648589567414,-32.928053159137605,-56.07569652030998,25.682183998077385,1,0,0,0,0
834,834,1777638158.5754595,4673.632,1.8835072530985781,-0.10587107145462404,-1.796386149949349,-0.02297569982854597,2.0196064774916858,1.1430538776564896,0.47571499056256517,-0.5906559796537328,1.0092643821813472,-0.5497281565185126,-0.29756084928685667,1.4975527376249118,3.78,33.11,61.01,0.263,1.105,1.035,69.51820337149113,-32.80099154855595,-55.78121990512824,25.403367086417596,0,1,0,0,0
835,835,1777638158.57979,4673.639999999999,1.8830127567528012,-0.10563290684415172,-1.796319454943987,-0.024120320534705364,2.019536498340631,1.143488647514483,0.4754784342833002,-0.5907611226458578,1.00943430850348,-0.5506472763616131,-0.2968517534796261,1.4975857347905217,3.78,33.11,61.01,0.263,1.105,1.035,69.51820337149113,-32.81351641426791,-55.74969135886776,25.45634800833686,1,0,0,0,0
836,836,1777638158.5869875,4673.648,1.8825076564210264,-0.10538974920719468,-1.7962502129229803,-0.025291180229748633,2.019465736437994,1.1439325540794516,0.4752283517735202,-0.5908462793381025,1.009591089463359,-0.5515971472947968,-0.29615789996874486,1.4976115274118555,3.78,33.11,61.01,0.263,1.105,1.035,69.51820337149113,-32.82691957737904,-55.71778727367,25.508863800380183,1,0,0,0,0
837,837,1777638158.5941548,4673.656,1.8819919677142094,-0.10514161460736027,-1.796178352488309,-0.02648835366001201,2.019394239652061,1.1443855705469208,0.47500158637214007,-0.5909017933118744,1.009768921943961,-0.5525651145318339,-0.29542108016696755,1.4976747393903789,3.78,33.11,61.01,0.263,1.105,1.035,69.51820337149113,-32.838473233354755,-55.6854289663846,25.564590286800563,1,0,0,0,0
838,838,1777638158.60241,4673.664,1.8814657066404834,-0.10488851960667578,-1.7961038006254926,-0.0277119171007989,2.0193220567746564,1.1448476693822318,0.47477112664788035,-0.5910032562686952,1.0099188754976913,-0.5535304480266479,-0.2946696659439285,1.4977355076737797,3.78,33.11,61.01,0.263,1.105,1.035,69.51820337149113,-32.850105627973484,-55.65265083055464,25.62096047698739,1,0,0,0,0
839,839,1777638158.6104908,4673.672,1.8809288896087315,-0.10463048127573771,-1.7960264826982764,-0.028961948351137856,2.0192492375141766,1.1453188223112376,0.4744893248995481,-0.5910514202589671,1.010129861620006,-0.5546298498246935,-0.293862885983329,1.4977571246947252,3.78,33.11,61.01,0.263,1.105,1.035,69.51820337149113,-32.86603191126916,-55.615256448834515,25.681662651351175,1,0,0,0,0
840,840,1777638158.6158042,4673.679999999999,1.8803815334321943,-0.10436751720410786,-1.7959463224432266,-0.03023852672838423,2.019175832488434,1.1457990003108651,0.47420625543092826,-0.5911243865462914,1.0103426022036812,-0.5557418491201106,-0.293041433438574,1.497823337921653,3.78,33.11,61.01,0.263,1.105,1.035,69.51820337149113,-32.87961708309056,-55.57833949754264,25.74411698165679,1,0,0,0,0
841,841,1777638158.6247432,4673.688,1.8798236553321044,-0.10409964551095552,-1.7958632419642306,-0.03154173306264596,2.019101893217312,1.1462881735995503,0.4739827794022925,-0.5912512891331466,1.0104781611701563,-0.5567073312680597,-0.2923137393674915,1.4978949494378462,3.78,33.11,61.01,0.263,1.105,1.035,69.51820337149113,-32.890596456483266,-55.546233574489214,25.79932558081814,1,0,0,0,0
842,842,1777638158.6308594,4673.696,1.8792552729413519,-0.10382688485594915,-1.795777161726896,-0.032871649691045945,2.0190274721152264,1.1467863116275465,0.4737074262678613,-0.5912350158472042,1.0107312508668729,-0.5579052389425967,-0.29142769081011277,1.4980295633461234,3.78,33.11,61.01,0.263,1.105,1.035,69.51820337149113,-32.901623034796955,-55.50787322289208,25.867736892651774,1,0,0,0,0
843,843,1777638158.6387103,4673.704,1.8786764043081712,-0.10354925445040486,-1.79568800055287,-0.03422836045180766,2.0189526224833916,1.1472933830671141,0.47342291800369507,-0.5914620694594744,1.010852844682059,-0.5588236241399148,-0.29066132461568944,1.4979441542437362,3.78,33.11,61.01,0.263,1.105,1.035,69.51820337149113,-32.92067055414575,-55.47161053871459,25.921235975673824,1,0,0,0,0
844,844,1777638158.6448872,4673.7119999999995,1.8780870678998518,-0.10326677406868168,-1.7955956756140532,-0.035611950678170246,2.018877398501891,1.1478093558025921,0.4731304160186341,-0.5915223856797843,1.0110716450379345,-0.5600314983804874,-0.28980158196653577,1.4980657422193107,3.78,33.11,61.01,0.263,1.105,1.035,69.51820337149113,-32.93255889820323,-55.433260518329845,25.98808943965191,1,0,0,0,0
845,845,1777638158.6517308,4673.719999999999,1.877487282606467,-0.10297946405983627,-1.7955001024267316,-0.037022507192120635,2.0188018552215468,1.148334196920358,0.47284102742161405,-0.5915867045267519,1.011271733709053,-0.5611784148085595,-0.2888965945508477,1.4981120111293884,3.78,33.11,61.01,0.263,1.105,1.035,69.51820337149113,-32.94769362905249,-55.39289481880511,26.054889908016996,1,0,0,0,0
846,846,1777638158.6616952,4673.728,1.8768770677446207,-0.10268734535953161,-1.7954011948456188,-0.038460118297946266,2.01872604855559,1.1488678726986803,0.47253047432397205,-0.5916828069783305,1.0115064052341147,-0.5623919376111112,-0.2879695873491482,1.4981539128230426,3.78,33.11,61.01,0.263,1.105,1.035,69.51820337149113,-32.9640923355516,-55.35067553209678,26.123781017183774,1,0,0,0,0
847,847,1777638158.6670344,4673.736,1.876256443061204,-0.10239043950220506,-1.7952988650578074,-0.039924873775606606,2.0186500352711234,1.1494103485974676,0.47225215890640226,-0.5917902737518383,1.011704647149033,-0.5635580696540138,-0.2871519934257424,1.4981926056589208,3.78,33.11,61.01,0.263,1.105,1.035,69.51820337149113,-32.97995098301149,-55.311785643639546,26.18606121718632,1,0,0,0,0
848,848,1777638158.673676,4673.744,1.875625428737165,-0.10208876863349658,-1.7951930235766307,-0.04141686487391105,2.018573872980383,1.149961589247919,0.4719199730355502,-0.5918556587847281,1.0119232317010283,-0.5648480142283583,-0.2861750284813691,1.4982432183492864,3.78,33.11,61.01,0.263,1.105,1.035,69.51820337149113,-32.996994820121984,-55.267098717281904,26.25884102954771,1,0,0,0,0
849,849,1777638158.6808763,4673.7519999999995,1.874984045391284,-0.10178235552293646,-1.7950835792354516,-0.0429361843035192,2.0184976201317877,1.1505215584420798,0.47162521558044124,-0.5919280289160995,1.0121492528646416,-0.5660875536370593,-0.28528215459758316,1.49833392240734,3.78,33.11,61.01,0.263,1.105,1.035,69.51820337149113,-33.01100420532656,-55.226248453224215,26.32709029001613,1,0,0,0,0
850,850,1777638158.6880176,4673.76,1.8743323140839545,-0.1014712235768993,-1.794970439181352,-0.04448292622973593,2.018421336000779,1.1510902191223087,0.47133571724122986,-0.5920270667993247,1.0123550019396952,-0.5673322684069552,-0.28437850193464503,1.4984356843297142,3.78,33.11,61.01,0.263,1.105,1.035,69.51820337149113,-33.02444635973381,-55.18523963214447,26.396133606569236,1,0,0,0,0
851,851,1777638158.7834027,4673.768,1.8736702563209635,-0.10115539685181485,-1.7948535088687478,-0.04605718626512534,2.0183450806804513,1.1516675333706592,0.47104337344203473,-0.5921702830164756,1.012562513435778,-0.5685478051683421,-0.28339992435376155,1.4984648760184116,3.78,33.11,61.01,0.263,1.105,1.035,69.51820337149113,-33.041442207087364,-55.14099606179707,26.467229741485717,1,0,0,0,0
852,852,1777638158.7834513,4673.776,1.8729978940572702,-0.10083490006765228,-1.794732692052925,-0.04765906146191323,2.0182689150719635,1.1522534623981833,0.47068008332797173,-0.5922441789548544,1.0128336345560314,-0.5699364043495716,-0.2824289522139325,1.49850405733583,3.78,33.11,61.01,0.263,1.105,1.035,69.51820337149113,-33.06059149684271,-55.09413708841677,26.540797809441024,1,0,0,0,0
853,853,1777638158.7847002,4673.784,1.872315249700779,-0.10050975862166922,-1.7946078907834853,-0.04928865030420315,2.0181929008747366,1.152847966534158,0.47036422781094595,-0.5923566251246271,1.0130483497157703,-0.5712141917817163,-0.2814244942611214,1.4985729886106685,3.78,33.11,61.01,0.263,1.105,1.035,69.51820337149113,-33.07626441979065,-55.04899192027892,26.61484211099432,1,0,0,0,0
854,854,1777638158.7858088,4673.784,1.872315249700779,-0.10050975862166922,-1.7946078907834853,-0.04928865030420315,2.0181929008747366,1.152847966534158,0.47036422781094595,-0.5923566251246271,1.0130483497157703,-0.5712141917817163,-0.2814244942611214,1.4985729886106685,4.73,32.16,60.9,0.252,1.085,1.128,69.03222798084964,-31.817483673360876,-54.949154467943785,27.086650881079144,0,1,0,0,0
855,855,1777638158.7858913,4673.7919999999995,1.8716223461161037,-0.10017999860242366,-1.7944790053977302,-0.05094605269998276,2.0181171005764313,1.1534510052152447,0.47001386958515956,-0.5924430325308115,1.0132931415460014,-0.5726552356792798,-0.2803919690940483,1.498639259204181,4.73,32.16,60.9,0.252,1.085,1.128,69.03222798084964,-31.83593406809701,-54.89988250818905,27.164769511240436,1,0,0,0,0
856,856,1777638158.7859178,4673.8,1.870919206628321,-0.0998456468040656,-1.7943459345139479,-0.052631369972925945,2.0180415774427063,1.1540625369745814,0.46966403383235544,-0.5925398819508779,1.0135503526883618,-0.5740013309375481,-0.27934178066347615,1.498670442612978,4.73,32.16,60.9,0.252,1.085,1.128,69.03222798084964,-31.854774126886895,-54.85090759277008,27.241508797686187,1,0,0,0,0
857,857,1777638158.7859592,4673.808,1.870205855026706,-0.09950673074088545,-1.7942085750246424,-0.054344704853991566,2.0179663955067495,1.1546825194308177,0.46932861088534605,-0.5927314461176185,1.0137596677290237,-0.5753033184841214,-0.27835094285487866,1.4986841154728252,4.73,32.16,60.9,0.252,1.085,1.128,69.03222798084964,-31.873919726037684,-54.80367503303647,27.31407959590509,1,0,0,0,0
858,858,1777638158.787285,4673.816,1.8694823155684515,-0.09916327866214925,-1.7940668220896798,-0.056086161472808094,2.0178916195585908,1.155310909277095,0.46898146900184434,-0.5928595185163913,1.0139800760038955,-0.5766713595029187,-0.27732084066343127,1.4987392973838687,4.73,32.16,60.9,0.252,1.085,1.128,69.03222798084964,-31.891727323929466,-54.75518139151754,27.390442476859363,1,0,0,0,0
859,859,1777638158.7874126,4673.824,1.8687486129823634,-0.09881531956719414,-1.793920569129364,-0.05785584534885224,2.017817315134182,1.155947662269977,0.46860217524362424,-0.5929887980431908,1.01425523510524,-0.5781224736317853,-0.2761799091986335,1.4987358141408014,4.73,32.16,60.9,0.252,1.085,1.128,69.03222798084964,-31.914003737835653,-54.700966021262865,27.472698843798653,1,0,0,0,0
860,860,1777638158.7874603,4673.831999999999,1.8680047724725306,-0.0984628832208072,-1.7937697078174413,-0.05965386338240908,2.0177435485042516,1.1565927332183383,0.4682548562413436,-0.5930611607083489,1.014534105947028,-0.5795846278870707,-0.27504469726663816,1.4988129781404023,4.73,32.16,60.9,0.252,1.085,1.128,69.03222798084964,-31.931903032213356,-54.64847600676342,27.556235934530775,1,0,0,0,0
861,861,1777638158.78852,4673.84,1.867250819721966,-0.09810600016886983,-1.793614128074041,-0.06148032384531721,2.017670386662928,1.1572460759722156,0.46791782643405094,-0.5931677250125538,1.0147409216315582,-0.5810076631057007,-0.2739663878016233,1.4989081576218082,4.73,32.16,60.9,0.252,1.085,1.128,69.03222798084964,-31.948197690029268,-54.59841618670452,27.63646349050851,1,0,0,0,0
862,862,1777638158.7885792,4673.848,1.866486780896215,-0.09774470175428807,-1.7934537180585384,-0.06333533637149902,2.0175978973161306,1.1579076434116242,0.467520404267606,-0.5932290605494064,1.015045768673815,-0.5825887644810173,-0.27284593756112463,1.4989885998881278,4.73,32.16,60.9,0.252,1.085,1.128,69.03222798084964,-31.967788571139106,-54.544033170511696,27.72106490315744,1,0,0,0,0
863,863,1777638158.7895553,4673.856,1.8657126826469257,-0.09737902013318767,-1.793288364162363,-0.06521901194726798,2.0175261488697247,1.158577387435351,0.4671919932351632,-0.5934291317399786,1.015255366527566,-0.5838804951505212,-0.2716820547747226,1.4990061124376572,4.73,32.16,60.9,0.252,1.085,1.128,69.03222798084964,-31.986125008573886,-54.492091133928234,27.80194796749937,1,0,0,0,0
864,864,1777638158.7909799,4673.864,1.8649285521153824,-0.09700898829139959,-1.7931179510017392,-0.0671314629014157,2.0174552104174444,1.1592552589497245,0.4668229638596227,-0.5935358250278073,1.015538667168003,-0.5854158825679405,-0.27057820480736905,1.4991140159945193,4.73,32.16,60.9,0.252,1.085,1.128,69.03222798084964,-32.00339022571513,-54.43934667916442,27.885283703171282,1,0,0,0,0
865,865,1777638158.7910316,4673.871999999999,1.8641344169359924,-0.09663464006120837,-1.7929423614103612,-0.069072802895076,2.0173851517285755,1.1599412078573708,0.46642053925896115,-0.5936868281498527,1.0158000035317925,-0.5869382401511783,-0.269418204561315,1.499093274235999,4.73,32.16,60.9,0.252,1.085,1.128,69.03222798084964,-32.02753042688241,-54.38226621398532,27.96882042894107,1,0,0,0,0
866,866,1777638158.7959907,4673.88,1.863330305239726,-0.09625601013839091,-1.79276147643201,-0.07104314691136437,2.017316043235399,1.16063518304596,0.4660428808808305,-0.5937784388328351,1.0160720423610279,-0.5885146205888682,-0.2681754947806528,1.4991461848970744,4.73,32.16,60.9,0.252,1.085,1.128,69.03222798084964,-32.04825822848017,-54.32371656642822,28.058714563055513,1,0,0,0,0
867,867,1777638158.802705,4673.888,1.8625162456575073,-0.09587313409952802,-1.7925751753131154,-0.07304261124479083,2.0172479560203955,1.1613371323769506,0.4656812212544328,-0.5939346316055812,1.016299052491472,-0.5899974733242788,-0.2669594610164606,1.4992196638744728,4.73,32.16,60.9,0.252,1.085,1.128,69.03222798084964,-32.06631529051926,-54.2678673922166,28.146020897984922,1,0,0,0,0
868,868,1777638158.8097584,4673.896,1.8616922673235468,-0.09548604841959474,-1.7923833354952574,-0.07507131349044283,2.017180961803208,1.1620470026743346,0.46526886364190545,-0.5940153643210367,1.0166091727562974,-0.59169598336922,-0.2657498938567541,1.4992992344680096,4.73,32.16,60.9,0.252,1.085,1.128,69.03222798084964,-32.087499951843,-54.2083294682003,28.236463360476318,1,0,0,0,0
869,869,1777638158.8211892,4673.9039999999995,1.860858399878619,-0.0950947904898305,-1.792185832607612,-0.07712937253294516,2.017115132927358,1.1627647397133927,0.4649284215482188,-0.5941972187224662,1.0168511044023203,-0.5931695008352011,-0.2646148379399918,1.4993625874393068,4.73,32.16,60.9,0.252,1.085,1.128,69.03222798084964,-32.10602198856122,-54.15422660924651,28.31910295938768,1,0,0,0,0
870,870,1777638158.824923,4673.911999999999,1.860014673473275,-0.09469939863588994,-1.7919825404593466,-0.0792169085351846,2.0170505423467215,1.1634902882094644,0.4645398942641023,-0.5943637004031778,1.0171218538804072,-0.594787520057145,-0.2634039875172758,1.499430143759972,4.73,32.16,60.9,0.252,1.085,1.128,69.03222798084964,-32.126491450172495,-54.095550494454564,28.40789439229718,1,0,0,0,0
871,871,1777638158.8315353,4673.92,1.8591611187709896,-0.0942999121362682,-1.791773331031962,-0.08133404292680346,2.016987263611756,1.1642235918067392,0.4641258513842026,-0.5944196485078825,1.0174540615842353,-0.5965288416978344,-0.2621007986740816,1.4995573785156469,4.73,32.16,60.9,0.252,1.085,1.128,69.03222798084964,-32.145431187287315,-54.03352802408588,28.50434358222799,1,0,0,0,0
872,872,1777638158.8389523,4673.928,1.858297766951239,-0.09389637124101036,-1.7915580744715873,-0.08348089839246953,2.0169253708554806,1.1649645930670738,0.46373201072366166,-0.5945648340464279,1.0177283218514608,-0.5982011394784651,-0.2608229052036444,1.4996744512924265,4.73,32.16,60.9,0.252,1.085,1.128,69.03222798084964,-32.163816637729184,-53.97301140416765,28.598102021989558,1,0,0,0,0
873,873,1777638158.8465044,4673.936,1.8574246497125027,-0.09348881719069801,-1.7913366390812273,-0.08565759885990065,2.0168649387792112,1.1657132334588463,0.46328041490627303,-0.5947239509939746,1.0180366302801007,-0.5999284585835826,-0.25953220290899814,1.4996508873171623,4.73,32.16,60.9,0.252,1.085,1.128,69.03222798084964,-32.19087449174678,-53.907716735357894,28.690663565644826,1,0,0,0,0
874,874,1777638158.853529,4673.9439999999995,1.85654179927519,-0.09307729223570682,-1.7911088913129625,-0.08786426948767012,2.016806042638042,1.166469453345845,0.4628729217023769,-0.5948153285093158,1.0183414557766286,-0.6016501632373441,-0.2581577126476205,1.4997712744832605,4.73,32.16,60.9,0.252,1.085,1.128,69.03222798084964,-32.20960540155308,-53.84356291486802,28.789938390154454,1,0,0,0,0
875,875,1777638158.860594,4673.952,1.855649248384483,-0.09266183965575614,-1.7908746957601043,-0.09010103665276947,2.01674875822608,1.1672331919762098,0.46245795971083925,-0.5949441760998812,1.0186306715253883,-0.6034135211087773,-0.2568885554155113,1.4998654743153945,4.73,32.16,60.9,0.252,1.085,1.128,69.03222798084964,-32.23062830158339,-53.78062321232372,28.88389977442862,1,0,0,0,0
876,876,1777638158.8642492,4673.952,1.855649248384483,-0.09266183965575614,-1.7908746957601043,-0.09010103665276947,2.01674875822608,1.1672331919762098,0.46245795971083925,-0.5949441760998812,1.0186306715253883,-0.6034135211087773,-0.2568885554155113,1.4998654743153945,4.99,32.25,62.18,0.29,1.116,1.135,70.22332233667102,-32.30897827992769,-54.97554436608487,29.413167870186875,0,1,0,0,0
877,877,1777638158.8676054,4673.96,1.8547470303130942,-0.09224250377972076,-1.7906339151493142,-0.0923680279379413,2.016693161861429,1.16800438747142,0.4619903765915847,-0.5951327805345004,1.0189233607848784,-0.6051359499905248,-0.25554304659411964,1.499848866917079,4.99,32.25,62.18,0.29,1.116,1.135,70.22332233667102,-32.33586912873915,-54.90755595809701,29.51045351053589,1,0,0,0,0
878,878,1777638158.8748987,4673.968,1.8538351788639345,-0.09181933000572595,-1.7903864103326788,-0.09466537211878112,2.016639330370922,1.1687829768153477,0.4615838983928049,-0.5952787183323704,1.019226638285511,-0.6068421036863302,-0.25424560473236246,1.499979129942695,4.99,32.25,62.18,0.29,1.116,1.135,70.22332233667102,-32.35417545320355,-54.84441973512175,29.607633385009155,1,0,0,0,0
879,879,1777638158.8822048,4673.976,1.8529137283726884,-0.09139236482151958,-1.7901320402797456,-0.09699319915060034,2.0165873410745982,1.1695688958433714,0.4611461614419468,-0.5954041566547092,1.019549576929675,-0.6086149865387568,-0.25291931753697566,1.5000379081992408,4.99,32.25,62.18,0.29,1.116,1.135,70.22332233667102,-32.377550302742804,-54.77743983882934,29.70591390778595,1,0,0,0,0
880,880,1777638158.8894672,4673.9839999999995,1.8519827137102918,-0.09096165582511073,-1.7898706620695304,-0.09935164015506714,2.0165372717699346,1.1703620792315643,0.46070136155293934,-0.5955781425123833,1.0198494890883354,-0.6103745199573856,-0.25147853886028015,1.5000447742118637,4.99,32.25,62.18,0.29,1.116,1.135,70.22332233667102,-32.4033591366291,-54.70626528294562,29.808754678023945,1,0,0,0,0
881,881,1777638158.8997595,4673.992,1.8510427664162439,-0.09052752684816134,-1.7896023025121979,-0.10173931099324207,2.016489230384217,1.1711619534869477,0.4602627272262936,-0.5957337885718552,1.0201668364095973,-0.6122241041404641,-0.25013534684104266,1.5001795534392,4.99,32.25,62.18,0.29,1.116,1.135,70.22332233667102,-32.423548111005125,-54.63883273505928,29.91030734117504,1,0,0,0,0
882,882,1777638158.9040244,4674.0,1.850101540693518,-0.09009353590842473,-1.7893290537942175,-0.10413689942217363,2.0164436493958635,1.1719619811086555,0.4597898035069503,-0.595862764219136,1.0205222177631201,-0.6141116518521201,-0.2487026112015177,1.5002145042794264,4.99,32.25,62.18,0.29,1.116,1.135,70.22332233667102,-32.44978989307202,-54.56576928268492,30.015045535269138,1,0,0,0,0
883,883,1777638158.9110703,4674.008,1.849161304693644,-0.08966074076646624,-1.7890515519861765,-0.1065386534597188,2.016400640120722,1.1727602248923017,0.45932552633634594,-0.5960275652819297,1.020816578094655,-0.6159703936818732,-0.24729697999755498,1.500279226487672,4.99,32.25,62.18,0.29,1.116,1.135,70.22332233667102,-32.47386456793278,-54.494484441473325,30.11833802655088,1,0,0,0,0
884,884,1777638158.9183335,4674.016,1.8482220614314924,-0.08922915206358173,-1.7887697919255015,-0.10894456720489476,2.0163601950327688,1.1735566763162535,0.45882474699776293,-0.5961507611612343,1.0211782524369204,-0.6179233477734751,-0.24585063009790126,1.5003102898432548,4.99,32.25,62.18,0.29,1.116,1.135,70.22332233667102,-32.50126574737866,-54.41935159014586,30.224442051531042,1,0,0,0,0
885,885,1777638158.9258862,4674.023999999999,1.8472838139221552,-0.08879878044248546,-1.788483768477743,-0.11135463473311802,2.0163223065812867,1.1743513268675272,0.4583732608094276,-0.5963492490742326,1.02145363063206,-0.6196965328130143,-0.24443451214924672,1.5003171052689335,4.99,32.25,62.18,0.29,1.116,1.135,70.22332233667102,-32.527056900825635,-54.3476696441249,30.32550698048618,1,0,0,0,0
886,886,1777638158.9322882,4674.032,1.8463465651478985,-0.08836963656398478,-1.7881934765219523,-0.11376885008812021,2.0162869671899055,1.1751441680829948,0.4579129204449013,-0.596486795470745,1.021806240733475,-0.6215707619795124,-0.2430069093515637,1.5003716083571497,4.99,32.25,62.18,0.29,1.116,1.135,70.22332233667102,-32.551741028339784,-54.27470013954977,30.429526463385116,1,0,0,0,0
887,887,1777638158.9397898,4674.04,1.8454103180581503,-0.08794173110666925,-1.787898910950676,-0.1161872072823682,2.016254169256913,1.175935191549437,0.4573797140485227,-0.5966012240881766,1.0221553076864054,-0.6235646200761932,-0.24154399638336238,1.5003718765497955,4.99,32.25,62.18,0.29,1.116,1.135,70.22332233667102,-32.581344734890834,-54.19704336057285,30.53606828388989,1,0,0,0,0
888,888,1777638158.953406,4674.048,1.8444750755695465,-0.08751507476656517,-1.78760006666998,-0.11860970029752593,2.01622390515556,1.1767243889035288,0.45691393260338764,-0.5967984796455902,1.0224552319714997,-0.6253405114862481,-0.24015635204681468,1.5004018128027004,4.99,32.25,62.18,0.29,1.116,1.135,70.22332233667102,-32.605760384567446,-54.12608095036892,30.63571038344439,1,0,0,0,0
889,889,1777638158.9582505,4674.056,1.8435408405659781,-0.08708967825677849,-1.7872969385994768,-0.12103632308490919,2.0161961672343596,1.177511751831824,0.4564515300568873,-0.5969552245117531,1.022789680664168,-0.6271984371963758,-0.23874310850606115,1.5004301102206923,4.99,32.25,62.18,0.29,1.116,1.135,70.22332233667102,-32.631514367472626,-54.05264283611625,30.737779238531175,1,0,0,0,0
890,890,1777638158.961586,4674.063999999999,1.8426076158986406,-0.0866655523071449,-1.7869895216723402,-0.1234670695659581,2.016170947817389,1.1782972720707343,0.4559727108386105,-0.5970771351243211,1.0231377958917032,-0.6290928183496469,-0.23732782125368895,1.5004752916876034,4.99,32.25,62.18,0.29,1.116,1.135,70.22332233667102,-32.656858880018945,-53.978665071277206,30.840692035254413,1,0,0,0,0
891,891,1777638158.973437,4674.072,1.8416754043860843,-0.08624270766388076,-1.7866778108353252,-0.12590193363269364,2.016148239204588,1.1790809414065087,0.45553705300967595,-0.5972394196626505,1.0234319694753982,-0.6308422896866015,-0.23593760896042618,1.50052425335598,4.99,32.25,62.18,0.29,1.116,1.135,70.22332233667102,-32.67957771923714,-53.90805250739825,30.93997535474022,1,0,0,0,0
892,892,1777638158.975814,4674.08,1.8407442088142658,-0.08582115508922694,-1.7863618010487858,-0.12834090914818397,2.01612803367206,1.1798627516752105,0.4550956514213266,-0.5973596543144941,1.0237579345310277,-0.6327007375556117,-0.2344974187963777,1.5006531479316951,4.99,32.25,62.18,0.29,1.116,1.135,70.22332233667102,-32.699409532698226,-53.83566540727518,31.04488277266961,1,0,0,0,0
893,893,1777638158.9829183,4674.088,1.8398140319366012,-0.08540090536109712,-1.7860414872866874,-0.13078398994700713,2.0161103234723705,1.1806426947626916,0.4546063231377877,-0.597522951293336,1.0240794578155137,-0.6345419561035444,-0.23310366649348221,1.5006221033662925,4.99,32.25,62.18,0.29,1.116,1.135,70.22332233667102,-32.72805707166748,-53.760977653819204,31.143965097900214,1,0,0,0,0
894,894,1777638158.9900167,4674.096,1.8388848764740213,-0.08498196927272872,-1.7857168645366173,-0.13323116983572092,2.0160951008348458,1.1814207626045647,0.45414838195064144,-0.5975853191186703,1.0244478563779986,-0.6365128261977705,-0.2316955640609276,1.5007328392828152,4.99,32.25,62.18,0.29,1.116,1.135,70.22332233667102,-32.750776141870524,-53.686531909184325,31.248327213936047,1,0,0,0,0
895,895,1777638159.060608,4674.103999999999,1.837956745115027,-0.08456435763232584,-1.7853879277997962,-0.13568244259332385,2.0160823579658707,1.1821969471861742,0.4536920889835608,-0.5977446470783426,1.02475179885618,-0.6383100890313907,-0.23020745267319376,1.5007484532198256,4.99,32.25,62.18,0.29,1.116,1.135,70.22332233667102,-32.77566183388863,-53.61078501281374,31.352108727491398,1,0,0,0,0
896,896,1777638159.060781,4674.112,1.8370296405157467,-0.08414808126270668,-1.7850546720910865,-0.13813780197172232,2.0160720870491855,1.1829712405425639,0.4532206286091076,-0.5978811998314286,1.025068750962718,-0.6402237791542977,-0.22880642926777864,1.5008394895514239,4.99,32.25,62.18,0.29,1.116,1.135,70.22332233667102,-32.798443021177455,-53.536804504152514,31.454533836487414,1,0,0,0,0
897,897,1777638159.0608733,4674.112,1.8370296405157467,-0.08414808126270668,-1.7850546720910865,-0.13813780197172232,2.0160720870491855,1.1829712405425639,0.4532206286091076,-0.5978811998314286,1.025068750962718,-0.6402237791542977,-0.22880642926777864,1.5008394895514239,3.98,33.59,62.34,0.346,1.106,1.024,70.92534173340303,-34.438206242347675,-53.65058874513814,31.080997057842005,0,1,0,0,0
898,898,1777638159.0609572,4674.12,1.8361035652999962,-0.08373315100095358,-1.784717092438994,-0.14059724169620047,2.0160642802461837,1.1837436347584436,0.45270413239642127,-0.59808584931291,1.0254083445993865,-0.6420193199332512,-0.22731678468306085,1.5007066894050516,3.98,33.59,62.34,0.346,1.106,1.024,70.92534173340303,-34.471261084863606,-53.57094921818473,31.181559599895614,1,0,0,0,0
899,899,1777638159.062729,4674.128,1.8351785220593368,-0.08331957769805687,-1.7843751838856745,-0.14306075546588382,2.0160589296962073,1.1845141219681534,0.4522392746236013,-0.5981562671081896,1.0257567956794367,-0.6440070337373061,-0.22590585004982983,1.5008183626549292,3.98,33.59,62.34,0.346,1.106,1.024,70.92534173340303,-34.49387487271643,-53.49580791579145,31.28538367516255,1,0,0,0,0
900,900,1777638159.0628397,4674.1359999999995,1.8342545133531385,-0.08290737221856492,-1.7840289414869321,-0.14552833695420997,2.0160560275168415,1.1852826943556258,0.4517667462004493,-0.5983877628266498,1.0260700178322941,-0.6457740161743083,-0.22447674078414442,1.5007628664484005,3.98,33.59,62.34,0.346,1.106,1.024,70.92534173340303,-34.52213912604075,-53.42000195727497,31.383584897953018,1,0,0,0,0
901,901,1777638159.0628748,4674.144,1.8333315417086418,-0.08249654544022622,-1.783678360312221,-0.14799997980939317,2.016055565804211,1.1860493441543458,0.4513320733677275,-0.5984478672670138,1.0264304645845477,-0.6477250348354828,-0.22305634737066574,1.5009133686458211,3.98,33.59,62.34,0.346,1.106,1.024,70.92534173340303,-34.54182307722952,-53.345895901149305,31.487806354287617,1,0,0,0,0
902,902,1777638159.0660818,4674.152,1.8324096096210216,-0.08208710825364118,-1.7833234354446397,-0.15047567765489855,2.0160575366332734,1.1868140636473092,0.4509054975607188,-0.5985991444048773,1.0267143379407153,-0.6494690595661298,-0.22162855082836516,1.5009792771461277,3.98,33.59,62.34,0.346,1.106,1.024,70.92534173340303,-34.562759249154084,-53.273247008418856,31.587670478606135,1,0,0,0,0
903,903,1777638159.067352,4674.16,1.8314887195534535,-0.08167907156190779,-1.7829641619809236,-0.15295542408990492,2.0160619320581112,1.1875768451669786,0.45045942998103294,-0.5988100893753495,1.02700757178162,-0.6512495951970215,-0.22019905132586715,1.5009584475161841,3.98,33.59,62.34,0.346,1.106,1.024,70.92534173340303,-34.589110811906814,-53.19751520437184,31.686304444069528,1,0,0,0,0
904,904,1777638159.0694826,4674.168,1.8305688739371797,-0.0812724462802672,-1.7826005350314418,-0.1554392126897799,2.0160687441122263,1.1883376810952375,0.4500075887575446,-0.5989509772812245,1.027358473470101,-0.6531545826941232,-0.21884161582197023,1.5010486698766523,3.98,33.59,62.34,0.346,1.106,1.024,70.92534173340303,-34.611451344002354,-53.124068137136014,31.78497947809136,1,0,0,0,0
905,905,1777638159.0705,4674.1759999999995,1.8296500751715763,-0.08086724333575379,-1.7822325497201845,-0.15792703700654354,2.0160779648088307,1.189096563863344,0.44964676468131737,-0.5991289502923557,1.0276258157074696,-0.6547947169126047,-0.21739757295678658,1.5011435570036005,3.98,33.59,62.34,0.346,1.106,1.024,70.92534173340303,-34.62880873638775,-53.05316250692242,31.88434809609187,1,0,0,0,0
906,906,1777638159.0742319,4674.184,1.8287323256242243,-0.08046347366684081,-1.7818602011847489,-0.16041889056934622,2.0160895861411374,1.1898534859518783,0.44920034241922646,-0.5992894847684435,1.027958663058421,-0.6565906058672523,-0.21613877259029002,1.5011893550465094,3.98,33.59,62.34,0.346,1.106,1.024,70.92534173340303,-34.652045232799345,-52.98323600379028,31.975249236725105,1,0,0,0,0
907,907,1777638159.076884,4674.192,1.827815627630978,-0.08006114822308952,-1.7814834845763308,-0.16291476688492956,2.0161036000826518,1.1906084398906942,0.44874496503300787,-0.5994271538517678,1.0282817812198906,-0.6584182045823623,-0.2147075740872739,1.5011845367333185,3.98,33.59,62.34,0.346,1.106,1.024,70.92534173340303,-34.67804064029181,-52.90627644018677,32.07434349421369,1,0,0,0,0
908,908,1777638159.0836995,4674.2,1.8268999834960382,-0.07966027796479658,-1.7811023950596994,-0.16541465943810696,2.0161199985874596,1.1913614182588632,0.44834380945805064,-0.5995244769017075,1.028597935998624,-0.6602466951675413,-0.21320948980999793,1.501279430954597,3.98,33.59,62.34,0.346,1.106,1.024,70.92534173340303,-34.69817673033883,-52.82966086261867,32.178681836440575,1,0,0,0,0
909,909,1777638159.0911784,4674.208,1.825985395492023,-0.07926087386264236,-1.7807169278131854,-0.16791856169222363,2.0161387735905163,1.192112413684621,0.4478603909240553,-0.5997005726391126,1.0289303909430207,-0.662099894182959,-0.21182152685525793,1.501268973634314,3.98,33.59,62.34,0.346,1.106,1.024,70.92534173340303,-34.72493535336505,-52.75297513052177,32.2754795407159,1,0,0,0,0
910,910,1777638159.1023104,4674.215999999999,1.8250718658600442,-0.07886294689734186,-1.7803270780286562,-0.17042646708963893,2.016159917007935,1.1928614188453086,0.4474060423778233,-0.5998031650615525,1.0292800708919907,-0.6639494459813473,-0.2103312508536453,1.50128682692266,3.98,33.59,62.34,0.346,1.106,1.024,70.92534173340303,-34.74963851133266,-52.67389883170117,32.37787987499203,1,0,0,0,0
911,911,1777638159.1063063,4674.224,1.8241593968097807,-0.078466508059293,-1.7799328409114947,-0.17293836905218818,2.016183420737273,1.1936084264673144,0.4469550815594553,-0.5999587957435386,1.0296182295129577,-0.6658227049609063,-0.20900299203146008,1.5013498654543858,3.98,33.59,62.34,0.346,1.106,1.024,70.92534173340303,-34.77270797969005,-52.600064117285406,32.473006245444274,1,0,0,0,0
912,912,1777638159.1123517,4674.232,1.8232479905195556,-0.07807156834822315,-1.7795342116805708,-0.17545426098165873,2.0162092766578175,1.194353429326012,0.4464980621549154,-0.6000977565924959,1.029953853379467,-0.6676567107511361,-0.2075384178578325,1.5013553472600951,3.98,33.59,62.34,0.346,1.106,1.024,70.92534173340303,-34.797812089007536,-52.52138484192071,32.57330975054552,1,0,0,0,0
913,913,1777638159.1201906,4674.24,1.8223376491364134,-0.07767813877284446,-1.7791311855682173,-0.17797413626025982,2.0162374766308724,1.1950964202456993,0.4460748355350674,-0.6003172873233931,1.0302222712198486,-0.669392852998901,-0.20611012108813914,1.50137078949413,3.98,33.59,62.34,0.346,1.106,1.024,70.92534173340303,-34.82079282534205,-52.44575885192035,32.670458604997066,1,0,0,0,0
914,914,1777638159.1269338,4674.248,1.8214283747761992,-0.0772862303505022,-1.7787237578201953,-0.1804979882510951,2.01626801250004,1.1958373920995313,0.445628501405246,-0.600433727352616,1.0305759571432518,-0.6713006336785738,-0.20470972296906298,1.5014451350412468,3.98,33.59,62.34,0.346,1.106,1.024,70.92534173340303,-34.84338765116058,-52.368902849696376,32.76950489876239,1,0,0,0,0
915,915,1777638159.1341558,4674.255999999999,1.8205201695236377,-0.07689585410682653,-1.7783119236956662,-0.18302581029863418,2.0163008760915058,1.1965763378094563,0.4451541024716105,-0.6005893686451069,1.030884799113104,-0.6730802053718314,-0.2031678757108304,1.5014036204169545,3.98,33.59,62.34,0.346,1.106,1.024,70.92534173340303,-34.8697327267235,-52.28730244628059,32.8716267084251,1,0,0,0,0
916,916,1777638159.1416354,4674.264,1.8196130354324151,-0.07650702107538176,-1.7778956784671536,-0.1855575957291835,2.0163360592143214,1.1973132503461454,0.4447498526576573,-0.6007461569801644,1.0312065139201547,-0.6749122947907855,-0.20181979180707643,1.5015036128753911,3.98,33.59,62.34,0.346,1.106,1.024,70.92534173340303,-34.889712354510436,-52.21377754635454,32.96715799336246,1,0,0,0,0
917,917,1777638159.1520622,4674.272,1.81870697452526,-0.07611974229732432,-1.7774750174205103,-0.18809333785135784,2.016373553660684,1.1980481227289244,0.44429616703577535,-0.600953824395472,1.0315024405925022,-0.6766367560959347,-0.2004349277056362,1.5014858438168401,3.98,33.59,62.34,0.346,1.106,1.024,70.92534173340303,-34.91427312648787,-52.138181141723585,33.060666951557806,1,0,0,0,0
918,918,1777638159.156204,4674.272,1.81870697452526,-0.07611974229732432,-1.7774750174205103,-0.18809333785135784,2.016373553660684,1.1980481227289244,0.44429616703577535,-0.600953824395472,1.0315024405925022,-0.6766367560959347,-0.2004349277056362,1.5014858438168401,3.68,33.62,61.61,0.345,1.097,1.047,70.28256469423978,-34.99244988388554,-51.502320488451446,32.59874745183613,0,1,0,0,0
919,919,1777638159.1570854,4674.28,1.8178019887940269,-0.07573402882105107,-1.7770499358548726,-0.19063302995655107,2.0164133512062197,1.1987809480257006,0.44382213339976445,-0.601093011226155,1.0318380337003943,-0.6784740772408016,-0.19898631444708106,1.5014682492292422,3.68,33.62,61.61,0.345,1.097,1.047,70.28256469423978,-35.01824877987544,-51.42336498764081,32.6955453500722,1,0,0,0,0
920,920,1777638159.1630785,4674.288,1.8168980801997803,-0.07534989170185469,-1.7766204290826266,-0.19317666531941224,2.0164554436102597,1.1995117193528904,0.4433638617596839,-0.6011926380201507,1.0321722283514403,-0.6803344729556304,-0.19753440907088898,1.501521324354152,3.68,33.62,61.61,0.345,1.097,1.047,70.28256469423978,-35.040464566976794,-51.34546502967672,32.79402329414138,1,0,0,0,0
921,921,1777638159.1704223,4674.295999999999,1.815995250672881,-0.07496734200157906,-1.7761864924293578,-0.19572423719831278,2.0164998226161215,1.200240429875343,0.4428912484934955,-0.6014556441129726,1.032421484487601,-0.6820005614303356,-0.1960722116947758,1.5013993589743853,3.68,33.62,61.61,0.345,1.097,1.047,70.28256469423978,-35.068998069935695,-51.26647775188639,32.88696600913778,1,0,0,0,0
922,922,1777638159.180477,4674.304,1.8150935021130703,-0.07458639078827378,-1.7757481212338107,-0.19827573883581717,2.016546479951384,1.2009670728062651,0.4424307333175119,-0.6015666712332078,1.032776479521657,-0.6839154098710354,-0.19459923938505005,1.5014117066700472,3.68,33.62,61.61,0.345,1.097,1.047,70.28256469423978,-35.09414189653327,-51.18552895074663,32.98608389273065,1,0,0,0,0
923,923,1777638159.1850598,4674.312,1.8141928363895592,-0.0742070491358513,-1.7753053108478367,-0.20083116345915908,2.0165954073281656,1.2016916414071408,0.4419491975180412,-0.6017758092861584,1.033086345261347,-0.6856856670224493,-0.1931580216698024,1.5013507710770368,3.68,33.62,61.61,0.345,1.097,1.047,70.28256469423978,-35.120985835988954,-51.106338975049105,33.08016581693084,1,0,0,0,0
924,924,1777638159.1922467,4674.32,1.8132932553411154,-0.07382932812374143,-1.7748580566363428,-0.20339050428070848,2.016646596443399,1.202414128987652,0.4414902345910247,-0.6018610437393805,1.0334388155593364,-0.6875993505888112,-0.19165702531812198,1.5014186400760066,3.68,33.62,61.61,0.345,1.097,1.047,70.28256469423978,-35.142822414461385,-51.0256148104138,33.18143405528023,1,0,0,0,0
925,925,1777638159.2019093,4674.3279999999995,1.8123947607761532,-0.07345323883655386,-1.774406353977243,-0.20595375449844333,2.0167000389791054,1.2031345289055968,0.441005142219,-0.6020341857471245,1.0337715488660792,-0.6894475669084671,-0.19022320504035425,1.5013681357729185,3.68,33.62,61.61,0.345,1.097,1.047,70.28256469423978,-35.17028336011223,-50.94504833727288,33.275999132743436,1,0,0,0,0
926,926,1777638159.211585,4674.336,1.811497354472824,-0.0730787923637326,-1.7739501982613985,-0.20852090729642292,2.0167557266026686,1.2038528345668051,0.4405720645752891,-0.6021372719046347,1.0341254360548369,-0.6913179659550337,-0.18871607997277348,1.50141723383324,3.68,33.62,61.61,0.345,1.097,1.047,70.28256469423978,-35.1922825048025,-50.86416290237404,33.37632520729217,1,0,0,0,0
927,927,1777638159.2135737,4674.344,1.8106010381791064,-0.07270599979921766,-1.7734895848925643,-0.21109195584525509,2.0168136509671055,1.204569039425055,0.4400961619479361,-0.602270108809511,1.034442538822175,-0.6932412322309779,-0.18722505816823357,1.5014295941837568,3.68,33.62,61.61,0.345,1.097,1.047,70.28256469423978,-35.21717305413802,-50.78162741816017,33.475602143024346,1,0,0,0,0
928,928,1777638159.2209654,4674.352,1.8097058136129005,-0.07233487224110657,-1.7730245092873265,-0.21366689330256872,2.0168738037113383,1.2052831369819839,0.4396453375713509,-0.6023904797343903,1.0347663974523942,-0.6950421764618792,-0.18574416978946634,1.5013905901762064,3.68,33.62,61.61,0.345,1.097,1.047,70.28256469423978,-35.24282867936671,-50.700340830328784,33.57167506046282,1,0,0,0,0
929,929,1777638159.2285464,4674.36,1.808811682462119,-0.0719654207913134,-1.772554966875039,-0.21624571281348448,2.016936176460464,1.2059951207870023,0.43918258750227424,-0.6025346811437959,1.0350650257743925,-0.6969246370431008,-0.18430955933004803,1.50141106608955,3.68,33.62,61.61,0.345,1.097,1.047,70.28256469423978,-35.266713379702445,-50.620177315828286,33.66742455115953,1,0,0,0,0
930,930,1777638159.2347822,4674.3679999999995,1.8079186463847827,-0.07159765655523564,-1.772080953097765,-0.218828407511082,2.0170007608260234,1.2067049844372029,0.43869793894716824,-0.6026699849085858,1.0354010810925112,-0.6987595539651991,-0.1828781612444354,1.5013808030891302,3.68,33.62,61.61,0.345,1.097,1.047,70.28256469423978,-35.29254018126588,-50.539612481693865,33.761265938260465,1,0,0,0,0
931,931,1777638159.2418344,4674.376,1.8070267070091148,-0.07123159064141493,-1.7716024634102032,-0.22141497051687153,2.0170675484062692,1.2074127215772688,0.4382321315605454,-0.6028423222464118,1.0357000034222228,-0.7005560375629049,-0.1813769177762954,1.5013290315182188,3.68,33.62,61.61,0.345,1.097,1.047,70.28256469423978,-35.31853244064112,-50.45696995610383,33.857559703679414,1,0,0,0,0
932,932,1777638159.2497618,4674.384,1.806135865933637,-0.07086723416120311,-1.771119493279624,-0.2240053949412637,2.0171365307864315,1.2081183258993813,0.43776488824220894,-0.6029901347817964,1.036020635701408,-0.7023284543554202,-0.18003651494561618,1.5012721846730863,3.68,33.62,61.61,0.345,1.097,1.047,70.28256469423978,-35.34505479737267,-50.379437011326054,33.94522540494544,1,0,0,0,0
933,933,1777638159.2567716,4674.392,1.8052461247272664,-0.07050459822843003,-1.7706320381857932,-0.2265996738840359,2.0172076995389845,1.2088217911431256,0.4373089650098202,-0.603166507893185,1.0363504414589715,-0.7041554867996672,-0.1785910676562984,1.5012957416048476,3.68,33.62,61.61,0.345,1.097,1.047,70.28256469423978,-35.36756282521763,-50.29946256599684,34.04024772789067,1,0,0,0,0
934,934,1777638159.2636776,4674.4,1.8043574849294135,-0.07014369395906783,-1.7701400936209053,-0.22919780043480387,2.017281046223909,1.209523111095394,0.4368105314524514,-0.6032876606939753,1.0366839386142073,-0.7060569031075555,-0.17711530943820353,1.5012596063350838,3.68,33.62,61.61,0.345,1.097,1.047,70.28256469423978,-35.394363571994454,-50.215418563928196,34.13633937291704,1,0,0,0,0
935,935,1777638159.271473,4674.407999999999,1.8034699480500802,-0.0697845324709041,-1.7696436550894994,-0.2317997676734871,2.017356562388956,1.2102222795902884,0.4363701427170532,-0.6034870448546811,1.0369737898012883,-0.7079050607340278,-0.17574403108400702,1.5013015196525785,3.68,33.62,61.61,0.345,1.097,1.047,70.28256469423978,-35.41644529175478,-50.1374428486972,34.227929056397215,1,0,0,0,0
936,936,1777638159.2780485,4674.416,1.8025835155699599,-0.06942712488320701,-1.7691427181083883,-0.2344055686707769,2.0174342395699107,1.2109192905090227,0.43588940253087605,-0.6036079530885228,1.0373298099454764,-0.7097282103293259,-0.174314296963706,1.5012117262797569,3.68,33.62,61.61,0.345,1.097,1.047,70.28256469423978,-35.444961152033066,-50.05470496279435,34.31938431875603,1,0,0,0,0
937,937,1777638159.285333,4674.424,1.8016981889405372,-0.06907148231639937,-1.7686372782065707,-0.23701519648860536,2.017514069290849,1.2116141377798215,0.43549168983115094,-0.6037807628174697,1.0376404507152284,-0.7115082577048993,-0.17289792111013474,1.5013313460456772,3.68,33.62,61.61,0.345,1.097,1.047,70.28256469423978,-35.461356117433915,-49.97832587434545,34.41363196627557,1,0,0,0,0
938,938,1777638159.2923527,4674.432,1.8008139695841892,-0.06871761589173353,-1.7681273309251537,-0.23962864418060992,2.0175960430644,1.2123068153778185,0.4350301479596861,-0.6038896594222184,1.037986301925596,-0.7134469250271028,-0.1714629351447165,1.5013125561376783,3.68,33.62,61.61,0.345,1.097,1.047,70.28256469423978,-35.48778317304911,-49.89457821157045,34.50778478187393,1,0,0,0,0
939,939,1777638159.295063,4674.432,1.8008139695841892,-0.06871761589173353,-1.7681273309251537,-0.23962864418060992,2.0175960430644,1.2123068153778185,0.4350301479596861,-0.6038896594222184,1.037986301925596,-0.7134469250271028,-0.1714629351447165,1.5013125561376783,4.3,32.84,61.39,0.323,1.095,1.119,69.754481576455,-34.509305440034346,-49.69441316206826,34.71686677285368,0,1,0,0,0
940,940,1777638159.3490114,4674.44,1.799930858894287,-0.06836553673095924,-1.7676128718172652,-0.24224590479260222,2.017680152392004,1.212997317324953,0.43458313063348575,-0.6040619624813753,1.0382940500766384,-0.7152447308226119,-0.17002609821130432,1.5013205830210217,4.3,32.84,61.39,0.323,1.095,1.119,69.754481576455,-34.531849677526594,-49.61379307852474,34.80963364084771,1,0,0,0,0
941,941,1777638159.3605092,4674.447999999999,1.7990488582353,-0.06801525595600477,-1.7670938964479666,-0.24486697136302915,2.017766388764167,1.2136856376898664,0.43415974468409246,-0.6041924477264394,1.0386088933954067,-0.7170633705341845,-0.1685917546128549,1.5013752549015331,4.3,32.84,61.39,0.323,1.095,1.119,69.754481576455,-34.55216834586536,-49.53379244946241,34.903277327101534,1,0,0,0,0
942,942,1777638159.3606517,4674.456,1.798167968942897,-0.06766678468865184,-1.766570400394162,-0.24749183692344268,2.017854743660719,1.2143717705877948,0.4337259129030792,-0.6043460864491825,1.038934667345682,-0.7188855357658722,-0.16722018849557713,1.5014012155597531,4.3,32.84,61.39,0.323,1.095,1.119,69.754481576455,-34.57436968091331,-49.454823140572195,34.99315832133859,1,0,0,0,0
943,943,1777638159.3628767,4674.464,1.7972881923240525,-0.0673201340502132,-1.7660423792445084,-0.25012049449896256,2.017945208551067,1.2150557101804633,0.4332979317615224,-0.6045555251899075,1.0392403786637059,-0.7205770688305522,-0.1658225159811073,1.5013729091538524,4.3,32.84,61.39,0.323,1.095,1.119,69.754481576455,-34.59712431184501,-49.376238502839655,35.08153019270165,1,0,0,0,0
944,944,1777638159.363027,4674.472,1.79640952965715,-0.0669753151612138,-1.765509828599316,-0.25275293710874003,2.0180377748944487,1.2157374506759766,0.4328427943763149,-0.6046947323706068,1.039559935528202,-0.7223865845782462,-0.16446742403102904,1.5013880120304213,4.3,32.84,61.39,0.323,1.095,1.119,69.754481576455,-34.61968032178166,-49.297482360373344,35.169925609053,1,0,0,0,0
945,945,1777638159.364932,4674.48,1.7955319821920896,-0.06663233914107103,-1.7649727440704552,-0.25538915776642135,2.018132434140184,1.2164169863287089,0.43236713213109507,-0.604856268436791,1.0398560264148193,-0.7241892977221279,-0.1630459416521135,1.5013634642773375,4.3,32.84,61.39,0.323,1.095,1.119,69.754481576455,-34.6438639094133,-49.21568431213877,35.26055602389087,1,0,0,0,0
946,946,1777638159.3675425,4674.487999999999,1.7946555511503928,-0.0662912171077803,-1.764431121281258,-0.25802914948060973,2.018229177727925,1.2170943114391934,0.43192573436057663,-0.6049702746356446,1.0401905932653828,-0.7260392125227062,-0.16161345329625543,1.5014118598863793,4.3,32.84,61.39,0.323,1.095,1.119,69.754481576455,-34.66478142201348,-49.134177457014665,35.35354628020535,1,0,0,0,0
947,947,1777638159.3690782,4674.496,1.7937802377253107,-0.06595196017759619,-1.763884955866411,-0.26067290525532893,2.018327997087907,1.217769420354009,0.4314434774247452,-0.6050710330636431,1.0405533753198768,-0.7279859141868152,-0.16013346308936138,1.5013914874297971,4.3,32.84,61.39,0.323,1.095,1.119,69.754481576455,-34.690733952063965,-49.04738287920158,35.44848248611102,1,0,0,0,0
948,948,1777638159.3712301,4674.504,1.792906043081932,-0.06561457946472071,-1.7633342434718573,-0.26332041809048423,2.018428883641195,1.2184423074656676,0.43098702245914067,-0.6052316761609834,1.040892614941415,-0.7298028764496897,-0.15873961008905116,1.5013588060229677,4.3,32.84,61.39,0.323,1.095,1.119,69.754481576455,-34.71556960215895,-48.96549523733653,35.53726499549495,1,0,0,0,0
949,949,1777638159.3712776,4674.512,1.7920329683572902,-0.06527908608099242,-1.7627789797546853,-0.2659716809823225,2.01853182879993,1.2191129672124983,0.4305330324126033,-0.6053891683407772,1.041185617794872,-0.7315990878279327,-0.1573101199651389,1.5013429069625455,4.3,32.84,61.39,0.323,1.095,1.119,69.754481576455,-34.73889618022693,-48.88315947782291,35.6277070781316,1,0,0,0,0
950,950,1777638159.3713737,4674.5199999999995,1.791161014660475,-0.06494549113557468,-1.7622191603830215,-0.26862668692389047,2.018636823967575,1.2197813940785314,0.4300996846413492,-0.6055447149166059,1.0414914413398417,-0.7334269180792098,-0.15590450393972816,1.5013314442382444,4.3,32.84,61.39,0.323,1.095,1.119,69.754481576455,-34.76259057326038,-48.80088382347427,35.71727501761067,1,0,0,0,0
951,951,1777638159.3819947,4674.527999999999,1.7902901830727405,-0.0646138057346457,-1.7616547810359213,-0.2712854289054967,2.0187438605391597,1.2204475825933812,0.42962559533732836,-0.6056827630689431,1.0418319113513488,-0.735258765958889,-0.15444946898569023,1.5012739301616644,4.3,32.84,61.39,0.323,1.095,1.119,69.754481576455,-34.78850044347758,-48.715696192874866,35.808223655156056,1,0,0,0,0
952,952,1777638159.388792,4674.536,1.7894204746476166,-0.06428404098109564,-1.761085837403252,-0.27394789991517055,2.018852929901522,1.2211115273321276,0.429186918714752,-0.6057858518770626,1.0421773927667366,-0.7371714699391956,-0.15300430631955947,1.5013175906894591,4.3,32.84,61.39,0.323,1.095,1.119,69.754481576455,-34.810320268842844,-48.631432450072246,35.901435634729836,1,0,0,0,0
953,953,1777638159.39307,4674.544,1.78855189041102,-0.06395620797421753,-1.76051232518558,-0.27661409293911543,2.0189640234335493,1.221773222915196,0.42870764802915856,-0.6060121511119729,1.042459421440159,-0.7389257658303339,-0.15158660678574887,1.5011951318386239,4.3,32.84,61.39,0.323,1.095,1.119,69.754481576455,-34.83850283489535,-48.54715445416746,35.988056555282284,1,0,0,0,0
954,954,1777638159.402562,4674.552,1.7876844313613665,-0.06363031780940798,-1.759934240094048,-0.27928400096216954,2.019077132506419,1.2224326640082366,0.42823284339136025,-0.6061233182278737,1.042797215868504,-0.7408319701478774,-0.15008179040063716,1.5011776524582978,4.3,32.84,61.39,0.323,1.095,1.119,69.754481576455,-34.863040719950575,-48.459330416825395,36.082535766101685,1,0,0,0,0
955,955,1777638159.4097435,4674.5599999999995,1.7868180984696824,-0.06330638157786339,-1.7593515778502589,-0.2819576169682607,2.019192248483836,1.2230898453220023,0.42779278152437233,-0.6062499203642028,1.043137491342063,-0.7426733315460444,-0.14868720025960097,1.5011927956522544,4.3,32.84,61.39,0.323,1.095,1.119,69.754481576455,-34.885304157972634,-48.37699552374217,36.17139142888431,1,0,0,0,0
956,956,1777638159.4148285,4674.568,1.7859528926797186,-0.06298441036628155,-1.7587643341861519,-0.28463493394086026,2.019309362722272,1.2237447616122257,0.42734000716514997,-0.6064304818918245,1.0434482396851403,-0.7444082795383092,-0.14723187842858876,1.501120005801525,4.3,32.84,61.39,0.323,1.095,1.119,69.754481576455,-34.91007861495563,-48.29264965718273,36.26008963290392,1,0,0,0,0
957,957,1777638159.421936,4674.576,1.7850888149080637,-0.06266441525656408,-1.7581725048438752,-0.2873159448634395,2.0194284665711986,1.2243974076794948,0.4268532804630075,-0.60656035551933,1.0437765952079374,-0.7462595481976559,-0.14573859899556682,1.5010391882635277,4.3,32.84,61.39,0.323,1.095,1.119,69.754481576455,-34.93696303561105,-48.20432562894333,36.35160662896682,1,0,0,0,0
958,958,1777638159.429203,4674.584,1.784225866044259,-0.06234640732552155,-1.7575760855756561,-0.2900006427199191,2.0195495513733235,1.2250477783691276,0.426398752668649,-0.606732977890992,1.0440701635279643,-0.7480570880088186,-0.14435577420574444,1.501027617722967,4.3,32.84,61.39,0.323,1.095,1.119,69.754481576455,-34.95981354235646,-48.12218324674029,36.438367370819705,1,0,0,0,0
959,959,1777638159.436186,4674.592,1.7833640469509113,-0.062030397644580404,-1.7569750721436792,-0.29268902049512846,2.0196726084648233,1.2256958685710464,0.4259347685594722,-0.6068165774334637,1.0444547583067825,-0.7500024365216855,-0.14280449747666682,1.5010224914978927,4.3,32.84,61.39,0.323,1.095,1.119,69.754481576455,-34.983755217279054,-48.03153178374518,36.534867255877316,1,0,0,0,0
960,960,1777638159.4388335,4674.592,1.7833640469509113,-0.062030397644580404,-1.7569750721436792,-0.29268902049512846,2.0196726084648233,1.2256958685710464,0.4259347685594722,-0.6068165774334637,1.0444547583067825,-0.7500024365216855,-0.14280449747666682,1.5010224914978927,4.24,32.22,60.77,0.247,1.045,1.079,68.9137061838935,-34.373124200070166,-47.61856001426644,36.056344447187854,0,1,0,0,0
961,961,1777638159.4443944,4674.599999999999,1.7825033584638108,-0.061716397279489854,-1.7563694603199433,-0.2953810711752478,2.019797629175575,1.2263416732196495,0.4254435851300277,-0.6070092050625123,1.0447627515790674,-0.7518075520779194,-0.14141026867641002,1.5009441595689665,4.24,32.22,60.77,0.247,1.045,1.079,68.9137061838935,-34.399221894841624,-47.53514014249312,36.14142892392314,1,0,0,0,0
962,962,1777638159.4534178,4674.608,1.7816438013920457,-0.06140441729003587,-1.7557592458861357,-0.2980767877482675,2.0199246048293844,1.2269851872936832,0.42497630680633014,-0.6071436661241917,1.0451108561621216,-0.7536291408855056,-0.13996651798888346,1.5008843155157703,4.24,32.22,60.77,0.247,1.045,1.079,68.9137061838935,-34.42425938874719,-47.45008809994473,36.229247919929755,1,0,0,0,0
963,963,1777638159.4577746,4674.616,1.7807853765181176,-0.061094468729748996,-1.7551444246334862,-0.3007761632044321,2.0200535267442192,1.2276264058161133,0.4245256913223814,-0.6072468307932203,1.0454425805888439,-0.7554904138632101,-0.13845760779873834,1.5008820078465057,4.24,32.22,60.77,0.247,1.045,1.079,68.9137061838935,-34.44645601980304,-47.36333332114982,36.32155316592938,1,0,0,0,0
964,964,1777638159.4648638,4674.624,1.7799280845980605,-0.06078656264562632,-1.7545249923626356,-0.3034791905366907,2.0201843862324314,1.228265323853993,0.424071523126288,-0.6074327076415605,1.0457534748172852,-0.7573474505144974,-0.13696976973115774,1.500823220748712,4.24,32.22,60.77,0.247,1.045,1.079,68.9137061838935,-34.471637083265854,-47.27584862913089,36.41152665290365,1,0,0,0,0
965,965,1777638159.4723246,4674.632,1.7790719263615566,-0.06048071007784106,-1.7539009448834877,-0.30618586274114445,2.020317174600987,1.2289019365183327,0.4236049731258219,-0.6075715983111853,1.0460938277427163,-0.7591820117423741,-0.1355580711099829,1.5008028522679981,4.24,32.22,60.77,0.247,1.045,1.079,68.9137061838935,-34.494810190949906,-47.19202876071598,36.49821079639513,1,0,0,0,0
966,966,1777638159.480082,4674.639999999999,1.7782169025120547,-0.06017692205946812,-1.753272278015066,-0.3088961728174917,2.020451883151688,1.229536238963968,0.4231472674306781,-0.6077062191406233,1.046430230321721,-0.7610267058699588,-0.13410181509906885,1.5007684588199754,4.24,32.22,60.77,0.247,1.045,1.079,68.9137061838935,-34.51856305804375,-47.10608318175649,36.58667286979367,1,0,0,0,0
967,967,1777638159.4867568,4674.648,1.7773630137268883,-0.05987520961620163,-1.752638987585371,-0.31161011376947734,2.0205885031813984,1.2301682263894251,0.42270845571036364,-0.6078449494776206,1.0467398594850015,-0.7628456280314337,-0.1326392424052266,1.5007391885193624,4.24,32.22,60.77,0.247,1.045,1.079,68.9137061838935,-34.54151225227115,-47.02043541997345,36.67507988051709,1,0,0,0,0
968,968,1777638159.4944863,4674.656,1.7765102606573953,-0.05957558376608052,-1.7520010694312225,-0.3143276786053315,2.020727025982262,1.2307978940367885,0.42223686835920515,-0.6080647791861699,1.04703219480324,-0.7645714554635311,-0.13126503522555932,1.5006507255677586,4.24,32.22,60.77,0.247,1.045,1.079,68.9137061838935,-34.5665209145397,-46.938037696332785,36.75697415569367,1,0,0,0,0
969,969,1777638159.5048482,4674.664,1.7756586439290358,-0.05927805551921406,-1.7513585193981172,-0.3170488603382182,2.0208674428419258,1.2314252371915644,0.42177609005823113,-0.6082699036227354,1.0473545208293302,-0.7663564085790032,-0.1299185410873918,1.5005837861712905,4.24,32.22,60.77,0.247,1.045,1.079,68.9137061838935,-34.59150373254072,-46.855684258822805,36.83845303699823,1,0,0,0,0
970,970,1777638159.508725,4674.672,1.774808164141513,-0.05898263587751096,-1.7507113333400683,-0.3197736519866732,2.021009745043757,1.2320502511825455,0.42129997557295024,-0.6084319626682078,1.0476549313578183,-0.768163986805785,-0.12847733373595394,1.500535792147771,4.24,32.22,60.77,0.247,1.045,1.079,68.9137061838935,-34.61520815400976,-46.7700898157387,36.9248556271018,1,0,0,0,0
971,971,1777638159.5159588,4674.679999999999,1.7739588218688922,-0.05868933583441027,-1.7500595071194507,-0.322502046575047,2.0211539238670624,1.232672931381675,0.42080632575685606,-0.6086008372705738,1.0479914439386913,-0.7700143398617476,-0.1270170599730493,1.5003998372896095,4.24,32.22,60.77,0.247,1.045,1.079,68.9137061838935,-34.64408490489563,-46.680760758026906,37.0107127215113,1,0,0,0,0
972,972,1777638159.5224552,4674.688,1.7731106176597229,-0.05839816637461137,-1.7494030366068447,-0.3252340371339466,2.021299970587301,1.2332932732039077,0.4203741228294296,-0.6088188357208215,1.048278899342294,-0.7717481501031853,-0.1256087138834388,1.5003644374526022,4.24,32.22,60.77,0.247,1.045,1.079,68.9137061838935,-34.665974057716326,-46.59778051673612,37.094689559879406,1,0,0,0,0
973,973,1777638159.5296714,4674.696,1.7722635520371581,-0.058109138473813715,-1.748741917680869,-0.3279696167006714,2.021447876476302,1.2339112721070722,0.419904211498362,-0.6089789563928222,1.0485802354660472,-0.7735652042214687,-0.12417313415808266,1.5002947084796847,4.24,32.22,60.77,0.247,1.045,1.079,68.9137061838935,-34.69083483318154,-46.511221645554926,37.17998305022449,1,0,0,0,0
974,974,1777638159.53723,4674.704,1.7714176254990766,-0.05782226309845129,-1.7480761462280219,-0.33070877831965184,2.021597632802474,1.2345269235917318,0.4194701224411028,-0.6091045195195739,1.0489087138653237,-0.7754180409309857,-0.12277274293955162,1.500322061177926,4.24,32.22,60.77,0.247,1.045,1.079,68.9137061838935,-34.7113608040097,-46.42721284160529,37.265724719829876,1,0,0,0,0
975,975,1777638159.5448527,4674.7119999999995,1.770572838518204,-0.0575375512054368,-1.7474057181425158,-0.33345151504288495,2.02174923083102,1.2351402232010447,0.4190013447104073,-0.609249940613816,1.0492440219687063,-0.7772618879564244,-0.12128445887338626,1.5002158601000333,4.24,32.22,60.77,0.247,1.045,1.079,68.9137061838935,-34.73812271920922,-46.337209895326836,37.35270685052941,1,0,0,0,0
976,976,1777638159.5521252,4674.719999999999,1.7697291915422353,-0.057255013741898786,-1.7467306293261045,-0.3361978199303728,2.021902661824145,1.235751166520623,0.41856878169525413,-0.6093743864446737,1.0495872095290955,-0.7791202820680746,-0.11984606760922202,1.5002289090894676,4.24,32.22,60.77,0.247,1.045,1.079,68.9137061838935,-34.7591295423049,-46.25120454921108,37.4396566652033,1,0,0,0,0
977,977,1777638159.5588086,4674.728,1.768886684993957,-0.05697466164493381,-1.7460508756879136,-0.3389476860505516,2.0220579170412663,1.2363597491783906,0.41809879352825696,-0.6095829928305124,1.049882021931143,-0.7808932796063255,-0.11837963288133331,1.5001041989678083,4.24,32.22,60.77,0.247,1.045,1.079,68.9137061838935,-34.78568636148424,-46.16267135405184,37.524161520522355,1,0,0,0,0
978,978,1777638159.565846,4674.736,1.7680453192713708,-0.05669650584134711,-1.7453664531442712,-0.3417011064807287,2.0222149877392184,1.2369659668444424,0.41764317961571973,-0.6097451169430741,1.0502023937697889,-0.7827120765520691,-0.11693614202873287,1.5000442115003456,4.24,32.22,60.77,0.247,1.045,1.079,68.9137061838935,-34.80970661539769,-46.07531482036867,37.60915566127287,1,0,0,0,0
979,979,1777638159.5733187,4674.744,1.7672050947478142,-0.056420557247408354,-1.7446773576185262,-0.3444580743075125,2.0223738651724603,1.2375698152309005,0.4172001866629049,-0.6098549279156202,1.0505483019614497,-0.7845810416417629,-0.1154889374496306,1.5000240632350734,4.24,32.22,60.77,0.247,1.045,1.079,68.9137061838935,-34.832397642181505,-45.98757365413776,37.6954379720173,1,0,0,0,0
980,980,1777638159.5820208,4674.7519999999995,1.7663660117720867,-0.05614682676860383,-1.7439835850408736,-0.34721858262724226,2.0225345405932793,1.23817129009177,0.4168013560550824,-0.6099869235290215,1.0508479141622369,-0.7863157068926576,-0.11403724659470427,1.5000619357659746,4.24,32.22,60.77,0.247,1.045,1.079,68.9137061838935,-34.84969277435933,-45.90373325520287,37.781544261291764,1,0,0,0,0
981,981,1777638159.5829227,4674.7519999999995,1.7663660117720867,-0.05614682676860383,-1.7439835850408736,-0.34721858262724226,2.0225345405932793,1.23817129009177,0.4168013560550824,-0.6099869235290215,1.0508479141622369,-0.7863157068926576,-0.11403724659470427,1.5000619357659746,3.93,32.69,60.71,0.267,1.031,1.08,69.06363080522193,-35.39268129280455,-45.8311691378227,37.63837332253148,0,1,0,0,0
982,982,1777638159.589161,4674.76,1.7655280706685719,-0.055875325299388656,-1.7432851313481743,-0.34998262454641793,2.022697005251993,1.2387703872227966,0.4163349040629155,-0.610131391053528,1.0511809157249568,-0.7881845951976,-0.11269456354720261,1.5000075401175987,3.93,32.69,60.71,0.267,1.031,1.08,69.06363080522193,-35.41770820375056,-45.74596006489175,37.71840642624379,1,0,0,0,0
983,983,1777638159.5947602,4674.768,1.7646912717373615,-0.05560606372294874,-1.742581992483771,-0.35275019318212575,2.022861250397151,1.2393671024613193,0.41590105728313714,-0.6102906311550231,1.051499726851408,-0.7899615263421371,-0.11121029719691339,1.499982906768714,3.93,32.69,60.71,0.267,1.031,1.08,69.06363080522193,-35.43860143724473,-45.6585252495517,37.80462538113777,1,0,0,0,0
984,984,1777638159.6872578,4674.776,1.7638556152543805,-0.05533905291095831,-1.741874164397303,-0.35552128166247066,2.0230272672757335,1.2399614316861267,0.41543675641987865,-0.6104181961009256,1.0518357390131028,-0.7918310562662527,-0.10973446993885162,1.499892365679946,3.93,32.69,60.71,0.267,1.031,1.08,69.06363080522193,-35.46448859380932,-45.56769818203234,37.88984073826089,1,0,0,0,0
985,985,1777638159.687315,4674.784,1.7630211014715107,-0.05507430372334721,-1.7411616430445171,-0.358295883126992,2.0231950471333513,1.2405533708173098,0.414985142903313,-0.6105657971001204,1.0521629619305728,-0.7936429753225411,-0.10830014708149131,1.4998907091015063,3.93,32.69,60.71,0.267,1.031,1.08,69.06363080522193,-35.484997427477566,-45.48146849284555,37.97415017227124,1,0,0,0,0
986,986,1777638159.6923802,4674.7919999999995,1.7621877306167162,-0.05481182700806464,-1.7404444243870811,-0.3610739907270961,2.023364581214441,1.2411429158161156,0.4145447921004606,-0.6107545855032263,1.0524638404221003,-0.7954068634182992,-0.10697483870065072,1.499856645865367,3.93,32.69,60.71,0.267,1.031,1.08,69.06363080522193,-35.50710421400688,-45.39899951272915,38.052089214376544,1,0,0,0,0
987,987,1777638159.6925945,4674.8,1.7613555028941676,-0.05455163360084825,-1.739722504392387,-0.3638555976264737,2.0235358607624603,1.2417300626847996,0.414067492688037,-0.6108476234473703,1.0528064996428308,-0.7973218807077623,-0.10543348966241906,1.4997911909671149,3.93,32.69,60.71,0.267,1.031,1.08,69.06363080522193,-35.53180146204768,-45.305182629122314,38.140747394400925,1,0,0,0,0
988,988,1777638159.6966896,4674.808,1.7605244184843687,-0.054293734324995846,-1.7389958790333573,-0.3666406970015226,2.0237088770200815,1.2423148074664774,0.4136054667237932,-0.6110087047885306,1.053140821953055,-0.7991342300385192,-0.10399262551011702,1.499720820289252,3.93,32.69,60.71,0.267,1.031,1.08,69.06363080522193,-35.555677735946624,-45.21665040219395,38.223466707551296,1,0,0,0,0
989,989,1777638159.6967466,4674.816,1.7596944775442804,-0.05403813999113982,-1.738264544288251,-0.36942928204176706,2.023883621229385,1.242897146244977,0.41316401327864877,-0.6111580886287368,1.0534485234761393,-0.8009351986887708,-0.10253090088552794,1.4996784610708727,3.93,32.69,60.71,0.267,1.031,1.08,69.06363080522193,-35.57769313262517,-45.12818721882748,38.307434914167914,1,0,0,0,0
990,990,1777638159.6968727,4674.824,1.758865680207448,-0.05378486139702687,-1.737528496140457,-0.3722213459502761,2.0240600846320476,1.2434770751446886,0.4126712620387575,-0.6113263527086981,1.0537737138867351,-0.8027618740696686,-0.10102054035609616,1.4995838812758602,3.93,32.69,60.71,0.267,1.031,1.08,69.06363080522193,-35.60244047087102,-45.036132551539495,38.39268286168927,1,0,0,0,0
991,991,1777638159.6969085,4674.831999999999,1.7580380265841256,-0.05353390932729418,-1.7367877305782962,-0.3750168819440809,2.024238258469534,1.2440545903304163,0.4122477695626884,-0.611434256682135,1.0541061747773193,-0.8046040120316204,-0.09962374456521246,1.4995748623638205,3.93,32.69,60.71,0.267,1.031,1.08,69.06363080522193,-35.623770364700924,-44.94952446962126,38.47430746560585,1,0,0,0,0
992,992,1777638159.6986551,4674.84,1.7572115167614033,-0.05328529455325537,-1.7360422435948184,-0.3778158832545895,2.024418133983284,1.2446296880072272,0.4117852618493627,-0.6115336986141086,1.054436142447222,-0.8064593903491193,-0.09809006768672693,1.4994885607588684,3.93,32.69,60.71,0.267,1.031,1.08,69.06363080522193,-35.648270946567564,-44.85597870371792,38.56069310906783,1,0,0,0,0
993,993,1777638159.698811,4674.848,1.756386150803333,-0.05303902783268288,-1.7352920311875888,-0.3806183431280008,2.0245997024148963,1.2452023644203007,0.4113153011031997,-0.6116241912727631,1.054808439578345,-0.808356702096471,-0.09671776024539565,1.4994596867036267,3.93,32.69,60.71,0.267,1.031,1.08,69.06363080522193,-35.671633534353525,-44.76828420091554,38.640916017828054,1,0,0,0,0
994,994,1777638159.7006164,4674.856,1.7555619287510553,-0.05279511990960284,-1.7345370893584855,-0.3834242548257194,2.0247829550063163,1.245772615854778,0.41087960935721485,-0.6117335265591701,1.0550966782405689,-0.8101679690012994,-0.09521632314313234,1.4994380733651869,3.93,32.69,60.71,0.267,1.031,1.08,69.06363080522193,-35.69214751962305,-44.678041081233744,38.726326324363065,1,0,0,0,0
995,995,1777638159.7017832,4674.864,1.7547388506229256,-0.05255358151408007,-1.7337774141134803,-0.386233611624764,2.0249678830000177,1.2463404386356103,0.41042426310831426,-0.6119663839644527,1.0553891597786131,-0.8119643897920609,-0.09379622071795725,1.4993209500995532,3.93,32.69,60.71,0.267,1.031,1.08,69.06363080522193,-35.71790832857527,-44.588458780322426,38.805740145331356,1,0,0,0,0
996,996,1777638159.703253,4674.871999999999,1.7539169164146415,-0.05231442336201653,-1.7330130014624308,-0.3890464068181787,2.025154477639184,1.2469058291274067,0.4099516543005381,-0.6120374491310882,1.0557394699742517,-0.8138391979326622,-0.0923712217838651,1.4992847475444393,3.93,32.69,60.71,0.267,1.031,1.08,69.06363080522193,-35.74070834998976,-44.49885621527335,38.88751293376063,1,0,0,0,0
997,997,1777638159.703305,4674.88,1.7530961260993696,-0.05207765615494786,-1.732243847418859,-0.3918626337154416,2.025342730167889,1.2474687837342822,0.40951877374217704,-0.6121846391996284,1.0560513737591442,-0.815642153305783,-0.09082643720868012,1.4992463414547266,3.93,32.69,60.71,0.267,1.031,1.08,69.06363080522193,-35.76143451840905,-44.4064723291809,38.973967163521245,1,0,0,0,0
998,998,1777638159.7033522,4674.888,1.752276479627872,-0.051843290579843604,-1.7314699479997344,-0.39468228564287067,2.0255326318312763,1.2480292988997046,0.4090339383559002,-0.6123141655151147,1.0563739537304857,-0.8174681981896745,-0.08932571461048926,1.4991513065384856,3.93,32.69,60.71,0.267,1.031,1.08,69.06363080522193,-35.785749362302155,-44.313604903128905,39.05726133599077,1,0,0,0,0
999,999,1777638159.7096577,4674.896,1.7514579769286345,-0.051611337308911764,-1.7306912992252474,-0.3975053559440296,2.0257241738757346,1.2485873711063415,0.40854760405858026,-0.6124373043651901,1.0567441582157313,-0.8193676068456585,-0.08781697671035696,1.4990551055718568,3.93,32.69,60.71,0.267,1.031,1.08,69.06363080522193,-35.81123784374665,-44.218724439471316,39.141343270826944,1,0,0,0,0
1000,1000,1777638159.7172935,4674.9039999999995,1.750640617907993,-0.051381806999402535,-1.7299078971185935,-0.4003318379801337,2.0259173475490746,1.249142996875907,0.40807774652948586,-0.612614929345055,1.0570869675489487,-0.8211579312775125,-0.08640735800383724,1.4989755910238345,3.93,32.69,60.71,0.267,1.031,1.08,69.06363080522193,-35.834722152932564,-44.129858554617684,39.22006338816347,1,0,0,0,0
1001,1001,1777638159.7249906,4674.911999999999,1.7498244024502616,-0.051154710293424444,-1.7291197377057381,-0.4031617251304471,2.0261121441007033,1.2496961727690068,0.4076333773172748,-0.6127811658771316,1.0573795713272611,-0.8229719375622311,-0.08500054469348019,1.4988718403421621,3.93,32.69,60.71,0.267,1.031,1.08,69.06363080522193,-35.85982227516308,-44.03987218177684,39.298192128983196,1,0,0,0,0
1002,1002,1777638159.7276824,4674.911999999999,1.7498244024502616,-0.051154710293424444,-1.7291197377057381,-0.4031617251304471,2.0261121441007033,1.2496961727690068,0.4076333773172748,-0.6127811658771316,1.0573795713272611,-0.8229719375622311,-0.08500054469348019,1.4988718403421621,3.92,33.12,60.84,0.323,1.068,1.109,69.38159986624696,-36.27310835460518,-44.0435305557464,39.47449083243641,0,1,0,0,0
1003,1003,1777638159.7314303,4674.92,1.7490093304178596,-0.050930057817747176,-1.7283268170151906,-0.4059950107926902,2.0263085547817963,1.2502468953849857,0.4071382593582685,-0.6129234845618152,1.0577236061870297,-0.8248105091414943,-0.08354439825487962,1.4987627463674424,3.92,33.12,60.84,0.323,1.068,1.109,69.38159986624696,-36.29850251168749,-43.9505510024714,39.55469860823335,1,0,0,0,0
1004,1004,1777638159.7390668,4674.928,1.7481954016514394,-0.050707860183627496,-1.7275291310777732,-0.40883168838343487,2.026506570845468,1.2507951613617714,0.40667127476960563,-0.6131307333155183,1.0580169654478344,-0.8265461846673653,-0.08209395456705801,1.498648238156804,3.92,33.12,60.84,0.323,1.068,1.109,69.38159986624696,-36.3224003722729,-43.859714247652775,39.63350977784523,1,0,0,0,0
1005,1005,1777638159.7463048,4674.936,1.7473826159700143,-0.050488127986620945,-1.7267266759263853,-0.41167175133850353,2.0267061835469438,1.2513409673757208,0.4062245124274233,-0.6133310843407814,1.0583179796995914,-0.8283101357148704,-0.0806983297264347,1.4985642757863402,3.92,33.12,60.84,0.323,1.068,1.109,69.38159986624696,-36.345587014473246,-43.77080954250311,39.710463817075606,1,0,0,0,0
1006,1006,1777638159.7582145,4674.9439999999995,1.7465709731710861,-0.05027087180640688,-1.7259194475957695,-0.41451519311336593,2.0269073841437253,1.2518843101414636,0.4057644885569449,-0.6134483853244205,1.058667229572586,-0.8301266879649953,-0.07922539681670746,1.498457005059102,3.92,33.12,60.84,0.323,1.068,1.109,69.38159986624696,-36.370185490854126,-43.67736207661401,39.790753315176424,1,0,0,0,0
1007,1007,1777638159.762658,4674.952,1.7457604730307728,-0.05005610220661261,-1.7251074421222672,-0.41736200718353356,2.0271101638957587,1.2524251864117486,0.40532811620252607,-0.6135738417944775,1.0589955463554284,-0.8319912424359973,-0.07768268961732552,1.4983687994096195,3.92,33.12,60.84,0.323,1.068,1.109,69.38159986624696,-36.393986250073525,-43.58075176838283,39.87483216431207,1,0,0,0,0
1008,1008,1777638159.769057,4674.96,1.744951115303936,-0.04984382973464374,-1.724290655543582,-0.4202121870449531,2.0273145140656,1.2529635929772864,0.4048256154579775,-0.6137242421312135,1.0593339067995946,-0.8337957282840863,-0.07627136656819357,1.4982025157617427,3.92,33.12,60.84,0.323,1.068,1.109,69.38159986624696,-36.42178672675146,-43.48802509856094,39.9506135704818,1,0,0,0,0
1009,1009,1777638159.781226,4674.968,1.7441428997243107,-0.049634064921513676,-1.723469083898534,-0.4230657262143982,2.0275204259185773,1.253499526666594,0.4043610169140613,-0.6138641167034707,1.0596525716881147,-0.835618603305081,-0.07477213983188913,1.49811855398196,3.92,33.12,60.84,0.323,1.068,1.109,69.38159986624696,-36.444880015873295,-43.39367475293592,40.03206354992221,1,0,0,0,0
1010,1010,1777638159.7824528,4674.976,1.74333582600463,-0.0494268182816775,-1.7226427232268113,-0.425922618229861,2.0277278907229555,1.2540329843458395,0.4038805308612491,-0.613944928265444,1.0599903603031053,-0.8375624960269329,-0.0732646450323817,1.4980396829830291,3.92,33.12,60.84,0.323,1.068,1.109,69.38159986624696,-36.46964942431758,-43.29640353713936,40.11474182412941,1,0,0,0,0
1011,1011,1777638159.7894073,4674.9839999999995,1.7425298938367562,-0.049222100312872996,-1.7218115695687235,-0.42878285665093774,2.027936899750094,1.2545639629186842,0.40340770968336437,-0.6140986976888279,1.0603227570628155,-0.8394026396858452,-0.07173718700096779,1.4978859969391713,3.92,33.12,60.84,0.323,1.068,1.109,69.38159986624696,-36.49624530563699,-43.19869959962494,40.195806143080816,1,0,0,0,0
1012,1012,1777638159.7967243,4674.992,1.741725102891807,-0.04901992149595902,-1.7209756189649488,-0.4316464350592204,2.028147444274609,1.2550924593261268,0.4029397377897369,-0.6142725893205336,1.060628566023771,-0.8411962107935881,-0.07028366804426484,1.4977805386805643,3.92,33.12,60.84,0.323,1.068,1.109,69.38159986624696,-36.520123565603406,-43.105669139196586,40.27391541451083,1,0,0,0,0
1013,1013,1777638159.8054037,4675.0,1.7409214528202839,-0.04882029229476181,-1.720134867456279,-0.4345133470586786,2.028359515574528,1.2556184705463467,0.4024540043673731,-0.614420905864913,1.060960860733771,-0.8430605716812802,-0.06878107744742627,1.4976464029885683,3.92,33.12,60.84,0.323,1.068,1.109,69.38159986624696,-36.546203077972905,-43.008528078622454,40.35403267449125,1,0,0,0,0
1014,1014,1777638159.8108132,4675.008,1.7401189432521993,-0.04862322315592138,-1.7192893110833634,-0.4373835862760451,2.0285731049314495,1.2561419935945477,0.4020231579222197,-0.6145810570337414,1.061294096592227,-0.84485839792288,-0.06737375611849118,1.4976123349255603,3.92,33.12,60.84,0.323,1.068,1.109,69.38159986624696,-36.56676810568676,-42.91853382507599,40.43114300401038,1,0,0,0,0
1015,1015,1777638159.8226366,4675.016,1.7393175737972062,-0.04842872450874225,-1.7184389458864526,-0.4402571463611977,2.0287882036306955,1.256663025522799,0.40158039554524294,-0.61468498572439,1.0616215633687935,-0.84667390210848,-0.06595867635868843,1.4975323424755753,3.92,33.12,60.84,0.323,1.068,1.109,69.38159986624696,-36.58986453188882,-42.82663604281199,40.50762223081652,1,0,0,0,0
1016,1016,1777638159.8263826,4675.023999999999,1.7385173440447246,-0.04823680676505138,-1.7175837679051318,-0.4431340209875412,2.029004802961465,1.25718156341988,0.40112035243906535,-0.6148872032736262,1.0619328573551765,-0.848427826266983,-0.064517998090584,1.4973994564322237,3.92,33.12,60.84,0.323,1.068,1.109,69.38159986624696,-36.61432726193247,-42.733745838298624,40.58354846220084,1,0,0,0,0
1017,1017,1777638159.8325527,4675.032,1.7377182535640698,-0.048047480319051594,-1.7167237731780594,-0.44601420385238644,2.029222894216986,1.2576976044111214,0.4006884411637516,-0.6150227810907054,1.062253032980208,-0.8502073179489126,-0.06312337248298765,1.4973519791989645,3.92,33.12,60.84,0.323,1.068,1.109,69.38159986624696,-36.63520579204781,-42.64391096863558,40.659131248384874,1,0,0,0,0
1018,1018,1777638159.8401139,4675.04,1.7369203019045802,-0.047860755547182166,-1.7158589577427001,-0.44889768867732815,2.029442468694668,1.2582111456582488,0.40021774183469655,-0.615126768150426,1.062625969719314,-0.8521161790218801,-0.06160496067203241,1.497255917113486,3.92,33.12,60.84,0.323,1.068,1.109,69.38159986624696,-36.65964950939348,-42.54550738255057,40.74010676728476,1,0,0,0,0
1019,1019,1777638159.8481457,4675.048,1.736123488595745,-0.04767664280798822,-1.7149893176350544,-0.45178446920862037,2.029663517696247,1.2587221843592244,0.39979956582646803,-0.6154466258389577,1.0628801065161708,-0.853711623107769,-0.06027960139385755,1.497133254444783,3.92,33.12,60.84,0.323,1.068,1.109,69.38159986624696,-36.68169355958136,-42.46009538114325,40.80931337115566,1,0,0,0,0
1020,1020,1777638159.8603046,4675.056,1.7353283085452944,-0.047495264701995055,-1.7141153952396326,-0.45467273751150294,2.029885893433355,1.2592304016830815,0.3993568991094995,-0.6155923138627382,1.0632069471970949,-0.8555036133707656,-0.05882369587188363,1.4970598231566956,3.92,33.12,60.84,0.323,1.068,1.109,69.38159986624696,-36.70340069621591,-42.36678753669928,40.88669821779695,1,0,0,0,0
1021,1021,1777638159.862299,4675.063999999999,1.734541158799086,-0.0473180577225758,-1.71324430227717,-0.4575391470936019,2.030107773448874,1.259731730845608,0.39890902083659974,-0.6156854898723221,1.0635599204408612,-0.857373720572318,-0.05740010231565105,1.4969651667603967,3.92,33.12,60.84,0.323,1.068,1.109,69.38159986624696,-36.727759631094095,-42.27229963679017,40.962553093014165,1,0,0,0,0
1022,1022,1777638159.8689737,4675.072,1.7337639541301617,-0.0471453929782264,-1.7123783337540788,-0.4603764989232193,2.0303285572529104,1.2602250019579921,0.3984838544492151,-0.6159735837296028,1.063823511945075,-0.8590562021262451,-0.05598850282675049,1.4968697541044682,3.92,33.12,60.84,0.323,1.068,1.109,69.38159986624696,-36.74897685018187,-42.182200812170926,41.03633798362719,1,0,0,0,0
1023,1023,1777638159.871716,4675.072,1.7337639541301617,-0.0471453929782264,-1.7123783337540788,-0.4603764989232193,2.0303285572529104,1.2602250019579921,0.3984838544492151,-0.6159735837296028,1.063823511945075,-0.8590562021262451,-0.05598850282675049,1.4968697541044682,3.93,32.98,60.96,0.309,1.085,1.082,69.4207958755876,-36.63274807813842,-42.323563053880605,41.06098730751415,0,1,0,0,0
1024,1024,1777638159.8755658,4675.08,1.732996656820239,-0.046977193490216784,-1.711517644269751,-0.46318468006987334,2.0305481894228907,1.2607102947365922,0.3980258403812993,-0.6160828420388729,1.064167924096787,-0.8608451869234536,-0.05454970016314848,1.4967645280702317,3.93,32.98,60.96,0.309,1.085,1.082,69.4207958755876,-36.65604308092029,-42.2297805344274,41.1366872956952,1,0,0,0,0
1025,1025,1777638159.8826325,4675.088,1.7322392296008289,-0.046813382593579256,-1.7106623868777833,-0.46596357923338516,2.030766615624896,1.2611876881513087,0.3975728305061056,-0.6162287984792575,1.0644705886065189,-0.862620340184381,-0.05316275313465021,1.4966511823627298,3.93,32.98,60.96,0.309,1.085,1.082,69.4207958755876,-36.679919543402676,-42.13786309662564,41.20959713391457,1,0,0,0,0
1026,1026,1777638159.8896499,4675.096,1.7314916356452568,-0.04665388396247483,-1.7098127130732346,-0.4687130867301441,2.030983782599292,1.2616572604279617,0.39717861249001973,-0.6164149523911318,1.0647327590905913,-0.8642539094401327,-0.05182990786040638,1.496586409490554,3.93,32.98,60.96,0.309,1.085,1.082,69.4207958755876,-36.6993183614353,-42.05207992303372,41.27989227157455,1,0,0,0,0
1027,1027,1777638159.9415903,4675.103999999999,1.7307538385695687,-0.04649862163019236,-1.7089687727856209,-0.471433094479881,2.031199638144901,1.2621190890401253,0.3967280448469144,-0.6164796665984804,1.0650733237930632,-0.8660395383129842,-0.05048532940122157,1.4964895924567307,3.93,32.98,60.96,0.309,1.085,1.082,69.4207958755876,-36.72281040588559,-41.96165137271218,41.35096020612268,1,0,0,0,0
1028,1028,1777638159.9416542,4675.112,1.7300258024333484,-0.046347520008846566,-1.708130714372019,-0.47412349599267767,2.031414131103345,1.2625732507011973,0.39632061104343264,-0.6165983666784158,1.0653602225232324,-0.8677163742752929,-0.0490641552676273,1.4964095572517102,3.93,32.98,60.96,0.309,1.085,1.082,69.4207958755876,-36.742822320733694,-41.87111617492541,41.42489032179678,1,0,0,0,0
1029,1029,1777638159.9439692,4675.12,1.7293074917404396,-0.046200503908790935,-1.7072986846102731,-0.47678418635617614,2.031627211343583,1.2630198213567163,0.39590765729015603,-0.6167529960985193,1.0656654077380245,-0.8693262558449294,-0.04779585728628811,1.4963157260122257,3.93,32.98,60.96,0.309,1.085,1.082,69.4207958755876,-36.76372612488407,-41.78718639305802,41.491039933536776,1,0,0,0,0
1030,1030,1777638159.946052,4675.128,1.7285988714395748,-0.04605749855773844,-1.7064728286922968,-0.47941506222300934,2.031838829746633,1.2634588761769157,0.3955002080622033,-0.6168215255222633,1.0659505084206737,-0.8710725257775996,-0.04639588967705651,1.4962713604418945,3.93,32.98,60.96,0.309,1.085,1.082,69.4207958755876,-36.783211259459655,-41.69654573054417,41.564893162169895,1,0,0,0,0
1031,1031,1777638159.9483287,4675.1359999999995,1.7278999069249132,-0.04591842961959802,-1.7056532902174792,-0.4820160217984437,2.0320489381904854,1.2638904895495142,0.39507770878006193,-0.6169130420139747,1.0662658931103663,-0.872744721305196,-0.04508542065418198,1.4961470803021792,3.93,32.98,60.96,0.309,1.085,1.082,69.4207958755876,-36.80624721535775,-41.60876208811655,41.632415056257344,1,0,0,0,0
1032,1032,1777638159.9494264,4675.144,1.7272105640364956,-0.04578322321302597,-1.7048402111861751,-0.4845869648282344,2.0322574895352035,1.2643147350727315,0.394690249607567,-0.6170318764818787,1.0665639714873953,-0.8743190486128832,-0.04374187177826916,1.4960216326490394,3.93,32.98,60.96,0.309,1.085,1.082,69.4207958755876,-36.827292226641,-41.52179138328971,41.700578983704226,1,0,0,0,0
1033,1033,1777638159.9506092,4675.152,1.726530809060615,-0.04565180592969398,-1.7040337319932952,-0.4871277925866968,2.0324644376082177,1.264731685548526,0.3942976375282779,-0.6171718534065574,1.0668297997164475,-0.8758844366776564,-0.0424567384195493,1.4959400128348987,3.93,32.98,60.96,0.309,1.085,1.082,69.4207958755876,-36.84645511638872,-41.43812653451704,41.76682073925792,1,0,0,0,0
1034,1034,1777638159.9506629,4675.16,1.7258606087301103,-0.04552410485226943,-1.7032339914219845,-0.4896384078649838,2.0326697371898086,1.2651414129760474,0.3938919341961925,-0.6173118224156522,1.067097911072713,-0.8774340677534157,-0.04118182733910705,1.495823720001249,3.93,32.98,60.96,0.309,1.085,1.082,69.4207958755876,-36.867148729940986,-41.35425047148122,41.83164128344004,1,0,0,0,0
1035,1035,1777638159.9552972,4675.168,1.7251999302245833,-0.04540004757211946,-1.702441126637388,-0.49211871495958803,2.032873343998785,1.2655439885453001,0.3935265527481134,-0.6173634757044256,1.0674198444050302,-0.8790553824970436,-0.039895174462863316,1.4958149322728942,3.93,32.98,60.96,0.309,1.085,1.082,69.4207958755876,-36.88348541745756,-41.270874530334474,41.89952647657947,1,0,0,0,0
1036,1036,1777638159.9617543,4675.1759999999995,1.7245487411705462,-0.04527956220672813,-1.70165527318051,-0.4945686196610426,2.03307521467835,1.2659394826310095,0.3931359763233906,-0.6175232724156063,1.0676529270025739,-0.8805647523066059,-0.03868059541116414,1.4956735399319077,3.93,32.98,60.96,0.309,1.085,1.082,69.4207958755876,-36.90522910028469,-41.18932032720936,41.96058693629102,1,0,0,0,0
1037,1037,1777638159.9692411,4675.184,1.7239070096414992,-0.04516257741684182,-1.70087656496215,-0.49698802924284635,2.0332753067821634,1.2663279647866863,0.39272897566187004,-0.6176417559868885,1.0679363570275782,-0.8820847782017667,-0.037389629156461233,1.4955399127466251,3.93,32.98,60.96,0.309,1.085,1.082,69.4207958755876,-36.92599029553967,-41.10481173972774,42.02514238566302,1,0,0,0,0
1038,1038,1777638159.9777153,4675.192,1.7232747041579437,-0.04504902242332953,-1.7001051342569324,-0.49937685245058994,2.033473578760596,1.2667095037388854,0.3923293452526266,-0.6177246467050643,1.0682117850580042,-0.8836276536089062,-0.03622238736802332,1.4954455448840178,3.93,32.98,60.96,0.309,1.085,1.082,69.4207958755876,-36.946299011583804,-41.02523709444704,42.085006958429354,1,0,0,0,0
1039,1039,1777638159.9859068,4675.2,1.7226517936873331,-0.044938827023767836,-1.6993411116974118,-0.5017349994912967,2.0336699899471773,1.2670841673816513,0.39197623704037765,-0.6179361086813473,1.0684217946079277,-0.8849805528620898,-0.035105650288756896,1.4953361541380081,3.93,32.98,60.96,0.309,1.085,1.082,69.4207958755876,-36.96452279872126,-40.951294703350314,42.14098262240888,1,0,0,0,0
1040,1040,1777638159.9912992,4675.208,1.7220382476439646,-0.04483192160875937,-1.6985846262682633,-0.5040623820229735,2.0338645005452354,1.2674520227711468,0.39158936447669096,-0.6179651791071085,1.0687194149713763,-0.8864725598455614,-0.03387997067096539,1.4952358821821734,3.93,32.98,60.96,0.309,1.085,1.082,69.4207958755876,-36.98360656212455,-40.870381161059186,42.20274504588198,1,0,0,0,0
1041,1041,1777638159.999542,4675.215999999999,1.7214340358888158,-0.04472823717796093,-1.6978358053005564,-0.5063589131443642,2.034057071614734,1.2678131361204588,0.39122513955456484,-0.6181057291405608,1.068960302602417,-0.8878834634473335,-0.03278334985890639,1.495101790465389,3.93,32.98,60.96,0.309,1.085,1.082,69.4207958755876,-37.00419536054396,-40.795156367997336,42.25744481898239,1,0,0,0,0
1042,1042,1777638160.0052814,4675.224,1.7208391287293272,-0.044627705355861025,-1.6970947744661027,-0.5086245073849165,2.034247665059299,1.2681675727945771,0.3908663518944498,-0.6182342774389242,1.0691943346644723,-0.8892255397962858,-0.031562006154576834,1.494977509207606,3.93,32.98,60.96,0.309,1.085,1.082,69.4207958755876,-37.02184629773579,-40.71698704590279,42.31733406785699,1,0,0,0,0
1043,1043,1777638160.012197,4675.232,1.7202534969191352,-0.04453025840726621,-1.6963616577718819,-0.5108590806949485,2.034436243613443,1.2685153973055405,0.3905004348587176,-0.6183278213711607,1.069466990702648,-0.8906648829944583,-0.030455961557329846,1.494893868848316,3.93,32.98,60.96,0.309,1.085,1.082,69.4207958755876,-37.040218673362155,-40.64186197692308,42.37343691132744,1,0,0,0,0
1044,1044,1777638160.014862,4675.232,1.7202534969191352,-0.04453025840726621,-1.6963616577718819,-0.5108590806949485,2.034436243613443,1.2685153973055405,0.3905004348587176,-0.6183278213711607,1.069466990702648,-0.8906648829944583,-0.030455961557329846,1.494893868848316,4.16,33.02,61.93,0.307,1.085,1.067,70.30612277746512,-37.12253576796155,-41.36519776662463,43.05564599311509,0,1,0,0,0
1045,1045,1777638160.0199625,4675.24,1.7196771116577565,-0.04443582925253331,-1.695636577554553,-0.51306255043602,2.034622770829982,1.2688566733077469,0.3901729668784966,-0.6184983678176031,1.0696738151110217,-0.8919479913473979,-0.029365738206448156,1.4947842242764617,4.16,33.02,61.93,0.307,1.085,1.067,70.30612277746512,-37.13991899368907,-41.29240281384453,43.110495091119255,1,0,0,0,0
1046,1046,1777638160.0272443,4675.248,1.7191099445902278,-0.0443443514825308,-1.6949196544750347,-0.515234835371511,2.0348072110676463,1.2691914635934216,0.38982478104275653,-0.6186457629634314,1.0698841642778638,-0.8932080775036442,-0.02826526764889419,1.4946362446511068,4.16,33.02,61.93,0.307,1.085,1.067,70.30612277746512,-37.158716813906445,-41.218749419119995,43.16474673929757,1,0,0,0,0
1047,1047,1777638160.033868,4675.255999999999,1.7185519678067054,-0.044255759373328374,-1.6942110075131618,-0.517375855657396,2.0349895294788842,1.2695198300882389,0.38947655857595864,-0.6187253428701884,1.0701484781141,-0.8945252834986661,-0.02717170364555981,1.494508875554165,4.16,33.02,61.93,0.307,1.085,1.067,70.30612277746512,-37.177496831860104,-41.14449449128447,43.21938456727134,1,0,0,0,0
1048,1048,1777638160.0414684,4675.264,1.718003153842021,-0.04416998790063342,-1.6935107539624203,-0.5194855328332171,2.035169691997862,1.2698418338470943,0.3891528113008492,-0.6189213311159233,1.070344791609496,-0.8957526641315626,-0.026201301094311503,1.4943929658410087,4.16,33.02,61.93,0.307,1.085,1.067,70.30612277746512,-37.19530867712897,-41.07714914358299,43.26809136822346,1,0,0,0,0
1049,1049,1777638160.0501943,4675.272,1.717463475675204,-0.044086972753956566,-1.6928190094247562,-0.5215637898132615,2.035347665328656,1.2701575350500212,0.3888301197107952,-0.6189602595090704,1.0706123907254654,-0.8971202337794439,-0.02507518730510267,1.4943350552968926,4.16,33.02,61.93,0.307,1.085,1.067,70.30612277746512,-37.21103220763624,-41.002071607860515,43.32574414717117,1,0,0,0,0
1050,1050,1777638160.05636,4675.28,1.7169329067289663,-0.0440066503505232,-1.6921358878054527,-0.5236105508779243,2.035523416933639,1.27046699299825,0.38854186217055187,-0.6191009271965606,1.0708012996190952,-0.8983316287023955,-0.02399391725981694,1.4942795106230302,4.16,33.02,61.93,0.307,1.085,1.067,70.30612277746512,-37.22429894282865,-40.93222871548686,43.38035408566877,1,0,0,0,0
1051,1051,1777638160.0639076,4675.288,1.7164114208691545,-0.04392895784892037,-1.6914615013080878,-0.5256257416652765,2.0356969150220596,1.2707702661104032,0.38820911189792295,-0.619111390224187,1.0710567713230028,-0.8996696440700961,-0.02294980272521888,1.4942038533598294,4.16,33.02,61.93,0.307,1.085,1.067,70.30612277746512,-37.24116844509298,-40.86037077346389,43.43358577298525,1,0,0,0,0
1052,1052,1777638160.0756235,4675.295999999999,1.715898992404175,-0.04385383316249314,-1.6907959604295613,-0.5276092891628155,2.0358681285388136,1.2710674119188239,0.3879174789558901,-0.6191945475676737,1.0712801422958969,-0.9009048443388185,-0.02199362385420829,1.4941420788252786,4.16,33.02,61.93,0.307,1.085,1.067,70.30612277746512,-37.25638155486985,-40.794467483678616,43.48246032782693,1,0,0,0,0
1053,1053,1777638160.077745,4675.304,1.715395596084386,-0.043781214972480775,-1.6901393739551924,-0.5295611216994143,2.036037027153411,1.271358487066033,0.38758387756491874,-0.6192080611730703,1.0715089383400556,-0.902230246092528,-0.020901101538084905,1.494047840463443,4.16,33.02,61.93,0.307,1.085,1.067,70.30612277746512,-37.27342013922608,-40.72048550649065,43.53716930670184,1,0,0,0,0
1054,1054,1777638160.08446,4675.312,1.7149012071014673,-0.04371104274090154,-1.6894918489538924,-0.5314811689374492,2.036203581249134,1.2716435473013141,0.3872565990288067,-0.6193829797789051,1.0717231457366043,-0.9033416630665637,-0.019966220119509534,1.49388467027786,4.16,33.02,61.93,0.307,1.085,1.067,70.30612277746512,-37.291770137445695,-40.65564762075772,43.582027219401915,1,0,0,0,0
1055,1055,1777638160.091468,4675.32,1.7144158010877637,-0.04364325672318614,-1.6888534907734059,-0.5333693618651276,2.036367761912388,1.2719226474774166,0.3869765153840331,-0.61944956750754,1.071943622990283,-0.9044931831447927,-0.019002773185419722,1.493843377406766,4.16,33.02,61.93,0.307,1.085,1.067,70.30612277746512,-37.30430480639515,-40.59170755269916,43.63087233677214,1,0,0,0,0
1056,1056,1777638160.1005769,4675.3279999999995,1.713939354115608,-0.04357779798055983,-1.688224403035627,-0.5352256327889844,2.0365295409222433,1.27219584154738,0.3867085175923298,-0.6195384435255236,1.0721425652148624,-0.9056122339755522,-0.018082718162808153,1.4937395850241308,4.16,33.02,61.93,0.307,1.085,1.067,70.30612277746512,-37.319865460793984,-40.52860166739535,43.67620620971827,1,0,0,0,0
1057,1057,1777638160.107851,4675.336,1.7134718426966238,-0.04351460839217669,-1.6876046876319846,-0.5370499153265715,2.036688890740169,1.2724631825614714,0.38638876721535154,-0.6196450906044084,1.0723394048458201,-0.9067316976363696,-0.017261877768992018,1.4936247477138145,4.16,33.02,61.93,0.307,1.085,1.067,70.30612277746512,-37.33699554613615,-40.46896469727027,43.71684526494222,1,0,0,0,0
1058,1058,1777638160.1141865,4675.344,1.7130132437810086,-0.043453630667007026,-1.6869944447188967,-0.5388421443993243,2.0368457844999606,1.2727247226642338,0.38612955612653743,-0.6197575495060265,1.0725400833713556,-0.9077545835489653,-0.0163976483679073,1.4935373831253544,4.16,33.02,61.93,0.307,1.085,1.067,70.30612277746512,-37.350551661267836,-40.41049513564236,43.759331273354576,1,0,0,0,0
1059,1059,1777638160.1201406,4675.352,1.7125635347568025,-0.043394808355480485,-1.686393772713302,-0.540602256225605,2.037000195997855,1.2729805130916436,0.385881251527352,-0.6198308917862825,1.072724466193255,-0.908836781737788,-0.015536712672416964,1.49351534703969,4.16,33.02,61.93,0.307,1.085,1.067,70.30612277746512,-37.36185136262873,-40.352339058399586,43.80332972814733,1,0,0,0,0
1060,1060,1777638160.1278336,4675.36,1.712122693449142,-0.04333808586088406,-1.685802768288255,-0.5423301883139251,2.0371520996828396,1.2732306041683716,0.3855835876049548,-0.6199118155764634,1.0729167177151828,-0.9098973764048713,-0.014656244900067327,1.4934156253637116,4.16,33.02,61.93,0.307,1.085,1.067,70.30612277746512,-37.37648764801797,-40.292007391785695,43.84635915829096,1,0,0,0,0
1061,1061,1777638160.1344428,4675.3679999999995,1.7116906981195,-0.043283408450521144,-1.6852215263685988,-0.5440258794563357,2.0373014706471477,1.2734750453051458,0.3853202131773507,-0.6199797628366535,1.073115280610098,-0.9109392091006968,-0.013836394706950006,1.4933120058131009,4.16,33.02,61.93,0.307,1.085,1.067,70.30612277746512,-37.391600093908316,-40.23429309494131,43.88645350865792,1,0,0,0,0
1062,1062,1777638160.141629,4675.376,1.7112675274649154,-0.04323072226662994,-1.6846501401267018,-0.5456892697219962,2.0374482846169473,1.2737138849962124,0.3850681139333572,-0.620030243612368,1.0733011720518295,-0.9119569812671149,-0.012905157652725275,1.4932608020976859,4.16,33.02,61.93,0.307,1.085,1.067,70.30612277746512,-37.40243934000259,-40.17408230093518,43.932351891232884,1,0,0,0,0
1063,1063,1777638160.1488183,4675.384,1.710853160617215,-0.04317997433705667,-1.6840887009782737,-0.5473203004509068,2.037592517943217,1.2739471708168923,0.3848458462790224,-0.6201642115293002,1.0734568759648417,-0.9128657631289739,-0.012183013695837932,1.4932148825471516,4.16,33.02,61.93,0.307,1.085,1.067,70.30612277746512,-37.413257723906945,-40.12447951264179,43.96845676532332,1,0,0,0,0
1064,1064,1777638160.1566358,4675.392,1.7104475771422238,-0.04313111258570412,-1.6835372985782504,-0.5489189142478139,2.0377341475928112,1.2741749494212302,0.38458080484115,-0.6202003176322298,1.073662668616569,-0.9138740666338996,-0.01137815359536674,1.4931206773838828,4.16,33.02,61.93,0.307,1.085,1.067,70.30612277746512,-37.42739640355925,-40.068225385189535,44.00770629029071,1,0,0,0,0
1065,1065,1777638160.1592798,4675.392,1.7104475771422238,-0.04313111258570412,-1.6835372985782504,-0.5489189142478139,2.0377341475928112,1.2741749494212302,0.38458080484115,-0.6202003176322298,1.073662668616569,-0.9138740666338996,-0.01137815359536674,1.4931206773838828,1.22,33.25,47.73,0.379,-0.672,0.919,58.18250424311418,-36.73111501848294,-29.309257883158956,34.307381011051554,0,1,0,0,0
1066,1066,1777638160.164099,4675.4,1.7100507570389718,-0.04308408584273504,-1.6829960208167432,-0.5504850549762716,2.0378731511397166,1.2743972665397323,0.38435397865119453,-0.6202689422231613,1.0738245059433673,-0.9148268998305357,-0.010521262865653976,1.4930520565477425,1.22,33.25,47.73,0.379,-0.672,0.919,58.18250424311418,-36.73956625187222,-29.263913243539612,34.33702743830452,1,0,0,0,0
1067,1067,1777638160.1722267,4675.407999999999,1.7096626807388962,-0.04303884385454548,-1.682464953815069,-0.5520186677528782,2.038009506756491,1.2746141669771922,0.3840946044753304,-0.6203838885690163,1.0739801235144986,-0.9157161091385311,-0.009795897076190885,1.4929139752894947,1.22,33.25,47.73,0.379,-0.672,0.919,58.18250424311418,-36.75089777465224,-29.22211720987199,34.360488624720745,1,0,0,0,0
1068,1068,1777638160.177978,4675.416,1.709283329105038,-0.04299533729350635,-1.6819441819218541,-0.5535196989416615,2.038143193205895,1.2748256946106,0.3838734751771614,-0.6204440379811899,1.074150067886241,-0.9166438544097677,-0.0090769523788922,1.4928696800575543,1.22,33.25,47.73,0.379,-0.672,0.919,58.18250424311418,-36.75927977179994,-29.18227549729157,34.3853740340092,1,0,0,0,0
1069,1069,1777638160.185445,4675.424,1.7089126834312385,-0.04295351776747047,-1.6814337877091967,-0.5549880961486302,2.038274189832708,1.2750318923871329,0.3836671852475886,-0.6205593746414042,1.074291383215841,-0.91749424598344,-0.008384755867882492,1.4927904315771978,1.22,33.25,47.73,0.379,-0.672,0.919,58.18250424311418,-36.76811267109683,-29.143668662268364,34.40866558745696,1,0,0,0,0
1070,1070,1777638160.1920624,4675.432,1.708550725441335,-0.042913337829057596,-1.6809338519689172,-0.5564238082164792,2.0384024765557323,1.2752328023222246,0.38345069601809,-0.6205974663057882,1.0744737107530096,-0.918388905425474,-0.007601453218479318,1.492707022208212,1.22,33.25,47.73,0.379,-0.672,0.919,58.18250424311418,-36.77689849289243,-29.101230219768414,34.43518457826998,1,0,0,0,0
1071,1071,1777638160.281597,4675.44,1.708197437288356,-0.04287475098470406,-1.6804444537088745,-0.5578267852194445,2.0385280338599814,1.2754284654977124,0.38324780414361537,-0.620568885780463,1.0746580644170447,-0.9193462731343067,-0.006911693315535325,1.4927248286975519,1.22,33.25,47.73,0.379,-0.672,0.919,58.18250424311418,-36.78358890100613,-29.06339374432644,34.45998449831379,1,0,0,0,0
1072,1072,1777638160.2816575,4675.447999999999,1.7078528015537198,-0.0428377117034886,-1.6799656701493575,-0.5591969784583215,2.038650842789057,1.2756189220600564,0.38306032916249,-0.6207734190155502,1.0747536237307935,-0.9200304441989332,-0.006356893141309208,1.492649141753754,1.22,33.25,47.73,0.379,-0.672,0.919,58.18250424311418,-36.79113690330071,-29.032061019362054,34.47833346219945,1,0,0,0,0
1073,1073,1777638160.2816975,4675.456,1.7075168012464355,-0.04280217542573794,-1.6794975767195464,-0.5605343404556207,2.038770884937708,1.2758042112186325,0.38286533139791373,-0.6207280416585118,1.0749402023494588,-0.9209379404707786,-0.005599592772806129,1.4926243842928617,1.22,33.25,47.73,0.379,-0.672,0.919,58.18250424311418,-36.79809553110333,-28.991711349130902,34.50484949007121,1,0,0,0,0
1074,1074,1777638160.2834358,4675.464,1.7071894198023085,-0.04276809857139785,-1.679040247054056,-0.5618388249508763,2.038888142444577,1.2759843712440924,0.38264969066181886,-0.6208481721778654,1.0750742442089083,-0.9216820416843661,-0.005054188965741764,1.4925028692421671,1.22,33.25,47.73,0.379,-0.672,0.919,58.18250424311418,-36.808286482600074,-28.9585147592734,34.52185205274746,1,0,0,0,0
1075,1075,1777638160.283502,4675.472,1.7068706410831516,-0.04273543854819728,-1.6785937529895492,-0.5631103868961027,2.0390025979851303,1.2761594394667939,0.3824749954161921,-0.6208998752040398,1.0752060439437303,-0.9224120178171359,-0.00439588384616947,1.4924859100160102,1.22,33.25,47.73,0.379,-0.672,0.919,58.18250424311418,-36.81331009236099,-28.924494710563316,34.54500840616869,1,0,0,0,0
1076,1076,1777638160.2835488,4675.48,1.7065604493760025,-0.04270415375957359,-1.6781581645614239,-0.5643489824513912,2.0391142347647695,1.276329452275294,0.3822459544854187,-0.6208973461248467,1.0753742396723824,-0.9232416303451435,-0.0037366240941845777,1.4923869840468662,1.22,33.25,47.73,0.379,-0.672,0.919,58.18250424311418,-36.822812384669604,-28.88670848107126,34.566491884671024,1,0,0,0,0
1077,1077,1777638160.2854106,4675.487999999999,1.7062588293923493,-0.042674203612396155,-1.67773355000058,-0.5655545689806454,2.03922303651213,1.2764944451149058,0.3820817834011135,-0.6210279162399434,1.075462236286847,-0.9238838972220712,-0.0031974517621856323,1.4923724413161605,1.22,33.25,47.73,0.379,-0.672,0.919,58.18250424311418,-36.8275667405303,-28.858080095660227,34.585334191883184,1,0,0,0,0
1078,1078,1777638160.2896614,4675.496,1.7059657662673648,-0.04264554852445368,-1.67731997573026,-0.5667271050474643,2.0393289874725604,1.2766544524863173,0.38190044815412794,-0.6211096962863817,1.0755766692471613,-0.9245461840130932,-0.002630605786466763,1.4923239749347732,1.22,33.25,47.73,0.379,-0.672,0.919,58.18250424311418,-36.83362176586159,-28.827339029105776,34.60451751015237,1,0,0,0,0
1079,1079,1777638160.2969396,4675.504,1.7056812455591508,-0.04261814993174262,-1.676917506362967,-0.5678665504111562,2.039432072401784,1.2768095079442674,0.38170007701703246,-0.6211177444392242,1.0757363353800926,-0.9252832639839664,-0.002058436148025127,1.4922279812778387,1.22,33.25,47.73,0.379,-0.672,0.919,58.18250424311418,-36.84246794500443,-28.793976283200944,34.622872288759964,1,0,0,0,0
1080,1080,1777638160.297327,4675.512,1.7054052532479913,-0.042591970295521975,-1.6765262046974634,-0.5689728660228877,2.039532276559744,1.2769596440962823,0.3815543433679211,-0.6211661248640196,1.0758349491558252,-0.9259802262433957,-0.001576622517111811,1.4922221049629691,1.22,33.25,47.73,0.379,-0.672,0.919,58.18250424311418,-36.848178855766676,-28.766535090323565,34.63960123775404,1,0,0,0,0
1081,1081,1777638160.303897,4675.5199999999995,1.7051377757356199,-0.04256697310916824,-1.6761461317158384,-0.570046014021969,2.0396295857046294,1.277104892601464,0.3813915608643317,-0.6212011201262239,1.0759723469059663,-0.9265906205389273,-0.0009804699049909753,1.4921200391821396,1.22,33.25,47.73,0.379,-0.672,0.919,58.18250424311418,-36.85521956737948,-28.73428352484433,34.65887391353197,1,0,0,0,0
1082,1082,1777638160.3100872,4675.527999999999,1.7048787998444983,-0.042543122904804775,-1.6757773465806647,-0.5710859577322722,2.0397239860870813,1.2772452841693354,0.3812411807603143,-0.6212294229589276,1.0760815881103483,-0.9272469170058446,-0.0004614618751728799,1.4920793028188417,1.22,33.25,47.73,0.379,-0.672,0.919,58.18250424311418,-36.861309128234154,-28.705377100842874,34.67634661914611,1,0,0,0,0
1083,1083,1777638160.3102686,4675.536,1.7046283128171082,-0.042520385259724236,-1.6754199066322277,-0.5720926616587727,2.03981546444458,1.2773808485587352,0.38109449722471644,-0.6212559469889747,1.0761981485504855,-0.9279062756656206,2.191123954077309e-05,1.4920553914121601,1.22,33.25,47.73,0.379,-0.672,0.919,58.18250424311418,-36.86713259529305,-28.678017060743148,34.69278990892496,1,0,0,0,0
1084,1084,1777638160.3103988,4675.544,1.704386302315258,-0.04249872680260314,-1.6750738673858372,-0.573066091484228,2.0399040079960145,1.2775116145767649,0.3809863922846966,-0.6212911380973253,1.076303886486044,-0.9284660398100475,0.0005099500908408397,1.492043188583312,1.22,33.25,47.73,0.379,-0.672,0.919,58.18250424311418,-36.87105463646219,-28.652425514443014,34.70976292247347,1,0,0,0,0
1085,1085,1777638160.3104959,4675.552,1.704152756419403,-0.042478115219494406,-1.6747392825292158,-0.5740062140659701,2.0399896044364283,1.277637610077784,0.3808276184790534,-0.6212955025650736,1.0764022095264565,-0.929064293019518,0.0009899202114834514,1.492012752808733,1.22,33.25,47.73,0.379,-0.672,0.919,58.18250424311418,-36.87627656853199,-28.625998147518338,34.72601699733809,1,0,0,0,0
1086,1086,1777638160.33046,4675.552,1.704152756419403,-0.042478115219494406,-1.6747392825292158,-0.5740062140659701,2.0399896044364283,1.277637610077784,0.3808276184790534,-0.6212955025650736,1.0764022095264565,-0.929064293019518,0.0009899202114834514,1.492012752808733,1.02,33.67,47.74,0.354,-0.66,0.901,58.42787776395785,-37.33735248550179,-28.590272039765296,34.674707699786126,0,1,0,0,0
1087,1087,1777638160.3306227,4675.5599999999995,1.7039276636279839,-0.04245851925962363,-1.6744162039199724,-0.5749129974328353,2.040072241931949,1.2777588619624534,0.38067635164085645,-0.6212913342375422,1.076522306432757,-0.9296483685113212,0.0014667612433672567,1.491930770662544,1.02,33.67,47.74,0.354,-0.66,0.901,58.42787776395785,-37.34431929707092,-28.56283573236705,34.68981307479522,1,0,0,0,0
1088,1088,1777638160.3334823,4675.568,1.7037110128567796,-0.04243990874096415,-1.6741046815831524,-0.5757864107822082,2.0401519091148916,1.2778753961768226,0.3805724294587815,-0.6213444239877374,1.0766167654539638,-0.9301826583197116,0.0018723983563466017,1.49194883824349,1.02,33.67,47.74,0.354,-0.66,0.901,58.42787776395785,-37.34748647249313,-28.541155763938942,34.70424443559486,1,0,0,0,0
1089,1089,1777638160.3335648,4675.576,1.703502793438278,-0.042422254555617656,-1.6738047637088744,-0.5766264244771886,2.040228595079045,1.2779872377114638,0.3804574118850248,-0.6213444957895005,1.076722116330454,-0.9306973480641321,0.0023253036770284363,1.4919231426708401,1.02,33.67,47.74,0.354,-0.66,0.901,58.42787776395785,-37.351573958658946,-28.51708674568412,34.71962825765791,1,0,0,0,0
1090,1090,1777638160.3337083,4675.584,1.7033029951210643,-0.0424055286749736,-1.6735164966500458,-0.5774330100438796,2.040302289375136,1.2780944106006493,0.3803001255789836,-0.6214235786426836,1.0768089147869249,-0.9311701657530809,0.0026901153034654744,1.4918060254560095,1.02,33.67,47.74,0.354,-0.66,0.901,58.42787776395785,-37.35929560200974,-28.49425234747687,34.73006644508421,1,0,0,0,0
1091,1091,1777638160.3382294,4675.592,1.7031116080692286,-0.042389704154674135,-1.6732399249201606,-0.5782061401687901,2.040372982006468,1.2781969379215679,0.38020051820063294,-0.6214669180300142,1.0768511169344828,-0.9315742867267278,0.003094361491890929,1.4918039518861417,1.02,33.67,47.74,0.354,-0.66,0.901,58.42787776395785,-37.36137181099386,-28.47419821810568,34.74427769053056,1,0,0,0,0
1092,1092,1777638160.34348,4675.599999999999,1.7029286228617921,-0.04237475513936939,-1.6729750911911871,-0.578945788696358,2.040440663424742,1.2782948417935849,0.38005904325590895,-0.6214363854700421,1.0769722108417543,-0.9321069403780121,0.0035292200826607632,1.491715928495968,1.02,33.67,47.74,0.354,-0.66,0.901,58.42787776395785,-37.368198312046445,-28.44880738012328,34.75773314760634,1,0,0,0,0
1093,1093,1777638160.3507876,4675.608,1.702754030492153,-0.04236065686726764,-1.6727220362915283,-0.5796519306265822,2.04050532452605,1.278388143377541,0.37999298110425694,-0.6215826033342949,1.076983367079057,-0.932412954826473,0.0038140860774157443,1.4916958996773018,1.02,33.67,47.74,0.354,-0.66,0.901,58.42787776395785,-37.37065177829297,-28.433843138342002,34.767338840494105,1,0,0,0,0
1094,1094,1777638160.357932,4675.616,1.702587822367552,-0.04234738567448204,-1.6724807992040782,-0.5803245421127743,2.04056695664705,1.2784768628750889,0.37989707935360034,-0.6215691667173936,1.0770588622210395,-0.9328294403442645,0.004217503755324562,1.491681585267989,1.02,33.67,47.74,0.354,-0.66,0.901,58.42787776395785,-37.37335853198,-28.41328526312349,34.781233339208185,1,0,0,0,0
1095,1095,1777638160.3652723,4675.624,1.7024299903085607,-0.04233491899917663,-1.6722514170643574,-0.5809636004594205,2.040625551561313,1.2785610195280674,0.37976552137122643,-0.6215515287975663,1.0771590712306007,-0.9332921427781257,0.004515869077162325,1.4916356236744628,1.02,33.67,47.74,0.354,-0.66,0.901,58.42787776395785,-37.378875501421795,-28.394647708446886,34.79052382132815,1,0,0,0,0
1096,1096,1777638160.37329,4675.632,1.702280526548588,-0.04232323538550897,-1.6720339251587308,-0.5815690841201491,2.0406811014758497,1.2786406316179133,0.3796607556674638,-0.6215461867866123,1.0772420023776204,-0.9336926636823273,0.004890169350565743,1.4915756356372551,1.02,33.67,47.74,0.354,-0.66,0.901,58.42787776395785,-37.38332576881022,-28.374127951230935,34.80248148437386,1,0,0,0,0
1097,1097,1777638160.3808951,4675.639999999999,1.702139423733412,-0.04231231448737116,-1.671828356922723,-0.5821409726958136,2.0407335990278117,1.2787157164651055,0.3796031131204237,-0.621644154119087,1.0772749039969696,-0.9339482141661308,0.005032232465875535,1.4915644260631697,1.02,33.67,47.74,0.354,-0.66,0.901,58.42787776395785,-37.38605222591418,-28.364954886866123,34.80702993975882,1,0,0,0,0
1098,1098,1777638160.391733,4675.648,1.702006674920731,-0.04230213707192654,-1.6716347439394035,-0.5826792469326847,2.0407830372813685,1.278786290428647,0.37950396323912633,-0.6216588620548646,1.0773469616578748,-0.9343256598615255,0.005383423250659384,1.4915279216645925,1.02,33.67,47.74,0.354,-0.66,0.901,58.42787776395785,-37.389508208118556,-28.34618187522696,34.818609234884576,1,0,0,0,0
1099,1099,1777638160.3955257,4675.656,1.7018822735797388,-0.042292685022956356,-1.671453115937875,-0.5831838887207432,2.040829409724759,1.278852368905579,0.3794204069698839,-0.621622820129295,1.077412748633802,-0.9346269438775408,0.005737164735079996,1.4914742664076066,1.02,33.67,47.74,0.354,-0.66,0.901,58.42787776395785,-37.39249604845427,-28.328114508479445,34.83010289477778,1,0,0,0,0
1100,1100,1777638160.4016213,4675.664,1.7017662135907228,-0.04228394134399327,-1.6712835007918372,-0.5836548810920839,2.04087271026752,1.278913966330527,0.37936623756961546,-0.6217441611473375,1.077430069521945,-0.9348307034646721,0.005900933699518234,1.491451296324803,1.02,33.67,47.74,0.354,-0.66,0.901,58.42787776395785,-37.39472111826426,-28.31875228140244,34.83532692127067,1,0,0,0,0
1101,1101,1777638160.4141068,4675.672,1.7016584892446849,-0.042275890161262986,-1.6711259245182433,-0.5840922082194222,2.040912933237889,1.2789710961752798,0.37928892111644763,-0.6217393515969137,1.0775150080154576,-0.9351238490886594,0.006104633751561868,1.4914156811021566,1.02,33.67,47.74,0.354,-0.66,0.901,58.42787776395785,-37.39831451336711,-28.30627845384783,34.841606903994894,1,0,0,0,0
1102,1102,1777638160.417907,4675.679999999999,1.7015590952429873,-0.042268516726430505,-1.6709804112760462,-0.5844958554147093,2.0409500733803783,1.2790237709484005,0.37921480271936475,-0.621747579624414,1.077575284832783,-0.935366239216568,0.006389333068396448,1.4913609565062953,1.02,33.67,47.74,0.354,-0.66,0.901,58.42787776395785,-37.401143206568804,-28.291434487513392,34.85062584058527,1,0,0,0,0
1103,1103,1777638160.4229531,4675.688,1.7014680266970208,-0.04226180741913943,-1.6708469833650268,-0.5848658091278427,2.0409841258535306,1.2790720021948667,0.3791925619392939,-0.6217958113817346,1.077586852411629,-0.9355749770743128,0.006503487338211318,1.4913722662877256,1.02,33.67,47.74,0.354,-0.66,0.901,58.42787776395785,-37.402620539226774,-28.284529167389067,34.85464512195939,1,0,0,0,0
1104,1104,1777638160.4304264,4675.696,1.7013852791278994,-0.042255749749360305,-1.6707256612247186,-0.5852020569454872,2.041015086227842,1.2791158004957417,0.37909469279578745,-0.6218416991934659,1.0776063082710832,-0.9357240091799189,0.006723656136893974,1.491220905414044,1.02,33.67,47.74,0.354,-0.66,0.901,58.42787776395785,-37.40832738786576,-28.27084963648798,34.859618513020756,1,0,0,0,0
1105,1105,1777638160.4447818,4675.704,1.701310848466177,-0.042250332359538234,-1.670616463433416,-0.5855045875899902,2.0410429504838623,1.2791551754678752,0.3790947406131919,-0.6218068987603436,1.077642874522979,-0.9359692719390924,0.006885385448617167,1.491283975114026,1.02,33.67,47.74,0.354,-0.66,0.901,58.42787776395785,-37.407947616572024,-28.263103031760572,34.86630697581677,1,0,0,0,0
1106,1106,1777638160.4485178,4675.7119999999995,1.7012447310515926,-0.04224554502654421,-1.6705194067072746,-0.5857733909184049,2.041067715010468,1.2791901357636313,0.37902763571031933,-0.6218996140619852,1.0776574172388413,-0.936062088259969,0.006963579646063202,1.4911981982126752,1.02,33.67,47.74,0.354,-0.66,0.901,58.42787776395785,-37.41173411406675,-28.25676674121886,34.86737994043605,1,0,0,0,0
1107,1107,1777638160.4489467,4675.7119999999995,1.7012447310515926,-0.04224554502654421,-1.6705194067072746,-0.5857733909184049,2.041067715010468,1.2791901357636313,0.37902763571031933,-0.6218996140619852,1.0776574172388413,-0.936062088259969,0.006963579646063202,1.4911981982126752,0.71,33.73,48.3,0.353,-0.628,0.878,58.91610136456757,-37.66639284585332,-28.843236855114274,34.934474916643964,0,1,0,0,0
1108,1108,1777638160.4519315,4675.719999999999,1.7011869236328367,-0.042241378663428364,-1.6704345058994985,-0.5860084579216096,2.0410893766033116,1.279220689070648,0.37899682103893967,-0.6218478384770542,1.0777061476471184,-0.9362354259828967,0.007085342193936792,1.4912025978569203,0.71,33.73,48.3,0.353,-0.628,0.878,58.91610136456757,-37.66755726225209,-28.836458737973686,34.93881476736296,1,0,0,0,0
1109,1109,1777638160.4598901,4675.728,1.7011374233673462,-0.042237825320981415,-1.6703617739996206,-0.5862097807235251,2.0411079324634405,1.2792468421116223,0.3789902748808969,-0.6218304724011309,1.0777269081399492,-0.9363826258179206,0.007228438088904663,1.4911946351583085,0.71,33.73,48.3,0.353,-0.628,0.878,58.91610136456757,-37.668624004250994,-28.82906806952824,34.94376339017981,1,0,0,0,0
1110,1110,1777638160.4662254,4675.736,1.7010962278211226,-0.04223487818909266,-1.6703012221328715,-0.5863773525804357,2.0411233801960917,1.2792686006441243,0.37896037650897796,-0.6218621014508323,1.0777458080646058,-0.9364642600589572,0.007274812154878581,1.4911852971146549,0.71,33.73,48.3,0.353,-0.628,0.878,58.91610136456757,-37.669704442123596,-28.825945080137608,34.94517502431407,1,0,0,0,0
1111,1111,1777638160.4735541,4675.744,1.7010633349685778,-0.042232531597917955,-1.6702528595596382,-0.5865111678804062,2.0411357178096603,1.279285969460437,0.378935076221094,-0.6218346202931074,1.0777732780661509,-0.9365551863684961,0.0073534358625638434,1.4911822644714212,0.71,33.73,48.3,0.353,-0.628,0.878,58.91610136456757,-37.670381431622346,-28.821755665318527,34.9479006975349,1,0,0,0,0
1112,1112,1777638160.4806418,4675.7519999999995,1.7010387431924034,-0.04223078101885047,-1.6702166936750142,-0.5866112221427979,2.0411449437148397,1.279298952387426,0.37893793156052324,-0.6218918717223855,1.0777607763037367,-0.9365602284786269,0.007336218165602829,1.4911739869335614,0.71,33.73,48.3,0.353,-0.628,0.878,58.91610136456757,-37.67092382690458,-28.82203429105288,34.9470862498281,1,0,0,0,0
1113,1113,1777638160.4875207,4675.76,1.701022451283469,-0.04222962306529343,-1.6701927300084396,-0.5866775120178804,2.0411510567239364,1.2793075522864332,0.37892810466798954,-0.6217859781767768,1.0777955182843129,-0.9367150045909269,0.007399934130140278,1.4911638131177534,0.71,33.73,48.3,0.353,-0.628,0.878,58.91610136456757,-37.67290953400679,-28.81712007659675,34.94899823648088,1,0,0,0,0
1114,1114,1777638160.495688,4675.768,1.7010144584407434,-0.04222905549323919,-1.6701809722234326,-0.5867100352865471,2.041154056050357,1.2793117710531987,0.37892423820176546,-0.6217943638524057,1.0777859431714962,-0.9367056889266725,0.007462998150361887,1.4911552187205352,0.71,33.73,48.3,0.353,-0.628,0.878,58.91610136456757,-37.672523708041304,-28.814935264656047,34.95121547472628,1,0,0,0,0
1115,1115,1777638160.5878205,4675.776,1.7010120339984238,-0.04222901608738905,-1.67017976933265,-0.586713527743635,2.04115438723594,1.2793128622232885,0.37892908924004426,-0.6218110814556669,1.0777731826581274,-0.9366596652194839,0.007355697176658047,1.4911495091401876,0.71,33.73,48.3,0.353,-0.628,0.878,58.91610136456757,-37.673075121475854,-28.819127475090074,34.94716444099784,1,0,0,0,0
1116,1116,1777638160.5879738,4675.784,1.7010009937625061,-0.0422291871443532,-1.6701805352046115,-0.5867125979037944,2.0411543669163086,1.279317333340841,0.37896106864110746,-0.6217704700782579,1.0777820772050417,-0.9366379426009365,0.007390680897081725,1.4912419528900223,0.71,33.73,48.3,0.353,-0.628,0.878,58.91610136456757,-37.66895087919394,-28.820720957224818,34.950295895266116,1,0,0,0,0
1117,1117,1777638160.5938218,4675.7919999999995,1.7009793057139804,-0.04222952310929173,-1.6701820393982514,-0.5867107718020241,2.0411543270075443,1.279326116577434,0.3789578969513596,-0.6217879574148304,1.077740940710064,-0.9366296210054895,0.007398050462936482,1.4911918720280564,0.71,33.73,48.3,0.353,-0.628,0.878,58.91610136456757,-37.670659697211875,-28.819302754606213,34.949623556130085,1,0,0,0,0
1118,1118,1777638160.594037,4675.8,1.7009469699693798,-0.0422300238460922,-1.6701842812662067,-0.5867080504766982,2.0411542675259295,1.279339211742577,0.3789485168086115,-0.6218247546456978,1.0777410214805925,-0.9366456246261075,0.007357137723319154,1.4912033625983252,0.71,33.73,48.3,0.353,-0.628,0.878,58.91610136456757,-37.670826911065234,-28.82071255163021,34.948280756753505,1,0,0,0,0
1119,1119,1777638160.601152,4675.808,1.7009039867025406,-0.042230689151800505,-1.6701872598432992,-0.5867044354760269,2.041154188495694,1.2793566185521756,0.37891199945006104,-0.6217800089392835,1.0777799784315882,-0.9366892263934635,0.0074426408387414005,1.491145671080031,0.71,33.73,48.3,0.353,-0.628,0.878,58.91610136456757,-37.67283925088755,-28.8156354049382,34.95029812442888,1,0,0,0,0
1120,1120,1777638160.601497,4675.816,1.7008503561447081,-0.04223151875659692,-1.6701909738465472,-0.5866999288580903,2.041154089948958,1.2793783366284328,0.3789046063181437,-0.6217711461174336,1.077776188138795,-0.9366714519275928,0.007529905576605289,1.4911941706647227,0.71,33.73,48.3,0.353,-0.628,0.878,58.91610136456757,-37.66995229536329,-28.814267285885506,34.954537542965745,1,0,0,0,0
1121,1121,1777638160.6076715,4675.824,1.7007860785846793,-0.04223251232376679,-1.6701954216751824,-0.5866945331908937,2.0411539719256635,1.2794043654997198,0.3788807299097223,-0.6218239454756435,1.0777545315716992,-0.9366184235060362,0.007554709825415964,1.4911664900303683,0.71,33.73,48.3,0.353,-0.628,0.878,58.91610136456757,-37.67002204281171,-28.813576186994517,34.95503206421564,1,0,0,0,0
1122,1122,1777638160.6131926,4675.831999999999,1.700711154368979,-0.04223366944967033,-1.6702006014106665,-0.5866882515524399,2.041153834473477,1.2794347046004144,0.3787827165404859,-0.6218620049553458,1.0777637545902126,-0.9366205687546444,0.007589120207355162,1.4910430236298873,0.71,33.73,48.3,0.353,-0.628,0.878,58.91610136456757,-37.67440496306685,-28.809167093461134,34.95394258248815,1,0,0,0,0
1123,1123,1777638160.6180358,4675.84,1.7006255839020725,-0.04223498966369199,-1.67020651081672,-0.5866810875308097,2.041153677647684,1.2794693532707064,0.37874849894180146,-0.6219238753648755,1.0777473582608073,-0.9365756274811778,0.007640550479888423,1.4910653854113753,0.71,33.73,48.3,0.353,-0.628,0.878,58.91610136456757,-37.67245163450523,-28.808758706745266,34.956384390013675,1,0,0,0,0
1124,1124,1777638160.6182919,4675.848,1.7005293676466122,-0.04223647242819428,-1.6702131473393447,-0.586673045224253,2.0411535015110607,1.2795083107563723,0.37868261184210866,-0.6219152450544507,1.0777468746680419,-0.936627526657402,0.007731596040800697,1.490980296164685,0.71,33.73,48.3,0.353,-0.628,0.878,58.91610136456757,-37.67556481996982,-28.802645291667837,34.958066875881684,1,0,0,0,0
1125,1125,1777638160.6253953,4675.856,1.7004225061237201,-0.042238117138462705,-1.6702205081068575,-0.5866641292413055,2.041153306133727,1.2795515762085163,0.37863439587144193,-0.6219649062077304,1.077735497345977,-0.9365395339610539,0.007819850599644592,1.490945242349971,0.71,33.73,48.3,0.353,-0.628,0.878,58.91610136456757,-37.67483498706978,-28.800204889097323,34.96086393444927,1,0,0,0,0
1126,1126,1777638160.6255236,4675.864,1.700304999913305,-0.042239923122638245,-1.6702285899299278,-0.5866543447009018,2.0411530915929825,1.2795991486832812,0.37853252929525516,-0.6219974486421325,1.0777332340471175,-0.936572023375993,0.007880488995908395,1.4908476850876313,0.71,33.73,48.3,0.353,-0.628,0.878,58.91610136456757,-37.678424221788916,-28.79509929317915,34.961201421845665,1,0,0,0,0
1127,1127,1777638160.625623,4675.871999999999,1.700176849654415,-0.0422418896416481,-1.6702373893016143,-0.5866436972325202,2.0411528579731266,1.279651027141525,0.3785087206973241,-0.6219871829893899,1.077748068202117,-0.9365409191320564,0.007971646818657915,1.4908735130851267,0.71,33.73,48.3,0.353,-0.628,0.878,58.91610136456757,-37.676168827849516,-28.793225967205117,34.96517468649119,1,0,0,0,0
1128,1128,1777638160.6256962,4675.871999999999,1.700176849654415,-0.0422418896416481,-1.6702373893016143,-0.5866436972325202,2.0411528579731266,1.279651027141525,0.3785087206973241,-0.6219871829893899,1.077748068202117,-0.9365409191320564,0.007971646818657915,1.4908735130851267,0.57,33.82,48.51,0.372,-0.627,0.859,59.13829047241728,-37.84244756229343,-29.002097397267363,34.98806809548777,0,1,0,0,0
1129,1129,1777638160.62577,4675.88,1.7000380560456245,-0.04224401588913107,-1.670246902397408,-0.5866321929763245,2.041152605365256,1.2797072104484668,0.3783650579589727,-0.6220634736390551,1.0777391315568983,-0.9365830615892642,0.00805884925032858,1.4906889124353147,0.57,33.82,48.51,0.372,-0.627,0.859,59.13829047241728,-37.84925754501018,-28.99364046583226,34.987710925831415,1,0,0,0,0
1130,1130,1777638160.6259923,4675.888,1.699888619845457,-0.04224630099134785,-1.670257125075282,-0.586619838583327,2.0411523338670463,1.2797676973733014,0.3783182391289031,-0.6221233909018256,1.0777228547928082,-0.9365027169457906,0.00814144944065305,1.4906676793238982,0.57,33.82,48.51,0.372,-0.627,0.859,59.13829047241728,-37.84817514166271,-28.991615161983436,34.990559994739684,1,0,0,0,0
1131,1131,1777638160.6260874,4675.896,1.6997285418728427,-0.04224874400709222,-1.6702680528757394,-0.5866066412155675,2.041152043582517,1.2798324865887794,0.3782326408525205,-0.6221015741316002,1.0777354928299039,-0.9365389862115293,0.008287103703021562,1.4905900801059908,0.57,33.82,48.51,0.372,-0.627,0.859,59.13829047241728,-37.85030016691432,-28.98409926292977,34.99448766864745,1,0,0,0,0
1132,1132,1777638160.6261742,4675.9039999999995,1.6995578230076107,-0.042251343927596,-1.6702796810218699,-0.5865926085462991,2.041151734621776,1.2799015766707578,0.37811698239442637,-0.6222365108111209,1.0777148422633607,-0.936460740097195,0.008304037064280019,1.4904644731584606,0.57,33.82,48.51,0.372,-0.627,0.859,59.13829047241728,-37.85381295498985,-28.981503592754336,34.99283775677259,1,0,0,0,0
1133,1133,1777638160.6316671,4675.911999999999,1.699376464191016,-0.04225409967642246,-1.6702920044194096,-0.5865777487601882,2.041151407100746,1.2799749660977178,0.37804411472337063,-0.6222420989668461,1.0777187051954258,-0.936475459371454,0.008475005129226807,1.4904022926146192,0.57,33.82,48.51,0.372,-0.627,0.859,59.13829047241728,-37.85481452764744,-28.97389197358579,34.99805710293636,1,0,0,0,0
1134,1134,1777638160.635501,4675.92,1.6991844664263027,-0.042257010109354454,-1.6703050176568022,-0.5865620705535317,2.041151061140876,1.2800526532502496,0.3778973662745447,-0.6223087438884197,1.0777325412859493,-0.9364720528769713,0.008581750991208918,1.4902452744553654,0.57,33.82,48.51,0.372,-0.627,0.859,59.13829047241728,-37.85975030405164,-28.96623937666518,34.99905260558624,1,0,0,0,0
1135,1135,1777638160.6389766,4675.928,1.6989818307793005,-0.04226007401428067,-1.6703187150052639,-0.5865455831344786,2.0411506968688298,1.2801346364105073,0.3778140137942516,-0.6223952276371808,1.0776814562928183,-0.9363598065190379,0.008663638285372064,1.4901811901755642,0.57,33.82,48.51,0.372,-0.627,0.859,59.13829047241728,-37.85984920817893,-28.963630313899877,35.001104796473115,1,0,0,0,0
1136,1136,1777638160.6461644,4675.936,1.6987685583790573,-0.042263290111067775,-1.6703330904188558,-0.5865282962232765,2.04115031441616,1.28022091376163,0.37767663551278396,-0.6224250989789534,1.0776816494593937,-0.9363996176587093,0.008840355867595519,1.4900792818687705,0.57,33.82,48.51,0.372,-0.627,0.859,59.13829047241728,-37.862656711548524,-28.954372760080886,35.00572702878365,1,0,0,0,0
1137,1137,1777638160.6532521,4675.9439999999995,1.698544650418506,-0.04226665705143784,-1.6703481375345604,-0.586510220052519,2.0411499139189626,1.2803114833871325,0.3775699952652665,-0.6224365811082074,1.0777134097868026,-0.9364070384049648,0.009028482940663746,1.489961917383483,0.57,33.82,48.51,0.372,-0.627,0.859,59.13829047241728,-37.86548748697794,-28.944851357332496,35.010538945800924,1,0,0,0,0
1138,1138,1777638160.6602504,4675.952,1.6983101081551668,-0.04227017341882444,-1.670363849672352,-0.5864913653674106,2.0411494955175145,1.280406343270263,0.37744753614437015,-0.6225107475726049,1.077671362232632,-0.9363664666926094,0.009166544640084052,1.4898983035825646,0.57,33.82,48.51,0.372,-0.627,0.859,59.13829047241728,-37.86605968818048,-28.93920291494956,35.0145892213307,1,0,0,0,0
1139,1139,1777638160.667823,4675.96,1.6980649329118833,-0.04227383772823767,-1.6703802198352857,-0.5864717434260465,2.041149059355891,1.2805054912933298,0.37732832130209415,-0.6226347660100552,1.07765226148382,-0.9362409437892458,0.009294308990701742,1.48975094845528,0.57,33.82,48.51,0.372,-0.627,0.859,59.13829047241728,-37.86870610625475,-28.93307971108468,35.01678734935748,1,0,0,0,0
1140,1140,1777638160.6746871,4675.968,1.6978091260775943,-0.04227764842611492,-1.6703972407095797,-0.5864513659996993,2.0411486055815673,1.2806089252369959,0.377157664162574,-0.622657365640678,1.077666030288212,-0.9362854832047928,0.00950167903982142,1.4896052838359466,0.57,33.82,48.51,0.372,-0.627,0.859,59.13829047241728,-37.872951627536125,-28.921562231930487,35.021710025109854,1,0,0,0,0
1141,1141,1777638160.6852708,4675.976,1.6975426891081393,-0.042281603890164554,-1.6704149046647032,-0.5864302453731209,2.041148134345,1.2807166427795427,0.37702708928374823,-0.6227277917277517,1.0776621135933302,-0.9362707042826743,0.009677523182353069,1.48947007297809,0.57,33.82,48.51,0.372,-0.627,0.859,59.13829047241728,-37.87625194001466,-28.912341441171485,35.02575411558834,1,0,0,0,0
1142,1142,1777638160.6893191,4675.9839999999995,1.6972656235271004,-0.042285702429214034,-1.6704332037534728,-0.5864083943448568,2.041147645799193,1.2808286414961003,0.3768899841476492,-0.6228222283791472,1.0776327515058723,-0.9361733878973707,0.009842414852481272,1.489363113754018,0.57,33.82,48.51,0.372,-0.627,0.859,59.13829047241728,-37.8774148192534,-28.90557277299043,35.03008291847959,1,0,0,0,0
1143,1143,1777638160.6970952,4675.992,1.6969779309266768,-0.04228994228303762,-1.670452129712145,-0.5863858262275681,2.0411471400992407,1.280944918857848,0.3767344566680647,-0.6229049893111497,1.0776113686022488,-0.9361465093366114,0.01000290837455199,1.4892099123761386,0.57,33.82,48.51,0.372,-0.627,0.859,59.13829047241728,-37.88136481290529,-28.896589339058497,35.033223152907155,1,0,0,0,0
1144,1144,1777638160.7052095,4676.0,1.6966796129685957,-0.04229432162219471,-1.6704716739605177,-0.5863625548483746,2.0411466174018607,1.2810654722311816,0.3765782571916425,-0.6229540778057121,1.077597694243818,-0.9361517630530559,0.010238997752524074,1.4890751944692848,0.57,33.82,48.51,0.372,-0.627,0.859,59.13829047241728,-37.884365207526976,-28.885029158226466,35.039511459938,1,0,0,0,0
1145,1145,1777638160.7109265,4676.008,1.6963706713850562,-0.04229883854784955,-1.6704918276020368,-0.5863385945491952,2.0411460778649007,1.2811902988768518,0.37642368801756587,-0.6230394246015456,1.0775968106767,-0.9361142360524256,0.010391387133772127,1.488922295594902,0.57,33.82,48.51,0.372,-0.627,0.859,59.13829047241728,-37.888223889307,-28.876496827168076,35.04237180192428,1,0,0,0,0
1146,1146,1777638160.7181466,4676.016,1.6960511079797083,-0.04230349109159359,-1.6705125814238988,-0.5863139601871143,2.0411455216468326,1.2813193959490674,0.37625641167083157,-0.6230768327827132,1.0775965923337134,-0.9360903952305065,0.01058637923640656,1.4887919478280665,0.57,33.82,48.51,0.372,-0.627,0.859,59.13829047241728,-37.89102342667658,-28.866903171294695,35.047248750481714,1,0,0,0,0
1147,1147,1777638160.725319,4676.023999999999,1.6957209246286675,-0.04230827721526431,-1.6705339258971676,-0.5862886671347463,2.041144948906225,1.2814527604945698,0.37605787762145515,-0.6231129436455773,1.0776135050948432,-0.9361310881556939,0.0108909409933038,1.48864067275067,0.57,33.82,48.51,0.372,-0.627,0.859,59.13829047241728,-37.894507484841405,-28.85202591292966,35.05573138876056,1,0,0,0,0
1148,1148,1777638160.7330892,4676.032,1.695380123281562,-0.04231319481074802,-1.670555851176883,-0.5862627312806241,2.041144359801202,1.281590389451676,0.37588238834151627,-0.6232609252306368,1.0775558337863032,-0.9360051399432823,0.011129124042141988,1.4884325096803352,0.57,33.82,48.51,0.372,-0.627,0.859,59.13829047241728,-37.89840821912798,-28.840591019986178,35.060923605550165,1,0,0,0,0
1149,1149,1777638160.7353063,4676.032,1.695380123281562,-0.04231319481074802,-1.670555851176883,-0.5862627312806241,2.041144359801202,1.281590389451676,0.37588238834151627,-0.6232609252306368,1.0775558337863032,-0.9360051399432823,0.011129124042141988,1.4884325096803352,0.58,33.87,48.2,0.362,-0.648,0.834,58.91309956198197,-37.89376784905469,-28.5631120781167,34.91366905117381,0,1,0,0,0
1150,1150,1777638160.7397418,4676.04,1.695028705962615,-0.04231824169979692,-1.6705783471021842,-0.5862361690295863,2.041143754488877,1.281732279649289,0.375670555749896,-0.6233191847594752,1.077589423903762,-0.9360326467354683,0.011276892184385703,1.4882800092521655,0.58,33.87,48.2,0.362,-0.648,0.834,58.91309956198197,-37.89851392447055,-28.55369374982643,34.916221381441524,1,0,0,0,0
1151,1151,1777638160.7484865,4676.048,1.6946666747717614,-0.04232341563382036,-1.6706014031964287,-0.5862089973031832,2.041143133124779,1.2818784278058775,0.37549399559561125,-0.6233942757710536,1.0775770474688657,-0.935998599469624,0.011493523100004375,1.4881242964188572,0.58,33.87,48.2,0.362,-0.648,0.834,58.91309956198197,-37.90186903872302,-28.542877169673794,34.921423027253674,1,0,0,0,0
1152,1152,1777638160.753729,4676.056,1.6942940318857986,-0.04232871429369123,-1.6706250086673187,-0.5861812335400902,2.04114249586225,1.2820288305284255,0.3752799205135,-0.6234679050298741,1.077554885673081,-0.9360022280011426,0.011834467008236323,1.4879183590016583,0.58,33.87,48.2,0.362,-0.648,0.834,58.91309956198197,-37.90647828644976,-28.52595715485311,34.930244378166,1,0,0,0,0
1153,1153,1777638160.761288,4676.063999999999,1.6939107795595718,-0.042334135289536334,-1.6706491524070293,-0.5861528956965305,2.0411418428518315,1.282183484311349,0.37506937269213403,-0.6236104434195774,1.0775431559128437,-0.9359203926181479,0.01195478730701814,1.487693307267842,0.58,33.87,48.2,0.362,-0.648,0.834,58.91309956198197,-37.91265972723088,-28.51730991724843,34.93059643766206,1,0,0,0,0
1154,1154,1777638160.770579,4676.072,1.6935169201271918,-0.04233967616052414,-1.6706738229923417,-0.5861240022467094,2.0411411742406305,1.2823423855353837,0.3748618542797888,-0.623698020412188,1.0775344556002953,-0.9358756152659443,0.012281489287736251,1.4874937314501453,0.58,33.87,48.2,0.362,-0.648,0.834,58.91309956198197,-37.91647038194121,-28.501814006282594,34.939106630345414,1,0,0,0,0
1155,1155,1777638160.777382,4676.08,1.6931124560032897,-0.04234533437465693,-1.6706990086847782,-0.5860945721832591,2.041140490171667,1.2825055304664388,0.3746182802199577,-0.6238093198836936,1.077519073393633,-0.935864266812508,0.012474819394800829,1.48720458975485,0.58,33.87,48.2,0.362,-0.648,0.834,58.91309956198197,-37.92536236442967,-28.48788132735711,34.940818636733724,1,0,0,0,0
1156,1156,1777638160.7902884,4676.088,1.6926973896843025,-0.042351107328547855,-1.6707246974307406,-0.5860646250176895,2.0411397907832076,1.2826729152544236,0.37438609031306014,-0.6239160994917732,1.0775156200126252,-0.9357981597365767,0.012731178618895979,1.4869809059305008,0.58,33.87,48.2,0.362,-0.648,0.834,58.91309956198197,-37.93042713777813,-28.474447542772815,34.94627067770726,1,0,0,0,0
1157,1157,1777638160.7949495,4676.096,1.6922717237497946,-0.0423569923472078,-1.6707508768616544,-0.5860341807808549,2.0411390762080743,1.282844535932041,0.37412892349261784,-0.6240361486341222,1.0774983713034614,-0.9357673201704196,0.013017685613423877,1.4867288006539376,0.58,33.87,48.2,0.362,-0.648,0.834,58.91309956198197,-37.93676774667385,-28.458678084189174,34.95223304218798,1,0,0,0,0
1158,1158,1777638160.8381302,4676.103999999999,1.6918354608638122,-0.04236298668381444,-1.6707775342941131,-0.5860032600234204,2.041138346572942,1.2830203884135505,0.3738728355958586,-0.6240793697211723,1.0775118355235236,-0.935794055778955,0.013355218853042247,1.486489105452036,0.58,33.87,48.2,0.362,-0.648,0.834,58.91309956198197,-37.94296704135584,-28.44058924813953,34.960226476915075,1,0,0,0,0
1159,1159,1777638160.8382826,4676.112,1.6913886037762713,-0.04236908751949553,-1.670804656730028,-0.5859718838163488,2.0411376019976153,1.2832004684935006,0.3736665321708702,-0.6242160579004354,1.077475961592947,-0.9357227370051586,0.013641821612713313,1.486278661311358,0.58,33.87,48.2,0.362,-0.648,0.834,58.91309956198197,-37.94715925918264,-28.42656752700507,34.96707970063915,1,0,0,0,0
1160,1160,1777638160.8529036,4676.12,1.6909311553243798,-0.042375291963091755,-1.6708322308567816,-0.5859400737513818,2.0411368425942866,1.2833847718454319,0.3733825099168313,-0.6243393563684047,1.0774813995657102,-0.9357268732262896,0.013910448771638169,1.4859931884704467,0.58,33.87,48.2,0.362,-0.648,0.834,58.91309956198197,-37.95539529739259,-28.409938992440033,34.971654725856254,1,0,0,0,0
1161,1161,1777638160.8539307,4676.128,1.6904631184340926,-0.042381597050933806,-1.6708602430473807,-0.5859078519415455,2.0411360684667788,1.2835732940205486,0.37312728755884683,-0.6244952848288567,1.0774329857645428,-0.93557553389263,0.014274838530595298,1.4857377447922955,0.58,33.87,48.2,0.362,-0.648,0.834,58.91309956198197,-37.95939965202739,-28.393408719513197,34.98073211561379,1,0,0,0,0
1162,1162,1777638160.8539689,4676.1359999999995,1.6899844961216004,-0.04238799974660612,-1.6708886793606181,-0.5858752410216512,2.0411352797097684,1.2837660304463596,0.37287037913058596,-0.6246019298200242,1.0774232879063592,-0.9355902766679177,0.01461027161659232,1.4854854406080682,0.58,33.87,48.2,0.362,-0.648,0.834,58.91309956198197,-37.96589406161032,-28.37523711846587,34.9884281809489,1,0,0,0,0
1163,1163,1777638160.8539948,4676.144,1.689495291494852,-0.04239449694071329,-1.6709175255412312,-0.585842264148809,2.0411344764079913,1.28396297642529,0.37259420367774077,-0.6246627757151433,1.0774351175728496,-0.9355676331305182,0.01486714224647635,1.4852424152446089,0.58,33.87,48.2,0.362,-0.648,0.834,58.91309956198197,-37.972251753504295,-28.36055014507124,34.99343641652516,1,0,0,0,0
1164,1164,1777638160.8566039,4676.152,1.6889955077551093,-0.04240108545064558,-1.6709467670200713,-0.5858089450029524,2.0411336586354314,1.2841641271332622,0.37228343030842703,-0.624821125764995,1.0774048307985833,-0.9355437284275676,0.015258015924417334,1.4849443367192963,0.58,33.87,48.2,0.362,-0.648,0.834,58.91309956198197,-37.97937588816152,-28.33992494083888,35.00241365239479,1,0,0,0,0
1165,1165,1777638160.8589993,4676.16,1.688485148198535,-0.04240776202034091,-1.6709763889142693,-0.5857753077873618,2.0411328264544912,1.2843694776182477,0.371973321393518,-0.6249149451086506,1.0774204142531243,-0.9355087804345179,0.015557637748055193,1.4845934191625152,0.58,33.87,48.2,0.362,-0.648,0.834,58.91309956198197,-37.98918365754896,-28.321136407461033,35.00697727058136,1,0,0,0,0
1166,1166,1777638160.8607798,4676.168,1.687964216217815,-0.042414523320046804,-1.6710063760274068,-0.5857413772292022,2.041131979915145,1.2845790227987879,0.3716973224642926,-0.6250652248122531,1.0773943762721,-0.9354655020269367,0.015880405788975805,1.4843409854863845,0.58,33.87,48.2,0.362,-0.648,0.834,58.91309956198197,-37.99495448751601,-28.30431208801967,35.014320651921416,1,0,0,0,0
1167,1167,1777638160.8628008,4676.1759999999995,1.6874327153038113,-0.042421365946084144,-1.6710367128496912,-0.5857071785800638,2.041131119054073,1.2847927574624858,0.3714255663592251,-0.6251799101005063,1.0773893902924687,-0.9354051814262753,0.0162543600651391,1.4840767906024332,0.58,33.87,48.2,0.362,-0.648,0.834,58.91309956198197,-38.00042873692708,-28.285730615534895,35.0233944579208,1,0,0,0,0
1168,1168,1777638160.8690197,4676.184,1.6868906490472495,-0.04242828642060381,-1.6710673835581327,-0.5856727376165134,2.04113024389378,1.2850106762644686,0.37111143640236155,-0.6253052254007919,1.07737540652982,-0.9353669311247762,0.01661534014457242,1.483755973703483,0.58,33.87,48.2,0.362,-0.648,0.834,58.91309956198197,-38.00844975568973,-28.26572004306428,35.030845231257615,1,0,0,0,0
1169,1169,1777638160.8760152,4676.192,1.6863380211404382,-0.04243528119135309,-1.6710983720167256,-0.5856380806406429,2.041129354441697,1.2852327737258196,0.37080955396865395,-0.6254569061099925,1.077331954932776,-0.9353106615952969,0.01701484438291766,1.4834372670766545,0.58,33.87,48.2,0.362,-0.648,0.834,58.91309956198197,-38.015757789739524,-28.244759312948567,35.039820647735404,1,0,0,0,0
1170,1170,1777638160.8788662,4676.192,1.6863380211404382,-0.04243528119135309,-1.6710983720167256,-0.5856380806406429,2.041129354441697,1.2852327737258196,0.37080955396865395,-0.6254569061099925,1.077331954932776,-0.9353106615952969,0.01701484438291766,1.4834372670766545,0.74,33.92,47.57,0.387,-0.694,0.831,58.42960636526657,-37.902310367529886,-27.635104793819252,34.83869618453114,0,1,0,0,0
1171,1171,1777638160.8832986,4676.2,1.68577483537902,-0.042442346631432315,-1.6711296617766287,-0.5856032344806348,2.0411284506892606,1.285459044231982,0.37050649162042526,-0.6256183854612657,1.077326425890983,-0.9352222185054748,0.017292998054456582,1.4831545086291815,0.74,33.92,47.57,0.387,-0.694,0.831,58.42960636526657,-37.90877287312185,-27.619742144566985,34.843847134346284,1,0,0,0,0
1172,1172,1777638160.8976495,4676.208,1.6852010956637573,-0.042449479039057714,-1.6711612360763546,-0.5855682264913229,2.041127532610981,1.2856894820311329,0.37016627612859043,-0.6257835045000534,1.0772872318286455,-0.9351600983922138,0.0176886452115688,1.482821101836646,0.74,33.92,47.57,0.387,-0.694,0.831,58.42960636526657,-37.916321347175625,-27.598680797311435,34.852321210298555,1,0,0,0,0
1173,1173,1777638160.897787,4676.215999999999,1.6846168060023465,-0.042456674637324276,-1.6711930778419566,-0.5855330845547648,2.041126600163489,1.2859240812325285,0.3698450935652273,-0.6258698724385919,1.0773140486770791,-0.9351410258263245,0.018068281097955125,1.482526559669287,0.74,33.92,47.57,0.387,-0.694,0.831,58.42960636526657,-37.92319256126943,-27.578485422920483,34.86083056581757,1,0,0,0,0
1174,1174,1777638160.908659,4676.224,1.6840219705112678,-0.042463929573968606,-1.6712251696872196,-0.5854978370808173,2.041125653284566,1.286162835804821,0.3694989789232186,-0.6259843417767637,1.0773095271694388,-0.9351343343736405,0.018515822425703123,1.482183179390637,0.74,33.92,47.57,0.387,-0.694,0.831,58.42960636526657,-37.93136174535937,-27.554518725820394,34.870893219576416,1,0,0,0,0
1175,1175,1777638160.913146,4676.232,1.6834165934176653,-0.042471239921132664,-1.6712574939138563,-0.5854625130077133,2.041124691892158,1.2864057395743445,0.3691700158716003,-0.6261459766784622,1.0772781885161349,-0.9350696768836345,0.0188753717013933,1.4818631339644912,0.74,33.92,47.57,0.387,-0.694,0.831,58.42960636526657,-37.93870165122942,-27.53504394249031,34.87829084264493,1,0,0,0,0
1176,1176,1777638160.9201748,4676.24,1.682800679061258,-0.04247860167513284,-1.6712900325117017,-0.5854271418026471,2.041123715883371,1.2866527862233759,0.3688047670226762,-0.6262511105108608,1.077278712950953,-0.9350373962851631,0.01938231186872621,1.4815134334996718,0.74,33.92,47.57,0.387,-0.694,0.831,58.42960636526657,-37.946133380103866,-27.509323524973333,34.890499863110534,1,0,0,0,0
1177,1177,1777638160.9275105,4676.248,1.682174231896284,-0.042486010756222825,-1.671322767158915,-0.5853917534623605,2.0411227251334485,1.2869039692883648,0.3684838764286567,-0.6264652944941523,1.0772286400324982,-0.9349206111520787,0.019708257509140625,1.4812009983519914,0.74,33.92,47.57,0.387,-0.694,0.831,58.42960636526657,-37.95276432064307,-27.49200686903516,34.89693595051929,1,0,0,0,0
1178,1178,1777638160.9339259,4676.255999999999,1.6815372564934752,-0.04249346300837242,-1.671355679222179,-0.5853563785137315,2.0411217194947353,1.287159282158136,0.3681273211124746,-0.626626124313289,1.0772121878099807,-0.9348649259793829,0.02012192752814056,1.4808462544810117,0.74,33.92,47.57,0.387,-0.694,0.831,58.42960636526657,-37.960940655072434,-27.469639046222504,34.90565592067162,1,0,0,0,0
1179,1179,1777638160.942892,4676.264,1.6808897575420632,-0.0425009541990331,-1.6713887497569075,-0.585321048014368,2.041120698795619,1.287418718072064,0.3677288778321661,-0.6267999276802966,1.0772073745089803,-0.9347878553308443,0.020490388602074878,1.48043268701092,0.74,33.92,47.57,0.387,-0.694,0.831,58.42960636526657,-37.97140814085855,-27.4475590962576,34.91163936938207,1,0,0,0,0
1180,1180,1777638160.9486234,4676.272,1.6802317398518158,-0.042508480018917716,-1.671421959507449,-0.5852857935532043,2.0411196628394594,1.2876822701182205,0.367372458239804,-0.626951330499282,1.0771814915337314,-0.9347335181821846,0.021024101321560497,1.4800616847239123,0.74,33.92,47.57,0.387,-0.694,0.831,58.42960636526657,-37.978987662011896,-27.420706662111108,34.92449344398861,1,0,0,0,0
1181,1181,1777638160.9557946,4676.28,1.6795632083551055,-0.04251603608178378,-1.6714552889073007,-0.5852506472510957,2.0411186114034985,1.287949931231493,0.3669871310216538,-0.6271707777561049,1.07718175686926,-0.9346136738516425,0.02134237554191084,1.4796698159775785,0.74,33.92,47.57,0.387,-0.694,0.831,58.42960636526657,-37.988523608670896,-27.401561704033597,34.92914814611849,1,0,0,0,0
1182,1182,1777638160.9639862,4676.288,1.6788841681090074,-0.04252361792420878,-1.6714887180793152,-0.5852156417614172,2.041117544237751,1.2882216941916769,0.3665983020027441,-0.6272607203197028,1.0771688526843792,-0.9346607483876964,0.021864575748014314,1.4792751220023592,0.74,33.92,47.57,0.387,-0.694,0.831,58.42960636526657,-37.99848871768188,-27.37280835163039,34.94085170852474,1,0,0,0,0
1183,1183,1777638160.9701266,4676.295999999999,1.678194624297428,-0.04253122100538764,-1.6715222268359158,-0.5851808102706659,2.041116461063885,1.28849755162154,0.3662563872694924,-0.6274446264885908,1.0771359285027289,-0.9345639444442072,0.02224878913598461,1.47900019087276,0.74,33.92,47.57,0.387,-0.694,0.831,58.42960636526657,-38.00338243935389,-27.354186487535905,34.95011165609226,1,0,0,0,0
1184,1184,1777638160.9771903,4676.304,1.6774945822332639,-0.042538840706916936,-1.6715557946793167,-0.5851461864990597,2.0411153615740774,1.2887774959848606,0.3658623324696678,-0.6276163296000141,1.077112344083023,-0.9344840564314182,0.022775246426161213,1.4785998624700334,0.74,33.92,47.57,0.387,-0.694,0.831,58.42960636526657,-38.01168362288086,-27.327180681054315,34.962208228014184,1,0,0,0,0
1185,1185,1777638160.9850338,4676.312,1.6767840473605915,-0.0425464723325959,-1.6715894008017358,-0.585111804701139,2.041114245429859,1.2890615195844382,0.36547055115135474,-0.627790948403793,1.0771180163139469,-0.9344181701325509,0.023199914957639536,1.4781797764757667,0.74,33.92,47.57,0.387,-0.694,0.831,58.42960636526657,-38.02190547900336,-27.30282174887835,34.97012336687862,1,0,0,0,0
1186,1186,1777638160.9972613,4676.32,1.6760630252568844,-0.04255411110823015,-1.6716230240856182,-0.585077699666364,2.0411131122609403,1.2893496145600787,0.36506135730980754,-0.6279166462846231,1.077089503853877,-0.9343885794186286,0.023661497006316864,1.477823278805382,0.74,33.92,47.57,0.387,-0.694,0.831,58.42960636526657,-38.0299271738729,-27.278327889020346,34.98051410041051,1,0,0,0,0
1187,1187,1777638161.0009024,4676.3279999999995,1.675331521635263,-0.042561752181433654,-1.6716566431038595,-0.5850439067197222,2.04111196166402,1.2896417728865524,0.36469132596234966,-0.6280800990416052,1.0770823704870103,-0.934327090302221,0.024147634196699325,1.4774983670313968,0.74,33.92,47.57,0.387,-0.694,0.831,58.42960636526657,-38.03607961660989,-27.254365088206825,34.99250106862393,1,0,0,0,0
1188,1188,1777638161.0068629,4676.336,1.6745895423467712,-0.042569390621450154,-1.6716902361200274,-0.5850104617223195,2.041110793201578,1.2899379863715261,0.3642756601304541,-0.6282064347664981,1.0770743904429307,-0.9343173129056441,0.024681237419878106,1.4770891837972158,0.74,33.92,47.57,0.387,-0.694,0.831,58.42960636526657,-38.04555578298915,-27.225715999980707,35.004499331541,1,0,0,0,0
1189,1189,1777638161.0134487,4676.344,1.6738370933826818,-0.04257702141896935,-1.6717237810885912,-0.5849774010719822,2.041109606400653,1.290238246653471,0.3638759786818857,-0.6284430824425782,1.077036694878447,-0.9342010780171676,0.025073138422534124,1.4767165645951248,0.74,33.92,47.57,0.387,-0.694,0.831,58.42960636526657,-38.053596641887395,-27.20451028262564,35.01224504225702,1,0,0,0,0
1190,1190,1777638161.0208395,4676.352,1.6730741808768337,-0.0425846394859537,-1.671757255655148,-0.5849447617038503,2.0411084007516003,1.2905425451995427,0.36345468054261254,-0.6286353458080658,1.0769976007069595,-0.9341127569994316,0.025614607491146992,1.4762972902835936,0.74,33.92,47.57,0.387,-0.694,0.831,58.42960636526657,-38.062214790509174,-27.176585383338256,35.02456155533242,1,0,0,0,0
1191,1191,1777638161.0234632,4676.352,1.6730741808768337,-0.0425846394859537,-1.671757255655148,-0.5849447617038503,2.0411084007516003,1.2905425451995427,0.36345468054261254,-0.6286353458080658,1.0769976007069595,-0.9341127569994316,0.025614607491146992,1.4762972902835936,0.68,33.71,46.94,0.387,-0.73,0.837,57.7943777542418,-37.79447807158001,-26.757496044612232,34.58039809949298,0,1,0,0,0
1192,1192,1777638161.0272667,4676.36,1.6723008111079938,-0.04259223965547676,-1.6717906371566542,-0.5849125810909745,2.041107175706838,1.2908508733034383,0.3630219407221841,-0.6287895210717074,1.0769981426789297,-0.9340707065585574,0.026174367017181763,1.4758970231224076,0.68,33.71,46.94,0.387,-0.73,0.837,57.7943777542418,-37.80270323251632,-26.728952309580755,34.59347968543288,1,0,0,0,0
1193,1193,1777638161.0346189,4676.3679999999995,1.6715169905022493,-0.04259981668156154,-1.6718239026216555,-0.584880897244898,2.041105930679574,1.2911632220832276,0.36259255788567857,-0.6289209608847389,1.0770055558227083,-0.9340654608005704,0.026659082542097985,1.4754983859991087,0.68,33.71,46.94,0.387,-0.73,0.837,57.7943777542418,-37.81211941165215,-26.702344688297355,34.603735546127346,1,0,0,0,0
1194,1194,1777638161.0425167,4676.376,1.6707227256354285,-0.04260736523903397,-1.671857028770523,-0.5848497487162518,2.0411046650425146,1.2914795824791596,0.36214476078374935,-0.6291195356661985,1.076980305892663,-0.934001645740185,0.027175164210896333,1.4750449106659351,0.68,33.71,46.94,0.387,-0.73,0.837,57.7943777542418,-37.822356384921406,-26.67416359732195,34.6142810683004,1,0,0,0,0
1195,1195,1777638161.0519946,4676.384,1.6699180232355468,-0.04261487992337987,-1.6718899920156858,-0.5848191745953315,2.0411033781265635,1.2917999452514448,0.3617129198119923,-0.6292746672867833,1.07695390741199,-0.9339646013321108,0.02770736551263917,1.4746362791842726,0.68,33.71,46.94,0.387,-0.73,0.837,57.7943777542418,-37.83117197011181,-26.646205024686463,34.62617918786594,1,0,0,0,0
1196,1196,1777638161.0566924,4676.392,1.6691028901852825,-0.042622355250611754,-1.6719227684618696,-0.584789214512675,2.041102069219499,1.2921243009780146,0.36123960748671935,-0.6294629864564389,1.0769541835846175,-0.9339056685233826,0.028257278328186995,1.4741862077430463,0.68,33.71,46.94,0.387,-0.73,0.837,57.7943777542418,-37.84097246141007,-26.61689481844474,34.63801110627823,1,0,0,0,0
1197,1197,1777638161.0636418,4676.4,1.668277333524478,-0.042629785657152475,-1.6719553339063324,-0.5847599086396373,2.0411007375646384,1.2924526400522554,0.36078108017206656,-0.6296256793538868,1.0769346460671763,-0.9339061038046373,0.02885432580627228,1.4737577885292348,0.68,33.71,46.94,0.387,-0.73,0.837,57.7943777542418,-37.850326279901594,-26.585637232656513,34.65179350969554,1,0,0,0,0
1198,1198,1777638161.0714612,4676.407999999999,1.6674413604526686,-0.0426371654997153,-1.671987663839106,-0.5847312976889567,2.041099382359486,1.292784952680721,0.3603607727924712,-0.6297924362676872,1.0769232079196978,-0.9338012716064393,0.029425664417476717,1.4733678396617285,0.68,33.71,46.94,0.387,-0.73,0.837,57.7943777542418,-37.85706097999788,-26.557935749540853,34.66567585782774,1,0,0,0,0
1199,1199,1777638161.0778646,4676.416,1.666594978331637,-0.04264448905520446,-1.6720197334432356,-0.5847034229153136,2.0410980027543646,1.2931212288808211,0.35987065183082145,-0.629981260841556,1.0769165121702526,-0.9337407624549677,0.0300003347393094,1.472881439467666,0.68,33.71,46.94,0.387,-0.73,0.837,57.7943777542418,-37.86782599022049,-26.526829057012947,34.677733417200066,1,0,0,0,0
1200,1200,1777638161.0869727,4676.424,1.6657381946879943,-0.04265175052062453,-1.6720515175950226,-0.5846763261158872,2.041096597851033,1.2934614584784876,0.3593834351187736,-0.6302195115060732,1.0768905252751246,-0.9336632831134877,0.030534144481373683,1.4724097225472979,0.68,33.71,46.94,0.387,-0.73,0.837,57.7943777542418,-37.87821996277059,-26.49773287389243,34.68862500872308,1,0,0,0,0
1201,1201,1777638161.092423,4676.432,1.6648710172157881,-0.04265894401300141,-1.672082990864265,-0.5846500496309002,2.0410951667012873,1.2938056311058175,0.3589066077523369,-0.6303995237810658,1.0768830902631399,-0.9336416223160527,0.031096629103514514,1.471964189728612,0.68,33.71,46.94,0.387,-0.73,0.837,57.7943777542418,-37.88814142927333,-26.46747931544749,34.70088439394218,1,0,0,0,0
1202,1202,1777638161.101154,4676.44,1.663993453779132,-0.04266606356930858,-1.6721141275145044,-0.584624636344155,2.0410937083055463,1.2941537361986968,0.3584213028436002,-0.6306051621794911,1.0768468372174715,-0.9335385510907498,0.03170370062805086,1.4714781039550047,0.68,33.71,46.94,0.387,-0.73,0.837,57.7943777542418,-37.89789451938448,-26.435954089920827,34.71426252065865,1,0,0,0,0
1203,1203,1777638161.153639,4676.447999999999,1.6631055124148644,-0.04267310314641648,-1.6721449015032714,-0.5846001296835697,2.041092221611423,1.2945057629944001,0.35792065538446405,-0.630783210513862,1.076844380976257,-0.9334902681851122,0.03233628928443545,1.4710259888555632,0.68,33.71,46.94,0.387,-0.73,0.837,57.7943777542418,-37.906909168338004,-26.403600318877295,34.729040117808516,1,0,0,0,0
1204,1204,1777638161.1553109,4676.456,1.6622072013352287,-0.042680056621048124,-1.672175286482327,-0.5845765736216908,2.04109070551228,1.2948617005291703,0.3574239991052952,-0.6310454166542718,1.0768184766845907,-0.933383782144681,0.03288496561548297,1.4704893020117524,0.68,33.71,46.94,0.387,-0.73,0.837,57.7943777542418,-37.91897880541485,-26.372692883219457,34.73934680505498,1,0,0,0,0
1205,1205,1777638161.1553655,4676.464,1.6612985289305808,-0.042686917789745316,-1.6722052557979152,-0.5845540126762119,2.041089158845771,1.2952215376357776,0.35688959102370493,-0.6313154330998201,1.0767611668703376,-0.9332278352286744,0.03345418773400227,1.4699776646791842,0.68,33.71,46.94,0.387,-0.73,0.837,57.7943777542418,-37.92921922600817,-26.34255620010193,34.75103108901782,1,0,0,0,0
1206,1206,1777638161.1554043,4676.472,1.6603795037721174,-0.042693680368856235,-1.6722347824910067,-0.5845324919104682,2.0410875803923676,1.2955852629410587,0.35639514710151465,-0.6314297660426187,1.0767794459218292,-0.9332250846787753,0.034172642283532985,1.469457721771155,0.68,33.71,46.94,0.387,-0.73,0.837,57.7943777542418,-37.94032997400392,-26.304762033778267,34.767527318030474,1,0,0,0,0
1207,1207,1777638161.1569576,4676.48,1.659450134614629,-0.042700337994533655,-1.6722638392975462,-0.5845120569339306,2.041085968873869,1.295952864863435,0.3558642743111966,-0.6316437092790268,1.076746039056324,-0.933218160795355,0.034793530429470976,1.4689845863382687,0.68,33.71,46.94,0.387,-0.73,0.837,57.7943777542418,-37.950692263786706,-26.271522041046573,34.78134825371442,1,0,0,0,0
1208,1208,1777638161.1590512,4676.487999999999,1.6585104303992766,-0.042706884222742936,-1.672292398648704,-0.5844927539026799,2.0410843229519005,1.2963243316104132,0.3553061770159675,-0.6319308738209338,1.076748553643308,-0.9330825162467636,0.03536140838817157,1.4684225637552097,0.68,33.71,46.94,0.387,-0.73,0.837,57.7943777542418,-37.96295284663224,-26.239714725964255,34.791977268680654,1,0,0,0,0
1209,1209,1777638161.1655903,4676.496,1.6575633719088243,-0.04271329271979951,-1.672320346297905,-0.5844746840302992,2.0410826465154495,1.2966984775531163,0.35475548205376484,-0.6321335426396153,1.0767204525392753,-0.9330049328485921,0.03605349748283082,1.4678858561947123,0.68,33.71,46.94,0.387,-0.73,0.837,57.7943777542418,-37.973794426837465,-26.203508411695346,34.80743000777993,1,0,0,0,0
1210,1210,1777638161.1659403,4676.504,1.6566160815009816,-0.04271951278158603,-1.6723474615913467,-0.5844580008454319,2.0410809514923622,1.2970724856139073,0.3542140041184888,-0.6323580996201955,1.0767210907362212,-0.9329162016919034,0.036694678988099416,1.4672912577770612,0.68,33.71,46.94,0.387,-0.73,0.837,57.7943777542418,-37.98704914015814,-26.167603542538895,34.819975911302926,1,0,0,0,0
1211,1211,1777638161.1660848,4676.512,1.6556690224114576,-0.042725540995782296,-1.6723737308946038,-0.5844427143600228,2.0410792375028373,1.2974461715361545,0.3536527344096747,-0.632534568257498,1.0767119607042184,-0.9329162566721593,0.037370422922817344,1.4667839535974476,0.68,33.71,46.94,0.387,-0.73,0.837,57.7943777542418,-37.998038983942806,-26.13145404685107,34.835129435270844,1,0,0,0,0
1212,1212,1777638161.1685205,4676.512,1.6556690224114576,-0.042725540995782296,-1.6723737308946038,-0.5844427143600228,2.0410792375028373,1.2974461715361545,0.3536527344096747,-0.632534568257498,1.0767119607042184,-0.9329162566721593,0.037370422922817344,1.4667839535974476,0.58,33.65,46.79,0.381,-0.741,0.845,57.63647282754211,-37.958847271424055,-26.07522381255611,34.657922859712876,0,1,0,0,0
1213,1213,1777638161.171278,4676.5199999999995,1.6547221964720649,-0.04273137716775022,-1.6723991543743741,-0.5844288251499234,2.041077503603008,1.2978195336673901,0.3531300603341952,-0.6328153736600094,1.0766762109942185,-0.9327714126129343,0.03799706531268226,1.4662517367446932,0.58,33.65,46.79,0.381,-0.741,0.845,57.63647282754211,-37.969180364011166,-26.042414353979908,34.671270485818795,1,0,0,0,0
1214,1214,1777638161.1787722,4676.527999999999,1.6537756053142634,-0.04273702112302846,-1.6724237321960977,-0.5844163336862653,2.04107574893258,1.2981925705242556,0.35260234983619676,-0.6329914380245499,1.0766678405515093,-0.9327304994909419,0.03864220816144743,1.4657693437112007,0.58,33.65,46.79,0.381,-0.741,0.845,57.63647282754211,-37.978970847819284,-26.008659337855143,34.68588203848783,1,0,0,0,0
1215,1215,1777638161.1860442,4676.536,1.6528292505673725,-0.042742472690775024,-1.6724474645246703,-0.5844052404359203,2.0410739726319913,1.2985652806255754,0.3520385464972498,-0.6332349793622857,1.0766672112900282,-0.9326518853870198,0.039220120474361325,1.465141693959621,0.58,33.65,46.79,0.381,-0.741,0.845,57.63647282754211,-37.99407557797643,-25.973807687832362,34.69545409950005,1,0,0,0,0
1216,1216,1777638161.193444,4676.544,1.6518831338589217,-0.042747731703751235,-1.6724703515244377,-0.5843955458616836,2.041072173842197,1.2989376624920572,0.35149968879348603,-0.6333789665396563,1.0766844974684726,-0.9326444200552129,0.03992170785067801,1.4646238878013047,0.58,33.65,46.79,0.381,-0.741,0.845,57.63647282754211,-38.00493601904726,-25.93666119568642,34.711344603865435,1,0,0,0,0
1217,1217,1777638161.2089603,4676.552,1.6509372568146348,-0.04275279799832177,-1.672492393359203,-0.5843872504222585,2.0410703517046738,1.29930971464631,0.3509740078704129,-0.6336505752813731,1.0766551090307823,-0.932502714843531,0.0405235109999039,1.464107981188317,0.58,33.65,46.79,0.381,-0.741,0.845,57.63647282754211,-38.01487957695149,-25.90501523854457,34.724085534980595,1,0,0,0,0
1218,1218,1777638161.2092595,4676.5599999999995,1.6499916210584127,-0.04275767141445996,-1.672513590192219,-0.5843803545722555,2.0410685053614284,1.2996814356128614,0.3504454453829121,-0.6338826394549755,1.076594236952278,-0.9323687756583254,0.04111170816589679,1.4635701139763058,0.58,33.65,46.79,0.381,-0.741,0.845,57.63647282754211,-38.02582797386379,-25.87309154276319,34.7358970075902,1,0,0,0,0
1219,1219,1777638161.2150037,4676.568,1.6490462282123168,-0.042762351795742504,-1.6725339421861891,-0.5843748587621818,2.0410666339550034,1.3000528239181752,0.34989251872493426,-0.6341319824559106,1.0765877398267332,-0.9323154170251932,0.041742568707268,1.4630346251992863,0.58,33.65,46.79,0.381,-0.741,0.845,57.63647282754211,-38.03733620131768,-25.83851117116277,34.74903444940051,1,0,0,0,0
1220,1220,1777638161.223896,4676.576,1.648101079896553,-0.0427668389893574,-1.6725534495032672,-0.5843707634384323,2.0410647366284844,1.300423878090669,0.3493331316598177,-0.634286864569621,1.0765991308589784,-0.9323127140171709,0.042474040531752084,1.462495624229817,0.58,33.65,46.79,0.381,-0.741,0.845,57.63647282754211,-38.0485706665784,-25.799667279002012,34.76559273941955,1,0,0,0,0
1221,1221,1777638161.2293906,4676.584,1.6471561777294532,-0.0427711328461049,-1.6725721123050556,-0.5843680690432844,2.0410628125255075,1.3007945966607324,0.3487999728869425,-0.6345507826020971,1.0765627355690466,-0.9321731094728535,0.04311305195909556,1.461952182305239,0.58,33.65,46.79,0.381,-0.741,0.845,57.63647282754211,-38.05900453967997,-25.765956639597576,34.77916979881775,1,0,0,0,0
1222,1222,1777638161.2380075,4676.592,1.6462115233274603,-0.04277523322039567,-1.6725899307526015,-0.5843667760148872,2.041060860790265,1.3011649781607442,0.34824104103400727,-0.63471029777835,1.0765563966383203,-0.9321767124365127,0.043757232368936375,1.4614126511633558,0.58,33.65,46.79,0.381,-0.741,0.845,57.63647282754211,-38.07121811807633,-25.7298684014959,34.79251676794248,1,0,0,0,0
1223,1223,1777638161.2443018,4676.599999999999,1.6452671183051109,-0.04277913997025262,-1.6726069050064005,-0.5843668847872578,2.041058880567514,1.3015350211250905,0.34770040090301496,-0.6350170540133464,1.0765249644824373,-0.9320136786575846,0.04431101739064637,1.4608181116972219,0.58,33.65,46.79,0.381,-0.741,0.845,57.63647282754211,-38.083990284948975,-25.697954112602993,34.802124050156216,1,0,0,0,0
1224,1224,1777638161.252159,4676.608,1.6443229642750175,-0.04278285295731621,-1.6726230352263887,-0.5843683957902712,2.0410568710025814,1.301904724090182,0.3471727630964514,-0.6352028086825464,1.0765089024078387,-0.9319524123906822,0.04496556103995253,1.4603080029820306,0.58,33.65,46.79,0.381,-0.741,0.845,57.63647282754211,-38.09408487479989,-25.663334260241292,34.81661919541681,1,0,0,0,0
1225,1225,1777638161.258741,4676.616,1.6433790628478546,-0.04278637204684177,-1.6726383215719505,-0.5843713094496525,2.0410548312413708,1.302274085594471,0.3466649185459332,-0.6353517433467608,1.0765273310917287,-0.9319301723367238,0.045581761802754694,1.459827254224628,0.58,33.65,46.79,0.381,-0.741,0.845,57.63647282754211,-38.10407560591198,-25.630147019107085,34.830130433259924,1,0,0,0,0
1226,1226,1777638161.2650628,4676.624,1.64243541563234,-0.04278969710770131,-1.6726527642019065,-0.5843756261869721,2.0410527604303716,1.30264310417847,0.3461558919974259,-0.635584270176315,1.0764942904716561,-0.9318535704218617,0.04622233436032073,1.459323816519559,0.58,33.65,46.79,0.381,-0.741,0.845,57.63647282754211,-38.11381427397997,-25.596394922195472,34.84429262412377,1,0,0,0,0
1227,1227,1777638161.2721457,4676.632,1.6414920242352191,-0.04279282801238882,-1.672666363274523,-0.5843813464196357,2.0410506577166627,1.3030117783847683,0.34562642227007967,-0.6358235694891542,1.0764702110555502,-0.9317461715870764,0.04676029264685499,1.4588098036572932,0.58,33.65,46.79,0.381,-0.741,0.845,57.63647282754211,-38.124585790695235,-25.566251750406998,34.85463713371192,1,0,0,0,0
1228,1228,1777638161.2794318,4676.639999999999,1.6405488902612486,-0.042795764637014067,-1.672679118947502,-0.5843884705608788,2.0410485222479213,1.3033801067580495,0.3451302890888463,-0.6360495401449401,1.0764168962221787,-0.9316194260165896,0.047425408137814394,1.4583279267723674,0.58,33.65,46.79,0.381,-0.741,0.845,57.63647282754211,-38.13253799688661,-25.533053772387277,34.87026972898801,1,0,0,0,0
1229,1229,1777638161.2868216,4676.648,1.6396060153131797,-0.04279850686131059,-1.672691031377985,-0.5843969990197575,2.0410463531724288,1.3037480878451093,0.34459396693987143,-0.6361686138734298,1.0764448464814722,-0.9316620360539343,0.04810942815046382,1.4578083234432089,0.58,33.65,46.79,0.381,-0.741,0.845,57.63647282754211,-38.14395634939816,-25.495461369136926,34.88528405488558,1,0,0,0,0
1230,1230,1777638161.2936373,4676.656,1.638663400991742,-0.042801054568633035,-1.6727021007225504,-0.5844069322011425,2.041044149639077,1.304115720194873,0.3440596482854984,-0.636455547812972,1.0763965760264609,-0.9315107077003587,0.048620124447511355,1.45728007765596,0.58,33.65,46.79,0.381,-0.741,0.845,57.63647282754211,-38.15483589236375,-25.46651096609586,34.8945313371667,1,0,0,0,0
1231,1231,1777638161.3037639,4676.664,1.637721048895627,-0.0428034076459598,-1.6727123271372113,-0.584418270505715,2.041041910797376,1.304483002358412,0.34351286359746586,-0.6367291726670358,1.0763863813815036,-0.9313678976203509,0.0492786835570029,1.45667681320481,0.58,33.65,46.79,0.381,-0.741,0.845,57.63647282754211,-38.16682216064595,-25.430445160516076,34.90772328719833,1,0,0,0,0
1232,1232,1777638161.3094597,4676.672,1.6367789606214727,-0.04280556598389129,-1.6727217107774166,-0.5844310143299536,2.0410396357974605,1.3048499328889616,0.3429952319205948,-0.6369703535448318,1.0763158222917772,-0.9312840131373911,0.04983830317827664,1.4561969956407939,0.58,33.65,46.79,0.381,-0.741,0.845,57.63647282754211,-38.17635149866398,-25.400077569910366,34.919410729463806,1,0,0,0,0
1233,1233,1777638161.3117042,4676.672,1.6367789606214727,-0.04280556598389129,-1.6727217107774166,-0.5844310143299536,2.0410396357974605,1.3048499328889616,0.3429952319205948,-0.6369703535448318,1.0763158222917772,-0.9312840131373911,0.04983830317827664,1.4561969956407939,0.74,33.88,46.86,0.386,-0.747,0.845,57.82959104126537,-38.328681153028036,-25.300290814294243,35.14354970377424,0,1,0,0,0
1234,1234,1777638161.3157442,4676.679999999999,1.6358371377638457,-0.042807529476656114,-1.672730251798046,-0.584445164066131,2.0410373237900954,1.3052165103419384,0.34246549354085387,-0.6371996305365093,1.0763102146919117,-0.9311769750984817,0.050403379610381424,1.455715643750183,0.74,33.88,46.86,0.386,-0.747,0.845,57.82959104126537,-38.337745865207424,-25.269928489941282,35.155505345365526,1,0,0,0,0
1235,1235,1777638161.3296223,4676.688,1.634895581915227,-0.042809298022106645,-1.6727379503534126,-0.5844607201023084,2.0410349739266835,1.3055827332749572,0.34191469380372874,-0.6373587594619863,1.0763357990889928,-0.9311411258285736,0.05110787716032363,1.455136709703003,0.74,33.88,46.86,0.386,-0.747,0.845,57.82959104126537,-38.34965265293095,-25.23105508760361,35.17043645685758,1,0,0,0,0
1236,1236,1777638161.3297234,4676.696,1.6339542946659948,-0.042810871521720806,-1.6727448065972608,-0.5844776828223237,2.041032585359272,1.3059486002478484,0.341378266490179,-0.6376380610647504,1.0762911510262319,-0.9310031214866387,0.05165286339154883,1.4545820391024862,0.74,33.88,46.86,0.386,-0.747,0.845,57.82959104126537,-38.3610272463586,-25.199834704612694,35.180413861470285,1,0,0,0,0
1237,1237,1777638161.3432612,4676.704,1.6330132776044082,-0.04281224988060739,-1.6727508206827624,-0.5844960526057914,2.0410301572405585,1.3063141098226747,0.3408672653348084,-0.6378589031430323,1.0762839395735764,-0.9309060555218018,0.052302597921040625,1.4540508419832414,0.74,33.88,46.86,0.386,-0.747,0.845,57.82959104126537,-38.37094498225578,-25.165072892306434,35.19447808241519,1,0,0,0,0
1238,1238,1777638161.351475,4676.7119999999995,1.6320725323165917,-0.042813433007499846,-1.672755992762518,-0.5845158298280886,2.0410276887238976,1.3066792605637485,0.34031393899519585,-0.6380111437260397,1.076278995875386,-0.9308863691112711,0.05294691865968492,1.4535425250844847,0.74,33.88,46.86,0.386,-0.747,0.845,57.82959104126537,-38.381188412556256,-25.129848917805745,35.208474397623576,1,0,0,0,0
1239,1239,1777638161.3577852,4676.719999999999,1.6311320603865196,-0.04281442081476339,-1.6727603229885553,-0.5845370148603539,2.041025178963308,1.307044051037649,0.3397479186254516,-0.6382556745198269,1.0762765730219577,-0.9308204124352735,0.05353919350177417,1.4529170297395633,0.74,33.88,46.86,0.386,-0.747,0.845,57.82959104126537,-38.395447971440284,-25.09388731031388,35.21857456981599,1,0,0,0,0
1240,1240,1777638161.3626323,4676.728,1.630191863395999,-0.04281521321838966,-1.6727638115123273,-0.5845596080694797,2.0410226271134793,1.3074084798132393,0.33921248304302243,-0.6384276535421496,1.07626856594759,-0.9307711497754583,0.05420739931690351,1.4524208746411007,0.74,33.88,46.86,0.386,-0.747,0.845,57.82959104126537,-38.40451354678981,-25.058652679652802,35.23377449429691,1,0,0,0,0
1241,1241,1777638161.3656569,4676.736,1.6292519429246552,-0.042815810138002064,-1.6727664584847126,-0.584583609818103,2.0410200323297762,1.3077725454616824,0.3386830993581078,-0.6386721839406221,1.0762522555174043,-0.9306793084506719,0.054810404827859,1.451864143857333,0.74,33.88,46.86,0.386,-0.747,0.845,57.82959104126537,-38.415813018655506,-25.024617106209945,35.24564439477993,1,0,0,0,0
1242,1242,1777638161.373493,4676.744,1.6283123005499152,-0.04281621149685311,-1.6727682640560104,-0.5846090204646002,2.0410173937682483,1.3081362465564594,0.33811222830657567,-0.6389290845334836,1.0762100753704344,-0.9305440105144084,0.055407271707794276,1.4512885383766911,0.74,33.88,46.86,0.386,-0.747,0.845,57.82959104126537,-38.42719773180029,-24.99096277963815,35.25711068462449,1,0,0,0,0
1243,1243,1777638161.380022,4676.7519999999995,1.627372937846991,-0.04281641722182972,-1.6727692283759437,-0.5846358403630836,2.0410147105856336,1.3084995816733862,0.3375659242221446,-0.6391332995938332,1.07619893850736,-0.9304815227761601,0.05607424304146941,1.4507454622507625,0.74,33.88,46.86,0.386,-0.747,0.845,57.82959104126537,-38.43764130578671,-24.95465451209879,35.27144098317315,1,0,0,0,0
1244,1244,1777638161.3871038,4676.76,1.626433856388866,-0.042816427243444366,-1.6727693515936553,-0.5846640698633898,2.041011981939367,1.308862549390629,0.33700975377010456,-0.6394216893073728,1.0761616370056661,-0.9303394654595637,0.056658614287963135,1.4501666164595124,0.74,33.88,46.86,0.386,-0.747,0.845,57.82959104126537,-38.449127038738446,-24.921413791375628,35.282422884461674,1,0,0,0,0
1245,1245,1777638161.394406,4676.768,1.625495057746278,-0.04281624149584662,-1.6727686338577081,-0.5846937093110771,2.0410092069875847,1.3092251482887227,0.33645523484281764,-0.6397077717562207,1.0761208884735984,-0.9301800443352392,0.0572454316263963,1.4495834596534607,0.74,33.88,46.86,0.386,-0.747,0.845,57.82959104126537,-38.46045935383259,-24.888242546459992,35.29348451542819,1,0,0,0,0
1246,1246,1777638161.4509335,4676.776,1.6245565434877027,-0.042815859916815135,-1.6727670753160826,-0.5847247590474192,2.0410063848891333,1.309587376950587,0.3358956142633764,-0.6399173365984688,1.076125776346693,-0.9301137368196631,0.05784698040441393,1.44901556098745,0.74,33.88,46.86,0.386,-0.747,0.845,57.82959104126537,-38.47238109094417,-24.853465175769703,35.30499627460628,1,0,0,0,0
1247,1247,1777638161.4568927,4676.784,1.6236183151793409,-0.04281528244776034,-1.6727646761161772,-0.5847572194093962,2.041003514803573,1.3099492339615426,0.33534518241497985,-0.6401410340614582,1.076112892858406,-0.9300250622731626,0.05847281880977904,1.4484618033448566,0.74,33.88,46.86,0.386,-0.747,0.845,57.82959104126537,-38.48317965630207,-24.818615933481226,35.31774039611156,1,0,0,0,0
1248,1248,1777638161.463362,4676.7919999999995,1.6226803743851004,-0.04281450903372708,-1.672761436404806,-0.5847910907296923,2.041000595891186,1.3103107179093285,0.3347896476340356,-0.6403618081178902,1.0760842175657515,-0.929957913071955,0.05912945650195377,1.4478608193103741,0.74,33.88,46.86,0.386,-0.747,0.845,57.82959104126537,-38.49554159774344,-24.78106172684852,35.330636235235374,1,0,0,0,0
1249,1249,1777638161.4659529,4676.8,1.621742722666581,-0.04281353962339107,-1.6727573563281952,-0.5848263733366847,2.0409976273129824,1.3106718273841185,0.3342724579991687,-0.6405688790836882,1.0760772838200043,-0.9298683604100414,0.05974369328769121,1.4473491994744503,0.74,33.88,46.86,0.386,-0.747,0.845,57.82959104126537,-38.50493224009177,-24.747755697978807,35.343745996980836,1,0,0,0,0
1250,1250,1777638161.4661834,4676.808,1.6208053615830604,-0.04281237416906247,-1.6727524360319883,-0.5848630675544451,2.0409946082307058,1.3110325609785374,0.3337101830318976,-0.6407618609413527,1.0760752268294644,-0.9298615840347688,0.06040342296309866,1.446819992919665,0.74,33.88,46.86,0.386,-0.747,0.845,57.82959104126537,-38.515550989263346,-24.71107012886387,35.357841352093686,1,0,0,0,0
1251,1251,1777638161.4700308,4676.816,1.619868292691478,-0.04281101262668141,-1.6727466756612381,-0.5849011737027245,2.0409915378068404,1.311392917287678,0.33316673425123233,-0.641061171026492,1.0760332436845457,-0.9296730805831177,0.06095576758156654,1.4462223437536659,0.74,33.88,46.86,0.386,-0.747,0.845,57.82959104126537,-38.52719987733967,-24.67905196602438,35.36751141471203,1,0,0,0,0
1252,1252,1777638161.4748244,4676.824,1.6189320834889334,-0.04280945595632435,-1.6727400796022502,-0.5849406677916438,2.0409884171074735,1.3117526775132182,0.3325988220761041,-0.6413091802320716,1.0760112845277463,-0.9295571657101785,0.061569683752691964,1.4456339213321112,0.74,33.88,46.86,0.386,-0.747,0.845,57.82959104126537,-38.538806222035284,-24.64402182668708,35.379290597554174,1,0,0,0,0
1253,1253,1777638161.4795625,4676.824,1.6189320834889334,-0.04280945595632435,-1.6727400796022502,-0.5849406677916438,2.0409884171074735,1.3117526775132182,0.3325988220761041,-0.6413091802320716,1.0760112845277463,-0.9295571657101785,0.061569683752691964,1.4456339213321112,0.95,33.79,46.8,0.376,-0.745,0.85,57.73133118160363,-38.35943272833296,-24.53601622660403,35.48865210864343,0,1,0,0,0
1254,1254,1777638161.4797478,4676.831999999999,1.6180042114195172,-0.04280771926562732,-1.6727327122361952,-0.5849812151054028,2.0409852710175582,1.3121089711990392,0.3320677060030293,-0.641507238339783,1.0759928035838364,-0.9295214043390779,0.0622137452945702,1.445105868583265,0.95,33.79,46.8,0.376,-0.745,0.85,57.73133118160363,-38.36959657261315,-24.50042049082434,35.50225421896063,1,0,0,0,0
1255,1255,1777638161.4798636,4676.84,1.6170870544747973,-0.0428058127247839,-1.672724617239675,-0.5850226703847481,2.0409821083353066,1.3124608922173997,0.33151808695785345,-0.6417898178789394,1.0759381758610032,-0.9293265885720675,0.0628228906634247,1.4445132308832962,0.95,33.79,46.8,0.376,-0.745,0.85,57.73133118160363,-38.38011230532761,-24.46682611065887,35.514053549281314,1,0,0,0,0
1256,1256,1777638161.479972,4676.848,1.6161806043971585,-0.042803742725680216,-1.672715822226297,-0.58506498768035,2.040978930040249,1.3128084517412961,0.3309846963324834,-0.6419073664188928,1.0759856768233467,-0.9293828717705732,0.06347459903142148,1.4440246616194226,0.95,33.79,46.8,0.376,-0.745,0.85,57.73133118160363,-38.39007212437914,-24.430519236880812,35.528280173706186,1,0,0,0,0
1257,1257,1777638161.4801452,4676.856,1.6152848529131454,-0.042801515594285355,-1.6727063544866745,-0.585108121533521,2.0409757371562214,1.313151660914355,0.3304519469095013,-0.6421236178150129,1.075962418311284,-0.9293056665073683,0.06409302524562838,1.4434696137096064,0.95,33.79,46.8,0.376,-0.745,0.85,57.73133118160363,-38.400796045434625,-24.395684576688296,35.540625164896355,1,0,0,0,0
1258,1258,1777638161.4883163,4676.864,1.61439979176304,-0.04279913758819198,-1.672696240989847,-0.5851520269892951,2.0409725307387654,1.3134905308257319,0.3299408678657964,-0.6423103823720331,1.0759801682927537,-0.929264780518225,0.06464712925368192,1.4429718185991136,0.95,33.79,46.8,0.376,-0.745,0.85,57.73133118160363,-38.41080082134893,-24.36398150309816,35.55155953793519,1,0,0,0,0
1259,1259,1777638161.4931319,4676.871999999999,1.6135254127038852,-0.04279661489621844,-1.6726855083835925,-0.5851966595973979,2.0409693118735457,1.313825072507355,0.329448772890221,-0.6425649997238438,1.0759252448681493,-0.9291063785390571,0.06517634832724663,1.4424520245779986,0.95,33.79,46.8,0.376,-0.745,0.85,57.73133118160363,-38.420160465491676,-24.334437210135462,35.56167931175135,1,0,0,0,0
1260,1260,1777638161.5024917,4676.88,1.6126617075124154,-0.042793953638028626,-1.672674182994732,-0.5852419754131617,2.040966081674813,1.3141552969312522,0.3289805816561323,-0.6427706163642544,1.0758945282936991,-0.9290317996369248,0.06573487844679658,1.4420094301285054,0.95,33.79,46.8,0.376,-0.745,0.85,57.73133118160363,-38.42767138048316,-24.304650285254397,35.57393212431089,1,0,0,0,0
1261,1261,1777638161.5066795,4676.888,1.611808667987948,-0.04279115986377935,-1.6726622908294253,-0.5852879309984189,2.0409628412838923,1.314481215006913,0.32848145191832834,-0.6430424870202212,1.0758538129827526,-0.9288886086066509,0.06617801203174786,1.4414928763558785,0.95,33.79,46.8,0.376,-0.745,0.85,57.73133118160363,-38.43813200238447,-24.27781819721656,35.58095209167632,1,0,0,0,0
1262,1262,1777638161.510914,4676.896,1.6109662859552294,-0.04278823955377575,-1.6726498575734654,-0.5853344834223657,2.040959591867685,1.314802837578695,0.3280161862534657,-0.6432003364426345,1.0758626059106637,-0.9288420915179881,0.06679435690811711,1.4409979730840976,0.95,33.79,46.8,0.376,-0.745,0.85,57.73133118160363,-38.447108805711274,-24.244156278198375,35.59420333200467,1,0,0,0,0
1263,1263,1777638161.5192738,4676.9039999999995,1.6101345532672415,-0.04278519861814889,-1.6726369085925628,-0.5853815902623971,2.0409563346171997,1.3151201754232669,0.3275581029934236,-0.643382072485268,1.0758506906061807,-0.928787736202353,0.06725233847456571,1.4405565419090678,0.95,33.79,46.8,0.376,-0.745,0.85,57.73133118160363,-38.456023976656816,-24.217419651130676,35.6027724390647,1,0,0,0,0
1264,1264,1777638161.5245302,4676.911999999999,1.609313461807967,-0.04278204289655019,-1.6726234689326294,-0.5854292096049303,2.040953070746095,1.315433239247089,0.3270843510568778,-0.6435127223363737,1.07583498009647,-0.9287620841901354,0.0678468808900418,1.44010665293565,0.95,33.79,46.8,0.376,-0.745,0.85,57.73133118160363,-38.4639621269523,-24.185374290226655,35.61597798654448,1,0,0,0,0
1265,1265,1777638161.531759,4676.92,1.6085030034951107,-0.04277877815786013,-1.6726095633200515,-0.5854773000461826,2.0409498014892486,1.315742039683936,0.3266017398864565,-0.6437874826462339,1.0758137465226778,-0.9286218240898829,0.06834177280540002,1.4395552525028432,0.95,33.79,46.8,0.376,-0.745,0.85,57.73133118160363,-38.4749533018459,-24.15574873496256,35.62421046808099,1,0,0,0,0
1266,1266,1777638161.5386806,4676.928,1.607703170282784,-0.042775410099917366,-1.6725952161619606,-0.5855258206929452,2.040946528101341,1.3160465872924543,0.326170208648858,-0.643882418657733,1.075815421443583,-0.9286290045475623,0.06895022863966499,1.4391708126213818,0.95,33.79,46.8,0.376,-0.745,0.85,57.73133118160363,-38.48088635501315,-24.124490603187436,35.638980603677254,1,0,0,0,0
1267,1267,1777638161.5535278,4676.936,1.6069139541641442,-0.042771944349256685,-1.6725804515465024,-0.5855747311633204,2.040943251855465,1.3163468925537605,0.32567994720367593,-0.6441722341199982,1.0757951371698313,-0.9284995880026848,0.06934129411384718,1.4386846209798354,0.95,33.79,46.8,0.376,-0.745,0.85,57.73133118160363,-38.49101114588996,-24.099970331121,35.64463621649212,1,0,0,0,0
1268,1268,1777638161.5594645,4676.9439999999995,1.6061353471739952,-0.04276838646086478,-1.672565293243089,-0.5856239915874388,2.040939974041751,1.316642965869077,0.3252581115491532,-0.6443381184215344,1.075755922699515,-0.9284172859948034,0.069939817225182,1.4382235954068172,0.95,33.79,46.8,0.376,-0.745,0.85,57.73133118160363,-38.498380953545734,-24.06838349999476,35.658017046000275,1,0,0,0,0
1269,1269,1777638161.5607061,4676.952,1.605367341391347,-0.042764741917957316,-1.6725497647026604,-0.5856735626081582,2.040936695966015,1.316934817557405,0.32483161827368734,-0.6444569870705372,1.0757726701822683,-0.9283600143253666,0.07045798329352207,1.4378014620191437,0.95,33.79,46.8,0.376,-0.745,0.85,57.73133118160363,-38.50573395022127,-24.040157807815795,35.66911641084047,1,0,0,0,0
1270,1270,1777638161.5681274,4676.96,1.604609928941935,-0.04276101613175509,-1.67253388905793,-0.585723405381736,2.040933418948423,1.317222457853236,0.32439149864318007,-0.6446346699162122,1.0757547839813277,-0.9283318230807637,0.07093061834594198,1.4373455236639605,0.95,33.79,46.8,0.376,-0.745,0.85,57.73133118160363,-38.51520986017899,-24.012032292438473,35.67782945490466,1,0,0,0,0
1271,1271,1777638161.5783541,4676.968,1.6038631020006997,-0.04275721444129221,-1.672517689123632,-0.5857734815784781,2.040930144322179,1.3175058969043008,0.3239470209339649,-0.6448441182916701,1.0757502825274265,-0.9282202125552084,0.07142983002115608,1.4368980329898808,0.95,33.79,46.8,0.376,-0.745,0.85,57.73133118160363,-38.52285152880023,-23.984623801018436,35.68801383116793,1,0,0,0,0
1272,1272,1777638161.5839088,4676.976,1.6031268527942246,-0.042753342113219794,-1.6725011873967564,-0.585823753383373,2.0409268734322312,1.317785144769354,0.32354068711746475,-0.6449984371250654,1.075717137671798,-0.9281812481321565,0.07189747983153966,1.4365283970408944,0.95,33.79,46.8,0.376,-0.745,0.85,57.73133118160363,-38.52922852780232,-23.95923387573733,35.698182882887814,1,0,0,0,0
1273,1273,1777638161.589239,4676.9839999999995,1.602401173603136,-0.04274940434163543,-1.672484406056789,-0.5858741834966983,2.0409236076339976,1.318060211415999,0.3231377613680409,-0.645225878231771,1.0757030415068205,-0.928034124171903,0.07237222331795506,1.4361033441155244,0.95,33.79,46.8,0.376,-0.745,0.85,57.73133118160363,-38.53585513473047,-23.933849914453912,35.7080564761996,1,0,0,0,0
1274,1274,1777638161.601265,4676.992,1.6016860567644629,-0.04274540624792067,-1.6724673669659378,-0.585924735134614,2.040920348292111,1.318331106718546,0.3226750357695218,-0.6454062752533797,1.075701413966479,-0.9279745976991998,0.07279621539391887,1.4356177286568759,0.95,33.79,46.8,0.376,-0.745,0.85,57.73133118160363,-38.54643284927348,-23.90702231123271,35.71461043896,1,0,0,0,0
1275,1275,1777638161.6013637,4676.992,1.6016860567644629,-0.04274540624792067,-1.6724673669659378,-0.585924735134614,2.040920348292111,1.318331106718546,0.3226750357695218,-0.6454062752533797,1.075701413966479,-0.9279745976991998,0.07279621539391887,1.4356177286568759,1.09,33.82,46.72,0.378,-0.738,0.85,57.68655735957901,-38.49721790555441,-23.76865192662585,35.787627738132706,0,1,0,0,0
1276,1276,1777638161.6040032,4677.0,1.600981494673957,-0.042741352880587336,-1.6724500916693588,-0.5859753720297292,2.0409170967791854,1.3185978404559093,0.32227696608224443,-0.645438291938544,1.0757169617575757,-0.9280734464158755,0.0734049364811628,1.4352644320209866,1.09,33.82,46.72,0.378,-0.738,0.85,57.68655735957901,-38.503127358805806,-23.73665820866408,35.8025018773359,1,0,0,0,0
1277,1277,1777638161.6138606,4677.008,1.6002874797883728,-0.04273724921513811,-1.672432601395375,-0.5860260584316546,2.0409138544746006,1.318860422309541,0.32187368071150135,-0.6457247275611638,1.07565783622091,-0.9278887507522516,0.07380809582637196,1.4348660609854804,1.09,33.82,46.72,0.378,-0.738,0.85,57.68655735957901,-38.50904899080253,-23.715056173690336,35.81044758869514,1,0,0,0,0
1278,1278,1777638161.6182299,4677.016,1.5996040046277125,-0.04273310015394305,-1.6724149170556935,-0.5860767591075318,2.040910622763305,1.3191188618613978,0.32150591471998313,-0.645762190923793,1.0756942718428428,-0.9279235955660975,0.07432257319202466,1.4345058573202476,1.09,33.82,46.72,0.378,-0.738,0.85,57.68655735957901,-38.51541842887073,-23.687098771576323,35.82209925499332,1,0,0,0,0
1279,1279,1777638161.6260817,4677.023999999999,1.5989310617774262,-0.04272891052611616,-1.6723970592456165,-0.5861274393425502,2.0409074030346415,1.3193731685919483,0.32108518816264947,-0.645960421352748,1.075675789205966,-0.9278194191044328,0.07475069643896169,1.4341102282220595,1.09,33.82,46.72,0.378,-0.738,0.85,57.68655735957901,-38.52206416365122,-23.663377074017838,35.830630165047126,1,0,0,0,0
1280,1280,1777638161.6326468,4677.032,1.598268643890578,-0.04272468508741145,-1.6723790482442462,-0.5861780649404373,2.040904196681189,1.3196233518782126,0.3207154453903419,-0.6461634419665037,1.0756283853047306,-0.9277260615496611,0.07511963697061387,1.4337340103289973,1.09,33.82,46.72,0.378,-0.738,0.85,57.68655735957901,-38.528934126036866,-23.642005125419132,35.83735102879629,1,0,0,0,0
1281,1281,1777638161.6392214,4677.04,1.5976167436899733,-0.04272042852012703,-1.6723609040146865,-0.5862286022239438,2.0409010050976253,1.3198694209918385,0.32034930167357234,-0.6463071753051853,1.0756229260385874,-0.9276967461122088,0.07563663157308097,1.4333500379665043,1.09,33.82,46.72,0.378,-0.738,0.85,57.68655735957901,-38.535110782796764,-23.614352013104224,35.84894023480723,1,0,0,0,0
1282,1282,1777638161.650439,4677.048,1.5969753539702454,-0.04271614543301272,-1.6723426462042443,-0.586279018035297,2.040897829679609,1.3201113850972144,0.3199597527695898,-0.64638325435314,1.075625503023693,-0.9276917851841863,0.07611540787597648,1.4329815451850252,1.09,33.82,46.72,0.378,-0.738,0.85,57.68655735957901,-38.54157604464922,-23.588005717835472,35.85933354441885,1,0,0,0,0
1283,1283,1777638161.6549435,4677.056,1.596344467599907,-0.04271184036119724,-1.672324294144616,-0.5863292797366499,2.0408946718226804,1.3203492532496144,0.3195729455905943,-0.6466294063551892,1.0755971087491742,-0.9276147178982409,0.07641162457854549,1.43257297656424,1.09,33.82,46.72,0.378,-0.738,0.85,57.68655735957901,-38.550667797625216,-23.567892373424332,35.86278518787727,1,0,0,0,0
1284,1284,1777638161.6609614,4677.063999999999,1.595724077523363,-0.042707517766115366,-1.6723058668520832,-0.5863793552105081,2.04089153292118,1.320583034393381,0.3191951980941159,-0.6467158340914737,1.0756157665250454,-0.9275994866465096,0.07693176879747703,1.432181717658859,1.09,33.82,46.72,0.378,-0.738,0.85,57.68655735957901,-38.557208099151616,-23.539674430567132,35.87428509812592,1,0,0,0,0
1285,1285,1777638161.6705837,4677.072,1.5951141767628847,-0.042703182035445764,-1.672287383027692,-0.5864292128601418,2.0408884143671884,1.320812737360141,0.31884973808546135,-0.6468660893661233,1.0756098735372432,-0.9275630834651236,0.07733275332504885,1.4318544177029635,1.09,33.82,46.72,0.378,-0.738,0.85,57.68655735957901,-38.562757443792584,-23.5176102541825,35.882790391266795,1,0,0,0,0
1286,1286,1777638161.6754918,4677.08,1.5945147584205484,-0.04269883748306125,-1.6722688610574359,-0.5864788216099832,2.040885317549486,1.321038370867056,0.31847543496828307,-0.6470400654280117,1.0755750783211675,-0.9274812290995784,0.07774010093303087,1.4314766059934094,1.09,33.82,46.72,0.378,-0.738,0.85,57.68655735957901,-38.56928049970418,-23.494673714019846,35.89080395877033,1,0,0,0,0
1287,1287,1777638161.682565,4677.088,1.593925815680136,-0.04269448834898082,-1.6722503190124325,-0.5865281509060081,2.040882243852527,1.321259943515108,0.31812240239582,-0.6471686344559673,1.075593665305056,-0.9274611759755705,0.07814031436102435,1.4311173315819903,1.09,33.82,46.72,0.378,-0.738,0.85,57.68655735957901,-38.576141980529044,-23.471457296280036,35.89861922535415,1,0,0,0,0
1288,1288,1777638161.6896725,4677.096,1.593347341808999,-0.04269013879933592,-1.6722317746490916,-0.5865771707161045,2.0408791946554357,1.321477463787417,0.31782394075773784,-0.6472742297644576,1.0755916954283977,-0.9274402941017491,0.0785621098835604,1.430862491172271,1.09,33.82,46.72,0.378,-0.738,0.85,57.68655735957901,-38.579143503967565,-23.45044617966388,35.90912363835916,1,0,0,0,0
1289,1289,1777638161.7576602,4677.103999999999,1.592779330159886,-0.042685792926331345,-1.6722132454092877,-0.5866258515304272,2.0408761713310226,1.321690940047595,0.31749606645423517,-0.6473817169496179,1.0755728185502544,-0.9273967338568518,0.07892729929831908,1.4305452175525055,1.09,33.82,46.72,0.378,-0.738,0.85,57.68655735957901,-38.584658271503436,-23.42997158510562,35.91656271962066,1,0,0,0,0
1290,1290,1777638161.7578282,4677.112,1.5922217741727327,-0.04268145474823104,-1.672194748420524,-0.5866741643617344,2.040873175244817,1.3219003805381315,0.31716452660604666,-0.647584113251502,1.0755463523077688,-0.9272786065137008,0.0792874316211722,1.4301682900613772,1.09,33.82,46.72,0.378,-0.738,0.85,57.68655735957901,-38.5911817550338,-23.409240251652612,35.92307143870569,1,0,0,0,0
1291,1291,1777638161.7579393,4677.12,1.5916746673764173,-0.04267712820933234,-1.672176300496088,-0.5867220807457159,2.040870207754117,1.3221057933788134,0.316855803209508,-0.6477374031628029,1.0755082340965052,-0.9271875612179451,0.07959140880852175,1.4298936369096336,1.09,33.82,46.72,0.378,-0.738,0.85,57.68655735957901,-38.59532283538472,-23.392812320929785,35.92932349697369,1,0,0,0,0
1292,1292,1777638161.761034,4677.128,1.5911380033904785,-0.04267281717995974,-1.6721579181352126,-0.5867695727413089,2.040867270207063,1.322307186565177,0.31654099242086886,-0.6478355831642892,1.0755335786120792,-0.9272169047661235,0.07999849391663547,1.429592718510401,1.09,33.82,46.72,0.378,-0.738,0.85,57.68655735957901,-38.60076691908454,-23.370149905289963,35.93822180718995,1,0,0,0,0
1293,1293,1777638161.7657304,4677.1359999999995,1.5906117759267986,-0.04266852545645605,-1.6721396175232268,-0.5868166129309955,2.0408643639417243,1.322504567966994,0.31623994748365264,-0.6479675730843008,1.075510578191128,-0.9271150965692428,0.0803234020108808,1.4292385379283308,1.09,33.82,46.72,0.378,-0.738,0.85,57.68655735957901,-38.60717290300799,-23.350958850145737,35.943814783854606,1,0,0,0,0
1294,1294,1777638161.765909,4677.144,1.5900959787912503,-0.04266425676118146,-1.672121414531703,-0.5868631744210937,2.040861490285208,1.3226979453267895,0.31593561337354814,-0.648072321160581,1.0755493749565483,-0.9271205415001819,0.0806367667286463,1.4289302839521718,1.09,33.82,46.72,0.378,-0.738,0.85,57.68655735957901,-38.6137063374335,-23.331644520988593,35.94933861467649,1,0,0,0,0
1295,1295,1777638161.7751431,4677.152,1.589590605885308,-0.04266001474252157,-1.672103324718603,-0.5869092308420356,2.0408586505527833,1.3228873262583931,0.315623282494405,-0.6481054691246357,1.0755448292400307,-0.9271716557550284,0.08109405254575615,1.4286755686863861,1.09,33.82,46.72,0.378,-0.738,0.85,57.68655735957901,-38.61721594715418,-23.308207185662273,35.960770435032416,1,0,0,0,0
1296,1296,1777638161.7752216,4677.152,1.589590605885308,-0.04266001474252157,-1.672103324718603,-0.5869092308420356,2.0408586505527833,1.3228873262583931,0.315623282494405,-0.6481054691246357,1.0755448292400307,-0.9271716557550284,0.08109405254575615,1.4286755686863861,0.91,34.17,46.71,0.391,-0.734,0.829,57.88126726325194,-39.00066916876216,-23.238773648382494,35.90471144164798,0,1,0,0,0
1297,1297,1777638161.77663,4677.16,1.5890956512076253,-0.04265580297489269,-1.6720853633284216,-0.5869547563486286,2.0408558460470276,1.323072718245521,0.3153295052457418,-0.648341784313041,1.0754809320762704,-0.9270170170022934,0.08133904193673884,1.4283433239935568,0.91,34.17,46.71,0.391,-0.734,0.829,57.88126726325194,-39.006544693933705,-23.22361091712615,35.908139286380354,1,0,0,0,0
1298,1298,1777638161.7779667,4677.168,1.588611108855575,-0.04265162495875874,-1.67206754529232,-0.5869997256203163,2.0408530780569873,1.3232541286403923,0.3150307463458374,-0.6483863544522183,1.0755194073736696,-0.9270668442217437,0.08171660553015181,1.4280584612032405,0.91,34.17,46.71,0.391,-0.734,0.829,57.88126726325194,-39.01204907753004,-23.201901557138576,35.91619260034724,1,0,0,0,0
1299,1299,1777638161.778142,4677.1759999999995,1.5881369730267558,-0.042647484120649004,-1.6720498852282626,-0.5870441138614151,2.04085034785736,1.3234315646623747,0.31476815552350784,-0.6485426756245155,1.0754776272809035,-0.9269279194701099,0.08202037572129212,1.4277512826672345,0.91,34.17,46.71,0.391,-0.734,0.829,57.88126726325194,-39.01652664347919,-23.18519390221597,35.92211759341765,1,0,0,0,0
1300,1300,1777638161.7782063,4677.184,1.5876732380204654,-0.04264338381317856,-1.6720323974411464,-0.5870878968013553,2.0408476567076916,1.3236050333966634,0.3144823562384692,-0.6486583905270371,1.0754857791569434,-0.9268918585678109,0.082340215831734,1.4274776476119104,0.91,34.17,46.71,0.391,-0.734,0.829,57.88126726325194,-39.0211381714658,-23.167180939212447,35.928729495115284,1,0,0,0,0
1301,1301,1777638161.778273,4677.192,1.5872198982391366,-0.04263932731507669,-1.6720150959229292,-0.5871310506948975,2.040845005851595,1.3237745417929911,0.3142049515728998,-0.648789310650573,1.0754623112486938,-0.9268303653240172,0.08264302319172669,1.4272002514159576,0.91,34.17,46.71,0.391,-0.734,0.829,57.88126726325194,-39.02572245944149,-23.150058159822162,35.934786679699315,1,0,0,0,0
1302,1302,1777638161.7831824,4677.2,1.5867769481897402,-0.042635317831214437,-1.6719979943527514,-0.5871735523223496,2.0408423965159828,1.3239400966643697,0.31396539726562617,-0.648921109884248,1.0754388414618516,-0.926725022050608,0.0829424157877549,1.4269420378012985,0.91,34.17,46.71,0.391,-0.734,0.829,57.88126726325194,-39.02906022510402,-23.134324959949282,35.94129333500215,1,0,0,0,0
1303,1303,1777638161.8024209,4677.208,1.5863443824851553,-0.04263135849263744,-1.671981106097058,-0.5872153789897716,2.0408398299103228,1.3241017046858614,0.313690376582141,-0.6489272938168055,1.075490987164738,-0.926819071109248,0.0833153293728706,1.4266708477518837,0.91,34.17,46.71,0.391,-0.734,0.829,57.88126726325194,-39.034757760458504,-23.112407792127875,35.94920573020649,1,0,0,0,0
1304,1304,1777638161.8024948,4677.215999999999,1.5859221958455036,-0.04262745235660237,-1.6719644442097144,-0.5872565085291663,2.0408373072259067,1.3242593723933824,0.31346947961116006,-0.6490693298243849,1.0754472150036127,-0.9267002773098575,0.08353519407372305,1.4265124989832259,0.91,34.17,46.71,0.391,-0.734,0.829,57.88126726325194,-39.035541084137286,-23.102431657796277,35.95476719109,1,0,0,0,0
1305,1305,1777638161.8049443,4677.224,1.5855103830994508,-0.04262360240661334,-1.6719480214321205,-0.5872969192986721,2.0408348296351404,1.3244131061825373,0.31323190120040073,-0.6491324613534292,1.0754561597908183,-0.926714516992638,0.08381235296471345,1.4262647973997542,0.91,34.17,46.71,0.391,-0.734,0.829,57.88126726325194,-39.040521971623676,-23.08575094873735,35.96007296038263,1,0,0,0,0
1306,1306,1777638161.8122723,4677.232,1.5851089391854742,-0.04261981155246186,-1.6719318501933191,-0.5873365901827334,2.0408323982908487,1.3245629123074822,0.3129638642477012,-0.6493339454734601,1.0754338409410953,-0.9266251371269892,0.08397864458245867,1.425958993439092,0.91,34.17,46.71,0.391,-0.734,0.829,57.88126726325194,-39.047407885219165,-23.072893503785394,35.9608484717519,1,0,0,0,0
1307,1307,1777638161.8201241,4677.24,1.584717859153098,-0.042616082630273944,-1.6719159426101058,-0.5873755005922758,2.040830014325601,1.3247087968798203,0.3127584263014139,-0.6493623424395557,1.0754357137249628,-0.9266088293377377,0.08433583418590845,1.425773381255776,0.91,34.17,46.71,0.391,-0.734,0.829,57.88126726325194,-39.04879276203416,-23.055776823868293,35.970321639869795,1,0,0,0,0
1308,1308,1777638161.8264883,4677.248,1.5843371381640938,-0.04261241840254826,-1.6719003104871302,-0.5874136304648641,2.040827678851051,1.3248507658675257,0.3125453699909819,-0.6494808956277904,1.0754336589707625,-0.9265909795780427,0.08448027204981359,1.4255418554098165,0.91,34.17,46.71,0.391,-0.734,0.829,57.88126726325194,-39.05447756179841,-23.044580280594747,35.971324719367914,1,0,0,0,0
1309,1309,1777638161.8342538,4677.255999999999,1.5839667714936496,-0.04260882155820589,-1.671884965317,-0.5874509602648565,2.0408253929573,1.3249888250938984,0.31230105496404303,-0.6495360347767686,1.0754397009766,-0.9265676000120074,0.08478358602465956,1.4252867584163962,0.91,34.17,46.71,0.391,-0.734,0.829,57.88126726325194,-39.058800828234595,-23.027420432309853,35.97761923882595,1,0,0,0,0
1310,1310,1777638161.842307,4677.264,1.583606754531504,-0.04260529471263741,-1.6718699182803736,-0.5874874709835538,2.0408231577122695,1.325122980236549,0.31211345908627164,-0.649640908391535,1.0754296599950215,-0.9265337338875576,0.08498179204666408,1.4251120176760845,0.91,34.17,46.71,0.391,-0.734,0.829,57.88126726325194,-39.0616250801367,-23.016286150090597,35.981677531154425,1,0,0,0,0
1311,1311,1777638161.854408,4677.272,1.58325708278305,-0.04260184040775172,-1.671855180246058,-0.5875231441393343,2.040820974161099,1.3252532368264118,0.3119469309764578,-0.6497309164761227,1.0754107314302357,-0.9264652467367894,0.08523236044901579,1.4249441765277482,0.91,34.17,46.71,0.391,-0.734,0.829,57.88126726325194,-39.06302715396535,-23.004151539705198,35.987914936917974,1,0,0,0,0
1312,1312,1777638161.8582146,4677.28,1.5829177518704045,-0.0425984611120267,-1.6718407617711009,-0.5875579617777884,2.0408188433255563,1.3253796002467892,0.3117547679668402,-0.6497965251637615,1.0754189779778445,-0.9264824727699325,0.08541774619456037,1.4248060958894457,0.91,34.17,46.71,0.391,-0.734,0.829,57.88126726325194,-39.06551368961552,-22.993643109060706,35.99193127271175,1,0,0,0,0
1313,1313,1777638161.8636997,4677.288,1.5825887575334465,-0.04259515922055801,-1.671826673100874,-0.5875919064718449,2.040816766203467,1.3255020757324232,0.3115432104794263,-0.6499055214641081,1.0754061577598306,-0.9263809985681261,0.08563934982988722,1.4245257302208552,0.91,34.17,46.71,0.391,-0.734,0.829,57.88126726325194,-39.07061033705982,-22.97982552196214,35.99522366745084,1,0,0,0,0
1314,1314,1777638161.8698995,4677.295999999999,1.5822700956308218,-0.04259193705511333,-1.671812924169167,-0.5876249613218913,2.040814743768162,1.325620668368598,0.31137176734892713,-0.6499730437917342,1.075388642861387,-0.9263982549049756,0.08583392258927418,1.424368099413776,0.91,34.17,46.71,0.391,-0.734,0.829,57.88126726325194,-39.073630967382336,-22.96844464854793,35.99920851145772,1,0,0,0,0
1315,1315,1777638161.8779616,4677.304,1.581961762140917,-0.042588796864181155,-1.6717995245982618,-0.5876571099558827,2.0408127769679414,1.3257353830902703,0.3111900813456432,-0.6500511693161832,1.0753758079758524,-0.9263312150392351,0.08605496893163579,1.4241830233809876,0.91,34.17,46.71,0.391,-0.734,0.829,57.88126726325194,-39.07600791662585,-22.956789010923206,36.004062876399786,1,0,0,0,0
1316,1316,1777638161.8845665,4677.312,1.581663753162801,-0.04258574082302502,-1.671786483699015,-0.587688336529455,2.040810866725555,1.3258462246812286,0.3110380562157239,-0.6500685230556138,1.0754130970809088,-0.9263582232402698,0.086289365937568,1.424029974018639,0.91,34.17,46.71,0.391,-0.734,0.829,57.88126726325194,-39.078486102972285,-22.94402449694998,36.0095093521581,1,0,0,0,0
1317,1317,1777638161.8876452,4677.312,1.581663753162801,-0.04258574082302502,-1.671786483699015,-0.587688336529455,2.040810866725555,1.3258462246812286,0.3110380562157239,-0.6500685230556138,1.0754130970809088,-0.9263582232402698,0.086289365937568,1.424029974018639,0.65,34.09,46.85,0.381,-0.74,0.808,57.9437063018927,-39.15135794804959,-23.203289813209352,35.8643501637477,0,1,0,0,0
1318,1318,1777638161.8929048,4677.32,1.581376064917134,-0.042582771033736755,-1.6717738104709365,-0.587718625726021,2.0408090139377024,1.3259531977732821,0.3108539763678516,-0.6501907289873272,1.0753799771591,-0.926303087007917,0.0864416187137419,1.4238565231411409,0.65,34.09,46.85,0.381,-0.74,0.808,57.9437063018927,-39.15447578644536,-23.194083243194672,35.866901572291134,1,0,0,0,0
1319,1319,1777638161.8994484,4677.3279999999995,1.581098693747046,-0.04257988952528535,-1.671761513602262,-0.5877479627568709,2.0408072194745475,1.3260563068454765,0.31071266549648013,-0.6502592093059111,1.0753673332488798,-0.9262655588923059,0.08663004267980318,1.4237065988272302,0.65,34.09,46.85,0.381,-0.74,0.808,57.9437063018927,-39.15657666718264,-23.184034588946773,35.871104581341896,1,0,0,0,0
1320,1320,1777638161.9059346,4677.336,1.5808316361189827,-0.042577098253570256,-1.6717496014700224,-0.5877763333612602,2.0408054841792516,1.326155556223339,0.310536217345111,-0.6502515975300217,1.075400027040097,-0.9263581345158886,0.08676029245911862,1.423559705777892,0.65,34.09,46.85,0.381,-0.74,0.808,57.9437063018927,-39.16119299309294,-23.17388236129593,35.87262521286315,1,0,0,0,0
1321,1321,1777638161.9150136,4677.344,1.5805748886235218,-0.04257439910147465,-1.6717380821401147,-0.5878037238065001,2.040803808867523,1.3262509500781516,0.31037339079952764,-0.6504121766115525,1.0753465040867942,-0.9262098063822475,0.08692603377852039,1.4233744066976917,0.65,34.09,46.85,0.381,-0.74,0.808,57.9437063018927,-39.1631943728502,-23.16542229895596,35.875904395922745,1,0,0,0,0
1322,1322,1777638161.9215114,4677.352,1.580328447976154,-0.04257179387891519,-1.671726963367365,-0.5878301208880323,2.0408021943271857,1.3263424924262535,0.3102441424560093,-0.6504465853332959,1.0753732685265551,-0.9262376892143007,0.08708957690809077,1.4232483933448807,0.65,34.09,46.85,0.381,-0.74,0.808,57.9437063018927,-39.16573913139071,-23.155813455458922,35.87932944618445,1,0,0,0,0
1323,1323,1777638161.9276447,4677.36,1.5800923110180385,-0.04256928432288998,-1.6717162525955942,-0.5878555119295115,2.0408006413177606,1.326430187128368,0.3101123554571219,-0.65048392375002,1.075352866708847,-0.926228756404746,0.08727772098887497,1.4231494061405496,0.65,34.09,46.85,0.381,-0.74,0.808,57.9437063018927,-39.16651842177865,-23.14675741191024,35.88432186945507,1,0,0,0,0
1324,1324,1777638161.9346185,4677.3679999999995,1.579866474716723,-0.04256687209753096,-1.6717059569576742,-0.587879884782871,2.040799150570069,1.3265140378889613,0.30998380113098956,-0.6504856703481309,1.0753759157193215,-0.9262245926254832,0.08748831527132406,1.422999892991799,0.65,34.09,46.85,0.381,-0.74,0.808,57.9437063018927,-39.16878353243714,-23.135412639900416,35.88916519746059,1,0,0,0,0
1325,1325,1777638161.9423027,4677.376,1.5796509361668334,-0.042564558794151885,-1.6716960832755898,-0.5879032278283969,2.04079772278585,1.3265940482556275,0.309857234222959,-0.6505645760430666,1.075339582381147,-0.9262110624011957,0.08759773206220735,1.4229084260672253,0.65,34.09,46.85,0.381,-0.74,0.808,57.9437063018927,-39.17026317343452,-23.129310985630894,35.89148306010569,1,0,0,0,0
1326,1326,1777638161.9488294,4677.384,1.5794456925907354,-0.042562345931290935,-1.6716866380604882,-0.5879255299747888,2.040796358637393,1.3266702216184998,0.30975061761482003,-0.6506572356572994,1.0753188574666352,-0.9261423028888646,0.0877265089658741,1.422775279339857,0.65,34.09,46.85,0.381,-0.74,0.808,57.9437063018927,-39.1721091699042,-23.122274416663817,35.89400213101906,1,0,0,0,0
1327,1327,1777638161.9563177,4677.392,1.5792507413391619,-0.0425602349547658,-1.6716776275127359,-0.587946780659216,2.040795058767193,1.326742561209691,0.30963379593080936,-0.6507323000127307,1.0752957222065702,-0.9260778503011928,0.08783777219011252,1.422647721825245,0.65,34.09,46.85,0.381,-0.74,0.808,57.9437063018927,-39.174054452815625,-23.11591886138308,35.89597265602077,1,0,0,0,0
1328,1328,1777638161.9632769,4677.4,1.5790660798918124,-0.042558227237706525,-1.6716690575219637,-0.5879669698473791,2.040793823787616,1.326811070102761,0.30951820046898826,-0.6506855545906479,1.0753416357410117,-0.9261678459617155,0.08801405772318499,1.4225154242796643,0.65,34.09,46.85,0.381,-0.74,0.808,57.9437063018927,-39.17752622272641,-23.104663331857573,35.89942995911078,1,0,0,0,0
1329,1329,1777638161.9716141,4677.407999999999,1.5788917058579193,-0.04255632408060883,-1.671660933667118,-0.587986088033559,2.0407926542805868,1.326875751212211,0.3093739040635882,-0.6507839800062629,1.0753279248667458,-0.9261319501702407,0.0880295052903266,1.4223750904254138,0.65,34.09,46.85,0.381,-0.74,0.808,57.9437063018927,-39.181560947553756,-23.100707969813953,35.8975719653364,1,0,0,0,0
1330,1330,1777638161.977941,4677.416,1.5787276169767868,-0.04255452671136872,-1.6716532612165018,-0.588004126240663,2.040791550797288,1.3269366072930058,0.30933711008900766,-0.6508150840676515,1.0753064927171276,-0.926075520100521,0.08817826060193634,1.4223690666790958,0.65,34.09,46.85,0.381,-0.74,0.808,57.9437063018927,-39.17901435393746,-23.09643815533606,35.90309845668893,1,0,0,0,0
1331,1331,1777638161.9862835,4677.424,1.5785738111182968,-0.042552836285325135,-1.6716460451278161,-0.588021076020274,2.0407905138578815,1.3269936409401224,0.3092090250285753,-0.6508696651506527,1.0753187908698931,-0.926105678497511,0.08823778543908774,1.4222067425233658,0.65,34.09,46.85,0.381,-0.74,0.808,57.9437063018927,-39.18416456450078,-23.089262871561036,35.90209307867822,1,0,0,0,0
1332,1332,1777638161.9923854,4677.432,1.5784302862833859,-0.04255125388529635,-1.6716392900482013,-0.5880369294526915,2.040789543951243,1.3270468545881258,0.3091478449942475,-0.6509156533323763,1.0752841152428319,-0.9260330696234789,0.08836648510040772,1.422134034345632,0.65,34.09,46.85,0.381,-0.74,0.808,57.9437063018927,-39.183903232534206,-23.084025345300745,35.90574607665059,1,0,0,0,0
1333,1333,1777638162.0829973,4677.44,1.578297040604492,-0.042549780521618175,-1.6716330003142739,-0.5880516791469663,2.040788641534714,1.3270962505107722,0.30906576466168956,-0.6509893278851838,1.0753095969614455,-0.9260151453321596,0.0883645539410243,1.422055446317702,0.65,34.09,46.85,0.381,-0.74,0.808,57.9437063018927,-39.18633101704894,-23.08213139986037,35.90431410655059,1,0,0,0,0
1334,1334,1777638162.0833108,4677.447999999999,1.5781740723459703,-0.04254841713217328,-1.6716271799521571,-0.5880653182409423,2.0407878070338703,1.3271418308206382,0.3089614368947799,-0.650991883964662,1.0752797552215272,-0.9260567305524221,0.08846346314703735,1.4219320897808805,0.65,34.09,46.85,0.381,-0.74,0.808,57.9437063018927,-39.189809617878,-23.0745511607676,35.905389718586754,1,0,0,0,0
1335,1335,1777638162.0867867,4677.456,1.5780613799044796,-0.04254716458242758,-1.6716218326775154,-0.588077840401283,2.040787040842309,1.3271835974687782,0.3089318013073245,-0.651087384078609,1.0752534926493382,-0.9259763223385642,0.08848475478363182,1.4218743115173826,0.65,34.09,46.85,0.381,-0.74,0.808,57.9437063018927,-39.190333003166266,-23.073505960546278,35.90549013437321,1,0,0,0,0
1336,1336,1777638162.0870392,4677.464,1.5779589618093386,-0.04254602366545779,-1.6716169618955838,-0.5880892398235034,2.040786343321449,1.3272215522444066,0.30885743952305655,-0.6510483354743565,1.0752901981349574,-0.9260100696362552,0.08860637375809173,1.4217759708819053,0.65,34.09,46.85,0.381,-0.74,0.808,57.9437063018927,-39.192554515792025,-23.06600518273263,35.90788458593491,1,0,0,0,0
1337,1337,1777638162.0968215,4677.472,1.5778668167228518,-0.042544995101978955,-1.6716125707011926,-0.5880995112319995,2.0407857148003496,1.327255696774609,0.3088094962435018,-0.6510783849738774,1.0752864577663426,-0.9260191065621808,0.08867802120013542,1.4217327278811187,0.65,34.09,46.85,0.381,-0.74,0.808,57.9437063018927,-39.19321021413704,-23.06218824734413,35.90962052646236,1,0,0,0,0
1338,1338,1777638162.0969393,4677.48,1.5777849434406066,-0.04254407954036754,-1.6716086618787918,-0.5881086498800681,2.040785155575548,1.3272860325240776,0.30873689081986133,-0.6511003836178348,1.0752862622102488,-0.9260024370906925,0.08873462931030911,1.4216087768333892,0.65,34.09,46.85,0.381,-0.74,0.808,57.9437063018927,-39.19642366419272,-23.056988065506808,35.909452422505545,1,0,0,0,0
1339,1339,1777638162.097164,4677.48,1.5777849434406066,-0.04254407954036754,-1.6716086618787918,-0.5881086498800681,2.040785155575548,1.3272860325240776,0.30873689081986133,-0.6511003836178348,1.0752862622102488,-0.9260024370906925,0.08873462931030911,1.4216087768333892,0.44,34.26,47.17,0.389,-0.749,0.797,58.30051543511429,-39.503789293285415,-23.334803046997024,35.97065051162637,0,1,0,0,0
1340,1340,1777638162.1010814,4677.487999999999,1.5777133408917394,-0.04254327755668985,-1.671605237902476,-0.5881166515499316,2.0407846659109072,1.3273125607948746,0.30869881654992176,-0.6511096458442587,1.0752881278853164,-0.926016155584042,0.08881994648454312,1.4215742574361163,0.44,34.26,47.17,0.389,-0.749,0.797,58.30051543511429,-39.50405138356853,-23.330675551118944,35.973039941222616,1,0,0,0,0
1341,1341,1777638162.1038477,4677.496,1.5776520081391716,-0.04254258965471536,-1.6716023009359997,-0.5881235125527553,2.040784246037489,1.3273352827262226,0.308641902957495,-0.651215089783369,1.0752810215267072,-0.9259143530612507,0.08870295344686789,1.4215004362469823,0.44,34.26,47.17,0.389,-0.749,0.797,58.30051543511429,-39.506634291959465,-23.3341983286884,35.96791813934756,1,0,0,0,0
1342,1342,1777638162.1039658,4677.504,1.5776009443798178,-0.0425420162659389,-1.6715998528327933,-0.5881292297286631,2.040783896153435,1.3273541992943194,0.30864049032839147,-0.651204210436165,1.0752596364168527,-0.9259661895881672,0.08878072607186134,1.4215126188078189,0.44,34.26,47.17,0.389,-0.749,0.797,58.30051543511429,-39.50594815418327,-23.331049480620095,35.9707143461433,1,0,0,0,0
1343,1343,1777638162.1059105,4677.512,1.5775601489447624,-0.04254155774959667,-1.6715978951359851,-0.5881338004467551,2.0407836164238695,1.3273693113121818,0.308606630398477,-0.6511985180770129,1.0752622578209048,-0.925947563790318,0.08878857270829561,1.4214561445403004,0.44,34.26,47.17,0.389,-0.749,0.797,58.30051543511429,-39.50750443134796,-23.329454026855238,35.970039872314125,1,0,0,0,0
1344,1344,1777638162.1073859,4677.5199999999995,1.5775296212994065,-0.04254121439267422,-1.6715964290784022,-0.5881372226051136,2.040783406980819,1.3273806194295137,0.30857197229013783,-0.6512173355741029,1.0752637298803902,-0.9259431876834776,0.08885363796965004,1.421395973678052,0.44,34.26,47.17,0.389,-0.749,0.797,58.30051543511429,-39.508645168987755,-23.325570680804606,35.97130536032587,1,0,0,0,0
1345,1345,1777638162.1074438,4677.527999999999,1.5775093610435866,-0.04254098640992332,-1.6715954555825903,-0.5881394946308189,2.0407832679231444,1.3273881241326018,0.30858193793738814,-0.651188549206068,1.0752777541904124,-0.9259642012888764,0.0888576466996264,1.421433221833577,0.44,34.26,47.17,0.389,-0.749,0.797,58.30051543511429,-39.50762413380865,-23.326166250366022,35.97204057823221,1,0,0,0,0
1346,1346,1777638162.1074846,4677.536,1.577499367911663,-0.042540873943863744,-1.671594975260815,-0.5881406154799507,2.040783199316492,1.3273918257442368,0.3086221589465025,-0.6511970722122534,1.0752715577800809,-0.9259530243107478,0.08879080888184811,1.4214648963118213,0.44,34.26,47.17,0.389,-0.749,0.797,58.30051543511429,-39.5072551441419,-23.329541297680716,35.97025707185705,1,0,0,0,0
1347,1347,1777638162.1075156,4677.544,1.577498053671789,-0.042540554306403244,-1.6715956508812368,-0.5881398918784599,2.040785692461041,1.3273905544745528,0.308589016460298,-0.6512481314767246,1.0752635338397651,-0.9259145596121258,0.08878108102592613,1.4214074589366357,0.44,34.26,47.17,0.389,-0.749,0.797,58.30051543511429,-39.50878911621102,-23.32884391553893,35.96902450908542,1,0,0,0,0
1348,1348,1777638162.1075463,4677.552,1.5774968395928202,-0.04253828406342475,-1.6716010608375633,-0.5881335819539899,2.040804204131901,1.3273779904262408,0.3086024498314227,-0.6512520642721258,1.0752468000598985,-0.9258981538894483,0.0887480196786115,1.421417037497923,0.44,34.26,47.17,0.389,-0.749,0.797,58.30051543511429,-39.50865842255285,-23.330517101143137,35.96808281578699,1,0,0,0,0
1349,1349,1777638162.1075888,4677.5599999999995,1.577494443542558,-0.042533803213115284,-1.6716117393890073,-0.588121127111231,2.040840745675513,1.3273531885711103,0.308592069391498,-0.6512044056830044,1.0752962990952857,-0.9259773754517272,0.08873420205848587,1.4213869504457302,0.44,34.26,47.17,0.389,-0.749,0.797,58.30051543511429,-39.51099791968239,-23.32880070130161,35.96662621416976,1,0,0,0,0
1350,1350,1777638162.1148298,4677.568,1.57749086596509,-0.042527112963325564,-1.6716276853312113,-0.5881025286803157,2.040895316952309,1.327316148278138,0.3085839113800495,-0.6512579445412796,1.075245523007572,-0.9259549748327434,0.08862398145206643,1.4214224801053907,0.44,34.26,47.17,0.389,-0.749,0.797,58.30051543511429,-39.51090147996304,-23.33394764287052,35.96339321644206,1,0,0,0,0
1351,1351,1777638162.1216476,4677.576,1.5774861075234554,-0.04251821511791398,-1.6716488968655518,-0.5880777886479001,2.040967917753898,1.3272668686046627,0.30854564730712736,-0.6512157335547062,1.075276917022865,-0.926053656236857,0.08861472185696856,1.4213661495472236,0.44,34.26,47.17,0.389,-0.749,0.797,58.30051543511429,-39.51435445428359,-23.33099286943164,35.96151642781166,1,0,0,0,0
1352,1352,1777638162.1289659,4677.584,1.577480169099446,-0.04250711207679281,-1.6716753715991217,-0.5880469096574137,2.0410585478031162,1.3272053482960562,0.3085215520265705,-0.6512298711382764,1.0752946987508327,-0.9260907855381394,0.0884975947164974,1.4213566970731435,0.44,34.26,47.17,0.389,-0.749,0.797,58.30051543511429,-39.51673251326546,-23.334083180846246,35.956897997246315,1,0,0,0,0
1353,1353,1777638162.1365561,4677.592,1.5774730517933433,-0.042493806835995684,-1.6717071065446998,-0.5880098950093924,2.041167206754095,1.327131585785284,0.30848289917722155,-0.6512120598591229,1.075309516384046,-0.9261768700565182,0.08836762673687018,1.4213614059038167,0.44,34.26,47.17,0.389,-0.749,0.797,58.30051543511429,-39.519494673641915,-23.337209231568735,35.95183313854761,1,0,0,0,0
1354,1354,1777638162.1436892,4677.599999999999,1.5774647569235878,-0.0424783029877549,-1.671744098120712,-0.5879667486618967,2.0412938941923415,1.327045579192359,0.30844352660962926,-0.6513223499433725,1.0752610617885578,-0.9261290983967463,0.08814285896230009,1.4212679932288435,0.44,34.26,47.17,0.389,-0.749,0.797,58.30051543511429,-39.52491826845178,-23.342928037104098,35.942156954289565,1,0,0,0,0
1355,1355,1777638162.1525085,4677.608,1.5774552860263844,-0.04246060472059909,-1.6717863421511936,-0.5879174752310101,2.0414386096348403,1.3269473263236842,0.3084020807259884,-0.6512627636915851,1.0752992860352801,-0.9262613187017072,0.08799920796967926,1.4212101073545655,0.44,34.26,47.17,0.389,-0.749,0.797,58.30051543511429,-39.53064933391688,-23.34393887341315,35.93519696778142,1,0,0,0,0
1356,1356,1777638162.1649036,4677.616,1.5774446408552425,-0.042440716819464264,-1.6718338338657297,-0.5878620799914236,2.0416013525301664,1.326836824671286,0.3083406330953771,-0.6512982975379298,1.0753082088558812,-0.9263130016315863,0.08776519765231497,1.4211785978507934,0.44,34.26,47.17,0.389,-0.749,0.797,58.30051543511429,-39.53550189984367,-23.350118710626052,35.92584231061434,1,0,0,0,0
1357,1357,1777638162.1692984,4677.624,1.57743282338045,-0.04241864466582257,-1.6718865678993993,-0.5878005688771015,2.041782122258619,1.3267140714119403,0.3082926937506557,-0.6512566120358538,1.0753449410818892,-0.9264664432154209,0.08757691682114992,1.4211436498590395,0.44,34.26,47.17,0.389,-0.749,0.797,58.30051543511429,-39.54133031269201,-23.352960172736893,35.91757993341349,1,0,0,0,0
1358,1358,1777638162.1724734,4677.632,1.5774198357884792,-0.04239439423782265,-1.6719445382927098,-0.5877329484820377,2.0419809181323694,1.3265790634061858,0.3082312564324998,-0.651324885162904,1.0753112147033659,-0.9264850550604431,0.08725409914049263,1.4210675764217169,0.44,34.26,47.17,0.389,-0.749,0.797,58.30051543511429,-39.548376071574154,-23.361410567865896,35.90432489799723,1,0,0,0,0
1359,1359,1777638162.1755393,4677.632,1.5774198357884792,-0.04239439423782265,-1.6719445382927098,-0.5877329484820377,2.0419809181323694,1.3265790634061858,0.3082312564324998,-0.651324885162904,1.0753112147033659,-0.9264850550604431,0.08725409914049263,1.4210675764217169,0.42,34.44,47.46,0.394,-0.758,0.791,58.640784442229275,-39.77473948319648,-23.52762922628755,36.099340188349565,0,1,0,0,0
1360,1360,1777638162.1808164,4677.639999999999,1.5774056804813323,-0.042367972110449514,-1.6720077384915228,-0.5876592260610893,2.042197739395623,1.3264317971972286,0.3081767990955287,-0.6513193702569642,1.0753230094824362,-0.9265650439834711,0.08708429323096255,1.420994771470267,0.42,34.44,47.46,0.394,-0.758,0.791,58.640784442229275,-39.780595524734025,-23.529973212461698,36.09135880398998,1,0,0,0,0
1361,1361,1777638162.187258,4677.648,1.5773903600758157,-0.04233938545569682,-1.6720761613469737,-0.5875794095309006,2.0424325852248026,1.3262722690097384,0.30812724335945246,-0.6513180407274067,1.0753353513071107,-0.9266460090736829,0.0868180811249995,1.420956783447995,0.42,34.44,47.46,0.394,-0.758,0.791,58.640784442229275,-39.78652348447038,-23.53660954944757,36.08049556112747,1,0,0,0,0
1362,1362,1777638162.194608,4677.656,1.5773738774027493,-0.04230864204275697,-1.6721497991153775,-0.5874935074709127,2.0426854547287423,1.3261004747485297,0.3080072643945772,-0.6513244893937773,1.0753768508636983,-0.9268135573082115,0.0865086566928625,1.4208122102597982,0.42,34.44,47.46,0.394,-0.758,0.791,58.640784442229275,-39.79790741329715,-23.5401701228268,36.06561459494347,1,0,0,0,0
1363,1363,1777638162.2017593,4677.664,1.577356235506116,-0.042275750238220944,-1.6722286434581335,-0.5874015291244588,2.0429563469489005,1.3259164099971361,0.3079307518631932,-0.6512691015791421,1.0753980575033588,-0.9269785066202728,0.08624496559369166,1.4207717795389196,0.42,34.44,47.46,0.394,-0.758,0.791,58.640784442229275,-39.80508313701216,-23.545252639484907,36.054376081113624,1,0,0,0,0
1364,1364,1777638162.212363,4677.672,1.577337437642135,-0.042240719006298555,-1.6723126854416215,-0.5873034843999481,2.0432452608595875,1.3257200700162715,0.3078668542248826,-0.6513156791898477,1.0753847385173,-0.9270278176588288,0.08585949348800469,1.4206724202643823,0.42,34.44,47.46,0.394,-0.758,0.791,58.640784442229275,-39.81419788492281,-23.554694179010166,36.03814130769665,1,0,0,0,0
1365,1365,1777638162.2151425,4677.679999999999,1.577317487278278,-0.042203557909048506,-1.6724019155370886,-0.5871993838721341,2.0435521953682096,1.3255114497421792,0.3077551167417655,-0.6513749183767004,1.0753670234995034,-0.9271650082430801,0.08549307799576256,1.420563144842128,0.42,34.44,47.46,0.394,-0.758,0.791,58.640784442229275,-39.82465873987571,-23.561734187753764,36.02197715725882,1,0,0,0,0
1366,1366,1777638162.222442,4677.688,1.5772963880922148,-0.04216427710662529,-1.6724963236205248,-0.5870892387834781,2.043877149315527,1.325290543784872,0.30764850816297673,-0.6513372565275318,1.07541308114953,-0.9273136779342867,0.08513788189604177,1.4204413158846292,0.42,34.44,47.46,0.394,-0.758,0.791,58.640784442229275,-39.83556281098702,-23.56783314868173,36.00592695942997,1,0,0,0,0
1367,1367,1777638162.2299702,4677.696,1.5772741439706932,-0.04212288735753944,-1.6725958989725385,-0.5869730610455974,2.0442201214759295,1.325057346426254,0.30752919915328497,-0.6513791395232296,1.0753943391609702,-0.9274572533884567,0.08467723578365158,1.4203339757655762,0.42,34.44,47.46,0.394,-0.758,0.791,58.640784442229275,-39.847252910433,-23.57803861436316,35.98630476433482,1,0,0,0,0
1368,1368,1777638162.2371762,4677.704,1.5772507590083524,-0.04207940001892929,-1.6727006302782108,-0.5868508632408078,2.0445811105577243,1.3248118516181355,0.30743326935210447,-0.6513173395482136,1.0754385287794386,-0.9276775541282616,0.08435926334354046,1.4202173845416923,0.42,34.44,47.46,0.394,-0.758,0.791,58.640784442229275,-39.85850715023524,-23.58183058266077,35.97135352089674,1,0,0,0,0
1369,1369,1777638162.2444708,4677.7119999999995,1.5772262375064727,-0.04203382704684877,-1.672810505626959,-0.5867226586237528,2.044960115203443,1.3245540529801314,0.3072971718375136,-0.6513495870692003,1.0754460305936084,-0.927803876039302,0.08385986038137676,1.4200674545469634,0.42,34.44,47.46,0.394,-0.758,0.791,58.640784442229275,-39.87189291936337,-23.592398234505136,35.94958275934979,1,0,0,0,0
1370,1370,1777638162.2512436,4677.719999999999,1.5772005839716536,-0.041986180996565814,-1.6729255125123714,-0.5865884611231316,2.045357133990159,1.324283943797444,0.30716608249848165,-0.6513092827970763,1.0754923427404934,-0.9279832961392496,0.08340585705419964,1.419908812494138,0.42,34.44,47.46,0.394,-0.758,0.791,58.640784442229275,-39.88574072568325,-23.600279864999415,35.929042250765264,1,0,0,0,0
1371,1371,1777638162.2585566,4677.728,1.5771738031144311,-0.041936475022876785,-1.6730456378320504,-0.5864482853435149,2.045772165429825,1.3240015170185346,0.307028459979793,-0.6513519780352418,1.0754718908148733,-0.9281681345530974,0.08292947079242559,1.4197299673690935,0.42,34.44,47.46,0.394,-0.758,0.791,58.640784442229275,-39.90063576963999,-23.608243274732217,35.90726548568668,1,0,0,0,0
1372,1372,1777638162.2659895,4677.736,1.5771458998478227,-0.041884722880427105,-1.673170867887439,-0.5863021465672622,2.0462052079696185,1.3237067652526786,0.3068932118979982,-0.6513273276462298,1.0755086512077803,-0.9283685812244352,0.08243646311449492,1.4196046406540224,0.42,34.44,47.46,0.394,-0.758,0.791,58.640784442229275,-39.91412042419633,-23.6180790785721,35.885804037266155,1,0,0,0,0
1373,1373,1777638162.2733595,4677.744,1.5771168792858097,-0.04183093892405143,-1.6733011883836397,-0.5861500607565278,2.046656259992308,1.3233996807674018,0.30675033027717746,-0.651338492452509,1.0755207107588045,-0.9285981490617795,0.0818792509748206,1.4194693791873074,0.42,34.44,47.46,0.394,-0.758,0.791,58.640784442229275,-39.92917068398632,-23.629331688470522,35.861645423004916,1,0,0,0,0
1374,1374,1777638162.2821193,4677.7519999999995,1.5770867467417498,-0.04177513810911915,-1.6734365844292185,-0.5859920445553692,2.04712531981663,1.3230802554858068,0.30657112454545443,-0.6514202173283113,1.0755213094054512,-0.9287151580381918,0.08120623586047258,1.419240135643162,0.42,34.44,47.46,0.394,-0.758,0.791,58.640784442229275,-39.947303995490884,-23.643642508981728,35.83200625696682,1,0,0,0,0
1375,1375,1777638162.2875288,4677.76,1.5770555077267252,-0.04171733599189409,-1.6735770405360135,-0.5858281152919531,2.0476123856976796,1.3227484809837744,0.30643314483910133,-0.6513654072165186,1.0755557582288973,-0.928985337026653,0.0806842892929107,1.4190942538537654,0.42,34.44,47.46,0.394,-0.758,0.791,58.640784442229275,-39.96281383277214,-23.65270679543537,35.808722007583015,1,0,0,0,0
1376,1376,1777638162.4059002,4677.768,1.5770231679478215,-0.04165754872990313,-1.6737225406189165,-0.5856582909808585,2.0481174558273176,1.3224043484870522,0.3062581305065072,-0.6514293730500598,1.0755523763212869,-0.9291576170963082,0.07999612554788048,1.418863191013234,0.42,34.44,47.46,0.394,-0.758,0.791,58.640784442229275,-39.98195251364018,-23.66655944768047,35.77819220008786,1,0,0,0,0
1377,1377,1777638162.4060652,4677.776,1.5769897333063394,-0.04159579308231631,-1.673873067995661,-0.5854825903254852,2.0486405283345896,1.3220478488682232,0.3060852351009828,-0.6514899935833126,1.0755692694116317,-0.9293292812231175,0.07930084146170123,1.4186559969660404,0.42,34.44,47.46,0.394,-0.758,0.791,58.640784442229275,-40.00033371717563,-23.6813587068906,35.747841225872065,1,0,0,0,0
1378,1378,1777638162.4104636,4677.784,1.5769552098959387,-0.041532086410338565,-1.6740286053865923,-0.5853010327205643,2.049181601286158,1.3216789726435536,0.30584822377411863,-0.6514695999725385,1.075621680917257,-0.9296509330157919,0.07864456352115934,1.418367439894675,0.42,34.44,47.46,0.394,-0.758,0.791,58.640784442229275,-40.0231161997955,-23.689967788151172,35.71662352258436,1,0,0,0,0
1379,1379,1777638162.410584,4677.784,1.5769552098959387,-0.041532086410338565,-1.6740286053865923,-0.5853010327205643,2.049181601286158,1.3216789726435536,0.30584822377411863,-0.6514695999725385,1.075621680917257,-0.9296509330157919,0.07864456352115934,1.418367439894675,0.51,34.46,47.64,0.395,-0.764,0.794,58.79899063759514,-40.039695049901,-23.786364600301994,35.893634246373445,0,1,0,0,0
1380,1380,1777638162.4106348,4677.7919999999995,1.5769196040007154,-0.041466446677605795,-1.6741891349144247,-0.5851136382547688,2.049740672686747,1.3212977099697216,0.30567501590593366,-0.6514617342057177,1.075638753221856,-0.929871175221936,0.07799170881761967,1.4181640842372933,0.51,34.46,47.64,0.395,-0.764,0.794,58.79899063759514,-40.058146267407835,-23.799067016628477,35.8646152461864,1,0,0,0,0
1381,1381,1777638162.410674,4677.8,1.576882922093212,-0.04139889245059436,-1.6743546381039955,-0.5849204277134357,2.050317740479603,1.320904050640424,0.305476536130916,-0.6515177054382411,1.075664956479012,-0.9300857777454477,0.07725327499200745,1.4179162119166742,0.51,34.46,47.64,0.395,-0.764,0.794,58.79899063759514,-40.079114878997466,-23.813479156914845,35.831607010561285,1,0,0,0,0
1382,1382,1777638162.4124362,4677.808,1.5768451708323559,-0.04132944289903673,-1.6745250958820037,-0.584721422581393,2.0509128025469643,1.320497984082861,0.30522709772358303,-0.6515198036064972,1.0756929056473468,-0.9303973088438408,0.07651430089703547,1.4175651453847675,0.51,34.46,47.64,0.395,-0.764,0.794,58.79899063759514,-40.10499484536864,-23.823273011188647,35.79612201743822,1,0,0,0,0
1383,1383,1777638162.4124875,4677.816,1.5768063570613338,-0.04125811779634514,-1.6747004885767431,-0.5845166450458956,2.0515258567105445,1.3200794993540983,0.3050386523338944,-0.6515223321844987,1.0757104966831559,-0.9306585442667143,0.07576684996657916,1.4173969407396951,0.51,34.46,47.64,0.395,-0.764,0.794,58.79899063759514,-40.12394693020335,-23.839547615285518,35.76403433955347,1,0,0,0,0
1384,1384,1777638162.412524,4677.824,1.5767664878053953,-0.04118493752004326,-1.6748807959178187,-0.5843061179996747,2.0521569007320295,1.3196485851373039,0.3048073795865073,-0.6515833847381551,1.075723618248846,-0.9308949451684688,0.07496650702311786,1.4170584593365936,0.51,34.46,47.64,0.395,-0.764,0.794,58.79899063759514,-40.149044200453446,-23.85303962761138,35.726853350297105,1,0,0,0,0
1385,1385,1777638162.4140646,4677.831999999999,1.5767255702695904,-0.04110992305220407,-1.6750659970358566,-0.5840898650440964,2.0528059323135843,1.3192052297378583,0.30458189120341184,-0.6515628839045394,1.0757537504999728,-0.9312204480106038,0.07414785417999939,1.416822258690208,0.51,34.46,47.64,0.395,-0.764,0.794,58.79899063759514,-40.17208638194146,-23.868679672352442,35.69048761813801,1,0,0,0,0
1386,1386,1777638162.414107,4677.84,1.5766836118364331,-0.04103309597989213,-1.6752560704621988,-0.5838679104924402,2.0534729490983707,1.3187494210793425,0.3043630466192889,-0.6516643589966993,1.075745040808016,-0.9313946622702469,0.07332018982463191,1.416484755305336,0.51,34.46,47.64,0.395,-0.764,0.794,58.79899063759514,-40.19654951329029,-23.88414553846895,35.65257773461598,1,0,0,0,0
1387,1387,1777638162.4149842,4677.848,1.576640620063504,-0.04095447849561484,-1.6754509941285924,-0.5836402793732889,2.05415794867108,1.3182811466993956,0.3041081347982605,-0.6516484329549805,1.0758098286758773,-0.931735793141088,0.07247683475328745,1.416188697123928,0.51,34.46,47.64,0.395,-0.764,0.794,58.79899063759514,-40.22211474460789,-23.898602127612193,35.614036584157176,1,0,0,0,0
1388,1388,1777638162.4158835,4677.856,1.5765966026809748,-0.04087409339777626,-1.675650745366859,-0.5834069974340412,2.0548609285584707,1.3178003937454434,0.3038370910407115,-0.6517380479577449,1.075804269991434,-0.9319740476028894,0.07153235399337272,1.4158287934572258,0.51,34.46,47.64,0.395,-0.764,0.794,58.79899063759514,-40.24964576864743,-23.916321627938565,35.571011727070676,1,0,0,0,0
1389,1389,1777638162.4159205,4677.864,1.576551567589072,-0.0407919640911345,-1.6758553009085624,-0.583168091144544,2.0555818862299233,1.3173071489702988,0.30361183736672825,-0.6518160063752586,1.0758235574922517,-0.9321665253018852,0.07066014647211911,1.4155135610247023,0.51,34.46,47.64,0.395,-0.764,0.794,58.79899063759514,-40.274056475399775,-23.93363223458694,35.531717142235756,1,0,0,0,0
1390,1390,1777638162.416,4677.871999999999,1.5765055228554647,-0.040708114587262756,-1.6760646368846555,-0.582923587700849,2.056320819098,1.3168013987276277,0.30335445271077127,-0.6517589282522815,1.0758700512637605,-0.9325852115526229,0.06977094306498459,1.415225364508574,0.51,34.46,47.64,0.395,-0.764,0.794,58.79899063759514,-40.300903380382294,-23.948589047917814,35.49117593626678,1,0,0,0,0
1391,1391,1777638162.4183164,4677.88,1.5764584767125864,-0.0406225695050173,-1.6762787288251157,-0.5826735150290938,2.057077724519017,1.3162831289672878,0.3030658777076698,-0.6518954689107239,1.075864117228122,-0.9327869944700182,0.06871008560730421,1.4148280728929503,0.51,34.46,47.64,0.395,-0.764,0.794,58.79899063759514,-40.33052496592583,-23.969744459753915,35.4432138286997,1,0,0,0,0
1392,1392,1777638162.4183679,4677.888,1.576410437554884,-0.040535354071000285,-1.676497551658576,-0.5824179017895093,2.057852599793625,1.3157523252305294,0.3028236747273147,-0.6519634820745734,1.075873858929305,-0.9330848055257293,0.06776103575666069,1.414532151060049,0.51,34.46,47.64,0.395,-0.764,0.794,58.79899063759514,-40.35658762135411,-23.988484829350828,35.400843650285694,1,0,0,0,0
1393,1393,1777638162.4184048,4677.896,1.5763614139359996,-0.04044649412002954,-1.6767210797119318,-0.5821567773805603,2.0586454421674008,1.3152089726450606,0.3025183180942933,-0.6519537912981432,1.075933927276475,-0.9334517205723175,0.06676037898448513,1.4141262157808296,0.51,34.46,47.64,0.395,-0.764,0.794,58.79899063759514,-40.387991463122866,-24.004600903199293,35.35407446183307,1,0,0,0,0
1394,1394,1777638162.4218802,4677.9039999999995,1.5763114145658799,-0.04035601609560757,-1.6769492867099451,-0.5818901719432192,2.0594562488314447,1.3146530559199778,0.30222097000035314,-0.6519966674968501,1.0759579943668236,-0.933803089392672,0.06569299369024999,1.4137825555813408,0.51,34.46,47.64,0.395,-0.764,0.794,58.79899063759514,-40.417803775048284,-24.025070931290706,35.30606753446413,1,0,0,0,0
1395,1395,1777638162.424899,4677.911999999999,1.5762604483078153,-0.040263947050388715,-1.6771821457748253,-0.5816181163653704,2.060285016922989,1.314084559340559,0.3019454936997299,-0.6520680188742859,1.0759873000364737,-0.9341187476262702,0.06456901882456194,1.4134576470442755,0.51,34.46,47.64,0.395,-0.764,0.794,58.79899063759514,-40.44710709934801,-24.048595077842165,35.2564590121563,1,0,0,0,0
1396,1396,1777638162.4316144,4677.92,1.5762085241754074,-0.04017031464664722,-1.677419629425808,-0.5813406422863565,2.0611317435260137,1.3135034667629117,0.30163051904059124,-0.6521131806796296,1.0759991920898369,-0.9344832144485207,0.06351021895553796,1.4130956396983323,0.51,34.46,47.64,0.395,-0.764,0.794,58.79899063759514,-40.47751749346533,-24.067997751735902,35.20828541392841,1,0,0,0,0
1397,1397,1777638162.4382331,4677.928,1.5761556513294686,-0.04007514715674265,-1.6776617095787074,-0.5810577821016656,2.0619964256718673,1.312909761608486,0.3012964877284383,-0.6521183872620129,1.0760627676144796,-0.934943252063643,0.06237300248058025,1.412729414196012,0.51,34.46,47.64,0.395,-0.764,0.794,58.79899063759514,-40.510300258367245,-24.08837635569682,35.156606740742724,1,0,0,0,0
1398,1398,1777638162.4461653,4677.936,1.5761018390748447,-0.039978473463580855,-1.6779083575454656,-0.5807695689677583,2.0628790603399,1.3123034268584401,0.30098290028856184,-0.6521685078629564,1.0760884994317932,-0.935293449961486,0.06117496022807725,1.4123562467931536,0.51,34.46,47.64,0.395,-0.764,0.794,58.79899063759514,-40.542458101555496,-24.112400059729985,35.10302771048602,1,0,0,0,0
1399,1399,1777638162.4538426,4677.9439999999995,1.576047096857172,-0.039880323061076695,-1.6781595440336794,-0.5804760368070445,2.0637796444580974,1.3116844450478613,0.3006271058021724,-0.6522102510533729,1.0761298105272639,-0.9357084586533361,0.06000174948003381,1.411881577749165,0.51,34.46,47.64,0.395,-0.764,0.794,58.79899063759514,-40.578636990911264,-24.13151095999458,35.04804842994127,1,0,0,0,0
1400,1400,1777638162.4617698,4677.952,1.5759914342595573,-0.03978072605460525,-1.6784152391461191,-0.5801772203130087,2.0646981749037256,1.3110527982598414,0.3003319375854616,-0.6522239129622206,1.0761751120953298,-0.9361003496774483,0.05880915421646162,1.4115222997874082,0.51,34.46,47.64,0.395,-0.764,0.794,58.79899063759514,-40.6106973122706,-24.155056908197793,34.994653728432056,1,0,0,0,0
1401,1401,1777638162.463474,4677.952,1.5759914342595573,-0.03978072605460525,-1.6784152391461191,-0.5801772203130087,2.0646981749037256,1.3110527982598414,0.3003319375854616,-0.6522239129622206,1.0761751120953298,-0.9361003496774483,0.05880915421646162,1.4115222997874082,0.61,34.54,47.75,0.399,-0.767,0.798,58.9359499796177,-40.663547905287054,-24.167848052090413,35.15447613441985,0,1,0,0,0
1402,1402,1777638162.4731233,4677.96,1.5759348609991877,-0.03967971316145302,-1.6786754123802297,-0.5798731549554859,2.0656346485039796,1.3104084681194044,0.2999901750281264,-0.6522807978621659,1.0762076224611403,-0.9364859922121281,0.05752286652932867,1.4111355768078813,0.61,34.54,47.75,0.399,-0.767,0.798,58.9359499796177,-40.697685090533945,-24.1939474449389,35.09697330687169,1,0,0,0,0
1403,1403,1777638162.4777532,4677.968,1.57587738692387,-0.03957731571125933,-1.678940032627608,-0.5795638769860947,2.066589062036636,1.3097514357872786,0.29964433108882327,-0.6523319845039917,1.0762333343598236,-0.9368996501698953,0.056335685578662024,1.410695153678769,0.61,34.54,47.75,0.399,-0.767,0.798,58.9359499796177,-40.732797783765584,-24.214607446326703,35.04194873187221,1,0,0,0,0
1404,1404,1777638162.4829574,4677.976,1.5758190220084947,-0.039473565646452435,-1.6792090681734866,-0.5792494234438283,2.067561412230713,1.309081681953522,0.2992877564959978,-0.6523440975830699,1.0763138842086168,-0.9373281768866322,0.055079537072822086,1.4102688739095206,0.61,34.54,47.75,0.399,-0.767,0.798,58.9359499796177,-40.76838114188469,-24.23778143580953,34.98450014134755,1,0,0,0,0
1405,1405,1777638162.489035,4677.9839999999995,1.5757597763514246,-0.03936849552267674,-1.6794824866961768,-0.5789298321608065,2.068551695767135,1.3083991868309903,0.29891192837378316,-0.6524217695602816,1.0763415612532314,-0.9377684335687527,0.053803913063054716,1.4097903455061445,0.61,34.54,47.75,0.399,-0.767,0.798,58.9359499796177,-40.80607623978116,-24.25986411642463,34.92519627669656,1,0,0,0,0
1406,1406,1777638162.4963472,4677.992,1.5756996601708169,-0.03926213850921112,-1.6797602552665136,-0.5786051417681959,2.069559909279396,1.3077039301486462,0.29856294140029005,-0.6523890745396693,1.076427920363085,-0.9382319070426742,0.05250212667003945,1.4093005016769304,0.61,34.54,47.75,0.399,-0.767,0.798,58.9359499796177,-40.84470924991443,-24.28210951389587,34.86452471847453,1,0,0,0,0
1407,1407,1777638162.5034337,4678.0,1.5756386838008654,-0.039154528389373944,-1.6800423403472742,-0.578275391702296,2.0705860493542345,1.3069958911447124,0.2982189342497751,-0.6525077810343028,1.0764239740792614,-0.9385748605251588,0.05118877333222751,1.4088840312091049,0.61,34.54,47.75,0.399,-0.767,0.798,58.9359499796177,-40.87920667036882,-24.30886656155283,34.80539711731344,1,0,0,0,0
1408,1408,1777638162.5106301,4678.008,1.5755768576879712,-0.03904569956092008,-1.6803287077925866,-0.5779406222107983,2.0716301125323024,1.3062750485596633,0.29783452915498065,-0.6525294605345058,1.0764758079442895,-0.9390615400336496,0.04987787298273945,1.4083837828749652,0.61,34.54,47.75,0.399,-0.767,0.798,58.9359499796177,-40.91845688071459,-24.330705599751035,34.743961367687255,1,0,0,0,0
1409,1409,1777638162.5211906,4678.016,1.575514192386839,-0.038935687036423694,-1.6806193228473134,-0.5776008743592227,2.0726920953088435,1.3055413806290481,0.2974604923552222,-0.6525569099008988,1.076516767439491,-0.9395003314158183,0.04862009626629915,1.4079026791943474,0.61,34.54,47.75,0.399,-0.767,0.798,58.9359499796177,-40.955685160805594,-24.35206738426138,34.685081333641996,1,0,0,0,0
1410,1410,1777638162.5251765,4678.023999999999,1.5754506985564989,-0.038824526443647756,-1.6809141501464318,-0.5772561900375326,2.0737719941343684,1.304794865076154,0.2970636382466943,-0.6525854543876526,1.0765998378357955,-0.9399747706324683,0.04723883829779438,1.4073273021125825,0.61,34.54,47.75,0.399,-0.767,0.798,58.9359499796177,-40.9979897949342,-24.374228135623042,34.61947480201098,1,0,0,0,0
1411,1411,1777638162.5321128,4678.032,1.5753863869562519,-0.03871225402589573,-1.6812131537143813,-0.5769066119669342,2.074869805415334,1.3040354791044972,0.29667523031651716,-0.6526510133529562,1.0766189719697326,-0.9403624325329888,0.04589618120949607,1.4068361239817324,0.61,34.54,47.75,0.399,-0.767,0.798,58.9359499796177,-41.03567388817266,-24.398964254197338,34.55734671333932,1,0,0,0,0
1412,1412,1777638162.5396543,4678.04,1.5753212684415416,-0.03859890664235355,-1.6815162969644,-0.5765521837068626,2.0759855255148216,1.3032631993901411,0.29627272615668265,-0.6527265707499297,1.0766492693511869,-0.940812034469426,0.044482887643459916,1.4062836560251974,0.61,34.54,47.75,0.399,-0.767,0.798,58.9359499796177,-41.07703287490831,-24.423255142246934,34.49098691615549,1,0,0,0,0
1413,1413,1777638162.5465007,4678.048,1.5752553539597498,-0.03848452176840578,-1.6818235426978454,-0.5761929496621638,2.0771191507532145,1.3024780020738431,0.2958707087685224,-0.6527909699335622,1.0766997475344122,-0.941273689627505,0.042938252444982485,1.4057834941469545,0.61,34.54,47.75,0.399,-0.767,0.798,58.9359499796177,-41.11816191922954,-24.45335029337229,34.42058424567559,1,0,0,0,0
1414,1414,1777638162.5539744,4678.056,1.575188654545915,-0.0383691374959394,-1.682134853103495,-0.5758289550904658,2.0782706774088773,1.3016798627530237,0.2954630971718413,-0.6528955730301058,1.0767240874936266,-0.9416880392456266,0.04149649881333013,1.405240413706531,0.61,34.54,47.75,0.399,-0.767,0.798,58.9359499796177,-41.15883764334574,-24.47940874256053,34.353381659792326,1,0,0,0,0
1415,1415,1777638162.5607505,4678.063999999999,1.5751211813183765,-0.038252792533626234,-1.6824501897568283,-0.5754602461097562,2.0794401017188306,1.3008687564735535,0.29506319516719226,-0.6530026795375596,1.0767632011164578,-0.9420942342535747,0.039958641636161016,1.4046920886971646,0.61,34.54,47.75,0.399,-0.767,0.798,58.9359499796177,-41.2005671455359,-24.508675774708927,34.282419381607,1,0,0,0,0
1416,1416,1777638162.5720284,4678.072,1.57505294547434,-0.038135526207180526,-1.6827695136192844,-0.575086869706162,2.0806274198794266,1.3000446577213616,0.29463336636042037,-0.6530374458094585,1.0768312860410565,-0.9426146873414891,0.03846756941089831,1.404107687522864,0.61,34.54,47.75,0.399,-0.767,0.798,58.9359499796177,-41.244448616230514,-24.53342644666577,34.21187871382045,1,0,0,0,0
1417,1417,1777638162.5757854,4678.08,1.5749839582853653,-0.03801737845959963,-1.6830927850375126,-0.5747088737419377,2.08183262804702,1.2992075404138514,0.2942109621861074,-0.6531119815788213,1.076849462812721,-0.9431090575324301,0.03691124937167125,1.403618672271667,0.61,34.54,47.75,0.399,-0.767,0.798,58.9359499796177,-41.28532386685927,-24.56363822037745,34.14082469107845,1,0,0,0,0
1418,1418,1777638162.5845127,4678.088,1.574914231092781,-0.0378983898513745,-1.6834199637425886,-0.5743263069636706,2.083055722338637,1.2983573778911346,0.2937789288872509,-0.6531188252532318,1.0769214858267888,-0.9436411233445112,0.035308898823675605,1.4030488242884178,0.61,34.54,47.75,0.399,-0.767,0.798,58.9359499796177,-41.32987098386991,-24.592366505258262,34.066163184716274,1,0,0,0,0
1419,1419,1777638162.590033,4678.096,1.574843775303017,-0.03777860156068069,-1.6837510088492262,-0.573939219010704,2.0842966988326372,1.297494142907067,0.29335024589304065,-0.6531506449574043,1.0769797336964166,-0.9441699008021914,0.03385334159038655,1.4024977593264532,0.61,34.54,47.75,0.399,-0.767,0.798,58.9359499796177,-41.37198444099825,-24.616718897966965,33.99738598940034,1,0,0,0,0
1420,1420,1777638162.6309695,4678.103999999999,1.5747726023828568,-0.03765805538353817,-1.6840858788549582,-0.5735476604237801,2.0855555535693773,1.296617807620092,0.29293597468173704,-0.6531696557462086,1.0770297565377713,-0.9446661456234906,0.0323195343728819,1.401944957471776,0.61,34.54,47.75,0.399,-0.767,0.798,58.9359499796177,-41.41446973061318,-24.644163940200194,33.92569941240211,1,0,0,0,0
1421,1421,1777638162.6310875,4678.112,1.574700723854618,-0.03753679373394281,-1.6844245316392978,-0.5731516826539194,2.086832282551861,1.2957283435838818,0.29244355341966954,-0.6533052707953677,1.0770833067157792,-0.9451268352656761,0.03066046458715061,1.4012490615548265,0.61,34.54,47.75,0.399,-0.767,0.798,58.9359499796177,-41.462625335726244,-24.672086271462014,33.84649256987682,1,0,0,0,0
1422,1422,1777638162.6326256,4678.112,1.574700723854618,-0.03753679373394281,-1.6844245316392978,-0.5731516826539194,2.086832282551861,1.2957283435838818,0.29244355341966954,-0.6533052707953677,1.0770833067157792,-0.9451268352656761,0.03066046458715061,1.4012490615548265,-0.29,-5.31,55.11,1.105,1.355,8.353,55.36598504497143,-8.099144109045344,-46.977459200836904,28.158737395959715,0,1,0,0,0
1423,1423,1777638162.6326697,4678.12,1.5746281512912486,-0.03741485964397029,-1.6847669244628847,-0.5727513380715266,2.088126881746388,1.2948257217377774,0.2919821517461493,-0.6532963764072305,1.0771756251689268,-0.9457514246311953,0.029041655764710562,1.4006934566681155,-0.29,-5.31,55.11,1.105,1.355,8.353,55.36598504497143,-8.13042998527382,-46.99474792020679,28.120847714298712,1,0,0,0,0
1424,1424,1777638162.635329,4678.128,1.5745548963113452,-0.03729229676384538,-1.6851130139666068,-0.5723466799757411,2.089439347083196,1.2939099123970212,0.2915295947486356,-0.6534004875316326,1.0771988529868033,-0.9462094025993185,0.027373708458115018,1.4000830429174516,-0.29,-5.31,55.11,1.105,1.355,8.353,55.36598504497143,-8.163448017401521,-47.01589207215971,28.075902641343752,1,0,0,0,0
1425,1425,1777638162.6380897,4678.1359999999995,1.5744809705740908,-0.03716914936198279,-1.6854627561707005,-0.5719377626040298,2.0907696744570927,1.2929808852427804,0.2910724730089041,-0.6534809322752693,1.0772324472637784,-0.9467369871844666,0.02562586703214909,1.3994954497046468,-0.29,-5.31,55.11,1.105,1.355,8.353,55.36598504497143,-8.195537380871976,-47.037242513398134,28.030756032873978,1,0,0,0,0
1426,1426,1777638162.639779,4678.144,1.574406385774112,-0.037045462324988065,-1.6858161064738297,-0.5715246411420312,2.092117859728079,1.29203860931195,0.29056009708093744,-0.6534353451655317,1.0773466393454654,-0.9474281758186436,0.023946346065285094,1.398875720708288,-0.29,-5.31,55.11,1.105,1.355,8.353,55.36598504497143,-8.230176244265213,-47.05422161390139,27.992083296857118,1,0,0,0,0
1427,1427,1777638162.6430557,4678.152,1.5743311536362574,-0.03692128115762294,-1.6861730196521414,-0.5711073717336568,2.093483898721966,1.291083052986746,0.29009298542438006,-0.6534670091064113,1.07742515477186,-0.9480344545239414,0.022151040746933814,1.3982998875606742,-0.29,-5.31,55.11,1.105,1.355,8.353,55.36598504497143,-8.26186565861622,-47.07496773192757,27.947831559478,1,0,0,0,0
1428,1428,1777638162.6470935,4678.16,1.5742552859102918,-0.03679665198273607,-1.686533449858306,-0.5706860114914525,2.094867787230979,1.290114183984067,0.28958339308962805,-0.6535989556925721,1.077451190805319,-0.9485733059695284,0.02026837676703498,1.397656438703331,-0.29,-5.31,55.11,1.105,1.355,8.353,55.36598504497143,-8.296450256179064,-47.09839115266081,27.898078141293308,1,0,0,0,0
1429,1429,1777638162.6547444,4678.168,1.574178794365512,-0.03667162154115022,-1.6868973506205265,-0.5702606185072296,2.0962695210143494,1.289131969344635,0.2890755990551167,-0.6536261792152607,1.0775338536183092,-0.9491876329423286,0.018431232147546193,1.3970589640793805,-0.29,-5.31,55.11,1.105,1.355,8.353,55.36598504497143,-8.329026958424844,-47.11965310893663,27.852430788340723,1,0,0,0,0
1430,1430,1777638162.664562,4678.1759999999995,1.574101690785275,-0.036546237191507736,-1.6872646748415256,-0.5698312518629711,2.0976890957989003,1.2881363754218969,0.28857456647866553,-0.6537862159970781,1.077557794064217,-0.9496937860751502,0.01650715127366018,1.3963863995282568,-0.29,-5.31,55.11,1.105,1.355,8.353,55.36598504497143,-8.364628173794468,-47.14430323741336,27.79999942037734,1,0,0,0,0
1431,1431,1777638162.6693993,4678.184,1.5740239869614516,-0.03642054691007601,-1.687635374797523,-0.5693979716420179,2.0991265072796117,1.2871273678706983,0.2880317860385633,-0.6538321533567056,1.0776621872947907,-0.9503601394387954,0.014606938046609657,1.395718021939698,-0.29,-5.31,55.11,1.105,1.355,8.353,55.36598504497143,-8.400840490582752,-47.16555349305161,27.75299520314648,1,0,0,0,0
1432,1432,1777638162.6762471,4678.192,1.5739456946887893,-0.03629459929050238,-1.6880094021371672,-0.5689608389405425,2.100581751120178,1.2861049116357055,0.28751437778957967,-0.653898919784324,1.0777117801154474,-0.9509504088713294,0.012781255286797931,1.395020990320209,-0.29,-5.31,55.11,1.105,1.355,8.353,55.36598504497143,-8.438042597061255,-47.186733741915425,27.705665411604166,1,0,0,0,0
1433,1433,1777638162.6835742,4678.2,1.5738668257591968,-0.03616844354352455,-1.6883867078804649,-0.5685199158793175,2.1020548229535474,1.2850689709395917,0.2870176543436156,-0.6539850319665511,1.0777821777237686,-0.9515016857575543,0.010895863858633576,1.3943885133988692,-0.29,-5.31,55.11,1.105,1.355,8.353,55.36598504497143,-8.471505706196467,-47.209824483518304,27.65607281060123,1,0,0,0,0
1434,1434,1777638162.6941774,4678.208,1.57378739195594,-0.03604212949663399,-1.6887672424176738,-0.5680752656157866,2.1035457183824473,1.2840195092709612,0.2864703071720726,-0.6541701895513923,1.0777899485308082,-0.9519807673710466,0.008914965813974067,1.3936886259708006,-0.29,-5.31,55.11,1.105,1.355,8.353,55.36598504497143,-8.5077626563421,-47.23578978374637,27.60055140914892,1,0,0,0,0
1435,1435,1777638162.6982708,4678.215999999999,1.5737074050477595,-0.03591570759368068,-1.6891509555081754,-0.5676269523564423,2.105054432979893,1.2829564893720233,0.28593954530982924,-0.6542451540151438,1.0778601435957602,-0.9525784986550555,0.007000078738240788,1.3930042801046887,-0.29,-5.31,55.11,1.105,1.355,8.353,55.36598504497143,-8.543862192259873,-47.258382126641855,27.55068125495211,1,0,0,0,0
1436,1436,1777638162.7053049,4678.224,1.5736268767828951,-0.03578922889443259,-1.6895377962793212,-0.5671750413695182,2.106580962289677,1.2818798732260008,0.2854230482950235,-0.6543084778781482,1.077913993242327,-0.953181444528093,0.0051090458160376225,1.3923505454246863,-0.29,-5.31,55.11,1.105,1.355,8.353,55.36598504497143,-8.578322499289465,-47.28047685131486,27.502021594974867,1,0,0,0,0
1437,1437,1777638162.713208,4678.232,1.5735458188830327,-0.03566274507407474,-1.6899277132252628,-0.5667195989980085,2.1081253018268433,1.2807896220442734,0.2848726938284599,-0.6543807009189768,1.0779923222561982,-0.953821570831425,0.0030977006632895796,1.3916290695092297,-0.29,-5.31,55.11,1.105,1.355,8.353,55.36598504497143,-8.616171841412626,-47.303902273567154,27.449858150672753,1,0,0,0,0
1438,1438,1777638162.7208161,4678.24,1.5734642430371588,-0.03553630842265054,-1.6903206542057418,-0.5662606926730174,2.109687447078138,1.2796856962532397,0.28432687766326636,-0.6545246168825274,1.0780176693528891,-0.9543459525662723,0.0011065786962195538,1.390902708416388,-0.29,-5.31,55.11,1.105,1.355,8.353,55.36598504497143,-8.653483180550108,-47.329001172390065,27.394802004537922,1,0,0,0,0
1439,1439,1777638162.726374,4678.248,1.5733821608953322,-0.03540997184444539,-1.690716566444868,-0.5657983909274433,2.1112673935024433,1.2785680554809087,0.28378302433966496,-0.6545506369721045,1.0781179755570585,-0.9550269778904519,-0.000842197547214117,1.3902058255721885,-0.29,-5.31,55.11,1.105,1.355,8.353,55.36598504497143,-8.69012244304982,-47.350526187816165,27.345963900761237,1,0,0,0,0
1440,1440,1777638162.7340298,4678.255999999999,1.5732995840623678,-0.03528378885730721,-1.6911153965298702,-0.5653327634100176,2.1128651365311857,1.2774366585431975,0.28320985333140053,-0.6545840286241699,1.078182833234994,-0.95568864866295,-0.0028796189435273275,1.3894836389550775,-0.29,-5.31,55.11,1.105,1.355,8.353,55.36598504497143,-8.727660684210338,-47.373915887871526,27.293448525793927,1,0,0,0,0
1441,1441,1777638162.7411606,4678.264,1.573220326560234,-0.035157016935651875,-1.6915171207990163,-0.5648663837993464,2.114478160557564,1.2762881303625448,0.2826297287956363,-0.6547131364984002,1.0782145657472,-0.9562873083653882,-0.00494617416876619,1.3886809647790461,-0.29,-5.31,55.11,1.105,1.355,8.353,55.36598504497143,-8.768760781395317,-47.398739545762865,27.237118493548444,1,0,0,0,0
1442,1442,1777638162.7482061,4678.272,1.5731496275609258,-0.03502861036159466,-1.6919217282700778,-0.5644027973971735,2.1161030111636525,1.2751178289172165,0.2820404758240499,-0.6548037678959889,1.0783057621637924,-0.9569091202097724,-0.006997199287380596,1.3878257404874839,-0.29,-5.31,55.11,1.105,1.355,8.353,55.36598504497143,-8.812566279157949,-47.42269494264248,27.18122476917692,1,0,0,0,0
1443,1443,1777638162.7514503,4678.272,1.5731496275609258,-0.03502861036159466,-1.6919217282700778,-0.5644027973971735,2.1161030111636525,1.2751178289172165,0.2820404758240499,-0.6548037678959889,1.0783057621637924,-0.9569091202097724,-0.006997199287380596,1.3878257404874839,-0.3,-5.31,55.15,1.115,1.367,8.365,55.405853481378664,-8.82601138223928,-47.45966521819102,27.19357093979768,0,1,0,0,0
1444,1444,1777638162.7589693,4678.28,1.5730889267485049,-0.0348983157461209,-1.6923291783263146,-0.5639430765854732,2.1177387447240825,1.273924427893518,0.28146621215070966,-0.6548441604762443,1.0784083482093825,-0.9576247339820062,-0.009100832215252206,1.3870270393123783,-0.3,-5.31,55.15,1.115,1.367,8.365,55.405853481378664,-8.867226203143835,-47.482989538766354,27.139392106745568,1,0,0,0,0
1445,1445,1777638162.7629213,4678.288,1.573038242698531,-0.03476617735073351,-1.6927394182557336,-0.5634873639255922,2.1193853560792055,1.2727078436415065,0.280903393378818,-0.6549936652816143,1.0784290916127874,-0.9582239927400692,-0.0112178667636247,1.386202195607346,-0.3,-5.31,55.15,1.115,1.367,8.365,55.405853481378664,-8.908914118884287,-47.508532339166976,27.080974949227162,1,0,0,0,0
1446,1446,1777638162.7698474,4678.295999999999,1.5729975940921372,-0.034632239758099814,-1.693152394426658,-0.563035804986451,2.1210428397994914,1.2714679907939637,0.2803375251675251,-0.6550944554493727,1.0784642468722458,-0.9588432003189284,-0.013428343785393631,1.3854263594201317,-0.3,-5.31,55.15,1.115,1.367,8.365,55.405853481378664,-8.947846706323869,-47.53547119392395,27.020799723393715,1,0,0,0,0
1447,1447,1777638162.7770715,4678.304,1.572966999710987,-0.034496547868883454,-1.6935680522847765,-0.5625885483744613,2.1227111901758904,1.2702047822430247,0.2797605531015903,-0.6551247611073857,1.0785600424334423,-0.9596432513316963,-0.01564896768534796,1.3846225009801485,-0.3,-5.31,55.15,1.115,1.367,8.365,55.405853481378664,-8.989079082289127,-47.559248927874684,26.96521645877894,1,0,0,0,0
1448,1448,1777638162.7845051,4678.312,1.5729464784321232,-0.03435914689849806,-1.6939863363501253,-0.5621457457640044,2.1243904012099275,1.268918129116419,0.27916269241350455,-0.6551810530037417,1.0786123338445195,-0.9603837327344729,-0.01792713214127817,1.3838269756396575,-0.3,-5.31,55.15,1.115,1.367,8.365,55.405853481378664,-9.02922857253941,-47.585099137305065,26.906132599793782,1,0,0,0,0
1449,1449,1777638162.79134,4678.32,1.572936049222725,-0.03422008237379082,-1.6944071902139939,-0.5617075519284764,2.126080466603526,1.2676079407533205,0.2786075935388611,-0.6553082352553976,1.0786621054143166,-0.9610568237883378,-0.02029737056735934,1.3830521196926049,-0.3,-5.31,55.15,1.115,1.367,8.365,55.405853481378664,-9.067522700019406,-47.613801044331524,26.842402690434515,1,0,0,0,0
1450,1450,1777638162.7989366,4678.3279999999995,1.5729357311347538,-0.03407940012964872,-1.6948305565357575,-0.5612741247719049,2.127781379748553,1.2662741246797946,0.27805057850001114,-0.6553134137169836,1.0787233052555725,-0.961826957516264,-0.02251823405560826,1.3822618995014881,-0.3,-5.31,55.15,1.115,1.367,8.365,55.405853481378664,-9.10733061604866,-47.638010600789634,26.78591187637706,1,0,0,0,0
1451,1451,1777638162.8097806,4678.336,1.5729455432994983,-0.03393714630553024,-1.695256377039625,-0.5608456253611456,2.1294931337160827,1.2649165865838432,0.2774679706004996,-0.6553883747207362,1.0787786904906493,-0.9626082084085714,-0.024853236396496982,1.3814775881270744,-0.3,-5.31,55.15,1.115,1.367,8.365,55.405853481378664,-9.146441469847256,-47.6640380571571,26.726217175734725,1,0,0,0,0
1452,1452,1777638162.8159087,4678.344,1.5729655049220153,-0.03379336734192062,-1.69568459251132,-0.5604222179586706,2.1312157212453706,1.2635352302900378,0.27688427836501084,-0.6554979830029047,1.0788284562715682,-0.9632678392726273,-0.02719345099450283,1.3806203869174496,-0.3,-5.31,55.15,1.115,1.367,8.365,55.405853481378664,-9.188360952855767,-47.69207103934811,26.661751311153775,1,0,0,0,0
1453,1453,1777638162.820943,4678.352,1.5729956352754615,-0.03364810997671075,-1.6961151427946728,-0.5600040700559452,2.132949134732537,1.262129957733733,0.27631446029433887,-0.655625771823236,1.0788704539201213,-0.9639692047514031,-0.029618173395831032,1.3797427536677163,-0.3,-5.31,55.15,1.115,1.367,8.365,55.405853481378664,-9.2311501121812,-47.72076439098018,26.595546874372307,1,0,0,0,0
1454,1454,1777638162.8279018,4678.36,1.5730359536953191,-0.033501421241499685,-1.696547966788133,-0.5595913524074154,2.1346933662189493,1.260700668934863,0.2757063192763857,-0.6556223799047651,1.0789621471528124,-0.9647984836056653,-0.03186482355192233,1.3788509220914518,-0.3,-5.31,55.15,1.115,1.367,8.365,55.405853481378664,-9.275689987584014,-47.74393852442791,26.538396888845455,1,0,0,0,0
1455,1455,1777638162.8347156,4678.3679999999995,1.5730864795735098,-0.033353348457816345,-1.696983002441197,-0.5591842390650967,2.1364484073792993,1.2592472619713,0.27514922416086096,-0.655741231667909,1.0790123712372308,-0.9654457489826757,-0.034198646987111204,1.3779631285741143,-0.3,-5.31,55.15,1.115,1.367,8.365,55.405853481378664,-9.318520719587411,-47.77182103788708,26.47313518121171,1,0,0,0,0
1456,1456,1777638162.843132,4678.376,1.5731472323524,-0.03320393923327103,-1.6974201867507475,-0.5587829074137867,2.1382142495093723,1.2577696329517831,0.2745663122457145,-0.655778809684815,1.0790974149940245,-0.9662370640980575,-0.03651048912852697,1.377029838853883,-0.3,-5.31,55.15,1.115,1.367,8.365,55.405853481378664,-9.36439241603891,-47.79661066296768,26.412132890228985,1,0,0,0,0
1457,1457,1777638162.8491037,4678.384,1.5732182315186924,-0.033053241457621674,-1.6978594557573103,-0.5583875382068983,2.139990883513499,1.2562676759884033,0.2739897936549228,-0.6559454557064853,1.0791424728643795,-0.9668712085488393,-0.03898318165461452,1.3760975508898576,-0.3,-5.31,55.15,1.115,1.367,8.365,55.405853481378664,-9.408611141033173,-47.82694761887908,26.341406907335507,1,0,0,0,0
1458,1458,1777638162.862808,4678.392,1.5732994965972047,-0.03290130329876639,-1.6983007445412142,-0.5579983156029273,2.1417782998916826,1.2547412831686406,0.2734525132079674,-0.6559777094308777,1.0792000058042643,-0.9675495651772115,-0.041099459446656564,1.3751137517985073,-0.3,-5.31,55.15,1.115,1.367,8.365,55.405853481378664,-9.456583643713348,-47.849991078399015,26.2823130562473,1,0,0,0,0
1459,1459,1777638162.8650415,4678.4,1.5733910471445327,-0.03274817319865786,-1.6987439872186574,-0.5576154272025597,2.143576488726401,1.2531903445269448,0.2729250072088417,-0.6560331189139686,1.0792480467145715,-0.9683599211625316,-0.04369305692501344,1.3743284937608728,-0.3,-5.31,55.15,1.115,1.367,8.365,55.405853481378664,-9.493530258175516,-47.87966657999612,26.214862414773584,1,0,0,0,0
1460,1460,1777638162.8717716,4678.407999999999,1.5734929027425972,-0.032593899869137744,-1.6991891169376814,-0.5572390640864233,2.1453854396690715,1.2516147480158564,0.27236146772814496,-0.6560937055167757,1.0793089473788313,-0.9691144659022027,-0.04608051483529743,1.3734267495681762,-0.3,-5.31,55.15,1.115,1.367,8.365,55.405853481378664,-9.536519995897375,-47.90629293071664,26.150535061528267,1,0,0,0,0
1461,1461,1777638162.8777945,4678.416,1.5736050829920727,-0.03243853228769478,-1.6996360658740457,-0.5568694208534986,2.147205141926174,1.2500143794766618,0.27177328666347933,-0.6562194868495966,1.0793649813137938,-0.969812972586191,-0.04853858272960621,1.3724765120971838,-0.3,-5.31,55.15,1.115,1.367,8.365,55.405853481378664,-9.581212658787317,-47.93494265034941,26.08160725673953,1,0,0,0,0
1462,1462,1777638162.884983,4678.424,1.5737276075056965,-0.03228211969314465,-1.700084765227004,-0.5565066956601887,2.1490355842450275,1.2483891226095718,0.27122828021360906,-0.6563318532008906,1.079404382392468,-0.9705250947297042,-0.05110852180679719,1.3715092223920244,-0.3,-5.31,55.15,1.115,1.367,8.365,55.405853481378664,-9.626254553456437,-47.96521017669773,26.009275960266002,1,0,0,0,0
1463,1463,1777638162.8920434,4678.432,1.5738604959014573,-0.03212471158123531,-1.700535145214964,-0.5561510902600606,2.15087675489921,1.2467388589434218,0.27065431280719376,-0.6563766706160371,1.0794951813037723,-0.9713097276924169,-0.05355448964230248,1.3705881585503565,-0.3,-5.31,55.15,1.115,1.367,8.365,55.405853481378664,-9.669552846746184,-47.9921066889563,25.943516401980276,1,0,0,0,0
1464,1464,1777638162.894911,4678.432,1.5738604959014573,-0.03212471158123531,-1.700535145214964,-0.5561510902600606,2.15087675489921,1.2467388589434218,0.27065431280719376,-0.6563766706160371,1.0794951813037723,-0.9713097276924169,-0.05355448964230248,1.3705881585503565,-0.28,-5.31,55.17,1.118,1.367,8.364,55.42565651392864,-9.668189388590328,-48.0006889616046,25.970432671745,0,1,0,0,0
1465,1465,1777638162.9651613,4678.44,1.5740037677956609,-0.03196635770017053,-1.7009871350710632,-0.5558028100442645,2.152728641673619,1.2450634678048846,0.27007342166702125,-0.6565323736931137,1.0795357933450982,-0.9720035263804754,-0.05618482272363309,1.3695260867038235,-0.28,-5.31,55.17,1.118,1.367,8.364,55.42565651392864,-9.717328278282647,-48.031950881609326,25.89418130852485,1,0,0,0,0
1466,1466,1777638162.9669302,4678.447999999999,1.5741574427958718,-0.031807108046059795,-1.701440663038607,-0.5554620640826364,2.1545912318491607,1.24336282628719,0.2695115731606354,-0.6566065502214317,1.079617073544932,-0.9727899447773553,-0.0587463006071677,1.3685688834425507,-0.28,-5.31,55.17,1.118,1.367,8.364,55.42565651392864,-9.761658489100807,-48.060631912412774,25.82419570328837,1,0,0,0,0
1467,1467,1777638162.9669983,4678.456,1.5743215404937296,-0.03164701285829086,-1.7018956563664176,-0.555129065165497,2.156464512187066,1.241636809218348,0.2689039205857526,-0.6567385067461701,1.0796698759097052,-0.9735949646634228,-0.0614887722696222,1.3675594402456328,-0.28,-5.31,55.17,1.118,1.367,8.364,55.42565651392864,-9.80784670027441,-48.09194211896594,25.748294046983894,1,0,0,0,0
1468,1468,1777638162.9687939,4678.464,1.5744960804576384,-0.031486122614829526,-1.7023520413040494,-0.5548040298461476,2.158348468912821,1.2398852891288605,0.2682890262289298,-0.6568496456060723,1.0797412868590817,-0.9743937877143153,-0.06422301552532761,1.3664925075862304,-0.28,-5.31,55.17,1.118,1.367,8.364,55.42565651392864,-9.856682727057862,-48.12296832633133,25.67156257575746,1,0,0,0,0
1469,1469,1777638162.9688497,4678.472,1.5746810822253268,-0.03132448802744303,-1.7028097430968927,-0.5544871784840764,2.1602430876997096,1.2381081362189263,0.2677215410958388,-0.6568785745674137,1.0798493651927732,-0.9752443284997344,-0.06694159156566672,1.3654879152103616,-0.28,-5.31,55.17,1.118,1.367,8.364,55.42565651392864,-9.902432412063465,-48.15294131620106,25.59764588635083,1,0,0,0,0
1470,1470,1777638162.9709477,4678.48,1.5748765652962786,-0.031162160036848796,-1.7032686859811488,-0.5541787352888772,2.162148353651954,1.236305218325124,0.2671237423958777,-0.6570121289686014,1.0798957165962406,-0.976064295444308,-0.06973445308099549,1.3644753488737618,-0.28,-5.31,55.17,1.118,1.367,8.364,55.42565651392864,-9.947833859396813,-48.18462830203509,25.520297743179988,1,0,0,0,0
1471,1471,1777638162.972592,4678.487999999999,1.5750825491240312,-0.030999189807794814,-1.7037287931786818,-0.5538789283648953,2.164064251287455,1.2344764008865718,0.26653886406205735,-0.6569838265707336,1.0800034408760595,-0.9769696630323076,-0.07235930351114753,1.3634688494040597,-0.28,-5.31,55.17,1.118,1.367,8.364,55.42565651392864,-9.993839675147054,-48.21188915971087,25.450742861441405,1,0,0,0,0
1472,1472,1777638162.9726484,4678.496,1.5752990531083406,-0.030835628724062758,-1.7041899868917305,-0.5535879897566005,2.1659907645201124,1.2326215469105577,0.26598372920205565,-0.657149505499185,1.0800480795715641,-0.9777094758235917,-0.07518846199001071,1.3624130018633103,-0.28,-5.31,55.17,1.118,1.367,8.364,55.42565651392864,-10.040251673573845,-48.24527652373392,25.36907644120588,1,0,0,0,0
1473,1473,1777638162.9751751,4678.504,1.5755218154951869,-0.030672883329952327,-1.7046504833112728,-0.5533046604018281,2.16792307941092,1.2307505262297083,0.26539581316839916,-0.6572157847526862,1.0801148879970237,-0.9785357030347533,-0.07789968272951309,1.3613512556521983,-0.28,-5.31,55.17,1.118,1.367,8.364,55.42565651392864,-10.087690514243555,-48.275057449451246,25.29349181787723,1,0,0,0,0
1474,1474,1777638162.9775152,4678.512,1.5757459527098947,-0.030512519775725444,-1.7051083038007704,-0.5530273421511991,2.169855711477777,1.228874695277229,0.26483574603097365,-0.6573073390919701,1.080181677917731,-0.9793710561585666,-0.08066842995162711,1.360304943849703,-0.28,-5.31,55.17,1.118,1.367,8.364,55.42565651392864,-10.13387018719851,-48.30564737700529,25.21651257643354,1,0,0,0,0
1475,1475,1777638162.977573,4678.5199999999995,1.5759708522617037,-0.03035472934797845,-1.7055632036302288,-0.5527558520917859,2.171787978644674,1.226995445513194,0.2643041420170616,-0.65740731512174,1.0802441935356428,-0.980101195997393,-0.08336673423882626,1.3592246283899143,-0.28,-5.31,55.17,1.118,1.367,8.364,55.42565651392864,-10.181178395100371,-48.33660288781373,25.138015589002624,1,0,0,0,0
1476,1476,1777638162.9964404,4678.527999999999,1.57619650672524,-0.030199510517221917,-1.706015180858362,-0.5524902145562134,2.1737198777313087,1.2251127547552416,0.2637038451211956,-0.6574464947958735,1.0803187659510405,-0.9809666128296092,-0.08605353347042968,1.3581531754284606,-0.28,-5.31,55.17,1.118,1.367,8.364,55.42565651392864,-10.228625519899218,-48.36504020581943,25.063948329485854,1,0,0,0,0
1477,1477,1777638162.9966073,4678.536,1.5764229086619113,-0.030046861713842077,-1.7064642335353426,-0.5522304540487273,2.1756514055142433,1.2232266006913166,0.2631135777270457,-0.6575558461738027,1.080373896353678,-0.9817170561420459,-0.08875950152942731,1.3570092224125905,-0.28,-5.31,55.17,1.118,1.367,8.364,55.42565651392864,-10.27870336685007,-48.39542297198635,24.984689160740853,1,0,0,0,0
1478,1478,1777638162.9968116,4678.544,1.57665005061989,-0.029896781327981792,-1.7069103597027073,-0.5519765952464324,2.177582558726656,1.221336960878486,0.26255557963824716,-0.6575870885734687,1.0804430688804667,-0.9825760166878659,-0.09148682650228117,1.356015263889703,-0.28,-5.31,55.17,1.118,1.367,8.364,55.42565651392864,-10.321435024472052,-48.424754039611145,24.910129972337863,1,0,0,0,0
1479,1479,1777638162.999913,4678.552,1.576877925134094,-0.029749267709426874,-1.7073535573932581,-0.5517286630005476,2.179513334058089,1.2194438127417406,0.2619892768850586,-0.6576515312000181,1.0805077670064707,-0.9833887512713312,-0.09412780589527527,1.354981895205191,-0.28,-5.31,55.17,1.118,1.367,8.364,55.42565651392864,-10.366033148569503,-48.45317735269014,24.836230816923784,1,0,0,0,0
1480,1480,1777638163.0073078,4678.5599999999995,1.5771065247261709,-0.02960431916748618,-1.7077938246309454,-0.5514866823376723,2.181443728154191,1.2175471335727872,0.26142660562502507,-0.6577291179242186,1.0805576440748306,-0.9841899090174048,-0.0968571754653036,1.353909099896176,-0.28,-5.31,55.17,1.118,1.367,8.364,55.42565651392864,-10.411859765569417,-48.48310171324892,24.758542454774602,1,0,0,0,0
1481,1481,1777638163.0148406,4678.568,1.5773358419044785,-0.029461933970878817,-1.7082311594307704,-0.5512506784610656,2.1833737376164644,1.2156469005288333,0.2608716228701449,-0.657797958979935,1.0806187477330342,-0.9850136992433546,-0.09948351135354688,1.35285575949898,-0.28,-5.31,55.17,1.118,1.367,8.364,55.42565651392864,-10.457076287555605,-48.5108790523128,24.684966459124897,1,0,0,0,0
1482,1482,1777638163.0222065,4678.576,1.5775658691640708,-0.029322110347619557,-1.7086655597986713,-0.5510206767519383,2.185303359002003,1.2137430906313575,0.26029825535472206,-0.6578799076570502,1.080705696763714,-0.9858062359290831,-0.10229367139441561,1.351791465469441,-0.28,-5.31,55.17,1.118,1.367,8.364,55.42565651392864,-10.501450002243253,-48.54218992578506,24.604445636091786,1,0,0,0,0
1483,1483,1777638163.0292192,4678.584,1.5777965989866798,-0.029184846484905158,-1.709097023731399,-0.5507967027707608,2.1872325888232313,1.2118356807648745,0.2596898479949137,-0.6579005679887494,1.0807922083947215,-0.9867700133044041,-0.10507629712751079,1.3507849725179606,-0.28,-5.31,55.17,1.118,1.367,8.364,55.42565651392864,-10.543776330348786,-48.570327038424736,24.530705494869952,1,0,0,0,0
1484,1484,1777638163.041231,4678.592,1.5780280238407007,-0.029050140529001567,-1.709525549216405,-0.5505787822585804,2.1891614235476387,1.2099246476756855,0.25909682480144086,-0.657980879765596,1.080840687782277,-0.9875923607568742,-0.10786141966500326,1.3496521462449698,-0.28,-5.31,55.17,1.118,1.367,8.364,55.42565651392864,-10.591344361780855,-48.60033546116179,24.450648614560574,1,0,0,0,0
1485,1485,1777638163.041422,4678.592,1.5780280238407007,-0.029050140529001567,-1.709525549216405,-0.5505787822585804,2.1891614235476387,1.2099246476756855,0.25909682480144086,-0.657980879765596,1.080840687782277,-0.9875923607568742,-0.10786141966500326,1.3496521462449698,-0.18,-5.16,55.16,1.125,1.37,8.358,55.401115512234945,-10.697726938326984,-48.49701801404573,24.553644985995813,0,1,0,0,0
1486,1486,1777638163.0453756,4678.599999999999,1.5782601361811759,-0.02891799058513378,-1.7099511342317193,-0.550366941138356,2.1910898595975135,1.2080099679706189,0.2585088712838043,-0.6580185629677758,1.0809091325021263,-0.9884909171397431,-0.11070132584614188,1.3485897142088612,-0.18,-5.16,55.16,1.125,1.37,8.358,55.401115512234945,-10.741902718624791,-48.52700881467354,24.474977864835694,1,0,0,0,0
1487,1487,1777638163.0507998,4678.608,1.5784929284497806,-0.028788394717373933,-1.710373776745815,-0.5501612055163054,2.193017893349673,1.206091618115762,0.257928872051281,-0.658011608697133,1.0810118346842423,-0.9894101402131756,-0.11337446260755739,1.3475755038920958,-0.18,-5.16,55.16,1.125,1.37,8.358,55.401115512234945,-10.784373381773904,-48.55391805198325,24.402826323272066,1,0,0,0,0
1488,1488,1777638163.057834,4678.616,1.5787263930748074,-0.02866135094853206,-1.7107934747174873,-0.5499616016832638,2.194945521135191,1.2041695744351815,0.2573600012347679,-0.6581666460252181,1.0810418847514784,-0.9901521135291323,-0.11621448255947417,1.346484167751418,-0.18,-5.16,55.16,1.125,1.37,8.358,55.401115512234945,-10.828459718855461,-48.586212704706874,24.318881453103565,1,0,0,0,0
1489,1489,1777638163.0649269,4678.624,1.5789605224711527,-0.02853685726004862,-1.7112102260957123,-0.5497681561160599,2.1968727392391223,1.2022438131096331,0.256788404951379,-0.6582227783845623,1.0811396011827565,-0.9909748019844462,-0.11892880047950478,1.3454278543979126,-0.18,-5.16,55.16,1.125,1.37,8.358,55.401115512234945,-10.87167556291863,-48.61509829887672,24.24175092366867,1,0,0,0,0
1490,1490,1777638163.0724282,4678.632,1.5791953090403026,-0.02841491159188525,-1.7116240288195126,-0.5495808954789032,2.1987995439002255,1.2003143101752594,0.25621096696954404,-0.658378059675712,1.0811596601088822,-0.9916768774051308,-0.12170999536451792,1.3442811927175826,-0.18,-5.16,55.16,1.125,1.37,8.358,55.401115512234945,-10.918046817115691,-48.646672398071125,24.157423668388425,1,0,0,0,0
1491,1491,1777638163.0795968,4678.639999999999,1.5794307451703196,-0.02829551184242085,-1.712034880817809,-0.5493998466247891,2.200725931310682,1.1983810415222766,0.25565732231059024,-0.6584345498811132,1.0812226944239058,-0.9924766147753693,-0.1244102647809057,1.3432178567829924,-0.18,-5.16,55.16,1.125,1.37,8.358,55.401115512234945,-10.960988465905803,-48.67550432741736,24.07977596079026,1,0,0,0,0
1492,1492,1777638163.0866442,4678.648,1.5796668232358297,-0.028178655868343228,-1.7124427800092796,-0.5492250365969147,2.2026518976158136,1.196443982893653,0.2550462025399911,-0.6585645848126422,1.0812746686938064,-0.9932608984879292,-0.12713595518539578,1.3420720961623036,-0.18,-5.16,55.16,1.125,1.37,8.358,55.401115512234945,-11.007561976322584,-48.70464007098416,23.99948363805564,1,0,0,0,0
1493,1493,1777638163.0935285,4678.656,1.57990353559801,-0.028064341484548727,-1.712847724302204,-0.5490564926301094,2.204577438913794,1.1945031098837733,0.2544667675946033,-0.6587287769263879,1.0812982076659552,-0.9939880726351839,-0.1299717336571024,1.340907096084646,-0.18,-5.16,55.16,1.125,1.37,8.358,55.401115512234945,-11.05380219682955,-48.73638541279851,23.913631967740212,1,0,0,0,0
1494,1494,1777638163.1009686,4678.664,1.580140874604576,-0.027952566464035655,-1.7132497115943117,-0.5488942421522829,2.2065025512553635,1.1925583979370922,0.25391505917107016,-0.6587509778057201,1.081395180737546,-0.994812589911892,-0.1325988009981907,1.339861199419715,-0.18,-5.16,55.16,1.125,1.37,8.358,55.401115512234945,-11.095610433650398,-48.76341054209988,23.839060833163916,1,0,0,0,0
1495,1495,1777638163.1081657,4678.672,1.58037883258977,-0.0278433285378048,-1.7136487397726228,-0.5487383127858854,2.208427230643533,1.1906098223467794,0.2533448428179563,-0.6587977239105505,1.0814831471072064,-0.9956273625022057,-0.13534513331758208,1.3387596248755995,-0.18,-5.16,55.16,1.125,1.37,8.358,55.401115512234945,-11.139156006559496,-48.792311203399535,23.75948591388588,1,0,0,0,0
1496,1496,1777638163.1154299,4678.679999999999,1.5806174018743508,-0.027736625394759074,-1.7140448067132823,-0.5485887323493834,2.2103514730332914,1.1886573582533497,0.2528164745106659,-0.6588745703693641,1.0815168123610386,-0.9964064545205189,-0.13793870717583145,1.3377868371301846,-0.18,-5.16,55.16,1.125,1.37,8.358,55.401115512234945,-11.17667530183676,-48.81962482763107,23.68564461623665,1,0,0,0,0
1497,1497,1777638163.1228957,4678.688,1.5808565747655816,-0.027632454681603136,-1.7144379102813936,-0.5484455288587506,2.2122752743313066,1.186700980643283,0.2522427313761291,-0.6590101494503743,1.0815552667728217,-0.9971447165233938,-0.14067027497813314,1.3366666603486597,-0.18,-5.16,55.16,1.125,1.37,8.358,55.401115512234945,-11.22021655350418,-48.84927047915051,23.603794486210564,1,0,0,0,0
1498,1498,1777638163.1299698,4678.696,1.5810963435572203,-0.027530814002745707,-1.7148280483308405,-0.5483087305289756,2.214198630395625,1.1847406643476326,0.25166074070821076,-0.6590823084307383,1.0816377133767991,-0.9979363311902685,-0.14336440765242153,1.3355603043323951,-0.18,-5.16,55.16,1.125,1.37,8.358,55.401115512234945,-11.263347071560425,-48.877412531797425,23.524862527591143,1,0,0,0,0
1499,1499,1777638163.1370516,4678.704,1.5813367005295087,-0.02743170092020364,-1.7152152187041203,-0.5481783657755788,2.216121537035368,1.182776384040623,0.2510973525969828,-0.6591923256991925,1.0816791941156856,-0.9986859406934148,-0.14609632058758848,1.3344778885755588,-0.18,-5.16,55.16,1.125,1.37,8.358,55.401115512234945,-11.30448449960667,-48.906854819355594,23.443800499847015,1,0,0,0,0
1500,1500,1777638163.1463537,4678.7119999999995,1.581577637949164,-0.027335112953505103,-1.7155994192321522,-0.548054463216153,2.218043990010422,1.180808114238232,0.25054095943257726,-0.6592348822012107,1.0817877901264596,-0.9995299266836883,-0.14889577040699944,1.3334181066169775,-0.18,-5.16,55.16,1.125,1.37,8.358,55.401115512234945,-11.344329526348062,-48.935929793030525,23.36374462472172,1,0,0,0,0
1501,1501,1777638163.152089,4678.719999999999,1.5818191480693689,-0.027241047579598998,-1.7159806477340958,-0.5479370516719149,2.219965985031131,1.1788358292967684,0.24992578628121187,-0.6593795622666807,1.0818539898552524,-1.0003049471457495,-0.15173035082413314,1.3322714357629473,-0.18,-5.16,55.16,1.125,1.37,8.358,55.401115512234945,-11.387570759517036,-48.96625716522687,23.279013970223463,1,0,0,0,0
1502,1502,1777638163.1591065,4678.728,1.5820612231297626,-0.027149502232759026,-1.7163589020171557,-0.5478261601692722,2.2218875177579815,1.1768595034114284,0.24934709117465953,-0.6593785456504145,1.0819528595549908,-1.0012255577671858,-0.15451253578552657,1.3312259343569064,-0.18,-5.16,55.16,1.125,1.37,8.358,55.401115512234945,-11.426689738299551,-48.99373767980664,23.201897116118186,1,0,0,0,0
1503,1503,1777638163.1664171,4678.736,1.5823038553564337,-0.027060474304494875,-1.71673417987639,-0.5477218179414063,2.2238085838012855,1.1748791106148486,0.24878266103017327,-0.6595118586575126,1.0819906030527942,-1.0019774142751698,-0.1573721672923146,1.3301296948435184,-0.18,-5.16,55.16,1.125,1.37,8.358,55.401115512234945,-11.466468822930562,-49.024859996097625,23.11637504228954,1,0,0,0,0
1504,1504,1777638163.1733842,4678.744,1.5825470369619108,-0.02697396114346251,-1.7171064790945056,-0.5476240544298738,2.22572917872086,1.1728946247756395,0.24821172741223985,-0.6595963892362988,1.0820468627286046,-1.0027397902017015,-0.16009779214247538,1.3290166554587728,-0.18,-5.16,55.16,1.125,1.37,8.358,55.401115512234945,-11.507791678603333,-49.05345954677624,23.035026311568533,1,0,0,0,0
1505,1505,1777638163.1806087,4678.7519999999995,1.5827907601451563,-0.02688996005537536,-1.7174757974416508,-0.547532899286221,2.2276492980257045,1.170906019596912,0.24764548636051895,-0.659572189882967,1.082155174357857,-1.0036538829708965,-0.162753154763316,1.3279748648546585,-0.18,-5.16,55.16,1.125,1.37,8.358,55.401115512234945,-11.546705839259593,-49.07874815644634,22.961569276896633,1,0,0,0,0
1506,1506,1777638163.1836128,4678.7519999999995,1.5827907601451563,-0.02688996005537536,-1.7174757974416508,-0.547532899286221,2.2276492980257045,1.170906019596912,0.24764548636051895,-0.659572189882967,1.082155174357857,-1.0036538829708965,-0.162753154763316,1.3279748648546585,-0.09,-5.39,55.18,1.103,1.384,8.362,55.442696543368086,-11.318366305703382,-49.1471102751847,23.029301677835427,0,1,0,0,0
1507,1507,1777638163.188166,4678.76,1.5830350170915586,-0.026808468302919053,-1.7178421326752087,-0.5474483823736165,2.229568937173672,1.1689132686147898,0.24711112800408938,-0.6596669302474252,1.0822138633191978,-1.004346892808295,-0.165421961561966,1.3268823738418662,-0.09,-5.39,55.18,1.103,1.384,8.362,55.442696543368086,-11.358214589868492,-49.17578363962169,22.948330326183065,1,0,0,0,0
1508,1508,1777638163.1966362,4678.768,1.5832797999729258,-0.02672948310566614,-1.7182054825395738,-0.5473705337684995,2.2314880915711406,1.166916345196908,0.24651762144185688,-0.6596909420854523,1.0822959136618489,-1.0052171766287947,-0.16807111165203828,1.3257580135659899,-0.09,-5.39,55.18,1.103,1.384,8.362,55.442696543368086,-11.400637345394598,-49.201182884731075,22.872727665541785,1,0,0,0,0
1509,1509,1777638163.211291,4678.776,1.5835251009474798,-0.0266530016399944,-1.7185658447659335,-0.547299383762244,2.2334067565726774,1.1649152225409027,0.24594360817728514,-0.6598172568297466,1.0823423668145853,-1.0059243072843467,-0.17074900644321564,1.3246224358391399,-0.09,-5.39,55.18,1.103,1.384,8.362,55.442696543368086,-11.442111864249643,-49.22945910876716,22.791029637649554,1,0,0,0,0
1510,1510,1777638163.327912,4678.784,1.58377091215985,-0.026579021039004225,-1.7189232170720423,-0.5472349628628397,2.235324927480702,1.1629098736728825,0.24537243404979958,-0.6598673855405808,1.0824421519912057,-1.006694345419418,-0.17345719053753095,1.3234661613065846,-0.09,-5.39,55.18,1.103,1.384,8.362,55.442696543368086,-11.484506656403891,-49.25709007587523,22.70986094444719,1,0,0,0,0
1511,1511,1777638163.3323424,4678.7919999999995,1.584017225741069,-0.026507538392439578,-1.7192775971619838,-0.5471773017965917,2.2372425995451453,1.160900271445894,0.24478660744452257,-0.6599491606793599,1.082487743261292,-1.0075200714833694,-0.17617767391005515,1.3223726047927724,-0.09,-5.39,55.18,1.103,1.384,8.362,55.442696543368086,-11.523731002799623,-49.28422042561873,22.630992925944255,1,0,0,0,0
1512,1512,1777638163.3324869,4678.8,1.5842640338085665,-0.026438550746609835,-1.7196289827259346,-0.5471264315098345,2.2391597679631046,1.1588863885383685,0.24425033710677277,-0.6599864000589754,1.0825567691213533,-1.008299908529671,-0.17877911117563466,1.321341801631272,-0.09,-5.39,55.18,1.103,1.384,8.362,55.442696543368086,-11.560164723566663,-49.310299041282605,22.555478270772454,1,0,0,0,0
1513,1513,1777638163.3325865,4678.808,1.584511328466166,-0.02637205510431606,-1.7199773714399207,-0.5470823831706646,2.2410764278784945,1.1568681974525585,0.2436693766243834,-0.6600567268647004,1.0826181844846912,-1.0090682873359533,-0.18146032550322133,1.3201900643268025,-0.09,-5.39,55.18,1.103,1.384,8.362,55.442696543368086,-11.601683972511916,-49.3372973638502,22.47497759360351,1,0,0,0,0
1514,1514,1777638163.3378215,4678.816,1.5847591018040803,-0.026308048424773745,-1.7203227609655656,-0.5470451881706895,2.242992574381695,1.1548456705129633,0.24315209662691065,-0.6601029716738965,1.0827127168689095,-1.0098690439399676,-0.1841381164465757,1.3191957476963108,-0.09,-5.39,55.18,1.103,1.384,8.362,55.442696543368086,-11.635287938591043,-49.36428144598893,22.398222963156478,1,0,0,0,0
1515,1515,1777638163.337978,4678.824,1.5850073458989082,-0.026246527623544402,-1.7206651489498341,-0.5470148781267961,2.2449082025091953,1.1528187798647362,0.2425785343688805,-0.6601668276210191,1.0827707435177465,-1.01066548101303,-0.18676989330285224,1.3180732656605867,-0.09,-5.39,55.18,1.103,1.384,8.362,55.442696543368086,-11.67535871722962,-49.390017343605095,22.32050146440258,1,0,0,0,0
1516,1516,1777638163.3380697,4678.831999999999,1.5852560528136312,-0.026187489572462752,-1.7210045330247716,-0.5469914848829323,2.2468233072432326,1.1507874974720833,0.24200354726954693,-0.6602291930491336,1.0828257176327374,-1.011439059246581,-0.1895194112041697,1.3169451220332768,-0.09,-5.39,55.18,1.103,1.384,8.362,55.442696543368086,-11.714339451598235,-49.4178875053144,22.238238368288513,1,0,0,0,0
1517,1517,1777638163.3432133,4678.84,1.5855052145976114,-0.02613093109956921,-1.7213409108072355,-0.54697504051191,2.2487378835114304,1.148751795116647,0.24141529079764348,-0.6602775013645554,1.0829220260303811,-1.0122498734194287,-0.1922866280172192,1.3157898119284874,-0.09,-5.39,55.18,1.103,1.384,8.362,55.442696543368086,-11.754468912358238,-49.44528514115994,22.156011326450226,1,0,0,0,0
1518,1518,1777638163.3434098,4678.848,1.5857548232865886,-0.02607684898904683,-1.72167427989862,-0.5469655773172262,2.2506519261864293,1.146711644395876,0.24085356307751532,-0.6603071941257113,1.0830024614550222,-1.0131131495548586,-0.195074085265693,1.3147376179759895,-0.09,-5.39,55.18,1.103,1.384,8.362,55.442696543368086,-11.789322690897386,-49.47254633484336,22.07649495813746,1,0,0,0,0
1519,1519,1777638163.3481352,4678.856,1.586004870902679,-0.026025239981153803,-1.7220046378845755,-0.5469631278348972,2.2525654300855145,1.1446670167213835,0.24025873838932937,-0.6603517831515833,1.0830668379891568,-1.0139687753317788,-0.19783196841279468,1.3136214267080026,-0.09,-5.39,55.18,1.103,1.384,8.362,55.442696543368086,-11.82726669160683,-49.49911845717965,21.996491414943996,1,0,0,0,0
1520,1520,1777638163.3482974,4678.864,1.586255349454374,-0.025976100772163946,-1.7223319823347207,-0.5469677248353193,2.2544783899702407,1.1426178833172882,0.23972525562024127,-0.6603888466435958,1.0831503476450484,-1.0147701775034683,-0.20059552923652912,1.3125743916652637,-0.09,-5.39,55.18,1.103,1.384,8.362,55.442696543368086,-11.86108086654756,-49.52679666240216,21.915833843098223,1,0,0,0,0
1521,1521,1777638163.3483677,4678.871999999999,1.586506250936539,-0.0259294280143072,-1.7226563108023498,-0.5469794013251352,2.256390800546052,1.1405642152185473,0.23913280490485347,-0.660472945095044,1.0832186233373429,-1.0155646109784424,-0.20335949776079162,1.3114663296078808,-0.09,-5.39,55.18,1.103,1.384,8.362,55.442696543368086,-11.897589338429743,-49.554257483107826,21.83381627732389,1,0,0,0,0
1522,1522,1777638163.3516006,4678.88,1.5867575673304135,-0.025885218315713665,-1.7229776208241354,-0.5469981905491323,2.2583026564618964,1.1385059832692717,0.23855388337383984,-0.6605348627387639,1.083264835678719,-1.0163653960557864,-0.20609851914672694,1.3103385344333374,-0.09,-5.39,55.18,1.103,1.384,8.362,55.442696543368086,-11.935038659738137,-49.58106621883403,21.752363659937075,1,0,0,0,0
1523,1523,1777638163.3549168,4678.888,1.5870092906036102,-0.02584346824035677,-1.7232959099198126,-0.5470241259921522,2.260213952309839,1.1364431581210255,0.23795244277527083,-0.6606399072706566,1.0833462484563854,-1.0170792732914653,-0.20886657608497552,1.309148294412223,-0.09,-5.39,55.18,1.103,1.384,8.362,55.442696543368086,-11.974488510677592,-49.60928251713308,21.666179013451444,1,0,0,0,0
1524,1524,1777638163.3550155,4678.896,1.5872614127101168,-0.025804174308003525,-1.7236111755918753,-0.5470572413810189,2.2621246826246675,1.1343757102311178,0.23740633234427533,-0.6607503189920354,1.0833972831281142,-1.0177939563046805,-0.2115793252431268,1.3080270758913866,-0.09,-5.39,55.18,1.103,1.384,8.362,55.442696543368086,-12.010703887534754,-49.63680959311557,21.582926714019727,1,0,0,0,0
1525,1525,1777638163.3550756,4678.9039999999995,1.587513925590296,-0.025767332994163894,-1.723923415325249,-0.5470975706864856,2.264034841883496,1.1323036098608767,0.23683207170726378,-0.6608016566193449,1.0835010490709047,-1.018605261442093,-0.21430623991518596,1.3068881296177528,-0.09,-5.39,55.18,1.103,1.384,8.362,55.442696543368086,-12.047996468219512,-49.66297524540771,21.501796922020066,1,0,0,0,0
1526,1526,1777638163.3551788,4678.911999999999,1.5877668211708869,-0.02573294073004373,-1.7242326265869625,-0.5471451481252032,2.265944424505362,1.1302268270739075,0.23624850081201776,-0.660923849690692,1.0835517497583969,-1.019255960011246,-0.21694885740951078,1.305675059608588,-0.09,-5.39,55.18,1.103,1.384,8.362,55.442696543368086,-12.088415479499366,-49.68978507376463,21.417004237709733,1,0,0,0,0
1527,1527,1777638163.3552413,4678.911999999999,1.5877668211708869,-0.02573294073004373,-1.7242326265869625,-0.5471451481252032,2.265944424505362,1.1302268270739075,0.23624850081201776,-0.660923849690692,1.0835517497583969,-1.019255960011246,-0.21694885740951078,1.305675059608588,-0.15,-5.47,55.36,1.11,1.396,8.368,55.62978518743354,-12.081100111607498,-49.895240608463126,21.42860202432462,0,1,0,0,0
1528,1528,1777638163.3553104,4678.92,1.5880200913650073,-0.02570099390249947,-1.7245388068258176,-0.5472000081617079,2.2678534248508226,1.1281453317343413,0.23569036037426452,-0.6609204009674245,1.083636306186039,-1.020132710679101,-0.21967112804602285,1.3046124355507023,-0.15,-5.47,55.36,1.11,1.396,8.368,55.62978518743354,-12.11443461725406,-49.920543156779296,21.350710640079647,1,0,0,0,0
1529,1529,1777638163.3553677,4678.928,1.588273728072156,-0.025671488853999058,-1.7248419534720405,-0.5472621855104212,2.2697618372215413,1.1260590935050665,0.2351349861507137,-0.6610134810234863,1.0836827126933466,-1.0208323571527407,-0.22230168792092292,1.3035225849825005,-0.15,-5.47,55.36,1.11,1.396,8.368,55.62978518743354,-12.148566184454822,-49.9468139605604,21.26972296131499,1,0,0,0,0
1530,1530,1777638163.3555055,4678.936,1.588527723178215,-0.025644421882580204,-1.7251420639369393,-0.5473317151376786,2.271669655859874,1.1239680818459465,0.2345642253366968,-0.6610307971964663,1.0837736000794227,-1.02165753024708,-0.22498269135080587,1.3023836779281832,-0.15,-5.47,55.36,1.11,1.396,8.368,55.62978518743354,-12.185183546671057,-49.97175289539004,21.190049893665027,1,0,0,0,0
1531,1531,1777638163.355591,4678.9439999999995,1.5887820685554528,-0.025619789241816626,-1.725439135612536,-0.5474086322637728,2.273576874948449,1.121872266012021,0.23400556214767637,-0.6611720504884682,1.0838194419850922,-1.0223228697536555,-0.2276694649103199,1.3012079618442405,-0.15,-5.47,55.36,1.11,1.396,8.368,55.62978518743354,-12.222267977390432,-49.99886723733928,21.104559708076756,1,0,0,0,0
1532,1532,1777638163.361707,4678.952,1.5890367560625287,-0.02559758714078164,-1.7257331658712118,-0.547492972365017,2.2754834886097424,1.1197716150516985,0.2334218473462893,-0.6612513220107963,1.0838798600648107,-1.023048840539894,-0.2303477780577108,1.3000222747832704,-0.15,-5.47,55.36,1.11,1.396,8.368,55.62978518743354,-12.26002512269699,-50.0248381057746,21.02095041813949,1,0,0,0,0
1533,1533,1777638163.3677502,4678.96,1.5892917775444961,-0.025577811744021517,-1.7260241520653263,-0.5475847711758242,2.277389490905647,1.1176660978049275,0.23289929531200138,-0.6612866856210342,1.0839846737829593,-1.0238202197528592,-0.23303516515530234,1.2989161717354165,-0.15,-5.47,55.36,1.11,1.396,8.368,55.62978518743354,-12.293748643863875,-50.05055701076733,20.939877917347708,1,0,0,0,0
1534,1534,1777638163.3743088,4678.968,1.5895471248328075,-0.025560459171525274,-1.7263120915268395,-0.5476840646908165,2.2792948758370413,1.1155556829013573,0.23229113092351594,-0.6613798756816166,1.0840533674760628,-1.0245419360629886,-0.23582646565076235,1.297682937768428,-0.15,-5.47,55.36,1.11,1.396,8.368,55.62978518743354,-12.332145230429717,-50.07795859751827,20.85160081914182,1,0,0,0,0
1535,1535,1777638163.3818913,4678.976,1.589802789745319,-0.025545525498701593,-1.7265969815669244,-0.5477908891669472,2.2811996373433465,1.1134403387584841,0.2317371686073385,-0.661425057558206,1.084135566832772,-1.0253239640465697,-0.23863464264787884,1.2965964392524734,-0.15,-5.47,55.36,1.11,1.396,8.368,55.62978518743354,-12.363179281298692,-50.105310252095535,20.767346546916315,1,0,0,0,0
1536,1536,1777638163.388994,4678.9839999999995,1.5900587640862964,-0.025533006756360166,-1.7268788194755658,-0.5479052811256366,2.2831037693020857,1.11132003357978,0.23113824152499124,-0.6615122706987167,1.0842045598352534,-1.0261301340357503,-0.2414140939075598,1.2954457339333123,-0.15,-5.47,55.36,1.11,1.396,8.368,55.62978518743354,-12.397526071029263,-50.131505711607694,20.683483323782653,1,0,0,0,0
1537,1537,1777638163.4010034,4678.992,1.5903150396464205,-0.025522898930689486,-1.7271576025211566,-0.5480272773549473,2.2850072655284315,1.1091947353528067,0.230576139596622,-0.661610222345032,1.084244107281811,-1.026859081729278,-0.24417856399233132,1.294344215506048,-0.15,-5.47,55.36,1.11,1.396,8.368,55.62978518743354,-12.428790294773194,-50.158706755501015,20.59859967143902,1,0,0,0,0
1538,1538,1777638163.4034326,4679.0,1.5905716082027936,-0.025515197963246194,-1.7274333279500809,-0.5481569149117558,2.2869101197747543,1.1070644118473192,0.2299805195058945,-0.66170813995978,1.0843007433442111,-1.0275792766797565,-0.24697492338925464,1.2931522653356389,-0.15,-5.47,55.36,1.11,1.396,8.368,55.62978518743354,-12.463839459985547,-50.18602706326789,20.510689737808654,1,0,0,0,0
1539,1539,1777638163.4143288,4679.008,1.5908284615189465,-0.025509899750942644,-1.7277059929862961,-0.5482942311239665,2.288812325730161,1.1049290306133495,0.2294019089026441,-0.6617389090362465,1.084399033594088,-1.0283842915197894,-0.24963367152920668,1.2920205890829959,-0.15,-5.47,55.36,1.11,1.396,8.368,55.62978518743354,-12.497566606314482,-50.21022410653183,20.430791078482063,1,0,0,0,0
1540,1540,1777638163.4179578,4679.016,1.5910855913448454,-0.02550700014604068,-1.7279755948308946,-0.5484392635927318,2.2907138770200315,1.1027885589792765,0.2288464891092144,-0.6618623736643517,1.084462958107743,-1.0290465834624118,-0.2523842988930224,1.2908845018295987,-0.15,-5.47,55.36,1.11,1.396,8.368,55.62978518743354,-12.52935146140886,-50.23773868411825,20.3434993023015,1,0,0,0,0
1541,1541,1777638163.4276552,4679.023999999999,1.5913429894169,-0.02550649495614632,-1.7282421306616698,-0.5485920501946993,2.292614767205547,1.1006429640498814,0.2282640951644317,-0.661931411347591,1.0845106073922413,-1.0297916799777538,-0.2550308078767718,1.2896649123454391,-0.15,-5.47,55.36,1.11,1.396,8.368,55.62978518743354,-12.566582867227122,-50.26203074664006,20.260361799951223,1,0,0,0,0
1542,1542,1777638163.4320848,4679.032,1.591600647457971,-0.025508379944211512,-1.7285055976326582,-0.5487526290842801,2.2945149897832158,1.0984922127043886,0.22770406636503904,-0.6619893917197655,1.084583436849283,-1.0305410342688364,-0.2577237798371281,1.2885371259254155,-0.15,-5.47,55.36,1.11,1.396,8.368,55.62978518743354,-12.598536590113358,-50.28730917436877,20.177621559267614,1,0,0,0,0
1543,1543,1777638163.4492884,4679.04,1.5918585571773791,-0.025512650828535044,-1.7287659928736865,-0.5489210386959318,2.296414538184392,1.09633627159449,0.2271369322994733,-0.6620352234766751,1.0846662263280193,-1.0312796149798897,-0.2603596216495714,1.2873938063303674,-0.15,-5.47,55.36,1.11,1.396,8.368,55.62978518743354,-12.631508644708195,-50.311719183997496,20.095992190216457,1,0,0,0,0
1544,1544,1777638163.4494095,4679.048,1.5921167102709146,-0.02551930328277585,-1.7290233134899005,-0.5490973177464724,2.2983134057747896,1.0941751071423536,0.22659281082586014,-0.6621149234976214,1.0847099146713424,-1.0319869216091528,-0.2630488434157506,1.2862778472206013,-0.15,-5.47,55.36,1.11,1.396,8.368,55.62978518743354,-12.662074479043353,-50.337420060830745,20.012221553506585,1,0,0,0,0
1545,1545,1777638163.4547813,4679.056,1.5923750984208456,-0.025528332935957465,-1.7292775565612857,-0.549281505237408,2.3002115858539884,1.0920086855386186,0.22601172076079862,-0.6622815568557484,1.0847552570024526,-1.0325957837591722,-0.2658124149866796,1.2850362363484236,-0.15,-5.47,55.36,1.11,1.396,8.368,55.62978518743354,-12.697083513709025,-50.36493354866897,19.920605886469854,1,0,0,0,0
1546,1546,1777638163.4606328,4679.063999999999,1.5926337132959287,-0.02553973537248666,-1.7295287191421842,-0.5494736404572862,2.302109071654939,1.0898369727403727,0.2254734149161548,-0.6623130664404719,1.0848184345643814,-1.0333541045957473,-0.2684496838255777,1.2839183708995632,-0.15,-5.47,55.36,1.11,1.396,8.368,55.62978518743354,-12.728055656346772,-50.388962516836436,19.839910677364216,1,0,0,0,0
1547,1547,1777638163.4682477,4679.072,1.5928925465514197,-0.025553506132178327,-1.729776798260792,-0.5496737629840673,2.304005856343457,1.0876599344691167,0.22493907443026318,-0.6624194740799825,1.0848514553888284,-1.0340711900771695,-0.27116581372917015,1.2828063642923395,-0.15,-5.47,55.36,1.11,1.396,8.368,55.62978518743354,-12.757318349447363,-50.414695960293336,19.755562754880852,1,0,0,0,0
1548,1548,1777638163.470979,4679.072,1.5928925465514197,-0.025553506132178327,-1.729776798260792,-0.5496737629840673,2.304005856343457,1.0876599344691167,0.22493907443026318,-0.6624194740799825,1.0848514553888284,-1.0340711900771695,-0.27116581372917015,1.2828063642923395,-0.05,-5.72,55.48,1.09,1.412,8.384,55.774109585003686,-12.547784847353903,-50.57457574302397,19.887601259016797,0,1,0,0,0
1549,1549,1777638163.4751074,4679.08,1.5931515898290833,-0.025569640710271457,-1.7300217909186504,-0.5498819126875212,2.3059019330177155,1.0854775362087112,0.22433848035873627,-0.6625186573355979,1.0849122834796547,-1.0347351221960865,-0.27386131525617785,1.2814934117362287,-0.05,-5.72,55.48,1.09,1.412,8.384,55.774109585003686,-12.586797799685826,-50.5997971332705,19.798594677948593,1,0,0,0,0
1550,1550,1777638163.4843287,4679.088,1.593410834757206,-0.025588134557462894,-1.7302636940901301,-0.5500981297316407,2.3077972947077283,1.0832897432033075,0.22377755628049428,-0.6626058505213928,1.0849877301227937,-1.0354522636847265,-0.2765841025721004,1.2803582692558118,-0.05,-5.72,55.48,1.09,1.412,8.384,55.774109585003686,-12.616793712774843,-50.625409577181145,19.713845935076677,1,0,0,0,0
1551,1551,1777638163.4907272,4679.096,1.5936702729506063,-0.02560898307993753,-1.7305025047219047,-0.5503224545770848,2.30969193437483,1.081096520455266,0.22319659249891577,-0.6626881501694318,1.0850300713348773,-1.036196609228032,-0.279330260051038,1.2791550145598904,-0.05,-5.72,55.48,1.09,1.412,8.384,55.774109585003686,-12.64975652794542,-50.650598033721955,19.627834282213183,1,0,0,0,0
1552,1552,1777638163.57075,4679.103999999999,1.5939298960106476,-0.025632181639410945,-1.7307382197324088,-0.550554927983633,2.311585844911148,1.0788978327230554,0.22261134909088537,-0.6628540745876633,1.0850513200035463,-1.0368840871917444,-0.2821636813913256,1.2779840004900582,-0.05,-5.72,55.48,1.09,1.412,8.384,55.774109585003686,-12.679452777138717,-50.67792198606548,19.537937466543664,1,0,0,0,0
1553,1553,1777638163.5708377,4679.112,1.5941896955252508,-0.025657725553163147,-1.7309708360112843,-0.5507955910126761,2.3134790191390704,1.0766936445191382,0.22202103938362888,-0.6628604293282407,1.0851577769859593,-1.0376986579768146,-0.2848996411026932,1.2768311985528642,-0.05,-5.72,55.48,1.09,1.412,8.384,55.774109585003686,-12.709898519872851,-50.70205846523985,19.45536036679693,1,0,0,0,0
1554,1554,1777638163.572402,4679.12,1.5944496630689073,-0.0256856100940972,-1.7312003504188276,-0.5510444850297098,2.3153714498107036,1.0744839201078387,0.22143631458611351,-0.6629040654694413,1.0852253680579587,-1.0384459914110966,-0.2876381766424209,1.2756491844452362,-0.05,-5.72,55.48,1.09,1.412,8.384,55.774109585003686,-12.741006142735575,-50.726931315125455,19.36998972176593,1,0,0,0,0
1555,1555,1777638163.572448,4679.128,1.5947097902026925,-0.025715830490778302,-1.7314267597854123,-0.5513016517068721,2.3172631296073303,1.0722686235031968,0.22084645568443845,-0.6630743940384763,1.0852530765798813,-1.039149097580873,-0.2905205631461356,1.2744669824035304,-0.05,-5.72,55.48,1.09,1.412,8.384,55.774109585003686,-12.769833702775294,-50.75443862316588,19.278734586345426,1,0,0,0,0
1556,1556,1777638163.5735962,4679.1359999999995,1.5949700684742798,-0.02574838192750306,-1.731650060910905,-0.5515671330254843,2.3191540511388546,1.0700477184668067,0.22027764758135365,-0.6631533966826944,1.0853149283044767,-1.03987343424159,-0.29326345199590403,1.2732741854761955,-0.05,-5.72,55.48,1.09,1.412,8.384,55.774109585003686,-12.80064631336553,-50.77945704723128,19.192224882710036,1,0,0,0,0
1557,1557,1777638163.5749693,4679.144,1.595230489417955,-0.02578325954435634,-1.731870250564075,-0.5518409712786294,2.321044206943245,1.0678211685056374,0.21967842384136305,-0.6632480485893477,1.085350413339127,-1.0406203889960297,-0.29598716955885146,1.2720698816888896,-0.05,-5.72,55.48,1.09,1.412,8.384,55.774109585003686,-12.832096761579477,-50.803747567236336,19.106748175081723,1,0,0,0,0
1558,1558,1777638163.5765686,4679.152,1.5954910445546309,-0.025820458437276983,-1.7320873254819844,-0.5521232090737414,2.3229335894859675,1.0655889368698377,0.21908488712210167,-0.6633012311453623,1.0854201394018157,-1.041346966766476,-0.2986649872044424,1.270848256274538,-0.05,-5.72,55.48,1.09,1.412,8.384,55.774109585003686,-12.86451248264165,-50.8274698528674,19.021669930366553,1,0,0,0,0
1559,1559,1777638163.5780342,4679.16,1.595751725391863,-0.02585997365813597,-1.7323012823693684,-0.5524138893352273,2.3248221911594156,1.0633509865505264,0.21853725336033752,-0.6634498681872292,1.0854488672602813,-1.041944009544388,-0.30139066351981153,1.2696404579492897,-0.05,-5.72,55.48,1.09,1.412,8.384,55.774109585003686,-12.894516603782712,-50.85359926318385,18.931301686209494,1,0,0,0,0
1560,1560,1777638163.578128,4679.168,1.596012523423865,-0.02590180021481281,-1.7325121178980094,-0.5527130553070982,2.326710004282331,1.061107280277569,0.21799703363099446,-0.6635633745732308,1.085486947903129,-1.0426397654856154,-0.3041090771759341,1.2684801848051543,-0.05,-5.72,55.48,1.09,1.412,8.384,55.774109585003686,-12.922637071436482,-50.87844309013678,18.84517922025812,1,0,0,0,0
1561,1561,1777638163.580048,4679.1759999999995,1.5962734301315251,-0.025945933071279015,-1.7327198287060899,-0.5530207505556426,2.3285970210992195,1.0588577805173305,0.2174398250307289,-0.663609802215644,1.0855502279214404,-1.043344992447344,-0.3067558649009357,1.2673403569478459,-0.05,-5.72,55.48,1.09,1.412,8.384,55.774109585003686,-12.950408765320855,-50.9021318055312,18.76196126377597,1,0,0,0,0
1562,1562,1777638163.5801098,4679.184,1.5965344369824228,-0.025992367147690487,-1.7329244113975406,-0.553337018972103,2.330483233779757,1.0566024494704216,0.21685891645687663,-0.66366283883122,1.0856280439016595,-1.0441184236755054,-0.3094289686371584,1.2661487688105657,-0.05,-5.72,55.48,1.09,1.412,8.384,55.774109585003686,-12.980548451533167,-50.92497054160498,18.678973131145764,1,0,0,0,0
1563,1563,1777638163.580191,4679.192,1.5967955354308452,-0.02604109732048343,-1.7331258625413675,-0.5536619047753888,2.332368634418192,1.054341249069422,0.21629125224457701,-0.6637367071679099,1.0856871967790844,-1.0447878838835543,-0.3121013141085728,1.2648949118623833,-0.05,-5.72,55.48,1.09,1.412,8.384,55.774109585003686,-13.012750699566013,-50.9487788486766,18.591437627563618,1,0,0,0,0
1564,1564,1777638163.584043,4679.2,1.5970567169178054,-0.02609211842247916,-1.7333241786709799,-0.553995452514803,2.33425321503274,1.0520741409765932,0.21576522972726167,-0.6638920867689928,1.085715004502049,-1.0453866490297312,-0.31483362802052545,1.2636959489115147,-0.05,-5.72,55.48,1.09,1.412,8.384,55.774109585003686,-13.040751445606794,-50.97455914299326,18.500930298538673,1,0,0,0,0
1565,1565,1777638163.5914254,4679.208,1.59731797287106,-0.026145425242985354,-1.7335193562834839,-0.5543377070728024,2.3361369675649692,1.0498010865815717,0.21521035718465265,-0.6638955102484599,1.0858159768361813,-1.0461375631720533,-0.31747898808786545,1.262536447097269,-0.05,-5.72,55.48,1.09,1.412,8.384,55.774109585003686,-13.06864779588583,-50.99720066255306,18.41866632985096,1,0,0,0,0
1566,1566,1777638163.5979838,4679.215999999999,1.5975792947051277,-0.026201012527920398,-1.7337113918389875,-0.554688713667769,2.338019883879181,1.0475220469990445,0.21463717272629246,-0.6640268235717834,1.0858598882912331,-1.0468202948276566,-0.3201790061196876,1.2613199470807357,-0.05,-5.72,55.48,1.09,1.412,8.384,55.774109585003686,-13.09787592372454,-51.021152490190126,18.331365057176825,1,0,0,0,0
1567,1567,1777638163.604808,4679.224,1.5978406738213076,-0.0262588749799324,-1.733900281759869,-0.5550485178568163,2.3399019557617824,1.0452369830664159,0.21410883788492657,-0.664059047513892,1.0859331091984479,-1.047569484312179,-0.322896385607208,1.2602052207306331,-0.05,-5.72,55.48,1.09,1.412,8.384,55.774109585003686,-13.122076220812616,-51.04491670284569,18.247709293353207,1,0,0,0,0
1568,1568,1777638163.6127267,4679.232,1.598102101607699,-0.026319007258525318,-1.7340860224300538,-0.5554171655386071,2.341783174920651,1.0429458553414515,0.21351860572016323,-0.6640814938592005,1.0860184383132372,-1.0482922387373415,-0.3254975227414347,1.2589808416936334,-0.05,-5.72,55.48,1.09,1.412,8.384,55.774109585003686,-13.152645716084372,-51.06672378783703,18.164496476476476,1,0,0,0,0
1569,1569,1777638163.6160343,4679.232,1.598102101607699,-0.026319007258525318,-1.7340860224300538,-0.5554171655386071,2.341783174920651,1.0429458553414515,0.21351860572016323,-0.6640814938592005,1.0860184383132372,-1.0482922387373415,-0.3254975227414347,1.2589808416936334,-0.14,-5.68,55.55,1.119,1.443,8.397,55.83981106701562,-13.22204565181364,-51.14293431900726,18.101444086676207,0,1,0,0,0
1570,1570,1777638163.6194305,4679.24,1.598363569439221,-0.02638140398019928,-1.7342686101942544,-0.5557947029562058,2.3436635329844915,1.0406486240999078,0.21293695316527095,-0.6641586719013562,1.0860743079298958,-1.0490339264388309,-0.3282258386252355,1.2577997925129019,-0.14,-5.68,55.55,1.119,1.443,8.397,55.83981106701562,-13.248503755507956,-51.166416953427394,18.01553286440088,1,0,0,0,0
1571,1571,1777638163.6266448,4679.248,1.5986250686776327,-0.026446059718589154,-1.734448041357215,-0.5561811766999405,2.3455430215021877,1.0383452493331493,0.2123700038862517,-0.6642500401987493,1.0861359070507617,-1.0497590433394026,-0.3311316138624395,1.2566349523632994,-0.14,-5.68,55.55,1.119,1.443,8.397,55.83981106701562,-13.27140201997438,-51.19264256152149,17.923943092760535,1,0,0,0,0
1572,1572,1777638163.636675,4679.255999999999,1.5988865906715528,-0.026512969004617304,-1.7346243121829286,-0.5565766337103089,2.3474216319421446,1.0360356907457469,0.21178833323155358,-0.6642806464454247,1.0862320214829997,-1.0505144450430104,-0.3338128474581634,1.2554330407107686,-0.14,-5.68,55.55,1.119,1.443,8.397,55.83981106701562,-13.298971893965106,-51.21500030531788,17.839439180922017,1,0,0,0,0
1573,1573,1777638163.6409872,4679.264,1.5991481267564822,-0.026582126326648137,-1.7347974188938515,-0.5569811212808826,2.349299355691621,1.033719907753059,0.21119750161269418,-0.6643736014057117,1.086299007479508,-1.0512202522765042,-0.3365595446197862,1.2542223891862185,-0.14,-5.68,55.55,1.119,1.443,8.397,55.83981106701562,-13.32545513052743,-51.23878886561142,17.751148164262364,1,0,0,0,0
1574,1574,1777638163.6479528,4679.272,1.599409668254824,-0.026653526130658634,-1.734967357670092,-0.5573946870612545,2.3511761840560585,1.031397859478802,0.2106108663661478,-0.6644612124715868,1.0863610547044944,-1.051928549740435,-0.33921253367095766,1.2530378220809808,-0.14,-5.68,55.55,1.119,1.443,8.397,55.83981106701562,-13.351655873019151,-51.26126694799502,17.6663605854422,1,0,0,0,0
1575,1575,1777638163.655985,4679.28,1.5996712064759064,-0.026727162820405326,-1.7351341246485887,-0.5578173790600012,2.3530521082584,1.0290695047525995,0.21003452989892352,-0.6645406813340803,1.0864263379509909,-1.0526252049668394,-0.3419318648884101,1.2518001628237867,-0.14,-5.68,55.55,1.119,1.443,8.397,55.83981106701562,-13.379150108969661,-51.28446706757704,17.578005573905788,1,0,0,0,0
1576,1576,1777638163.662283,4679.288,1.5999327327160042,-0.026803030757610813,-1.7352977159222718,-0.558249245647664,2.3549271194383996,1.026734802107522,0.2094907882510279,-0.6646291461207492,1.0864742048872225,-1.053280057853717,-0.3445765336980209,1.2506047324843,-0.14,-5.68,55.55,1.119,1.443,8.397,55.83981106701562,-13.405044525835198,-51.30727156298584,17.491516973161563,1,0,0,0,0
1577,1577,1777638163.6694682,4679.295999999999,1.6001942382583618,-0.02688112426215028,-1.7354581275392107,-0.558690335559767,2.3568012086519263,1.0243937097776028,0.20890601632638242,-0.664707898960752,1.0865514068174638,-1.053933567695188,-0.3472413058027679,1.2493140266359513,-0.14,-5.68,55.55,1.119,1.443,8.397,55.83981106701562,-13.43496356122861,-51.32978115660628,17.402293542041107,1,0,0,0,0
1578,1578,1777638163.67681,4679.304,1.600455714373216,-0.026961437612246897,-1.73561535550175,-0.5591406978998457,2.358674366870259,1.0220461856953476,0.20832068437080709,-0.6647777614166412,1.0866312202615722,-1.0546543595725433,-0.34995158446831476,1.2480774618816843,-0.14,-5.68,55.55,1.119,1.443,8.397,55.83981106701562,-13.461785238418361,-51.35229364624388,17.314929265366395,1,0,0,0,0
1579,1579,1777638163.684565,4679.312,1.6007171523178205,-0.02704396504468498,-1.7357693957656153,-0.5596003821425057,2.360546584979372,1.0196921874892233,0.20777401804441797,-0.6648955249147019,1.0866812852056553,-1.055272487687137,-0.3527215038482261,1.2468535473667701,-0.14,-5.68,55.55,1.119,1.443,8.397,55.83981106701562,-13.486162095964088,-51.37689011554147,17.222749315279405,1,0,0,0,0
1580,1580,1777638163.6915,4679.32,1.6009785433364687,-0.027128700755016055,-1.7359202442390131,-0.5600694381364981,2.3624178537792115,1.0173316724811308,0.20719755643081883,-0.6649631075040587,1.0867323809083445,-1.0559545143676656,-0.35537090476293026,1.245584735279108,-0.14,-5.68,55.55,1.119,1.443,8.397,55.83981106701562,-13.514523204767816,-51.398676075902024,17.135292824818848,1,0,0,0,0
1581,1581,1777638163.6981518,4679.3279999999995,1.6012398786605186,-0.027215638897789773,-1.7360678967817194,-0.5605479161078257,2.3642881639829683,1.0149645976838677,0.20663701839735565,-0.6649953112539906,1.0868313306906976,-1.0566860197052312,-0.3580153991034154,1.244408453151081,-0.14,-5.68,55.55,1.119,1.443,8.397,55.83981106701562,-13.538537117803767,-51.420204957252125,17.051540542251097,1,0,0,0,0
1582,1582,1777638163.7055252,4679.336,1.6015011495084177,-0.027304773586784847,-1.7362123492041341,-0.5610358666628716,2.3661575062163354,1.01259091979857,0.2060678840428803,-0.6651165343517624,1.0868781671900347,-1.0573318175358402,-0.36071403757542014,1.2431793703331568,-0.14,-5.68,55.55,1.119,1.443,8.397,55.83981106701562,-13.563447612667144,-51.44316554529746,16.962255378856717,1,0,0,0,0
1583,1583,1777638163.7130992,4679.344,1.601762347085728,-0.027396098895252408,-1.736353597266337,-0.5615333407915415,2.368025871016762,1.0102105952121434,0.20553173683879122,-0.6650808440630067,1.0870029540647403,-1.058088522932409,-0.36331409478863097,1.2420577986145147,-0.14,-5.68,55.55,1.119,1.443,8.397,55.83981106701562,-13.585061797859645,-51.463911819736666,16.88183568687668,1,0,0,0,0
1584,1584,1777638163.7201347,4679.352,1.602023462585152,-0.027489608856168246,-1.7364916366771102,-0.5620403898704414,2.3698932488326965,1.0078235799946782,0.20496372843339378,-0.6651805099841663,1.0870544565481854,-1.0587442214647447,-0.36599189454136566,1.2408291032810608,-0.14,-5.68,55.55,1.119,1.443,8.397,55.83981106701562,-13.60973200587492,-51.486295558316655,16.793482795713555,1,0,0,0,0
1585,1585,1777638163.7275026,4679.36,1.6022844871865576,-0.02758529746249394,-1.7366264630929535,-0.5625570656660699,2.371759630022819,1.0054298298968485,0.20439772250045338,-0.665281248048674,1.0871128328903183,-1.0593986158546806,-0.36870557654479347,1.2395595649253248,-0.14,-5.68,55.55,1.119,1.443,8.397,55.83981106701562,-13.63552902348315,-51.50887500103496,16.703072902238784,1,0,0,0,0
1586,1586,1777638163.735842,4679.3679999999995,1.6025454120570062,-0.027683158667450414,-1.7367580721170768,-0.5630834203380353,2.3736250048552696,1.0030293003472979,0.20384180304503077,-0.6653392879915377,1.0871797802544458,-1.060035591641628,-0.3711413845723412,1.2383073150234076,-0.14,-5.68,55.55,1.119,1.443,8.397,55.83981106701562,-13.664161528935551,-51.52783967264479,16.62097856268911,1,0,0,0,0
1587,1587,1777638163.7437186,4679.376,1.6028062283507787,-0.02778318638480215,-1.7368864592983773,-0.5636195064422971,2.375489363506862,1.0006219464500115,0.2032646466357143,-0.6654295948249274,1.087254621719614,-1.0607930399880676,-0.37409906703886664,1.2371891236902246,-0.14,-5.68,55.55,1.119,1.443,8.397,55.83981106701562,-13.679201377252785,-51.55321013209299,16.529684653883443,1,0,0,0,0
1588,1588,1777638163.7495363,4679.384,1.6030669272094025,-0.027885374489150294,-1.7370116201303922,-0.5641653769344295,2.3773526960622915,0.9982077229816735,0.20267066654208005,-0.6655068590965604,1.0873178570725708,-1.0615141343382815,-0.3769011093144649,1.235975963597033,-0.14,-5.68,55.55,1.119,1.443,8.397,55.83981106701562,-13.700518392945243,-51.576254451863534,16.439898797778394,1,0,0,0,0
1589,1589,1777638163.7567298,4679.392,1.6033274997616795,-0.027989716816232857,-1.7371335500502383,-0.5647210851729056,2.3792149925133335,0.9957865843890081,0.20209235630961542,-0.6655735012422305,1.0873639984134555,-1.0622125328386731,-0.37964169615399,1.2347432794721405,-0.14,-5.68,55.55,1.119,1.443,8.397,55.83981106701562,-13.723216531897872,-51.59852825980976,16.35083207180165,1,0,0,0,0
1590,1590,1777638163.7596495,4679.392,1.6033274997616795,-0.027989716816232857,-1.7371335500502383,-0.5647210851729056,2.3792149925133335,0.9957865843890081,0.20209235630961542,-0.6655735012422305,1.0873639984134555,-1.0622125328386731,-0.37964169615399,1.2347432794721405,-0.1,-5.91,55.57,1.097,1.47,8.43,55.883476985599245,-13.512440536653362,-51.683037221527705,16.40855308373009,0,1,0,0,0
1591,1591,1777638163.7648668,4679.4,1.6035879371237145,-0.02809620716324801,-1.7372522444375296,-0.5652866849224072,2.3810762427580303,0.9933584847861114,0.2014988435254315,-0.6656954681318936,1.0874477019109379,-1.062852427710426,-0.3823974630771732,1.2334544990621825,-0.1,-5.91,55.57,1.097,1.47,8.43,55.883476985599245,-13.536997036507223,-51.705800700497306,16.31633798234292,1,0,0,0,0
1592,1592,1777638163.7719862,4679.407999999999,1.603848230398943,-0.028204839289173833,-1.7373676986132764,-0.5658622303571494,2.3829364365998713,0.9909233779517646,0.20091164966248848,-0.665777148111933,1.087499567397868,-1.0635292644199503,-0.38520114960623864,1.232200331267747,-0.1,-5.91,55.57,1.097,1.47,8.43,55.883476985599245,-13.559103746172461,-51.72886916222955,16.224604796341524,1,0,0,0,0
1593,1593,1777638163.7784522,4679.416,1.6041083706781603,-0.028315606915112923,-1.7374799078387664,-0.566447776064237,2.3847955637469607,0.9884812173267372,0.20032944542181622,-0.665899059828165,1.087564765118798,-1.0641355916203714,-0.3878795158577556,1.2308805199343682,-0.1,-5.91,55.57,1.097,1.47,8.43,55.883476985599245,-13.585457588202102,-51.7506165988748,16.132948390031718,1,0,0,0,0
1594,1594,1777638163.7850327,4679.424,1.6043683490395513,-0.02842850372463701,-1.7375888673144164,-0.5670433770470389,2.3866536138111774,0.9860319560110771,0.19980551531978208,-0.66599608303198,1.0876195466977427,-1.0647729245262345,-0.3906227134747699,1.2296954261865636,-0.1,-5.91,55.57,1.097,1.47,8.43,55.883476985599245,-13.60428742477949,-51.77352557937805,16.043329228856244,1,0,0,0,0
1595,1595,1777638163.7929056,4679.432,1.6046281565487193,-0.028543523364156442,-1.737694572178615,-0.5676490887285794,2.3885105763073247,0.9835755467613847,0.19924089692278513,-0.6659959500863046,1.087703835583775,-1.0654987059269714,-0.3931674295844719,1.228487348397004,-0.1,-5.91,55.57,1.097,1.47,8.43,55.883476985599245,-13.62759277525289,-51.79252173348159,15.962030185371507,1,0,0,0,0
1596,1596,1777638163.8595333,4679.44,1.6048877842587168,-0.02866065944328966,-1.7377970175065407,-0.5682649669549544,2.39036644065227,0.9811119419880763,0.19862909189639283,-0.6661300528922734,1.087747877682815,-1.0661318942572433,-0.3958337866794598,1.2271687111750342,-0.1,-5.91,55.57,1.097,1.47,8.43,55.883476985599245,-13.653360182666079,-51.813528664389224,15.871578468032213,1,0,0,0,0
1597,1597,1777638163.8595967,4679.447999999999,1.6051472232100752,-0.02877990553525578,-1.7378961983089525,-0.5688910679987735,2.3922211961640736,0.9786410937526373,0.19807915127974585,-0.6661332906824867,1.0878484070490897,-1.0668852985747852,-0.3984837754307801,1.225994131194212,-0.1,-5.91,55.57,1.097,1.47,8.43,55.883476985599245,-13.673051353520712,-51.833648531781925,15.788715798559648,1,0,0,0,0
1598,1598,1777638163.864678,4679.456,1.6054064644308366,-0.02890125517727249,-1.7379921095309676,-0.5695274485626172,2.394074832061109,0.9761629537648577,0.19753096371928208,-0.666123938716813,1.087952350264088,-1.0676317301100253,-0.40114265324978604,1.2247939212566985,-0.1,-5.91,55.57,1.097,1.47,8.43,55.883476985599245,-13.693486272498774,-51.85374889441796,15.704781415210322,1,0,0,0,0
1599,1599,1777638163.8735118,4679.464,1.6056654989365837,-0.0290247018709735,-1.7380847460508129,-0.5701741657825146,2.395927337461171,0.9736774733800608,0.19696198630690823,-0.6662742286029069,1.0879917232602403,-1.068228631726664,-0.40384946125080406,1.22351282831929,-0.1,-5.91,55.57,1.097,1.47,8.43,55.883476985599245,-13.715678022110358,-51.87566286574171,15.612776134746301,1,0,0,0,0
1600,1600,1777638163.880272,4679.472,1.6059243177304727,-0.029150239082838425,-1.7381741026785562,-0.5708312772314414,2.3977787013805743,0.9711846035963179,0.19640859311554493,-0.6663314497276038,1.0880629294753874,-1.06888508511354,-0.40647296360364527,1.2222813470926814,-0.1,-5.91,55.57,1.097,1.47,8.43,55.883476985599245,-13.73694790872436,-51.8959798693198,15.526317514341468,1,0,0,0,0
1601,1601,1777638163.88036,4679.48,1.6061829118032644,-0.02927786024462975,-1.7382601741548118,-0.5714988409228425,2.3996289127332426,0.9686842950516521,0.19582693887872882,-0.6663188700574096,1.0881707773428912,-1.069622232631862,-0.40900737726731307,1.2210181267676006,-0.1,-5.91,55.57,1.097,1.47,8.43,55.883476985599245,-13.761425841071192,-51.91393728886903,15.444392962757448,1,0,0,0,0
1602,1602,1777638163.8836052,4679.487999999999,1.606441272133357,-0.029407558753856478,-1.7383429551494274,-0.5721769153141736,2.4014779603297858,0.9661764980212304,0.19527356078418162,-0.6663747049516497,1.0882515493863856,-1.0703061921585484,-0.41168746278272716,1.2197764166708864,-0.1,-5.91,55.57,1.097,1.47,8.43,55.883476985599245,-13.781887948987979,-51.93447164887971,15.356862280858344,1,0,0,0,0
1603,1603,1777638163.8879457,4679.496,1.6066993896868185,-0.029539327974241303,-1.7384224402601411,-0.5728655593104559,2.403325832876565,0.9636611624145477,0.1946687444282404,-0.6664524214941834,1.0883086849912758,-1.0709999987601475,-0.4143451831517069,1.2185072775354164,-0.1,-5.91,55.57,1.097,1.47,8.43,55.883476985599245,-13.80378122830502,-51.95435773303351,15.269686845154187,1,0,0,0,0
1604,1604,1777638163.890669,4679.504,1.6069572554174198,-0.029673161236210888,-1.7384986240112248,-0.5735648322678557,2.4051725189747515,0.9611382377725963,0.19411006313694296,-0.6665279601992441,1.0883754974204576,-1.071655686343343,-0.41705266012423686,1.2172288926854384,-0.1,-5.91,55.57,1.097,1.47,8.43,55.883476985599245,-13.824735564079386,-51.97518761836728,15.179577023711811,1,0,0,0,0
1605,1605,1777638163.8907692,4679.512,1.6072148602666685,-0.02980905183739324,-1.7385715008520943,-0.5742747939972794,2.407018007119369,0.9586076732650302,0.19353033225608973,-0.6666331775253129,1.0884356566951399,-1.0723068576641082,-0.4198333666644223,1.2159977677350509,-0.1,-5.91,55.57,1.097,1.47,8.43,55.883476985599245,-13.841912310706366,-51.997213146343874,15.088216879286922,1,0,0,0,0
1606,1606,1777638163.8908103,4679.5199999999995,1.6074721951638422,-0.02994699304313997,-1.7386410651558997,-0.5749955047679922,2.408862285698329,0.956069417687317,0.19294809526706894,-0.6666708046397616,1.0885322447475378,-1.073003879615389,-0.422612492067568,1.2147256692647654,-0.1,-5.91,55.57,1.097,1.47,8.43,55.883476985599245,-13.861051848169916,-52.01837565324462,14.997427648109289,1,0,0,0,0
1607,1607,1777638163.8908439,4679.527999999999,1.6077292510260233,-0.03008697808705918,-1.7387073112180893,-0.5757270253112488,2.410705342991454,0.9535234194578814,0.19239124140531594,-0.6667458173381451,1.0885919847266843,-1.073661590657084,-0.42537394768585274,1.2134989248291896,-0.1,-5.91,55.57,1.097,1.47,8.43,55.883476985599245,-13.877749760919013,-52.03991895121222,14.906974781107515,1,0,0,0,0
1608,1608,1777638163.8908837,4679.536,1.6079860187581327,-0.030229000171566156,-1.738770233254952,-0.5764694168239455,2.4125471671694876,0.9509696266152403,0.19181733891956146,-0.666871468823485,1.0886148902905235,-1.0742840769233726,-0.42807673854268197,1.2122442261233037,-0.1,-5.91,55.57,1.097,1.47,8.43,55.883476985599245,-13.896185583292807,-52.06083080402296,14.816508435848776,1,0,0,0,0
1609,1609,1777638163.8938422,4679.544,1.6082424892529654,-0.03037305246845534,-1.738829825402128,-0.5772227409722852,2.414387746293095,0.9484079868151296,0.1912139154975261,-0.6669359811962401,1.0887065538283403,-1.0749784595755156,-0.43076374452796845,1.2109638487770094,-0.1,-5.91,55.57,1.097,1.47,8.43,55.883476985599245,-13.916294325207385,-52.080507255985175,14.728221760058986,1,0,0,0,0
1610,1610,1777638163.9000168,4679.552,1.6084986533912256,-0.03051912811947588,-1.7388860817130976,-0.5779870598954666,2.416227068311852,0.9458384473276222,0.1906650384755621,-0.6670055056844268,1.0887814226440786,-1.0755901772273726,-0.4334191633239435,1.2096936109836378,-0.1,-5.91,55.57,1.097,1.47,8.43,55.883476985599245,-13.935575641338643,-52.100651616311424,14.638470982321675,1,0,0,0,0
1611,1611,1777638163.902998,4679.552,1.6084986533912256,-0.03051912811947588,-1.7388860817130976,-0.5779870598954666,2.416227068311852,0.9458384473276222,0.1906650384755621,-0.6670055056844268,1.0887814226440786,-1.0755901772273726,-0.4334191633239435,1.2096936109836378,-0.44,-6.16,55.45,1.114,1.502,8.445,55.792846315634414,-13.658258297841657,-52.16940012650855,14.305501414130454,0,1,0,0,0
1612,1612,1777638163.9073718,4679.5599999999995,1.6087545020415617,-0.03066722023693913,-1.7389389961576462,-0.5787624362093773,2.4180651210632207,0.9432609550342423,0.1900980937072364,-0.6671155394020035,1.0888453195370804,-1.0762185301016804,-0.43614583982178795,1.208423459154293,-0.44,-6.16,55.45,1.114,1.502,8.445,55.792846315634414,-13.675294372464,-52.189733948301054,14.214770284179984,1,0,0,0,0
1613,1613,1777638163.9142725,4679.568,1.609010026060603,-0.030817321904345718,-1.738988562620296,-0.5795489330103152,2.4199018922715174,0.940675456425069,0.18950859537341735,-0.6672307195606162,1.088915148883161,-1.0768061516666783,-0.4388188377804801,1.2070665930842732,-0.44,-6.16,55.45,1.114,1.502,8.445,55.792846315634414,-13.696737621568163,-52.209215459185025,14.122283797683508,1,0,0,0,0
1614,1614,1777638163.923517,4679.576,1.6092652162929957,-0.030969426177012593,-1.7390347748987196,-0.5803466138787172,2.4217373695468623,0.9380818975958336,0.18897034813879776,-0.6673491735799559,1.0889540080627105,-1.077364848187592,-0.44148262241906244,1.2058013952011362,-0.44,-6.16,55.45,1.114,1.502,8.445,55.792846315634414,-13.713539719260014,-52.229332124011336,14.031300518768566,1,0,0,0,0
1615,1615,1777638163.9291823,4679.584,1.6095200635714388,-0.031123526082742714,-1.7390776267021124,-0.5811555428829056,2.423571540384123,0.9354802242450164,0.18838410823424173,-0.6673841692209721,1.0890416165017807,-1.0780934603738834,-0.44413796849428416,1.2045420234809345,-0.44,-6.16,55.45,1.114,1.502,8.445,55.792846315634414,-13.731086530947717,-52.247510079212475,13.946205691951363,1,0,0,0,0
1616,1616,1777638163.936131,4679.592,1.6097745587167225,-0.031279614622494734,-1.7391171116495556,-0.5819757845828448,2.4254043921618442,0.9328703816709325,0.1878141326769921,-0.6675063611482116,1.0890608352935975,-1.0786617840824617,-0.44684316548233194,1.2032184110936952,-0.44,-6.16,55.45,1.114,1.502,8.445,55.792846315634414,-13.749359791510958,-52.26751360693575,13.852935669827064,1,0,0,0,0
1617,1617,1777638163.9473343,4679.599999999999,1.610028692537764,-0.031437684771082886,-1.7391532232683335,-0.5828074040339182,2.427235912141162,0.9302523147688166,0.18722885842806097,-0.667588739584198,1.0891552091546242,-1.079287711882263,-0.44947485145809085,1.2018859557569186,-0.44,-6.16,55.45,1.114,1.502,8.445,55.792846315634414,-13.769433631238037,-52.28585334634424,13.763500184165158,1,0,0,0,0
1618,1618,1777638163.9508052,4679.608,1.610282455831646,-0.03159772947789463,-1.7391859549922337,-0.5836504667907079,2.429066087464713,0.9276259680279031,0.18667675597005795,-0.6676273352063333,1.0892393302526604,-1.079959442484217,-0.4521232878754408,1.200641111567,-0.44,-6.16,55.45,1.114,1.502,8.445,55.792846315634414,-13.785139100315677,-52.30437180479514,13.677146269989965,1,0,0,0,0
1619,1619,1777638163.9582994,4679.616,1.6105358393836537,-0.0317597416676314,-1.7392153001598167,-0.5845050389107911,2.4308949051555215,0.9249912855285016,0.18607056805227384,-0.6677018475924443,1.089321343258097,-1.0806248831899286,-0.45476104924352023,1.1993075961477833,-0.44,-6.16,55.45,1.114,1.502,8.445,55.792846315634414,-13.804833061192438,-52.322202753144865,13.588796238497657,1,0,0,0,0
1620,1620,1777638163.965163,4679.624,1.6107888339673144,-0.0319237142410671,-1.7392412520126452,-0.5853711869585538,2.4327223521158836,0.9223482109390737,0.18552317976234273,-0.6677384036998083,1.089418417143391,-1.0812740714255602,-0.4573492275552194,1.1980201399910815,-0.44,-6.16,55.45,1.114,1.502,8.445,55.792846315634414,-13.822862794146726,-52.339782212727144,13.502494662042457,1,0,0,0,0
1621,1621,1777638163.9722462,4679.632,1.6110414303444345,-0.0320896400758226,-1.7392638036935022,-0.5862489780090048,2.434548415126232,0.9196966875133024,0.18496316269532576,-0.6678956937258453,1.0894185939696588,-1.081825149207541,-0.46010730260283517,1.1967242954258683,-0.44,-6.16,55.45,1.114,1.502,8.445,55.792846315634414,-13.837243757661948,-52.36031896196892,13.407810536844686,1,0,0,0,0
1622,1622,1777638163.981074,4679.639999999999,1.6112936192651393,-0.0322575120271793,-1.7392829482445613,-0.5871384796516015,2.4363730808439903,0.9170366580871665,0.18438402110468238,-0.6679366599749225,1.0894913417748593,-1.0825473600244577,-0.4627715029230487,1.1954956366017941,-0.44,-6.16,55.45,1.114,1.502,8.445,55.792846315634414,-13.851077864502965,-52.37828756388608,13.323075240586643,1,0,0,0,0
1623,1623,1777638163.9864776,4679.648,1.6115453914679119,-0.03242732292890338,-1.739298678605536,-0.5880397599940892,2.438196335802416,0.91436806507601,0.18381691766487132,-0.6679741334962591,1.0895707163909512,-1.0832242151406202,-0.4655245305135039,1.194248030819391,-0.44,-6.16,55.45,1.114,1.502,8.445,55.792846315634414,-13.863560337972334,-52.397608485692956,13.233821055743473,1,0,0,0,0
1624,1624,1777638163.99672,4679.656,1.6117967376796327,-0.032599065594085985,-1.7393109876117983,-0.5889528876663448,2.440018166409428,0.9116908504716132,0.18323423295540114,-0.6681104434712007,1.0896244690878274,-1.083818329240869,-0.46826696119912264,1.1929289988719822,-0.44,-6.16,55.45,1.114,1.502,8.445,55.792846315634414,-13.878661723931636,-52.417096130926694,13.140490171750209,1,0,0,0,0
1625,1625,1777638164.0018096,4679.664,1.6120476486156188,-0.03277273281602611,-1.7393198679924566,-0.5898779318242262,2.4418385589464213,0.9090049558392668,0.1826809482542634,-0.6681824548153275,1.0896809627156545,-1.084452085139911,-0.4710695040272776,1.1917102827842574,-0.44,-6.16,55.45,1.114,1.502,8.445,55.792846315634414,-13.887963659611023,-52.437450528256406,13.04913589039463,1,0,0,0,0
1626,1626,1777638164.0082726,4679.672,1.6122981149796642,-0.032948317369125846,-1.7393253123684111,-0.5908149621534342,2.4436574995670703,0.9063103223148454,0.18209211034368517,-0.6682723428779628,1.0897518789652323,-1.0850731845925845,-0.4737958608697397,1.1904130588801165,-0.44,-6.16,55.45,1.114,1.502,8.445,55.792846315634414,-13.901905568121371,-52.456420329313325,12.957726953807914,1,0,0,0,0
1627,1627,1777638164.0162296,4679.679999999999,1.6125481274640805,-0.03312581200980702,-1.739327313250378,-0.5917640488733689,2.4454749742961175,0.9036068906018864,0.18152966870333004,-0.6683926255963226,1.08979779512112,-1.0856756456945764,-0.47652911284650995,1.189126224021969,-0.44,-6.16,55.45,1.114,1.502,8.445,55.792846315634414,-13.914795502624774,-52.47562977438681,12.865785864129032,1,0,0,0,0
1628,1628,1777638164.0222874,4679.688,1.612797676749737,-0.033305209477466846,-1.7393258630368642,-0.5927252627410038,2.4472909690281486,0.9008946009686705,0.1809641845086815,-0.668466271375328,1.0898576670565139,-1.0862855861900262,-0.47916191389002477,1.1877985053502096,-0.44,-6.16,55.45,1.114,1.502,8.445,55.792846315634414,-13.931196231554967,-52.49319990962297,12.77604926439575,1,0,0,0,0
1629,1629,1777638164.0310462,4679.696,1.6130467535061013,-0.033486502495442494,-1.7393209540121326,-0.5936986750547462,2.449105469526354,0.8981733932453082,0.18041816470756553,-0.6685721181919618,1.0898816350251863,-1.0868693581362376,-0.4819073806784547,1.1865193550289885,-0.44,-6.16,55.45,1.114,1.502,8.445,55.792846315634414,-13.942751630352232,-52.51260208827508,12.683374901531469,1,0,0,0,0
1630,1630,1777638164.0370438,4679.704,1.6132953483912813,-0.03366968377201829,-1.7393125783441148,-0.5946843576583181,2.4509184614212782,0.8954432068208327,0.17981749663298896,-0.6686104458181614,1.0899914953450718,-1.0875181448960975,-0.48451578568764675,1.1851319489419263,-0.44,-6.16,55.45,1.114,1.502,8.445,55.792846315634414,-13.962033972336059,-52.528944114764265,12.594178716506523,1,0,0,0,0
1631,1631,1777638164.044352,4679.7119999999995,1.6135434520520657,-0.033854746001445335,-1.7393007280822976,-0.5956823829446201,2.452729930209553,0.8927039806402988,0.1792501137462707,-0.6687224263575788,1.0900274277885107,-1.0880537063424953,-0.4873069151620712,1.1837653104597716,-0.44,-6.16,55.45,1.114,1.502,8.445,55.792846315634414,-13.975787985050264,-52.54861303443441,12.496492241993135,1,0,0,0,0
1632,1632,1777638164.0472257,4679.7119999999995,1.6135434520520657,-0.033854746001445335,-1.7393007280822976,-0.5956823829446201,2.452729930209553,0.8927039806402988,0.1792501137462707,-0.6687224263575788,1.0900274277885107,-1.0880537063424953,-0.4873069151620712,1.1837653104597716,-0.33,-6.6,55.34,1.089,1.522,8.465,55.7331544056139,-13.531894941779367,-52.567280315661826,12.639357558803338,0,1,0,0,0
1633,1633,1777638164.0512607,4679.719999999999,1.6137910551239663,-0.03404168186499845,-1.739285395155573,-0.5966928238596125,2.454539861252619,0.8899556532018877,0.17868354708310802,-0.6687829652091313,1.0901044687528458,-1.0886954466284269,-0.4898978533469107,1.1824981403825192,-0.33,-6.6,55.34,1.089,1.522,8.465,55.7331544056139,-13.545656326798946,-52.58407191125289,12.554484294802261,1,0,0,0,0
1634,1634,1777638164.0585833,4679.728,1.6140381482312594,-0.03423048403206508,-1.7392665713700541,-0.5977157539061793,2.456348239775432,0.8871981625540251,0.17814445367718768,-0.6688085532274033,1.0901752716190594,-1.0893302603310384,-0.49253297808633856,1.1812258983479025,-0.33,-6.6,55.34,1.089,1.522,8.465,55.7331544056139,-13.558475073855965,-52.60134080996775,12.468007004539581,1,0,0,0,0
1635,1635,1777638164.065617,4679.736,1.6142847219870282,-0.03442114516124484,-1.7392442484068544,-0.5987512471479981,2.4581550508651566,0.8844314462925036,0.17754253459855424,-0.6689120108667104,1.0902322491556562,-1.0899212549875161,-0.49527612855938524,1.179864999577626,-0.33,-6.6,55.34,1.089,1.522,8.465,55.7331544056139,-13.572689564730021,-52.61967755371908,12.374818468248408,1,0,0,0,0
1636,1636,1777638164.07392,4679.744,1.6145307669932052,-0.03461365790149884,-1.7392184178198287,-0.5997993782134046,2.459960279469842,0.8816554415576219,0.17698473764767927,-0.6688580209059967,1.0903831021428338,-1.0905990645794863,-0.49778723127415025,1.1785603874895418,-0.33,-6.6,55.34,1.089,1.522,8.465,55.7331544056139,-13.589102965374408,-52.63471860224005,12.292565975395759,1,0,0,0,0
1637,1637,1777638164.080301,4679.7519999999995,1.6147762738406148,-0.03480801489331853,-1.739189071033283,-0.6008602222992483,2.461763910397089,0.8788700850313305,0.17641332445519164,-0.668941193213948,1.0904271920628763,-1.0912459786164155,-0.5004655906686585,1.1772873899309104,-0.33,-6.6,55.34,1.089,1.522,8.465,55.7331544056139,-13.60033069156039,-52.65212503469381,12.205295343053775,1,0,0,0,0
1638,1638,1777638164.0876758,4679.76,1.6150212331090161,-0.03500420876992649,-1.7391561993396412,-0.6019338551747495,2.4635659283126987,0.8760753129343968,0.17583247106226682,-0.668969820963315,1.090508835373878,-1.091893354077458,-0.5030491141549125,1.1759786831337171,-0.33,-6.6,55.34,1.089,1.522,8.465,55.7331544056139,-13.61474859481709,-52.66812189966302,12.119903310759623,1,0,0,0,0
1639,1639,1777638164.0948734,4679.768,1.615265635367146,-0.03520223215851104,-1.7391197938970793,-0.6030203531853395,2.4653663177393077,0.8732710610235799,0.17524858379634173,-0.6690386785486471,1.0905734190386092,-1.0925286081456935,-0.5057445128075647,1.1746419947327784,-0.33,-6.6,55.34,1.089,1.522,8.465,55.7331544056139,-13.627886395930332,-52.685280021748724,12.030231976547341,1,0,0,0,0
1640,1640,1777638164.151513,4679.776,1.615509471172762,-0.035402077681489175,-1.739079845727118,-0.6041197932564906,2.4671650630550093,0.8704572645888238,0.17466056164593757,-0.6690338164962896,1.0906728720031666,-1.0932300123655878,-0.5083630332786858,1.1733316896173795,-0.33,-6.6,55.34,1.089,1.522,8.465,55.7331544056139,-13.641499907794543,-52.70100716771656,11.945619438686679,1,0,0,0,0
1641,1641,1777638164.1515539,4679.784,1.6157527310726867,-0.03560373795780869,-1.7390363457121794,-0.6052322528975438,2.46896214849196,0.8676338584504686,0.17409709377228003,-0.6690884430422063,1.0907632437223267,-1.0938957229109223,-0.511101131886234,1.1720508127324556,-0.33,-6.6,55.34,1.089,1.522,8.465,55.7331544056139,-13.650860698223422,-52.71855260847399,11.85717981078382,1,0,0,0,0
1642,1642,1777638164.1530843,4679.7919999999995,1.6159954056028507,-0.03580720560427508,-1.7389892845931012,-0.606357810205516,2.4707575581349697,0.8648007769564794,0.17353675877937072,-0.669103820672072,1.0908422963903481,-1.0945542274451614,-0.513848303544846,1.1707939604399988,-0.33,-6.6,55.34,1.089,1.522,8.465,55.7331544056139,-13.6585851473625,-52.73633350105855,11.768886125601592,1,0,0,0,0
1643,1643,1777638164.1531281,4679.8,1.616237485288337,-0.03601247323691936,-1.738938652966616,-0.6074965438688924,2.47255127592008,0.8619579539796938,0.17297018267515007,-0.669116146673367,1.0909381527202926,-1.0952495745142883,-0.5165370301179343,1.169561153612815,-0.33,-6.6,55.34,1.089,1.522,8.465,55.7331544056139,-13.666338752757458,-52.75317123782631,11.684117829235333,1,0,0,0,0
1644,1644,1777638164.1552424,4679.808,1.6164789606434242,-0.036219533472401366,-1.7388844412827869,-0.6086485331714062,2.474343285633124,0.8591053229150942,0.1723838197718808,-0.6691870368537334,1.0909918625609885,-1.0958207864201253,-0.5191945817296816,1.1681950973557624,-0.33,-6.6,55.34,1.089,1.522,8.465,55.7331544056139,-13.679588367202307,-52.76987294200681,11.592837089701609,1,0,0,0,0
1645,1645,1777638164.1553109,4679.816,1.6167198221716321,-0.036428378929443284,-1.7388266398424062,-0.6098138579957997,2.4761335709082757,0.8562428166771019,0.17183721628089454,-0.6692112105319564,1.091081848817136,-1.0964713848206504,-0.5218916634109015,1.16692268444531,-0.33,-6.6,55.34,1.089,1.522,8.465,55.7331544056139,-13.688057651265883,-52.786802623068056,11.505435522781312,1,0,0,0,0
1646,1646,1777638164.1586003,4679.824,1.616960060365765,-0.03663900223030225,-1.7387652387943495,-0.6109925988275595,2.4779221152265793,0.853370367696896,0.17123219204208062,-0.6692675320170985,1.0911519140177908,-1.0971085384582184,-0.5245318249355131,1.1656063327813768,-0.33,-6.6,55.34,1.089,1.522,8.465,55.7331544056139,-13.699275590659909,-52.80284596071416,11.418134993957716,1,0,0,0,0
1647,1647,1777638164.1642492,4679.831999999999,1.6171996657079568,-0.03685139600228737,-1.7387002281328918,-0.6121848367586402,2.4797089019144667,0.8504879079197583,0.17070032622712694,-0.6693722266253952,1.091203111141268,-1.0976536608537613,-0.527235859207625,1.1642724251471672,-0.33,-6.6,55.34,1.089,1.522,8.465,55.7331544056139,-13.709028378684042,-52.82024516682446,11.325579076982878,1,0,0,0,0
1648,1648,1777638164.16431,4679.84,1.6174386286697156,-0.037065552879298025,-1.7386315976949787,-0.6133906534911517,2.4814939141422583,0.8475953688024465,0.17012628736128035,-0.669501986142909,1.0912634256740787,-1.0981996322409469,-0.5299517749008152,1.1629331861987486,-0.33,-6.6,55.34,1.089,1.522,8.465,55.7331544056139,-13.718477326510456,-52.8376408089824,11.232612945480478,1,0,0,0,0
1649,1649,1777638164.167725,4679.848,1.6176769397119688,-0.03728146550341904,-1.738559337157458,-0.6146101313410313,2.48327713492265,0.8446926813105984,0.1695756702765293,-0.6695257503018156,1.0913353891165973,-1.0988096029922156,-0.5325016706116789,1.1615999151498952,-0.33,-6.6,55.34,1.089,1.522,8.465,55.7331544056139,-13.731212901490082,-52.85253800389584,11.146637107248848,1,0,0,0,0
1650,1650,1777638164.1735857,4679.856,1.6179145892851083,-0.03749912652654075,-1.7384834360342678,-0.6158433532416829,2.485058547109183,0.841779775916164,0.1690003438257092,-0.6696680703459426,1.0913738377821685,-1.0993565562267154,-0.5352339198674585,1.1602594884301582,-0.33,-6.6,55.34,1.089,1.522,8.465,55.7331544056139,-13.739779211392033,-52.86991599146691,11.053277806941754,1,0,0,0,0
1651,1651,1777638164.1812785,4679.864,1.618151567829035,-0.037718528612034063,-1.7384038836735813,-0.6170904027475856,2.4868381333946985,0.838856582594877,0.16844190255661706,-0.6697500742996416,1.0914213752321515,-1.099929559467451,-0.5378053784047055,1.158888241559013,-0.33,-6.6,55.34,1.089,1.522,8.465,55.7331544056139,-13.752936391183539,-52.88496616065604,10.964560857887776,1,0,0,0,0
1652,1652,1777638164.1886432,4679.871999999999,1.618387865773205,-0.03793966443645225,-1.7383206692549065,-0.6183513640378671,2.488615876309779,0.8359230308237562,0.16785266306452296,-0.6698271344481093,1.091496924865044,-1.1005349995913605,-0.5405254076547233,1.1575250715957364,-0.33,-6.6,55.34,1.089,1.522,8.465,55.7331544056139,-13.762596062930285,-52.90136243790879,10.872961961748478,1,0,0,0,0
1653,1653,1777638164.1925333,4679.871999999999,1.618387865773205,-0.03793966443645225,-1.7383206692549065,-0.6183513640378671,2.488615876309779,0.8359230308237562,0.16785266306452296,-0.6698271344481093,1.091496924865044,-1.1005349995913605,-0.5405254076547233,1.1575250715957364,-0.13,-6.29,55.28,1.11,1.541,8.455,55.63685289446196,-14.048853384805199,-52.697909774464,11.000882872510665,0,1,0,0,0
1654,1654,1777638164.1991105,4679.88,1.6186234735366742,-0.03816252669128595,-1.7382337817861435,-0.6196263219198492,2.4903917582211723,0.8329790495786469,0.16727743329146078,-0.6698687502356236,1.0915667713458117,-1.1011347652722876,-0.5431236247048695,1.1561484683387844,-0.13,-6.29,55.28,1.11,1.541,8.455,55.63685289446196,-14.061666489259057,-52.713025827798106,10.911729634789257,1,0,0,0,0
1655,1655,1777638164.2024858,4679.888,1.6188583815281448,-0.03838710808475554,-1.7381432101005991,-0.6209153618325498,2.4921657613301975,0.830024567331801,0.1667144346780914,-0.669867550377777,1.091667766397127,-1.1017818552063725,-0.5457585703258427,1.1548373433859203,-0.13,-6.29,55.28,1.11,1.541,8.455,55.63685289446196,-14.070835627578878,-52.72849913033644,10.824803194689833,1,0,0,0,0
1656,1656,1777638164.2098668,4679.896,1.61909258014601,-0.0386134013436461,-1.7380489428539514,-0.6222185698501477,2.4939378676711415,0.8270595120494981,0.16614609611797232,-0.6699886261959156,1.0917079630334594,-1.1023352142693335,-0.5484036165821224,1.153469357373936,-0.13,-6.29,55.28,1.11,1.541,8.455,55.63685289446196,-14.081354406076546,-52.74443582103787,10.733095919206416,1,0,0,0,0
1657,1657,1777638164.216935,4679.9039999999995,1.6193260597784007,-0.03884139921519392,-1.7379509685211731,-0.623536032685406,2.4957080591096332,0.82408381118971,0.16559952992906618,-0.6700920375616315,1.0917654496967328,-1.1028665372960496,-0.5510294392280248,1.1521154128373277,-0.13,-6.29,55.28,1.11,1.541,8.455,55.63685289446196,-14.09118004490507,-52.760347977215744,10.641603557038538,1,0,0,0,0
1658,1658,1777638164.2242346,4679.911999999999,1.6195588108032302,-0.039071094469012024,-1.7378492753934074,-0.6248678376930457,2.4974763173410075,0.8210973916998121,0.16501826451803328,-0.6701344355719565,1.0918314143669114,-1.1034914457764167,-0.5537098933609906,1.1507767994202212,-0.13,-6.29,55.28,1.11,1.541,8.455,55.63685289446196,-14.099572746857191,-52.776085825629586,10.552071516146103,1,0,0,0,0
1659,1659,1777638164.2313251,4679.92,1.619790823588241,-0.03930247989906732,-1.7377438515747974,-0.6262140728730738,2.4992426238886494,0.8181001800143424,0.1644365608377117,-0.6702451353223697,1.0918738017425635,-1.1040696509430314,-0.5564146928237795,1.1494339422159732,-0.13,-6.29,55.28,1.11,1.541,8.455,55.63685289446196,-14.1069885835877,-52.792378740294865,10.460259081102658,1,0,0,0,0
1660,1660,1777638164.238373,4679.928,1.6200220884910506,-0.039535548325700276,-1.7376346849792688,-0.6275748268740653,2.501006960102324,0.8150921020528079,0.16386389082786953,-0.6703272415447508,1.091929114932592,-1.1046471042308241,-0.5591779766700906,1.148111492979508,-0.13,-6.29,55.28,1.11,1.541,8.455,55.63685289446196,-14.111938747458854,-52.80937826507171,10.36735993609465,1,0,0,0,0
1661,1661,1777638164.2512631,4679.936,1.6202525958591973,-0.039770292597696155,-1.7375217633272664,-0.6289501889963844,2.5027693071564916,0.8120730832175482,0.1632920796472894,-0.6704865932690329,1.0919643903069811,-1.1051478027440977,-0.5619471452122599,1.1467493948329233,-0.13,-6.29,55.28,1.11,1.541,8.455,55.63685289446196,-14.117637988694785,-52.82672069062939,10.270797373835677,1,0,0,0,0
1662,1662,1777638164.25545,4679.9439999999995,1.6204823360301865,-0.040006705594407777,-1.7374050741424423,-0.6303402491953527,2.504529646048604,0.8090430483916506,0.16269894864797566,-0.6705474463768702,1.0920269885800162,-1.1057458262260011,-0.5646527812575627,1.1454038999578482,-0.13,-6.29,55.28,1.11,1.541,8.455,55.63685289446196,-14.124362486950146,-52.8425577692563,10.179679402616042,1,0,0,0,0
1663,1663,1777638164.260594,4679.952,1.6207112993315367,-0.040244780227920884,-1.7372846047482948,-0.6317450980843589,2.5062879575973893,0.806001921936927,0.16212267928479906,-0.6706045739245619,1.0921170224392196,-1.1063762348848711,-0.5674390661746715,1.1440836555361913,-0.13,-6.29,55.28,1.11,1.541,8.455,55.63685289446196,-14.128166854312086,-52.8591036922298,10.088084961518499,1,0,0,0,0
1664,1664,1777638164.26764,4679.96,1.6209394760808251,-0.0404845094452817,-1.7371603422647626,-0.6331648269378967,2.508044222441116,0.8029496276919446,0.16153194262199103,-0.6706882485459602,1.0921744329340328,-1.1069304402511926,-0.5701344862508632,1.1426604561772966,-0.13,-6.29,55.28,1.11,1.541,8.455,55.63685289446196,-14.13761045732252,-52.87447298930229,9.993871955380847,1,0,0,0,0
1665,1665,1777638164.275058,4679.968,1.621166856585735,-0.04072588623077067,-1.7370322736047648,-0.6345995276945544,2.5097984210358457,0.7998860889701263,0.16098313310870851,-0.6707435758807571,1.092251027413512,-1.107516073014069,-0.5726814996613165,1.1413101366665768,-0.13,-6.29,55.28,1.11,1.541,8.455,55.63685289446196,-14.14695425092334,-52.888363516930276,9.906769903622456,1,0,0,0,0
1666,1666,1777638164.2820554,4679.976,1.6213934311441003,-0.040968903608225915,-1.7369003854706966,-0.636049292959914,2.5115505336536663,0.7968112285579112,0.16040700611038136,-0.6708459678916225,1.0922955774851715,-1.1080999672110934,-0.5754077419328826,1.1399614133292846,-0.13,-6.29,55.28,1.11,1.541,8.455,55.63685289446196,-14.152036738868059,-52.904164155008615,9.814717071909392,1,0,0,0,0
1667,1667,1777638164.2894118,4679.9839999999995,1.6216191900439532,-0.04121355464343068,-1.7367646643508747,-0.637514216009393,2.5133005403809108,0.7937249687129899,0.15985237859240017,-0.6709105679902213,1.0923477680813936,-1.1086979990974417,-0.578096234573879,1.1386845945712796,-0.13,-6.29,55.28,1.11,1.541,8.455,55.63685289446196,-14.154554230476847,-52.91984943048984,9.726126196527234,1,0,0,0,0
1668,1668,1777638164.301068,4679.992,1.6218441235635694,-0.04145983244654872,-1.7366250965159287,-0.6389943907910016,2.515048421116362,0.7906272311626052,0.15928740427139235,-0.6709428426345395,1.092453563745059,-1.1092907408055177,-0.580642763486037,1.1373247287710064,-0.13,-6.29,55.28,1.11,1.541,8.455,55.63685289446196,-14.16351733531651,-52.93336422592259,9.639145626973747,1,0,0,0,0
1669,1669,1777638164.3061378,4680.0,1.6220682219715143,-0.04170773017461826,-1.7364816680151476,-0.6404899119280163,2.5167941555694373,0.7875179371019296,0.1587188619158946,-0.6709229986508,1.092565884374678,-1.1099403975502093,-0.5832176646431179,1.1360246046687352,-0.13,-6.29,55.28,1.11,1.541,8.455,55.63685289446196,-14.169368000615492,-52.9470753184399,9.554874446406217,1,0,0,0,0
1670,1670,1777638164.3109255,4680.008,1.622291475526689,-0.04195724103411003,-1.7363343646727731,-0.6420008747215817,2.518537723258362,0.7843970071925224,0.15815309156148108,-0.6710553113768045,1.0926065058941603,-1.110436434607153,-0.5858629106175264,1.134621381973123,-0.13,-6.29,55.28,1.11,1.541,8.455,55.63685289446196,-14.17676572072149,-52.96196422223574,9.460922757447932,1,0,0,0,0
1671,1671,1777638164.3178983,4680.016,1.6225138744783765,-0.042208358283529535,-1.7361831720842424,-0.643527375153214,2.520279103508323,0.7812643615608632,0.15757721012090004,-0.6711340369789746,1.0926708649589303,-1.111022829818143,-0.5885191787119737,1.1332575113353154,-0.13,-6.29,55.28,1.11,1.541,8.455,55.63685289446196,-14.18256782824459,-52.976444096080094,9.370727865653857,1,0,0,0,0
1672,1672,1777638164.3249612,4680.023999999999,1.6227354090662873,-0.042461075236094104,-1.7360280756123787,-0.6450695098872092,2.5220182754496117,0.7781199197969739,0.15701539839816098,-0.6711384456553068,1.0927769224834898,-1.1116564183878888,-0.5910983364190328,1.131931911477683,-0.13,-6.29,55.28,1.11,1.541,8.455,55.63685289446196,-14.188461496233039,-52.989910628478704,9.285275007007101,1,0,0,0,0
1673,1673,1777638164.3321416,4680.032,1.6229560695206053,-0.042715385262461325,-1.7358690603835338,-0.6466273762729671,2.523755218015745,0.7749636009531242,0.1564551363210719,-0.6712525565366246,1.0928172698074858,-1.1121342170780248,-0.5937446858076869,1.130467377278576,-0.13,-6.29,55.28,1.11,1.541,8.455,55.63685289446196,-14.197487522415788,-53.004241237186356,9.189187065295904,1,0,0,0,0
1674,1674,1777638164.3358617,4680.032,1.6229560695206053,-0.042715385262461325,-1.7358690603835338,-0.6466273762729671,2.523755218015745,0.7749636009531242,0.1564551363210719,-0.6712525565366246,1.0928172698074858,-1.1121342170780248,-0.5937446858076869,1.130467377278576,-0.12,-6.33,55.44,1.095,1.56,8.441,55.80033064418167,-14.220094538156667,-53.16261686555014,9.23049182506604,0,1,0,0,0
1675,1675,1777638164.339726,4680.04,1.6231758460620338,-0.04297128179352683,-1.7357061112836734,-0.6482010723472023,2.5254899099415753,0.7717953235426318,0.1558920092765865,-0.6713427769628384,1.0928793649321173,-1.1126941230670888,-0.5963764675047368,1.1290852216294534,-0.12,-6.33,55.44,1.095,1.56,8.441,55.80033064418167,-14.226198883298714,-53.17669801675165,9.139526977258212,1,0,0,0,0
1676,1676,1777638164.3523035,4680.048,1.6233947289018404,-0.04322875832328066,-1.735539212954417,-0.6497906968360603,2.5272223297613845,0.7686150055387522,0.15530031313745934,-0.6713808290897804,1.0929485011320648,-1.113337027891391,-0.5989849559439259,1.1277208782417465,-0.12,-6.33,55.44,1.095,1.56,8.441,55.80033064418167,-14.232384751589805,-53.18993256112659,9.05246918942662,1,0,0,0,0
1677,1677,1777638164.3580725,4680.056,1.6236127082419036,-0.043487808411722284,-1.7353683497890193,-0.6513963491571104,2.52895245580696,0.7654225643736705,0.15473820025090493,-0.6714750312117629,1.093007116351961,-1.1138614820995212,-0.6016389002760125,1.1263244548137934,-0.12,-6.33,55.44,1.095,1.56,8.441,55.80033064418167,-14.237744798611804,-53.20424772255166,8.95943900737977,1,0,0,0,0
1678,1678,1777638164.3611968,4680.063999999999,1.6238297742747567,-0.04374842568785553,-1.7351935059283052,-0.6530181294212412,2.5306802662056587,0.7622179169375931,0.15415027821235439,-0.6715472517332621,1.0930957095376928,-1.1144389371989416,-0.6043279228347037,1.1249682285492955,-0.12,-6.33,55.44,1.095,1.56,8.441,55.80033064418167,-14.2406461028211,-53.218732585107524,8.86833696974919,1,0,0,0,0
1679,1679,1777638164.3683877,4680.072,1.6240372743342755,-0.04400641434541086,-1.7350218616677937,-0.6546332443412233,2.5323995059603703,0.7590301281292859,0.1535818361560362,-0.6716217474769394,1.0931615928060179,-1.1150112887932955,-0.6070596183401955,1.1236302047402944,-0.12,-6.33,55.44,1.095,1.56,8.441,55.80033064418167,-14.241429041440322,-53.23375303979209,8.776453506744437,1,0,0,0,0
1680,1680,1777638164.3758461,4680.08,1.624208461005598,-0.0442485559026089,-1.7348760571254722,-0.6561698049906237,2.5340906656143147,0.7559504579148042,0.1530179445961423,-0.6716812646847712,1.093226300806346,-1.1155578391017305,-0.609776376043143,1.1222851612753109,-0.12,-6.33,55.44,1.095,1.56,8.441,55.80033064418167,-14.242350368104148,-53.248666773700464,8.683999240878055,1,0,0,0,0
1681,1681,1777638164.3828712,4680.088,1.624341970460242,-0.0444736593085473,-1.7347580283353405,-0.6576218399075948,2.5357522251366413,0.752985906285164,0.15245167784559943,-0.6718608673361901,1.093227340172253,-1.1159559481643373,-0.6123993390162235,1.1209234610027679,-0.12,-6.33,55.44,1.095,1.56,8.441,55.80033064418167,-14.24469837826626,-53.26347743259837,8.58879734883193,1,0,0,0,0
1682,1682,1777638164.3900447,4680.096,1.6244384386187196,-0.044681477384354906,-1.734668065464784,-0.6589886209698061,2.5373840234193676,0.7501368430056647,0.15187890628269768,-0.671897133861689,1.0932773308796184,-1.1164510380391477,-0.614867703749838,1.119640759039654,-0.12,-6.33,55.44,1.095,1.56,8.441,55.80033064418167,-14.247625465750778,-53.27642607853782,8.503204859685951,1,0,0,0,0
1683,1683,1777638164.4282327,4680.103999999999,1.624498503393857,-0.0448717801582319,-1.7346064300275454,-0.6602694652459355,2.5389858834142305,0.7474036153743464,0.15130460834974385,-0.6719841886318432,1.0932773227143984,-1.1169153665703433,-0.6172909881113896,1.1184223193771805,-0.12,-6.33,55.44,1.095,1.56,8.441,55.80033064418167,-14.248294494177642,-53.28952092992121,8.41961775062718,1,0,0,0,0
1684,1684,1777638164.4758098,4680.112,1.624522804214802,-0.04504435499486448,-1.7345733549091253,-0.6614637349377404,2.5405576123180356,0.7447865479936846,0.15072015322042048,-0.6720446584983166,1.093246765338083,-1.1173608166089635,-0.6195279701510629,1.117191703331657,-0.12,-6.33,55.44,1.095,1.56,8.441,55.80033064418167,-14.25343325202568,-53.30063912429679,8.340168431844189,1,0,0,0,0
1685,1685,1777638164.4772272,4680.12,1.6245119815528133,-0.045199006708344314,-1.7345690444106774,-0.662570837337805,2.5420990017762874,0.7422859425215957,0.15012821801145765,-0.67211624515224,1.0932384242786792,-1.117790978987661,-0.6217054056379964,1.1159698895696826,-0.12,-6.33,55.44,1.095,1.56,8.441,55.80033064418167,-14.259238186434322,-53.31124404100068,8.262099318176016,1,0,0,0,0
1686,1686,1777638164.4772642,4680.128,1.6244666764489581,-0.04533555765847197,-1.7345936743114088,-0.6635902248029701,2.5436098281046253,0.7399020774022338,0.1495094870180754,-0.6720903048773029,1.0932643362678585,-1.1183073349339434,-0.6237358730021971,1.1148502592762968,-0.12,-6.33,55.44,1.095,1.56,8.441,55.80033064418167,-14.264502557551584,-53.32039379346783,8.193684915538386,1,0,0,0,0
1687,1687,1777638164.4772894,4680.1359999999995,1.6243875300438573,-0.0454538478302986,-1.734647391949455,-0.6645213947432449,2.5450898525276,0.7376352075772052,0.14893372209212852,-0.6721921281265024,1.0931926257738749,-1.1186385557115872,-0.6257816694801819,1.1136763905153495,-0.12,-6.33,55.44,1.095,1.56,8.441,55.80033064418167,-14.270135174288345,-53.33057379955467,8.117268032890777,1,0,0,0,0
1688,1688,1777638164.4783943,4680.144,1.6242751831096136,-0.04555373489685621,-1.734730316321203,-0.6653638896258709,2.54653882143432,0.7354855641779512,0.148344471260958,-0.6722472759889611,1.0931525975145213,-1.1190061821510515,-0.6277293737332704,1.1125807008431485,-0.12,-6.33,55.44,1.095,1.56,8.441,55.80033064418167,-14.274779716868863,-53.339998041188295,8.04687349228874,1,0,0,0,0
1689,1689,1777638164.478429,4680.152,1.6241302755840934,-0.045635094265026765,-1.73484253819902,-0.6661172969940559,2.547956466650498,0.7334533542001846,0.14776175799281147,-0.6722299157104914,1.0931235857206938,-1.1194734136053526,-0.629548278821899,1.1116357609267826,-0.12,-6.33,55.44,1.095,1.56,8.441,55.80033064418167,-14.276540242425915,-53.34846252827156,7.987417891659234,1,0,0,0,0
1690,1690,1777638164.4797044,4680.16,1.6239534461077092,-0.045697819104525195,-1.734984120267347,-0.6667812494997136,2.5493425057264285,0.7315387601613992,0.147142986912161,-0.6722803385109763,1.0930660337930074,-1.1198535245501575,-0.631218327684968,1.1105964136620778,-0.12,-6.33,55.44,1.095,1.56,8.441,55.80033064418167,-14.285088046091305,-53.355259015157124,7.92650584689831,1,0,0,0,0
1691,1691,1777638164.4806726,4680.168,1.623745331562895,-0.04574182036002483,-1.7351550972770848,-0.6673554249494167,2.550696642240429,0.7297419397425955,0.14662142764633398,-0.6723504226457435,1.092944744885556,-1.1201302970545406,-0.6330655114026339,1.1097051202400197,-0.12,-6.33,55.44,1.095,1.56,8.441,55.80033064418167,-14.282086349275119,-53.36567800742157,7.861508781401361,1,0,0,0,0
1692,1692,1777638164.4807055,4680.1759999999995,1.623506566616446,-0.0457670267464767,-1.73535547621821,-0.6678395463626039,2.5520185661172743,0.7280630254155058,0.1460889129560503,-0.6724522516692258,1.0928386015223892,-1.1203402605373,-0.6346933815847744,1.1087939362874153,-0.12,-6.33,55.44,1.095,1.56,8.441,55.80033064418167,-14.284491654383961,-53.374108659932034,7.799661719177513,1,0,0,0,0
1693,1693,1777638164.4816978,4680.184,1.6232377832649219,-0.04577338472771331,-1.7355852365105449,-0.668233382040917,2.5533079539611556,0.7265021240567133,0.1455209380506525,-0.6726095426776848,1.0926763277621394,-1.120470526757563,-0.6363581307230968,1.107783576138347,-0.12,-6.33,55.44,1.095,1.56,8.441,55.80033064418167,-14.28955669423857,-53.38267474556195,7.7314621186217565,1,0,0,0,0
1694,1694,1777638164.4832604,4680.192,1.6229396103833142,-0.04576085847844347,-1.7358443302125668,-0.6685367456474243,2.5545644694026968,0.7250593165502046,0.14497398750294252,-0.6726899823853328,1.0925518096994855,-1.120681000789461,-0.637888942337365,1.106945845817007,-0.12,-6.33,55.44,1.095,1.56,8.441,55.80033064418167,-14.290868190719435,-53.390571842482174,7.674296364373295,1,0,0,0,0
1695,1695,1777638164.4833107,4680.192,1.6229396103833142,-0.04576085847844347,-1.7358443302125668,-0.6685367456474243,2.5545644694026968,0.7250593165502046,0.14497398750294252,-0.6726899823853328,1.0925518096994855,-1.120681000789461,-0.637888942337365,1.106945845817007,-0.1,-6.29,55.32,1.09,1.563,8.419,55.67653455451408,-14.287698930626734,-53.26261379204885,7.670210642923459,0,1,0,0,0
1696,1696,1777638164.4833572,4680.2,1.6226126732771897,-0.04572942982980255,-1.7361326822481793,-0.6687494962943124,2.555787763459556,0.7237346573800059,0.14440145849807146,-0.6728138337165326,1.092375472357443,-1.1207985934235898,-0.6393247125755775,1.1060386017793706,-0.1,-6.29,55.32,1.09,1.563,8.419,55.67653455451408,-14.293452918868358,-53.26960607510802,7.610701167363468,1,0,0,0,0
1697,1697,1777638164.4903631,4680.208,1.6222575932385297,-0.04567909819863125,-1.7364501906513112,-0.6688715386374966,2.556977474910144,0.7225281742146707,0.14388421226823525,-0.6730482209143248,1.0921628442997517,-1.120755700908952,-0.6407958684681406,1.1051774969560046,-0.1,-6.29,55.32,1.09,1.563,8.419,55.67653455451408,-14.29501459196422,-53.27835942977233,7.546222517758125,1,0,0,0,0
1698,1698,1777638164.5005672,4680.215999999999,1.6218749871054925,-0.045609880500709465,-1.7367967268281994,-0.6689028229764595,2.5581332306799855,0.7214398674855147,0.14330181919408957,-0.6731957873823764,1.0919764443187772,-1.120847006443025,-0.6421542623340447,1.1043477468692244,-0.1,-6.29,55.32,1.09,1.563,8.419,55.67653455451408,-14.298884810462823,-53.28524424637118,7.490069344250675,1,0,0,0,0
1699,1699,1777638164.505065,4680.224,1.6214654668263329,-0.04552181104819297,-1.7371721358372376,-0.6688433453575051,2.5592546462402503,0.7204697099605903,0.14275126117697035,-0.6732896373677595,1.0917684920465822,-1.120917938005831,-0.6434393911519934,1.1035972699197172,-0.1,-6.29,55.32,1.09,1.563,8.419,55.67653455451408,-14.300861054935908,-53.29209114572678,7.4373983625301125,1,0,0,0,0
1700,1700,1777638164.5120945,4680.232,1.6210296390277215,-0.045414941431532796,-1.7375762366862055,-0.6686931476784634,2.560341326017976,0.7196176463165127,0.1422124330425209,-0.6733308225443396,1.0916144733711897,-1.121065327867269,-0.6446280840474828,1.1029546994803803,-0.1,-6.29,55.32,1.09,1.563,8.419,55.67653455451408,-14.301049895261837,-53.29824193307838,7.392826167053994,1,0,0,0,0
1701,1701,1777638164.5192814,4680.24,1.6205681045877158,-0.045289340386198695,-1.7380088226467052,-0.6684523177927835,2.5613928638175034,0.7188835927103367,0.14164470471280838,-0.6735081788347841,1.091372883936514,-1.1210446230216466,-0.6456711890680025,1.1022091764235906,-0.1,-6.29,55.32,1.09,1.563,8.419,55.67653455451408,-14.307775642718585,-53.303225890920075,7.34371607424855,1,0,0,0,0
1702,1702,1777638164.5292106,4680.248,1.6200814582136305,-0.045145093644557654,-1.7384696615856008,-0.6681209896108333,2.562408843252642,0.7182674363537886,0.14108516657790282,-0.6735233181964173,1.0911810842287466,-1.1211564360097792,-0.6466818720829584,1.1015608418764766,-0.1,-6.29,55.32,1.09,1.563,8.419,55.67653455451408,-14.312102943234837,-53.30771901360637,7.302554546775922,1,0,0,0,0
1703,1703,1777638164.5363307,4680.255999999999,1.619570288025077,-0.04498230377328305,-1.7389584963132574,-0.6676993431961069,2.5633888381890744,0.7177690350922417,0.1406092173744576,-0.6736824855717987,1.0908932693173363,-1.1211004831826403,-0.647766614834322,1.1010149324032337,-0.1,-6.29,55.32,1.09,1.563,8.419,55.67653455451408,-14.308878989851333,-53.31484318024643,7.256719556350676,1,0,0,0,0
1704,1704,1777638164.5410655,4680.264,1.6190351751424306,-0.044801089996715504,-1.7394750449483283,-0.6671876048539627,2.564332413196507,0.717388216990896,0.14010801761843877,-0.6737257410326857,1.090644601483897,-1.1211536770863695,-0.6485969294869094,1.1005338213922682,-0.1,-6.29,55.32,1.09,1.563,8.419,55.67653455451408,-14.309843104562479,-53.319154433450734,7.223064503701747,1,0,0,0,0
1705,1705,1777638164.550217,4680.272,1.6184766932809955,-0.044601588006620396,-1.7400190012988421,-0.6665860472104184,2.56523912401007,0.7171247799307086,0.13960452579897198,-0.6737665623489647,1.090416578830849,-1.121191121657743,-0.6494656408886754,1.1000858555978643,-0.1,-6.29,55.32,1.09,1.563,8.419,55.67653455451408,-14.308301799175537,-53.32419925183936,7.18879501542816,1,0,0,0,0
1706,1706,1777638164.5555255,4680.28,1.61789540835115,-0.04438394975881721,-1.7405900352592916,-0.6658949892784554,2.5661085180004557,0.7169784912166612,0.13907543308068857,-0.673902061523914,1.090107941577401,-1.1210845875198,-0.650182381782881,1.0995121381641657,-0.1,-6.29,55.32,1.09,1.563,8.419,55.67653455451408,-14.314658806967465,-53.32766943910393,7.15029477950171,1,0,0,0,0
1707,1707,1777638164.5622406,4680.288,1.6172918780647354,-0.04414834325719319,-1.7411877932234319,-0.6651147965092195,2.5669401346522887,0.7169490872010309,0.1385899976547189,-0.673994677289566,1.0897883431173931,-1.1210173740787246,-0.6508505543469278,1.0991068598591183,-0.1,-6.29,55.32,1.09,1.563,8.419,55.67653455451408,-14.315267629409277,-53.331683244870256,7.11907121520868,1,0,0,0,0
1708,1708,1777638164.5694652,4680.295999999999,1.616666651547976,-0.04389495232564311,-1.7418118985124558,-0.6642458808254581,2.5677335060501973,0.7170362729243444,0.1381232331271358,-0.6741211920900024,1.0894594273151452,-1.1208566271624463,-0.6514196633128885,1.0987183911737524,-0.1,-6.29,55.32,1.09,1.563,8.419,55.67653455451408,-14.316803871767771,-53.335429976638515,7.087844249447381,1,0,0,0,0
1709,1709,1777638164.5769327,4680.304,1.6160202689612158,-0.043623976368495576,-1.7424619518181679,-0.6632887006344923,2.568488157372066,0.7172397217767469,0.1376251051631233,-0.6741262906072516,1.0891822140488947,-1.1208457698165641,-0.6518971913830994,1.0983970889599797,-0.1,-6.29,55.32,1.09,1.563,8.419,55.67653455451408,-14.31885963916969,-53.337792175738265,7.065881717911106,1,0,0,0,0
1710,1710,1777638164.5844798,4680.312,1.615353261125743,-0.04333563012002983,-1.7431375316607909,-0.6622437608179972,2.569203607388922,0.7175590751825248,0.13715230131450212,-0.6742227489749215,1.0888447083992279,-1.1206971416592506,-0.6522881737389786,1.0980527816749084,-0.1,-6.29,55.32,1.09,1.563,8.419,55.67653455451408,-14.322905270248384,-53.33999539342634,7.041006749659288,1,0,0,0,0
1711,1711,1777638164.5917113,4680.32,1.6146661491579968,-0.04303014338370659,-1.743838194860972,-0.6611116126958505,2.5698793689709123,0.7179939423105306,0.13670786781348837,-0.6743188013124909,1.08847339737421,-1.120511904733137,-0.6526576387953787,1.0977777044191903,-0.1,-6.29,55.32,1.09,1.563,8.419,55.67653455451408,-14.324216578175772,-53.34275200664873,7.017416032891814,1,0,0,0,0
1712,1712,1777638164.6012766,4680.3279999999995,1.6139594441114333,-0.04270776076175853,-1.7445634770255491,-0.6598928539613276,2.5705149495988073,0.7185438998132521,0.13628130610532185,-0.6743464545927835,1.0881474731091698,-1.1203330530223687,-0.6529746765317428,1.0975470975971426,-0.1,-6.29,55.32,1.09,1.563,8.419,55.67653455451408,-14.324946494041402,-53.34528186537422,6.99666425138619,1,0,0,0,0
1713,1713,1777638164.6057992,4680.336,1.613233646688986,-0.0423687412968512,-1.7453128931199053,-0.6585881286528545,2.57110985183247,0.7192084915234709,0.1358224054393578,-0.6744191026664096,1.0877802643022954,-1.1201409298612457,-0.6532264590468775,1.0972926135638992,-0.1,-6.29,55.32,1.09,1.563,8.419,55.67653455451408,-14.328176751737455,-53.3470505622078,6.97653547860359,1,0,0,0,0
1714,1714,1777638164.6145282,4680.344,1.6124892469349792,-0.0420133581532145,-1.746085938006562,-0.6571981270627925,2.5716635738059406,0.719987228217956,0.13541567311102293,-0.6745085696402183,1.0873578534910433,-1.1198750108767388,-0.6533117643924878,1.0971053344572468,-0.1,-6.29,55.32,1.09,1.563,8.419,55.67653455451408,-14.332005780200669,-53.34815019978508,6.960242853339682,1,0,0,0,0
1715,1715,1777638164.6208463,4680.352,1.6117267237510262,-0.04164189851609024,-1.746882086787636,-0.6557235854081691,2.5721756098676125,0.7208795876355432,0.13498645419218375,-0.6745462941068697,1.0870161383183272,-1.119627751319952,-0.6533634245669955,1.09690817297296,-0.1,-6.29,55.32,1.09,1.563,8.419,55.67653455451408,-14.337224144877528,-53.34871055687972,6.945184355926828,1,0,0,0,0
1716,1716,1777638164.6237607,4680.352,1.6117267237510262,-0.04164189851609024,-1.746882086787636,-0.6557235854081691,2.5721756098676125,0.7208795876355432,0.13498645419218375,-0.6745462941068697,1.0870161383183272,-1.119627751319952,-0.6533634245669955,1.09690817297296,-0.19,-6.19,55.31,1.089,1.567,8.411,55.655622357494124,-14.406206715406672,-53.32289494444114,6.832157991225432,0,1,0,0,0
1717,1717,1777638164.6272688,4680.36,1.6109510721733509,-0.041254157326434004,-1.7476995076610926,-0.6541790912812777,2.5726491679188754,0.7218679007089909,0.13458493724068182,-0.6745995199092465,1.0866416798587173,-1.1193582801626447,-0.6533490216537664,1.096826238729033,-0.19,-6.19,55.31,1.089,1.567,8.411,55.655622357494124,-14.407948725331494,-53.32380938238346,6.8213390532543094,1,0,0,0,0
1718,1718,1777638164.6349566,4680.3679999999995,1.6101801029920848,-0.04084849669436963,-1.7485327496728402,-0.6526183481811438,2.5730980498675353,0.7228859603036608,0.1341812937931208,-0.6746549571837567,1.0862225614112022,-1.1190982651300538,-0.6532592999016769,1.0967622670188049,-0.19,-6.19,55.31,1.089,1.567,8.411,55.655622357494124,-14.410839258225693,-53.32405186450613,6.8133328573496446,1,0,0,0,0
1719,1719,1777638164.6424766,4680.376,1.6094270846117373,-0.040423771700253575,-1.7493777270381052,-0.6510811931830096,2.573532462790644,0.7238846263084311,0.13378058573121926,-0.6747653791875325,1.0858101806967226,-1.1187521876734536,-0.6532346433046321,1.0966382183145167,-0.19,-6.19,55.31,1.089,1.567,8.411,55.655622357494124,-14.414032899152337,-53.32500822821093,6.79907736706901,1,0,0,0,0
1720,1720,1777638164.6520967,4680.384,1.6086924425948785,-0.03998027845004515,-1.750234013945624,-0.6495683120218807,2.5739521175062463,0.7248632582410904,0.13342059588263055,-0.6748722317514045,1.0853972203583961,-1.118408056682981,-0.6531296969366345,1.096537239489037,-0.19,-6.19,55.31,1.089,1.567,8.411,55.655622357494124,-14.418220690252546,-53.325330428656414,6.787661364695716,1,0,0,0,0
1721,1721,1777638164.6565113,4680.392,1.6079765913504778,-0.03951832399544308,-1.7511011774499856,-0.6480803766456438,2.5743567341250935,0.7258212274396375,0.1330330147408465,-0.6749553243388454,1.0849371688697538,-1.1181027798707441,-0.6531729443185392,1.0963881436241942,-0.19,-6.19,55.31,1.089,1.567,8.411,55.655622357494124,-14.421145256376406,-53.32649839204061,6.772255070372263,1,0,0,0,0
1722,1722,1777638164.6633475,4680.4,1.6072799338823627,-0.039038226215716954,-1.751978777678822,-0.6466180444998884,2.5747460421502892,0.7267579177378787,0.13269411555469315,-0.675105264329427,1.0844838386276314,-1.1176867404185036,-0.6532298657245441,1.0962597207372486,-0.19,-6.19,55.31,1.089,1.567,8.411,55.655622357494124,-14.421989454326937,-53.3286618573794,6.7533950484605665,1,0,0,0,0
1723,1723,1777638164.6706116,4680.407999999999,1.606602861545638,-0.03854031369362776,-1.7528663680447405,-0.6451819578209106,2.5751197805696,0.7276727261327682,0.13234806291773013,-0.6752025520519416,1.0840198900507945,-1.117361077700152,-0.6531968471463426,1.0961531081143883,-0.19,-6.19,55.31,1.089,1.567,8.411,55.655622357494124,-14.424807989596399,-53.32952808800776,6.740522856104411,1,0,0,0,0
1724,1724,1777638164.6787257,4680.416,1.6059457538111834,-0.03802492558534176,-1.753763495462021,-0.6437727429381619,2.575477697940598,0.7285650634422526,0.13203867159032906,-0.6753741680463388,1.083516029747553,-1.1168996169564933,-0.6532320704546415,1.0959821505868452,-0.19,-6.19,55.31,1.089,1.567,8.411,55.655622357494124,-14.427647244457514,-53.331406774893395,6.71954956826362,1,0,0,0,0
1725,1725,1777638164.6850412,4680.424,1.605308978038348,-0.037492411484258525,-1.7546697005681313,-0.6423910095874295,2.5758195524688157,0.729434354952388,0.13176392181139396,-0.6754319490314719,1.0830957861465977,-1.1166373344013427,-0.6532229299085544,1.0960063484008291,-0.19,-6.19,55.31,1.089,1.567,8.411,55.655622357494124,-14.424793863271022,-53.33315643604386,6.7117841570339385,1,0,0,0,0
1726,1726,1777638164.6925228,4680.432,1.6046928892559427,-0.03694313127865456,-1.7555845179500604,-0.6410373502359947,2.5761451120790992,0.7302800410525137,0.131448223878485,-0.6756410238261943,1.0825410046748891,-1.1161630020755462,-0.6532903409212304,1.0958061147274012,-0.19,-6.19,55.31,1.089,1.567,8.411,55.655622357494124,-14.427998154527778,-53.335188180028574,6.68871221191964,1,0,0,0,0
1727,1727,1777638164.7489426,4680.44,1.6040978299516313,-0.03637745500306888,-1.7565074763755106,-0.6397123394210276,2.576454154480359,0.7311015778572767,0.13113817081781187,-0.6757237272644474,1.0820450463865352,-1.1158438680705516,-0.653201761761202,1.0956477849369275,-0.19,-6.19,55.31,1.089,1.567,8.411,55.655622357494124,-14.434440534012774,-53.3350261774462,6.676092354152869,1,0,0,0,0
1728,1728,1777638164.748988,4680.447999999999,1.6035241298698049,-0.03579576268333895,-1.7574380990289633,-0.6384165331024523,2.576746467223928,0.731898437814325,0.13083998794302026,-0.6757769053616228,1.0815496262287136,-1.115586753070887,-0.653166747225018,1.0955718721709378,-0.19,-6.19,55.31,1.089,1.567,8.411,55.655622357494124,-14.436537458807173,-53.335671318782246,6.66639716603253,1,0,0,0,0
1729,1729,1777638164.7503371,4680.456,1.6029721058180177,-0.03519844417521689,-1.7583759037526168,-0.6371504680314928,2.577021847755732,0.7326701102965055,0.13058358292749633,-0.6757750894200307,1.0810787221695077,-1.1153484534412412,-0.6530476409940831,1.0955078635660274,-0.19,-6.19,55.31,1.089,1.567,8.411,55.655622357494124,-14.44033126254599,-53.33545680821165,6.659893399096276,1,0,0,0,0
1730,1730,1777638164.7504308,4680.464,1.6024420614820558,-0.03458589899647979,-1.7593204032922216,-0.6359146611361002,2.5772801034625026,0.733416102177433,0.13030907201770303,-0.675861912274066,1.080560117609741,-1.1150483091449814,-0.6530436658808316,1.095393854993618,-0.19,-6.19,55.31,1.089,1.567,8.411,55.655622357494124,-14.442962286277885,-53.33636682188015,6.646887590368719,1,0,0,0,0
1731,1731,1777638164.7578878,4680.472,1.601934287249703,-0.033958536152478125,-1.7602711055478029,-0.6347096089244229,2.5775210517122478,0.7341359383893212,0.1300323060453214,-0.6759135798507628,1.0800207596644515,-1.1147959566461851,-0.6530061571856184,1.0952912302915958,-0.19,-6.19,55.31,1.089,1.567,8.411,55.655622357494124,-14.44630047398772,-53.33673471339678,6.636673317860159,1,0,0,0,0
1732,1732,1777638164.7613592,4680.48,1.6014490600432572,-0.03331677395504329,-1.7612275138292475,-0.6335357869074612,2.5777445198892117,0.7348291624620028,0.1298092115840827,-0.6758808326959632,1.0795529937116526,-1.114598442637995,-0.6528090652350246,1.0952489678808137,-0.19,-6.19,55.31,1.089,1.567,8.411,55.655622357494124,-14.451394118269153,-53.33566218570336,6.63420283462815,1,0,0,0,0
1733,1733,1777638164.7653456,4680.487999999999,1.6009866431608444,-0.03266103983470714,-1.7621891271167591,-0.6323936490420143,2.577950345423552,0.7354953370420991,0.12958360897054444,-0.6760170105968211,1.0789688356311111,-1.1142247671977963,-0.6529047678207301,1.0951400127197042,-0.19,-6.19,55.31,1.089,1.567,8.411,55.655622357494124,-14.450801542591138,-53.33805272892817,6.616250136045536,1,0,0,0,0
1734,1734,1777638164.7691488,4680.496,1.6005472861265737,-0.03199177014616783,-1.7631554403261482,-0.6312836271949909,2.578138375815965,0.7361340443913403,0.12940617813945476,-0.6760091457932464,1.0784720747561707,-1.114009040146584,-0.6528267313152082,1.0951477062297066,-0.19,-6.19,55.31,1.089,1.567,8.411,55.655622357494124,-14.450708182500616,-53.338679584104156,6.6113987361586775,1,0,0,0,0
1735,1735,1777638164.7692668,4680.504,1.6001312245495596,-0.031309409966967294,-1.7641259445789075,-0.6302061306301159,2.5783084686574917,0.7367448868630768,0.12919418790498183,-0.6761029112767611,1.0779275499398846,-1.1136606398814375,-0.6528230351157476,1.0950033061582045,-0.19,-6.19,55.31,1.089,1.567,8.411,55.655622357494124,-14.454260627959655,-53.33963067157872,6.595941897757622,1,0,0,0,0
1736,1736,1777638164.7693467,4680.512,1.599738679991849,-0.03061441288933686,-1.7651001274770337,-0.6291615455180333,2.5784604916447296,0.7373274873560685,0.12899572203854934,-0.6761444136324773,1.077382217983273,-1.113397109419781,-0.6527445894558755,1.0948879643220235,-0.19,-6.19,55.31,1.089,1.567,8.411,55.655622357494124,-14.459062134210864,-53.33954607750996,6.58609493130952,1,0,0,0,0
1737,1737,1777638164.7694457,4680.512,1.599738679991849,-0.03061441288933686,-1.7651001274770337,-0.6291615455180333,2.5784604916447296,0.7373274873560685,0.12899572203854934,-0.6761444136324773,1.077382217983273,-1.113397109419781,-0.6527445894558755,1.0948879643220235,-0.18,-6.11,55.27,1.092,1.57,8.402,55.60699056773348,-14.519279808737064,-53.27417149020295,6.571952972141991,0,1,0,0,0
1738,1738,1777638164.7742388,4680.5199999999995,1.5993698598452664,-0.029907240805178148,-1.7660774733825448,-0.6281502344707501,2.578594322590679,0.7378814897446845,0.12882111781394712,-0.6762252717686104,1.0768188670924295,-1.1131097922392434,-0.6526823144286978,1.094847826208618,-0.18,-6.11,55.27,1.092,1.57,8.402,55.60699056773348,-14.520290196658527,-53.27499908492472,6.563005798115002,1,0,0,0,0
1739,1739,1777638164.7797313,4680.527999999999,1.5990249572171935,-0.029188363684162333,-1.767057463701608,-0.6271725361013312,2.5787098494314478,0.7384065592846967,0.1286699024914041,-0.6763488212613308,1.076256127850875,-1.1127497549766516,-0.652664252609071,1.0947165614318748,-0.18,-6.11,55.27,1.092,1.57,8.402,55.60699056773348,-14.523544148493277,-53.27596556342736,6.5479430855244605,1,0,0,0,0
1740,1740,1777638164.7875223,4680.536,1.5987041508252942,-0.028458259344932735,-1.7680395771732087,-0.6262287646096949,2.578806970229032,0.7389023829939003,0.1285231266019368,-0.6764375026876026,1.0757024652641656,-1.1124161336911182,-0.6526324245121083,1.0945912682202414,-0.18,-6.11,55.27,1.092,1.57,8.402,55.60699056773348,-14.52708599114381,-53.27667666503423,6.534286199372632,1,0,0,0,0
1741,1741,1777638164.7928383,4680.544,1.5984076049011886,-0.027717413219402687,-1.769023290162247,-0.6253192093953253,2.5788855931703814,0.7393686700068508,0.12836758777107352,-0.676548215623397,1.0751048211128966,-1.1120675064849375,-0.6525927718094061,1.0944359556749743,-0.18,-6.11,55.27,1.092,1.57,8.402,55.60699056773348,-14.531985116499538,-53.27715109241113,6.51950765397447,1,0,0,0,0
1742,1742,1777638164.8016093,4680.552,1.5981354691030738,-0.026966318110166476,-1.7700080769569837,-0.624444134697649,2.578945636562961,0.7398051519030602,0.1282328232145658,-0.676638085909733,1.0745299123547398,-1.1117429577320095,-0.6525413873995224,1.094298539220393,-0.18,-6.11,55.27,1.092,1.57,8.402,55.60699056773348,-14.536595603468971,-53.27750356019541,6.506335578078578,1,0,0,0,0
1743,1743,1777638164.8072658,4680.5599999999995,1.5978878784372874,-0.026205473941030455,-1.7709934100706821,-0.6236037792647808,2.5789870288270023,0.7402115830080546,0.12812603756745672,-0.6766429844958435,1.0739739156541552,-1.1114815508541307,-0.6524184704133287,1.0941838977535379,-0.18,-6.11,55.27,1.092,1.57,8.402,55.60699056773348,-14.542474292077621,-53.27694189549857,6.497792219510588,1,0,0,0,0
1744,1744,1777638164.814681,4680.568,1.5976649531888034,-0.025435387500695406,-1.7719787605473378,-0.6227983560512778,2.579009708484633,0.7405877406667543,0.12807272082024596,-0.6766824624052786,1.0734100247894376,-1.1112017236681244,-0.6523684047992164,1.0941670207666172,-0.18,-6.11,55.27,1.092,1.57,8.402,55.60699056773348,-14.542258551881332,-53.2780218476292,6.4894147820723544,1,0,0,0,0
1745,1745,1777638164.8218226,4680.576,1.597466798860646,-0.024656572179633685,-1.7729635982713283,-0.6220280519454908,2.5790136241460675,0.7409334254886961,0.12797287744697988,-0.6766700897889407,1.0728629160062921,-1.1109504318509202,-0.6522447103126789,1.0940284761888073,-0.18,-6.11,55.27,1.092,1.57,8.402,55.60699056773348,-14.549256146785986,-53.277188742032365,6.480563657666722,1,0,0,0,0
1746,1746,1777638164.82867,4680.584,1.597293506122205,-0.02386954770020644,-1.7739473922808386,-0.6212930275270416,2.578998734493025,0.7412484615646818,0.12794325065487733,-0.6767112273053636,1.0722994780167219,-1.110655529667258,-0.6522197361335274,1.0939987217632374,-0.18,-6.11,55.27,1.092,1.57,8.402,55.60699056773348,-14.548861231692868,-53.27850023734659,6.4706606556056006,1,0,0,0,0
1747,1747,1777638164.8365827,4680.592,1.597145150766429,-0.023074839840087513,-1.7749296110848611,-0.6205934168548923,2.5789650082595266,0.741532696654497,0.12786342262824765,-0.6767020672352078,1.0717257259939585,-1.1104298702622117,-0.6521394748475203,1.0938734457458201,-0.18,-6.11,55.27,1.092,1.57,8.402,55.60699056773348,-14.554429601831556,-53.278046653566996,6.461866893218096,1,0,0,0,0
1748,1748,1777638164.8440194,4680.599999999999,1.5970200238624699,-0.022273446578669365,-1.7759098565811833,-0.619926868829701,2.5789137519308287,0.7417881931712015,0.12782740882750088,-0.6766902133324506,1.0711912340886203,-1.1101919763300019,-0.6520710910445549,1.0938352199410015,-0.18,-6.11,55.27,1.092,1.57,8.402,55.60699056773348,-14.555899878381965,-53.278505073403046,6.454771558613556,1,0,0,0,0
1749,1749,1777638164.8526268,4680.608,1.5969056389840386,-0.021469049841699395,-1.776888694588429,-0.619276053923131,2.578854350906955,0.742030370546622,0.12779650775426132,-0.6767044836815926,1.0706110981958936,-1.1099426717051741,-0.6520061152933723,1.0937440408577765,-0.18,-6.11,55.27,1.092,1.57,8.402,55.60699056773348,-14.559458796220664,-53.27862643319675,6.445736959651839,1,0,0,0,0
1750,1750,1777638164.857774,4680.616,1.5967912522224337,-0.020664599323873212,-1.7778668231319052,-0.6186260486844892,2.5787948686641826,0.742272520916177,0.1277865910783551,-0.6767610389219646,1.0700384832205476,-1.1096058375774493,-0.6519834615002859,1.0936407550124292,-0.18,-6.11,55.27,1.092,1.57,8.402,55.60699056773348,-14.56182494481067,-53.279598456365335,6.432343476926733,1,0,0,0,0
1751,1751,1777638164.8647187,4680.624,1.5966768635966222,-0.01986009404644129,-1.7788442429274305,-0.6179768535035697,2.5787353051830255,0.742514644145976,0.12776140159509447,-0.6768035829343221,1.069478450516681,-1.109340121176743,-0.6519735642393751,1.0935611264555134,-0.18,-6.11,55.27,1.092,1.57,8.402,55.60699056773348,-14.563418289494344,-53.28045696695846,6.421616082989461,1,0,0,0,0
1752,1752,1777638164.8720467,4680.632,1.5965624731255659,-0.019055533031338,-1.7798209546873842,-0.6173284687728833,2.5786756604440697,0.742756740102152,0.12773969870024754,-0.676869058955563,1.0688771864853905,-1.1090147107565178,-0.6519784734053254,1.0934581497549969,-0.18,-6.11,55.27,1.092,1.57,8.402,55.60699056773348,-14.565186585753889,-53.281628353733666,6.407871697902383,1,0,0,0,0
1753,1753,1777638164.8791888,4680.639999999999,1.5964480808282229,-0.018250915301175397,-1.7807969591207264,-0.6166808948876499,2.5786159344279707,0.7429988086508613,0.12770949039714014,-0.676986034532721,1.0682787392646709,-1.108622593522447,-0.6520159544022385,1.0933046635835877,-0.18,-6.11,55.27,1.092,1.57,8.402,55.60699056773348,-14.567800154621324,-53.28310226632978,6.389648779929796,1,0,0,0,0
1754,1754,1777638164.886745,4680.648,1.5963336867235478,-0.01744623987923788,-1.7817722569330066,-0.6160341322457956,2.5785561271154585,0.7432408496582844,0.12765935675400966,-0.6770515869194423,1.0676955948987408,-1.1083051967086368,-0.652028798088619,1.093168545816085,-0.18,-6.11,55.27,1.092,1.57,8.402,55.60699056773348,-14.570851997088216,-53.2840181571333,6.375035773173206,1,0,0,0,0
1755,1755,1777638164.8937967,4680.656,1.5962192908304926,-0.01664150578947865,-1.782746848826367,-0.6153881812479494,2.5784962384873342,0.7434828629906257,0.12763164309323205,-0.6771699912733067,1.0670988216913138,-1.1079300513146397,-0.6520309067809865,1.093018249939435,-0.18,-6.11,55.27,1.092,1.57,8.402,55.60699056773348,-14.574328819350058,-53.285054134523975,6.358407453624853,1,0,0,0,0
1756,1756,1777638164.902197,4680.664,1.5961048931680049,-0.01583671205650905,-1.7837207354995623,-0.6147430422974365,2.57843626852447,0.743724848514114,0.12758847670089676,-0.6772061920245716,1.066540591552656,-1.1076534562843372,-0.6519859292723904,1.0929200210108758,-0.18,-6.11,55.27,1.092,1.57,8.402,55.60699056773348,-14.577496392485738,-53.28545933101507,6.34774155190694,1,0,0,0,0
1757,1757,1777638164.9088306,4680.672,1.5959904937550276,-0.015031857705598561,-1.7846939176479601,-0.6140987158002753,2.578376217207813,0.7439668060950028,0.12754496636168516,-0.6773257297677434,1.0659167409698196,-1.1072756861935258,-0.6520953915176673,1.0927538446416372,-0.18,-6.11,55.27,1.092,1.57,8.402,55.60699056773348,-14.57900237158691,-53.28742945103646,6.327713042646236,1,0,0,0,0
1758,1758,1777638164.9153397,4680.672,1.5959904937550276,-0.015031857705598561,-1.7846939176479601,-0.6140987158002753,2.578376217207813,0.7439668060950028,0.12754496636168516,-0.6773257297677434,1.0659167409698196,-1.1072756861935258,-0.6520953915176673,1.0927538446416372,-0.12,-6.13,55.26,1.096,1.566,8.4,55.599090819904596,-14.56898892742689,-53.274535329351856,6.389628085745929,0,1,0,0,0
1759,1759,1777638164.9168496,4680.679999999999,1.595876092610502,-0.014226941762665923,-1.7856663959635561,-0.6134552021651736,2.578316084518379,0.7442087355995702,0.12749392677492194,-0.6773442147618143,1.0653717504946867,-1.1070022912845336,-0.6520283797812779,1.0926036390950684,-0.12,-6.13,55.26,1.096,1.566,8.4,55.599090819904596,-14.5749307618761,-53.27427760936097,6.378215932943827,1,0,0,0,0
1760,1760,1777638164.922908,4680.688,1.595761689753365,-0.013421963254274694,-1.7866381711349781,-0.612812501803524,2.578255870437257,0.7444506368941197,0.1274550885986557,-0.6773535311765597,1.0648144804266177,-1.106773558933447,-0.6519722758233456,1.0925639696467098,-0.12,-6.13,55.26,1.096,1.566,8.4,55.599090819904596,-14.576233320540958,-53.27477785803281,6.371056926633812,1,0,0,0,0
1761,1761,1777638164.9312222,4680.696,1.595647285202551,-0.01261692120762703,-1.7876092438475037,-0.6121706151293997,2.5781955749456067,0.7446925098449799,0.12742771882413745,-0.6774948118330464,1.0641876356005837,-1.1063474895622654,-0.6519684297819707,1.092366923055348,-0.12,-6.13,55.26,1.096,1.566,8.4,55.599090819904596,-14.581454868759657,-53.27567102916347,6.351610055936766,1,0,0,0,0
1762,1762,1777638164.9370346,4680.704,1.5955328789769894,-0.01181181465055925,-1.7885796147830604,-0.6115295425595493,2.5781351980246594,0.744934354318505,0.12739037895847222,-0.6775348565362826,1.06361226506003,-1.1060426477312935,-0.6519714699575655,1.0922713641563089,-0.12,-6.13,55.26,1.096,1.566,8.4,55.599090819904596,-14.583111469270108,-53.27674304748514,6.33880194729934,1,0,0,0,0
1763,1763,1777638164.9446943,4680.7119999999995,1.5954184710956083,-0.011006642611536499,-1.789549284620243,-0.6108892845133944,2.578074739655719,0.745176170181075,0.12738348865191176,-0.6775834826813334,1.063050603662738,-1.1057478700858678,-0.651944225973607,1.0922163715499926,-0.12,-6.13,55.26,1.096,1.566,8.4,55.599090819904596,-14.583856192526767,-53.277792090051776,6.328262681409185,1,0,0,0,0
1764,1764,1777638164.9527116,4680.719999999999,1.5953040615773304,-0.01020140411964654,-1.7905182540343176,-0.6102498414130251,2.578014199820162,0.745417957299096,0.12732819509277898,-0.6776725550936094,1.0624402873492513,-1.1054038482857578,-0.651981446182806,1.0920439773326227,-0.12,-6.13,55.26,1.096,1.566,8.4,55.599090819904596,-14.587656108259662,-53.27878616730996,6.311111930968675,1,0,0,0,0
1765,1765,1777638164.958642,4680.728,1.5951896504410774,-0.009396098204594416,-1.7914865236972304,-0.6096112136831939,2.577953578499436,0.7456597155390003,0.1273356814039987,-0.6777675293189769,1.0618547787279313,-1.1050786057836894,-0.6520330408550179,1.0920142052037443,-0.12,-6.13,55.26,1.096,1.566,8.4,55.599090819904596,-14.585161788053057,-53.28100233899265,6.298154123914075,1,0,0,0,0
1766,1766,1777638164.9660199,4680.736,1.5950752377057666,-0.008590723896697128,-1.7924540942776215,-0.6089734017513146,2.5778928756750563,0.745901444767247,0.12727963757374738,-0.6777932298414777,1.0612575306214314,-1.1048155995469404,-0.6520137999996428,1.0918777033638278,-0.12,-6.13,55.26,1.096,1.566,8.4,55.599090819904596,-14.589436891816883,-53.28124498982643,6.286188313579817,1,0,0,0,0
1767,1767,1777638164.9741387,4680.744,1.5949608233903128,-0.007785280226880076,-1.7934209664408307,-0.6083364060474565,2.577832091328615,0.7461431448503215,0.1272559240893274,-0.6778612707651999,1.0607073922096009,-1.1044812745948551,-0.6519100114208565,1.0917554840244732,-0.12,-6.13,55.26,1.096,1.566,8.4,55.599090819904596,-14.594625671858575,-53.28119857937389,6.274526232605297,1,0,0,0,0
1768,1768,1777638164.980272,4680.7519999999995,1.5948464075136268,-0.006979766226669959,-1.7943871408489063,-0.607700227004341,2.577771225441772,0.7463848156547366,0.1272241253241822,-0.6778801579428805,1.060116532557089,-1.104231824673913,-0.6518933724871148,1.0916895851260875,-0.12,-6.13,55.26,1.096,1.566,8.4,55.599090819904596,-14.595929558616255,-53.281974359792606,6.264898135030924,1,0,0,0,0
1769,1769,1777638164.987771,4680.76,1.5947319900946173,-0.006174180928189443,-1.7953526181606154,-0.6070648650573371,2.5777102779962604,0.7466264570470322,0.12717577785355946,-0.6778285604570642,1.0595846119301622,-1.1040579718955699,-0.6518200647920774,1.091605396982225,-0.12,-6.13,55.26,1.096,1.566,8.4,55.599090819904596,-14.599983349165331,-53.28158272841056,6.258780085578609,1,0,0,0,0
1770,1770,1777638164.994788,4680.768,1.59461757115219,-0.005368523364152722,-1.7963173990314516,-0.6064303206444572,2.5776492489738843,0.7468680688937758,0.1271506344322122,-0.6778259606403878,1.0590102199073286,-1.1038025460232683,-0.6517272650139236,1.0915230785917098,-0.12,-6.13,55.26,1.096,1.566,8.4,55.599090819904596,-14.603808969704367,-53.2815015627056,6.250540360623399,1,0,0,0,0
1771,1771,1777638165.0885856,4680.776,1.594503150705247,-0.004562792567861074,-1.7972814841136469,-0.6057965942063541,2.5775881383565213,0.7471096510615625,0.12710918698351698,-0.6779499458543349,1.0583927782258455,-1.1034135665941478,-0.6517328402509069,1.0913614327837464,-0.12,-6.13,55.26,1.096,1.566,8.4,55.599090819904596,-14.607587665661306,-53.28251475541452,6.233049328302621,1,0,0,0,0
1772,1772,1777638165.0886767,4680.784,1.5943887287726888,-0.003756987573195758,-1.7982448740561754,-0.6051636861863168,2.5775269461261168,0.7473512034170153,0.1270765630867465,-0.6779489761746131,1.0578506912983365,-1.1031879297727512,-0.6516941400401904,1.091297694441513,-0.12,-6.13,55.26,1.096,1.566,8.4,55.599090819904596,-14.609525698120493,-53.282940747026636,6.224860177129047,1,0,0,0,0
1773,1773,1777638165.0913363,4680.7919999999995,1.5942743053734123,-0.0029511074146144622,-1.799207569504766,-0.6045315970302658,2.5774656722646867,0.7475927258267858,0.12703625518175027,-0.6779991045350063,1.0572452600927025,-1.1028874592863944,-0.6515792708747628,1.0911482114091042,-0.12,-6.13,55.26,1.096,1.566,8.4,55.599090819904596,-14.61641719607087,-53.28233444697878,6.213862263576665,1,0,0,0,0
1774,1774,1777638165.0914254,4680.8,1.5941598805263117,-0.0021451511271468604,-1.8001695711019075,-0.60390032718675,2.577404316754322,0.7478342181575537,0.12702174272653283,-0.6781171327899473,1.056639136286888,-1.1025123215236143,-0.6516449404530069,1.0910383239674988,-0.12,-6.13,55.26,1.096,1.566,8.4,55.599090819904596,-14.616624130800847,-53.284281898394525,6.196652450421598,1,0,0,0,0
1775,1775,1777638165.0914772,4680.808,1.5940454542502795,-0.0013391177463875081,-1.8011308794868626,-0.6032698771069436,2.577342879577184,0.7480756802760274,0.12700808300376343,-0.6782336344713529,1.0560404968163302,-1.102138351404757,-0.6516215968196694,1.0909119232958477,-0.12,-6.13,55.26,1.096,1.566,8.4,55.599090819904596,-14.61972734319183,-53.28520092359897,6.181410433098344,1,0,0,0,0
1776,1776,1777638165.0935736,4680.816,1.5939310265642037,-0.0005330063084922898,-1.8020914952956737,-0.6026402472446408,2.577281360715503,0.7483171120489446,0.12695130667822221,-0.6782514145088943,1.0554693695022312,-1.1018678391722219,-0.6515885736258485,1.0907918685533031,-0.12,-6.13,55.26,1.096,1.566,8.4,55.599090819904596,-14.623590570362845,-53.28546044747219,6.170024613506126,1,0,0,0,0
1777,1777,1777638165.0936837,4680.824,1.5938165974869705,0.0002731841498277987,-1.8030514191611697,-0.6020114380562518,2.577219760151582,0.7485585133430717,0.12692376010982798,-0.6783306368531211,1.0548857443204045,-1.1015183081597344,-0.6516072374428852,1.0906446571222117,-0.12,-6.13,55.26,1.096,1.566,8.4,55.599090819904596,-14.626742367414536,-53.28646158247277,6.153886555416387,1,0,0,0,0
1778,1778,1777638165.0987144,4680.831999999999,1.5937021670374643,0.0010794545913095518,-1.804010651712975,-0.6013834500008013,2.5771580778677965,0.7487998840252047,0.12689633273400144,-0.6783701750300708,1.0543350237889317,-1.1012410294881134,-0.6515248063395498,1.090567280861143,-0.12,-6.13,55.26,1.096,1.566,8.4,55.599090819904596,-14.629945026530518,-53.28663254168875,6.1447864802392695,1,0,0,0,0
1779,1779,1777638165.0989733,4680.84,1.593587735234566,0.0018858059781442153,-1.8049691935775218,-0.6007562835399218,2.5770963138465888,0.7490412239621695,0.12685828965798845,-0.6784192587265234,1.053748661686706,-1.100897644078996,-0.6515714200234193,1.0904264381769524,-0.12,-6.13,55.26,1.096,1.566,8.4,55.599090819904596,-14.632188996942997,-53.287917561365305,6.12827766430953,1,0,0,0,0
1780,1780,1777638165.0992324,4680.84,1.593587735234566,0.0018858059781442153,-1.8049691935775218,-0.6007562835399218,2.5770963138465888,0.7490412239621695,0.12685828965798845,-0.6784192587265234,1.053748661686706,-1.100897644078996,-0.6515714200234193,1.0904264381769524,2.89,17.02,50.91,0.389,0.589,2.21,53.75742367338673,-34.69198659844908,-40.94878941296841,3.0859863035009942,0,1,0,0,0
1781,1781,1777638165.1006918,4680.848,1.5934733020971548,0.002692239271981722,-1.805927045378052,-0.6001299391378518,2.577034468070476,0.7492825330208217,0.1268133506546532,-0.6784543301406132,1.0531732911957792,-1.1006189738339955,-0.6514757010397784,1.0902846573504683,2.89,17.02,50.91,0.389,0.589,2.21,53.75742367338673,-34.69707040931154,-40.94480412284563,3.081707376289832,1,0,0,0,0
1782,1782,1777638165.1021879,4680.856,1.593358867644107,0.0034987554339356184,-1.8068842077346332,-0.5995044172614312,2.5769725405220445,0.7495238110680469,0.1268018189133599,-0.6784834869612886,1.0525880472982596,-1.100361185677806,-0.651535896127454,1.090259204187133,2.89,17.02,50.91,0.389,0.589,2.21,53.75742367338673,-34.69540210107816,-40.94668665699808,3.0754714854986487,1,0,0,0,0
1783,1783,1777638165.103628,4680.864,1.5932444318942967,0.004305355424587891,-1.8078406812641603,-0.5988797183800987,2.5769105311839517,0.7497650579707613,0.1267254646746899,-0.6784492764520069,1.0520359396472685,-1.1001185664557183,-0.6513700919136611,1.090084729534178,2.89,17.02,50.91,0.389,0.589,2.21,53.75742367338673,-34.70311636066825,-40.940317063907926,3.073231778536832,1,0,0,0,0
1784,1784,1777638165.1036634,4680.871999999999,1.5931299948665956,0.005112040203993757,-1.8087964665803646,-0.5982558429658864,2.576848440038926,0.7500062735959117,0.12670837149107209,-0.678507564084456,1.0514199801120632,-1.0997895537877442,-0.6513596800574419,1.0899938718194104,2.89,17.02,50.91,0.389,0.589,2.21,53.75742367338673,-34.70460740547895,-40.939541723100554,3.066716213490337,1,0,0,0,0
1785,1785,1777638165.1037068,4680.88,1.593015556579874,0.005918810731686423,-1.8097515642938262,-0.5976327914934183,2.576786267069769,0.7502474578104755,0.12668251693657012,-0.6785407096269884,1.0508565300714439,-1.0995056954854465,-0.6513273551340358,1.0898835164446463,2.89,17.02,50.91,0.389,0.589,2.21,53.75742367338673,-34.70739006495512,-40.93760995742348,3.0610073265048277,1,0,0,0,0
1786,1786,1777638165.1037424,4680.888,1.5929011170529987,0.006725667966681826,-1.810705975011981,-0.5970105644399046,2.5767240122593513,0.7504886104814616,0.12662915373213976,-0.678574823011719,1.0502992999192688,-1.0992713955769042,-0.6512181790882358,1.0897940175262155,2.89,17.02,50.91,0.389,0.589,2.21,53.75742367338673,-34.711276574024055,-40.934441565557044,3.0593091242311123,1,0,0,0,0
1787,1787,1777638165.1096678,4680.896,1.5927866763048346,0.007532612867483331,-1.811659699339124,-0.5963891622851403,2.5766616755906107,0.75072973147591,0.126605477145465,-0.6787208978854582,1.0496705893696148,-1.0988598356233075,-0.6513118532428706,1.0896572074156374,2.89,17.02,50.91,0.389,0.589,2.21,53.75742367338673,-34.711767671300215,-40.93496918458554,3.046651110762168,1,0,0,0,0
1788,1788,1777638165.1167634,4680.9039999999995,1.5926722343542448,0.008339646392086411,-1.8126127378764245,-0.5957685855114976,2.57659925704656,0.7509708206608923,0.12659088866711954,-0.678739339697428,1.0491103067864378,-1.0985647636237403,-0.6512752523380589,1.0895592739250608,2.89,17.02,50.91,0.389,0.589,2.21,53.75742367338673,-34.714178977590365,-40.933321279748235,3.0413133545777136,1,0,0,0,0
1789,1789,1777638165.124427,4680.911999999999,1.5925577912200906,0.009146769497983289,-1.8135650912219266,-0.5951488346039282,2.5765367566102846,0.7512118779035117,0.12654834621718383,-0.678819593728053,1.0485294336322837,-1.09823574665977,-0.6512927276824386,1.0894191725417017,2.89,17.02,50.91,0.389,0.589,2.21,53.75742367338673,-34.71670586006723,-40.93184179622998,3.032368940939329,1,0,0,0,0
1790,1790,1777638165.131185,4680.92,1.5924433469212298,0.009953983142167557,-1.8145167599705623,-0.5945299100499541,2.576474174264934,0.751452903070904,0.12650890772832846,-0.6789384240370235,1.0479348993466135,-1.0978630063147385,-0.6512650916540651,1.089261261972676,2.89,17.02,50.91,0.389,0.589,2.21,53.75742367338673,-34.72048626625596,-40.92925671658124,3.023967272130905,1,0,0,0,0
1791,1791,1777638165.138558,4680.928,1.5923289014765203,0.010761288281138762,-1.815467744714157,-0.5939118123396678,2.5764115099937364,0.7516938960302367,0.12649291529852613,-0.6789261902087173,1.047414263751313,-1.0976388959225793,-0.6512484361112427,1.0892314686500295,2.89,17.02,50.91,0.389,0.589,2.21,53.75742367338673,-34.72065755055284,-40.929344862360544,3.0208059181611864,1,0,0,0,0
1792,1792,1777638165.1459033,4680.936,1.5922144549048172,0.011568685870906968,-1.8164180460414396,-0.5932945419657276,2.5763487637799827,0.7519348566487103,0.12641874660476748,-0.6790304590644687,1.0468336917140375,-1.0973000855556636,-0.6512242597166734,1.089028370415659,2.89,17.02,50.91,0.389,0.589,2.21,53.75742367338673,-34.72599779493219,-40.92550651176688,3.0114106165866588,1,0,0,0,0
1793,1793,1777638165.1594014,4680.9439999999995,1.592100007224973,0.012376176866997286,-1.8173676645380485,-0.5926780994233534,2.5762859356070393,0.7521757847935577,0.12640925136360825,-0.6791972674187652,1.0462363368218035,-1.0968616169408205,-0.6512952449110689,1.088891708104744,2.89,17.02,50.91,0.389,0.589,2.21,53.75742367338673,-34.72680302029063,-40.925718004582464,2.9992262000935668,1,0,0,0,0
1794,1794,1777638165.163778,4680.952,1.5919855584558382,0.01318376222445437,-1.8183166007865381,-0.5920624852103247,2.57622302545834,0.7524166803320451,0.12636881718971296,-0.6791292775199826,1.0457024059506104,-1.096676720905311,-0.6511934485935087,1.0888220071934915,2.89,17.02,50.91,0.389,0.589,2.21,53.75742367338673,-34.73015237729726,-40.92293020115699,2.998482883217097,1,0,0,0,0
1795,1795,1777638165.1681828,4680.96,1.591871108616263,0.013991442897846902,-1.8192648553663915,-0.5914476998269755,2.576160033317393,0.7526575431314718,0.12634429361744184,-0.6791881453084307,1.0451138877398698,-1.096390371818564,-0.6511659672277621,1.0887504303427946,2.89,17.02,50.91,0.389,0.589,2.21,53.75742367338673,-34.7315768634676,-40.92207158305999,2.9936977014981396,1,0,0,0,0
1796,1796,1777638165.1747928,4680.968,1.591756657725095,0.01479921984127203,-1.8202124288540205,-0.5908337437761917,2.5760969591677743,0.7528983730591705,0.1263132856441469,-0.6792336078929777,1.044524409144529,-1.0960898466010696,-0.6511447194097058,1.0886387313810824,2.89,17.02,50.91,0.389,0.589,2.21,53.75742367338673,-34.73410157488403,-40.92039306539256,2.987343160637799,1,0,0,0,0
1797,1797,1777638165.186426,4680.976,1.5916422058011799,0.015607094008359778,-1.8211593218227797,-0.5902206175634079,2.5760338029931322,0.7531391699825077,0.12629480596233686,-0.6791313835348014,1.0440383376118585,-1.0959547674809806,-0.6510291793362695,1.0886495632481636,2.89,17.02,50.91,0.389,0.589,2.21,53.75742367338673,-34.735373814537276,-40.91911369330259,2.9900736644661157,1,0,0,0,0
1798,1798,1777638165.1886861,4680.9839999999995,1.591527752863362,0.01641506635227745,-1.8221055348429722,-0.5896083216966046,2.575970564777183,0.753379933768884,0.1262345691880585,-0.6791824357792456,1.0434567637312964,-1.0957076956068283,-0.6509502297430799,1.0885323441996597,2.89,17.02,50.91,0.389,0.589,2.21,53.75742367338673,-34.73949121797025,-40.915891494176165,2.986331052205867,1,0,0,0,0
1799,1799,1777638165.1960335,4680.992,1.5914132989304832,0.01722313782573397,-1.8230510684818562,-0.5889968566863031,2.575907244503714,0.753620664285734,0.12622311640473832,-0.6791387160569495,1.042903633328247,-1.095520895587565,-0.6509289568444763,1.0885561743295114,2.89,17.02,50.91,0.389,0.589,2.21,53.75742367338673,-34.73821087458848,-40.9170484366569,2.9853730863822534,1,0,0,0,0
1800,1800,1777638165.1993246,4680.992,1.5914132989304832,0.01722313782573397,-1.8230510684818562,-0.5889968566863031,2.575907244503714,0.753620664285734,0.12622311640473832,-0.6791387160569495,1.042903633328247,-1.095520895587565,-0.6509289568444763,1.0885561743295114,3.1,16.65,51.23,0.356,0.632,2.191,53.95688463949711,-34.55908157308026,-41.30504407061396,3.3028192729579273,0,1,0,0,0
1801,1801,1777638165.2067993,4681.0,1.5912988440213853,0.018031309380984236,-1.8239959233036522,-0.5883862230455632,2.5758438421565835,0.7538613614005268,0.12615922185979567,-0.67920683093014,1.0422877961997847,-1.0951837426047164,-0.6508359041088904,1.088335903164832,3.1,16.65,51.23,0.356,0.632,2.191,53.95688463949711,-34.56637565930193,-41.29954206898931,3.2952843081895367,1,0,0,0,0
1802,1802,1777638165.210533,4681.008,1.5911843881549075,0.01883958196983341,-1.8249400998695506,-0.5877764212899805,2.5757803577197222,0.7541020249807662,0.1261503329114853,-0.6792500290890604,1.041693367444358,-1.0949003060874825,-0.6508763496299342,1.0883233033792874,3.1,16.65,51.23,0.356,0.632,2.191,53.95688463949711,-34.56450984666754,-41.301549984535306,3.2896850813646012,1,0,0,0,0
1803,1803,1777638165.2210803,4681.016,1.591069931349887,0.01964795654364119,-1.8258835987377218,-0.587167451937681,2.5757167911771255,0.7543426548939907,0.12609782752676227,-0.6793021920946754,1.041120172413784,-1.0946045998483764,-0.650751432264455,1.0881409250582583,3.1,16.65,51.23,0.356,0.632,2.191,53.95688463949711,-34.57141469368909,-41.29614698476637,3.284955142699746,1,0,0,0,0
1804,1804,1777638165.2259338,4681.023999999999,1.5909554736251605,0.02045643405332607,-1.8268264204633198,-0.5865593155093203,2.575653142512863,0.7545832510077742,0.12607186823163075,-0.679441604505047,1.0405031262322832,-1.0942001560017325,-0.650811638771772,1.087977619518089,3.1,16.65,51.23,0.356,0.632,2.191,53.95688463949711,-34.57345268765851,-41.29541739910064,3.2726550518337922,1,0,0,0,0
1805,1805,1777638165.2322743,4681.032,1.5908410149995635,0.02126501544936955,-1.8277685655984897,-0.5859520125280779,2.575589411711075,0.754823813189726,0.12602987175847713,-0.6794935398744035,1.0399598341597704,-1.0938985607688387,-0.650836903601077,1.0878709849823138,3.1,16.65,51.23,0.356,0.632,2.191,53.95688463949711,-34.574867931283904,-41.29486763520649,3.2646308405470146,1,0,0,0,0
1806,1806,1777638165.2404423,4681.04,1.590726555491929,0.02207370168182034,-1.828710034692378,-0.5853455435196562,2.57552559875597,0.7550643413074908,0.12601122469442952,-0.679590647896025,1.0393513038373041,-1.0935271437182503,-0.6508016723129367,1.0877509315127742,3.1,16.65,51.23,0.356,0.632,2.191,53.95688463949711,-34.57756137198707,-41.29317783275507,3.257470497016329,1,0,0,0,0
1807,1807,1777638165.2470934,4681.048,1.5906120951210898,0.022882493700298514,-1.8296508282911361,-0.584739909012276,2.575461703631829,0.7553048352287492,0.1259710547279399,-0.6796682171360995,1.03877884013946,-1.0932013682724417,-0.6508340055686966,1.0876006329747616,3.1,16.65,51.23,0.356,0.632,2.191,53.95688463949711,-34.580137966619034,-41.29179746150233,3.2476022859738394,1,0,0,0,0
1808,1808,1777638165.2552009,4681.056,1.5904976339058763,0.023691392453999642,-1.8305909469379298,-0.5841351095366738,2.5753977263230006,0.7555452948212181,0.12596169880348274,-0.6797832181730966,1.0381684369090591,-1.0928162661491325,-0.6507570367234756,1.0874906082865756,3.1,16.65,51.23,0.356,0.632,2.191,53.95688463949711,-34.583262694416035,-41.289616061038735,3.2420590588426434,1,0,0,0,0
1809,1809,1777638165.2610455,4681.063999999999,1.5903831718651187,0.02450039889169892,-1.8315303911729472,-0.5835311456260968,2.575333666813904,0.7557857199526504,0.12586125092401257,-0.6798050196931864,1.0376097128794808,-1.092565183572067,-0.6507454953911983,1.0873093054111103,3.1,16.65,51.23,0.356,0.632,2.191,53.95688463949711,-34.58811270994561,-41.286195458930976,3.233871316401538,1,0,0,0,0
1810,1810,1777638165.2684395,4681.072,1.5902687090176446,0.02530951396175523,-1.8324691615334032,-0.582928017816303,2.575269525089027,0.7560261104908359,0.12587780216394295,-0.6799315420433261,1.03698058688268,-1.092136157555634,-0.6507696785449643,1.0871861943699763,3.1,16.65,51.23,0.356,0.632,2.191,53.95688463949711,-34.58942781562544,-41.2858881147528,3.223713070940045,1,0,0,0,0
1811,1811,1777638165.2753968,4681.08,1.5901542453822817,0.02611873861211521,-1.833407258553546,-0.5823257266455553,2.5752053011329323,0.7562664663036008,0.12582594120285528,-0.6799160393639742,1.036456051960144,-1.0919117478622624,-0.6507057208331604,1.0871122322675557,3.1,16.65,51.23,0.356,0.632,2.191,53.95688463949711,-34.59195063396024,-41.283994769661064,3.2208891934146386,1,0,0,0,0
1812,1812,1777638165.2829134,4681.088,1.5900397809778566,0.026928073790317277,-1.8343446827646694,-0.5817242726546192,2.5751409949302477,0.7565067872588088,0.12579403942077877,-0.679956705792,1.0358287923349005,-1.0915957521000705,-0.6506415657175819,1.086991362259495,3.1,16.65,51.23,0.356,0.632,2.191,53.95688463949711,-34.59553488046961,-41.281411913378975,3.2154932393245823,1,0,0,0,0
1813,1813,1777638165.2897804,4681.096,1.5899253158231943,0.027737520443495617,-1.8352814346951138,-0.5811236563867599,2.5750766064656716,0.7567470732243604,0.12578962374869113,-0.6799507909422096,1.0352848458307322,-1.0913716375014988,-0.6506163098655517,1.086979018102057,3.1,16.65,51.23,0.356,0.632,2.191,53.95688463949711,-34.59527690179103,-41.281817300386386,3.213063408325846,1,0,0,0,0
1814,1814,1777638165.4070907,4681.103999999999,1.589810849937118,0.028547079518384172,-1.836217514870274,-0.5805238783877389,2.5750121357239752,0.7569873240681939,0.125745085423905,-0.6799686006225087,1.0347048643895782,-1.0910892068623284,-0.6505351695723157,1.0868468025445661,3.1,16.65,51.23,0.356,0.632,2.191,53.95688463949711,-34.59974368103742,-41.27843626613899,3.208400945769063,1,0,0,0,0
1815,1815,1777638165.407199,4681.112,1.5896963833384516,0.029356751961320576,-1.83715292381261,-0.579924939205811,2.5749475826899975,0.7572275396582853,0.12569359277314296,-0.6799651283592152,1.0341590383015913,-1.090867766122947,-0.6504360056227801,1.0867526378571268,3.1,16.65,51.23,0.356,0.632,2.191,53.95688463949711,-34.60364129690136,-41.275331707402906,3.2063065104947976,1,0,0,0,0
1816,1816,1777638165.4072554,4681.12,1.5895819160460167,0.03016653871825008,-1.8380876620416498,-0.5793268393917215,2.5748829473486463,0.7574677198626484,0.12566837805768877,-0.6800530319041811,1.0335474790822712,-1.0904929790635667,-0.6504023380003845,1.0865976908326451,3.1,16.65,51.23,0.356,0.632,2.191,53.95688463949711,-34.6074291103726,-41.272797030167936,3.198042475811539,1,0,0,0,0
1817,1817,1777638165.4119935,4681.128,1.5894674480786355,0.030976440734729434,-1.8390217300739966,-0.5787295794987015,2.574818229684901,0.7577078645493354,0.1256588883634025,-0.6800768728340618,1.0329901943136717,-1.0902241506450663,-0.6503683048314308,1.086548357836881,3.1,16.65,51.23,0.356,0.632,2.191,53.95688463949711,-34.6083226587721,-41.27234036571039,3.194264153646862,1,0,0,0,0
1818,1818,1777638165.41211,4681.1359999999995,1.5893529794551267,0.03178645895593077,-1.8399551284233375,-0.5781331600824675,2.5747534296838097,0.7579479735864367,0.12559662789779946,-0.6801190906234323,1.0324213489994334,-1.089930413977174,-0.6503261164699177,1.0863721406029618,3.1,16.65,51.23,0.356,0.632,2.191,53.95688463949711,-34.61339562348326,-41.26866513627893,3.186772863243592,1,0,0,0,0
1819,1819,1777638165.412371,4681.144,1.5892385101943107,0.032596594326645405,-1.8408878576004462,-0.5775375817012156,2.574688547330492,0.7581880468420819,0.12558508671173582,-0.6802361396454243,1.0318026707732308,-1.0895670457844653,-0.6503416279616637,1.0862915695722137,3.1,16.65,51.23,0.356,0.632,2.191,53.95688463949711,-34.613836580343595,-41.268891687131855,3.1790401232204935,1,0,0,0,0
1820,1820,1777638165.4125068,4681.152,1.5891240403150055,0.0334068477912877,-1.8418199181131953,-0.5769428449156209,2.574623582610137,0.7584280841844387,0.1255216006300108,-0.680354467687686,1.0312141671780903,-1.0891996485642457,-0.6503139626527313,1.0860827118175198,3.1,16.65,51.23,0.356,0.632,2.191,53.95688463949711,-34.619306530017056,-41.26506782832802,3.169099636206585,1,0,0,0,0
1821,1821,1777638165.4173353,4681.152,1.5891240403150055,0.0334068477912877,-1.8418199181131953,-0.5769428449156209,2.574623582610137,0.7584280841844387,0.1255216006300108,-0.680354467687686,1.0312141671780903,-1.0891996485642457,-0.6503139626527313,1.0860827118175198,3.27,16.59,51.06,0.368,0.636,2.208,53.787030035130215,-34.53403056087688,-41.10141905648393,3.334469187699966,0,1,0,0,0
1822,1822,1777638165.417447,4681.16,1.5890095698360298,0.034217220293898794,-1.8427513104665607,-0.5763489502888337,2.5745585355079985,0.7586680854817147,0.1255047018450787,-0.6805222726607004,1.0305917052499447,-1.0888094483380382,-0.6504185082166832,1.0859697920134368,3.27,16.59,51.06,0.368,0.636,2.208,53.787030035130215,-34.53360613946285,-41.102763083838546,3.3222754067495566,1,0,0,0,0
1823,1823,1777638165.417568,4681.168,1.5888950987762005,0.0350277127781504,-1.843682035162626,-0.5757558983864746,2.574493406009406,0.7589080506021564,0.1254843737161572,-0.6804755385324783,1.0300615108884716,-1.0885703185954976,-0.6503081858442945,1.0858817971795487,3.27,16.59,51.06,0.368,0.636,2.208,53.787030035130215,-34.53738745648432,-41.09972514780641,3.320551227650195,1,0,0,0,0
1824,1824,1777638165.422239,4681.1759999999995,1.5887806271543337,0.035838326187348515,-1.8446120927005865,-0.5751636897766339,2.574428194099756,0.7591479794140501,0.1254425352796521,-0.6805486250462307,1.0294849811756759,-1.0882622419250443,-0.6502619885346549,1.0857578052847983,3.27,16.59,51.06,0.368,0.636,2.208,53.787030035130215,-34.54071962374789,-41.097408143624804,3.314563583635045,1,0,0,0,0
1825,1825,1777638165.4223456,4681.184,1.5886661549892445,0.03664906146443713,-1.8455414835767652,-0.5745723250298687,2.574362899764516,0.7593878717857219,0.12542333020665233,-0.6805400625004575,1.028928814872771,-1.0880195480390535,-0.6501984662010056,1.08569965233956,3.27,16.59,51.06,0.368,0.636,2.208,53.787030035130215,-34.54258912311439,-41.09604619099237,3.311966808336286,1,0,0,0,0
1826,1826,1777638165.4268243,4681.192,1.588551682299749,0.0374599195520019,-1.846470208284611,-0.5739818047191969,2.5742975229892195,0.7596277275855379,0.12537885205325952,-0.6806314025071829,1.028322609278169,-1.0876355104828468,-0.6502170365130993,1.0855040659237998,3.27,16.59,51.06,0.368,0.636,2.208,53.787030035130215,-34.546584240187094,-41.09360455938386,3.3005729279387945,1,0,0,0,0
1827,1827,1777638165.432105,4681.2,1.5884372091046615,0.0382709013922738,-1.8473982673147091,-0.5733921294200988,2.5742320637594744,0.7598675466819047,0.1253441637582277,-0.6806635955256071,1.0277652748670996,-1.0873791053102857,-0.6501078459811436,1.085424236335298,3.27,16.59,51.06,0.368,0.636,2.208,53.787030035130215,-34.549986293497895,-41.09088506822684,3.298819702390491,1,0,0,0,0
1828,1828,1777638165.437308,4681.208,1.5883227354227962,0.03908200792713276,-1.8483256611547816,-0.5728032997105093,2.5741665220609544,0.7601073289432693,0.12533587561044512,-0.6807636871034467,1.027155059203912,-1.0870262542528926,-0.6501195170538151,1.0853348343517175,3.27,16.59,51.06,0.368,0.636,2.208,53.787030035130215,-34.550819043457814,-41.090799751750424,3.2911516506809133,1,0,0,0,0
1829,1829,1777638165.4374697,4681.215999999999,1.5882082612729675,0.03989324009811125,-1.8492523902897027,-0.5722153161708201,2.574100897879404,0.7603470742381193,0.12528569203995943,-0.6807563908579763,1.0266236463731728,-1.0867981669722175,-0.6500874999594133,1.0852496515825125,3.27,16.59,51.06,0.368,0.636,2.208,53.787030035130215,-34.553028101471114,-41.089287808330596,3.2868337991328564,1,0,0,0,0
1830,1830,1777638165.4377182,4681.224,1.588093786673988,0.04070459884639784,-1.8501784552014975,-0.5716281793838718,2.574035191200638,0.7605867824349838,0.12527588800961792,-0.6807884716514279,1.0260540852693147,-1.086470334661608,-0.650041319625779,1.0851411780258964,3.27,16.59,51.06,0.368,0.636,2.208,53.787030035130215,-34.55575132540883,-41.08746094901778,3.2810368939474874,1,0,0,0,0
1831,1831,1777638165.437858,4681.232,1.5879793116446699,0.04151608511284078,-1.851103856369349,-0.5710418899349543,2.573969402010537,0.7608264534024326,0.12523261889739495,-0.6808744999105092,1.0254767432997887,-1.0861754822720289,-0.6500023713783409,1.085025465760742,3.27,16.59,51.06,0.368,0.636,2.208,53.787030035130215,-34.558741868843995,-41.08541076095014,3.2752073287978125,1,0,0,0,0
1832,1832,1777638165.4379628,4681.24,1.587864836203826,0.042327699837951475,-1.852028594269612,-0.5704564484118029,2.5739035302950555,0.7610660870090773,0.12521057230896493,-0.6809244018727836,1.0248971330601695,-1.0858191282886847,-0.6499953478378628,1.0848879821973727,3.27,16.59,51.06,0.368,0.636,2.208,53.787030035130215,-34.56149260457375,-41.08376748692395,3.266784049239264,1,0,0,0,0
1833,1833,1777638165.4380665,4681.248,1.5877503603702685,0.04313944396190801,-1.85295266937581,-0.5698718554045952,2.5738375760402157,0.7613056831235709,0.12517960916733784,-0.6810148848422296,1.0243002202324236,-1.0855101202895239,-0.6499981981149525,1.084814683297831,3.27,16.59,51.06,0.368,0.636,2.208,53.787030035130215,-34.5622051252257,-41.083668822752024,3.260480477514854,1,0,0,0,0
1834,1834,1777638165.4382758,4681.255999999999,1.5876358841628084,0.043951318424558614,-1.8538760821586422,-0.5692881115059487,2.5737715392321086,0.7615452416146088,0.12513346174033396,-0.6810816253590088,1.0237175658890214,-1.085141285869295,-0.6499881286698279,1.0846071786962592,3.27,16.59,51.06,0.368,0.636,2.208,53.787030035130215,-34.567234230871016,-41.080269098256146,3.249985914271053,1,0,0,0,0
1835,1835,1777638165.4439173,4681.264,1.5875214076002582,0.04476332416542508,-1.8547988330859972,-0.5687052173109173,2.5737054198568927,0.7617847623509281,0.12508632829113306,-0.6811058565133696,1.023148558127381,-1.0849133675496414,-0.6499743177267372,1.0845486598247365,3.27,16.59,51.06,0.368,0.636,2.208,53.787030035130215,-34.568218094941905,-41.0797734232744,3.245783916555226,1,0,0,0,0
1836,1836,1777638165.4488003,4681.272,1.5874069307014285,0.04557546212370619,-1.8557209226229503,-0.56812317341699,2.573639217900798,0.7620242452013085,0.12506072363680157,-0.6811364270965238,1.0226024743168867,-1.084590285194523,-0.6498903040824542,1.0844077392250036,3.27,16.59,51.06,0.368,0.636,2.208,53.787030035130215,-34.57276895671081,-41.0763616300178,3.240487911703177,1,0,0,0,0
1837,1837,1777638165.4562156,4681.28,1.587292453485131,0.04638773323828111,-1.8566423512317733,-0.5675419804240862,2.5735729333501247,0.7622636900345723,0.12498280509314781,-0.6811438839396886,1.0220385180219618,-1.0843573153955022,-0.6498607477239983,1.0842793959357682,3.27,16.59,51.06,0.368,0.636,2.208,53.787030035130215,-34.57631275788332,-41.07382869626485,3.2347785548512102,1,0,0,0,0
1838,1838,1777638165.462666,4681.288,1.5871779759701763,0.04720013844771275,-1.8575631193719389,-0.5669616389345533,2.5735065661912397,0.7625030967195846,0.12496601594653492,-0.6812178141793206,1.02148175597052,-1.0840321842603193,-0.6497841641904674,1.0841489151352723,3.27,16.59,51.06,0.368,0.636,2.208,53.787030035130215,-34.58036668138783,-41.070831900001764,3.229490241905036,1,0,0,0,0
1839,1839,1777638165.4698524,4681.295999999999,1.5870634981753753,0.04801267869025109,-1.8584832275001322,-0.5663821495531653,2.5734401164105805,0.7627424651252538,0.12493691027916873,-0.6812352274537387,1.0208731136722777,-1.083764296884594,-0.6497904386504165,1.0840931065510484,3.27,16.59,51.06,0.368,0.636,2.208,53.787030035130215,-34.580658814346265,-41.071008404356355,3.224112996634393,1,0,0,0,0
1840,1840,1777638165.4769812,4681.304,1.5869490201195395,0.048825354903836486,-1.8594026760702498,-0.5658035128871184,2.573373583994652,0.7629817951205312,0.12489933947468705,-0.6811580635828309,1.020336702482252,-1.083583450575417,-0.6496620039902872,1.0840226027645101,3.27,16.59,51.06,0.368,0.636,2.208,53.787030035130215,-34.58453163461276,-41.06772965946478,3.2243374872343225,1,0,0,0,0
1841,1841,1777638165.4843574,4681.312,1.5868345418214789,0.04963816802610298,-1.8603214655334064,-0.5652257295460288,2.57330696893003,0.7632210865744121,0.12486720811040614,-0.6812372763491276,1.0197388984380078,-1.0832757003686273,-0.649653970628627,1.0839397372074888,3.27,16.59,51.06,0.368,0.636,2.208,53.787030035130215,-34.58577834591297,-41.06716330274491,3.2181725362476903,1,0,0,0,0
1842,1842,1777638165.4872239,4681.312,1.5868345418214789,0.04963816802610298,-1.8603214655334064,-0.5652257295460288,2.57330696893003,0.7632210865744121,0.12486720811040614,-0.6812372763491276,1.0197388984380078,-1.0832757003686273,-0.649653970628627,1.0839397372074888,3.49,16.57,50.84,0.37,0.623,2.235,53.58591792626119,-34.526979573374064,-40.836784860693804,3.419836806226333,0,1,0,0,0
1843,1843,1777638165.4953585,4681.32,1.586720063300004,0.05045111899438153,-1.861239596337942,-0.5646488001419305,2.5732402712033604,0.7634603393559353,0.12482519172631756,-0.6811973899404706,1.0192040510301648,-1.083059326073832,-0.6494885638624454,1.0838248790513474,3.49,16.57,50.84,0.37,0.623,2.235,53.58591792626119,-34.532763999812246,-40.831906512290765,3.41968143323598,1,0,0,0,0
1844,1844,1777638165.4985101,4681.3279999999995,1.5866055845739266,0.05126420874570327,-1.8621570689294327,-0.5640727252892717,2.573173490801354,0.7636995533341836,0.12485361623039681,-0.6812912163270335,1.0185880822404987,-1.0826923995697006,-0.6496023312105735,1.0838052234778932,3.49,16.57,50.84,0.37,0.623,2.235,53.58591792626119,-34.529243753419856,-40.835675148548766,3.410214213082953,1,0,0,0,0
1845,1845,1777638165.5056138,4681.336,1.5864911056620565,0.05207743821680267,-1.8630738837506868,-0.5634975056049116,2.573106627710793,0.7639387283782841,0.12478392177853725,-0.6814123319832066,1.0179977304192311,-1.0823192107622737,-0.6495812079775044,1.0835999081838341,3.49,16.57,50.84,0.37,0.623,2.235,53.58591792626119,-34.53433780736469,-40.83220140684992,3.400211828293289,1,0,0,0,0
1846,1846,1777638165.5135615,4681.344,1.5863766265832053,0.05289080834412078,-1.863990041241756,-0.5629231417081195,2.57303968191853,0.7641778643574084,0.12475341635140184,-0.6813833756547321,1.0174636315086996,-1.0821184630652645,-0.6495070397539042,1.0835450231622044,3.49,16.57,50.84,0.37,0.623,2.235,53.58591792626119,-34.536489181449525,-40.8305084377079,3.398690297435755,1,0,0,0,0
1847,1847,1777638165.5203056,4681.352,1.5862621473561846,0.053704320063808327,-1.864905541839942,-0.5623496342205714,2.572972653411483,0.7644169611407728,0.12470306351252933,-0.6814867565269456,1.0168671396478546,-1.0818205384487982,-0.6495518640836752,1.0834400983796169,3.49,16.57,50.84,0.37,0.623,2.235,53.58591792626119,-34.537444267105926,-40.83040891884622,3.3901697621734503,1,0,0,0,0
1848,1848,1777638165.5275013,4681.36,1.5861476679998052,0.05451797431172888,-1.8658203859797986,-0.5617769837663458,2.5729055421766436,0.7646560185976384,0.12469403100905466,-0.6816068996489401,1.0162402672980104,-1.08138378197145,-0.6494785526767677,1.0832567196644676,3.49,16.57,50.84,0.37,0.623,2.235,53.58591792626119,-34.542498721963575,-40.826822837040616,3.38185142725756,1,0,0,0,0
1849,1849,1777638165.5343294,4681.3679999999995,1.5860331885328787,0.05533177202346195,-1.8667345740931403,-0.5612051909719229,2.572838348201067,0.7648950365973115,0.12466443506351738,-0.6816041354759432,1.0156927253762555,-1.0811575496050425,-0.649470423757344,1.0831910788323096,3.49,16.57,50.84,0.37,0.623,2.235,53.58591792626119,-34.543585117559445,-40.826279901718145,3.3773061176758854,1,0,0,0,0
1850,1850,1777638165.5427778,4681.376,1.5859187089742175,0.056145714134306045,-1.867648106609046,-0.5606342564661801,2.5727710714718803,0.7651340150091438,0.12460587705007523,-0.6816297275583194,1.015121760502431,-1.0809048276527646,-0.6493956862621187,1.083081110317033,3.49,16.57,50.84,0.37,0.623,2.235,53.58591792626119,-34.547261434879246,-40.82347953167525,3.373550989239409,1,0,0,0,0
1851,1851,1777638165.5527952,4681.384,1.5858042293426333,0.056959801579281745,-1.8685609839538628,-0.5600641808803921,2.5727037119762812,0.7653729537025326,0.12458440379586276,-0.6816498438031953,1.0145650379822877,-1.0806294512420531,-0.649334025362896,1.0829808874139122,3.49,16.57,50.84,0.37,0.623,2.235,53.58591792626119,-34.55024718208499,-40.82130311101115,3.3693073436210565,1,0,0,0,0
1852,1852,1777638165.5561488,4681.392,1.5856897496569387,0.05777403529313472,-1.869473206551218,-0.5594949648482253,2.5726362697015297,0.7656118525469209,0.12455176254116841,-0.6817431081471828,1.0139707816588408,-1.0802721031996572,-0.6493499403546692,1.0828348422615424,3.49,16.57,50.84,0.37,0.623,2.235,53.58591792626119,-34.55278388291055,-40.81993315043607,3.3598785000065816,1,0,0,0,0
1853,1853,1777638165.5632372,4681.4,1.5855752699359469,0.05858841621033873,-1.8703847748220177,-0.558926609005737,2.572568744634962,0.7658507114117981,0.12450012130145476,-0.681731520809628,1.013402803540196,-1.0800586214545558,-0.649283905598095,1.0827669043536827,3.49,16.57,50.84,0.37,0.623,2.235,53.58591792626119,-34.555134717223076,-40.818136538406264,3.35752799044002,1,0,0,0,0
1854,1854,1777638165.5706944,4681.407999999999,1.5854607901984705,0.0594029452650986,-1.8712956891844552,-0.5583591139913713,2.5725011367639787,0.7660895301666995,0.12448662926735132,-0.6817737182407932,1.0127931473218594,-1.0797219658161978,-0.649208119790747,1.0826472813317494,3.49,16.57,50.84,0.37,0.623,2.235,53.58591792626119,-34.55869883115774,-40.815537179262755,3.352440881739223,1,0,0,0,0
1855,1855,1777638165.5777905,4681.416,1.5853463104633239,0.06021762339135319,-1.872205950054017,-0.5577924804459578,2.572433446076049,0.766328308681207,0.12446631674101323,-0.6817966824335155,1.0122261847755172,-1.0794934848072835,-0.6491768633048906,1.0826103494404147,3.49,16.57,50.84,0.37,0.623,2.235,53.58591792626119,-34.55928880345327,-40.81527696869788,3.349525842263384,1,0,0,0,0
1856,1856,1777638165.5844853,4681.424,1.5852318307493212,0.06103245152277828,-1.8731155578434837,-0.557226709012709,2.5723656725587123,0.7665670468249495,0.12443333200113979,-0.6818186377571692,1.0116466613610227,-1.079201215516301,-0.6490581433890023,1.082471091161328,3.49,16.57,50.84,0.37,0.623,2.235,53.58591792626119,-34.56455839100703,-40.81110276596004,3.3460116946768603,1,0,0,0,0
1857,1857,1777638165.5919147,4681.432,1.5851173510752767,0.06184743059278951,-1.8740245129629418,-0.5566618003372161,2.572297816199576,0.7668057444676025,0.1244057407921259,-0.6818886982905541,1.0110511035963858,-1.0788804623575925,-0.6490702785255613,1.0823786359334038,3.49,16.57,50.84,0.37,0.623,2.235,53.58591792626119,-34.56562263521427,-40.81079741058244,3.3387342739969377,1,0,0,0,0
1858,1858,1777638165.6015587,4681.44,1.5850028714600057,0.0626625615345452,-1.8749328158197844,-0.556097755067448,2.5722298769863166,0.767044401478889,0.12438085877968488,-0.6819401591091495,1.0104843432510928,-1.0785654342685542,-0.6489940791754193,1.0822519320706223,3.49,16.57,50.84,0.37,0.623,2.235,53.58591792626119,-34.569540354027964,-40.80788662959163,3.3337469216527884,1,0,0,0,0
1859,1859,1777638165.6853695,4681.447999999999,1.5848883919223251,0.0634778452809493,-1.875840466818719,-0.5555345738537483,2.5721618549066783,0.7672830177285792,0.12433200024132529,-0.682017404426086,1.009906650088603,-1.0782634552982262,-0.6490041796387853,1.0821317192135307,3.49,16.57,50.84,0.37,0.623,2.235,53.58591792626119,-34.57164658945564,-40.806734787166505,3.325995806316587,1,0,0,0,0
1860,1860,1777638165.6854823,4681.456,1.58477391248105,0.06429328276465407,-1.876747466361767,-0.5549722573488314,2.5720937499484737,0.7675215930864911,0.12430869067563058,-0.682071954553916,1.0093696767673808,-1.0779334450288343,-0.6489575919625075,1.0820181643124405,3.49,16.57,50.84,0.37,0.623,2.235,53.58591792626119,-34.574484647668775,-40.80480876137071,3.3201194701516346,1,0,0,0,0
1861,1861,1777638165.687276,4681.464,1.5846594331549984,0.065108874918063,-1.87765381484828,-0.554410806207783,2.5720255620995847,0.7677601274224904,0.12426210369380905,-0.6821957739507811,1.0087562327201016,-1.077565541550746,-0.648965691202861,1.0818521450341338,3.49,16.57,50.84,0.37,0.623,2.235,53.58591792626119,-34.57776863064506,-40.80282619570189,3.3102705280568188,1,0,0,0,0
1862,1862,1777638165.6873167,4681.472,1.584544953962988,0.06592462267333352,-1.8785595126749346,-0.5538502210880543,2.5719572913479603,0.7679986206064912,0.12424481419417768,-0.6823168797369021,1.0081511924628064,-1.077160633853636,-0.6489050408717625,1.0816951034102742,3.49,16.57,50.84,0.37,0.623,2.235,53.58591792626119,-34.58189483059532,-40.79994405386351,3.302683019493765,1,0,0,0,0
1863,1863,1777638165.6873465,4681.472,1.584544953962988,0.06592462267333352,-1.8785595126749346,-0.5538502210880543,2.5719572913479603,0.7679986206064912,0.12424481419417768,-0.6823168797369021,1.0081511924628064,-1.077160633853636,-0.6489050408717625,1.0816951034102742,3.39,16.88,50.59,0.382,0.607,2.225,53.43944797619077,-34.75327090928532,-40.4754191734402,3.1185259082026904,0,1,0,0,0
1864,1864,1777638165.6884618,4681.48,1.5844304749238374,0.06674052696237977,-1.879464560235741,-0.5532905026494612,2.5718889376816207,0.7682370725084554,0.12418214203552826,-0.6823710617872372,1.0075795802250542,-1.0769241572528554,-0.6489636134140503,1.0816232309507783,3.39,16.88,50.59,0.382,0.607,2.225,53.43944797619077,-34.753227601424236,-40.476008892551754,3.1113462381540744,1,0,0,0,0
1865,1865,1777638165.6884968,4681.487999999999,1.5843159960563655,0.0675565887168753,-1.8803689579220482,-0.5527316515541809,2.571820501088652,0.7684754829983939,0.12416259905715257,-0.6825090940676375,1.0069702642295764,-1.0764921018173927,-0.6489867449312334,1.081448623432053,3.39,16.88,50.59,0.382,0.607,2.225,53.43944797619077,-34.75616149589452,-40.47435780125692,3.100032039694512,1,0,0,0,0
1866,1866,1777638165.689653,4681.496,1.5842015173793929,0.06837280886825577,-1.881272706122548,-0.5521736684667502,2.5717519815572096,0.7687138519463662,0.12411838332064609,-0.6825412826483603,1.0063646226646883,-1.0762084191036387,-0.6489439162404657,1.0813390123556919,3.39,16.88,50.59,0.382,0.607,2.225,53.43944797619077,-34.75904583727133,-40.47227752813477,3.094848004039679,1,0,0,0,0
1867,1867,1777638165.6896863,4681.504,1.5840870389117407,0.06918918834772166,-1.8821758052232838,-0.5516165540540614,2.571683379075516,0.7689521792224808,0.12409986392883511,-0.6826681339506397,1.0057632293886367,-1.0757916958036131,-0.6489795266342282,1.0811911986501825,3.39,16.88,50.59,0.382,0.607,2.225,53.43944797619077,-34.76095660642367,-40.47146135566514,3.084041430207009,1,0,0,0,0
1868,1868,1777638165.6905906,4681.512,1.5839725606722306,0.07000572808624086,-1.88307825560765,-0.5510603089853623,2.571614693631865,0.7691904646968954,0.1240673612919493,-0.6827081400008533,1.005162637987178,-1.075506888411883,-0.6489268539416477,1.081099074240677,3.39,16.88,50.59,0.382,0.607,2.225,53.43944797619077,-34.763462652694336,-40.46963946583459,3.079698995046246,1,0,0,0,0
1869,1869,1777638165.6906416,4681.5199999999995,1.5838580826796846,0.07082242901455135,-1.8839800576564016,-0.5505049339322508,2.5715459252146147,0.7694287082398173,0.12401797001037224,-0.6827401188579174,1.0046204379294394,-1.0752139211267822,-0.6489502858166888,1.0809626898493345,3.39,16.88,50.59,0.382,0.607,2.225,53.43944797619077,-34.7658826409845,-40.46820372357807,3.0712361648486737,1,0,0,0,0
1870,1870,1777638165.6917577,4681.527999999999,1.583743604952927,0.0716392920631637,-1.8848812117476577,-0.5499504295686748,2.5714770738121953,0.7696669097215032,0.12396533326141555,-0.6828211680251681,1.004016437972943,-1.074864742629946,-0.6488817983792655,1.0807696620842269,3.39,16.88,50.59,0.382,0.607,2.225,53.43944797619077,-34.77160897763863,-40.46384906166183,3.0637767903764024,1,0,0,0,0
1871,1871,1777638165.6943355,4681.536,1.5836291275107817,0.07245631816236375,-1.8857817182569008,-0.549396796570929,2.571408139413103,0.7699050690122599,0.12395654135747808,-0.6827951385860218,1.0034724642701562,-1.0746216509273532,-0.6488663481003811,1.0807242638779682,3.39,16.88,50.59,0.382,0.607,2.225,53.43944797619077,-34.772109193368294,-40.463708866479855,3.0599488579436396,1,0,0,0,0
1872,1872,1777638165.6944704,4681.544,1.5835146503720754,0.07327350824221508,-1.8866815775569918,-0.5488440356176509,2.5713391220059023,0.770143185982444,0.12395241310440062,-0.6827943887711092,1.0029060699841474,-1.0743593692722404,-0.6487894750976761,1.0806820369981207,3.39,16.88,50.59,0.382,0.607,2.225,53.43944797619077,-34.773593127739105,-40.462566334362826,3.058193359443243,1,0,0,0,0
1873,1873,1777638165.7017698,4681.552,1.583400173555634,0.07409086323256157,-1.8875807900181663,-0.5482921473898204,2.5712700215792275,0.7703812605024629,0.12390716291787932,-0.6828403464385657,1.0023399259532328,-1.0740682260307162,-0.6487301985098508,1.0805495721999665,3.39,16.88,50.59,0.382,0.607,2.225,53.43944797619077,-34.777493090190944,-40.45961669722853,3.052866042764971,1,0,0,0,0
1874,1874,1777638165.7078636,4681.5599999999995,1.583285697080285,0.07490838406302985,-1.8884793560080446,-0.5477411325707564,2.5712008381217775,0.7706192924427743,0.12385878429710075,-0.6828708351047693,1.001771425454773,-1.0737863576107602,-0.6486827788213869,1.0804158576809522,3.39,16.88,50.59,0.382,0.607,2.225,53.43944797619077,-34.78125267112054,-40.45681252735245,3.047192602105922,1,0,0,0,0
1875,1875,1777638165.7144575,4681.568,1.583171220964858,0.07572607166303183,-1.8893772758916345,-0.5471909918461133,2.571131571622322,0.7708572816738866,0.12384927330638403,-0.6828840390449464,1.001221792519104,-1.073546201300803,-0.6486720464417316,1.0804034806871796,3.39,16.88,50.59,0.382,0.607,2.225,53.43944797619077,-34.780614442621946,-40.45758864497987,3.044171484537855,1,0,0,0,0
1876,1876,1777638165.7216804,4681.576,1.5830567452281823,0.07654392696176707,-1.8902745500313358,-0.5466417259038803,2.571062222069699,0.7710952280663593,0.1238105140501018,-0.682858774819244,1.0006981874270535,-1.073348169179644,-0.6485927417209021,1.0803388373159164,3.39,16.88,50.59,0.382,0.607,2.225,53.43944797619077,-34.78319967094136,-40.45547766139834,3.0426876013691904,1,0,0,0,0
1877,1877,1777638165.7291858,4681.584,1.582942269889089,0.07736195088822527,-1.8911711787869425,-0.5460933354343789,2.570992789452813,0.7713331314908032,0.12377378475239742,-0.6828661543827805,1.000135934735293,-1.0730944086331187,-0.6485305150378963,1.0802461041382685,3.39,16.88,50.59,0.382,0.607,2.225,53.43944797619077,-34.78607123218963,-40.453279976363625,3.039076731997293,1,0,0,0,0
1878,1878,1777638165.7369916,4681.592,1.58282779496641,0.07818014437118861,-1.8920671625156515,-0.5455458211302577,2.570923273760638,0.7715709918178804,0.1237527806789897,-0.6829111326873435,0.9995794756192041,-1.0728065047211341,-0.6485114367032746,1.0801623277823154,3.39,16.88,50.59,0.382,0.607,2.225,53.43944797619077,-34.78764567815652,-40.452328044830224,3.0337211349232738,1,0,0,0,0
1879,1879,1777638165.7435482,4681.599999999999,1.5827133204789794,0.07899850833923415,-1.8929625015720681,-0.5449991836864934,2.5708536749822173,0.7718088089183046,0.12371311512022604,-0.6830008076354865,0.998983504626774,-1.0724685741635622,-0.6485417940589245,1.0800044819674082,3.39,16.88,50.59,0.382,0.607,2.225,53.43944797619077,-34.790392834733254,-40.450706047392295,3.0238298021550403,1,0,0,0,0
1880,1880,1777638165.7523484,4681.608,1.5825988464456318,0.07981704372073616,-1.8938571963082058,-0.5444534238003866,2.5707839931066587,0.7720465826628418,0.12369042255050455,-0.6830682340829967,0.9983948724490883,-1.072146385274915,-0.6485025527392567,1.0799045252866706,3.39,16.88,50.59,0.382,0.607,2.225,53.43944797619077,-34.79270004403443,-40.44913381091996,3.0183103869777606,1,0,0,0,0
1881,1881,1777638165.7583334,4681.616,1.5824843728852036,0.08063575144386842,-1.8947512470734935,-0.5439085421715601,2.5707142281231388,0.7722843129223095,0.12364635272962338,-0.6831411794993222,0.9977739979354425,-1.0718227053342086,-0.6484720165509371,1.079766623927851,3.39,16.88,50.59,0.382,0.607,2.225,53.43944797619077,-34.79605355012158,-40.44676570488377,3.0113786462863463,1,0,0,0,0
1882,1882,1777638165.7650938,4681.624,1.5823698998165314,0.08145463243660656,-1.895644654214781,-0.5433645395019546,2.5706443800209033,0.7725219995675779,0.12359467314759123,-0.6832093470015386,0.9971810594647661,-1.0715059080612406,-0.648526214375698,1.079613160781249,3.39,16.88,50.59,0.382,0.607,2.225,53.43944797619077,-34.79831010496897,-40.44559444350138,3.0010171526042893,1,0,0,0,0
1883,1883,1777638165.772798,4681.632,1.5822554272584544,0.08227368762673026,-1.8965374180763401,-0.5428214164958289,2.570574448789266,0.7727596424695699,0.12360602112889768,-0.6832565545959149,0.996591468249864,-1.071210951429418,-0.6484510613299888,1.079588929247152,3.39,16.88,50.59,0.382,0.607,2.225,53.43944797619077,-34.7990133514751,-40.445116646368426,2.999301456257755,1,0,0,0,0
1884,1884,1777638165.775699,4681.632,1.5822554272584544,0.08227368762673026,-1.8965374180763401,-0.5428214164958289,2.570574448789266,0.7727596424695699,0.12360602112889768,-0.6832565545959149,0.996591468249864,-1.071210951429418,-0.6484510613299888,1.079588929247152,3.19,16.91,50.5,0.37,0.58,2.205,53.351421724261485,-34.75703696496429,-40.37978784911888,2.79200907524624,0,1,0,0,0
1885,1885,1777638165.7798295,4681.639999999999,1.5821409552298125,0.08309291794182558,-1.897429538999873,-0.5422791738597557,2.5705044344176073,0.7729972414992606,0.12353189200227455,-0.683307343526038,0.9960024906435607,-1.0709504410819932,-0.6483894411086253,1.0794323091987765,3.19,16.91,50.5,0.37,0.58,2.205,53.351421724261485,-34.76193787619067,-40.375949986942956,2.7864920139382208,1,0,0,0,0
1886,1886,1777638165.7867591,4681.648,1.5820264837494475,0.08391232430928706,-1.8983210173245144,-0.5417378123026202,2.5704343368953744,0.7732347965276788,0.12350981773719455,-0.6833172882970902,0.9954476005082703,-1.0706345921013736,-0.6483399013714607,1.0793042318238535,3.19,16.91,50.5,0.37,0.58,2.205,53.351421724261485,-34.765409259382864,-40.37336417958002,2.780644502740492,1,0,0,0,0
1887,1887,1777638165.7940588,4681.656,1.5819120128362023,0.08473190765632006,-1.8992118533868343,-0.5411973325356163,2.5703641562120865,0.7734723074259059,0.12348863868263138,-0.6833873004933722,0.9948442362456604,-1.0703261283097982,-0.6483670748756039,1.0792312126795045,3.19,16.91,50.5,0.37,0.58,2.205,53.351421724261485,-34.76566539510215,-40.37362339441105,2.7736697067354017,1,0,0,0,0
1888,1888,1777638165.805695,4681.664,1.5817975425089212,0.08555166890994279,-1.9001020475208499,-0.5406577352722453,2.570293892357327,0.773709774065077,0.12346900058649884,-0.6834271368504086,0.9942779018019434,-1.0699948144517322,-0.6483233896095006,1.079103921659331,3.19,16.91,50.5,0.37,0.58,2.205,53.351421724261485,-34.76892038249397,-40.37124802384195,2.767437159762261,1,0,0,0,0
1889,1889,1777638165.8110006,4681.672,1.5816830727864506,0.0863716089969885,-1.9009916000580187,-0.5401190212283131,2.570223545320747,0.7739471963163808,0.12341993049426384,-0.6834190779147662,0.9937432664928039,-1.0698045221849228,-0.6482625945149666,1.0790353887087647,3.19,16.91,50.5,0.37,0.58,2.205,53.351421724261485,-34.77133496420268,-40.369315979906574,2.765283370953976,1,0,0,0,0
1890,1890,1777638165.81539,4681.679999999999,1.5815686036876384,0.08719172884410761,-1.9018805113272528,-0.539581191121929,2.5701531150920687,0.7741845740510598,0.12340400008044455,-0.6834830322751168,0.9931482326597367,-1.0694531541599566,-0.6482244321573083,1.0789139119462152,3.19,16.91,50.5,0.37,0.58,2.205,53.351421724261485,-34.77419533291867,-40.36729826728425,2.7587623217897606,1,0,0,0,0
1891,1891,1777638165.823725,4681.688,1.5814541352313327,0.08801202937776983,-1.902768781654915,-0.5390442456735007,2.5700826016610776,0.7744219071404108,0.12332621332569334,-0.6835380943166278,0.9925876847132812,-1.0691833744581116,-0.6481253368440792,1.0787759250637738,3.19,16.91,50.5,0.37,0.58,2.205,53.351421724261485,-34.77917818151521,-40.36326069199662,2.7550229270074413,1,0,0,0,0
1892,1892,1777638165.8301113,4681.696,1.581339667436385,0.08883251152426616,-1.90365641136483,-0.5385081856057337,2.570012005017631,0.7746591954557847,0.12331052800248016,-0.683538167027965,0.9920362073698056,-1.0688804076924296,-0.6480782923280201,1.078658275433323,3.19,16.91,50.5,0.37,0.58,2.205,53.351421724261485,-34.78233267688155,-40.36091560346841,2.7495500003522553,1,0,0,0,0
1893,1893,1777638165.837653,4681.704,1.581225200321648,0.08965317620971096,-1.9045434007782838,-0.5379730116436292,2.5699413251516496,0.7748964388685868,0.12327838359148657,-0.6836306986897738,0.9914436670555342,-1.0685630660766547,-0.648086872411002,1.0785424103577819,3.19,16.91,50.5,0.37,0.58,2.205,53.351421724261485,-34.784280144399226,-40.359755899565,2.7419260682011997,1,0,0,0,0
1894,1894,1777638165.8441772,4681.7119999999995,1.581110733905975,0.09047402436004394,-1.905429750214033,-0.5374387245144812,2.5698705620531257,0.7751336372502775,0.1232683891935329,-0.683725429017635,0.9908165485622752,-1.068216028018496,-0.6480385502393597,1.0784467550553702,3.19,16.91,50.5,0.37,0.58,2.205,53.351421724261485,-34.78653163400772,-40.358179251614175,2.7365643370398525,1,0,0,0,0
1895,1895,1777638165.8520145,4681.719999999999,1.5809962682082217,0.09129505690103222,-1.9063154599883028,-0.536905324947873,2.569799715712115,0.7753707904723718,0.123199464203052,-0.6837264308242924,0.9902800185732997,-1.0679917295447823,-0.6479492033897997,1.0783319073394975,3.19,16.91,50.5,0.37,0.58,2.205,53.351421724261485,-34.790813220541395,-40.35468187682798,2.7337092152260922,1,0,0,0,0
1896,1896,1777638165.8596473,4681.728,1.5808818032472463,0.09211627475827222,-1.9072005304147943,-0.5363728136756762,2.569728786118745,0.77560789840644,0.12318224286477188,-0.683792886502566,0.9896884248524764,-1.0676404657077774,-0.6479663125141811,1.078203769530035,3.19,16.91,50.5,0.37,0.58,2.205,53.351421724261485,-34.79281869084441,-40.35354194739639,2.7249990542655715,1,0,0,0,0
1897,1897,1777638165.866825,4681.736,1.5807673390419072,0.09293767885719165,-1.908084961804688,-0.5358411914320484,2.5696577732632075,0.7758449609241077,0.12314923004798435,-0.6838796502822856,0.9890813617018763,-1.067277866764014,-0.6479018876216975,1.0780351527984635,3.19,16.91,50.5,0.37,0.58,2.205,53.351421724261485,-34.79764444903024,-40.34985527125209,2.717962543502984,1,0,0,0,0
1898,1898,1777638165.8733833,4681.744,1.580652875611067,0.09375927012305137,-1.908968754466649,-0.5353104589534299,2.5695866771357636,0.7760819778970564,0.12311625367750345,-0.683943684789514,0.9884974925371128,-1.066970838159675,-0.6479293433324319,1.0779358320418522,3.19,16.91,50.5,0.37,0.58,2.205,53.351421724261485,-34.79874911505106,-40.34942103935653,2.7102549356963093,1,0,0,0,0
1899,1899,1777638165.8824062,4681.7519999999995,1.5805384129735867,0.09458104948094734,-1.9098519087068304,-0.5347806169785416,2.5695154977267407,0.776318949197023,0.123058701332168,-0.6840337109971961,0.987919428620446,-1.0666422152830923,-0.6479170391592809,1.0777700259065175,3.19,16.91,50.5,0.37,0.58,2.205,53.351421724261485,-34.80264754578428,-40.34662314238528,2.7018373026987024,1,0,0,0,0
1900,1900,1777638165.8884847,4681.76,1.5804239511483322,0.09540301785581246,-1.9107344248288776,-0.5342516662483838,2.569444235026536,0.7765558746958008,0.12303885751717131,-0.684144916183135,0.9872862728025269,-1.06629062801691,-0.6479378645156592,1.0776952334065943,3.19,16.91,50.5,0.37,0.58,2.205,53.351421724261485,-34.802869465098645,-40.34692244175792,2.694499299327474,1,0,0,0,0
1901,1901,1777638165.8945372,4681.768,1.5803094901541703,0.09622517617241838,-1.9116163031339326,-0.5337236075062313,2.569372889025612,0.7767927542652391,0.12301583733628861,-0.6841160798913801,0.9867935411347786,-1.0660823063038813,-0.6477797023948771,1.077618657459358,3.19,16.91,50.5,0.37,0.58,2.205,53.351421724261485,-34.80733670883001,-40.343005861113944,2.6954386151904917,1,0,0,0,0
1902,1902,1777638165.9747396,4681.776,1.5801950300099694,0.09704752535537736,-1.9124975439206349,-0.5331964414976333,2.569301459714497,0.7770295877772437,0.12297168066717964,-0.684240281984829,0.98614520259345,-1.0656660069343642,-0.6478250693441885,1.0774485430263347,3.19,16.91,50.5,0.37,0.58,2.205,53.351421724261485,-34.809815454379766,-40.34165029532418,2.6836913909378732,1,0,0,0,0
1903,1903,1777638165.9748046,4681.784,1.5800805707345997,0.09787006632914402,-1.9133781474851297,-0.5326701689704105,2.569229947083791,0.7772663751037772,0.12296070473536275,-0.6842267560525457,0.9856050378054492,-1.0654506430890882,-0.6477575343107189,1.07741695186157,3.19,16.91,50.5,0.37,0.58,2.205,53.351421724261485,-34.81104980053893,-40.340663102258844,2.6825197584452614,1,0,0,0,0
1904,1904,1777638165.9777734,4681.7919999999995,1.5799661123469342,0.09869280001801714,-1.9142581141210666,-0.5321447906746517,2.569158351124157,0.7775031161168589,0.12293811737335722,-0.6843005383264591,0.985005390223904,-1.0650948310511756,-0.6477796046042981,1.0772931056771518,3.19,16.91,50.5,0.37,0.58,2.205,53.351421724261485,-34.81280099174178,-40.33973761605361,2.6736970990243307,1,0,0,0,0
1905,1905,1777638165.977884,4681.8,1.5798516548658466,0.09951572734614135,-1.9151374441196118,-0.5316203073627133,2.5690866718263283,0.7777398106885652,0.12289366203578331,-0.684357231328832,0.9844327464379667,-1.0648007408166362,-0.6477771722928265,1.0771615820920895,3.19,16.91,50.5,0.37,0.58,2.205,53.351421724261485,-34.81558425004162,-40.337822963441845,2.6663330433907984,1,0,0,0,0
1906,1906,1777638165.9779558,4681.808,1.5797371983102142,0.10033884923750888,-1.916016137769443,-0.5310967197892147,2.569014909181103,0.7779764586910302,0.12287029518293015,-0.6844092991701923,0.9838781103653133,-1.0645499415570852,-0.6477364365642273,1.0771172670425584,3.19,16.91,50.5,0.37,0.58,2.205,53.351421724261485,-34.816529733659706,-40.33720212029784,2.6633780076113696,1,0,0,0,0
1907,1907,1777638165.9801095,4681.808,1.5797371983102142,0.10033884923750888,-1.916016137769443,-0.5310967197892147,2.569014909181103,0.7779764586910302,0.12287029518293015,-0.6844092991701923,0.9838781103653133,-1.0645499415570852,-0.6477364365642273,1.0771172670425584,3.14,16.93,50.38,0.374,0.54,2.204,53.2412330811374,-34.781161257253096,-40.225924621914515,2.602827291428778,0,1,1,1,0
1908,1908,1777638165.9801624,4681.816,1.5796227426989153,0.10116216661596124,-1.9168941953567575,-0.5305740287110376,2.5689430631793506,0.778213059996445,0.12282192503653797,-0.6844995739745577,0.9832819783750144,-1.0641961521712051,-0.6477195707740376,1.0769402395869045,3.14,16.93,50.38,0.374,0.54,2.204,53.2412330811374,-34.785378912119945,-40.22284907743267,2.5939788037520333,1,0,1,1,0
1909,1909,1777638165.980192,4681.824,1.5795082880508309,0.10198568040519086,-1.917771617165279,-0.5300522348873233,2.568871133812003,0.7784496144770587,0.12280929155215409,-0.6845626241759666,0.9826943002128544,-1.0638544875086464,-0.6477372200928241,1.076843098375132,3.14,16.93,50.38,0.374,0.54,2.204,53.2412330811374,-34.78643584583227,-40.22243059656127,2.5862826698965304,1,0,1,1,0
1910,1910,1777638165.9886022,4681.831999999999,1.5793938343848435,0.10280939152874277,-1.918648403476256,-0.5295313390794698,2.5687991210700627,0.7786861220051786,0.12278956151476457,-0.6845436520866058,0.982145965837036,-1.063614516728006,-0.6476561768147018,1.0767699189134876,3.14,16.93,50.38,0.374,0.54,2.204,53.2412330811374,-34.78914324195643,-40.22022704754414,2.584134039603083,1,0,1,1,0
1911,1911,1777638165.9887424,4681.84,1.5792793817198385,0.10363330091001616,-1.9195245545684667,-0.5290113420511302,2.5687270249445966,0.7789225824531697,0.12274651741038482,-0.6846354999449207,0.9815297114972246,-1.0632559957485335,-0.6476404079275679,1.0765843239609227,3.14,16.93,50.38,0.374,0.54,2.204,53.2412330811374,-34.7935907247646,-40.21696893013938,2.5749474848584333,1,0,1,1,0
1912,1912,1777638165.9939063,4681.848,1.579164930074703,0.10445740947226598,-1.920400070718225,-0.5284922445682092,2.5686548454267424,0.7791589956934557,0.12269748233090721,-0.684615771579577,0.9809879690567662,-1.063078254755632,-0.6475327731783547,1.0765312640054188,3.14,16.93,50.38,0.374,0.54,2.204,53.2412330811374,-34.79647974460997,-40.21445822861945,2.575120727571659,1,0,1,1,0
1913,1913,1777638165.998065,4681.856,1.5790504794683269,0.10528171813860451,-1.9212749521993828,-0.5279740473988621,2.5685825825077018,0.7793953615985187,0.122667712915985,-0.6846093798136139,0.9804395533824687,-1.0628240768006918,-0.6474917644987297,1.0764527060172822,3.14,16.93,50.38,0.374,0.54,2.204,53.2412330811374,-34.798514260682516,-40.21294935791964,2.5711882829669195,1,0,1,1,0
1914,1914,1777638165.9981933,4681.864,1.5789360299196007,0.10610622783200292,-1.9221491992833322,-0.5274567513134922,2.568510236178742,0.7796316800408999,0.12262471291976818,-0.6846328199884044,0.9798662704612917,-1.062556961476807,-0.6474367899381753,1.0763207281383036,3.14,16.93,50.38,0.374,0.54,2.204,53.2412330811374,-34.80246216004217,-40.20985798390446,2.566095967236436,1,0,1,1,0
1915,1915,1777638165.9982595,4681.871999999999,1.5788215814474196,0.10693093947529271,-1.9230228122390116,-0.5269403570847473,2.568437806431202,0.779867950893199,0.12258084301027539,-0.6846060660260005,0.9793315432732921,-1.0623541952313174,-0.6473300558130947,1.0762404500617202,3.14,16.93,50.38,0.374,0.54,2.204,53.2412330811374,-34.80607848321165,-40.20678764423925,2.5651565159969683,1,0,1,1,0
1916,1916,1777638165.9983368,4681.88,1.5787071340706795,0.10775585399116726,-1.9238957913329084,-0.5264248654875177,2.5683652932564875,0.7801041740280756,0.12255334833801641,-0.6846684627266114,0.9787238208589126,-1.0620528296122775,-0.647347185499771,1.0761676426432882,3.14,16.93,50.38,0.374,0.54,2.204,53.2412330811374,-34.80657040545772,-40.20677463145637,2.558677460171825,1,0,1,1,0
1917,1917,1777638166.0035632,4681.888,1.5785926878082783,0.10858097230218323,-1.924768136829064,-0.5259102772989346,2.5682926966460666,0.7803403493182482,0.1225416428276069,-0.684714183538464,0.978190596707864,-1.0617510374922225,-0.6472546027333095,1.0760760280523165,3.14,16.93,50.38,0.374,0.54,2.204,53.2412330811374,-34.80978121960558,-40.20418705551178,2.5556554244682466,1,0,1,1,0
1918,1918,1777638166.0095117,4681.896,1.5784782426791173,0.10940629533076204,-1.925639848989075,-0.5253965932983684,2.5682200165914786,0.7805764766364952,0.12250327302246311,-0.684712052429579,0.9776389543358627,-1.0614813148740232,-0.6472125548678563,1.0759395491372417,3.14,16.93,50.38,0.374,0.54,2.204,53.2412330811374,-34.81361054466891,-40.2012343199324,2.5499372537393574,1,0,1,1,0
1919,1919,1777638166.017348,4681.9039999999995,1.5783637987021004,0.11023182399919126,-1.9265109280720978,-0.5248838142674241,2.5681472530843266,0.7808125558556548,0.12247183560688833,-0.684828650346812,0.977051583488028,-1.0611283126141784,-0.6472882374138221,1.075837623844775,3.14,16.93,50.38,0.374,0.54,2.204,53.2412330811374,-34.813645405443324,-40.201842291551664,2.539856285159187,1,0,1,1,0
1920,1920,1777638166.0245404,4681.911999999999,1.5782493558961335,0.11105755922962599,-1.9273813743348498,-0.5243719409899406,2.568074406116283,0.7810485868486252,0.1224743725535769,-0.6848072490673021,0.9764834468814885,-1.0608681736835843,-0.6471865058295353,1.0757814935823697,3.14,16.93,50.38,0.374,0.54,2.204,53.2412330811374,-34.81610661544106,-40.19978418149737,2.538694921268735,1,0,1,1,0
1921,1921,1777638166.0309865,4681.92,1.578134914280124,0.11188350194409016,-1.92825118803162,-0.5238609742519884,2.568001475679086,0.781284569488365,0.12242637231358357,-0.6849458325224816,0.9758806697242345,-1.0604813434920275,-0.6471995711817965,1.0755978745602846,3.14,16.93,50.38,0.374,0.54,2.204,53.2412330811374,-34.81979491218642,-40.19725303440295,2.5281674710072566,1,0,1,1,0
1922,1922,1777638166.0382314,4681.928,1.578020473872983,0.112709653064478,-1.929120369414262,-0.5233509148418651,2.5679284617645415,0.7815205036478933,0.1223773730260842,-0.6849982345379013,0.9752807770535086,-1.0602014695077449,-0.6471373970458528,1.0754863233359466,3.14,16.93,50.38,0.374,0.54,2.204,53.2412330811374,-34.823165920395496,-40.194609777648985,2.523759121455579,1,0,1,1,0
1923,1923,1777638166.045518,4681.936,1.5779060346936236,0.11353601351255518,-1.9299889187322083,-0.5228417635500966,2.5678553643645223,0.7817563892002898,0.12232486660314643,-0.6850166750058674,0.9746979506747494,-1.059919158063677,-0.6470927080415417,1.0753671475881157,3.14,16.93,50.38,0.374,0.54,2.204,53.2412330811374,-34.8264309655554,-40.192112612218004,2.5184697671780576,1,0,1,1,0
1924,1924,1777638166.055134,4681.9439999999995,1.577791596760961,0.1143625842099602,-1.930856836232465,-0.5223335211694309,2.5677821834709675,0.7819922260186951,0.12231259870024763,-0.685124807177924,0.9741074222525147,-1.0595343668304924,-0.6471347629288838,1.075249698274944,3.14,16.93,50.38,0.374,0.54,2.204,53.2412330811374,-34.82745476781411,-40.191831704853875,2.5087763161678645,1,0,1,1,0
1925,1925,1777638166.0598726,4681.952,1.5776771600939146,0.1151893660782056,-1.9317241221596202,-0.5218261884948392,2.5677089190758835,0.782228013976311,0.12230903294644768,-0.6851315672745655,0.9735166512513789,-1.059239575163597,-0.647085204131993,1.075164503934943,3.14,16.93,50.38,0.374,0.54,2.204,53.2412330811374,-34.829665486868144,-40.190184893004535,2.5044640821893522,1,0,1,1,0
1926,1926,1777638166.0672266,4681.96,1.577562724711405,0.11601636003867916,-1.9325907767558466,-0.5213197663235114,2.5676355711713406,0.7824637529464007,0.12224569133590982,-0.6851460362538772,0.97294946111701,-1.058994920214832,-0.6471248986416338,1.0750371694970424,3.14,16.93,50.38,0.374,0.54,2.204,53.2412330811374,-34.83175040266396,-40.18888290903921,2.4963482149041543,1,0,1,1,0
1927,1927,1777638166.0745556,4681.968,1.577448290632355,0.11684356701264516,-1.9334568002609025,-0.5208142554548552,2.56756213974948,0.7826994428022886,0.12221065096626561,-0.6851864233678908,0.9723906574462818,-1.0586879918665064,-0.6470046751269914,1.0749069377745064,3.14,16.93,50.38,0.374,0.54,2.204,53.2412330811374,-34.8367053625768,-40.184783781309015,2.4931931193665413,1,0,1,1,0
1928,1928,1777638166.0777946,4681.968,1.577448290632355,0.11684356701264516,-1.9334568002609025,-0.5208142554548552,2.56756213974948,0.7826994428022886,0.12221065096626561,-0.6851864233678908,0.9723906574462818,-1.0586879918665064,-0.6470046751269914,1.0749069377745064,3.13,17.19,50.24,0.41,0.529,2.221,53.19164032063685,-35.0193834679531,-39.96415174601923,2.4207347532518084,0,1,1,1,0
1929,1929,1777638166.081864,4681.976,1.5773338578756917,0.11767098792124553,-1.9343221929121377,-0.5203096566904906,2.5674886248025075,0.7829350834173613,0.12218511634996436,-0.6852512593521504,0.9717697524634964,-1.0583604143669267,-0.6470408718112223,1.0748000894631338,3.13,17.19,50.24,0.41,0.529,2.221,53.19164032063685,-35.02046868879856,-39.96370683818829,2.412365761700041,1,0,1,1,0
1930,1930,1777638166.0889382,4681.9839999999995,1.577219426460343,0.11849862368550097,-1.9351869549444949,-0.519805970834252,2.5674150263226956,0.7831706746650668,0.12214659326004387,-0.6852128893097905,0.9712280822520248,-1.0581231424449535,-0.6468990176376762,1.0746973865061176,3.13,17.19,50.24,0.41,0.529,2.221,53.19164032063685,-35.02529259576085,-39.95951753050006,2.4117291122757605,1,0,1,1,0
1931,1931,1777638166.1007533,4681.992,1.5771049964052413,0.11932647522631212,-1.936051086590517,-0.5193031986921817,2.5673413443023847,0.7834062164189158,0.12212015721639197,-0.6852810504117423,0.9706530998148649,-1.0578389399299668,-0.6469010089976102,1.0746015078586955,3.13,17.19,50.24,0.41,0.529,2.221,53.19164032063685,-35.02690136234667,-39.95848561613086,2.405453848632313,1,0,1,1,0
1932,1932,1777638166.1050048,4682.0,1.57699056772932,0.12015454346446063,-1.9369145880803451,-0.518801341072531,2.567267578733981,0.783641708552481,0.12206203714290804,-0.6853199651310942,0.9700902312136336,-1.0575356906497755,-0.6467900122531249,1.074428275644833,3.13,17.19,50.24,0.41,0.529,2.221,53.19164032063685,-35.03304781408618,-39.95337087932625,2.4008990472230076,1,0,1,1,0
1933,1933,1777638166.1107986,4682.008,1.5768761404515166,0.12098282932061019,-1.9377774596417225,-0.5183003987857555,2.567193729609956,0.7838771509393979,0.1220167495965346,-0.6853661519364553,0.9695224211700488,-1.0572652492907095,-0.6467179258183303,1.0743374208981054,3.13,17.19,50.24,0.41,0.529,2.221,53.19164032063685,-35.035989510902446,-39.95098687323168,2.397641934652518,1,0,1,1,0
1934,1934,1777638166.1175244,4682.016,1.5767617145907709,0.12181133371530767,-1.9386397015000014,-0.5178003726445137,2.5671197969228494,0.7841125434533645,0.12201862756914438,-0.6854203948872029,0.9689368748673428,-1.0569339031692795,-0.6467043857347541,1.0742703371899371,3.13,17.19,50.24,0.41,0.529,2.221,53.19164032063685,-35.036750243334666,-39.95064824333117,2.3921616424913976,1,0,1,1,0
1935,1935,1777638166.12532,4682.023999999999,1.576647290166025,0.12264005756898404,-1.9395013138781447,-0.5173012634636649,2.567045780665268,0.7843478859681419,0.12198566645443892,-0.6855341442895595,0.968330020853824,-1.0565658570308405,-0.6467329426968266,1.074121180477145,3.13,17.19,50.24,0.41,0.529,2.221,53.19164032063685,-35.03912944068959,-39.94914560999494,2.3823881023083877,1,0,1,1,0
1936,1936,1777638166.1320302,4682.032,1.5765328671962253,0.12346900180195544,-1.940362296996728,-0.5168030720602648,2.5669716808298837,0.7845831783575544,0.1219492597941662,-0.6856366971366212,0.9677453562435742,-1.0562314016661274,-0.6466663266847481,1.0739908939210308,3.13,17.19,50.24,0.41,0.529,2.221,53.19164032063685,-35.042904421499856,-39.94615305848652,2.3770371334066653,1,0,1,1,0
1937,1937,1777638166.1394722,4682.04,1.5764184457003196,0.12429816733442411,-1.9412226510739412,-0.5163057992535656,2.5668974974094354,0.7848184204954899,0.12192436397868853,-0.6857854726456635,0.9671415718209919,-1.0558216242548095,-0.6467072478346035,1.073854447204601,3.13,17.19,50.24,0.41,0.529,2.221,53.19164032063685,-35.044437262976125,-39.94542484541109,2.366653933498586,1,0,1,1,0
1938,1938,1777638166.152493,4682.048,1.576304025697259,0.12512755508647933,-1.9420823763255974,-0.5158094458650124,2.5668232303967287,0.7850536122558994,0.12188074651388803,-0.6858688175880663,0.9665362728252151,-1.0554827374603142,-0.6467171722210757,1.073699313433503,3.13,17.19,50.24,0.41,0.529,2.221,53.19164032063685,-35.047509061165144,-39.943255947846005,2.357755901787026,1,0,1,1,0
1939,1939,1777638166.157142,4682.056,1.5761896072059978,0.1259571659780983,-1.9429414729651278,-0.5153140127182407,2.566748879784635,0.7852887535127981,0.12185815498109227,-0.685934258692682,0.9659777878483141,-1.0551276583836904,-0.6467064763243031,1.07355647999678,3.13,17.19,50.24,0.41,0.529,2.221,53.19164032063685,-35.05050701495717,-39.941096613094054,2.349757293408092,1,0,1,1,0
1940,1940,1777638166.161879,4682.063999999999,1.5760751902454926,0.12678700092914716,-1.9437999412035936,-0.5148195006390752,2.5666744455660933,0.7855238441402651,0.1218341921110696,-0.6860249933751331,0.9653691467492685,-1.0547771170943159,-0.6467071552422382,1.0734168049762465,3.13,17.19,50.24,0.41,0.529,2.221,53.19164032063685,-35.0532085056033,-39.939211393280374,2.341488147645277,1,0,1,1,0
1941,1941,1777638166.1681302,4682.072,1.5759607748347033,0.12761706085938165,-1.9446577812496848,-0.5143259104555256,2.5665999277341065,0.7857588840124436,0.12176935994811333,-0.6860200616977068,0.9648319472466941,-1.0545807402372076,-0.6466172055333018,1.073311743944514,3.13,17.19,50.24,0.41,0.529,2.221,53.19164032063685,-35.05731060879233,-39.9357326304968,2.33940850304743,1,0,1,1,0
1942,1942,1777638166.1767,4682.08,1.5758463609925935,0.1284473466884481,-1.9455149933097182,-0.5138332429977854,2.566525326281747,0.7859938730035413,0.12173048259622349,-0.6859975933303639,0.9642770517375343,-1.0543621059623203,-0.6465781064254892,1.0732501997089587,3.13,17.19,50.24,0.41,0.529,2.221,53.19164032063685,-35.05894284730006,-39.93447502282706,2.3364141501346696,1,0,1,1,0
1943,1943,1777638166.183363,4682.088,1.5757319487381292,0.12927785933588415,-1.9463715775876516,-0.513341499098229,2.5664506412021524,0.7862288109878305,0.12171807757566075,-0.6860663128678793,0.9636561898451661,-1.0539900624501597,-0.6465447057677574,1.073098130304703,3.13,17.19,50.24,0.41,0.529,2.221,53.19164032063685,-35.06258809346102,-39.93172038409718,2.3287815171377235,1,0,1,1,0
1944,1944,1777638166.190231,4682.096,1.5756175380902793,0.13010859972111963,-1.9472275342850764,-0.5128506795914101,2.5663758724885266,0.7864636978396482,0.12167337801258894,-0.6860062422216152,0.9631061087649158,-1.053879626135179,-0.6464599145702966,1.0731032386375863,3.13,17.19,50.24,0.41,0.529,2.221,53.19164032063685,-35.063512326779374,-39.930799050007394,2.330663111159431,1,0,1,1,0
1945,1945,1777638166.298931,4682.103999999999,1.5755031290680162,0.1309395687634772,-1.9480828636012273,-0.5123607853140575,2.566301020134139,0.7866985334333966,0.12165881635822262,-0.6860518746893651,0.9625191992179105,-1.0535434079155512,-0.6464033707471721,1.0729901359443321,3.13,17.19,50.24,0.41,0.529,2.221,53.19164032063685,-35.066540269629925,-39.92844610400063,2.3254129178148264,1,0,1,1,0
1946,1946,1777638166.2991066,4682.112,1.5753887216903157,0.13177076738217317,-1.9489375657329813,-0.5118718171050745,2.5662260841323263,0.7869333176435428,0.12162159984616536,-0.6860605901862875,0.9619736815395095,-1.0533118921983062,-0.64632333790806,1.072900596284026,3.13,17.19,50.24,0.41,0.529,2.221,53.19164032063685,-35.06978536331089,-39.92573776678996,2.3229761834395584,1,0,1,1,0
1947,1947,1777638166.304533,4682.12,1.5752743159761557,0.13260219649631813,-1.949791640874862,-0.5113837758055366,2.5661510644764896,0.7871680503446198,0.12155795347176779,-0.6861213817407129,0.9613795525720304,-1.0530003608815062,-0.6462658514178808,1.0727591251213926,3.13,17.19,50.24,0.41,0.529,2.221,53.19164032063685,-35.0738543600738,-39.92249470875147,2.317273518176313,1,0,1,1,0
1948,1948,1777638166.3046153,4682.128,1.5751599119445174,0.13343385702491772,-1.9506450892190443,-0.5108966622586868,2.5660759611600987,0.7874027314112257,0.12154813764787126,-0.6861600623343922,0.960816975832816,-1.0526995710603677,-0.6462891254593692,1.0726796884610494,3.13,17.19,50.24,0.41,0.529,2.221,53.19164032063685,-35.07445364430035,-39.922361709091035,2.31048417487036,1,0,1,1,0
1949,1949,1777638166.3046615,4682.128,1.5751599119445174,0.13343385702491772,-1.9506450892190443,-0.5108966622586868,2.5660759611600987,0.7874027314112257,0.12154813764787126,-0.6861600623343922,0.960816975832816,-1.0526995710603677,-0.6462891254593692,1.0726796884610494,3.34,16.86,50.5,0.39,0.559,2.243,53.34477668900677,-34.90718230416834,-40.2542679649921,2.5976401186782097,0,1,1,1,0
1950,1950,1777638166.30476,4682.1359999999995,1.5750455096143856,0.13426574988687315,-1.9514979109553519,-0.5104104773099349,2.5660007741766897,0.7876373607180248,0.12152681309097135,-0.6862300184540788,0.9602302101789997,-1.0523635389428585,-0.6462137743773275,1.072553897337479,3.34,16.86,50.5,0.39,0.559,2.243,53.34477668900677,-34.910957436313275,-40.251318733852386,2.592603144668913,1,0,1,1,0
1951,1951,1777638166.3099244,4682.144,1.5749311090047486,0.13509787600098191,-1.9523501062712683,-0.5099252218068555,2.565925503519864,0.7878719381397472,0.12146002890755171,-0.6863602233004108,0.9596294129569805,-1.0520182590445688,-0.6462336039547961,1.0723801773972323,3.34,16.86,50.5,0.39,0.559,2.243,53.34477668900677,-34.91439939297545,-40.24897504101437,2.582619440722557,1,0,1,1,0
1952,1952,1777638166.3100903,4682.152,1.5748167101345976,0.13593023628593837,-1.9532016753519308,-0.5094408965991848,2.5658501491832872,0.7881064635511894,0.12143867336759834,-0.6863946505884251,0.9590904466007331,-1.0517025594532894,-0.6461475389152933,1.0722646587134144,3.34,16.86,50.5,0.39,0.559,2.243,53.34477668900677,-34.91815395729303,-40.24598040914962,2.578523825975986,1,0,1,1,0
1953,1953,1777638166.3101983,4682.16,1.574702313022927,0.13676283166033432,-1.9540526183801425,-0.5089575025388173,2.565774711160694,0.7883409368272141,0.12140205810989398,-0.6864881293061419,0.9584843004900367,-1.0513730516903612,-0.6462436390379208,1.0721688978228312,3.34,16.86,50.5,0.39,0.559,2.243,53.34477668900677,-34.917708919008966,-40.24703076565045,2.5681351981830995,1,0,1,1,0
1954,1954,1777638166.3166115,4682.168,1.574587917688734,0.13759566304265947,-1.9549029355363654,-0.5084750404798051,2.5656991894458834,0.7885753578427507,0.12139217046015287,-0.6864823674701837,0.9579258695495494,-1.0511045656316258,-0.6462079027699347,1.0721146263181935,3.34,16.86,50.5,0.39,0.559,2.243,53.34477668900677,-34.91877109601264,-40.24634008777836,2.564514512175058,1,0,1,1,0
1955,1955,1777638166.31671,4682.1759999999995,1.5744735241510206,0.13842873135130207,-1.9557526269987306,-0.5079935112783529,2.5656235840327213,0.7888097264727955,0.12133741408591768,-0.6865134562470556,0.9573695629958819,-1.0508594489126322,-0.6461484931350218,1.072005580437874,3.34,16.86,50.5,0.39,0.559,2.243,53.34477668900677,-34.922166318659265,-40.24364828240796,2.560521926042159,1,0,1,1,0
1956,1956,1777638166.319045,4682.184,1.5743591324287909,0.13926203750454932,-1.956601692943039,-0.5075129157928195,2.565547894915138,0.7890440425924116,0.1213044410687822,-0.6865375915155009,0.9568048601708321,-1.0505656895074253,-0.6460611764842242,1.0718823065726595,3.34,16.86,50.5,0.39,0.559,2.243,53.34477668900677,-34.92630629752723,-40.2403087399935,2.5565369000487563,1,0,1,1,0
1957,1957,1777638166.3274586,4682.192,1.574244742541052,0.14009558242058784,-1.957450133542764,-0.5070332548837113,2.565472122087133,0.7892783060767296,0.12128484413217336,-0.6865409697874997,0.9562376511614294,-1.0503022024910422,-0.6460725433261305,1.0718105852639483,3.34,16.86,50.5,0.39,0.559,2.243,53.34477668900677,-34.92705143859535,-40.240028234278824,2.5507656713539695,1,0,1,1,0
1958,1958,1777638166.3329368,4682.2,1.5741303545068153,0.14092936701750408,-1.9582979489690509,-0.5065545294136822,2.56539626554277,0.7895125168009473,0.12123260891291941,-0.6866110729094707,0.9556542599506378,-1.0499683550750896,-0.6460658724265049,1.0716379953359956,3.34,16.86,50.5,0.39,0.559,2.243,53.34477668900677,-34.93102540811499,-40.23713744845061,2.5419350684308766,1,0,1,1,0
1959,1959,1777638166.3334086,4682.208,1.5740159683450958,0.14176339221328482,-1.9591451393907242,-0.506076740247531,2.5653203252761756,0.7897466746403301,0.12121784844195674,-0.6865765932774551,0.9551120190669917,-1.0497738871368008,-0.6460205873394766,1.0716138954415284,3.34,16.86,50.5,0.39,0.559,2.243,53.34477668900677,-34.93167861465521,-40.236664026716525,2.540452157308939,1,0,1,1,0
1960,1960,1777638166.3343139,4682.215999999999,1.5739015840749113,0.14259765892581744,-1.9599917049742874,-0.5055998882521964,2.565244301281549,0.7899807794702114,0.12116175995116651,-0.6865648754861982,0.9545369582767089,-1.0495337637818327,-0.6459261703487718,1.0714799297518245,3.34,16.86,50.5,0.39,0.559,2.243,53.34477668900677,-34.93657144419081,-40.23262650400599,2.5371125938960226,1,0,1,1,0
1961,1961,1777638166.3344483,4682.224,1.573787201715283,0.14343216807289036,-1.9608376458839274,-0.5051239742967581,2.5651681935531485,0.7902148311659923,0.1211607950716716,-0.6866243227757545,0.953924129521554,-1.0492202703934959,-0.6459322029407286,1.0714246294089467,3.34,16.86,50.5,0.39,0.559,2.243,53.34477668900677,-34.936637593416414,-40.23293116054287,2.5313640388733374,1,0,1,1,0
1962,1962,1777638166.3345368,4682.232,1.5736728212852364,0.14426692057219326,-1.9616829622815182,-0.5046489992524315,2.5650920020853043,0.7904488296031424,0.1210795059278646,-0.6866775661743234,0.9533403843698817,-1.0489173234587519,-0.6458448923963412,1.0712156568448403,3.34,16.86,50.5,0.39,0.559,2.243,53.34477668900677,-34.943484477379855,-40.227392853841025,2.5248676721469865,1,0,1,1,0
1963,1963,1777638166.3346534,4682.24,1.5735584428037992,0.1451019173413175,-1.962527654326621,-0.5041749639925674,2.5650157268724083,0.7906827746571996,0.1210560000122322,-0.6867975658314797,0.9527462116523231,-1.0485533162268446,-0.6459006876591329,1.0711002205528934,3.34,16.86,50.5,0.39,0.559,2.243,53.34477668900677,-34.94427232894323,-40.22732856062939,2.5149688419191736,1,0,1,1,0
1964,1964,1777638166.3348465,4682.248,1.5734443432548417,0.14593795347400704,-1.9633713728627349,-0.503704989006045,2.564939965402667,0.7909159246509608,0.12103004217245764,-0.686868028684798,0.9521472171535116,-1.0482082934931571,-0.645861788172293,1.0709654726136344,3.34,16.86,50.5,0.39,0.559,2.243,53.34477668900677,-34.947592882875625,-40.2248637120749,2.5082446128278146,1,0,1,1,0
1965,1965,1777638166.3349943,4682.255999999999,1.5733308667729764,0.14677601854993919,-1.9642136838762578,-0.5032429511826946,2.564865461242807,0.7911473598330293,0.12099531805784342,-0.686974716198117,0.9515484034918529,-1.0478643636768414,-0.6458874672400408,1.0708596219197806,3.34,16.86,50.5,0.39,0.559,2.243,53.34477668900677,-34.948752839336024,-40.22437075720062,2.499974432322331,1,0,1,1,0
1966,1966,1777638166.3462431,4682.264,1.5732180805475036,0.14761630935847994,-1.9650545024816246,-0.5027896080908594,2.5647923613437325,0.7913769031309744,0.12098020072482032,-0.6870247652318489,0.9510027651075841,-1.0475509362889481,-0.6458092987208349,1.0707492211032303,3.34,16.86,50.5,0.39,0.559,2.243,53.34477668900677,-34.95220506773626,-40.22163178719122,2.4957758870780893,1,0,1,1,0
1967,1967,1777638166.3482757,4682.272,1.5731059846461681,0.14845883029353854,-1.9658938283661787,-0.5023449613410182,2.5647206679033676,0.7916045572463276,0.12095318806927802,-0.6871276977834163,0.9504096198458707,-1.0472270024574601,-0.645860122473374,1.070646059045907,3.34,16.86,50.5,0.39,0.559,2.243,53.34477668900677,-34.9528988474251,-40.22157790856625,2.4869122836973467,1,0,0,0,0
1968,1968,1777638166.3552377,4682.28,1.5729945791373758,0.14930358570919292,-1.9667316611408658,-0.501909012621998,2.5646503830986305,0.7918303248400357,0.12089438309070166,-0.6871563139961653,0.949862265707839,-1.0469628732028458,-0.6458069961107946,1.070503384479957,3.34,16.86,50.5,0.39,0.559,2.243,53.34477668900677,-34.957158826581235,-40.21820873861226,2.481518210810866,1,0,0,0,0
1969,1969,1777638166.3631973,4682.288,1.5728838640902092,0.15015057991965494,-1.967568000340325,-0.5014817637009141,2.564581509085457,0.7920542085323746,0.1208698827153091,-0.6871709067356807,0.9492966301188794,-1.0467467654753828,-0.6456954223455724,1.0704386529087,3.34,16.86,50.5,0.39,0.559,2.243,53.34477668900677,-34.960278868351374,-40.21552476098703,2.481062201062877,1,0,0,0,0
1970,1970,1777638166.3654716,4682.288,1.5728838640902092,0.15015057991965494,-1.967568000340325,-0.5014817637009141,2.564581509085457,0.7920542085323746,0.1208698827153091,-0.6871709067356807,0.9492966301188794,-1.0467467654753828,-0.6456954223455724,1.0704386529087,3.63,16.59,50.63,0.357,0.582,2.23,53.402264933240424,-34.811681247807826,-40.39758672328324,2.8255505013774913,0,1,0,0,0
1971,1971,1777638166.370013,4682.295999999999,1.5727738395744497,0.15099981719923206,-1.9684028454229825,-0.5010632164231108,2.564514047998813,0.7922762109028638,0.12083413767084816,-0.6871651837289642,0.9487331432539807,-1.0465009822989833,-0.6456104291459935,1.0703416551523828,3.63,16.59,50.63,0.357,0.582,2.23,53.402264933240424,-34.81514147401188,-40.39479838818917,2.8227800697340357,1,0,0,0,0
1972,1972,1777638166.3770983,4682.304,1.572664505660593,0.15185130178228504,-1.969236195771142,-0.5006533727121001,2.564448001952723,0.7924963344901805,0.1208023031866435,-0.6872468001292181,0.9481541175837525,-1.0462201599058885,-0.6456682454381469,1.0702538898087333,3.63,16.59,50.63,0.357,0.582,2.23,53.402264933240424,-34.81540116411378,-40.395146960622796,2.8145770217761292,1,0,0,0,0
1973,1973,1777638166.3853476,4682.312,1.5725558624198692,0.15270503786318212,-1.9700680506910793,-0.5002522345694969,2.564383373040286,0.7927145817920754,0.12077632430673724,-0.6872521668934136,0.9475895027264092,-1.0459973334509511,-0.6455735464977537,1.0701871846072848,3.63,16.59,50.63,0.357,0.582,2.23,53.402264933240424,-34.818186535183756,-40.392834514591804,2.813308777569436,1,0,0,0,0
1974,1974,1777638166.392709,4682.32,1.5724479099242608,0.15356102959624943,-1.9708984094131257,-0.4998598040749487,2.56432016333369,0.7929309552652883,0.12074469686711943,-0.6872718761944763,0.9470297344336034,-1.045760292370572,-0.6454949107387383,1.0700895224249876,3.63,16.59,50.63,0.357,0.582,2.23,53.402264933240424,-34.82159355230481,-40.390099830615384,2.8104017775057946,1,0,0,0,0
1975,1975,1777638166.398955,4682.3279999999995,1.5723406482465192,0.1544192810957175,-1.971727271091762,-0.49947608338606475,2.5642583748842362,0.7931454573254643,0.12069705575352713,-0.687357438482367,0.9464013862048726,-1.0454522672453705,-0.6455383468454322,1.0699245478811,3.63,16.59,50.63,0.357,0.582,2.23,53.402264933240424,-34.82448396462713,-40.3883153287113,2.800214546425361,1,0,0,0,0
1976,1976,1777638166.4059286,4682.336,1.572234077460184,0.15527979643566425,-1.9725546348057037,-0.49910107473834486,2.564198009722354,0.7933580903470703,0.12068459007332097,-0.6874375675702674,0.9458106806292849,-1.045161183609661,-0.6455033423045451,1.0698717585042261,3.63,16.59,50.63,0.357,0.582,2.23,53.402264933240424,-34.825323452369204,-40.38786502614114,2.7962662727408873,1,0,0,0,0
1977,1977,1777638166.4131863,4682.344,1.5721281976395982,0.156142579649954,-1.9733804995579867,-0.49873478044509767,2.5641390698576227,0.793568856663313,0.12064607180506612,-0.6874512319595718,0.9452700793219031,-1.0449533474239463,-0.645425549417895,1.0697957076501805,3.63,16.59,50.63,0.357,0.582,2.23,53.402264933240424,-34.82816899974004,-40.385546446207364,2.7943125034210268,1,0,0,0,0
1978,1978,1777638166.4205313,4682.352,1.5720230088599276,0.1570076347321728,-1.974204864276052,-0.4983772028973652,2.5640815572787865,0.793777758566056,0.12061132251343964,-0.6875464291150135,0.944671646256822,-1.0446397488307908,-0.645482630134833,1.0696655577125127,3.63,16.59,50.63,0.357,0.582,2.23,53.402264933240424,-34.82964374250278,-40.38495040928339,2.7845281844611494,1,0,0,0,0
1979,1979,1777638166.4271302,4682.36,1.5719185111971772,0.1578749656355599,-1.9750277278118276,-0.4980283445638376,2.564025473953773,0.7939847983057383,0.12058920645900618,-0.6876793320597674,0.9440788041956909,-1.0442917932777531,-0.6454929668021172,1.0695450144991894,3.63,16.59,50.63,0.357,0.582,2.23,53.402264933240424,-34.83151541021687,-40.38390359253146,2.776286162654985,1,0,0,0,0
1980,1980,1777638166.4342082,4682.3679999999995,1.5718147047282063,0.15874457627293553,-1.9758490889418177,-0.49768820799076785,2.5639708218297095,0.7941899780912927,0.12051046953709568,-0.6877725667495482,0.9434717599106742,-1.044051509417501,-0.6454688803493923,1.0694036672432867,3.63,16.59,50.63,0.357,0.582,2.23,53.402264933240424,-34.83528323727781,-40.38107721831456,2.7701163273675453,1,0,0,0,0
1981,1981,1777638166.4446065,4682.376,1.5717115895307465,0.15961647051662478,-1.9766689463671732,-0.4973567958018821,2.563917602832941,0.7943933000900649,0.12052021614948277,-0.6878707410392149,0.942883977192156,-1.043727544101914,-0.6455078138908658,1.069313561564273,3.63,16.59,50.63,0.357,0.582,2.23,53.402264933240424,-34.83575254092344,-40.38122931137763,2.761985555625406,1,0,0,0,0
1982,1982,1777638166.4487553,4682.384,1.5716091656834168,0.16049065219837763,-1.9774872987137826,-0.49703411069828984,2.5638658188690435,0.7945947664277337,0.1204844521698549,-0.6879157117226993,0.9423014695975938,-1.0435209725202876,-0.6454498643734933,1.0692645200978437,3.63,16.59,50.63,0.357,0.582,2.23,53.402264933240424,-34.83735365566031,-40.37997847136577,2.7600777022554226,1,0,0,0,0
1983,1983,1777638166.4563284,4682.392,1.5715074332657393,0.16136712510928516,-1.9783041445323484,-0.4967201554583873,2.563815471822849,0.7947943791882304,0.12043587853431689,-0.6879253610165773,0.9417437280642008,-1.0433400384600493,-0.645407015414036,1.0691811835153908,3.63,16.59,50.63,0.357,0.582,2.23,53.402264933240424,-34.839913167144864,-40.37798127815549,2.7569871974187157,1,0,0,0,0
1984,1984,1777638166.4632964,4682.4,1.5714063923581572,0.16224589299969203,-1.9791194822984615,-0.4964149329377614,2.563766563558451,0.7949921404136588,0.12041216551765747,-0.6880042820234366,0.9411681068957887,-1.043108859066236,-0.6454088218921142,1.0691085932579798,3.63,16.59,50.63,0.357,0.582,2.23,53.402264933240424,-34.841010908103726,-40.37738054679077,2.7519082617410127,1,0,0,0,0
1985,1985,1777638166.4708827,4682.407999999999,1.5713060430420471,0.16312695957910486,-1.9799333104126813,-0.4961184460690866,2.5637190959192253,0.7951880521042174,0.12036497707694566,-0.6880754265343267,0.9405654643319042,-1.0428612546973635,-0.6454306873257485,1.0689820690265166,3.63,16.59,50.63,0.357,0.582,2.23,53.402264933240424,-34.84338713112891,-40.375842941026654,2.7443724295053764,1,0,0,0,0
1986,1986,1777638166.4778872,4682.416,1.5712063853997371,0.16401032851609698,-1.980745627200612,-0.49583069786202305,2.5636730707278446,0.7953821162181193,0.12033980029464174,-0.6881385190205661,0.9399843974111455,-1.0426125696936277,-0.645449552384805,1.0689321691839422,3.63,16.59,50.63,0.357,0.582,2.23,53.402264933240424,-34.84333388731554,-40.37624859685244,2.739075183747073,1,0,0,0,0
1987,1987,1777638166.4847918,4682.424,1.5711074195145187,0.16489600343820918,-1.9815564309129794,-0.49555169140310884,2.5636284897862964,0.7955743346715144,0.12029483976724581,-0.6881663260763841,0.9393975894658788,-1.0424133849326087,-0.6453710689361785,1.0687968988661922,3.63,16.59,50.63,0.357,0.582,2.23,53.402264933240424,-34.84815670599247,-40.372321156980625,2.7356093639638983,1,0,0,0,0
1988,1988,1777638166.4982984,4682.432,1.5710093799044813,0.16578004452058454,-1.9823627261702708,-0.4952807699956505,2.563585192048702,0.795764364039196,0.12026068544245458,-0.6881404339122215,0.9388548074133977,-1.0422830736583228,-0.6453503209711318,1.0687733740653529,3.63,16.59,50.63,0.357,0.582,2.23,53.402264933240424,-34.8486264654849,-40.37202242528054,2.7340334236709416,1,0,0,0,0
1989,1989,1777638166.518974,4682.44,1.5709125977952043,0.16665687752334263,-1.9831602932877068,-0.49501698681756157,2.563542949558464,0.7959517179981747,0.12020414339447394,-0.6882000861013596,0.9382504654553536,-1.0420633879585948,-0.6452886764088908,1.068639417118584,3.63,16.59,50.63,0.357,0.582,2.23,53.402264933240424,-34.8529785219606,-40.368557123854565,2.729722309291542,1,0,0,0,0
1990,1990,1777638166.5476806,4682.44,1.5709125977952043,0.16665687752334263,-1.9831602932877068,-0.49501698681756157,2.563542949558464,0.7959517179981747,0.12020414339447394,-0.6882000861013596,0.9382504654553536,-1.0420633879585948,-0.6452886764088908,1.068639417118584,3.73,16.65,50.5,0.353,0.585,2.213,53.30464707696694,-34.874942558039095,-40.214799290120794,2.8095728552172927,0,1,0,0,0
1991,1991,1777638166.5623322,4682.447999999999,1.5708171699120044,0.16752486639167488,-1.9839479156153388,-0.49476004041514887,2.5635016974330966,0.7961362552475185,0.120169323440871,-0.6881979413803594,0.9377193160795447,-1.04191547775161,-0.6452254355449236,1.0686074307689932,3.73,16.65,50.5,0.353,0.585,2.213,53.30464707696694,-34.876385862407986,-40.213579539778124,2.8091154790014943,1,0,0,0,0
1992,1992,1777638166.5624628,4682.456,1.5707230961855183,0.16838400255997857,-1.9847256132718964,-0.49450990038105136,2.563461438009483,0.7963179769925957,0.12014139574722547,-0.6881829444829317,0.9371995040761757,-1.0418187478880867,-0.6451948666857567,1.0686037977453655,3.73,16.65,50.5,0.353,0.585,2.213,53.30464707696694,-34.8765680325953,-40.21343645271894,2.8089020863827794,1,0,0,0,0
1993,1993,1777638166.562663,4682.464,1.570630376546287,0.16923427749711198,-1.985493406142286,-0.49426653660750386,2.563422173587794,0.7964968844153527,0.12011695397893174,-0.6882347666881293,0.9366556196187078,-1.0415904185253433,-0.6451842973501818,1.068523353955211,3.73,16.65,50.5,0.353,0.585,2.213,53.30464707696694,-34.8781559056242,-40.212392182693485,2.804131874256923,1,0,0,0,0
1994,1994,1777638166.572004,4682.472,1.5705390109247874,0.17007568270805343,-1.9862513138779718,-0.4940299192878159,2.5633839064314756,0.7966729786741017,0.12011402497641353,-0.688291239581214,0.9360932859258391,-1.041354649640492,-0.6451237911242808,1.0684484837063706,3.73,16.65,50.5,0.353,0.585,2.213,53.30464707696694,-34.88046692330397,-40.210587951599614,2.8012575388509684,1,0,0,0,0
1995,1995,1777638166.5722442,4682.48,1.5704489992514636,0.17090820973554038,-1.9869993558973391,-0.49380001891784087,2.5633466387672357,0.7968462609033106,0.12007773637608385,-0.68830655590678,0.9355952879304288,-1.0412516036048505,-0.6450503126925093,1.0684395886590115,3.73,16.65,50.5,0.353,0.585,2.213,53.30464707696694,-34.88159508666767,-40.209530095005135,2.8023942885750315,1,0,0,0,0
1996,1996,1777638166.5841916,4682.487999999999,1.5703603414567615,0.17173185016168857,-1.9877375513860507,-0.4935768062974395,2.5633103727850344,0.7970167322133968,0.12005600989939902,-0.6882633007368976,0.9351156602060456,-1.0411777958673172,-0.645050890071424,1.0684707534243012,3.73,16.65,50.5,0.353,0.585,2.213,53.30464707696694,-34.88018732512647,-40.21075790598931,2.802299197088522,1,0,0,0,0
1997,1997,1777638166.5924819,4682.496,1.5702730374711544,0.17254659560959126,-1.9884659192973686,-0.4933602525319323,2.5632751106380667,0.7971843936905243,0.12001336696051447,-0.6883196955541208,0.934577294346286,-1.0409414743431338,-0.6449547777120197,1.0683063304441136,3.73,16.65,50.5,0.353,0.585,2.213,53.30464707696694,-34.886058272575276,-40.205947756760686,2.7982321531839034,1,0,0,0,0
1998,1998,1777638166.5998838,4682.504,1.570187087225178,0.17335243774489856,-1.9891844783524846,-0.4931503290335444,2.563240854442757,0.797349246396404,0.11999931811652086,-0.688451479866099,0.9340460302035781,-1.0406909894928251,-0.6450477824947268,1.0682546749567368,3.73,16.65,50.5,0.353,0.585,2.213,53.30464707696694,-34.88464600306692,-40.207733026194184,2.790175287504304,1,0,0,0,0
1999,1999,1777638166.6003275,4682.512,1.5701024906494574,0.1741493682773767,-1.989893247040822,-0.49294700752284104,2.5632076062787412,0.7975112913680972,0.11995647954837653,-0.688524322474936,0.9335197876265247,-1.0404935096267078,-0.6450538695139375,1.0681482329904124,3.73,16.65,50.5,0.353,0.585,2.213,53.30464707696694,-34.88692279570783,-40.20615349018358,2.78446392867986,1,0,0,0,0
2000,2000,1777638166.6005225,4682.5199999999995,1.5700192476747379,0.17493737896244757,-1.9905922436203287,-0.4927502600301539,2.5631753681888583,0.7976705296178224,0.1199463465015243,-0.6885384311434677,0.9330270572453068,-1.0403684430872067,-0.6449954746629605,1.068162756588039,3.73,16.65,50.5,0.353,0.585,2.213,53.30464707696694,-34.88689379380845,-40.206112528931236,2.7854185916030128,1,0,0,0,0
2001,2001,1777638166.6009443,4682.527999999999,1.5699373582319138,0.17571646160270818,-1.9912814861177601,-0.49256005889699583,2.5631441421791408,0.7978269621327658,0.11989820596982897,-0.6885925161588949,0.932518615560467,-1.0401766950788203,-0.6449299847508595,1.0680250583664461,3.73,16.65,50.5,0.353,0.585,2.213,53.30464707696694,-34.891560384452724,-40.20233122150825,2.781542430780438,1,0,0,0,0
2002,2002,1777638166.6014247,4682.536,1.5698568222520572,0.17648660804943017,-1.991960992328945,-0.4923763767774698,2.5631139302187975,0.7979805898748947,0.119878930197588,-0.6886352523627511,0.9320218187312337,-1.040012818002623,-0.6449945893287446,1.0680002039597098,3.73,16.65,50.5,0.353,0.585,2.213,53.30464707696694,-34.89027730147523,-40.20380149094508,2.776381728589138,1,0,0,0,0
2003,2003,1777638166.602013,4682.544,1.5697776396664453,0.1772478102040396,-1.9926307798190344,-0.4921991866396622,2.5630847342402134,0.7981314137807741,0.11984739575631091,-0.688689139065424,0.931528803811214,-1.0398131552672356,-0.6449907712535268,1.067911115400488,3.73,16.65,50.5,0.353,0.585,2.213,53.30464707696694,-34.892169485554355,-40.20249675389446,2.7714911770478627,1,0,0,0,0
2004,2004,1777638166.6085305,4682.552,1.569699810406588,0.17800006001957652,-1.9932908659227486,-0.4920284617670303,2.5630565561389265,0.7982794347613869,0.1198040404959076,-0.6886951435992875,0.9310250217507178,-1.0396795648408272,-0.6449507945501369,1.0678264779091695,3.73,16.65,50.5,0.353,0.585,2.213,53.30464707696694,-34.89494954192222,-40.20026240049053,2.7688985894051963,1,0,0,0,0
2005,2005,1777638166.608683,4682.5599999999995,1.5696233344042554,0.17874334950213486,-1.9939412677446082,-0.49186417575977437,2.5630293977736276,0.7984246537019568,0.11982127914801671,-0.6888356147590167,0.9305060736403906,-1.0393936893566944,-0.6450469217311723,1.0678065610988414,3.73,16.65,50.5,0.353,0.585,2.213,53.30464707696694,-34.89226737147098,-40.203122862246154,2.761157329983517,1,0,0,0,0
2006,2006,1777638166.6150262,4682.568,1.5695482115915036,0.17947767071228227,-1.994582002159147,-0.49170630253620384,2.563003260966145,0.7985670714617756,0.11978085094825684,-0.688778577654495,0.9300676073659558,-1.0393538896897523,-0.6449806843738696,1.0677640086354308,3.73,16.65,50.5,0.353,0.585,2.213,53.30464707696694,-34.894680277655446,-40.2009775005013,2.761900853468646,1,0,0,0,0
2007,2007,1777638166.621502,4682.576,1.5694744419007014,0.18020301576646,-1.9952130858111214,-0.4915548163340864,2.5629781475014344,0.7987066888740323,0.11973362721206654,-0.6887700297958702,0.9296199000120016,-1.039282550713654,-0.6448713833509756,1.0677028766221126,3.73,16.65,50.5,0.353,0.585,2.213,53.30464707696694,-34.89833825219007,-40.19770529596185,2.763308917715879,1,0,0,0,0
2008,2008,1777638166.6296608,4682.584,1.569402025264556,0.18091937683836304,-1.995834535115705,-0.491409691711989,2.5629540591275735,0.7988435067456462,0.11972485212837924,-0.6887418628787203,0.929185193622131,-1.039205078284155,-0.6448556132618976,1.0677200253700019,3.73,16.65,50.5,0.353,0.585,2.213,53.30464707696694,-34.89767230944565,-40.19827872912689,2.7633773897124394,1,0,0,0,0
2009,2009,1777638166.6360674,4682.592,1.5693309616161377,0.18162674616030008,-1.996446366258672,-0.4912709035506069,2.5629309975557444,0.7989775258571032,0.11971111341618867,-0.6887985965802675,0.9287274263007277,-1.039048545032623,-0.6448258630145317,1.0676741489703923,3.73,16.65,50.5,0.353,0.585,2.213,53.30464707696694,-34.89888677653807,-40.19737426494764,2.761196110764312,1,0,0,0,0
2010,2010,1777638166.6436193,4682.599999999999,1.5692612508889043,0.18232511602453372,-1.9970485951965742,-0.4911384270540786,2.5629089644602328,0.7991087469622956,0.119694924682278,-0.6886818373919932,0.9283513049073764,-1.039075106963591,-0.6447224725779809,1.0677193127966842,3.73,16.65,50.5,0.353,0.585,2.213,53.30464707696694,-34.89951840368499,-40.196454532550064,2.766596863203602,1,0,0,0,0
2011,2011,1777638166.6583164,4682.608,1.5691928930167256,0.18301447878460067,-1.9976412376568966,-0.4910122377512893,2.5628879614784132,0.7992371707883641,0.11966091999371212,-0.6888091895459265,0.9278913553678252,-1.0388729730631006,-0.6447129001135101,1.0676120027121847,3.73,16.65,50.5,0.353,0.585,2.213,53.30464707696694,-34.90209480319584,-40.194576150981845,2.7613812470667574,1,0,0,0,0
2012,2012,1777638166.6584578,4682.608,1.5691928930167256,0.18301447878460067,-1.9976412376568966,-0.4910122377512893,2.5628879614784132,0.7992371707883641,0.11966091999371212,-0.6888091895459265,0.9278913553678252,-1.0388729730631006,-0.6447129001135101,1.0676120027121847,3.81,16.81,50.41,0.364,0.591,2.215,53.27532543307454,-35.02680173438044,-40.043952626225945,2.804517485945771,0,1,0,0,0
2013,2013,1777638166.6585479,4682.616,1.5691258879339083,0.18369482685661218,-1.9982243091382212,-0.49089231149716195,2.5628679902107425,0.7993627980355441,0.11963108595717825,-0.6888353234854244,0.9274572910672083,-1.0387392919655116,-0.6447475906415933,1.0675733170074169,3.81,16.81,50.41,0.364,0.591,2.215,53.27532543307454,-35.02668851077558,-40.04433413636052,2.8004813058854037,1,0,0,0,0
2014,2014,1777638166.6649275,4682.624,1.5690602355752166,0.18436615272053425,-1.998797824910362,-0.4907786244739354,2.5628490522207485,0.7994856293770148,0.11961468650067919,-0.6888916119463622,0.9270204978539032,-1.038610999300597,-0.6447300122612697,1.0675435518346568,3.81,16.81,50.41,0.364,0.591,2.215,53.27532543307454,-35.02729661677598,-40.043927705098184,2.798686418529893,1,0,0,0,0
2015,2015,1777638166.6724458,4682.632,1.568995935875897,0.18502844892144824,-1.9993618000145013,-0.4906711531924266,2.56283114903502,0.7996056654587514,0.11958304687990928,-0.6889808397545419,0.9266109128156131,-1.0384431060315245,-0.6447094515948674,1.0674702997808867,3.81,16.81,50.41,0.364,0.591,2.215,53.27532543307454,-35.02915054628088,-40.04254292615946,2.7952939045233594,1,0,0,0,0
2016,2016,1777638166.679578,4682.639999999999,1.5689329887716985,0.18568170807079137,-1.9999162492633111,-0.4905698744932847,2.5628142821432043,0.7997229068993805,0.11957365771206874,-0.68904507319243,0.9261781522382742,-1.038283517990385,-0.644728441863487,1.0674387215587378,3.81,16.81,50.41,0.364,0.591,2.215,53.27532543307454,-35.0289658718203,-40.04295466747942,2.7917076224126496,1,0,0,0,0
2017,2017,1777638166.686921,4682.648,1.568871394198898,0.18632592284757737,-2.000461187241072,-0.49047476554822556,2.562798452997992,0.7998373542900387,0.11956365452735049,-0.6891585859963373,0.9257281649043023,-1.0380637205063032,-0.6448163236602114,1.0673294087497025,3.81,16.81,50.41,0.364,0.591,2.215,53.27532543307454,-35.029672735102,-40.04296580186199,2.7826638069595027,1,0,0,0,0
2018,2018,1777638166.6938396,4682.656,1.5688111520943169,0.18696108599959715,-2.0009966283037794,-0.4903858038612583,2.562783663015111,0.7999490081942344,0.11954285568038178,-0.6892095511477796,0.925348926945653,-1.0379369108794474,-0.6448283182822108,1.0672955013243892,3.81,16.81,50.41,0.364,0.591,2.215,53.27532543307454,-35.02986780440944,-40.04300218996363,2.7796829351864334,1,0,0,0,0
2019,2019,1777638166.7034044,4682.664,1.5687522623953454,0.18758719034459967,-2.0015225865792363,-0.49030296726989153,2.562769913573316,0.800057869147713,0.11950791003497546,-0.6892529337347162,0.9249756804595968,-1.037838990352485,-0.6448272235434386,1.0672394424867595,3.81,16.81,50.41,0.364,0.591,2.215,53.27532543307454,-35.031174157623184,-40.04205019824977,2.776932310863558,1,0,0,0,0
2020,2020,1777638166.7079563,4682.672,1.5686947250399612,0.18820422877145274,-2.002039075967147,-0.4902262339463297,2.5627572060143873,0.8001639376583248,0.11949238688281538,-0.6893363637624366,0.9245770546857313,-1.0377171238762355,-0.6448695760836272,1.0672216374647936,3.81,16.81,50.41,0.364,0.591,2.215,53.27532543307454,-35.03030800217178,-40.04305673481366,2.773342496965087,1,0,0,0,0
2021,2021,1777638166.7159262,4682.679999999999,1.5686385399667504,0.18881219424128404,-2.0025461101391926,-0.4901555823986534,2.562745541643114,0.8002672142058964,0.11946106731225943,-0.6893642579824879,0.9242001990977394,-1.037620549776139,-0.6448156287341966,1.0671533711145582,3.81,16.81,50.41,0.364,0.591,2.215,53.27532543307454,-35.033005404261004,-40.04077475036305,2.772217476264778,1,0,0,0,0
2022,2022,1777638166.7238863,4682.688,1.5685837071149242,0.18941107978860225,-2.0030437025391077,-0.490090991471984,2.5627349217272872,0.8003676992421052,0.11943893422574814,-0.689410936445612,0.9238338572672014,-1.0375371924986012,-0.6448336388117663,1.0671205643305814,3.81,16.81,50.41,0.364,0.591,2.215,53.27532543307454,-35.033282374420764,-40.04071406815708,2.7695925668201533,1,0,0,0,0
2023,2023,1777638166.7299588,4682.696,1.5685302264243406,0.19000087852239814,-2.003531866382744,-0.4900324403496352,2.5627253474976985,0.8004653931903567,0.11942708804706409,-0.6894185915228135,0.923469548249838,-1.0374678496805898,-0.6447949698912698,1.0671154189955414,3.81,16.81,50.41,0.364,0.591,2.215,53.27532543307454,-35.0338059840188,-40.040227617796006,2.770001911409797,1,0,0,0,0
2024,2024,1777638166.7382984,4682.704,1.5684780978355226,0.19058158362722583,-2.00401061465813,-0.4899799085542478,2.5627168201481236,0.8005602964456658,0.11941866094410852,-0.6894517272168046,0.9231103379023722,-1.0373487941680661,-0.644772471282793,1.0670636409598575,3.81,16.81,50.41,0.364,0.591,2.215,53.27532543307454,-35.0352641019482,-40.03909757215818,2.767893587899798,1,0,0,0,0
2025,2025,1777638166.7443025,4682.7119999999995,1.5684273212896738,0.19115318836426423,-2.004479960125515,-0.48993337594890907,2.562709340835319,0.8006524093745403,0.11939123390392163,-0.689467372868266,0.922776421075799,-1.0373219496540511,-0.6447680930306242,1.0670344760818031,3.81,16.81,50.41,0.364,0.591,2.215,53.27532543307454,-35.03614273500562,-40.03839694859836,2.7669065829516017,1,0,0,0,0
2026,2026,1777638166.7541356,4682.719999999999,1.5683778967286974,0.19171568607235845,-2.0049399153174186,-0.4898928227382582,2.5627029106790147,0.8007417323148678,0.11935876114122754,-0.689470283804801,0.9224236842509993,-1.0372900424660925,-0.6447389915624727,1.0670275381288818,3.81,16.81,50.41,0.364,0.591,2.215,53.27532543307454,-35.03674272559129,-40.03783885293071,2.767384896879518,1,0,0,0,0
2027,2027,1777638166.7587686,4682.728,1.5683298240952137,0.1922690701690414,-2.0053904925386608,-0.489858229469573,2.5626975307619055,0.8008282655758061,0.11935668648071207,-0.6895320552030123,0.922077469656506,-1.0371702990153615,-0.6448132039181366,1.0669982180005335,3.81,16.81,50.41,0.364,0.591,2.215,53.27532543307454,-35.035661399450596,-40.03913434287788,2.7623271667244946,1,0,0,0,0
2028,2028,1777638166.7655795,4682.736,1.5682831033325755,0.19281333415153554,-2.0058317038663933,-0.489829577033845,2.5626932021296405,0.8009120094376765,0.11932946038233581,-0.6895450033641213,0.9217294240669367,-1.037134424058084,-0.6447728002857638,1.066974621036268,3.81,16.81,50.41,0.364,0.591,2.215,53.27532543307454,-35.03698847765985,-40.03794669660559,2.7627093108217347,1,0,0,0,0
2029,2029,1777638166.7734325,4682.744,1.5682377343848826,0.19334847159773455,-2.0062635611501243,-0.4898068466668324,2.562689925790817,0.8009929641518598,0.11932135224576737,-0.6895862968014395,0.9214018472865719,-1.0370329969636014,-0.6447926398270926,1.0669307465793092,3.81,16.81,50.41,0.364,0.591,2.215,53.27532543307454,-35.03749185893339,-40.037728744128536,2.7594820613219824,1,0,0,0,0
2030,2030,1777638166.7807624,4682.7519999999995,1.5681937171970004,0.19387447616716547,-2.0066860760117287,-0.4897900199501022,2.5626877027169783,0.8010711299406965,0.11930222224546605,-0.689508909667678,0.9211134339437579,-1.0370978848977903,-0.6447377271538971,1.0669873390120745,3.81,16.81,50.41,0.364,0.591,2.215,53.27532543307454,-35.037043322587365,-40.037816818670066,2.763895729899252,1,0,0,0,0
2031,2031,1777638166.7876377,4682.76,1.5681510517145734,0.1943913416019306,-2.007099259845466,-0.4897790788120533,2.562686533842598,0.8011465069973884,0.1192708531431946,-0.6895512678765398,0.9207965044979958,-1.0370011089233275,-0.6446894529596248,1.066889582949916,3.81,16.81,50.41,0.364,0.591,2.215,53.27532543307454,-35.040582234453055,-40.03486833190038,2.7617411750440204,1,0,0,0,0
2032,2032,1777638166.794873,4682.768,1.568109737884038,0.19489906172762983,-2.007503123817976,-0.4897740055289228,2.562686420065077,0.8012190954859054,0.1192874470828861,-0.6895738547360751,0.9204814014583944,-1.036954148724547,-0.6446958078139654,1.0669071605640896,3.81,16.81,50.41,0.364,0.591,2.215,53.27532543307454,-35.03964895949919,-40.035708407104984,2.761404196478611,1,0,0,0,0
2033,2033,1777638166.8571253,4682.768,1.568109737884038,0.19489906172762983,-2.007503123817976,-0.4897740055289228,2.562686420065077,0.8012190954859054,0.1192874470828861,-0.6895738547360751,0.9204814014583944,-1.036954148724547,-0.6446958078139654,1.0669071605640896,4.09,16.6,50.45,0.352,0.609,2.234,53.268101148811375,-34.9088035390797,-40.11721510865587,3.0781629904489414,0,1,0,0,1
2034,2034,1777638166.8573172,4682.776,1.5680697756526394,0.1953976304542629,-2.007897678868284,-0.48977478272577635,2.562687362244736,0.8012888955408934,0.11924014380403207,-0.6894995796007912,0.920222885062172,-1.0370063255611062,-0.6446011541787382,1.066887045669168,4.09,16.6,50.45,0.352,0.609,2.234,53.268101148811375,-34.91149704178886,-40.11459560198321,3.081751773020925,1,0,0,0,1
2035,2035,1777638166.8780577,4682.784,1.5680311649684429,0.1958870417771119,-2.0082829357077863,-0.48978139337747884,2.562689361204805,0.801355907267587,0.11924293020538412,-0.6895621364301131,0.9199272304730037,-1.0369345278858857,-0.6446656732498078,1.0669155380327076,4.09,16.6,50.45,0.352,0.609,2.234,53.268101148811375,-34.90898496540375,-40.11697340731429,3.079255319400001,1,0,0,0,1
2036,2036,1777638166.8781838,4682.7919999999995,1.567993905780348,0.1963672897776039,-2.0086589048202423,-0.4897938208096537,2.56269241773142,0.8014201307417238,0.1192148650194784,-0.6896210208885386,0.9195961491494744,-1.0368083718709316,-0.64465830837688,1.0668007824030874,4.09,16.6,50.45,0.352,0.609,2.234,53.268101148811375,-34.912144223930966,-40.11457082667437,3.0747346355693312,1,0,0,0,1
2037,2037,1777638166.882967,4682.8,1.5679579980381009,0.19683836862415383,-2.009025596461754,-0.48981204869961736,2.562696532573612,0.8014815660094632,0.1191983031225374,-0.6895931341239235,0.9193498235152542,-1.0368230494239061,-0.6446448460906439,1.0668212106421755,4.09,16.6,50.45,0.352,0.609,2.234,53.268101148811375,-34.91181366849672,-40.11476271144296,3.075984229607188,1,0,0,0,1
2038,2038,1777638166.8830242,4682.808,1.5679234416923054,0.19730027257298735,-2.009383020660742,-0.4898360610773018,2.562701706443303,0.801540213087307,0.11919633710814208,-0.6895420588354808,0.9190814254904673,-1.0368802052914705,-0.6446214601868557,1.0668772605408035,4.09,16.6,50.45,0.352,0.609,2.234,53.268101148811375,-34.91074727464569,-40.11544953234332,3.079128698810015,1,0,0,0,1
2039,2039,1777638166.8852792,4682.816,1.567890236694435,0.197752995968944,-2.0097311872179198,-0.48986584232615726,2.562707940015296,0.8015960719620243,0.11918839285761451,-0.6896116303339094,0.9188267177540949,-1.0367795159493078,-0.6446002497918116,1.0668441348226945,4.09,16.6,50.45,0.352,0.609,2.234,53.268101148811375,-34.91166238729788,-40.11476208435531,3.0777089321279054,1,0,0,0,1
2040,2040,1777638166.8877182,4682.824,1.567858382996845,0.19819653324626052,-2.010070105706257,-0.48990137718403837,2.562715233927268,0.8016491425905782,0.11914980113739254,-0.6896840300396678,0.9185335585677241,-1.0366707718404973,-0.6446165010232516,1.0667378378072438,4.09,16.6,50.45,0.352,0.609,2.234,53.268101148811375,-34.91420468705163,-40.11292760355465,3.0727756414430347,1,0,0,0,1
2041,2041,1777638166.8877926,4682.831999999999,1.567827880552783,0.19863087892933437,-2.0103997854709412,-0.4899426507440694,2.562723588779765,0.8016994249000569,0.11916214026442254,-0.6897676659056126,0.9182438076561539,-1.0365611540843884,-0.6447401101007956,1.0667191660524922,4.09,16.6,50.45,0.352,0.609,2.234,53.268101148811375,-34.911914144362264,-40.115415721225524,3.066312490587121,1,0,0,0,1
2042,2042,1777638166.8893998,4682.84,1.5677987293163964,0.19905602763346736,-2.0107202356293374,-0.4899896484554951,2.5627330051361916,0.8017469187876068,0.11917816032764085,-0.6897590149087373,0.9180323195778202,-1.036549270286084,-0.6446237325918984,1.0667557355172588,4.09,16.6,50.45,0.352,0.609,2.234,53.268101148811375,-34.91282763610542,-40.11422680190861,3.0714613031309295,1,0,0,0,1
2043,2043,1777638166.890706,4682.848,1.5677709292427453,0.19947197406558964,-2.011031465070939,-0.49004235612451197,2.562743483522806,0.8017916241203696,0.11912278163458959,-0.6897178875680263,0.9178393735475305,-1.0366326761167526,-0.6445994508585404,1.066728577109745,4.09,16.6,50.45,0.352,0.609,2.234,53.268101148811375,-34.91461268125436,-40.11258121081943,3.07266170012384,1,0,0,0,1
2044,2044,1777638166.8929634,4682.856,1.5677444802878098,0.1998787130249637,-2.011333482457321,-0.4901007599150802,2.562755024428711,0.8018335407354216,0.11911920486416422,-0.689799818686444,0.9175688785692071,-1.036487602656554,-0.6446547367401907,1.06665997643852,4.09,16.6,50.45,0.352,0.609,2.234,53.268101148811375,-34.9150123395831,-40.112676084797506,3.0668763657627554,1,0,0,0,1
2045,2045,1777638166.8930318,4682.864,1.567719382408498,0.20027623940386877,-2.0116262962220777,-0.4901648463497139,2.562767628305849,0.8018726684397165,0.1191407284282886,-0.6898040037838707,0.9173527407163626,-1.0365192328246404,-0.64464029700841,1.06672055955096,4.09,16.6,50.45,0.352,0.609,2.234,53.268101148811375,-34.91349373342305,-40.113797755225136,3.0694926256833344,1,0,0,0,1
2046,2046,1777638166.893109,4682.871999999999,1.5676956355626563,0.20066454818826523,-2.0119099145707686,-0.49023460231026306,2.562781295568992,0.8019090070100318,0.11907302586395785,-0.6898836483596591,0.9170972961459692,-1.036440011604063,-0.6446652096624547,1.0665968312311216,4.09,16.6,50.45,0.352,0.609,2.234,53.268101148811375,-34.9166002133138,-40.11150364043775,3.0641320543938364,1,0,0,0,1
2047,2047,1777638166.9016812,4682.88,1.5676731785215692,0.20104345498714546,-2.0121844264996476,-0.4903093226656736,2.5627958919182774,0.8019427166347874,0.11910562532160882,-0.6898420776211339,0.9169347352358512,-1.0365240134009035,-0.6445996648597373,1.0666921837714256,4.09,16.6,50.45,0.352,0.609,2.234,53.268101148811375,-34.915192173357845,-40.11226060405628,3.070261345515367,1,0,0,0,1
2048,2048,1777638166.9083385,4682.888,1.5676516663260296,0.20141194328306147,-2.012450296963136,-0.4903850916242085,2.562810658484181,0.8019747014848466,0.11907357214050279,-0.6898731636265698,0.9167104439980629,-1.0364596884111164,-0.6445998383196979,1.0666115595240566,4.09,16.6,50.45,0.352,0.609,2.234,53.268101148811375,-34.917445269552246,-40.110533674480244,3.067198101885445,1,0,0,0,1
2049,2049,1777638166.9131997,4682.896,1.5676308151726062,0.20176917604649902,-2.0127079108584134,-0.49045868476006405,2.5628249709223767,0.8020057054275643,0.11911621991043894,-0.6898988714654201,0.9164970107953728,-1.036420814011165,-0.6446400563530676,1.0666874842503555,4.09,16.6,50.45,0.352,0.609,2.234,53.268101148811375,-34.914030340074476,-40.11349603121849,3.067331342678375,1,0,0,0,1
2050,2050,1777638166.9171133,4682.9039999999995,1.5676106249701496,0.2021151485445462,-2.012957277403892,-0.4905300881847836,2.562838829330121,0.8020357284166005,0.11904431982103363,-0.6898581112068833,0.9163483448539461,-1.0365198772236792,-0.6445968483924363,1.0666447715499228,4.09,16.6,50.45,0.352,0.609,2.234,53.268101148811375,-34.91675538932716,-40.110996718743,3.068995814738169,1,0,0,0,1
2051,2051,1777638166.924349,4682.911999999999,1.5675910956303545,0.20244985619021802,-2.0131984055289216,-0.49059928844286915,2.5628522338016086,0.802064770407136,0.11904577877885066,-0.689947732728341,0.9161201179382717,-1.0364229129430518,-0.644606915010332,1.0666142407342232,4.09,16.6,50.45,0.352,0.609,2.234,53.268101148811375,-34.917026256446874,-40.110948418920536,3.0665443648014894,1,0,0,0,1
2052,2052,1777638166.9312832,4682.92,1.5675722270677603,0.20277329454283824,-2.0134313038735243,-0.4906662725124207,2.5628651844279675,0.8020928313558668,0.1190498366631824,-0.6900675634493987,0.9158780854463644,-1.036266342804485,-0.6446631171216941,1.0665426973116299,4.09,16.6,50.45,0.352,0.609,2.234,53.268101148811375,-34.91744132111604,-40.11104894336138,3.0604973859954674,1,0,0,0,1
2053,2053,1777638166.9382682,4682.928,1.5675540191997595,0.20308545930840774,-2.0136559807881476,-0.4907310278057633,2.5628776812972602,0.8021199112209998,0.11901746254162895,-0.6900613377206273,0.915707781546102,-1.0362746620853807,-0.6446587692132358,1.066516787463126,4.09,16.6,50.45,0.352,0.609,2.234,53.268101148811375,-34.9184054964375,-40.1102441939211,3.0600438379837613,1,0,0,0,1
2054,2054,1777638166.941618,4682.928,1.5675540191997595,0.20308545930840774,-2.0136559807881476,-0.4907310278057633,2.5628776812972602,0.8021199112209998,0.11901746254162895,-0.6900613377206273,0.915707781546102,-1.0362746620853807,-0.6446587692132358,1.066516787463126,4.18,16.12,50.58,0.327,0.621,2.251,53.250945531511455,-34.54494028919042,-40.395187103846254,3.246407131202352,0,1,0,0,1
2055,2055,1777638166.9454403,4682.936,1.5675364719465996,0.20338634633995945,-2.013872444333419,-0.49079354217004934,2.5628897244944806,0.802146009962247,0.119039800161052,-0.6900754994284961,0.9155461558613992,-1.0362828763047787,-0.6446681370490002,1.0665760469107626,4.18,16.12,50.58,0.327,0.621,2.251,53.250945531511455,-34.5428787161386,-40.39683667922693,3.247817161418459,1,0,0,0,1
2056,2056,1777638166.9563947,4682.9439999999995,1.567519585231385,0.20367595163789995,-2.014080702279916,-0.4908538038878376,2.5629013141015538,0.8021711275408219,0.11900893815638264,-0.6901365629439806,0.9153259583697081,-1.0362048557708525,-0.6446618065733009,1.0664873927446301,4.18,16.12,50.58,0.327,0.621,2.251,53.250945531511455,-34.54545280085472,-40.39489699314226,3.2445627898601495,1,0,0,0,1
2057,2057,1777638166.9598434,4682.952,1.5675033589800833,0.2039542713503379,-2.0142807621079335,-0.490911801677651,2.5629124501973335,0.8021952639194339,0.11900517938451144,-0.6902036265324211,0.9151849688757134,-1.0361528648829628,-0.6447074291270642,1.0664543310699381,4.18,16.12,50.58,0.327,0.621,2.251,53.250945531511455,-34.54539271067897,-40.39521118028956,3.2412892750844384,1,0,0,0,1
2058,2058,1777638166.9683561,4682.96,1.5674877931215283,0.20422130177339923,-2.014472631007271,-0.49096752469451843,2.5629231328576023,0.8022184190622847,0.11900427062952176,-0.6901879275524991,0.9150182078280829,-1.0361549185247996,-0.6446898601624159,1.0664743829087682,4.18,16.12,50.58,0.327,0.621,2.251,53.250945531511455,-34.54507668544141,-40.39538289362467,3.242517181824591,1,0,0,0,1
2059,2059,1777638166.9745662,4682.968,1.5674728875874218,0.20447703935152944,-2.014656315877014,-0.49102096253049154,2.56293336215507,0.8022405929350641,0.11900280053831803,-0.6902034399973218,0.9148763641728285,-1.0361783605007795,-0.6446963209298402,1.0665241636875518,4.18,16.12,50.58,0.327,0.621,2.251,53.250945531511455,-34.5434634707558,-40.39664573784137,3.2439704955349074,1,0,0,0,1
2060,2060,1777638166.981625,4682.976,1.567458642312337,0.20472148067778279,-2.014831823325334,-0.4910721052151388,2.5629431381593717,0.8022617855049455,0.11896325819308357,-0.6902246659465541,0.9147277569068428,-1.0361452165523368,-0.6446900414221349,1.0664269601748428,4.18,16.12,50.58,0.327,0.621,2.251,53.250945531511455,-34.54656618522145,-40.394225503915706,3.241066298137161,1,0,0,0,1
2061,2061,1777638166.9889822,4682.9839999999995,1.5674450572337237,0.2049546224940986,-2.014999159669289,-0.49112094321602306,2.5629524609370673,0.8022819967405826,0.11896559236285945,-0.6902788680812222,0.9145827851057198,-1.0360879480392766,-0.6446478232197799,1.0664352581412888,4.18,16.12,50.58,0.327,0.621,2.251,53.250945531511455,-34.54676049598503,-40.39397696578619,3.2420925527477547,1,0,0,0,1
2062,2062,1777638166.9964743,4682.992,1.5674321322919083,0.20517646169156498,-2.0151583309346393,-0.4911674674391584,2.562961330551641,0.8023012266121055,0.1189707577801344,-0.6902321605274622,0.9144637221962454,-1.0361445962297178,-0.6446905068916797,1.0664656393939909,4.18,16.12,50.58,0.327,0.621,2.251,53.250945531511455,-34.54529224115364,-40.39523082648443,3.2421151195371887,1,0,0,0,1
2063,2063,1777638167.0064037,4683.0,1.5674198674300976,0.20538699531066953,-2.015309342855666,-0.49121166922944326,2.5629697470635007,0.802319475091117,0.11897657490261593,-0.6902372685688474,0.914359705332757,-1.0361585598051273,-0.6446805273563992,1.066534309488839,4.18,16.12,50.58,0.327,0.621,2.251,53.250945531511455,-34.54331547692496,-40.39672404516484,3.24457120132027,1,0,0,0,1
2064,2064,1777638167.0110314,4683.008,1.567408262594383,0.20558622054153763,-2.015452200875,-0.49125354037106916,2.562977710529975,0.8023367421506898,0.11893483443094569,-0.6902543599407349,0.9142284620691761,-1.0361430018791462,-0.6446206643848166,1.0664086721306916,4.18,16.12,50.58,0.327,0.621,2.251,53.250945531511455,-34.548440226183196,-40.39246160978859,3.2430730857631316,1,0,0,0,1
2065,2065,1777638167.019747,4683.016,1.5673973177337395,0.205774134724158,-2.0155869101434583,-0.49129307308791326,2.562985221005314,0.8023530277653629,0.11897259729094128,-0.6902689559745206,0.9141211009470068,-1.0361190246650143,-0.6446311415870369,1.0664874631641925,4.18,16.12,50.58,0.327,0.621,2.251,53.250945531511455,-34.54554108945526,-40.39482156429844,3.2445618541258323,1,0,0,0,1
2066,2066,1777638167.0252168,4683.023999999999,1.567387032800032,0.20595073534859584,-2.01571347551989,-0.49133026004391667,2.5629922785406882,0.8023683319111387,0.11891228798772746,-0.6902373595138148,0.9140447042585076,-1.0361843875289478,-0.6446364293562196,1.0664378704505995,4.18,16.12,50.58,0.327,0.621,2.251,53.250945531511455,-34.54742581184127,-40.393266909320445,3.2438492825223673,1,0,0,0,1
2067,2067,1777638167.0321858,4683.032,1.5673774077480154,0.2061160200551934,-2.015831901571028,-0.491365094343422,2.562998883184188,0.8023826545654802,0.11896513555868576,-0.6902288537142226,0.9139553536649233,-1.0361704228368929,-0.6446191895656884,1.0665174889238407,4.18,16.12,50.58,0.327,0.621,2.251,53.250945531511455,-34.54507084326775,-40.39506728734878,3.246508783936319,1,0,0,0,1
2068,2068,1777638167.039313,4683.04,1.5673684425353356,0.20626998663475826,-2.0159421925713517,-0.4913975695315109,2.563005034980822,0.8023959957073086,0.1189477267113942,-0.6902292684791719,0.9138725076279358,-1.0362090970229065,-0.6445762573331646,1.0665025159335009,4.18,16.12,50.58,0.327,0.621,2.251,53.250945531511455,-34.546573458571274,-40.393648284441824,3.2481749559328237,1,0,0,0,1
2069,2069,1777638167.0521536,4683.048,1.5673601371225336,0.20641263302873933,-2.016044352502961,-0.49142767959430955,2.5630107339725186,0.8024083553170003,0.11892367157432185,-0.6902844894450872,0.9137557520244397,-1.0361218798657166,-0.6445886655714423,1.066452573578978,4.18,16.12,50.58,0.327,0.621,2.251,53.250945531511455,-34.54748488461985,-40.39310885759996,3.2451879706793965,1,0,0,0,1
2070,2070,1777638167.0561852,4683.056,1.5673524914730468,0.20654395732939032,-2.016138385055452,-0.49145541895926925,2.563015980198122,0.8024197333763851,0.11893218514963325,-0.6902186167017446,0.9137222284977731,-1.0362018074643626,-0.6445501260144736,1.0665027371429,4.18,16.12,50.58,0.327,0.621,2.251,53.250945531511455,-34.547011234266066,-40.39320402468002,3.2490434592458444,1,0,0,0,1
2071,2071,1777638167.061525,4683.063999999999,1.5673455055532086,0.20666395777992122,-2.016224293625804,-0.49148078249544014,2.5630207736933937,0.8024301298687437,0.11892047129848424,-0.6902617828077727,0.9136310201884539,-1.0361813076917983,-0.6445782097291176,1.066511933881715,4.18,16.12,50.58,0.327,0.621,2.251,53.250945531511455,-34.54607465630436,-40.39408894981094,3.2479999624085805,1,0,0,0,1
2072,2072,1777638167.0690823,4683.072,1.5673391793322535,0.20677263277463748,-2.016302081318276,-0.4915037655137109,2.5630251144910123,0.8024395447788062,0.1189113287721904,-0.6902894894871993,0.9135392948829624,-1.0361445668675209,-0.6446230845088574,1.0664626919981333,4.18,16.12,50.58,0.327,0.621,2.251,53.250945531511455,-34.54664169828132,-40.393884877349564,3.2445048753239005,1,0,0,0,1
2073,2073,1777638167.0754015,4683.08,1.5673335127823167,0.206869980859067,-2.0163717509443195,-0.4915243637670308,2.563029002620572,0.8024479780927496,0.11892923469752198,-0.6903373187030918,0.9134641908432131,-1.0360532751739662,-0.644629369901154,1.066450449370613,4.18,16.12,50.58,0.327,0.621,2.251,53.250945531511455,-34.54641426887217,-40.3942214541011,3.242735616806193,1,0,0,0,1
2074,2074,1777638167.0828454,4683.088,1.567328505878434,0.20695600073007514,-2.0164333050224847,-0.4915425734506158,2.563032438108583,0.8024554297981967,0.11892777330546134,-0.6903355979086199,0.9134410284543167,-1.0360980986140524,-0.6446599489845987,1.0664632634911615,4.18,16.12,50.58,0.327,0.621,2.251,53.250945531511455,-34.54567813217959,-40.3948651973207,3.242558878129591,1,0,0,0,1
2075,2075,1777638167.0858638,4683.088,1.567328505878434,0.20695600073007514,-2.0164333050224847,-0.4915425734506158,2.563032438108583,0.8024554297981967,0.11892777330546134,-0.6903355979086199,0.9134410284543167,-1.0360980986140524,-0.6446599489845987,1.0664632634911615,3.83,16.4,50.45,0.354,0.604,2.236,53.18675963056972,-34.69493939117868,-40.212285591221956,2.8398359411135417,0,1,0,0,1
2076,2076,1777638167.0896833,4683.096,1.5673241585985442,0.20703069123596754,-2.016486745778348,-0.49155839120212796,2.56303542097847,0.8024618998842146,0.11892028554138495,-0.6903233896023342,0.9134126510527378,-1.0360895862002413,-0.6445930830475521,1.0664464687024107,3.83,16.4,50.45,0.354,0.604,2.236,53.18675963056972,-34.69669216259178,-40.21064052127274,2.84171459568348,1,0,0,0,1
2077,2077,1777638167.197601,4683.103999999999,1.5673204709234918,0.20709405137658088,-2.016532075144438,-0.4915718141018317,2.563037951250573,0.8024673883413129,0.11892407044090071,-0.6903638848232456,0.9133722206614926,-1.0360769726379493,-0.6446415541431438,1.066484855089171,3.83,16.4,50.45,0.354,0.604,2.236,53.18675963056972,-34.694472861803206,-40.21261738300456,2.840837209288674,1,0,0,0,1
2078,2078,1777638167.1977675,4683.112,1.567317442837025,0.2071460803033617,-2.0165692947601848,-0.4915828396727413,2.5630400289421464,0.8024718951614436,0.11890498152214153,-0.6903761569050468,0.9133295141242889,-1.036068692615169,-0.6446270857496429,1.0664398078474342,3.83,16.4,50.45,0.354,0.604,2.236,53.18675963056972,-34.69615756307469,-40.211222098288054,2.8400119225887765,1,0,0,0,1
2079,2079,1777638167.1986618,4683.12,1.5673150743257969,0.20718677731943325,-2.0165984059718625,-0.49159146588072744,2.563041654067359,0.8024754203379989,0.11894751079942148,-0.6903780507198434,0.9133324355001403,-1.0360838426730405,-0.6445857767231267,1.066543773554175,3.83,16.4,50.45,0.354,0.604,2.236,53.18675963056972,-34.693650099011975,-40.21306070297218,2.8446074784406266,1,0,0,0,1
2080,2080,1777638167.2050853,4683.128,1.567313365379369,0.20721614187965015,-2.0166194098325505,-0.49159769113462204,2.5630428266372935,0.8024779638658115,0.11891062196800908,-0.6904013087722346,0.9133353283864215,-1.0360743228612381,-0.6445747894033506,1.0664763073755583,3.83,16.4,50.45,0.354,0.604,2.236,53.18675963056972,-34.69598826403178,-40.21115585109724,2.8430166198842755,1,0,0,0,1
2081,2081,1777638167.2052426,4683.1359999999995,1.5673123159902076,0.20723417359064147,-2.016632307102107,-0.4916015142862946,2.5630435466599466,0.8024795257411533,0.11888383077236273,-0.6903492421244392,0.9133483237419469,-1.0361601995204175,-0.6445083564254559,1.0665039640821186,3.83,16.4,50.45,0.354,0.604,2.236,53.18675963056972,-34.69680019675863,-40.21014998328527,2.8473311061262194,1,0,0,0,1
2082,2082,1777638167.2053225,4683.144,1.567311926153688,0.20724087221084145,-2.016637098247134,-0.49160293463070026,2.563043814140229,0.8024801059617354,0.11888130351142334,-0.6903658829126592,0.9133615823621699,-1.0361356913548538,-0.6445549263129875,1.0664652629956357,3.83,16.4,50.45,0.354,0.604,2.236,53.18675963056972,-34.69704718059811,-40.21015620915155,2.8442318089388245,1,0,0,0,1
2083,2083,1777638167.2053993,4683.152,1.567314847825063,0.20724026084482752,-2.0166360335212854,-0.49160090319917593,2.5630407115959555,0.8024806999482863,0.11890705953732171,-0.6903659753774611,0.9133481469624662,-1.0361350349280918,-0.6445879934094573,1.0665481905887857,3.83,16.4,50.45,0.354,0.604,2.236,53.18675963056972,-34.69373990424238,-40.21293354313984,2.845309704021503,1,0,0,0,1
2084,2084,1777638167.2091334,4683.16,1.5673248223427345,0.2072380153330839,-2.016632287337104,-0.4915939404400227,2.5630301230874197,0.8024827120255787,0.11889576760548472,-0.6903642177025292,0.9133451072691817,-1.0361254948594292,-0.6445686588387156,1.066505192729114,3.83,16.4,50.45,0.354,0.604,2.236,53.18675963056972,-34.695442893484426,-40.211507108269274,2.844703588525604,1,0,0,0,1
2085,2085,1777638167.2092106,4683.168,1.5673418763253801,0.20723417605788608,-2.0166258822795253,-0.4915820358269194,2.5630120193307513,0.8024861521850287,0.11892606859335016,-0.6903593734544875,0.913360869603436,-1.0361321209309193,-0.64460890277971,1.0665876535918661,3.83,16.4,50.45,0.354,0.604,2.236,53.18675963056972,-34.69205494432245,-40.214366700307075,2.84559916948017,1,0,0,0,1
2086,2086,1777638167.211332,4683.1759999999995,1.5673660097729998,0.2072287430192341,-2.016616818348547,-0.4915651893598669,2.5629864003259497,0.8024910204266362,0.118912745587908,-0.6903680754985341,0.9133522494676566,-1.0361389458364152,-0.6445831907115059,1.0665442421086586,3.83,16.4,50.45,0.354,0.604,2.236,53.18675963056972,-34.693978754718685,-40.21271917565555,2.8454269744615264,1,0,0,0,1
2087,2087,1777638167.2114038,4683.184,1.5673972226855934,0.20722171621712793,-2.016605095544172,-0.4915434010388644,2.562953266073016,0.8024973167504013,0.11893199454232913,-0.6903646135639231,0.9133695799396072,-1.0361374316037157,-0.6445620897158841,1.0665945910594852,3.83,16.4,50.45,0.354,0.604,2.236,53.18675963056972,-34.69273744319756,-40.21363780697965,2.847578449562889,1,0,0,0,1
2088,2088,1777638167.21318,4683.192,1.5674355150631611,0.20721309565156762,-2.016590713866398,-0.4915166708639127,2.5629126165719494,0.8025050411563239,0.11894644321412566,-0.6903889999957273,0.9133508873160248,-1.0360665195048118,-0.644567978557584,1.066547071624149,3.83,16.4,50.45,0.354,0.604,2.236,53.18675963056972,-34.693784555744074,-40.21290783707055,2.845128553665674,1,0,0,0,1
2089,2089,1777638167.2195866,4683.2,1.567480886905703,0.20720288132255313,-2.016573673315226,-0.49148499883501096,2.5628644518227497,0.802514193644404,0.11896450391071509,-0.6904023844196948,0.9133475856913312,-1.036027138198926,-0.6445456039344419,1.0665603468529867,3.83,16.4,50.45,0.354,0.604,2.236,53.18675963056972,-34.69356381711107,-40.213050095886935,2.845809490062423,1,0,0,0,1
2090,2090,1777638167.219865,4683.208,1.567533338213219,0.20719107323008445,-2.016553973890656,-0.49144838495216003,2.5628087718254173,0.8025247742146417,0.11901053075158136,-0.6903524576398097,0.9133893536988024,-1.0360837196392019,-0.6445472349993197,1.0666720277445985,3.83,16.4,50.45,0.354,0.604,2.236,53.18675963056972,-34.690222452718224,-40.215665759153396,2.849577815919418,1,0,0,0,1
2091,2091,1777638167.2199667,4683.215999999999,1.5675928689857088,0.2071776713741616,-2.0165316155926885,-0.49140682921535905,2.5627455765799527,0.802536782867037,0.11905130524589977,-0.6904506128048749,0.9133058228469961,-1.0358882914093603,-0.64458925768112,1.0665787375458273,3.83,16.4,50.45,0.354,0.604,2.236,53.18675963056972,-34.69140538792798,-40.21511625894625,2.8429239331854324,1,0,0,0,1
2092,2092,1777638167.2200694,4683.224,1.5676594792231728,0.2071626757547846,-2.016506598421321,-0.4913603316246089,2.562674866086355,0.8025502196015897,0.11911098286229226,-0.6904208191129465,0.9133497698722061,-1.0358867378183478,-0.6445319300416688,1.0666790540850484,3.83,16.4,50.45,0.354,0.604,2.236,53.18675963056972,-34.68922634357366,-40.21665160017749,2.8477903283522674,1,0,0,0,1
2093,2093,1777638167.2201529,4683.232,1.5677331689256109,0.2071460863719534,-2.0164789223765567,-0.4913088921799096,2.5625966403446245,0.8025650844183,0.11912402278332007,-0.6904368579550906,0.913336208299178,-1.035840455044279,-0.6445381997972128,1.0666445974293923,3.83,16.4,50.45,0.354,0.604,2.236,53.18675963056972,-34.689975746008315,-40.216131438956694,2.8460068211291527,1,0,0,0,1
2094,2094,1777638167.2202933,4683.24,1.567813938093023,0.20712790322566804,-2.0164485874583935,-0.4912525108812602,2.5625108993547614,0.8025813773171678,0.11921759354404182,-0.6904431757386036,0.9133364438554497,-1.0357651330170186,-0.6445187742342379,1.0667457732331187,3.83,16.4,50.45,0.354,0.604,2.236,53.18675963056972,-34.68666186052015,-40.21880948591739,2.848552704342633,1,0,0,0,1
2095,2095,1777638167.2281382,4683.248,1.567901786725409,0.2071081263159285,-2.0164155936668333,-0.49119118772866077,2.562417643116765,0.8025990982981933,0.11928798898959905,-0.6904535403465212,0.9133428237138526,-1.0356625853284074,-0.6445253082798388,1.0667881720347276,3.83,16.4,50.45,0.354,0.604,2.236,53.18675963056972,-34.68461705055999,-40.22060048221075,2.8481637780140945,1,0,0,0,1
2096,2096,1777638167.231978,4683.248,1.567901786725409,0.2071081263159285,-2.0164155936668333,-0.49119118772866077,2.562417643116765,0.8025990982981933,0.11928798898959905,-0.6904535403465212,0.9133428237138526,-1.0356625853284074,-0.6445253082798388,1.0667881720347276,3.54,16.62,50.44,0.364,0.57,2.231,53.22546007316423,-34.83456943994902,-40.16398826730971,2.5211938435544825,0,1,0,0,1
2097,2097,1777638167.233563,4683.255999999999,1.5679967148227694,0.2070867556427348,-2.0163799410018743,-0.49112492272211217,2.5623168716306366,0.8026182473613762,0.11936072595938063,-0.6904717535217216,0.9133491254350091,-1.0355521293169623,-0.6445559430008784,1.0667845645276213,3.54,16.62,50.44,0.364,0.57,2.231,53.22546007316423,-34.833532249285156,-40.165053489236236,2.5185530061532773,1,0,0,0,1
2098,2098,1777638167.2411137,4683.264,1.5680987223851035,0.20706379120608692,-2.0163416294635166,-0.4910537158616135,2.562208584896375,0.8026388245067168,0.11943105742645387,-0.690474026881565,0.9133581208415673,-1.0354819869950356,-0.6444626718386991,1.066861959399818,3.54,16.62,50.44,0.364,0.57,2.231,53.22546007316423,-34.83244226604842,-40.16570491237995,2.5232349621112893,1,0,0,0,1
2099,2099,1777638167.2481112,4683.272,1.568207809412412,0.20703923300598487,-2.016300659051762,-0.49097756714716567,2.562092782913981,0.8026608297342147,0.11951433085841187,-0.6904640962527098,0.9133611381337907,-1.0353956058332887,-0.6443996538776914,1.0669093720837615,3.54,16.62,50.44,0.364,0.57,2.231,53.22546007316423,-34.83166040689723,-40.166223995439566,2.525763893708527,1,0,0,0,1
2100,2100,1777638167.2555869,4683.28,1.5683239759046943,0.20701308104242866,-2.0162570297666083,-0.49089647657876867,2.561969465683454,0.8026842630438703,0.1196477008172532,-0.6904679995486163,0.9133647994982754,-1.0352517246493351,-0.6443603702130843,1.0670100440583579,3.54,16.62,50.44,0.364,0.57,2.231,53.22546007316423,-34.82841346446608,-40.168888671707954,2.5281610763813216,1,0,0,0,1
2101,2101,1777638167.2631252,4683.288,1.5684472218619507,0.20698533531541824,-2.016210741608056,-0.4908104441564216,2.561838633204794,0.8027091244356834,0.11974836892314927,-0.6904872633199618,0.9133594193869334,-1.0351070179431356,-0.6443157224396501,1.067042562758925,3.54,16.62,50.44,0.364,0.57,2.231,53.22546007316423,-34.82746023827867,-40.16967153253502,2.528853953743375,1,0,0,0,1
2102,2102,1777638167.2705774,4683.295999999999,1.5685775472841812,0.2069559958249537,-2.0161617945761066,-0.4907194698801254,2.5617002854780018,0.8027354139096541,0.11984255189565396,-0.6905390420588625,0.9133309039076615,-1.03490686069905,-0.6443345861201453,1.06703482770823,3.54,16.62,50.44,0.364,0.57,2.231,53.22546007316423,-34.82631359794075,-40.170884020808366,2.525382775867858,1,0,0,0,1
2103,2103,1777638167.2786987,4683.304,1.5687149521713857,0.20692506257103493,-2.0161101886707584,-0.4906235537498791,2.5615544225030766,0.8027631314657823,0.1199592508223237,-0.6906223479201508,0.9133257682123681,-1.0346983805947694,-0.6442679830178071,1.067082174180126,3.54,16.62,50.44,0.364,0.57,2.231,53.22546007316423,-34.82496686719963,-40.1719826537515,2.526478253446121,1,0,0,0,1
2104,2104,1777638167.2848654,4683.312,1.5688594365235642,0.20689253555366202,-2.0160559238920124,-0.49052269576568364,2.561401044280019,0.802792277104068,0.12009063225323034,-0.6906469500400683,0.9133219344127972,-1.0345183358773304,-0.644256452851857,1.0671275922080945,3.54,16.62,50.44,0.364,0.57,2.231,53.22546007316423,-34.82278628156553,-40.17391196255683,2.5258569264992095,1,0,0,0,1
2105,2105,1777638167.2912211,4683.32,1.569011000340717,0.20685841477283495,-2.0159990002398676,-0.4904168959275381,2.5612401508088283,0.8028228508245113,0.1202010881657222,-0.6906934066136654,0.9133134308239015,-1.0343752024065827,-0.6442439395122793,1.0672299177593243,3.54,16.62,50.44,0.364,0.57,2.231,53.22546007316423,-34.81898039369928,-40.17711845216394,2.5273221448745367,1,0,0,0,1
2106,2106,1777638167.299907,4683.3279999999995,1.5691696436228437,0.2068227002285537,-2.015939417714325,-0.49030615423544255,2.5610717420895046,0.8028548526271121,0.12032560991251229,-0.6906607975184541,0.9133537909250182,-1.0342482218557498,-0.6441316239123547,1.0672893561058083,3.54,16.62,50.44,0.364,0.57,2.231,53.22546007316423,-34.81853094602482,-40.17724628201388,2.5314786104396867,1,0,0,0,1
2107,2107,1777638167.3055093,4683.336,1.5693353663699443,0.20678539192081827,-2.015877176315385,-0.4901904706893987,2.5608958181220487,0.8028882825118705,0.12047008559373967,-0.6907142380051254,0.9133368708300188,-1.034051685799482,-0.644151666168719,1.0673730997319615,3.54,16.62,50.44,0.364,0.57,2.231,53.22546007316423,-34.814429450066974,-40.18085916265393,2.5305452015877776,1,0,0,0,1
2108,2108,1777638167.3153322,4683.344,1.5695081685820191,0.20674648984962865,-2.0158122760430457,-0.4900698452894048,2.5607123789064596,0.8029231404787864,0.12060790755103457,-0.6907248095598859,0.9133589133960272,-1.0339049911846938,-0.6441653376689105,1.067458422960445,3.54,16.62,50.44,0.364,0.57,2.231,53.22546007316423,-34.81065596756187,-40.18412944817098,2.530527929244481,1,0,0,0,1
2109,2109,1777638167.320339,4683.352,1.569688050259068,0.20670599401498488,-2.0157447168973093,-0.4899442780354608,2.560521424442738,0.8029594265278599,0.12076277750432866,-0.6908008473942144,0.9133386236307048,-1.033610855725314,-0.6440653082753902,1.0674777661923374,3.54,16.62,50.44,0.364,0.57,2.231,53.22546007316423,-34.810397454179665,-40.18432502006142,2.5309784203165537,1,0,0,0,1
2110,2110,1777638167.330192,4683.36,1.5698750114010909,0.20666390441688695,-2.015674498878173,-0.48981376892756767,2.5603229547308834,0.8029971406590909,0.12091285202690336,-0.6908133541335865,0.9133685270482241,-1.0334415066548277,-0.6440089353813224,1.0675998703944567,3.54,16.62,50.44,0.364,0.57,2.231,53.22546007316423,-34.80664418727291,-40.187368721295,2.5342682729461123,1,0,0,0,1
2111,2111,1777638167.3359115,4683.3679999999995,1.570069052008088,0.2066202210553348,-2.01560162198564,-0.4896783179657245,2.5601169697708963,0.8030362828724794,0.12107369810129541,-0.690926882626696,0.9133301314985359,-1.0331183583526833,-0.6440510798624945,1.0676089658889367,3.54,16.62,50.44,0.364,0.57,2.231,53.22546007316423,-34.80387329728909,-40.1901112119963,2.528826659464096,1,0,0,0,1
2112,2112,1777638167.3417747,4683.376,1.570270172080059,0.20657494393032852,-2.015526086219708,-0.4895379251499321,2.5599034695627765,0.8030768531680255,0.1212689394709226,-0.6909162056237551,0.9133686508945534,-1.0329263965161062,-0.6440178505812029,1.0677865343404005,3.54,16.62,50.44,0.364,0.57,2.231,53.22546007316423,-34.79777234525167,-40.19516184125916,2.5325094990978863,1,0,0,0,1
2113,2113,1777638167.3489628,4683.384,1.570441970070327,0.20653626793441743,-2.015461563108449,-0.48941800075171127,2.559721096384817,0.8031115085615478,0.12139553125046465,-0.6909621953086865,0.9133717603717731,-1.0327299203259108,-0.6439930565332544,1.0678195915878725,3.54,16.62,50.44,0.364,0.57,2.231,53.22546007316423,-34.79615254931485,-40.19660755385955,2.5318192916974347,1,0,0,0,1
2114,2114,1777638167.356465,4683.392,1.5705814155301514,0.20650487529690414,-2.0154091908140765,-0.48932066019011344,2.559573067227895,0.803139637745583,0.12152901165135392,-0.691072197782816,0.9133186213213795,-1.0324609011733656,-0.6440629084786207,1.0678504757621246,3.54,16.62,50.44,0.364,0.57,2.231,53.22546007316423,-34.792434213231274,-40.2001511350612,2.526651981617416,1,0,0,0,1
2115,2115,1777638167.368404,4683.4,1.5706861093542794,0.20648130611598658,-2.0153698703816785,-0.4892475781718879,2.559461928876456,0.803160756768389,0.12165220318101552,-0.6910230488238932,0.9133532420310593,-1.0323766903559761,-0.6440288201867137,1.0679506294050851,3.54,16.62,50.44,0.364,0.57,2.231,53.22546007316423,-34.78940711895624,-40.2025853428537,2.5296015619226675,1,0,0,0,1
2116,2116,1777638167.3716216,4683.407999999999,1.5707542837809463,0.20646595835875795,-2.0153442657392144,-0.48919998869147907,2.5593895579085104,0.8031745090339459,0.1216700542820286,-0.6910184104089255,0.9133386897468445,-1.032367917401568,-0.6440254076485197,1.0679983617390751,3.54,16.62,50.44,0.364,0.57,2.231,53.22546007316423,-34.78788454791608,-40.20381882001436,2.5309367768319775,1,0,0,0,1
2117,2117,1777638167.3739898,4683.407999999999,1.5707542837809463,0.20646595835875795,-2.0153442657392144,-0.48919998869147907,2.5593895579085104,0.8031745090339459,0.1216700542820286,-0.6910184104089255,0.9133386897468445,-1.032367917401568,-0.6440254076485197,1.0679983617390751,3.39,16.61,50.56,0.354,0.553,2.236,53.326333082258714,-34.80029745503942,-40.33510489846874,2.3909014764937506,0,1,0,0,1
2118,2118,1777638167.3792913,4683.416,1.5707848023918738,0.20645908786120667,-2.0153328036975147,-0.48917868503103357,2.559357160695638,0.8031806653019546,0.12170572710743188,-0.6910518822258445,0.9133299945954418,-1.032300531497304,-0.644009814694052,1.0679817383099668,3.39,16.61,50.56,0.354,0.553,2.236,53.326333082258714,-34.800786392501216,-40.33472791466252,2.3901444545560993,1,0,0,0,1
2119,2119,1777638167.3852763,4683.424,1.5707848023918738,0.20645908786120667,-2.0153328036975147,-0.48917868503103357,2.559357160695638,0.8031806653019546,0.12167788158832273,-0.6910153137218061,0.9133445414831038,-1.032388648371384,-0.6439674528968433,1.06802070652074,3.39,16.61,50.56,0.354,0.553,2.236,53.326333082258714,-34.80078716438548,-40.33450290551976,2.3939273388638025,1,0,0,0,1
2120,2120,1777638167.3925848,4683.432,1.5707848023918738,0.20645908786120667,-2.0153328036975147,-0.48917868503103357,2.559357160695638,0.8031806653019546,0.12159710590417636,-0.691022125309729,0.9133336053077123,-1.0324186595534468,-0.6439513443753562,1.067894788270438,3.39,16.61,50.56,0.354,0.553,2.236,53.326333082258714,-34.805322778810606,-40.330738198586985,2.391414355531893,1,0,0,0,1
2121,2121,1777638167.4537206,4683.44,1.5707848023918738,0.20645908786120667,-2.0153328036975147,-0.48917868503103357,2.559357160695638,0.8031806653019546,0.12153911895739318,-0.6909724474736334,0.9133588424474341,-1.0325099313105763,-0.6438632450430494,1.0678564992799258,3.39,16.61,50.56,0.354,0.553,2.236,53.326333082258714,-34.80871182872042,-40.327613455266246,2.3947805385311427,1,0,0,0,1
2122,2122,1777638167.4538217,4683.447999999999,1.5707848023918738,0.20645908786120667,-2.0153328036975147,-0.48917868503103357,2.559357160695638,0.8031806653019546,0.12151528491834941,-0.6909317358373326,0.9133800323625254,-1.0325763619369646,-0.6438322864232018,1.067871581351929,3.39,16.61,50.56,0.354,0.553,2.236,53.326333082258714,-34.80915614749661,-40.32708623150084,2.397199277551536,1,0,0,0,1
2123,2123,1777638167.457873,4683.456,1.5707848023918738,0.20645908786120667,-2.0153328036975147,-0.48917868503103357,2.559357160695638,0.8031806653019546,0.12152077624266253,-0.6909586235057956,0.9133566854618718,-1.0325313982678856,-0.6438020866443714,1.0678451846906296,3.39,16.61,50.56,0.354,0.553,2.236,53.326333082258714,-34.81035509262013,-40.326063162205855,2.396999825506914,1,0,0,0,1
2124,2124,1777638167.4649115,4683.464,1.5707848023918738,0.20645908786120667,-2.0153328036975147,-0.48917868503103357,2.559357160695638,0.8031806653019546,0.12151034146641515,-0.6909674557851062,0.913361842974888,-1.0325186260011237,-0.6438421137282154,1.0678390626034524,3.39,16.61,50.56,0.354,0.553,2.236,53.326333082258714,-34.80972378858097,-40.326715740725575,2.395188370340886,1,0,0,0,1
2125,2125,1777638167.4680293,4683.472,1.5707848023918738,0.20645908786120667,-2.0153328036975147,-0.48917868503103357,2.559357160695638,0.8031806653019546,0.12151115923474413,-0.690951562214237,0.9133746248845588,-1.0325375929065828,-0.643806829863583,1.067837743965002,3.39,16.61,50.56,0.354,0.553,2.236,53.326333082258714,-34.8105371462044,-40.32592392829035,2.3966983378104447,1,0,0,0,1
2126,2126,1777638167.4699717,4683.48,1.5707848023918738,0.20645908786120667,-2.0153328036975147,-0.48917868503103357,2.559357160695638,0.8031806653019546,0.1215396707041139,-0.6909554451501015,0.9133497015210066,-1.0325183766433998,-0.6438694369022462,1.067869747429671,3.39,16.61,50.56,0.354,0.553,2.236,53.326333082258714,-34.80820852437728,-40.328033123921855,2.3950289516685674,1,0,0,0,1
2127,2127,1777638167.473772,4683.487999999999,1.5707848023918738,0.20645908786120667,-2.0153328036975147,-0.48917868503103357,2.559357160695638,0.8031806653019546,0.12158128033362321,-0.690948470868468,0.9133667486909621,-1.0325048876382965,-0.6438627518846728,1.0679320734247322,3.39,16.61,50.56,0.354,0.553,2.236,53.326333082258714,-34.80625041883626,-40.32961606237151,2.3968312504154348,1,0,0,0,1
2128,2128,1777638167.4738789,4683.496,1.5707848023918738,0.20645908786120667,-2.0153328036975147,-0.48917868503103357,2.559357160695638,0.8031806653019546,0.12156828629762081,-0.690950268639789,0.913374392224128,-1.0325203495957742,-0.643879182842914,1.0679220471399538,3.39,16.61,50.56,0.354,0.553,2.236,53.326333082258714,-34.80634077110539,-40.32957876750323,2.3961466068334807,1,0,0,0,1
2129,2129,1777638167.474068,4683.504,1.5707848023918738,0.20645908786120667,-2.0153328036975147,-0.48917868503103357,2.559357160695638,0.8031806653019546,0.12152845667983367,-0.6910428847198824,0.9133237688417,-1.0323945320042753,-0.6439537916143191,1.0677623430362024,3.39,16.61,50.56,0.354,0.553,2.236,53.326333082258714,-34.80943659056701,-40.32742925076627,2.3873362293015825,1,0,0,0,1
2130,2130,1777638167.4743357,4683.512,1.5707848023918738,0.20645908786120667,-2.0153328036975147,-0.48917868503103357,2.559357160695638,0.8031806653019546,0.1215497138975578,-0.6909816216475394,0.9133630021614157,-1.0324607651221256,-0.6438569573936185,1.0678332623804587,3.39,16.61,50.56,0.354,0.553,2.236,53.326333082258714,-34.80933075007179,-40.327141454549924,2.3937324071056025,1,0,0,0,1
2131,2131,1777638167.4744332,4683.5199999999995,1.5707848023918738,0.20645908786120667,-2.0153328036975147,-0.48917868503103357,2.559357160695638,0.8031806653019546,0.12152398663523722,-0.6909900745298485,0.9133311120386803,-1.0324806373486763,-0.6438544998952767,1.0678177138054001,3.39,16.61,50.56,0.354,0.553,2.236,53.326333082258714,-34.80998278164711,-40.32658362762911,2.3936481916244383,1,0,0,0,1
2132,2132,1777638167.478955,4683.527999999999,1.5707848023918738,0.20645908786120667,-2.0153328036975147,-0.48917868503103357,2.559357160695638,0.8031806653019546,0.12154104326894632,-0.6909363037860988,0.9133666177751245,-1.0325356130962056,-0.6438462610659293,1.0678769333829867,3.39,16.61,50.56,0.354,0.553,2.236,53.326333082258714,-34.808506880727016,-40.327699741044135,2.3963059759907965,1,0,0,0,1
2133,2133,1777638167.4862015,4683.536,1.5707848023918738,0.20645908786120667,-2.0153328036975147,-0.48917868503103357,2.559357160695638,0.8031806653019546,0.12155248324782364,-0.6909353593426729,0.9133757427486371,-1.0325232888594433,-0.6438829318981674,1.0678797229048302,3.39,16.61,50.56,0.354,0.553,2.236,53.326333082258714,-34.807653569864314,-40.32852146414228,2.3948714947837373,1,0,0,0,1
2134,2134,1777638167.494025,4683.544,1.5707848023918738,0.20645908786120667,-2.0153328036975147,-0.48917868503103357,2.559357160695638,0.8031806653019546,0.12155167999395367,-0.6909548878493734,0.9133502372565279,-1.0325044457202863,-0.6439176347213917,1.0678809221844012,3.39,16.61,50.56,0.354,0.553,2.236,53.326333082258714,-34.806855694015,-40.329298566342956,2.3933812572972992,1,0,0,0,1
2135,2135,1777638167.5003147,4683.552,1.5707848023918738,0.20645908786120667,-2.0153328036975147,-0.48917868503103357,2.559357160695638,0.8031806653019546,0.1215681334096361,-0.6909623613602008,0.913351304961816,-1.0324706109570116,-0.6438596172179626,1.067869362875907,3.39,16.61,50.56,0.354,0.553,2.236,53.326333082258714,-34.80816276383239,-40.32808838635043,2.394763476684,1,0,0,0,1
2136,2136,1777638167.507486,4683.5599999999995,1.5707848023918738,0.20645908786120667,-2.0153328036975147,-0.48917868503103357,2.559357160695638,0.8031806653019546,0.12156176655587467,-0.6909758414583281,0.9133633392408149,-1.0324784489247534,-0.6438473305948677,1.0678694835204907,3.39,16.61,50.56,0.354,0.553,2.236,53.326333082258714,-34.80843358947807,-40.32782149890424,2.3953213144401992,1,0,0,0,1
2137,2137,1777638167.5156465,4683.568,1.5707848023918738,0.20645908786120667,-2.0153328036975147,-0.48917868503103357,2.559357160695638,0.8031806653019546,0.1215895775888165,-0.6909851762042912,0.9133436965731816,-1.032450483217271,-0.6438980387595258,1.0679176423605976,3.39,16.61,50.56,0.354,0.553,2.236,53.326333082258714,-34.80576425069021,-40.33017850400721,2.3944261860183356,1,0,0,0,1
2138,2138,1777638167.5173726,4683.568,1.5707848023918738,0.20645908786120667,-2.0153328036975147,-0.48917868503103357,2.559357160695638,0.8031806653019546,0.1215895775888165,-0.6909851762042912,0.9133436965731816,-1.032450483217271,-0.6438980387595258,1.0679176423605976,4.83,16.88,50.48,0.259,0.632,2.135,53.44617572848407,-35.250460095523344,-39.99771027325434,3.7525905652921416,0,1,0,0,1
2139,2139,1777638167.5221577,4683.576,1.5707848023918738,0.20645908786120667,-2.0153328036975147,-0.48917868503103357,2.559357160695638,0.8031806653019546,0.12158091146302795,-0.6909775528269178,0.9133384541407892,-1.0324946523404241,-0.6439043186197357,1.0679465835219555,4.83,16.88,50.48,0.259,0.632,2.135,53.44617572848407,-35.24966320333118,-39.9983075299915,3.7537100031761175,1,0,0,0,1
2140,2140,1777638167.529603,4683.584,1.5707848023918738,0.20645908786120667,-2.0153328036975147,-0.48917868503103357,2.559357160695638,0.8031806653019546,0.1215600344780326,-0.6909404523280444,0.9133511973764653,-1.032522958941349,-0.6438722662702977,1.0679114944968089,4.83,16.88,50.48,0.259,0.632,2.135,53.44617572848407,-35.25154556762568,-39.99659540798307,3.754276343546939,1,0,0,0,1
2141,2141,1777638167.5362718,4683.592,1.5707848023918738,0.20645908786120667,-2.0153328036975147,-0.48917868503103357,2.559357160695638,0.8031806653019546,0.12153920989504571,-0.6909961924945472,0.9133495372941973,-1.0324681698980214,-0.643886132306011,1.0678365814487298,4.83,16.88,50.48,0.259,0.632,2.135,53.44617572848407,-35.253412910386665,-39.99525674924967,3.751001963659969,1,0,0,0,1
2142,2142,1777638167.5468266,4683.599999999999,1.5707848023918738,0.20645908786120667,-2.0153328036975147,-0.48917868503103357,2.559357160695638,0.8031806653019546,0.12157534460840173,-0.6910134026700938,0.9133459865089462,-1.0324379962717454,-0.64394357759426,1.067895547742655,4.83,16.88,50.48,0.259,0.632,2.135,53.44617572848407,-35.25028649493536,-39.99809371028853,3.7501335400161246,1,0,0,0,1
2143,2143,1777638167.5503914,4683.608,1.5707848023918738,0.20645908786120667,-2.0153328036975147,-0.48917868503103357,2.559357160695638,0.8031806653019546,0.1215722720258233,-0.6909628985889555,0.9133716063117361,-1.0324991580425216,-0.64389079902165,1.067898385716825,4.83,16.88,50.48,0.259,0.632,2.135,53.44617572848407,-35.25149983265603,-39.99676211529235,3.7529295011983415,1,0,0,0,1
2144,2144,1777638167.5578234,4683.616,1.5707848023918738,0.20645908786120667,-2.0153328036975147,-0.48917868503103357,2.559357160695638,0.8031806653019546,0.12156100392036442,-0.6909927747219443,0.9133546896698699,-1.0324801071611884,-0.6438302098331812,1.0678905023907452,4.83,16.88,50.48,0.259,0.632,2.135,53.44617572848407,-35.25273522954509,-39.99550515152197,3.7547205635266274,1,0,0,0,1
2145,2145,1777638167.5659602,4683.624,1.5707848023918738,0.20645908786120667,-2.0153328036975147,-0.48917868503103357,2.559357160695638,0.8031806653019546,0.12157989085632911,-0.6909492086300466,0.9133906678652687,-1.0325188282875049,-0.6438691010922957,1.0679400744944507,4.83,16.88,50.48,0.259,0.632,2.135,53.44617572848407,-35.2506491743111,-39.99730477248089,3.7551356469397876,1,0,0,0,1
2146,2146,1777638167.5721536,4683.632,1.5707848023918738,0.20645908786120667,-2.0153328036975147,-0.48917868503103357,2.559357160695638,0.8031806653019546,0.12157347953178006,-0.6909115159266294,0.9134082252267142,-1.0325575550675978,-0.6438395423540026,1.0679549952830465,4.83,16.88,50.48,0.259,0.632,2.135,53.44617572848407,-35.250921209832185,-39.99687799944833,3.7571271146247236,1,0,0,0,1
2147,2147,1777638167.5794594,4683.639999999999,1.5707848023918738,0.20645908786120667,-2.0153328036975147,-0.48917868503103357,2.559357160695638,0.8031806653019546,0.1215805661245504,-0.6909127373003215,0.9134051186302965,-1.0325587639011824,-0.6438167932745232,1.0679784722550227,4.83,16.88,50.48,0.259,0.632,2.135,53.44617572848407,-35.250574077095614,-39.997042053350725,3.758637282006449,1,0,0,0,1
2148,2148,1777638167.5901527,4683.648,1.5707848023918738,0.20645908786120667,-2.0153328036975147,-0.48917868503103357,2.559357160695638,0.8031806653019546,0.12156556843846258,-0.6909144624527129,0.9134159320859431,-1.0325502808907467,-0.6438023320815457,1.0679202579466316,4.83,16.88,50.48,0.259,0.632,2.135,53.44617572848407,-35.252677700540595,-39.995299318015135,3.757452249089124,1,0,0,0,1
2149,2149,1777638167.5937438,4683.656,1.5707848023918738,0.20645908786120667,-2.0153328036975147,-0.48917868503103357,2.559357160695638,0.8031806653019546,0.12157528050777192,-0.6909389971911161,0.9133973055138218,-1.0324922352351558,-0.6438258464407728,1.0679030178346378,4.83,16.88,50.48,0.259,0.632,2.135,53.44617572848407,-35.25247738156686,-39.99567046664681,3.755380458157739,1,0,0,0,1
2150,2150,1777638167.6009908,4683.664,1.5707848023918738,0.20645908786120667,-2.0153328036975147,-0.48917868503103357,2.559357160695638,0.8031806653019546,0.1215913864328674,-0.6909039075485202,0.9134304570321659,-1.0325586324415745,-0.643830730731754,1.068007746233913,4.83,16.88,50.48,0.259,0.632,2.135,53.44617572848407,-35.24937070259456,-39.9980749500918,3.7589314117055475,1,0,0,0,1
2151,2151,1777638167.613744,4683.672,1.5707848023918738,0.20645908786120667,-2.0153328036975147,-0.48917868503103357,2.559357160695638,0.8031806653019546,0.1216000969125712,-0.6909017906484363,0.9134119811338817,-1.0325650102106065,-0.6438435957877423,1.0680314938414337,4.83,16.88,50.48,0.259,0.632,2.135,53.44617572848407,-35.24840419845865,-39.9989021194486,3.7591928257076765,1,0,0,0,1
2152,2152,1777638167.615313,4683.679999999999,1.5707848023918738,0.20645908786120667,-2.0153328036975147,-0.48917868503103357,2.559357160695638,0.8031806653019546,0.12157463572073049,-0.6908918127941815,0.9134514288823956,-1.0325847135537523,-0.6438464453450427,1.0679868168608788,4.83,16.88,50.48,0.259,0.632,2.135,53.44617572848407,-35.24992043434653,-39.99766935851569,3.7580919705474276,1,0,0,0,1
2153,2153,1777638167.6226356,4683.688,1.5707848023918738,0.20645908786120667,-2.0153328036975147,-0.48917868503103357,2.559357160695638,0.8031806653019546,0.1216259127761252,-0.6908625163667681,0.9134540480696063,-1.0325756719530774,-0.643828985851646,1.0680618035616134,4.83,16.88,50.48,0.259,0.632,2.135,53.44617572848407,-35.2477434602468,-39.99934191602216,3.760708343621095,1,0,0,0,1
2154,2154,1777638167.6293788,4683.696,1.5707848023918738,0.20645908786120667,-2.0153328036975147,-0.48917868503103357,2.559357160695638,0.8031806653019546,0.12161459429425761,-0.6908912488855238,0.9134549099134581,-1.032556497132107,-0.6438150500460124,1.0680143114347118,4.83,16.88,50.48,0.259,0.632,2.135,53.44617572848407,-35.24942684507422,-39.99795619506852,3.7596685108052608,1,0,0,0,1
2155,2155,1777638167.6364458,4683.704,1.5707848023918738,0.20645908786120667,-2.0153328036975147,-0.48917868503103357,2.559357160695638,0.8031806653019546,0.12162973927471105,-0.690872845931563,0.913453382919133,-1.0325646157181978,-0.6438296327605487,1.0680726066205024,4.83,16.88,50.48,0.259,0.632,2.135,53.44617572848407,-35.24731613624674,-39.999705456785215,3.7608467878799474,1,0,0,0,1
2156,2156,1777638167.6440191,4683.7119999999995,1.5707848023918738,0.20645908786120667,-2.0153328036975147,-0.48917868503103357,2.559357160695638,0.8031806653019546,0.12163873493230884,-0.6908606312469241,0.9134606208012429,-1.0325810038232368,-0.6438014761304321,1.0680816668670983,4.83,16.88,50.48,0.259,0.632,2.135,53.44617572848407,-35.24762339335894,-39.99929372031292,3.7623459431676656,1,0,0,0,1
2157,2157,1777638167.6514058,4683.719999999999,1.5707848023918738,0.20645908786120667,-2.0153328036975147,-0.48917868503103357,2.559357160695638,0.8031806653019546,0.12162826838872398,-0.6908509673032714,0.913493767868206,-1.0326204051577375,-0.6438130538123408,1.0681006188592204,4.83,16.88,50.48,0.259,0.632,2.135,53.44617572848407,-35.24702828506412,-39.99976295359572,3.7629324639224064,1,0,0,0,1
2158,2158,1777638167.6585512,4683.728,1.5707848023918738,0.20645908786120667,-2.0153328036975147,-0.48917868503103357,2.559357160695638,0.8031806653019546,0.12165098513880762,-0.6908797246865197,0.9134417617049686,-1.0325567124072064,-0.6438559660029141,1.0680881638964677,4.83,16.88,50.48,0.259,0.632,2.135,53.44617572848407,-35.24629050921665,-40.000669634580746,3.760204000454471,1,0,0,0,1
2159,2159,1777638167.6625624,4683.728,1.5707848023918738,0.20645908786120667,-2.0153328036975147,-0.48917868503103357,2.559357160695638,0.8031806653019546,0.12165098513880762,-0.6908797246865197,0.9134417617049686,-1.0325567124072064,-0.6438559660029141,1.0680881638964677,4.36,17.95,49.41,0.384,0.525,2.112,52.749978199047625,-35.74305737191219,-38.67416743926805,3.0500528827631417,0,1,0,0,1
2160,2160,1777638167.6654642,4683.736,1.5707848023918738,0.20645908786120667,-2.0153328036975147,-0.48917868503103357,2.559357160695638,0.8031806653019546,0.12163739411870164,-0.6908651936912227,0.9134575600538657,-1.0325741314929417,-0.6438188951520026,1.0680795741212343,4.36,17.95,49.41,0.384,0.525,2.112,52.749978199047625,-35.744078020517094,-38.673119213533234,3.0513827618037976,1,0,0,0,1
2161,2161,1777638167.6732488,4683.744,1.5707848023918738,0.20645908786120667,-2.0153328036975147,-0.48917868503103357,2.559357160695638,0.8031806653019546,0.12164732092875713,-0.6908937084406237,0.9134552565419192,-1.032555626276867,-0.6438677087870192,1.0681101707312886,4.36,17.95,49.41,0.384,0.525,2.112,52.749978199047625,-35.742154791473915,-38.67498931221207,3.0502086096854977,1,0,0,0,1
2162,2162,1777638167.6805558,4683.7519999999995,1.5707848023918738,0.20645908786120667,-2.0153328036975147,-0.48917868503103357,2.559357160695638,0.8031806653019546,0.12168487133159307,-0.6908679787432412,0.9134587818606379,-1.032534668582181,-0.6438596092233464,1.0681439911651356,4.36,17.95,49.41,0.384,0.525,2.112,52.749978199047625,-35.74113008501347,-38.67585811050096,3.0511997087278506,1,0,0,0,1
2163,2163,1777638167.6877172,4683.76,1.5707848023918738,0.20645908786120667,-2.0153328036975147,-0.48917868503103357,2.559357160695638,0.8031806653019546,0.12166382425736584,-0.6909366242779673,0.9134482962919275,-1.032458589661813,-0.6439209141212477,1.0680785994651292,4.36,17.95,49.41,0.384,0.525,2.112,52.749978199047625,-35.74167858932729,-38.67573776969566,3.0462960438798974,1,0,0,0,1
2164,2164,1777638167.6957035,4683.768,1.5707848023918738,0.20645908786120667,-2.0153328036975147,-0.48917868503103357,2.559357160695638,0.8031806653019546,0.12167715848612784,-0.6910086725669186,0.9134171465635956,-1.0323789428088277,-0.6439920551965781,1.068056904330799,4.36,17.95,49.41,0.384,0.525,2.112,52.749978199047625,-35.740667017806246,-38.67699622057935,3.0421841620103622,1,0,0,0,1
2165,2165,1777638167.787518,4683.776,1.5707848023918738,0.20645908786120667,-2.0153328036975147,-0.48917868503103357,2.559357160695638,0.8031806653019546,0.12167860862848165,-0.6908882606254918,0.9134608681903732,-1.0325105207504868,-0.6438647542936987,1.068128901371053,4.36,17.95,49.41,0.384,0.525,2.112,52.749978199047625,-35.74138171178943,-38.67569437495398,3.05032751476226,1,0,0,0,1
2166,2166,1777638167.8029869,4683.784,1.5707848023918738,0.20645908786120667,-2.0153328036975147,-0.48917868503103357,2.559357160695638,0.8031806653019546,0.12168739055664028,-0.6909791705702537,0.9134336798086456,-1.0324019171956587,-0.6439820733173304,1.0680878557052305,4.36,17.95,49.41,0.384,0.525,2.112,52.749978199047625,-35.73999940762077,-38.67749733565379,3.043656057073394,1,0,0,0,1
2167,2167,1777638167.803076,4683.7919999999995,1.5707848023918738,0.20645908786120667,-2.0153328036975147,-0.48917868503103357,2.559357160695638,0.8031806653019546,0.12169170032263163,-0.6909012198943898,0.9134573331352666,-1.032475030374561,-0.6438647150378174,1.0680996633368072,4.36,17.95,49.41,0.384,0.525,2.112,52.749978199047625,-35.74210744939269,-38.67511783524223,3.0491335664733348,1,0,0,0,1
2168,2168,1777638167.812073,4683.8,1.5707848023918738,0.20645908786120667,-2.0153328036975147,-0.48917868503103357,2.559357160695638,0.8031806653019546,0.12173099974799137,-0.6909678140856005,0.9134145373090747,-1.0323628827083688,-0.6439918911603769,1.0681161297545019,4.36,17.95,49.41,0.384,0.525,2.112,52.749978199047625,-35.73873306355058,-38.67866941257185,3.0436312991644474,1,0,0,0,1
2169,2169,1777638167.8163326,4683.808,1.5707848023918738,0.20645908786120667,-2.0153328036975147,-0.48917868503103357,2.559357160695638,0.8031806653019546,0.1217308482067315,-0.6909357593061181,0.9134291381918227,-1.032424922321662,-0.6439579249780317,1.0681457013761668,4.36,17.95,49.41,0.384,0.525,2.112,52.749978199047625,-35.73874326256591,-38.678442978209496,3.0463878272136973,1,0,0,0,1
2170,2170,1777638167.8167365,4683.816,1.5707848023918738,0.20645908786120667,-2.0153328036975147,-0.48917868503103357,2.559357160695638,0.8031806653019546,0.1216973754930972,-0.6909344465751487,0.9134411782792116,-1.0324669868704606,-0.6439490479252182,1.0681385567308006,4.36,17.95,49.41,0.384,0.525,2.112,52.749978199047625,-35.739348496228786,-38.677836337375474,3.046989551066098,1,0,0,0,1
2171,2171,1777638167.8168128,4683.824,1.5707848023918738,0.20645908786120667,-2.0153328036975147,-0.48917868503103357,2.559357160695638,0.8031806653019546,0.1217159607591621,-0.6909489492578758,0.9134462230578383,-1.0324248686595987,-0.6439802151574626,1.068150093081839,4.36,17.95,49.41,0.384,0.525,2.112,52.749978199047625,-35.738209085187634,-38.67899204243491,3.045683168792814,1,0,0,0,1
2172,2172,1777638167.8206878,4683.831999999999,1.5707848023918738,0.20645908786120667,-2.0153328036975147,-0.48917868503103357,2.559357160695638,0.8031806653019546,0.12172178123697214,-0.6909409927004234,0.913434441238411,-1.032429275378691,-0.6439750285077123,1.068146592909643,4.36,17.95,49.41,0.384,0.525,2.112,52.749978199047625,-35.738434251546465,-38.6787725638531,3.0458283276663054,1,0,0,0,1
2173,2173,1777638167.8208432,4683.84,1.5707848023918738,0.20645908786120667,-2.0153328036975147,-0.48917868503103357,2.559357160695638,0.8031806653019546,0.12171421214998007,-0.690961334467316,0.9134440414298508,-1.0324089196589894,-0.6439971449854649,1.068104788352079,4.36,17.95,49.41,0.384,0.525,2.112,52.749978199047625,-35.739239192988066,-38.6782010606929,3.04364002717151,1,0,0,0,1
2174,2174,1777638167.8249438,4683.848,1.5707848023918738,0.20645908786120667,-2.0153328036975147,-0.48917868503103357,2.559357160695638,0.8031806653019546,0.12171540661070383,-0.690965808848695,0.9134311419484136,-1.0324060224928577,-0.6439796730904981,1.0681317351893667,4.36,17.95,49.41,0.384,0.525,2.112,52.749978199047625,-35.73869228480535,-38.67860007933887,3.0449909153495285,1,0,0,0,1
2175,2175,1777638167.8250544,4683.856,1.5707848023918738,0.20645908786120667,-2.0153328036975147,-0.48917868503103357,2.559357160695638,0.8031806653019546,0.12172961545020465,-0.6909751862643545,0.9134157444061741,-1.0323659661546403,-0.6440039263102922,1.0681187509577754,4.36,17.95,49.41,0.384,0.525,2.112,52.749978199047625,-35.73845338708711,-38.678954498696754,3.0432923597226615,1,0,0,0,1
2176,2176,1777638167.8273575,4683.864,1.5707848023918738,0.20645908786120667,-2.0153328036975147,-0.48917868503103357,2.559357160695638,0.8031806653019546,0.12169736913376508,-0.6909612817760871,0.9134334601197883,-1.032446390626525,-0.6439604650464446,1.0681286193586021,4.36,17.95,49.41,0.384,0.525,2.112,52.749978199047625,-35.73934635927867,-38.677911061230226,3.0460659466068716,1,0,0,0,1
2177,2177,1777638167.827424,4683.871999999999,1.5707848023918738,0.20645908786120667,-2.0153328036975147,-0.48917868503103357,2.559357160695638,0.8031806653019546,0.12172045257390966,-0.6909662082476311,0.9134220072302596,-1.0324013677838997,-0.6440040486604962,1.0681343764801894,4.36,17.95,49.41,0.384,0.525,2.112,52.749978199047625,-35.73815120742118,-38.67916936541244,3.044109964708733,1,0,0,0,1
2178,2178,1777638167.8298194,4683.88,1.5707848023918738,0.20645908786120667,-2.0153328036975147,-0.48917868503103357,2.559357160695638,0.8031806653019546,0.12173090633358342,-0.6909622868214464,0.91344843252478,-1.032403927524735,-0.6439695491582056,1.0681358096733566,4.36,17.95,49.41,0.384,0.525,2.112,52.749978199047625,-35.738733893104325,-38.67852522438166,3.0454533627602993,1,0,0,0,1
2179,2179,1777638167.833732,4683.88,1.5707848023918738,0.20645908786120667,-2.0153328036975147,-0.48917868503103357,2.559357160695638,0.8031806653019546,0.12173090633358342,-0.6909622868214464,0.91344843252478,-1.032403927524735,-0.6439695491582056,1.0681358096733566,3.92,17.55,50.23,0.406,0.497,2.196,53.35186782109882,-35.613928457424954,-39.63134126166222,2.725195338152251,0,1,0,0,1
2180,2180,1777638167.8340633,4683.888,1.5707848023918738,0.20645908786120667,-2.0153328036975147,-0.48917868503103357,2.559357160695638,0.8031806653019546,0.12171950724468686,-0.6909915851296959,0.9134202132856898,-1.032353313666965,-0.6440082395767526,1.0680930411453415,3.92,17.55,50.23,0.406,0.497,2.196,53.35186782109882,-35.61431173484028,-39.63121878948995,2.7219656340955702,1,0,0,0,1
2181,2181,1777638167.834189,4683.896,1.5707848023918738,0.20645908786120667,-2.0153328036975147,-0.48917868503103357,2.559357160695638,0.8031806653019546,0.12169510236197228,-0.6909706343384251,0.9134406917604674,-1.0324010470810625,-0.6439769662665618,1.068089956520795,3.92,17.55,50.23,0.406,0.497,2.196,53.35186782109882,-35.615239172093524,-39.63027207596977,2.723614124501775,1,0,0,0,1
2182,2182,1777638167.8342843,4683.9039999999995,1.5707848023918738,0.20645908786120667,-2.0153328036975147,-0.48917868503103357,2.559357160695638,0.8031806653019546,0.12169146729668764,-0.6909697180747709,0.9134401698286599,-1.032412121484554,-0.6439352365082863,1.0680891561580057,3.92,17.55,50.23,0.406,0.497,2.196,53.35186782109882,-35.61609475457827,-39.62938884553079,2.7252768965047216,1,0,0,0,1
2183,2183,1777638167.8344316,4683.911999999999,1.5707848023918738,0.20645908786120667,-2.0153328036975147,-0.48917868503103357,2.559357160695638,0.8031806653019546,0.12171871984575826,-0.6909662040607928,0.91344742495805,-1.032407150441114,-0.6439624185665987,1.068139222277679,3.92,17.55,50.23,0.406,0.497,2.196,53.35186782109882,-35.61396838799618,-39.63127798159561,2.725593734272082,1,0,0,0,1
2184,2184,1777638167.834576,4683.92,1.5707848023918738,0.20645908786120667,-2.0153328036975147,-0.48917868503103357,2.559357160695638,0.8031806653019546,0.12171867444376985,-0.6909223472599614,0.9134518334412206,-1.0324488381687251,-0.6439394026641408,1.0681591779139035,3.92,17.55,50.23,0.406,0.497,2.196,53.35186782109882,-35.61397616455528,-39.631139756712095,2.7275012987057283,1,0,0,0,1
2185,2185,1777638167.8412013,4683.928,1.5707848023918738,0.20645908786120667,-2.0153328036975147,-0.48917868503103357,2.559357160695638,0.8031806653019546,0.12170770650507713,-0.690985634928712,0.9134229946462434,-1.032396161192001,-0.6439907050010049,1.0681244970069776,3.92,17.55,50.23,0.406,0.497,2.196,53.35186782109882,-35.6138572959344,-39.63148725837563,2.7240018711500604,1,0,0,0,1
2186,2186,1777638167.8475642,4683.936,1.5707848023918738,0.20645908786120667,-2.0153328036975147,-0.48917868503103357,2.559357160695638,0.8031806653019546,0.12171450881291515,-0.6909548845823822,0.913439576443873,-1.0324204572127607,-0.6439087372169917,1.0681302550515974,3.92,17.55,50.23,0.406,0.497,2.196,53.35186782109882,-35.615317312380256,-39.629934497494915,2.7275015055411576,1,0,0,0,1
2187,2187,1777638167.85367,4683.9439999999995,1.5707848023918738,0.20645908786120667,-2.0153328036975147,-0.48917868503103357,2.559357160695638,0.8031806653019546,0.121711636529598,-0.690936549595462,0.9134511941389529,-1.032426679871015,-0.6439736451229918,1.0681257372349762,3.92,17.55,50.23,0.406,0.497,2.196,53.35186782109882,-35.614293468100115,-39.63102422797439,2.725035671279643,1,0,0,0,1
2188,2188,1777638167.8597765,4683.952,1.5707848023918738,0.20645908786120667,-2.0153328036975147,-0.48917868503103357,2.559357160695638,0.8031806653019546,0.12174135014002804,-0.6909506883204116,0.9134319391361215,-1.0324144172360117,-0.6440131999391162,1.0681894334415165,3.92,17.55,50.23,0.406,0.497,2.196,53.35186782109882,-35.61146493835422,-39.633555774635234,2.725182856845719,1,0,0,0,1
2189,2189,1777638167.8670974,4683.96,1.5707848023918738,0.20645908786120667,-2.0153328036975147,-0.48917868503103357,2.559357160695638,0.8031806653019546,0.12170860081942537,-0.6909065993569479,0.9134697206409548,-1.0324569471212393,-0.6439321630791998,1.0681435631281337,3.92,17.55,50.23,0.406,0.497,2.196,53.35186782109882,-35.614650867294976,-39.63053801219554,2.72743477733373,1,0,0,0,1
2190,2190,1777638167.8741567,4683.968,1.5707848023918738,0.20645908786120667,-2.0153328036975147,-0.48917868503103357,2.559357160695638,0.8031806653019546,0.12170129736277771,-0.6909774498391434,0.913423013365148,-1.0324042774572044,-0.6439780313116057,1.0681246557273543,3.92,17.55,50.23,0.406,0.497,2.196,53.35186782109882,-35.614129277738144,-39.63120346340817,2.724574798110328,1,0,0,0,1
2191,2191,1777638167.8817468,4683.976,1.5707848023918738,0.20645908786120667,-2.0153328036975147,-0.48917868503103357,2.559357160695638,0.8031806653019546,0.12169803650081526,-0.6909521876519609,0.9134458634129847,-1.0324337505452195,-0.6439781730289047,1.0681320582493032,3.92,17.55,50.23,0.406,0.497,2.196,53.35186782109882,-35.614045123624756,-39.63124112811732,2.725126891989026,1,0,0,0,1
2192,2192,1777638167.8955529,4683.9839999999995,1.5707848023918738,0.20645908786120667,-2.0153328036975147,-0.48917868503103357,2.559357160695638,0.8031806653019546,0.12171378956490211,-0.6909717203702462,0.9134368199209513,-1.0323907083694523,-0.6439496083669928,1.0681265443683936,3.92,17.55,50.23,0.406,0.497,2.196,53.35186782109882,-35.61452359492216,-39.630783945951435,2.72552250697908,1,0,0,0,1
2193,2193,1777638167.8963108,4683.992,1.5707848023918738,0.20645908786120667,-2.0153328036975147,-0.48917868503103357,2.559357160695638,0.8031806653019546,0.12172609011472549,-0.6909227056787067,0.9134642329343935,-1.032468597702544,-0.6439589902583585,1.0681908260197894,3.92,17.55,50.23,0.406,0.497,2.196,53.35186782109882,-35.61270769278933,-39.632253150196256,2.7278858162875035,1,0,0,0,1
2194,2194,1777638167.9032097,4684.0,1.5707848023918738,0.20645908786120667,-2.0153328036975147,-0.48917868503103357,2.559357160695638,0.8031806653019546,0.12170355354631154,-0.6909635323275463,0.9134290976844485,-1.0323986487553416,-0.6439424764909215,1.068110470080597,3.92,17.55,50.23,0.406,0.497,2.196,53.35186782109882,-35.61521007651148,-39.63017288650407,2.725437247810449,1,0,0,0,1
2195,2195,1777638167.9107573,4684.008,1.5707848023918738,0.20645908786120667,-2.0153328036975147,-0.48917868503103357,2.559357160695638,0.8031806653019546,0.12172741171618175,-0.6910155824601925,0.9134046475199531,-1.0323400959997096,-0.6440568130987769,1.0681178821732018,3.92,17.55,50.23,0.406,0.497,2.196,53.35186782109882,-35.6125510998464,-39.63288856605783,2.720688896450794,1,0,0,0,1
2196,2196,1777638167.917565,4684.016,1.5707848023918738,0.20645908786120667,-2.0153328036975147,-0.48917868503103357,2.559357160695638,0.8031806653019546,0.12172841194303491,-0.6909653319279654,0.9134307517760476,-1.0323909576719514,-0.6439630348176718,1.0681420071171486,3.92,17.55,50.23,0.406,0.497,2.196,53.35186782109882,-35.61378315376439,-39.63145401489626,2.725454483533068,1,0,0,0,1
2197,2197,1777638167.9247983,4684.023999999999,1.5707848023918738,0.20645908786120667,-2.0153328036975147,-0.48917868503103357,2.559357160695638,0.8031806653019546,0.12169301205423988,-0.6909341284006101,0.9134444550633045,-1.0324586587393472,-0.6439427022402442,1.068139099533627,3.92,17.55,50.23,0.406,0.497,2.196,53.35186782109882,-35.614607321869,-39.6306112343409,2.726939401895068,1,0,0,0,1
2198,2198,1777638167.9326937,4684.032,1.5707848023918738,0.20645908786120667,-2.0153328036975147,-0.48917868503103357,2.559357160695638,0.8031806653019546,0.12171872511260078,-0.6909388409375152,0.9134552691919222,-1.03242826275602,-0.6439507170808051,1.0681494067693424,3.92,17.55,50.23,0.406,0.497,2.196,53.35186782109882,-35.613970672661395,-39.63120921145171,2.7265636550351604,1,0,0,0,1
2199,2199,1777638167.9389274,4684.04,1.5707848023918738,0.20645908786120667,-2.0153328036975147,-0.48917868503103357,2.559357160695638,0.8031806653019546,0.12171919578125977,-0.6909229650147705,0.9134674263994228,-1.032457460114844,-0.6439459194383154,1.068172639983728,3.92,17.55,50.23,0.406,0.497,2.196,53.35186782109882,-35.61347131629093,-39.631577342889074,2.7277349794880696,1,0,0,0,1
2200,2200,1777638167.9460623,4684.048,1.5707848023918738,0.20645908786120667,-2.0153328036975147,-0.48917868503103357,2.559357160695638,0.8031806653019546,0.12168902357269729,-0.6909811634955296,0.9134146643194498,-1.0323881536014545,-0.6439401544102276,1.068060282815439,3.92,17.55,50.23,0.406,0.497,2.196,53.35186782109882,-35.61679925689144,-39.628842966628895,2.724007309197782,1,0,0,0,1
2201,2201,1777638167.94975,4684.048,1.5707848023918738,0.20645908786120667,-2.0153328036975147,-0.48917868503103357,2.559357160695638,0.8031806653019546,0.12168902357269729,-0.6909811634955296,0.9134146643194498,-1.0323881536014545,-0.6439401544102276,1.068060282815439,4.05,16.77,50.95,0.337,0.546,2.236,53.79161551766223,-35.19818078988053,-40.56406261832488,3.0303123567551222,0,1,0,0,1
2202,2202,1777638167.953662,4684.056,1.5707848023918738,0.20645908786120667,-2.0153328036975147,-0.48917868503103357,2.559357160695638,0.8031806653019546,0.12170497219428977,-0.6909797038344782,0.9134328922717295,-1.0323746019451536,-0.6439420264997953,1.068097867075249,4.05,16.77,50.95,0.337,0.546,2.236,53.79161551766223,-35.19684082620433,-40.56516499498677,3.031119394602484,1,0,0,0,1
2203,2203,1777638167.9652956,4684.063999999999,1.5707848023918738,0.20645908786120667,-2.0153328036975147,-0.48917868503103357,2.559357160695638,0.8031806653019546,0.12172559212686955,-0.6909480455686876,0.913443748886205,-1.0324290636562699,-0.6439697569764159,1.0681626149847108,4.05,16.77,50.95,0.337,0.546,2.236,53.79161551766223,-35.19450015569245,-40.56708509810622,3.032600440871086,1,0,0,0,1
2204,2204,1777638167.9675484,4684.072,1.5707848023918738,0.20645908786120667,-2.0153328036975147,-0.48917868503103357,2.559357160695638,0.8031806653019546,0.12170587582510564,-0.6909322376119131,0.9134568385977585,-1.032432477620304,-0.6439732403498004,1.06813418611038,4.05,16.77,50.95,0.337,0.546,2.236,53.79161551766223,-35.19538419682772,-40.56638397159732,3.0317194307227546,1,0,0,0,1
2205,2205,1777638167.9752204,4684.08,1.5707848023918738,0.20645908786120667,-2.0153328036975147,-0.48917868503103357,2.559357160695638,0.8031806653019546,0.12170268403976167,-0.6909521252372149,0.9134382763403112,-1.032421076742037,-0.6439550408286818,1.0681316584913076,4.05,16.77,50.95,0.337,0.546,2.236,53.79161551766223,-35.195745880803756,-40.566035799160026,3.0321793210745853,1,0,0,0,1
2206,2206,1777638167.9822469,4684.088,1.5707848023918738,0.20645908786120667,-2.0153328036975147,-0.48917868503103357,2.559357160695638,0.8031806653019546,0.12173815512609171,-0.6909445818783544,0.9134311312744761,-1.0323948826412768,-0.6439579385457375,1.0681247738579813,4.05,16.77,50.95,0.337,0.546,2.236,53.79161551766223,-35.195772839299245,-40.56606010626558,3.0315411426028063,1,0,0,0,1
2207,2207,1777638167.9895625,4684.096,1.5707848023918738,0.20645908786120667,-2.0153328036975147,-0.48917868503103357,2.559357160695638,0.8031806653019546,0.12172562008546248,-0.6909522854754979,0.9134410470978185,-1.0324187196660564,-0.6439754111505106,1.0681576884366089,4.05,16.77,50.95,0.337,0.546,2.236,53.79161551766223,-35.19449842029667,-40.56712260981375,3.032118748346263,1,0,0,0,1
2208,2208,1777638168.031685,4684.103999999999,1.5707848023918738,0.20645908786120667,-2.0153328036975147,-0.48917868503103357,2.559357160695638,0.8031806653019546,0.12173011393074931,-0.6909540936857537,0.9134335204944419,-1.0323952258620464,-0.643999050379297,1.0681420919561746,4.05,16.77,50.95,0.337,0.546,2.236,53.79161551766223,-35.19443605946357,-40.56729771272583,3.0304994214484835,1,0,0,0,1
2209,2209,1777638168.0317335,4684.112,1.5707848023918738,0.20645908786120667,-2.0153328036975147,-0.48917868503103357,2.559357160695638,0.8031806653019546,0.12169842093831466,-0.6909531238074915,0.9134564994017301,-1.0324128812057438,-0.6439537442106238,1.068102593749867,4.05,16.77,50.95,0.337,0.546,2.236,53.79161551766223,-35.19667661095879,-40.56529332248559,3.0313088269413004,1,0,0,0,1
2210,2210,1777638168.0330667,4684.12,1.5707848023918738,0.20645908786120667,-2.0153328036975147,-0.48917868503103357,2.559357160695638,0.8031806653019546,0.12171628309501147,-0.6909126444729875,0.9134628775051185,-1.032445712752843,-0.643932813290363,1.0681405709797294,4.05,16.77,50.95,0.337,0.546,2.236,53.79161551766223,-35.19600679971151,-40.5657051622875,3.033573806753737,1,0,0,0,1
2211,2211,1777638168.0361633,4684.128,1.5707848023918738,0.20645908786120667,-2.0153328036975147,-0.48917868503103357,2.559357160695638,0.8031806653019546,0.12170215203679224,-0.6909676285774823,0.9134402788517204,-1.032412576573857,-0.64394859242928,1.0681183103277325,4.05,16.77,50.95,0.337,0.546,2.236,53.79161551766223,-35.19625714889828,-40.56561036659674,3.03193639347615,1,0,0,0,1
2212,2212,1777638168.0388832,4684.1359999999995,1.5707848023918738,0.20645908786120667,-2.0153328036975147,-0.48917868503103357,2.559357160695638,0.8031806653019546,0.12173114826465598,-0.6909463548289053,0.9134458634129847,-1.0324229290983669,-0.644005786223367,1.0681737918434648,4.05,16.77,50.95,0.337,0.546,2.236,53.79161551766223,-35.19342418910171,-40.56810133673552,3.0314926650593486,1,0,0,0,1
2213,2213,1777638168.0414567,4684.144,1.5707848023918738,0.20645908786120667,-2.0153328036975147,-0.48917868503103357,2.559357160695638,0.8031806653019546,0.12171215713501415,-0.6909423786571958,0.91346117654835,-1.0324351702370445,-0.643980006439968,1.068139034787002,4.05,16.77,50.95,0.337,0.546,2.236,53.79161551766223,-35.195113265232706,-40.56662512413909,3.0316378881732624,1,0,0,0,1
2214,2214,1777638168.0415206,4684.152,1.5707848023918738,0.20645908786120667,-2.0153328036975147,-0.48917868503103357,2.559357160695638,0.8031806653019546,0.12171153907323146,-0.6909682602323234,0.9134301343718414,-1.0324065275848726,-0.6439794802746868,1.068145632577034,4.05,16.77,50.95,0.337,0.546,2.236,53.79161551766223,-35.19474966534994,-40.56695291382973,3.031472790653459,1,0,0,0,1
2215,2215,1777638168.0469804,4684.16,1.5707848023918738,0.20645908786120667,-2.0153328036975147,-0.48917868503103357,2.559357160695638,0.8031806653019546,0.12172845189808273,-0.6909714042124205,0.9134352346454992,-1.0323802881541526,-0.6439688798850575,1.0681369779083532,4.05,16.77,50.95,0.337,0.546,2.236,53.79161551766223,-35.195087696696504,-40.566673524891016,3.0312870445981024,1,0,0,0,1
2216,2216,1777638168.0547578,4684.168,1.5707848023918738,0.20645908786120667,-2.0153328036975147,-0.48917868503103357,2.559357160695638,0.8031806653019546,0.12173751309010956,-0.6909322925337636,0.9134360757383972,-1.0323969884767052,-0.6439403240992354,1.0681462909220658,4.05,16.77,50.95,0.337,0.546,2.236,53.79161551766223,-35.19541065851582,-40.56627829494779,3.032826054240316,1,0,0,0,1
2217,2217,1777638168.0620036,4684.1759999999995,1.5707848023918738,0.20645908786120667,-2.0153328036975147,-0.48917868503103357,2.559357160695638,0.8031806653019546,0.12172511667075935,-0.6909912839308647,0.9134237459824865,-1.0323787536697209,-0.6439862551359232,1.0681291972716185,4.05,16.77,50.95,0.337,0.546,2.236,53.79161551766223,-35.1950078083059,-40.56680890710928,3.0304026906281742,1,0,0,0,1
2218,2218,1777638168.0697157,4684.184,1.5707848023918738,0.20645908786120667,-2.0153328036975147,-0.48917868503103357,2.559357160695638,0.8031806653019546,0.12170070115540191,-0.6909721272232028,0.9134301679371665,-1.0323953550025102,-0.6440128388693591,1.0681013317199868,4.05,16.77,50.95,0.337,0.546,2.236,53.79161551766223,-35.19551223890164,-40.56648741981839,3.02884741428836,1,0,0,0,1
2219,2219,1777638168.0756812,4684.192,1.5707848023918738,0.20645908786120667,-2.0153328036975147,-0.48917868503103357,2.559357160695638,0.8031806653019546,0.12173571819946735,-0.6909713569729945,0.9134374894441326,-1.0324102693638482,-0.6439828615437632,1.0681732453602695,4.05,16.77,50.95,0.337,0.546,2.236,53.79161551766223,-35.19380281204912,-40.567722428180694,3.0321676432362334,1,0,0,0,1
2220,2220,1777638168.08313,4684.2,1.5707848023918738,0.20645908786120667,-2.0153328036975147,-0.48917868503103357,2.559357160695638,0.8031806653019546,0.12174232655339434,-0.6909457060051964,0.9134608599145082,-1.0324237042188251,-0.6439423294780032,1.0681935920254555,4.05,16.77,50.95,0.337,0.546,2.236,53.79161551766223,-35.19397141105358,-40.56740781773436,3.0344190988667545,1,0,0,0,1
2221,2221,1777638168.090553,4684.208,1.5707848023918738,0.20645908786120667,-2.0153328036975147,-0.48917868503103357,2.559357160695638,0.8031806653019546,0.1217233835754652,-0.6909492936542327,0.9134465520749036,-1.0324055797606473,-0.6439331106462935,1.0681442155354999,4.05,16.77,50.95,0.337,0.546,2.236,53.79161551766223,-35.19566123621658,-40.56603687188513,3.0331473182715487,1,0,0,0,1
2222,2222,1777638168.0950348,4684.208,1.5707848023918738,0.20645908786120667,-2.0153328036975147,-0.48917868503103357,2.559357160695638,0.8031806653019546,0.1217233835754652,-0.6909492936542327,0.9134465520749036,-1.0324055797606473,-0.6439331106462935,1.0681442155354999,4.52,17.55,50.33,0.364,0.586,2.161,53.49338089894861,-35.747401554293205,-39.6565766178867,3.3197911177960138,0,1,0,0,1
2223,2223,1777638168.1015725,4684.215999999999,1.5707848023918738,0.20645908786120667,-2.0153328036975147,-0.48917868503103357,2.559357160695638,0.8031806653019546,0.12171377840617609,-0.6909510667627494,0.9134461924921969,-1.0324117427945154,-0.6439380062804544,1.068136665886419,4.52,17.55,50.33,0.364,0.586,2.161,53.49338089894861,-35.747589617887364,-39.656433789266266,3.319472191275601,1,0,0,0,1
2224,2224,1777638168.1078188,4684.224,1.5707848023918738,0.20645908786120667,-2.0153328036975147,-0.48917868503103357,2.559357160695638,0.8031806653019546,0.12170219623137135,-0.6909648184556167,0.9134360101899315,-1.0324026202366794,-0.6439539760802127,1.0681135943997193,4.52,17.55,50.33,0.364,0.586,2.161,53.49338089894861,-35.74799057544672,-39.656184907107104,3.318127247575284,1,0,0,0,1
2225,2225,1777638168.113083,4684.232,1.5707848023918738,0.20645908786120667,-2.0153328036975147,-0.48917868503103357,2.559357160695638,0.8031806653019546,0.12173454724884425,-0.6909638849251992,0.9134512236445129,-1.0323823369870573,-0.6440116094495563,1.068161431909798,4.52,17.55,50.33,0.364,0.586,2.161,53.49338089894861,-35.74529777949631,-39.65870108505302,3.317064199190376,1,0,0,0,1
2226,2226,1777638168.1196659,4684.24,1.5707848023918738,0.20645908786120667,-2.0153328036975147,-0.48917868503103357,2.559357160695638,0.8031806653019546,0.12169387850341926,-0.6909159061969927,0.9134772290705535,-1.0324777608045832,-0.6439073212164158,1.0681380301009893,4.52,17.55,50.33,0.364,0.586,2.161,53.49338089894861,-35.7484686032345,-39.65547662851161,3.3214403335189013,1,0,0,0,1
2227,2227,1777638168.1267745,4684.248,1.5707848023918738,0.20645908786120667,-2.0153328036975147,-0.48917868503103357,2.559357160695638,0.8031806653019546,0.12173136923934991,-0.6909925316359076,0.9134143860278632,-1.0323712148609026,-0.6439933923457025,1.0681589450546642,4.52,17.55,50.33,0.364,0.586,2.161,53.49338089894861,-35.74564572565204,-39.65834747384905,3.3175423583769623,1,0,0,0,1
2228,2228,1777638168.133395,4684.255999999999,1.5707848023918738,0.20645908786120667,-2.0153328036975147,-0.48917868503103357,2.559357160695638,0.8031806653019546,0.12172764909641698,-0.6909887895623222,0.9134295978270749,-1.0323613033077608,-0.6440041836607671,1.0681383386702874,4.52,17.55,50.33,0.364,0.586,2.161,53.49338089894861,-35.74605691020419,-39.65806824698316,3.3164496513694823,1,0,0,0,1
2229,2229,1777638168.1405828,4684.264,1.5707848023918738,0.20645908786120667,-2.0153328036975147,-0.48917868503103357,2.559357160695638,0.8031806653019546,0.12172465280872247,-0.6909183082669541,0.9134745505225321,-1.0324327217554026,-0.6439453880734785,1.0681462697343498,4.52,17.55,50.33,0.364,0.586,2.161,53.49338089894861,-35.74726419704202,-39.65670696283266,3.31971313382603,1,0,0,0,1
2230,2230,1777638168.1495793,4684.272,1.5707848023918738,0.20645908786120667,-2.0153328036975147,-0.48917868503103357,2.559357160695638,0.8031806653019546,0.12174995503627364,-0.6909751761216926,0.9134276715857632,-1.0323705845723388,-0.6440068640768729,1.0681605169425317,4.52,17.55,50.33,0.364,0.586,2.161,53.49338089894861,-35.74534775050745,-39.65865506236715,3.3170759471968565,1,0,0,0,1
2231,2231,1777638168.154855,4684.28,1.5707848023918738,0.20645908786120667,-2.0153328036975147,-0.48917868503103357,2.559357160695638,0.8031806653019546,0.12170215788654931,-0.6909501572267912,0.9134397597465593,-1.0324228700059292,-0.6439428525888419,1.0681232629346438,4.52,17.55,50.33,0.364,0.586,2.161,53.49338089894861,-35.74799414194834,-39.65610433485357,3.3190516432309294,1,0,0,0,1
2232,2232,1777638168.162269,4684.288,1.5707848023918738,0.20645908786120667,-2.0153328036975147,-0.48917868503103357,2.559357160695638,0.8031806653019546,0.12172833363231245,-0.690916319510903,0.9134548946669756,-1.0324529925507395,-0.6439289216562941,1.0681717573445728,4.52,17.55,50.33,0.364,0.586,2.161,53.49338089894861,-35.74685662296433,-39.65694346461555,3.321276354282658,1,0,0,0,1
2233,2233,1777638168.1694481,4684.295999999999,1.5707848023918738,0.20645908786120667,-2.0153328036975147,-0.48917868503103357,2.559357160695638,0.8031806653019546,0.12173303098939674,-0.6909521540530156,0.9134319391361215,-1.0324171361429582,-0.6440062623294724,1.068178948134085,4.52,17.55,50.33,0.364,0.586,2.161,53.49338089894861,-35.74502563896861,-39.658854350023084,3.3181642082830565,1,0,0,0,1
2234,2234,1777638168.1769032,4684.304,1.5707848023918738,0.20645908786120667,-2.0153328036975147,-0.48917868503103357,2.559357160695638,0.8031806653019546,0.1217175074411144,-0.6909126547920633,0.9134703505648745,-1.0324517985061246,-0.6439567960236383,1.0681323386118775,4.52,17.55,50.33,0.364,0.586,2.161,53.49338089894861,-35.74761105940138,-39.65644329254253,3.3191277364877703,1,0,0,0,1
2235,2235,1777638168.184759,4684.312,1.5707848023918738,0.20645908786120667,-2.0153328036975147,-0.48917868503103357,2.559357160695638,0.8031806653019546,0.12171051553448295,-0.6909633530942667,0.9134360101899315,-1.0323999015523917,-0.643960913496524,1.06812407981602,4.52,17.55,50.33,0.364,0.586,2.161,53.49338089894861,-35.74751310690711,-39.656615314981224,3.3181272475752763,1,0,0,0,1
2236,2236,1777638168.1913066,4684.32,1.5707848023918738,0.20645908786120667,-2.0153328036975147,-0.48917868503103357,2.559357160695638,0.8031806653019546,0.12171137323034492,-0.690993011275465,0.9134009185315173,-1.0323745728757867,-0.6440376580522346,1.0681200584123096,4.52,17.55,50.33,0.364,0.586,2.161,53.49338089894861,-35.746111442169884,-39.65815273199562,3.314851225874133,1,0,0,0,1
2237,2237,1777638168.2010872,4684.3279999999995,1.5707848023918738,0.20645908786120667,-2.0153328036975147,-0.48917868503103357,2.559357160695638,0.8031806653019546,0.12170777412298885,-0.6909861491281484,0.9134330569133985,-1.0323858636279835,-0.6439962994089448,1.0681197231027497,4.52,17.55,50.33,0.364,0.586,2.161,53.49338089894861,-35.74693408827592,-39.657271767055825,3.316519151510078,1,0,0,0,1
2238,2238,1777638168.2059612,4684.336,1.5707848023918738,0.20645908786120667,-2.0153328036975147,-0.48917868503103357,2.559357160695638,0.8031806653019546,0.12170457708907317,-0.6909683457685112,0.9134233042511508,-1.032405377755844,-0.6439609864077656,1.0681320728899992,4.52,17.55,50.33,0.364,0.586,2.161,53.49338089894861,-35.74728555872765,-39.65679663516941,3.3184116410713314,1,0,0,0,1
2239,2239,1777638168.2144828,4684.344,1.5707848023918738,0.20645908786120667,-2.0153328036975147,-0.48917868503103357,2.559357160695638,0.8031806653019546,0.12173437783474442,-0.6909759190113787,0.9134344279592709,-1.0324033965744395,-0.6440002801938611,1.0681711505709306,4.52,17.55,50.33,0.364,0.586,2.161,53.49338089894861,-35.745307984092044,-39.65861299273395,3.3180073259351364,1,0,0,0,1
2240,2240,1777638168.2206082,4684.352,1.5707848023918738,0.20645908786120667,-2.0153328036975147,-0.48917868503103357,2.559357160695638,0.8031806653019546,0.1217211843467147,-0.6909725594230467,0.91343497685538,-1.0323896948495221,-0.6439804298624282,1.068148153048803,4.52,17.55,50.33,0.364,0.586,2.161,53.49338089894861,-35.746329831262024,-39.65769706792712,3.3179461814729727,1,0,0,0,1
2241,2241,1777638168.2275746,4684.36,1.5707848023918738,0.20645908786120667,-2.0153328036975147,-0.48917868503103357,2.559357160695638,0.8031806653019546,0.12170503821450127,-0.690899290887271,0.9134724184332449,-1.032496998052216,-0.643921550021637,1.068185351396334,4.52,17.55,50.33,0.364,0.586,2.161,53.49338089894861,-35.746798293053935,-39.65689752535848,3.322452476549843,1,0,0,0,1
2242,2242,1777638168.2357633,4684.3679999999995,1.5707848023918738,0.20645908786120667,-2.0153328036975147,-0.48917868503103357,2.559357160695638,0.8031806653019546,0.12171699639655731,-0.6909603181272898,0.9134441684228977,-1.0324129343206851,-0.6439210697004315,1.0681439988263859,4.52,17.55,50.33,0.364,0.586,2.161,53.49338089894861,-35.74766745818776,-39.65629249444798,3.320321805730815,1,0,0,0,1
2243,2243,1777638168.2390122,4684.3679999999995,1.5707848023918738,0.20645908786120667,-2.0153328036975147,-0.48917868503103357,2.559357160695638,0.8031806653019546,0.12171699639655731,-0.6909603181272898,0.9134441684228977,-1.0324129343206851,-0.6439210697004315,1.0681439988263859,4.39,17.26,51.58,0.246,0.712,2.121,54.56808682737558,-35.93496135692568,-40.93226023985572,3.3022301453690273,0,1,0,0,1
2244,2244,1777638168.2423797,4684.376,1.5707848023918738,0.20645908786120667,-2.0153328036975147,-0.48917868503103357,2.559357160695638,0.8031806653019546,0.12173229591330709,-0.6909746829351611,0.9134330012651761,-1.0323696196666976,-0.6439692571789954,1.0681479921042054,4.39,17.26,51.58,0.246,0.712,2.121,54.56808682737558,-35.93367855737543,-40.93356902762653,3.299965453720778,1,0,0,0,1
2245,2245,1777638168.2526846,4684.384,1.5707848023918738,0.20645908786120667,-2.0153328036975147,-0.48917868503103357,2.559357160695638,0.8031806653019546,0.12171107346165784,-0.6909634717728468,0.9134242847430702,-1.0324186660319128,-0.6439207161824673,1.0681520383345242,4.39,17.26,51.58,0.246,0.712,2.121,54.56808682737558,-35.93473435003545,-40.93243414344342,3.3025448195369105,1,0,0,0,1
2246,2246,1777638168.257513,4684.392,1.5707848023918738,0.20645908786120667,-2.0153328036975147,-0.48917868503103357,2.559357160695638,0.8031806653019546,0.12172704393073362,-0.6909468329251482,0.9134469495032574,-1.0324151380801434,-0.643963388498083,1.0681548578125382,4.39,17.26,51.58,0.246,0.712,2.121,54.56808682737558,-35.933819749931544,-40.93336453515402,3.3009644062946246,1,0,0,0,1
2247,2247,1777638168.2631993,4684.4,1.5707848023918738,0.20645908786120667,-2.0153328036975147,-0.48917868503103357,2.559357160695638,0.8031806653019546,0.1217119184647093,-0.6909772106239433,0.913449609252917,-1.032385770219092,-0.6439550569238173,1.0681162506041038,4.39,17.26,51.58,0.246,0.712,2.121,54.56808682737558,-35.935087728867266,-40.93234452497905,3.299809328890106,1,0,0,0,1
2248,2248,1777638168.271134,4684.407999999999,1.5707848023918738,0.20645908786120667,-2.0153328036975147,-0.48917868503103357,2.559357160695638,0.8031806653019546,0.12173029542368288,-0.6909334888550818,0.9134499418059624,-1.0324265826500205,-0.6439406892092668,1.0681672011296426,4.39,17.26,51.58,0.246,0.712,2.121,54.56808682737558,-35.93390225288979,-40.9331827645469,3.302320039602923,1,0,0,0,1
2249,2249,1777638168.2778268,4684.416,1.5707848023918738,0.20645908786120667,-2.0153328036975147,-0.48917868503103357,2.559357160695638,0.8031806653019546,0.12170524932241557,-0.6909279775246231,0.9134653726277024,-1.032455466307085,-0.6439497939308313,1.0681358848322282,4.39,17.26,51.58,0.246,0.712,2.121,54.56808682737558,-35.934932007567255,-40.93234840402744,3.301456609260512,1,0,0,0,1
2250,2250,1777638168.2853367,4684.424,1.5707848023918738,0.20645908786120667,-2.0153328036975147,-0.48917868503103357,2.559357160695638,0.8031806653019546,0.12170223494273683,-0.6909898052900242,0.9134238528838299,-1.0323711390116588,-0.6439712890794381,1.0680984961822177,4.39,17.26,51.58,0.246,0.712,2.121,54.56808682737558,-35.935287702344354,-40.9322741522514,3.2985042784071137,1,0,0,0,1
2251,2251,1777638168.291691,4684.432,1.5707848023918738,0.20645908786120667,-2.0153328036975147,-0.48917868503103357,2.559357160695638,0.8031806653019546,0.12172988666188989,-0.6909961164961093,0.9134213224203491,-1.0323638834039044,-0.6440516555308053,1.0681466166469886,4.39,17.26,51.58,0.246,0.712,2.121,54.56808682737558,-35.932144181093506,-40.93517630123852,3.2967341014446876,1,0,0,0,1
2252,2252,1777638168.3822105,4684.44,1.5707848023918738,0.20645908786120667,-2.0153328036975147,-0.48917868503103357,2.559357160695638,0.8031806653019546,0.1217107043402729,-0.6909800688556871,0.9134078746861588,-1.0323584391525975,-0.6439426451184405,1.0681141545152264,4.39,17.26,51.58,0.246,0.712,2.121,54.56808682737558,-35.935235091068236,-40.932210244232564,3.299870220417875,1,0,0,0,1
2253,2253,1777638168.3822646,4684.447999999999,1.5707848023918738,0.20645908786120667,-2.0153328036975147,-0.48917868503103357,2.559357160695638,0.8031806653019546,0.12169511260144533,-0.6909540786437939,0.9134231397451792,-1.0324013378648447,-0.6439766698828016,1.0680900404004952,4.39,17.26,51.58,0.246,0.712,2.121,54.56808682737558,-35.93563795214601,-40.931971277285804,3.2984469569378696,1,0,0,0,1
2254,2254,1777638168.38362,4684.456,1.5707848023918738,0.20645908786120667,-2.0153328036975147,-0.48917868503103357,2.559357160695638,0.8031806653019546,0.12172886469085306,-0.6908871120831204,0.91346391920388,-1.032482173017295,-0.643923746244719,1.0681950097488113,4.39,17.26,51.58,0.246,0.712,2.121,54.56808682737558,-35.933615153523846,-40.93326202664612,3.3044609025334672,1,0,0,0,1
2255,2255,1777638168.3836644,4684.464,1.5707848023918738,0.20645908786120667,-2.0153328036975147,-0.48917868503103357,2.559357160695638,0.8031806653019546,0.12171977021511121,-0.6910128990373721,0.9134058130997812,-1.0323621176272821,-0.644009404715948,1.0681358597958932,4.39,17.26,51.58,0.246,0.712,2.121,54.56808682737558,-35.93328376093976,-40.934073536139934,3.298005744941997,1,0,0,0,1
2256,2256,1777638168.3836913,4684.472,1.5707848023918738,0.20645908786120667,-2.0153328036975147,-0.48917868503103357,2.559357160695638,0.8031806653019546,0.12174180558192946,-0.6909207147562046,0.9134673957535717,-1.0324362326462893,-0.6439243859374709,1.0681904607650397,4.39,17.26,51.58,0.246,0.712,2.121,54.56808682737558,-35.93349303477041,-40.93342901738507,3.3037202058895656,1,0,0,0,1
2257,2257,1777638168.3848646,4684.48,1.5707848023918738,0.20645908786120667,-2.0153328036975147,-0.48917868503103357,2.559357160695638,0.8031806653019546,0.12172163798122454,-0.69094959566754,0.9134597740137087,-1.0324395981256127,-0.6439640515661283,1.0681812775210267,4.39,17.26,51.58,0.246,0.712,2.121,54.56808682737558,-35.93307140054384,-40.93393783409427,3.3020013806664186,1,0,0,0,1
2258,2258,1777638168.3862529,4684.487999999999,1.5707848023918738,0.20645908786120667,-2.0153328036975147,-0.48917868503103357,2.559357160695638,0.8031806653019546,0.12171098599740085,-0.6909568413720903,0.9134399305053668,-1.0324187960553801,-0.6439617932476186,1.0681423284119034,4.39,17.26,51.58,0.246,0.712,2.121,54.56808682737558,-35.934285280646506,-40.93297587197634,3.3007162303528794,1,0,0,0,1
2259,2259,1777638168.386333,4684.496,1.5707848023918738,0.20645908786120667,-2.0153328036975147,-0.48917868503103357,2.559357160695638,0.8031806653019546,0.12169881246569225,-0.6909446064139646,0.9134432112746448,-1.0324420887670085,-0.6439490094264737,1.06812557138113,4.39,17.26,51.58,0.246,0.712,2.121,54.56808682737558,-35.935212273240836,-40.932137345885955,3.3010227467633246,1,0,0,0,1
2260,2260,1777638168.3874037,4684.504,1.5707848023918738,0.20645908786120667,-2.0153328036975147,-0.48917868503103357,2.559357160695638,0.8031806653019546,0.12171364771454249,-0.6909886925610381,0.9134330794261958,-1.0323592954407028,-0.6440079655898249,1.0681015373030323,4.39,17.26,51.58,0.246,0.712,2.121,54.56808682737558,-35.93443109178129,-40.933143276601115,3.2970507438112353,1,0,0,0,1
2261,2261,1777638168.388515,4684.512,1.5707848023918738,0.20645908786120667,-2.0153328036975147,-0.48917868503103357,2.559357160695638,0.8031806653019546,0.1217261743332046,-0.690916603861609,0.9134726845740675,-1.0324582748670248,-0.6439645420490396,1.0681860653139,4.39,17.26,51.58,0.246,0.712,2.121,54.56808682737558,-35.933009665205745,-40.93396330336214,3.302357442681239,1,0,0,0,1
2262,2262,1777638168.388555,4684.5199999999995,1.5707848023918738,0.20645908786120667,-2.0153328036975147,-0.48917868503103357,2.559357160695638,0.8031806653019546,0.12172321161511854,-0.6909642077609204,0.9134398101865207,-1.0324047718312939,-0.643974613346685,1.068133722245794,4.39,17.26,51.58,0.246,0.712,2.121,54.56808682737558,-35.93424989734572,-40.933080197865365,3.2998075444231083,1,0,0,0,1
2263,2263,1777638168.3903213,4684.527999999999,1.5707848023918738,0.20645908786120667,-2.0153328036975147,-0.48917868503103357,2.559357160695638,0.8031806653019546,0.12172293489968086,-0.6909604938148278,0.9134519569235462,-1.0324149768469306,-0.6440048051648576,1.0681583678249007,4.39,17.26,51.58,0.246,0.712,2.121,54.56808682737558,-35.93292490117544,-40.93426860442473,3.299494183551802,1,0,0,0,1
2264,2264,1777638168.3903725,4684.527999999999,1.5707848023918738,0.20645908786120667,-2.0153328036975147,-0.48917868503103357,2.559357160695638,0.8031806653019546,0.12172293489968086,-0.6909604938148278,0.9134519569235462,-1.0324149768469306,-0.6440048051648576,1.0681583678249007,4.64,18.28,50.36,0.281,0.791,2.007,53.775622730006575,-36.441943540543534,-39.4071145673418,3.2987380108511135,0,1,0,0,1
2265,2265,1777638168.3904088,4684.536,1.5707848023918738,0.20645908786120667,-2.0153328036975147,-0.48917868503103357,2.559357160695638,0.8031806653019546,0.1217362149117662,-0.6909044136338792,0.9134547059412328,-1.0324628882903168,-0.6438767868482079,1.0681889517063565,4.64,18.28,50.36,0.281,0.791,2.007,53.775622730006575,-36.44353581370795,-39.405120738810055,3.3049594482817812,1,0,0,0,1
2266,2266,1777638168.3936234,4684.544,1.5707848023918738,0.20645908786120667,-2.0153328036975147,-0.48917868503103357,2.559357160695638,0.8031806653019546,0.12170272846254881,-0.6909861837556018,0.9134421480083963,-1.0323901051447388,-0.6439721519769152,1.0681168844588051,4.64,18.28,50.36,0.281,0.791,2.007,53.775622730006575,-36.44371741301745,-39.40549149219983,3.2985301845360055,1,0,0,0,1
2267,2267,1777638168.3997717,4684.552,1.5707848023918738,0.20645908786120667,-2.0153328036975147,-0.48917868503103357,2.559357160695638,0.8031806653019546,0.12171047375506883,-0.6909096978392947,0.9134899493546033,-1.032471984678479,-0.6439212963033076,1.0681588521445973,4.64,18.28,50.36,0.281,0.791,2.007,53.775622730006575,-36.44374582084825,-39.405128882899966,3.3025457252622923,1,0,0,0,1
2268,2268,1777638168.4069872,4684.5599999999995,1.5707848023918738,0.20645908786120667,-2.0153328036975147,-0.48917868503103357,2.559357160695638,0.8031806653019546,0.12171879204697056,-0.6909774317063302,0.9134321730371311,-1.0323761342652724,-0.6439793611232961,1.0681243977062096,4.64,18.28,50.36,0.281,0.791,2.007,53.775622730006575,-36.44327072615421,-39.40592307573158,3.2983094654317173,1,0,0,0,1
2269,2269,1777638168.4152348,4684.568,1.5707848023918738,0.20645908786120667,-2.0153328036975147,-0.48917868503103357,2.559357160695638,0.8031806653019546,0.12170072850268038,-0.6909637172674961,0.9134426138757752,-1.0324264612551943,-0.6439549377685722,1.0681261255594325,4.64,18.28,50.36,0.281,0.791,2.007,53.775622730006575,-36.44393321468756,-39.40518149242388,3.2998489954128867,1,0,0,0,1
2270,2270,1777638168.4219675,4684.576,1.5707848023918738,0.20645908786120667,-2.0153328036975147,-0.48917868503103357,2.559357160695638,0.8031806653019546,0.12172093547871399,-0.6909592962898069,0.9134382056617824,-1.032392130200176,-0.6439323004189231,1.0681204584411197,4.64,18.28,50.36,0.281,0.791,2.007,53.775622730006575,-36.444331624726715,-39.404787395329166,3.3001549593696202,1,0,0,0,1
2271,2271,1777638168.4286737,4684.584,1.5707848023918738,0.20645908786120667,-2.0153328036975147,-0.48917868503103357,2.559357160695638,0.8031806653019546,0.12170397577092075,-0.6909616732069412,0.9134475354297409,-1.0324068713274985,-0.6439901228405412,1.0681138152229361,4.64,18.28,50.36,0.281,0.791,2.007,53.775622730006575,-36.4435846353573,-39.405662234063136,3.2979573709312593,1,0,0,0,1
2272,2272,1777638168.4367309,4684.592,1.5707848023918738,0.20645908786120667,-2.0153328036975147,-0.48917868503103357,2.559357160695638,0.8031806653019546,0.12170641648935349,-0.6910067840596132,0.913423285100871,-1.0323686104281904,-0.6440194945378993,1.0681125802433455,4.64,18.28,50.36,0.281,0.791,2.007,53.775622730006575,-36.442884029390044,-39.40644198695566,3.296381887634614,1,0,0,0,1
2273,2273,1777638168.4449337,4684.599999999999,1.5707848023918738,0.20645908786120667,-2.0153328036975147,-0.48917868503103357,2.559357160695638,0.8031806653019546,0.12173165199635504,-0.6909218768276916,0.9134514360487771,-1.032433842934468,-0.6439229998578624,1.0681695059419596,4.64,18.28,50.36,0.281,0.791,2.007,53.775622730006575,-36.443164377053485,-39.40568336042647,3.302345997146244,1,0,0,0,1
2274,2274,1777638168.4509056,4684.608,1.5707848023918738,0.20645908786120667,-2.0153328036975147,-0.48917868503103357,2.559357160695638,0.8031806653019546,0.1217239313550817,-0.69092292831473,0.9134456474245434,-1.0324243291543322,-0.6439336267493782,1.0681624464939348,4.64,18.28,50.36,0.281,0.791,2.007,53.775622730006575,-36.443145863033834,-39.40575958067426,3.301640724812103,1,0,0,0,1
2275,2275,1777638168.4584973,4684.616,1.5707848023918738,0.20645908786120667,-2.0153328036975147,-0.48917868503103357,2.559357160695638,0.8031806653019546,0.12170899180932908,-0.6909075393051366,0.9134481130064953,-1.0324757486715694,-0.6439331619089124,1.0681615064222374,4.64,18.28,50.36,0.281,0.791,2.007,53.775622730006575,-36.44346843439639,-39.40541312408703,3.30221516427733,1,0,0,0,1
2276,2276,1777638168.465396,4684.624,1.5707848023918738,0.20645908786120667,-2.0153328036975147,-0.48917868503103357,2.559357160695638,0.8031806653019546,0.12171054890969618,-0.6910058112331574,0.9134243712610056,-1.0323581266644475,-0.6439839659527042,1.0681040289705601,4.64,18.28,50.36,0.281,0.791,2.007,53.775622730006575,-36.44373830822448,-39.40556978547274,3.2973637961088116,1,0,0,0,1
2277,2277,1777638168.4731836,4684.632,1.5707848023918738,0.20645908786120667,-2.0153328036975147,-0.48917868503103357,2.559357160695638,0.8031806653019546,0.12171354163223246,-0.6909350065365787,0.913459969181067,-1.032432086728462,-0.6439679713371185,1.06813641321383,4.64,18.28,50.36,0.281,0.791,2.007,53.775622730006575,-36.44340150353021,-39.405685018280565,3.2997083344667413,1,0,0,0,1
2278,2278,1777638168.4803731,4684.639999999999,1.5707848023918738,0.20645908786120667,-2.0153328036975147,-0.48917868503103357,2.559357160695638,0.8031806653019546,0.1217031661398318,-0.6909236029242548,0.9134686518999924,-1.0324713512469126,-0.6439384109024335,1.0681650388117396,4.64,18.28,50.36,0.281,0.791,2.007,53.775622730006575,-36.44323696426122,-39.40563969980934,3.302065931430508,1,0,0,0,1
2279,2279,1777638168.4870312,4684.648,1.5707848023918738,0.20645908786120667,-2.0153328036975147,-0.48917868503103357,2.559357160695638,0.8031806653019546,0.12170223647559736,-0.6909615268186252,0.9134487306271878,-1.032402253809282,-0.6439541441870095,1.0681135496329097,4.64,18.28,50.36,0.281,0.791,2.007,53.775622730006575,-36.44421499956918,-39.40497072237236,3.29925376928701,1,0,0,0,1
2280,2280,1777638168.493688,4684.656,1.5707848023918738,0.20645908786120667,-2.0153328036975147,-0.48917868503103357,2.559357160695638,0.8031806653019546,0.1217294365148784,-0.6909231388555922,0.9134663098623602,-1.0324494074876782,-0.6439530456395887,1.0681886321912,4.64,18.28,50.36,0.281,0.791,2.007,53.775622730006575,-36.44209945837778,-39.40670361734622,3.301923239618674,1,0,0,0,1
2281,2281,1777638168.5033185,4684.664,1.5707848023918738,0.20645908786120667,-2.0153328036975147,-0.48917868503103357,2.559357160695638,0.8031806653019546,0.12171055534027891,-0.6909695189260485,0.9134404107004951,-1.0323891291333505,-0.6439668154582159,1.0681190006498924,4.64,18.28,50.36,0.281,0.791,2.007,53.775622730006575,-36.44374051701254,-39.40544927374681,3.2987792685817676,1,0,0,0,1
2282,2282,1777638168.508427,4684.672,1.5707848023918738,0.20645908786120667,-2.0153328036975147,-0.48917868503103357,2.559357160695638,0.8031806653019546,0.1216957793241124,-0.690886470035664,0.9134865305112941,-1.0325033664761851,-0.6438904373953739,1.0681584004306963,4.64,18.28,50.36,0.281,0.791,2.007,53.775622730006575,-36.44448889244652,-39.40431535629709,3.304052159066393,1,0,0,0,1
2283,2283,1777638168.5154707,4684.679999999999,1.5707848023918738,0.20645908786120667,-2.0153328036975147,-0.48917868503103357,2.559357160695638,0.8031806653019546,0.12171562204631206,-0.6909318789349209,0.913444424459498,-1.032437430765412,-0.6439211691014961,1.0681569202645542,4.64,18.28,50.36,0.281,0.791,2.007,53.775622730006575,-36.4436187692787,-39.4052833367018,3.3021048065936434,1,0,0,0,1
2284,2284,1777638168.5230875,4684.688,1.5707848023918738,0.20645908786120667,-2.0153328036975147,-0.48917868503103357,2.559357160695638,0.8031806653019546,0.12174231499526122,-0.6909443079361324,0.9134536314166954,-1.032423616934931,-0.6439423663708652,1.0681934972144467,4.64,18.28,50.36,0.281,0.791,2.007,53.775622730006575,-36.441993800510396,-39.40678074062209,3.3021689090803754,1,0,0,0,1
2285,2285,1777638168.525584,4684.688,1.5707848023918738,0.20645908786120667,-2.0153328036975147,-0.48917868503103357,2.559357160695638,0.8031806653019546,0.12174231499526122,-0.6909443079361324,0.9134536314166954,-1.032423616934931,-0.6439423663708652,1.0681934972144467,4.94,18.13,49.88,0.275,0.809,1.986,53.30210971434433,-36.171410862896124,-38.98405431600391,3.6038098277263027,0,1,0,0,1
2286,2286,1777638168.5313885,4684.696,1.5707848023918738,0.20645908786120667,-2.0153328036975147,-0.48917868503103357,2.559357160695638,0.8031806653019546,0.12172700000939848,-0.6909401853674098,0.9134595378725201,-1.0324355006340546,-0.6439522711127691,1.068164607966803,4.94,18.13,49.88,0.275,0.809,1.986,53.30210971434433,-36.17221895210288,-38.98340022086893,3.6027743893678603,1,0,0,0,1
2287,2287,1777638168.5378318,4684.704,1.5707848023918738,0.20645908786120667,-2.0153328036975147,-0.48917868503103357,2.559357160695638,0.8031806653019546,0.12171707996821578,-0.6909730377072765,0.9134360628162894,-1.0323819025143361,-0.6439380326903006,1.068129219734591,4.94,18.13,49.88,0.275,0.809,1.986,53.30210971434433,-36.173287483092274,-38.98250511576286,3.601731190008735,1,0,0,0,1
2288,2288,1777638168.5449886,4684.7119999999995,1.5707848023918738,0.20645908786120667,-2.0153328036975147,-0.48917868503103357,2.559357160695638,0.8031806653019546,0.12172458512135903,-0.6909464142167743,0.9134396507312093,-1.0324115944086454,-0.643957109306085,1.0681358426892542,4.94,18.13,49.88,0.275,0.809,1.986,53.30210971434433,-36.17291009479908,-38.98287366817506,3.601532430047944,1,0,0,0,1
2289,2289,1777638168.5532165,4684.719999999999,1.5707848023918738,0.20645908786120667,-2.0153328036975147,-0.48917868503103357,2.559357160695638,0.8031806653019546,0.12173525759551784,-0.6909330343637258,0.9134408945888872,-1.0324227809150006,-0.6439645405883203,1.0681701338936516,4.94,18.13,49.88,0.275,0.809,1.986,53.30210971434433,-36.17175652274811,-38.983870680206955,3.602326588182908,1,0,0,0,1
2290,2290,1777638168.5584137,4684.728,1.5707848023918738,0.20645908786120667,-2.0153328036975147,-0.48917868503103357,2.559357160695638,0.8031806653019546,0.12171241711724237,-0.6909518707938471,0.9134700942259585,-1.0324253042053495,-0.6439442903210257,1.0681444613548703,4.94,18.13,49.88,0.275,0.809,1.986,53.30210971434433,-36.17293975178953,-38.98276575873254,3.602402464077862,1,0,0,0,1
2291,2291,1777638168.565859,4684.736,1.5707848023918738,0.20645908786120667,-2.0153328036975147,-0.48917868503103357,2.559357160695638,0.8031806653019546,0.12172493900559225,-0.6909805900037707,0.9134413679921357,-1.0323997650236003,-0.6439695842645385,1.0681689939650778,4.94,18.13,49.88,0.275,0.809,1.986,53.30210971434433,-36.17157407992837,-38.984084012716146,3.6018498399772105,1,0,0,0,1
2292,2292,1777638168.574662,4684.744,1.5707848023918738,0.20645908786120667,-2.0153328036975147,-0.48917868503103357,2.559357160695638,0.8031806653019546,0.12172201546218592,-0.6909401582334789,0.9134545121967179,-1.0324194571988414,-0.6439391411428953,1.0681520817438541,4.94,18.13,49.88,0.275,0.809,1.986,53.30210971434433,-36.17275586199136,-38.982905188494925,3.6027401257354996,1,0,0,0,1
2293,2293,1777638168.5803905,4684.7519999999995,1.5707848023918738,0.20645908786120667,-2.0153328036975147,-0.48917868503103357,2.559357160695638,0.8031806653019546,0.12170907683830844,-0.6909383063889594,0.9134647066192694,-1.0324444105189008,-0.6439504413134249,1.0681466879233672,4.94,18.13,49.88,0.275,0.809,1.986,53.30210971434433,-36.17286899018734,-38.98282728193082,3.6024472412366446,1,0,0,0,1
2294,2294,1777638168.5881426,4684.76,1.5707848023918738,0.20645908786120667,-2.0153328036975147,-0.48917868503103357,2.559357160695638,0.8031806653019546,0.12172032947659109,-0.690968770711611,0.9134286581172489,-1.0324019733159084,-0.6439983022386272,1.0681643525177444,4.94,18.13,49.88,0.275,0.809,1.986,53.30210971434433,-36.17122889472979,-38.98451299617391,3.6006730893282195,1,0,0,0,1
2295,2295,1777638168.5943353,4684.768,1.5707848023918738,0.20645908786120667,-2.0153328036975147,-0.48917868503103357,2.559357160695638,0.8031806653019546,0.12171371670367723,-0.6909793138394547,0.9134355139858412,-1.032401015447498,-0.6439440765115775,1.068131349937441,4.94,18.13,49.88,0.275,0.809,1.986,53.30210971434433,-36.173221694672876,-38.9825618956535,3.60177737784996,1,0,0,0,1
2296,2296,1777638168.669547,4684.776,1.5707848023918738,0.20645908786120667,-2.0153328036975147,-0.48917868503103357,2.559357160695638,0.8031806653019546,0.12172196590478541,-0.6909604396379248,0.9134593000854752,-1.0324191200948802,-0.6439394973051114,1.068151845054225,4.94,18.13,49.88,0.275,0.809,1.986,53.30210971434433,-36.17275519772237,-38.98290798666041,3.6027165180204674,1,0,0,0,1
2297,2297,1777638168.6739595,4684.784,1.5707848023918738,0.20645908786120667,-2.0153328036975147,-0.48917868503103357,2.559357160695638,0.8031806653019546,0.12174924927716783,-0.6909686013395672,0.9134383248076556,-1.0324036857248722,-0.6439725221818763,1.068196782751193,4.94,18.13,49.88,0.275,0.809,1.986,53.30210971434433,-36.17066438201099,-38.984863248587914,3.6025512699781768,1,0,0,0,1
2298,2298,1777638168.6740844,4684.7919999999995,1.5707848023918738,0.20645908786120667,-2.0153328036975147,-0.48917868503103357,2.559357160695638,0.8031806653019546,0.12173267039024327,-0.6909117295679902,0.9134736648299819,-1.0324715644077844,-0.643924271111477,1.068206029641869,4.94,18.13,49.88,0.275,0.809,1.986,53.30210971434433,-36.17160252257962,-38.983732492621456,3.605367095351311,1,0,0,0,1
2299,2299,1777638168.6744604,4684.8,1.5707848023918738,0.20645908786120667,-2.0153328036975147,-0.48917868503103357,2.559357160695638,0.8031806653019546,0.12171567763649592,-0.6909960486815161,0.9134306036200821,-1.032375018565713,-0.6439556165163265,1.0681269910500133,4.94,18.13,49.88,0.275,0.809,1.986,53.30210971434433,-36.1730102387,-38.982835867795174,3.6009357083189433,1,0,0,0,1
2300,2300,1777638168.679568,4684.808,1.5707848023918738,0.20645908786120667,-2.0153328036975147,-0.48917868503103357,2.559357160695638,0.8031806653019546,0.12172710696889642,-0.6909557946193412,0.9134658071910573,-1.0324045401277493,-0.6439692166103341,1.068149968338377,4.94,18.13,49.88,0.275,0.809,1.986,53.30210971434433,-36.17221011333696,-38.9835362109278,3.6013913988739388,1,0,0,0,1
2301,2301,1777638168.6797364,4684.816,1.5707848023918738,0.20645908786120667,-2.0153328036975147,-0.48917868503103357,2.559357160695638,0.8031806653019546,0.1217324960048728,-0.6909813580347323,0.9134518142592165,-1.0323703511969986,-0.6439278844182751,1.0681587080313424,4.94,18.13,49.88,0.275,0.809,1.986,53.30210971434433,-36.17246658391763,-38.98316845018043,3.602795972605148,1,0,0,0,1
2302,2302,1777638168.6856918,4684.824,1.5707848023918738,0.20645908786120667,-2.0153328036975147,-0.48917868503103357,2.559357160695638,0.8031806653019546,0.12172376622340164,-0.6909515943337035,0.913452182287366,-1.032413343326378,-0.6439810449396132,1.0681472102253495,4.94,18.13,49.88,0.275,0.809,1.986,53.30210971434433,-36.17213930494677,-38.98364071029771,3.600971406987768,1,0,0,0,1
2303,2303,1777638168.6909678,4684.831999999999,1.5707848023918738,0.20645908786120667,-2.0153328036975147,-0.48917868503103357,2.559357160695638,0.8031806653019546,0.1217339591693137,-0.691031448266114,0.913406353441083,-1.0323225362116955,-0.6440337468705754,1.0681232069793696,4.94,18.13,49.88,0.275,0.809,1.986,53.30210971434433,-36.1714608361561,-38.98460680664117,3.597325827613161,1,0,0,0,1
2304,2304,1777638168.6950989,4684.84,1.5707848023918738,0.20645908786120667,-2.0153328036975147,-0.48917868503103357,2.559357160695638,0.8031806653019546,0.12170683272012348,-0.6909903350524198,0.9134376981884142,-1.0323796619498944,-0.6439366464861601,1.0681082745882784,4.94,18.13,49.88,0.275,0.809,1.986,53.30210971434433,-36.17396259391902,-38.98192961040279,3.6011795433371447,1,0,0,0,1
2305,2305,1777638168.7007444,4684.848,1.5707848023918738,0.20645908786120667,-2.0153328036975147,-0.48917868503103357,2.559357160695638,0.8031806653019546,0.1217258429205311,-0.6909599445329596,0.9134455260431127,-1.0323979950913147,-0.643945522980417,1.0681578510724454,4.94,18.13,49.88,0.275,0.809,1.986,53.30210971434433,-36.17233983922127,-38.98332065950794,3.602421534727178,1,0,0,0,1
2306,2306,1777638168.7008803,4684.848,1.5707848023918738,0.20645908786120667,-2.0153328036975147,-0.48917868503103357,2.559357160695638,0.8031806653019546,0.1217258429205311,-0.6909599445329596,0.9134455260431127,-1.0323979950913147,-0.643945522980417,1.0681578510724454,4.44,16.65,51.46,0.208,0.771,2.1,54.26847795912467,-35.34015436046198,-41.03859056455742,3.46053092073146,0,1,0,0,1
2307,2307,1777638168.700951,4684.856,1.5707848023918738,0.20645908786120667,-2.0153328036975147,-0.48917868503103357,2.559357160695638,0.8031806653019546,0.1217363677957515,-0.6909638805759075,0.9134565675045342,-1.0323902394703361,-0.6439167490148018,1.0681543589984206,4.44,16.65,51.46,0.208,0.771,2.1,54.26847795912467,-35.34076441602794,-41.03799117704013,3.461408765804736,1,0,0,0,1
2308,2308,1777638168.7013335,4684.864,1.5707848023918738,0.20645908786120667,-2.0153328036975147,-0.48917868503103357,2.559357160695638,0.8031806653019546,0.12170535995678447,-0.6909374046568766,0.9134641842438775,-1.0324555113033531,-0.6439086420962682,1.068145783356148,4.44,16.65,51.46,0.208,0.771,2.1,54.26847795912467,-35.34157775266221,-41.03721294634588,3.462330941547015,1,0,0,0,1
2309,2309,1777638168.7014208,4684.871999999999,1.5707848023918738,0.20645908786120667,-2.0153328036975147,-0.48917868503103357,2.559357160695638,0.8031806653019546,0.12171644399398641,-0.690930170947474,0.9134704389186925,-1.0324458092663755,-0.6438920281887581,1.0681506621331032,4.44,16.65,51.46,0.208,0.771,2.1,54.26847795912467,-35.34167065188681,-41.03707956432468,3.4629635234650897,1,0,0,0,1
2310,2310,1777638168.7017128,4684.88,1.5707848023918738,0.20645908786120667,-2.0153328036975147,-0.48917868503103357,2.559357160695638,0.8031806653019546,0.12174148895165793,-0.6909019043744207,0.9134833346845013,-1.0324671006764115,-0.6439432259605385,1.068224972767815,4.44,16.65,51.46,0.208,0.771,2.1,54.26847795912467,-35.33836481818211,-41.03988767057592,3.4634220019482895,1,0,0,0,1
2311,2311,1777638168.7061532,4684.888,1.5707848023918738,0.20645908786120667,-2.0153328036975147,-0.48917868503103357,2.559357160695638,0.8031806653019546,0.12174626442387299,-0.6909719554439141,0.9134394225266814,-1.0323821569631728,-0.643959581867151,1.0681900247233767,4.44,16.65,51.46,0.208,0.771,2.1,54.26847795912467,-35.33873028939029,-41.03980233804429,3.460703048223564,1,0,0,0,1
2312,2312,1777638168.7098646,4684.896,1.5707848023918738,0.20645908786120667,-2.0153328036975147,-0.48917868503103357,2.559357160695638,0.8031806653019546,0.12171679179174444,-0.690986915954874,0.9134243152591357,-1.0323708989990232,-0.6439798989398579,1.0681435536859243,4.44,16.65,51.46,0.208,0.771,2.1,54.26847795912467,-35.339829672865704,-41.039042908522006,3.4584817254584603,1,0,0,0,1
2313,2313,1777638168.7165978,4684.9039999999995,1.5707848023918738,0.20645908786120667,-2.0153328036975147,-0.48917868503103357,2.559357160695638,0.8031806653019546,0.12173335100428545,-0.6909107802536986,0.9134649101703045,-1.0324802210085078,-0.6438894564196816,1.068229532435213,4.44,16.65,51.46,0.208,0.771,2.1,54.26847795912467,-35.339295587022285,-41.03889057830919,3.46573910077377,1,0,0,0,1
2314,2314,1777638168.7242482,4684.911999999999,1.5707848023918738,0.20645908786120667,-2.0153328036975147,-0.48917868503103357,2.559357160695638,0.8031806653019546,0.12171737728907638,-0.6909830276753842,0.9134427808367317,-1.0323903842770097,-0.6439801099615049,1.0681624454741978,4.44,16.65,51.46,0.208,0.771,2.1,54.26847795912467,-35.339310148482184,-41.03942436860035,3.4592637545170315,1,0,0,0,1
2315,2315,1777638168.7312255,4684.92,1.5707848023918738,0.20645908786120667,-2.0153328036975147,-0.48917868503103357,2.559357160695638,0.8031806653019546,0.12173671331771863,-0.6909974031985042,0.9134239713329171,-1.0323783784915288,-0.6439291487747573,1.0681874874255914,4.44,16.65,51.46,0.208,0.771,2.1,54.26847795912467,-35.33936262411299,-41.03917186163035,3.461722437315371,1,0,0,0,1
2316,2316,1777638168.7389433,4684.928,1.5707848023918738,0.20645908786120667,-2.0153328036975147,-0.48917868503103357,2.559357160695638,0.8031806653019546,0.12173482581039968,-0.6909448898986853,0.9134549829291712,-1.032425080208166,-0.6439060509705818,1.0682020431375634,4.44,16.65,51.46,0.208,0.771,2.1,54.26847795912467,-35.33958060927998,-41.038824501912835,3.463614565941437,1,0,0,0,1
2317,2317,1777638168.7455359,4684.936,1.5707848023918738,0.20645908786120667,-2.0153328036975147,-0.48917868503103357,2.559357160695638,0.8031806653019546,0.12171639628332619,-0.6910003033923364,0.9134264194106657,-1.0323738314567226,-0.6439261942706306,1.0681458608664152,4.44,16.65,51.46,0.208,0.771,2.1,54.26847795912467,-35.34077541800841,-41.038050025781274,3.460598638294464,1,0,0,0,1
2318,2318,1777638168.7533247,4684.9439999999995,1.5707848023918738,0.20645908786120667,-2.0153328036975147,-0.48917868503103357,2.559357160695638,0.8031806653019546,0.12171213152976822,-0.6909344195907265,0.9134631186936866,-1.032477340454396,-0.6439106197447715,1.0681990005637114,4.44,16.65,51.46,0.208,0.771,2.1,54.26847795912467,-35.3398976945845,-41.03851501265995,3.464046260081543,1,0,0,0,1
2319,2319,1777638168.7602768,4684.952,1.5707848023918738,0.20645908786120667,-2.0153328036975147,-0.48917868503103357,2.559357160695638,0.8031806653019546,0.12171464434581374,-0.6909719375971137,0.9134401758246077,-1.0324287736204436,-0.6439455261021488,1.0681929610158087,4.44,16.65,51.46,0.208,0.771,2.1,54.26847795912467,-35.33916476641031,-41.03932496213436,3.4619272471902733,1,0,0,0,1
2320,2320,1777638168.7674391,4684.96,1.5707848023918738,0.20645908786120667,-2.0153328036975147,-0.48917868503103357,2.559357160695638,0.8031806653019546,0.1217357644071376,-0.6909421941013896,0.9134516833380713,-1.0324627098745005,-0.6439074410898422,1.0682382603918885,4.44,16.65,51.46,0.208,0.771,2.1,54.26847795912467,-35.338567739332596,-41.03957294636921,3.4650804481631456,1,0,0,0,1
2321,2321,1777638168.7751107,4684.968,1.5707848023918738,0.20645908786120667,-2.0153328036975147,-0.48917868503103357,2.559357160695638,0.8031806653019546,0.12174365454728653,-0.6909006591952733,0.9134992515039154,-1.0324826924332253,-0.6438907717626482,1.068250851617615,4.44,16.65,51.46,0.208,0.771,2.1,54.26847795912467,-35.33857652457812,-41.03946036794276,3.4663239785962014,1,0,0,0,1
2322,2322,1777638168.7820597,4684.976,1.5707848023918738,0.20645908786120667,-2.0153328036975147,-0.48917868503103357,2.559357160695638,0.8031806653019546,0.12175512493639032,-0.6909579687592042,0.9134459077070081,-1.0324193499367191,-0.6439147257942658,1.0682386720871873,4.44,16.65,51.46,0.208,0.771,2.1,54.26847795912467,-35.33816752124228,-41.0399878860576,3.4642474728086707,1,0,0,0,1
2323,2323,1777638168.7896953,4684.9839999999995,1.5707848023918738,0.20645908786120667,-2.0153328036975147,-0.48917868503103357,2.559357160695638,0.8031806653019546,0.12172053403813282,-0.6909456741690929,0.913455013881871,-1.0324435908478828,-0.6439345216677671,1.0681947064088706,4.44,16.65,51.46,0.208,0.771,2.1,54.26847795912467,-35.33939825485176,-41.039068470847646,3.462584299343377,1,0,0,0,1
2324,2324,1777638168.7957747,4684.992,1.5707848023918738,0.20645908786120667,-2.0153328036975147,-0.48917868503103357,2.559357160695638,0.8031806653019546,0.1217520215164406,-0.6909411148485315,0.9134434258709153,-1.032439335405467,-0.6438792156413271,1.0682514177211055,4.44,16.65,51.46,0.208,0.771,2.1,54.26847795912467,-35.338523894355674,-41.03951601938249,3.4662016477552395,1,0,0,0,1
2325,2325,1777638168.8044581,4685.0,1.5707848023918738,0.20645908786120667,-2.0153328036975147,-0.48917868503103357,2.559357160695638,0.8031806653019546,0.12173975339926298,-0.6908853036664523,0.913491871508679,-1.0325253085441581,-0.6438266162035764,1.0682946292814355,4.44,16.65,51.46,0.208,0.771,2.1,54.26847795912467,-35.33856803461944,-41.03911255985063,3.4705258337149014,1,0,0,0,1
2326,2326,1777638168.810153,4685.008,1.5707848023918738,0.20645908786120667,-2.0153328036975147,-0.48917868503103357,2.559357160695638,0.8031806653019546,0.12175408509883268,-0.6908557538243982,0.9135072716580764,-1.0325556665741953,-0.6438592579366389,1.068344315793572,4.44,16.65,51.46,0.208,0.771,2.1,54.26847795912467,-35.33648041932344,-41.04086115758392,3.471104581929252,1,0,0,0,1
2327,2327,1777638168.8133752,4685.008,1.5707848023918738,0.20645908786120667,-2.0153328036975147,-0.48917868503103357,2.559357160695638,0.8031806653019546,0.12175408509883268,-0.6908557538243982,0.9135072716580764,-1.0325556665741953,-0.6438592579366389,1.068344315793572,4.16,17.72,50.24,0.387,0.605,2.152,53.43558364984891,-35.80705649065092,-39.554631437840364,2.9406525282571034,0,1,0,0,1
2328,2328,1777638168.8177698,4685.016,1.5707848023918738,0.20645908786120667,-2.0153328036975147,-0.48917868503103357,2.559357160695638,0.8031806653019546,0.12174143989294262,-0.6908714728684108,0.913501026985363,-1.0325615790177047,-0.6437986159301906,1.0683496281775213,4.16,17.72,50.24,0.387,0.605,2.152,53.43558364984891,-35.80802917518257,-39.55356645613934,2.9431322071975545,1,0,0,0,1
2329,2329,1777638168.824522,4685.023999999999,1.5707848023918738,0.20645908786120667,-2.0153328036975147,-0.48917868503103357,2.559357160695638,0.8031806653019546,0.12173574732877233,-0.6908981110035894,0.9134797101691347,-1.032525818095358,-0.6438264564345797,1.0683082580527143,4.16,17.72,50.24,0.387,0.605,2.152,53.43558364984891,-35.808648323911086,-39.553199902694864,2.9405242171964785,1,0,0,0,1
2330,2330,1777638168.8317652,4685.032,1.5707848023918738,0.20645908786120667,-2.0153328036975147,-0.48917868503103357,2.559357160695638,0.8031806653019546,0.12179892320926447,-0.6908788915653964,0.9134902663632332,-1.0325449329987124,-0.6437937484178973,1.0684243055813836,4.16,17.72,50.24,0.387,0.605,2.152,53.43558364984891,-35.80564586513976,-39.55557082370592,2.9451894660590234,1,0,0,0,1
2331,2331,1777638168.8389745,4685.04,1.5707848023918738,0.20645908786120667,-2.0153328036975147,-0.48917868503103357,2.559357160695638,0.8031806653019546,0.12174274823192613,-0.6908343422016994,0.9135073572486049,-1.0325994046610871,-0.6437641002297091,1.068366539206303,4.16,17.72,50.24,0.387,0.605,2.152,53.43558364984891,-35.80832386704283,-39.55313569961973,2.9453349827206354,1,0,0,0,1
2332,2332,1777638168.8509219,4685.048,1.5707848023918738,0.20645908786120667,-2.0153328036975147,-0.48917868503103357,2.559357160695638,0.8031806653019546,0.12178150690019722,-0.6908351162533788,0.9134983642667075,-1.032593666842018,-0.6437808488304644,1.0684346777074198,4.16,17.72,50.24,0.387,0.605,2.152,53.43558364984891,-35.80581177314845,-39.55532059141366,2.9465329077324665,1,0,0,0,1
2333,2333,1777638168.8532984,4685.056,1.5707848023918738,0.20645908786120667,-2.0153328036975147,-0.48917868503103357,2.559357160695638,0.8031806653019546,0.12177361913419235,-0.6908362135687109,0.9135239502650396,-1.032604597208997,-0.6438215782683131,1.0684275824834366,4.16,17.72,50.24,0.387,0.605,2.152,53.43558364984891,-35.805350842299596,-39.55585605704773,2.9449452718099622,1,0,0,0,1
2334,2334,1777638168.860604,4685.063999999999,1.5707848023918738,0.20645908786120667,-2.0153328036975147,-0.48917868503103357,2.559357160695638,0.8031806653019546,0.12175931227577358,-0.6908516455867708,0.9134980311920876,-1.0325733763536162,-0.6437892857177465,1.0683774829688995,4.16,17.72,50.24,0.387,0.605,2.152,53.43558364984891,-35.80737415926598,-39.55406566444096,2.9443921667169644,1,0,0,0,1
2335,2335,1777638168.8674936,4685.072,1.5707848023918738,0.20645908786120667,-2.0153328036975147,-0.48917868503103357,2.559357160695638,0.8031806653019546,0.12175785956145549,-0.6908385004003708,0.9135251439959946,-1.0326080891216232,-0.6437785706375709,1.0684251298617349,4.16,17.72,50.24,0.387,0.605,2.152,53.43558364984891,-35.80623538890175,-39.55493786557433,2.9465229890694054,1,0,0,0,1
2336,2336,1777638168.8747253,4685.08,1.5707848023918738,0.20645908786120667,-2.0153328036975147,-0.48917868503103357,2.559357160695638,0.8031806653019546,0.12177854960474799,-0.6908944567785371,0.9135151912261797,-1.0325402988127388,-0.643785830320801,1.06841255096555,4.16,17.72,50.24,0.387,0.605,2.152,53.43558364984891,-35.80614124075163,-39.55512875612097,2.945104163529289,1,0,0,0,1
2337,2337,1777638168.8819218,4685.088,1.5707848023918738,0.20645908786120667,-2.0153328036975147,-0.48917868503103357,2.559357160695638,0.8031806653019546,0.1217946001970178,-0.6909031286458446,0.9134814322604496,-1.0325055340864984,-0.6438044928594068,1.068409952118532,4.16,17.72,50.24,0.387,0.605,2.152,53.43558364984891,-35.8056964385685,-39.55561909908729,2.9439259904087076,1,0,0,0,1
2338,2338,1777638168.88914,4685.096,1.5707848023918738,0.20645908786120667,-2.0153328036975147,-0.48917868503103357,2.559357160695638,0.8031806653019546,0.12179114433388219,-0.6908248937997604,0.9135284285422693,-1.0326186671548143,-0.6437590018288907,1.0684573426569075,4.16,17.72,50.24,0.387,0.605,2.152,53.43558364984891,-35.80562218290467,-39.555362661464336,2.9482714961683034,1,0,0,0,1
2339,2339,1777638168.9214308,4685.103999999999,1.5707848023918738,0.20645908786120667,-2.0153328036975147,-0.48917868503103357,2.559357160695638,0.8031806653019546,0.12177706552985128,-0.6908596937534313,0.913500963118608,-1.0325857637489815,-0.6437744854282121,1.0684352721246533,4.16,17.72,50.24,0.387,0.605,2.152,53.43558364984891,-35.80586704243554,-39.55525858509861,2.94669367349405,1,0,0,0,1
2340,2340,1777638168.9230533,4685.112,1.5707848023918738,0.20645908786120667,-2.0153328036975147,-0.48917868503103357,2.559357160695638,0.8031806653019546,0.12175993402838531,-0.6907904808258795,0.9135631200918901,-1.0326759058198616,-0.6437030874258557,1.0684460773256252,4.16,17.72,50.24,0.387,0.605,2.152,53.43558364984891,-35.80731178400143,-39.55365060499008,2.950719678600429,1,0,0,0,1
2341,2341,1777638168.9244766,4685.12,1.5707848023918738,0.20645908786120667,-2.0153328036975147,-0.48917868503103357,2.559357160695638,0.8031806653019546,0.12177870825185054,-0.6908075387910805,0.9135366329663668,-1.0326520105797776,-0.6437762066463051,1.068465079498997,4.16,17.72,50.24,0.387,0.605,2.152,53.43558364984891,-35.80523860414381,-39.55571242831043,2.9482372342023955,1,0,0,0,1
2342,2342,1777638168.928978,4685.128,1.5707848023918738,0.20645908786120667,-2.0153328036975147,-0.48917868503103357,2.559357160695638,0.8031806653019546,0.12176909209601453,-0.6908399150388527,0.9135015909796871,-1.032617213794808,-0.6438038941056368,1.0684377619822845,4.16,17.72,50.24,0.387,0.605,2.152,53.43558364984891,-35.80541730123565,-39.555714664789676,2.94603619158317,1,0,0,0,1
2343,2343,1777638168.930669,4685.1359999999995,1.5707848023918738,0.20645908786120667,-2.0153328036975147,-0.48917868503103357,2.559357160695638,0.8031806653019546,0.12175500542910389,-0.6908790056017807,0.913522157837201,-1.0325762994980965,-0.6437358476855212,1.0683932979575792,4.16,17.72,50.24,0.387,0.605,2.152,53.43558364984891,-35.80786357104107,-39.55343887977442,2.9468592198575427,1,0,0,0,1
2344,2344,1777638168.9349241,4685.144,1.5707848023918738,0.20645908786120667,-2.0153328036975147,-0.48917868503103357,2.559357160695638,0.8031806653019546,0.121761574287617,-0.6908316969815775,0.913535388769538,-1.0326388206705481,-0.6437563688678497,1.0684558348009996,4.16,17.72,50.24,0.387,0.605,2.152,53.43558364984891,-35.80582635270922,-39.555155936345805,2.948565422540414,1,0,0,0,1
2345,2345,1777638168.9395897,4685.152,1.5707848023918738,0.20645908786120667,-2.0153328036975147,-0.48917868503103357,2.559357160695638,0.8031806653019546,0.12180007746731544,-0.6907994973671534,0.9135388771628465,-1.0326554106836343,-0.6437140072625361,1.0685058535204133,4.16,17.72,50.24,0.387,0.605,2.152,53.43558364984891,-35.80509427057058,-39.555582653848504,2.9517291864455113,1,0,0,0,1
2346,2346,1777638168.9475863,4685.16,1.5707848023918738,0.20645908786120667,-2.0153328036975147,-0.48917868503103357,2.559357160695638,0.8031806653019546,0.12178035738522375,-0.690823365263383,0.9135333148477215,-1.0326183728426885,-0.6437400812460164,1.0684579825572476,4.16,17.72,50.24,0.387,0.605,2.152,53.43558364984891,-35.80594663167627,-39.55501527889192,2.9489917083942734,1,0,0,0,1
2347,2347,1777638168.954123,4685.168,1.5707848023918738,0.20645908786120667,-2.0153328036975147,-0.48917868503103357,2.559357160695638,0.8031806653019546,0.121803184373942,-0.6908215163183903,0.9135216239472784,-1.0326151517686766,-0.6437608587308791,1.0684833725656422,4.16,17.72,50.24,0.387,0.605,2.152,53.43558364984891,-35.804738553273566,-39.556116927655665,2.948882964337313,1,0,0,0,1
2348,2348,1777638168.9576256,4685.168,1.5707848023918738,0.20645908786120667,-2.0153328036975147,-0.48917868503103357,2.559357160695638,0.8031806653019546,0.121803184373942,-0.6908215163183903,0.9135216239472784,-1.0326151517686766,-0.6437608587308791,1.0684833725656422,4.03,17.48,50.31,0.381,0.527,2.186,53.41242739288302,-35.591630867649314,-39.72263311945389,2.8697787786270075,0,1,0,0,1
2349,2349,1777638168.9612663,4685.1759999999995,1.5707848023918738,0.20645908786120667,-2.0153328036975147,-0.48917868503103357,2.559357160695638,0.8031806653019546,0.12178197475246205,-0.6907975665283784,0.9135634236082827,-1.0326458770644713,-0.6436757665202214,1.0684504774150942,4.03,17.48,50.31,0.381,0.527,2.186,53.41242739288302,-35.594417725517516,-39.7199462407572,2.8724027246752986,1,0,0,0,1
2350,2350,1777638168.9685564,4685.184,1.5707848023918738,0.20645908786120667,-2.0153328036975147,-0.48917868503103357,2.559357160695638,0.8031806653019546,0.1217779498823185,-0.6908352893805896,0.9135320802925742,-1.0326044247678017,-0.6437392862188445,1.0684340165885162,4.03,17.48,50.31,0.381,0.527,2.186,53.41242739288302,-35.59355229665893,-39.72096167457407,2.8690832250082354,1,0,0,0,1
2351,2351,1777638168.9804814,4685.192,1.5707848023918738,0.20645908786120667,-2.0153328036975147,-0.48917868503103357,2.559357160695638,0.8031806653019546,0.121788000587912,-0.6908358947440166,0.9135481790745237,-1.0325961481927337,-0.6437876956920932,1.0684399850572919,4.03,17.48,50.31,0.381,0.527,2.186,53.41242739288302,-35.5924239299973,-39.722098098810626,2.8673474529294873,1,0,0,0,1
2352,2352,1777638168.983061,4685.2,1.5707848023918738,0.20645908786120667,-2.0153328036975147,-0.48917868503103357,2.559357160695638,0.8031806653019546,0.12177741565798594,-0.6908254834303639,0.913534783352851,-1.0325961176021086,-0.6437333352456767,1.0684209857810034,4.03,17.48,50.31,0.381,0.527,2.186,53.41242739288302,-35.59403513400781,-39.72054633575562,2.86884326307806,1,0,0,0,1
2353,2353,1777638168.9907308,4685.208,1.5707848023918738,0.20645908786120667,-2.0153328036975147,-0.48917868503103357,2.559357160695638,0.8031806653019546,0.12176305702162127,-0.6907831542663498,0.9135635557171989,-1.032666295150706,-0.6437327620959736,1.068438348152458,4.03,17.48,50.31,0.381,0.527,2.186,53.41242739288302,-35.59386340450242,-39.72060291243025,2.8701902749922543,1,0,0,0,1
2354,2354,1777638169.0003853,4685.215999999999,1.5707848023918738,0.20645908786120667,-2.0153328036975147,-0.48917868503103357,2.559357160695638,0.8031806653019546,0.12176122959960357,-0.6908425693213456,0.9135222263132023,-1.032588759763508,-0.6437781233651374,1.068393039998837,4.03,17.48,50.31,0.381,0.527,2.186,53.41242739288302,-35.59406449209549,-39.720702748065904,2.8663122879994547,1,0,0,0,1
2355,2355,1777638169.004811,4685.224,1.5707848023918738,0.20645908786120667,-2.0153328036975147,-0.48917868503103357,2.559357160695638,0.8031806653019546,0.12179885820151984,-0.6907757199143469,0.9135542615398499,-1.0326591778760286,-0.6437307925691667,1.0684793294945079,4.03,17.48,50.31,0.381,0.527,2.186,53.41242739288302,-35.59254949978321,-39.72169897542838,2.8713151361238705,1,0,0,0,1
2356,2356,1777638169.011729,4685.232,1.5707848023918738,0.20645908786120667,-2.0153328036975147,-0.48917868503103357,2.559357160695638,0.8031806653019546,0.12178886067958405,-0.6908363545366408,0.9135401742163606,-1.0325841399972473,-0.6437693785196101,1.0684237858964547,4.03,17.48,50.31,0.381,0.527,2.186,53.41242739288302,-35.59321669718836,-39.72138139258267,2.8674353370177625,1,0,0,0,1
2357,2357,1777638169.0201063,4685.24,1.5707848023918738,0.20645908786120667,-2.0153328036975147,-0.48917868503103357,2.559357160695638,0.8031806653019546,0.12178963518585353,-0.6908019887729577,0.913543115723647,-1.0326316993899383,-0.6438062575507428,1.0684548620089562,4.03,17.48,50.31,0.381,0.527,2.186,53.41242739288302,-35.59179433779068,-39.72265143578353,2.8674969446636065,1,0,0,0,1
2358,2358,1777638169.027207,4685.248,1.5707848023918738,0.20645908786120667,-2.0153328036975147,-0.48917868503103357,2.559357160695638,0.8031806653019546,0.12178366344344785,-0.6908038816682632,0.9135210752150886,-1.0325980747694639,-0.6437809016239754,1.0684155226351564,4.03,17.48,50.31,0.381,0.527,2.186,53.41242739288302,-35.5933428932715,-39.72130372451171,2.8669447338746923,1,0,0,0,1
2359,2359,1777638169.0337381,4685.255999999999,1.5707848023918738,0.20645908786120667,-2.0153328036975147,-0.48917868503103357,2.559357160695638,0.8031806653019546,0.121766255970085,-0.6908454943996029,0.9135039931344076,-1.0325635616127773,-0.6438600264188054,1.0683461218027035,4.03,17.48,50.31,0.381,0.527,2.186,53.41242739288302,-35.593921363751264,-39.72116653023011,2.861658859615773,1,0,0,0,1
2360,2360,1777638169.0406287,4685.264,1.5707848023918738,0.20645908786120667,-2.0153328036975147,-0.48917868503103357,2.559357160695638,0.8031806653019546,0.12174076593407898,-0.6908545003277908,0.9135270841681455,-1.0325625218690184,-0.6438745803713473,1.0682914325562265,4.03,17.48,50.31,0.381,0.527,2.186,53.41242739288302,-35.595398345671825,-39.71999217086085,2.859587130985307,1,0,0,0,1
2361,2361,1777638169.0501761,4685.272,1.5707848023918738,0.20645908786120667,-2.0153328036975147,-0.48917868503103357,2.559357160695638,0.8031806653019546,0.12173518868531255,-0.690880707432559,0.9134885615094647,-1.0325270407245728,-0.643861042052339,1.0682600335919301,4.03,17.48,50.31,0.381,0.527,2.186,53.41242739288302,-35.59646466462136,-39.71909371145357,2.8587931231784722,1,0,0,0,1
2362,2362,1777638169.055561,4685.28,1.5707848023918738,0.20645908786120667,-2.0153328036975147,-0.48917868503103357,2.559357160695638,0.8031806653019546,0.12173148571916609,-0.6908893412258817,0.913485499041994,-1.0324959823762885,-0.6438834308920932,1.0682292252266756,4.03,17.48,50.31,0.381,0.527,2.186,53.41242739288302,-35.59687257016033,-39.71887648010051,2.8567314158466046,1,0,0,0,1
2363,2363,1777638169.0625024,4685.288,1.5707848023918738,0.20645908786120667,-2.0153328036975147,-0.48917868503103357,2.559357160695638,0.8031806653019546,0.12177286728120085,-0.6908711606449196,0.9135051065216364,-1.0325350901350465,-0.6438483583206773,1.068316469345494,4.03,17.48,50.31,0.381,0.527,2.186,53.41242739288302,-35.594934583520526,-39.72031121610292,2.8609279772169858,1,0,0,0,1
2364,2364,1777638169.06937,4685.295999999999,1.5707848023918738,0.20645908786120667,-2.0153328036975147,-0.48917868503103357,2.559357160695638,0.8031806653019546,0.1217734198321477,-0.6908260173121241,0.913545059048921,-1.0325850515076733,-0.6438317518702498,1.0683498784400876,4.03,17.48,50.31,0.381,0.527,2.186,53.41242739288302,-35.59443725560149,-39.72060226156023,2.8630739487453027,1,0,0,0,1
2365,2365,1777638169.0769641,4685.304,1.5707848023918738,0.20645908786120667,-2.0153328036975147,-0.48917868503103357,2.559357160695638,0.8031806653019546,0.12176595928639444,-0.6908525125575147,0.9135120088999068,-1.0325656593675427,-0.643812253633109,1.068318186801384,4.03,17.48,50.31,0.381,0.527,2.186,53.41242739288302,-35.5957085756104,-39.71949084993336,2.862687133145399,1,0,0,0,1
2366,2366,1777638169.083748,4685.312,1.5707848023918738,0.20645908786120667,-2.0153328036975147,-0.48917868503103357,2.559357160695638,0.8031806653019546,0.12175697115840763,-0.6908346042908724,0.9135193928128511,-1.0326010096204883,-0.6437711082898422,1.0683437947030436,4.03,17.48,50.31,0.381,0.527,2.186,53.41242739288302,-35.59583601663533,-39.71918432092013,2.8653542813374444,1,0,0,0,1
2367,2367,1777638169.0914867,4685.32,1.5707848023918738,0.20645908786120667,-2.0153328036975147,-0.48917868503103357,2.559357160695638,0.8031806653019546,0.12177393790603043,-0.6908232583467877,0.9135220234509596,-1.0325834425233227,-0.6438435306712116,1.0683581814021619,4.03,17.48,50.31,0.381,0.527,2.186,53.41242739288302,-35.59394546768363,-39.72105934592084,2.8628465696571728,1,0,0,0,1
2368,2368,1777638169.1026077,4685.3279999999995,1.5707848023918738,0.20645908786120667,-2.0153328036975147,-0.48917868503103357,2.559357160695638,0.8031806653019546,0.12176586008550055,-0.6908388299487918,0.9135288350456512,-1.0325549950123947,-0.6438590822484862,1.0683033221395508,4.03,17.48,50.31,0.381,0.527,2.186,53.41242739288302,-35.59526360564445,-39.72005414531462,2.8604033872793244,1,0,0,0,1
2369,2369,1777638169.1027994,4685.3279999999995,1.5707848023918738,0.20645908786120667,-2.0153328036975147,-0.48917868503103357,2.559357160695638,0.8031806653019546,0.12176586008550055,-0.6908388299487918,0.9135288350456512,-1.0325549950123947,-0.6438590822484862,1.0683033221395508,4.01,16.84,51.29,0.287,0.584,2.145,54.13252072460694,-35.378642761831266,-40.861386754296774,3.00474771761353,0,1,0,0,1
2370,2370,1777638169.1077597,4685.336,1.5707848023918738,0.20645908786120667,-2.0153328036975147,-0.48917868503103357,2.559357160695638,0.8031806653019546,0.12174793789258097,-0.6908985376684937,0.9134788096423235,-1.0325017477972893,-0.6438912747324596,1.0682552339327347,4.01,16.84,51.29,0.287,0.584,2.145,54.13252072460694,-35.37932449655599,-40.86103557225801,3.0014946493468937,1,0,0,0,1
2371,2371,1777638169.1126213,4685.344,1.5707848023918738,0.20645908786120667,-2.0153328036975147,-0.48917868503103357,2.559357160695638,0.8031806653019546,0.12175821823500521,-0.6908493239638541,0.9135224411794609,-1.0325347823384654,-0.6438811385686883,1.068261225586912,4.01,16.84,51.29,0.287,0.584,2.145,54.13252072460694,-35.37950101051558,-40.86081085030364,3.0024731310428145,1,0,0,0,1
2372,2372,1777638169.1204684,4685.352,1.5707848023918738,0.20645908786120667,-2.0153328036975147,-0.48917868503103357,2.559357160695638,0.8031806653019546,0.12174795645249074,-0.6909193330459358,0.9134936604490089,-1.0324911130529333,-0.6438972257771394,1.0682502238627052,4.01,16.84,51.29,0.287,0.584,2.145,54.13252072460694,-35.379318298479006,-40.86107784232632,3.0009922189598424,1,0,0,0,1
2373,2373,1777638169.1272087,4685.36,1.5707848023918738,0.20645908786120667,-2.0153328036975147,-0.48917868503103357,2.559357160695638,0.8031806653019546,0.12172614610560996,-0.6908576506958982,0.91352645907942,-1.0325621737614035,-0.6438663892702104,1.0682458141214064,4.01,16.84,51.29,0.287,0.584,2.145,54.13252072460694,-35.38043920442496,-40.859963578926354,3.002948223130289,1,0,0,0,1
2374,2374,1777638169.1367695,4685.3679999999995,1.5707848023918738,0.20645908786120667,-2.0153328036975147,-0.48917868503103357,2.559357160695638,0.8031806653019546,0.12175203223222125,-0.6908357993349306,0.913525072240383,-1.0325633382358783,-0.6438160632735122,1.0682814165594183,4.01,16.84,51.29,0.287,0.584,2.145,54.13252072460694,-35.380225545934486,-40.85993516866912,3.0058506834107037,1,0,0,0,1
2375,2375,1777638169.142119,4685.376,1.5707848023918738,0.20645908786120667,-2.0153328036975147,-0.48917868503103357,2.559357160695638,0.8031806653019546,0.12174300064115373,-0.6908561259818394,0.9135342978637686,-1.032546763909756,-0.6438501455184099,1.0682423362460494,4.01,16.84,51.29,0.287,0.584,2.145,54.13252072460694,-35.38077664625729,-40.85964861824021,3.0032580144895467,1,0,0,0,1
2376,2376,1777638169.1518106,4685.384,1.5707848023918738,0.20645908786120667,-2.0153328036975147,-0.48917868503103357,2.559357160695638,0.8031806653019546,0.1217489996806391,-0.6908652631100385,0.9135037022278574,-1.0325597267743103,-0.6438868820324389,1.0682715376495644,4.01,16.84,51.29,0.287,0.584,2.145,54.13252072460694,-35.37918975432079,-40.86105095160189,3.0028732005126364,1,0,0,0,1
2377,2377,1777638169.1576767,4685.392,1.5707848023918738,0.20645908786120667,-2.0153328036975147,-0.48917868503103357,2.559357160695638,0.8031806653019546,0.12175397020628664,-0.6908586702284633,0.9134975150299096,-1.0325272758543458,-0.6438331275731475,1.0682720833541157,4.01,16.84,51.29,0.287,0.584,2.145,54.13252072460694,-35.380011273219175,-40.86022157083487,3.0044792375992824,1,0,0,0,1
2378,2378,1777638169.163263,4685.4,1.5707848023918738,0.20645908786120667,-2.0153328036975147,-0.48917868503103357,2.559357160695638,0.8031806653019546,0.12173994259324528,-0.6908425428671924,0.9135218479131959,-1.0325558359006315,-0.6438203173207017,1.0682498050930165,4.01,16.84,51.29,0.287,0.584,2.145,54.13252072460694,-35.38114547191551,-40.85922296750751,3.004703577170054,1,0,0,0,1
2379,2379,1777638169.1712692,4685.407999999999,1.5707848023918738,0.20645908786120667,-2.0153328036975147,-0.48917868503103357,2.559357160695638,0.8031806653019546,0.12175734916035263,-0.6908142020396744,0.9135473044893202,-1.0326020531482951,-0.6437405322312361,1.0682952083489228,4.01,16.84,51.29,0.287,0.584,2.145,54.13252072460694,-35.381414794068625,-40.858631452257,3.0095718995724563,1,0,0,0,1
2380,2380,1777638169.1781313,4685.416,1.5707848023918738,0.20645908786120667,-2.0153328036975147,-0.48917868503103357,2.559357160695638,0.8031806653019546,0.12174672025439874,-0.6908536983824736,0.9135204968904567,-1.0325359346934575,-0.6438914999743509,1.0682432437615401,4.01,16.84,51.29,0.287,0.584,2.145,54.13252072460694,-35.37990369744728,-40.86052678699412,3.0015937514411024,1,0,0,0,1
2381,2381,1777638169.1932056,4685.424,1.5707848023918738,0.20645908786120667,-2.0153328036975147,-0.48917868503103357,2.559357160695638,0.8031806653019546,0.12174230534142176,-0.6908042024364516,0.9135421772040979,-1.0326216358165006,-0.6437926248106688,1.06829882279762,4.01,16.84,51.29,0.287,0.584,2.145,54.13252072460694,-35.38041695916536,-40.85961289840951,3.007977657452101,1,0,0,0,1
2382,2382,1777638169.1933396,4685.432,1.5707848023918738,0.20645908786120667,-2.0153328036975147,-0.48917868503103357,2.559357160695638,0.8031806653019546,0.1217568385726635,-0.6908284327619238,0.9135404981361125,-1.032568936263546,-0.643870568928052,1.0683088588074992,4.01,16.84,51.29,0.287,0.584,2.145,54.13252072460694,-35.37831949190386,-40.86167346659103,3.004654961632912,1,0,0,0,1
2383,2383,1777638169.2321703,4685.44,1.5707848023918738,0.20645908786120667,-2.0153328036975147,-0.48917868503103357,2.559357160695638,0.8031806653019546,0.12175110075570546,-0.690833474930393,0.913540089802195,-1.0325960571552883,-0.6438231134583167,1.068307456169057,4.01,16.84,51.29,0.287,0.584,2.145,54.13252072460694,-35.37941403535462,-40.86057197062112,3.0067458736386583,1,0,0,0,1
2384,2384,1777638169.2335854,4685.447999999999,1.5707848023918738,0.20645908786120667,-2.0153328036975147,-0.48917868503103357,2.559357160695638,0.8031806653019546,0.121744408285853,-0.690842666220622,0.9135280079965221,-1.0325651999415442,-0.6437802196624175,1.0682898966611296,4.01,16.84,51.29,0.287,0.584,2.145,54.13252072460694,-35.38063520451447,-40.85946230867462,3.00745612953359,1,0,0,0,1
2385,2385,1777638169.2403564,4685.456,1.5707848023918738,0.20645908786120667,-2.0153328036975147,-0.48917868503103357,2.559357160695638,0.8031806653019546,0.12177241280759966,-0.6908423422331551,0.9135244940344058,-1.032547698630206,-0.6438300625519362,1.068313482788404,4.01,16.84,51.29,0.287,0.584,2.145,54.13252072460694,-35.37881737834436,-40.86114157383557,3.006025647383212,1,0,0,0,1
2386,2386,1777638169.2431364,4685.464,1.5707848023918738,0.20645908786120667,-2.0153328036975147,-0.48917868503103357,2.559357160695638,0.8031806653019546,0.12177021084550381,-0.6908071517457386,0.9135527215124946,-1.0326038604860652,-0.6438432841202352,1.0683221494363468,4.01,16.84,51.29,0.287,0.584,2.145,54.13252072460694,-35.37859069273069,-40.8613025179361,3.0065058014144155,1,0,0,0,1
2387,2387,1777638169.2453632,4685.472,1.5707848023918738,0.20645908786120667,-2.0153328036975147,-0.48917868503103357,2.559357160695638,0.8031806653019546,0.12173582110734309,-0.6908025989508139,0.9135580026511284,-1.0326501623487294,-0.6437689144981598,1.0683087043316253,4.01,16.84,51.29,0.287,0.584,2.145,54.13252072460694,-35.38069750041457,-40.8592567489488,3.009515294468415,1,0,0,0,1
2388,2388,1777638169.2486525,4685.48,1.5707848023918738,0.20645908786120667,-2.0153328036975147,-0.48917868503103357,2.559357160695638,0.8031806653019546,0.1217562905984409,-0.6907961768966687,0.9135567025377551,-1.0326229537043714,-0.6437890873554649,1.068335383751099,4.01,16.84,51.29,0.287,0.584,2.145,54.13252072460694,-35.379286231865926,-40.86050515050663,3.0091567870620892,1,0,0,0,1
2389,2389,1777638169.2488291,4685.487999999999,1.5707848023918738,0.20645908786120667,-2.0153328036975147,-0.48917868503103357,2.559357160695638,0.8031806653019546,0.12172958724274587,-0.6908177746239117,0.9135655693598095,-1.0326261799169323,-0.6437739243008795,1.068293771410487,4.01,16.84,51.29,0.287,0.584,2.145,54.13252072460694,-35.38096265785343,-40.859094922016276,3.008594947354108,1,0,0,0,1
2390,2390,1777638169.2489297,4685.487999999999,1.5707848023918738,0.20645908786120667,-2.0153328036975147,-0.48917868503103357,2.559357160695638,0.8031806653019546,0.12172958724274587,-0.6908177746239117,0.9135655693598095,-1.0326261799169323,-0.6437739243008795,1.068293771410487,4.49,18.07,49.97,0.34,0.647,2.047,53.32622150499696,-36.080192952889284,-39.13739869939313,3.188980954320507,0,1,0,0,1
2391,2391,1777638169.2562768,4685.496,1.5707848023918738,0.20645908786120667,-2.0153328036975147,-0.48917868503103357,2.559357160695638,0.8031806653019546,0.12177678324622505,-0.6907755644438651,0.9135859193542306,-1.0326485282806264,-0.6437856384418783,1.0683576189310875,4.49,18.07,49.97,0.34,0.647,2.047,53.32622150499696,-36.07808263433361,-39.139215200188836,3.190562167315196,1,0,0,0,1
2392,2392,1777638169.2617066,4685.504,1.5707848023918738,0.20645908786120667,-2.0153328036975147,-0.48917868503103357,2.559357160695638,0.8031806653019546,0.12174914881852861,-0.690774590115752,0.9135685981872221,-1.0326350851210244,-0.6437168259687208,1.0682995564628641,4.49,18.07,49.97,0.34,0.647,2.047,53.32622150499696,-36.08108209290042,-39.1363838616739,3.191374819273209,1,0,0,0,1
2393,2393,1777638169.2674806,4685.512,1.5707848023918738,0.20645908786120667,-2.0153328036975147,-0.48917868503103357,2.559357160695638,0.8031806653019546,0.12177960735682825,-0.6908108831034561,0.9135591667563236,-1.0325791557304116,-0.643796602538279,1.0683220923352856,4.49,18.07,49.97,0.34,0.647,2.047,53.32622150499696,-36.07863374168768,-39.138884647316594,3.1883845278133975,1,0,0,0,1
2394,2394,1777638169.27328,4685.5199999999995,1.5707848023918738,0.20645908786120667,-2.0153328036975147,-0.48917868503103357,2.559357160695638,0.8031806653019546,0.12175647877087056,-0.6908084407803659,0.913556364137475,-1.0325919750873045,-0.6438112864336196,1.0682907417794218,4.49,18.07,49.97,0.34,0.647,2.047,53.32622150499696,-36.07943283793122,-39.138251489523384,3.1871141234714115,1,0,0,0,1
2395,2395,1777638169.2782087,4685.527999999999,1.5707848023918738,0.20645908786120667,-2.0153328036975147,-0.48917868503103357,2.559357160695638,0.8031806653019546,0.1217313689653843,-0.6908425778162474,0.9135383615977426,-1.0325793016324036,-0.6438377665920331,1.0682692451402056,4.49,18.07,49.97,0.34,0.647,2.047,53.32622150499696,-36.079569681553295,-39.13826595512056,3.185386887050013,1,0,0,0,1
2396,2396,1777638172.9355483,4685.536,1.5707848023918738,0.20645908786120667,-2.0153328036975147,-0.48917868503103357,2.559357160695638,0.8031806653019546,0.12174738495642291,-0.6908121065030073,0.9135545769294195,-1.0325965439880807,-0.6438281096591791,1.0682918504080745,4.49,18.07,49.97,0.34,0.647,2.047,53.32622150499696,-36.07912085166613,-39.13858355414782,3.1865680513461117,1,0,0,0,1
2397,2397,1777638172.9407122,4685.544,1.5707848023918738,0.20645908786120667,-2.0153328036975147,-0.48917868503103357,2.559357160695638,0.8031806653019546,0.12173778871622057,-0.690783754875092,0.9135688372931334,-1.0326544454916435,-0.6437637002398471,1.0683189693573718,4.49,18.07,49.97,0.34,0.647,2.047,53.32622150499696,-36.079732110079334,-39.13770953397562,3.1903798048293974,1,0,0,0,1
2398,2398,1777638172.9496136,4685.552,1.5707848023918738,0.20645908786120667,-2.0153328036975147,-0.48917868503103357,2.559357160695638,0.8031806653019546,0.12178433462250293,-0.6908190090091519,0.9135440259993501,-1.032564652215274,-0.6438618368972223,1.0683395642616396,4.49,18.07,49.97,0.34,0.647,2.047,53.32622150499696,-36.07683160524613,-39.14071827353844,3.1862665234106737,1,0,0,0,1
2399,2399,1777638172.9556668,4685.5599999999995,1.5707848023918738,0.20645908786120667,-2.0153328036975147,-0.48917868503103357,2.559357160695638,0.8031806653019546,0.12176014263402996,-0.6908871039326906,0.9135386237509835,-1.0325184941388772,-0.643882098127976,1.068291552596362,4.49,18.07,49.97,0.34,0.647,2.047,53.32622150499696,-36.07773752114635,-39.14009542690715,3.1836591098719107,1,0,0,0,1
2400,2400,1777638172.9623759,4685.568,1.5707848023918738,0.20645908786120667,-2.0153328036975147,-0.48917868503103357,2.559357160695638,0.8031806653019546,0.12173056954146402,-0.6908329182098073,0.9135500727159108,-1.0325621335875717,-0.6437897602001704,1.0682228512505278,4.49,18.07,49.97,0.34,0.647,2.047,53.32622150499696,-36.08180633732749,-39.13617825746488,3.1857028793542623,1,0,0,0,1
2401,2401,1777638172.9692266,4685.576,1.5707848023918738,0.20645908786120667,-2.0153328036975147,-0.48917868503103357,2.559357160695638,0.8031806653019546,0.12172564357446791,-0.6908630987600322,0.9135393616574584,-1.0325534554510423,-0.643860244787694,1.0682325382073636,4.49,18.07,49.97,0.34,0.647,2.047,53.32622150499696,-36.08018826192833,-39.13787043648857,3.183239337599822,1,0,0,0,1
2402,2402,1777638172.976758,4685.584,1.5707848023918738,0.20645908786120667,-2.0153328036975147,-0.48917868503103357,2.559357160695638,0.8031806653019546,0.12177269136871238,-0.6907918040468809,0.9135809362233143,-1.0326379339502998,-0.6438327460575883,1.0683561142981755,4.49,18.07,49.97,0.34,0.647,2.047,53.32622150499696,-36.077227813404605,-39.14015972006206,3.1886408370550012,1,0,0,0,1
2403,2403,1777638172.9836254,4685.592,1.5707848023918738,0.20645908786120667,-2.0153328036975147,-0.48917868503103357,2.559357160695638,0.8031806653019546,0.12173026925177059,-0.6909279456268316,0.9134940246710801,-1.0324578450393416,-0.6439236554136692,1.0681823545295703,4.49,18.07,49.97,0.34,0.647,2.047,53.32622150499696,-36.08011997025265,-39.13832670022123,3.178399918028829,1,0,0,0,1
2404,2404,1777638172.9929178,4685.599999999999,1.5707848023918738,0.20645908786120667,-2.0153328036975147,-0.48917868503103357,2.559357160695638,0.8031806653019546,0.1217522006998629,-0.690780634620529,0.9135623744113296,-1.0326441616121251,-0.6438183750802732,1.0683491275568258,4.49,18.07,49.97,0.34,0.647,2.047,53.32622150499696,-36.07774067056211,-39.139653249639196,3.1890549706262195,1,0,0,0,1
2405,2405,1777638172.9982018,4685.608,1.5707848023918738,0.20645908786120667,-2.0153328036975147,-0.48917868503103357,2.559357160695638,0.8031806653019546,0.12174869292011392,-0.6908212091461379,0.9135608161200816,-1.0326030544369196,-0.6438110037735219,1.0682937195037547,4.49,18.07,49.97,0.34,0.647,2.047,53.32622150499696,-36.079403863358515,-39.138260417083025,3.1873324880317724,1,0,0,0,1
2406,2406,1777638173.0055168,4685.616,1.5707848023918738,0.20645908786120667,-2.0153328036975147,-0.48917868503103357,2.559357160695638,0.8031806653019546,0.1217744841400312,-0.6908818570649157,0.9135107109278842,-1.0324792836291439,-0.6438709203185937,1.0682590279002693,4.49,18.07,49.97,0.34,0.647,2.047,53.32622150499696,-36.07875471660739,-39.13923309923716,3.1827331811600685,1,0,0,0,1
2407,2407,1777638173.0127099,4685.624,1.5707848023918738,0.20645908786120667,-2.0153328036975147,-0.48917868503103357,2.559357160695638,0.8031806653019546,0.12177632203927091,-0.6908057998273859,0.9135483757951672,-1.0325775745282102,-0.6438140631920369,1.068314467038395,4.49,18.07,49.97,0.34,0.647,2.047,53.32622150499696,-36.078553460205576,-39.13903041605926,3.187503460370593,1,0,0,0,1
2408,2408,1777638173.019713,4685.632,1.5707848023918738,0.20645908786120667,-2.0153328036975147,-0.48917868503103357,2.559357160695638,0.8031806653019546,0.12176088712214711,-0.6908188158272732,0.9135470863099414,-1.0325796239048621,-0.6438237396055946,1.0683104093907285,4.49,18.07,49.97,0.34,0.647,2.047,53.32622150499696,-36.07851954738252,-39.139098362767626,3.1870529676704105,1,0,0,0,1
2409,2409,1777638173.027134,4685.639999999999,1.5707848023918738,0.20645908786120667,-2.0153328036975147,-0.48917868503103357,2.559357160695638,0.8031806653019546,0.1217578452655973,-0.6908408549863765,0.913527225969424,-1.0325656281226323,-0.6439000799554604,1.0682955734283,4.49,18.07,49.97,0.34,0.647,2.047,53.32622150499696,-36.07754394119458,-39.14027603721729,3.1836323439757814,1,0,0,0,1
2410,2410,1777638173.0349205,4685.648,1.5707848023918738,0.20645908786120667,-2.0153328036975147,-0.48917868503103357,2.559357160695638,0.8031806653019546,0.12175515799041164,-0.6908663268243191,0.9135405752097057,-1.032533077246796,-0.6438576929185248,1.0682637186209465,4.49,18.07,49.97,0.34,0.647,2.047,53.32622150499696,-36.079135936190895,-39.13878139651651,3.1839662205417545,1,0,0,0,1
2411,2411,1777638173.0386174,4685.648,1.5707848023918738,0.20645908786120667,-2.0153328036975147,-0.48917868503103357,2.559357160695638,0.8031806653019546,0.12175515799041164,-0.6908663268243191,0.9135405752097057,-1.032533077246796,-0.6438576929185248,1.0682637186209465,4.53,17.94,50.32,0.271,0.737,2.051,53.61405506021719,-36.09917759692722,-39.50529416195084,3.2631288670905465,0,1,0,0,1
2412,2412,1777638173.0416412,4685.656,1.5707848023918738,0.20645908786120667,-2.0153328036975147,-0.48917868503103357,2.559357160695638,0.8031806653019546,0.12175110435338043,-0.6909027636016074,0.9135265815283994,-1.0325021024298167,-0.6439157705690604,1.068252379769949,4.53,17.94,50.32,0.271,0.737,2.051,53.61405506021719,-36.098319788084,-39.5063134658298,3.2602768006441663,1,0,0,0,1
2413,2413,1777638173.0496702,4685.664,1.5707848023918738,0.20645908786120667,-2.0153328036975147,-0.48917868503103357,2.559357160695638,0.8031806653019546,0.12175394955149434,-0.6908175442687179,0.913557338798691,-1.0325888189974395,-0.6437993374843064,1.0683018576238994,4.53,17.94,50.32,0.271,0.737,2.051,53.61405506021719,-36.09931988324256,-39.50484221402466,3.2670239687434086,1,0,0,0,1
2414,2414,1777638173.0560994,4685.672,1.5707848023918738,0.20645908786120667,-2.0153328036975147,-0.48917868503103357,2.559357160695638,0.8031806653019546,0.12173835182203586,-0.69090228377507,0.9135098572373823,-1.0325179846539192,-0.6438907089399106,1.0682526930626328,4.53,17.94,50.32,0.271,0.737,2.051,53.61405506021719,-36.09885027825388,-39.50573525242806,3.261409320105805,1,0,0,0,1
2415,2415,1777638173.069581,4685.679999999999,1.5707848023918738,0.20645908786120667,-2.0153328036975147,-0.48917868503103357,2.559357160695638,0.8031806653019546,0.1217613215097728,-0.690846361431148,0.9135505703702181,-1.0325455660037597,-0.6438942800636603,1.068293376663909,4.53,17.94,50.32,0.271,0.737,2.051,53.61405506021719,-36.09763689820787,-39.50673516496668,3.2627269224264857,1,0,0,0,1
2416,2416,1777638173.071334,4685.688,1.5707848023918738,0.20645908786120667,-2.0153328036975147,-0.48917868503103357,2.559357160695638,0.8031806653019546,0.12175417634235272,-0.6908946366796982,0.9135288153168037,-1.0324744204405099,-0.6438682186935671,1.0682173293090658,4.53,17.94,50.32,0.271,0.737,2.051,53.61405506021719,-36.100147307460944,-39.50460333159063,3.2607637131965195,1,0,0,0,1
2417,2417,1777638173.077805,4685.696,1.5707848023918738,0.20645908786120667,-2.0153328036975147,-0.48917868503103357,2.559357160695638,0.8031806653019546,0.12177180907304487,-0.6908776970074172,0.9135395922282659,-1.0324963095181672,-0.6438886532324956,1.068269705181235,4.53,17.94,50.32,0.271,0.737,2.051,53.61405506021719,-36.09822392041367,-39.50628290960798,3.261708211610918,1,0,0,0,1
2418,2418,1777638173.0862315,4685.704,1.5707848023918738,0.20645908786120667,-2.0153328036975147,-0.48917868503103357,2.559357160695638,0.8031806653019546,0.12174845914327877,-0.6908482380478063,0.9135384968375788,-1.0325720554955753,-0.6438635702429159,1.0682984385762841,4.53,17.94,50.32,0.271,0.737,2.051,53.61405506021719,-36.09817608801927,-39.50611037624766,3.264326279355276,1,0,0,0,1
2419,2419,1777638173.0927253,4685.7119999999995,1.5707848023918738,0.20645908786120667,-2.0153328036975147,-0.48917868503103357,2.559357160695638,0.8031806653019546,0.1217538677001479,-0.6908041055500493,0.9135740003571855,-1.0325775394765235,-0.6438466518973338,1.0682865370589412,4.53,17.94,50.32,0.271,0.737,2.051,53.61405506021719,-36.09889263378989,-39.505425316355534,3.2646931230921066,1,0,0,0,1
2420,2420,1777638173.1004157,4685.719999999999,1.5707848023918738,0.20645908786120667,-2.0153328036975147,-0.48917868503103357,2.559357160695638,0.8031806653019546,0.12176864791695645,-0.6908229590107622,0.9135601997694918,-1.0325680420585963,-0.6438242871722897,1.0683074101049645,4.53,17.94,50.32,0.271,0.737,2.051,53.61405506021719,-36.09857693174587,-39.50560560227148,3.2660020668395426,1,0,0,0,1
2421,2421,1777638173.1071198,4685.728,1.5707848023918738,0.20645908786120667,-2.0153328036975147,-0.48917868503103357,2.559357160695638,0.8031806653019546,0.12175670212233786,-0.6909156963860499,0.9135267572497934,-1.0324567897128925,-0.643885629143048,1.0682261113927556,4.53,17.94,50.32,0.271,0.737,2.051,53.61405506021719,-36.09945464221674,-39.505286882494865,3.2601507428822294,1,0,0,0,1
2422,2422,1777638173.1138124,4685.736,1.5707848023918738,0.20645908786120667,-2.0153328036975147,-0.48917868503103357,2.559357160695638,0.8031806653019546,0.12176334320216267,-0.6908658778950815,0.9135480344825737,-1.0324808052326861,-0.6438395935508254,1.0682518983267184,4.53,17.94,50.32,0.271,0.737,2.051,53.61405506021719,-36.099594403701346,-39.50493446195898,3.262872514300902,1,0,0,0,1
2423,2423,1777638173.1213977,4685.744,1.5707848023918738,0.20645908786120667,-2.0153328036975147,-0.48917868503103357,2.559357160695638,0.8031806653019546,0.12179136305850044,-0.690884675250903,0.9135201455539737,-1.0324925586287728,-0.6439206789700002,1.068317936778943,4.53,17.94,50.32,0.271,0.737,2.051,53.61405506021719,-36.0960821080706,-39.50823181319492,3.2618055494277938,1,0,0,0,1
2424,2424,1777638173.1278553,4685.7519999999995,1.5707848023918738,0.20645908786120667,-2.0153328036975147,-0.48917868503103357,2.559357160695638,0.8031806653019546,0.12174915581321855,-0.6909125323764357,0.9135286387214766,-1.0324868733232542,-0.6439215842572943,1.068267070778846,4.53,17.94,50.32,0.271,0.737,2.051,53.61405506021719,-36.0976609724469,-39.50691428037854,3.260290839956654,1,0,0,0,1
2425,2425,1777638173.1357918,4685.76,1.5707848023918738,0.20645908786120667,-2.0153328036975147,-0.48917868503103357,2.559357160695638,0.8031806653019546,0.12176821636209229,-0.6908654906925549,0.9135530968260417,-1.0324973594233726,-0.6438526623732502,1.068264574116071,4.53,17.94,50.32,0.271,0.737,2.051,53.61405506021719,-36.09904419320537,-39.50543273176877,3.2629270621173174,1,0,0,0,1
2426,2426,1777638173.1437204,4685.768,1.5707848023918738,0.20645908786120667,-2.0153328036975147,-0.48917868503103357,2.559357160695638,0.8031806653019546,0.12176350793499291,-0.6909041749430102,0.9135064833484293,-1.032436738980728,-0.6439566982061207,1.0682194486732397,4.53,17.94,50.32,0.271,0.737,2.051,53.61405506021719,-36.098272669625956,-39.506621172531524,3.257068282891671,1,0,0,0,1
2427,2427,1777638173.2264025,4685.776,1.5707848023918738,0.20645908786120667,-2.0153328036975147,-0.48917868503103357,2.559357160695638,0.8031806653019546,0.12174413269148349,-0.6908713560808645,0.9135357054319313,-1.032500551978527,-0.6439384294462368,1.0682290092050732,4.53,17.94,50.32,0.271,0.737,2.051,53.61405506021719,-36.09864900379916,-39.506137856667394,3.2587592348164782,1,0,0,0,1
2428,2428,1777638173.2266033,4685.784,1.5707848023918738,0.20645908786120667,-2.0153328036975147,-0.48917868503103357,2.559357160695638,0.8031806653019546,0.12174744106231705,-0.6909449747651673,0.9135031306796981,-1.0324299806332513,-0.6439607493025726,1.068201834629856,4.53,17.94,50.32,0.271,0.737,2.051,53.61405506021719,-36.098725405184574,-39.50626686050453,3.2563480876102706,1,0,0,0,1
2429,2429,1777638173.23036,4685.7919999999995,1.5707848023918738,0.20645908786120667,-2.0153328036975147,-0.48917868503103357,2.559357160695638,0.8031806653019546,0.12173866230462456,-0.6909410785802821,0.9134789055010539,-1.0324034080445188,-0.6439587527396039,1.0681681173597044,4.53,17.94,50.32,0.271,0.737,2.051,53.61405506021719,-36.099693105347555,-39.50547912317518,3.2551769457423116,1,0,0,0,1
2430,2430,1777638173.2306817,4685.8,1.5707848023918738,0.20645908786120667,-2.0153328036975147,-0.48917868503103357,2.559357160695638,0.8031806653019546,0.12173739080462134,-0.6909277816462213,0.9135021079367657,-1.0324062238643457,-0.6439707513927171,1.0681709213186577,4.53,17.94,50.32,0.271,0.737,2.051,53.61405506021719,-36.099402093732124,-39.50577299465171,3.254837717935606,1,0,0,0,1
2431,2431,1777638173.2360263,4685.808,1.5707848023918738,0.20645908786120667,-2.0153328036975147,-0.48917868503103357,2.559357160695638,0.8031806653019546,0.12172048813207355,-0.6909783539447893,0.9134755884230654,-1.0323207764037428,-0.6439957742114725,1.0680974554191285,4.53,17.94,50.32,0.271,0.737,2.051,53.61405506021719,-36.1008277345876,-39.50479733670088,3.2508651562040023,1,0,0,0,1
2432,2432,1777638173.2361965,4685.816,1.5707848023918738,0.20645908786120667,-2.0153328036975147,-0.48917868503103357,2.559357160695638,0.8031806653019546,0.12174758268756286,-0.6910478202063972,0.9134515731723775,-1.0321926179025003,-0.6440849848698637,1.068049838215522,4.53,17.94,50.32,0.271,0.737,2.051,53.61405506021719,-36.10003100612937,-39.506031470904404,3.2447093516074226,1,0,0,0,1
2433,2433,1777638173.2363303,4685.816,1.5707848023918738,0.20645908786120667,-2.0153328036975147,-0.48917868503103357,2.559357160695638,0.8031806653019546,0.12174758268756286,-0.6910478202063972,0.9134515731723775,-1.0321926179025003,-0.6440849848698637,1.068049838215522,4.35,17.64,50.9,0.259,0.769,2.07,54.0453707545799,-36.01701142854734,-40.17156462532267,3.149981477630519,0,1,0,0,1
2434,2434,1777638173.2421513,4685.824,1.5707848023918738,0.20645908786120667,-2.0153328036975147,-0.48917868503103357,2.559357160695638,0.8031806653019546,0.12173151077423855,-0.6910242818813781,0.9134645855501866,-1.0322371692125916,-0.6440606255551695,1.068056936700753,4.35,17.64,50.9,0.259,0.769,2.07,54.0453707545799,-36.01747747725989,-40.171016712637154,3.1516396443919565,1,0,0,0,1
2435,2435,1777638173.2494397,4685.831999999999,1.5707848023918738,0.20645908786120667,-2.0153328036975147,-0.48917868503103357,2.559357160695638,0.8031806653019546,0.12172372052153088,-0.691030032743086,0.9134440274853116,-1.0322272902589433,-0.6441181457839699,1.0680099164711603,4.35,17.64,50.9,0.259,0.769,2.07,54.0453707545799,-36.01788602252891,-40.170933149424,3.1480337311762305,1,0,0,0,1
2436,2436,1777638173.2545743,4685.84,1.5707848023918738,0.20645908786120667,-2.0153328036975147,-0.48917868503103357,2.559357160695638,0.8031806653019546,0.12169683765978712,-0.6911005408895055,0.91342381768277,-1.032139506540315,-0.644106080823546,1.0678957760500016,4.35,17.64,50.9,0.259,0.769,2.07,54.0453707545799,-36.02132927249218,-40.16814450249813,3.144217656131105,1,0,0,0,1
2437,2437,1777638173.2582495,4685.848,1.5707848023918738,0.20645908786120667,-2.0153328036975147,-0.48917868503103357,2.559357160695638,0.8031806653019546,0.12171061047686162,-0.691053499438181,0.9134445465820099,-1.0321927268197786,-0.6441149613803124,1.067947131865484,4.35,17.64,50.9,0.259,0.769,2.07,54.0453707545799,-36.019792059054,-40.169385654801154,3.1459714141050092,1,0,0,0,1
2438,2438,1777638173.258457,4685.856,1.5707848023918738,0.20645908786120667,-2.0153328036975147,-0.48917868503103357,2.559357160695638,0.8031806653019546,0.12170375775026482,-0.6910635601606707,0.913444949484133,-1.0321390457765485,-0.6441659999678625,1.0678988311037516,4.35,17.64,50.9,0.259,0.769,2.07,54.0453707545799,-36.020119750788496,-40.16939942903605,3.142041159726364,1,0,0,0,1
2439,2439,1777638173.2587373,4685.864,1.5707848023918738,0.20645908786120667,-2.0153328036975147,-0.48917868503103357,2.559357160695638,0.8031806653019546,0.12169805872591571,-0.6911153357264386,0.9134089266853866,-1.0320829285798812,-0.644205078356739,1.0678476260467062,4.35,17.64,50.9,0.259,0.769,2.07,54.0453707545799,-36.02074928874381,-40.169115637612975,3.138450185925895,1,0,0,0,1
2440,2440,1777638173.2589326,4685.871999999999,1.5707848023918738,0.20645908786120667,-2.0153328036975147,-0.48917868503103357,2.559357160695638,0.8031806653019546,0.12171155212121834,-0.6911017330089467,0.9134108493557651,-1.0320867334871744,-0.6441892791880169,1.0678761619567054,4.35,17.64,50.9,0.259,0.769,2.07,54.0453707545799,-36.02013617121884,-40.169552729285684,3.1398923128014005,1,0,0,0,1
2441,2441,1777638173.2589872,4685.88,1.5707848023918738,0.20645908786120667,-2.0153328036975147,-0.48917868503103357,2.559357160695638,0.8031806653019546,0.12170489273284561,-0.6910823515940963,0.9134091142078562,-1.0321255042896418,-0.6442010737650163,1.0678808860121394,4.35,17.64,50.9,0.259,0.769,2.07,54.0453707545799,-36.01997892207041,-40.169681251692,3.1400520045163995,1,0,0,0,1
2442,2442,1777638173.2590387,4685.888,1.5707848023918738,0.20645908786120667,-2.0153328036975147,-0.48917868503103357,2.559357160695638,0.8031806653019546,0.1216986979048734,-0.6911248016976158,0.9134049497568716,-1.0320501629125705,-0.6442341437126108,1.0678413461558653,4.35,17.64,50.9,0.259,0.769,2.07,54.0453707545799,-36.02023466439117,-40.16970748994052,3.136780976544095,1,0,0,0,1
2443,2443,1777638173.2591639,4685.896,1.5707848023918738,0.20645908786120667,-2.0153328036975147,-0.48917868503103357,2.559357160695638,0.8031806653019546,0.1216785971292671,-0.6910856679088435,0.9134334473685402,-1.0320971132146297,-0.6441671036906343,1.0678047710816743,4.35,17.64,50.9,0.259,0.769,2.07,54.0453707545799,-36.02292084030796,-40.167136992451496,3.1388501019547017,1,0,0,0,1
2444,2444,1777638173.2645922,4685.9039999999995,1.5707848023918738,0.20645908786120667,-2.0153328036975147,-0.48917868503103357,2.559357160695638,0.8031806653019546,0.12171281278237596,-0.6911003740240536,0.9134070773136582,-1.0320625829413645,-0.6442296034353139,1.0678534643155246,4.35,17.64,50.9,0.259,0.769,2.07,54.0453707545799,-36.019993880438165,-40.16987169468224,3.1374430490389793,1,0,0,0,1
2445,2445,1777638173.271776,4685.911999999999,1.5707848023918738,0.20645908786120667,-2.0153328036975147,-0.48917868503103357,2.559357160695638,0.8031806653019546,0.12170827369591217,-0.6910739099373129,0.9134433874404001,-1.0321263294821739,-0.6441839065244371,1.0678884361679748,4.35,17.64,50.9,0.259,0.769,2.07,54.0453707545799,-36.02005583359066,-40.16954438836326,3.140920466411679,1,0,0,0,1
2446,2446,1777638173.2790494,4685.92,1.5707848023918738,0.20645908786120667,-2.0153328036975147,-0.48917868503103357,2.559357160695638,0.8031806653019546,0.1217011675147911,-0.6911055330818949,0.9134165196450826,-1.032094890696504,-0.6442233313827286,1.067850290803815,4.35,17.64,50.9,0.259,0.769,2.07,54.0453707545799,-36.0203913447846,-40.16947311547181,3.1379829499144263,1,0,0,0,1
2447,2447,1777638173.2860093,4685.928,1.5707848023918738,0.20645908786120667,-2.0153328036975147,-0.48917868503103357,2.559357160695638,0.8031806653019546,0.12169480911254528,-0.6911427207215431,0.9133949362378001,-1.03205049012571,-0.6442395638234916,1.0678252267194592,4.35,17.64,50.9,0.259,0.769,2.07,54.0453707545799,-36.02065946764868,-40.16937751494716,3.136128437635814,1,0,0,0,1
2448,2448,1777638173.2935603,4685.936,1.5707848023918738,0.20645908786120667,-2.0153328036975147,-0.48917868503103357,2.559357160695638,0.8031806653019546,0.1216912042223103,-0.6911098483136692,0.913407676285168,-1.032082127109522,-0.64418640406231,1.0678344263268962,4.35,17.64,50.9,0.259,0.769,2.07,54.0453707545799,-36.02151861980907,-40.16840049646483,3.1387733078946267,1,0,0,0,1
2449,2449,1777638173.3012881,4685.9439999999995,1.5707848023918738,0.20645908786120667,-2.0153328036975147,-0.48917868503103357,2.559357160695638,0.8031806653019546,0.12171523051265579,-0.6911553804309343,0.9133744475227408,-1.032013568678143,-0.6442651635979159,1.0678470506480053,4.35,17.64,50.9,0.259,0.769,2.07,54.0453707545799,-36.01927370453859,-40.17068260079686,3.135327922813011,1,0,0,0,1
2450,2450,1777638173.3153026,4685.952,1.5707848023918738,0.20645908786120667,-2.0153328036975147,-0.48917868503103357,2.559357160695638,0.8031806653019546,0.12167324259547185,-0.6910894518154658,0.9134023996341005,-1.0321120786546802,-0.6441727282215612,1.067826422339177,4.35,17.64,50.9,0.259,0.769,2.07,54.0453707545799,-36.022196740931975,-40.167741223184876,3.1394278116950174,1,0,0,0,1
2451,2451,1777638173.3172915,4685.96,1.5707848023918738,0.20645908786120667,-2.0153328036975147,-0.48917868503103357,2.559357160695638,0.8031806653019546,0.1217289485961051,-0.6911182416790412,0.9134105000775801,-1.0320590740387352,-0.6441907534265041,1.0678759815813503,4.35,17.64,50.9,0.259,0.769,2.07,54.0453707545799,-36.01996196425152,-40.16973995648907,3.1394954884375146,1,0,0,0,1
2452,2452,1777638173.3223062,4685.968,1.5707848023918738,0.20645908786120667,-2.0153328036975147,-0.48917868503103357,2.559357160695638,0.8031806653019546,0.12171514550566254,-0.6911049304537951,0.9134157642418403,-1.0320861259001004,-0.644225337619749,1.0678819228075511,4.35,17.64,50.9,0.259,0.769,2.07,54.0453707545799,-36.01927905310899,-40.170415362564555,3.138688594509051,1,0,0,0,1
2453,2453,1777638173.3256822,4685.968,1.5707848023918738,0.20645908786120667,-2.0153328036975147,-0.48917868503103357,2.559357160695638,0.8031806653019546,0.12171514550566254,-0.6911049304537951,0.9134157642418403,-1.0320861259001004,-0.644225337619749,1.0678819228075511,4.47,17.85,50.38,0.331,0.704,2.057,53.63532231654808,-36.033333165344054,-39.599789853122644,3.194267456529116,0,1,0,0,1
2454,2454,1777638173.3294384,4685.976,1.5707848023918738,0.20645908786120667,-2.0153328036975147,-0.48917868503103357,2.559357160695638,0.8031806653019546,0.12169655164478767,-0.6911145718802325,0.9134065510267445,-1.0320471795129407,-0.644191704774126,1.0678030257670128,4.47,17.85,50.38,0.331,0.704,2.057,53.63532231654808,-36.03625688496423,-39.59724144132982,3.1928764394978555,1,0,0,0,1
2455,2455,1777638173.3375978,4685.9839999999995,1.5707848023918738,0.20645908786120667,-2.0153328036975147,-0.48917868503103357,2.559357160695638,0.8031806653019546,0.12168611033694862,-0.6911308169304655,0.9134047122682136,-1.0320765486231902,-0.6441677748944658,1.0678267296409036,4.47,17.85,50.38,0.331,0.704,2.057,53.63532231654808,-36.03609369765766,-39.597236663856975,3.1947769249414577,1,0,0,0,1
2456,2456,1777638173.3438945,4685.992,1.5707848023918738,0.20645908786120667,-2.0153328036975147,-0.48917868503103357,2.559357160695638,0.8031806653019546,0.12168845310573301,-0.6911118969914363,0.9134141776555529,-1.032089224080608,-0.6442101317157991,1.067840239282909,4.47,17.85,50.38,0.331,0.704,2.057,53.63532231654808,-36.034961480497756,-39.598352799203994,3.1937136203510423,1,0,0,0,1
2457,2457,1777638173.35149,4686.0,1.5707848023918738,0.20645908786120667,-2.0153328036975147,-0.48917868503103357,2.559357160695638,0.8031806653019546,0.12168921089721041,-0.6911632349302546,0.9133820641828156,-1.032004424335894,-0.6442729093734622,1.0677791429009063,4.47,17.85,50.38,0.331,0.704,2.057,53.63532231654808,-36.03531195146808,-39.59844053908767,3.188667344318153,1,0,0,0,1
2458,2458,1777638173.3611233,4686.008,1.5707848023918738,0.20645908786120667,-2.0153328036975147,-0.48917868503103357,2.559357160695638,0.8031806653019546,0.12168144811383592,-0.6910991014370121,0.9134210572130426,-1.0320876934117167,-0.6442326602069623,1.0678167251320554,4.47,17.85,50.38,0.331,0.704,2.057,53.63532231654808,-36.03529705304034,-39.59816972443449,3.1921968570283963,1,0,0,0,1
2459,2459,1777638173.365794,4686.016,1.5707848023918738,0.20645908786120667,-2.0153328036975147,-0.48917868503103357,2.559357160695638,0.8031806653019546,0.1216953866896146,-0.6911475709347297,0.9134078340329518,-1.0320486979930086,-0.6442515001101848,1.0678337035405847,4.47,17.85,50.38,0.331,0.704,2.057,53.63532231654808,-36.03419668850792,-39.59922668976415,3.1915066327041797,1,0,0,0,1
2460,2460,1777638173.3726792,4686.023999999999,1.5707848023918738,0.20645908786120667,-2.0153328036975147,-0.48917868503103357,2.559357160695638,0.8031806653019546,0.12169568765943897,-0.6910909082669958,0.9134096035357271,-1.0320797685245615,-0.644198380950619,1.067829001488956,4.47,17.85,50.38,0.331,0.704,2.057,53.63532231654808,-36.035482834627814,-39.5978769832649,3.193730623184108,1,0,0,0,1
2461,2461,1777638173.3799102,4686.032,1.5707848023918738,0.20645908786120667,-2.0153328036975147,-0.48917868503103357,2.559357160695638,0.8031806653019546,0.12169515606957003,-0.6911106555465384,0.9134088946245871,-1.0320609940130754,-0.6441978174594192,1.067810783586688,4.47,17.85,50.38,0.331,0.704,2.057,53.63532231654808,-36.03597335103969,-39.597487500784716,3.1930249401398374,1,0,0,0,1
2462,2462,1777638173.3890102,4686.04,1.5707848023918738,0.20645908786120667,-2.0153328036975147,-0.48917868503103357,2.559357160695638,0.8031806653019546,0.121686340825476,-0.6911252165623147,0.9133943462641687,-1.0320733806638684,-0.6442624422791476,1.0678143945182075,4.47,17.85,50.38,0.331,0.704,2.057,53.63532231654808,-36.034752098627784,-39.59877434414807,3.190848105391648,1,0,0,0,1
2463,2463,1777638173.3945668,4686.048,1.5707848023918738,0.20645908786120667,-2.0153328036975147,-0.48917868503103357,2.559357160695638,0.8031806653019546,0.1216773177211499,-0.6911737543121745,0.9133832847416322,-1.0319975219410704,-0.644235574681983,1.0677580512636804,4.47,17.85,50.38,0.331,0.704,2.057,53.63532231654808,-36.036627629139325,-39.59718428079574,3.1893990266906194,1,0,0,0,1
2464,2464,1777638173.401649,4686.056,1.5707848023918738,0.20645908786120667,-2.0153328036975147,-0.48917868503103357,2.559357160695638,0.8031806653019546,0.12168287830363232,-0.6911102440279201,0.9134245075348406,-1.0320949546677556,-0.6441739694491866,1.0678288578189583,4.47,17.85,50.38,0.331,0.704,2.057,53.63532231654808,-36.036014240416506,-39.59730554496388,3.1948194382894406,1,0,0,0,1
2465,2465,1777638173.4137712,4686.063999999999,1.5707848023918738,0.20645908786120667,-2.0153328036975147,-0.48917868503103357,2.559357160695638,0.8031806653019546,0.12169947735440273,-0.6911503244728191,0.9133961567202009,-1.03203817178285,-0.6442160305826692,1.0678250028652942,4.47,17.85,50.38,0.331,0.704,2.057,53.63532231654808,-36.03506168252572,-39.59836183394891,3.1924707679516175,1,0,0,0,1
2466,2466,1777638173.4167402,4686.072,1.5707848023918738,0.20645908786120667,-2.0153328036975147,-0.48917868503103357,2.559357160695638,0.8031806653019546,0.12170677374927487,-0.6911297492310189,0.9134155540257436,-1.0320388499492918,-0.6441991041943643,1.0678188880610202,4.47,17.85,50.38,0.331,0.704,2.057,53.63532231654808,-36.03556865999255,-39.59786239608241,3.1929430016652542,1,0,0,0,1
2467,2467,1777638173.423356,4686.08,1.5707848023918738,0.20645908786120667,-2.0153328036975147,-0.48917868503103357,2.559357160695638,0.8031806653019546,0.12171336085084672,-0.6910767898154282,0.9134289755004166,-1.032133597839317,-0.6441609003057699,1.0679066086448383,4.47,17.85,50.38,0.331,0.704,2.057,53.63532231654808,-36.03397366807465,-39.598911776714345,3.197925544551705,1,0,0,0,1
2468,2468,1777638173.4319735,4686.088,1.5707848023918738,0.20645908786120667,-2.0153328036975147,-0.48917868503103357,2.559357160695638,0.8031806653019546,0.12169860876015573,-0.6911483761249702,0.9133970161270826,-1.0320501922163077,-0.6442343317889437,1.0678411542461628,4.47,17.85,50.38,0.331,0.704,2.057,53.63532231654808,-36.03427807239743,-39.59908263634224,3.1923750032345293,1,0,0,0,1
2469,2469,1777638173.4382453,4686.096,1.5707848023918738,0.20645908786120667,-2.0153328036975147,-0.48917868503103357,2.559357160695638,0.8031806653019546,0.12169999246426,-0.6911092897819532,0.9134230305552833,-1.032087676327077,-0.6441997251563831,1.0678580631974812,4.47,17.85,50.38,0.331,0.704,2.057,53.63532231654808,-36.034571065180344,-39.5986380633627,3.1945816119281236,1,0,0,0,1
2470,2470,1777638173.493046,4686.103999999999,1.5707848023918738,0.20645908786120667,-2.0153328036975147,-0.48917868503103357,2.559357160695638,0.8031806653019546,0.12170938254951703,-0.6910938380179051,0.9134141108251981,-1.03212376549127,-0.6441663973547159,1.0679153084464703,4.47,17.85,50.38,0.331,0.704,2.057,53.63532231654808,-36.03354111569082,-39.599311766632745,3.1978465055160177,1,0,0,0,1
2471,2471,1777638173.493327,4686.112,1.5707848023918738,0.20645908786120667,-2.0153328036975147,-0.48917868503103357,2.559357160695638,0.8031806653019546,0.12169132378521542,-0.6911245793348634,0.9134109695544714,-1.0320722995129323,-0.6441509385834375,1.0678397008623937,4.47,17.85,50.38,0.331,0.704,2.057,53.63532231654808,-36.03596060098302,-39.597281750285106,3.195719254399179,1,0,0,0,1
2472,2472,1777638173.4980536,4686.12,1.5707848023918738,0.20645908786120667,-2.0153328036975147,-0.48917868503103357,2.559357160695638,0.8031806653019546,0.12171618158396166,-0.6910704914844438,0.9134377905136317,-1.0321156111241403,-0.6441433172180837,1.067895839101991,4.47,17.85,50.38,0.331,0.704,2.057,53.63532231654808,-36.03453900502935,-39.598385313630295,3.198074303121541,1,0,0,0,1
2473,2473,1777638173.5078852,4686.128,1.5707848023918738,0.20645908786120667,-2.0153328036975147,-0.48917868503103357,2.559357160695638,0.8031806653019546,0.12170889112517075,-0.6910819548122533,0.9134507189803769,-1.0321357412034962,-0.6441488620733213,1.0679120988495276,4.47,17.85,50.38,0.331,0.704,2.057,53.63532231654808,-36.034028192423285,-39.59881135027646,3.1985546537241523,1,0,0,0,1
2474,2474,1777638173.5114062,4686.128,1.5707848023918738,0.20645908786120667,-2.0153328036975147,-0.48917868503103357,2.559357160695638,0.8031806653019546,0.12170889112517075,-0.6910819548122533,0.9134507189803769,-1.0321357412034962,-0.6441488620733213,1.0679120988495276,4.31,17.11,51.08,0.29,0.645,2.101,54.04160064246802,-35.59827099834719,-40.533233157912285,3.211652486579575,0,1,0,0,1
2475,2475,1777638173.5115142,4686.1359999999995,1.5707848023918738,0.20645908786120667,-2.0153328036975147,-0.48917868503103357,2.559357160695638,0.8031806653019546,0.12173699459007821,-0.6911251957227913,0.9133987042599636,-1.0320775825917325,-0.6441808086553504,1.067925978318211,4.31,17.11,51.08,0.29,0.645,2.101,54.04160064246802,-35.596895587443306,-40.534563395507206,3.2101082337307782,1,0,0,0,1
2476,2476,1777638173.5148275,4686.144,1.5707848023918738,0.20645908786120667,-2.0153328036975147,-0.48917868503103357,2.559357160695638,0.8031806653019546,0.12174183938004307,-0.6911073338037481,0.9133955736027318,-1.0321045564112608,-0.6441824208113159,1.0679733426397815,4.31,17.11,51.08,0.29,0.645,2.101,54.04160064246802,-35.59546441722419,-40.53569255385545,3.211719492955995,1,0,0,0,1
2477,2477,1777638173.5149062,4686.152,1.5707848023918738,0.20645908786120667,-2.0153328036975147,-0.48917868503103357,2.559357160695638,0.8031806653019546,0.12172716652314126,-0.6910859761459172,0.9134236603827819,-1.0321461473586728,-0.644146029081419,1.0679780022366612,4.31,17.11,51.08,0.29,0.645,2.101,54.04160064246802,-35.59622244512953,-40.53486664648392,3.213741369280074,1,0,0,0,1
2478,2478,1777638173.514957,4686.16,1.5707848023918738,0.20645908786120667,-2.0153328036975147,-0.48917868503103357,2.559357160695638,0.8031806653019546,0.12173052065410522,-0.691105445061436,0.9134333737928277,-1.0321163366759765,-0.6441460109101149,1.067970754617644,4.31,17.11,51.08,0.29,0.645,2.101,54.04160064246802,-35.596293446868856,-40.534850294981986,3.2131611238467617,1,0,0,0,1
2479,2479,1777638173.515039,4686.168,1.5707848023918738,0.20645908786120667,-2.0153328036975147,-0.48917868503103357,2.559357160695638,0.8031806653019546,0.12171665144624923,-0.6911386368662502,0.9134135880083158,-1.0320940623820276,-0.6441202114055391,1.067934085297017,4.31,17.11,51.08,0.29,0.645,2.101,54.04160064246802,-35.59785101627735,-40.533509742452765,3.2128166741050754,1,0,0,0,1
2480,2480,1777638173.5150828,4686.1759999999995,1.5707848023918738,0.20645908786120667,-2.0153328036975147,-0.48917868503103357,2.559357160695638,0.8031806653019546,0.12173367899761413,-0.6910504558617812,0.9134452048720438,-1.0321802550692027,-0.6440944674094514,1.068008167930312,4.31,17.11,51.08,0.29,0.645,2.101,54.04160064246802,-35.59638528185385,-40.53446884087276,3.2169536294659706,1,0,0,0,1
2481,2481,1777638173.5248084,4686.184,1.5707848023918738,0.20645908786120667,-2.0153328036975147,-0.48917868503103357,2.559357160695638,0.8031806653019546,0.1217025009052926,-0.691097108487335,0.9134424203908201,-1.032154814742467,-0.6440841800139617,1.067957107219895,4.31,17.11,51.08,0.29,0.645,2.101,54.04160064246802,-35.598107761369846,-40.533064873409735,3.215583271796364,1,0,0,0,1
2482,2482,1777638173.5249143,4686.192,1.5707848023918738,0.20645908786120667,-2.0153328036975147,-0.48917868503103357,2.559357160695638,0.8031806653019546,0.12174569228233934,-0.6910046105803879,0.9134740627818022,-1.0322290185627285,-0.6440675678673768,1.0680594088616076,4.31,17.11,51.08,0.29,0.645,2.101,54.04160064246802,-35.59548004400278,-40.5350204213947,3.220018613939169,1,0,0,0,1
2483,2483,1777638173.5319266,4686.2,1.5707848023918738,0.20645908786120667,-2.0153328036975147,-0.48917868503103357,2.559357160695638,0.8031806653019546,0.12173538932749474,-0.6910692083299452,0.9134510832740138,-1.0321855499671924,-0.6440835982754137,1.0680482963903533,4.31,17.11,51.08,0.29,0.645,2.101,54.04160064246802,-35.595302323343525,-40.53529270704065,3.2185552138051463,1,0,0,0,1
2484,2484,1777638173.5386465,4686.208,1.5707848023918738,0.20645908786120667,-2.0153328036975147,-0.48917868503103357,2.559357160695638,0.8031806653019546,0.12175069138053192,-0.6910716768797363,0.9134285662352807,-1.0321729209540693,-0.6441204494726447,1.068037086553697,4.31,17.11,51.08,0.29,0.645,2.101,54.04160064246802,-35.594912578949575,-40.535782307471614,3.216698807505512,1,0,0,0,1
2485,2485,1777638173.546816,4686.215999999999,1.5707848023918738,0.20645908786120667,-2.0153328036975147,-0.48917868503103357,2.559357160695638,0.8031806653019546,0.12174727840472346,-0.6910586871428129,0.9134498632854865,-1.0321924581776456,-0.6441209347307963,1.0680693873976437,4.31,17.11,51.08,0.29,0.645,2.101,54.04160064246802,-35.59395434989637,-40.53653353155018,3.2178351391890003,1,0,0,0,1
2486,2486,1777638173.5546908,4686.224,1.5707848023918738,0.20645908786120667,-2.0153328036975147,-0.48917868503103357,2.559357160695638,0.8031806653019546,0.12173741773841905,-0.6910465622864257,0.9134695207003759,-1.0322107516541974,-0.6440724284322675,1.0680388660714661,4.31,17.11,51.08,0.29,0.645,2.101,54.04160064246802,-35.595960477954534,-40.53467719405897,3.2190281802640506,1,0,0,0,1
2487,2487,1777638173.5597732,4686.232,1.5707848023918738,0.20645908786120667,-2.0153328036975147,-0.48917868503103357,2.559357160695638,0.8031806653019546,0.12171626465800071,-0.6910463022934713,0.9134458001187606,-1.0322290947772033,-0.6440406654893807,1.068028237320921,4.31,17.11,51.08,0.29,0.645,2.101,54.04160064246802,-35.59700304875285,-40.53367229897557,3.2201527768634675,1,0,0,0,1
2488,2488,1777638173.5688262,4686.24,1.5707848023918738,0.20645908786120667,-2.0153328036975147,-0.48917868503103357,2.559357160695638,0.8031806653019546,0.12173249660652245,-0.6910877967356,0.9134378966932486,-1.0322028486724613,-0.6441019341923282,1.0680586538722607,4.31,17.11,51.08,0.29,0.645,2.101,54.04160064246802,-35.59471819112049,-40.53581974552829,3.218377611896023,1,0,0,0,1
2489,2489,1777638173.5755064,4686.248,1.5707848023918738,0.20645908786120667,-2.0153328036975147,-0.48917868503103357,2.559357160695638,0.8031806653019546,0.12171757198534267,-0.690910791820667,0.9135386238617547,-1.032472525750964,-0.6439455105448864,1.0681427089314657,4.31,17.11,51.08,0.29,0.645,2.101,54.04160064246802,-35.59638638568331,-40.53342902650308,3.230016661656265,1,0,0,0,1
2490,2490,1777638173.5813742,4686.255999999999,1.5707848023918738,0.20645908786120667,-2.0153328036975147,-0.48917868503103357,2.559357160695638,0.8031806653019546,0.12172982828523338,-0.6909952707772719,0.9134945791673539,-1.0323445462529126,-0.6440157133476024,1.0681092053477161,4.31,17.11,51.08,0.29,0.645,2.101,54.04160064246802,-35.595460587405015,-40.534655509221174,3.2248237656127334,1,0,0,0,1
2491,2491,1777638173.5884957,4686.264,1.5707848023918738,0.20645908786120667,-2.0153328036975147,-0.48917868503103357,2.559357160695638,0.8031806653019546,0.12172674107785303,-0.6909436153722636,0.913515282936692,-1.0323955215367644,-0.643963075094716,1.068136967578279,4.31,17.11,51.08,0.29,0.645,2.101,54.04160064246802,-35.59581637522246,-40.534072551793685,3.228222258049939,1,0,0,0,1
2492,2492,1777638173.5957913,4686.272,1.5707848023918738,0.20645908786120667,-2.0153328036975147,-0.48917868503103357,2.559357160695638,0.8031806653019546,0.12174314034684766,-0.6910019901699291,0.9134803231576272,-1.032317301379519,-0.6440581009415183,1.0681127783735902,4.31,17.11,51.08,0.29,0.645,2.101,54.04160064246802,-35.594401541395285,-40.5357313247168,3.222990052775471,1,0,0,0,1
2493,2493,1777638173.605908,4686.28,1.5707848023918738,0.20645908786120667,-2.0153328036975147,-0.48917868503103357,2.559357160695638,0.8031806653019546,0.12173115595605713,-0.6909702256614396,0.9135071607322477,-1.0323725583045145,-0.6439866388515518,1.0681214711028975,4.31,17.11,51.08,0.29,0.645,2.101,54.04160064246802,-35.59575687677697,-40.53425294169834,3.2266129033095723,1,0,0,0,1
2494,2494,1777638173.610362,4686.288,1.5707848023918738,0.20645908786120667,-2.0153328036975147,-0.48917868503103357,2.559357160695638,0.8031806653019546,0.12174767292399732,-0.6909802131310702,0.9134863233801314,-1.032357003838132,-0.6440060675667701,1.068137300580032,4.31,17.11,51.08,0.29,0.645,2.101,54.04160064246802,-35.59478921723267,-40.53514094677479,3.226132205269704,1,0,0,0,1
2495,2495,1777638173.615702,4686.288,1.5707848023918738,0.20645908786120667,-2.0153328036975147,-0.48917868503103357,2.559357160695638,0.8031806653019546,0.12174767292399732,-0.6909802131310702,0.9134863233801314,-1.032357003838132,-0.6440060675667701,1.068137300580032,4.2,19.26,50.19,0.303,0.588,1.89,53.92238588935026,-37.202030068105714,-38.94208929310724,2.6732639786261476,0,1,0,0,1
2496,2496,1777638173.6172676,4686.295999999999,1.5707848023918738,0.20645908786120667,-2.0153328036975147,-0.48917868503103357,2.559357160695638,0.8031806653019546,0.12173139217939671,-0.6909581303846618,0.9134990979353991,-1.032383739635329,-0.6439446984567727,1.0681070374585273,4.2,19.26,50.19,0.303,0.588,1.89,53.92238588935026,-37.20423226889504,-38.93986358983062,2.675037361887098,1,0,0,0,1
2497,2497,1777638173.6259542,4686.304,1.5707848023918738,0.20645908786120667,-2.0153328036975147,-0.48917868503103357,2.559357160695638,0.8031806653019546,0.12172231362752835,-0.6909618718411911,0.9134972548307636,-1.0323881080455959,-0.6439617823580408,1.0681078841035578,4.2,19.26,50.19,0.303,0.588,1.89,53.92238588935026,-37.20391769707595,-38.94020399587591,2.6744570942095427,1,0,0,0,1
2498,2498,1777638173.6322312,4686.312,1.5707848023918738,0.20645908786120667,-2.0153328036975147,-0.48917868503103357,2.559357160695638,0.8031806653019546,0.1217173131303688,-0.6910245846324412,0.9134853775752858,-1.0323299520344127,-0.6439720598916469,1.0680750713055838,4.2,19.26,50.19,0.303,0.588,1.89,53.92238588935026,-37.204459792718666,-38.93981807745198,2.6725343079038586,1,0,0,0,1
2499,2499,1777638173.639341,4686.32,1.5707848023918738,0.20645908786120667,-2.0153328036975147,-0.48917868503103357,2.559357160695638,0.8031806653019546,0.12170105323867761,-0.6910043414061251,0.9134687225647676,-1.032374230048936,-0.6439888111477066,1.068071802479447,4.2,19.26,50.19,0.303,0.588,1.89,53.92238588935026,-37.20448597355109,-38.93981091797587,2.672274146888356,1,0,0,0,1
