epoch_time,Time,Act_q0,Act_q1,Act_q2,Act_q3,Act_q4,Act_q5,Act_qd0,Act_qd1,Act_qd2,Act_qd3,Act_qd4,Act_qd5,Act_I0,Act_I1,Act_I2,Act_I3,Act_I4,Act_I5,Act_X,Act_Y,Act_Z,Act_RX,Act_RY,Act_RZ,Act_dX,Act_dY,Act_dZ,Act_dRX,Act_dRY,Act_dRZ,Tgt_q0,Tgt_q1,Tgt_q2,Tgt_q3,Tgt_q4,Tgt_q5,Robot_Mode,Safety_Mode,Main_Voltage,Robot_Voltage,Robot_Current,Fx,Fy,Fz,Mx,My,Mz,Label,ur_fresh,ft_fresh
1777637017.9827988,nan,nan,nan,nan,nan,nan,nan,nan,nan,nan,nan,nan,nan,nan,nan,nan,nan,nan,nan,nan,nan,nan,nan,nan,nan,nan,nan,nan,nan,nan,nan,nan,nan,nan,nan,nan,nan,nan,nan,nan,nan,nan,5.61,34.41,52.73,0.433,0.745,1.312,0,0,1
1777637018.1272979,nan,nan,nan,nan,nan,nan,nan,nan,nan,nan,nan,nan,nan,nan,nan,nan,nan,nan,nan,nan,nan,nan,nan,nan,nan,nan,nan,nan,nan,nan,nan,nan,nan,nan,nan,nan,nan,nan,nan,nan,nan,nan,5.67,34.48,52.73,0.433,0.743,1.311,0,0,1
1777637018.1610231,3532.5119999999997,2.2381772994995117,0.19930100440979004,-1.8106959501849573,-0.5707882086383265,2.2096526622772217,0.7947279214859009,0.0,0.0,-0.0,0.0,0.0,0.0,0.2746582329273224,6.733704090118408,0.36093148589134216,0.3835602104663849,0.01794433780014515,-0.1592559963464737,0.6470626796515948,-0.5599234720645935,0.9096676184623674,-0.7016612989002553,-0.654065939031973,1.5597444853336881,0.0,0.0,0.0,0.0,0.0,0.0,2.2382376194000244,0.19928908348083496,-1.8107078711139124,-0.5707882086383265,2.2096526622772212,0.794679939746857,7.0,1.0,47.986000061035156,48.2130012512207,48.04600143432617,5.67,34.48,52.73,0.433,0.743,1.311,0,1,0
1777637018.1683488,3532.52,2.238201141357422,0.19928908348083496,-1.8106721083270472,-0.5708239714251917,2.209688425064087,0.7947518825531006,0.0,0.0,-0.0,0.0,0.0,0.0,0.2517700493335724,6.687927722930908,0.36317330598831177,0.3768310844898224,0.01794433780014515,-0.1637420803308487,0.6470748362524067,-0.5599045792623615,0.9096837673746134,-0.7016926427759487,-0.6541069543551141,1.5597975404756674,0.0,0.0,0.0,0.0,0.0,0.0,2.2382376194000244,0.19928908348083496,-1.8107078711139124,-0.5707882086383265,2.2096526622772212,0.794679939746857,7.0,1.0,47.986000061035156,48.2130012512207,48.04600143432617,5.67,34.48,52.73,0.433,0.743,1.311,0,1,0
1777637018.1770132,3532.528,2.2381532192230225,0.19928908348083496,-1.8106840292560022,-0.5708482901202601,2.2096645832061768,0.7947039604187012,0.0,0.0,-0.0,0.0,0.0,0.0,0.2609253227710724,6.665039539337158,0.33851340413093567,0.3813171684741974,0.01570129580795765,-0.1704712063074112,0.6470345114176386,-0.5599319465285244,0.909688175833159,-0.7017227317059229,-0.6540676177083674,1.5597120725838054,0.0,0.0,0.0,0.0,0.0,0.0,2.2382376194000244,0.19928908348083496,-1.8107078711139124,-0.5707882086383265,2.2096526622772212,0.794679939746857,7.0,1.0,47.986000061035156,48.2130012512207,48.04600143432617,5.67,34.48,52.73,0.433,0.743,1.311,0,1,0
1777637018.231781,3532.536,2.2381653785705566,0.19928908348083496,-1.810660187398092,-0.5707762877093714,2.2096645832061768,0.794715940952301,0.0,0.0,-0.0,0.0,0.0,0.0,0.2655029594898224,6.701660633087158,0.3474806249141693,0.4059906303882599,0.01570129580795765,-0.1682281643152237,0.6470706020245949,-0.5599563770933762,0.909664681662169,-0.7016199432522022,-0.654081329278793,1.5597183293984673,0.0,0.0,0.0,0.0,0.0,0.0,2.2382376194000244,0.19928908348083496,-1.8107078711139124,-0.5707882086383265,2.2096526622772212,0.794679939746857,7.0,1.0,48.04600143432617,48.22800064086914,48.04600143432617,5.67,34.48,52.73,0.433,0.743,1.311,0,1,0
1777637018.2318213,3532.544,2.2381532192230225,0.19925343990325928,-1.8106840292560022,-0.5708001295672815,2.2096526622772217,0.7947039604187012,0.0,0.0,-0.0,0.0,0.0,0.0,0.2609253227710724,6.651306629180908,0.3474806249141693,0.3835602104663849,0.01570129580795765,-0.1570129543542862,0.6470283727215345,-0.559921639404034,0.9097054317986814,-0.7017087647838254,-0.6540558180632174,1.5597084844800302,0.0,0.0,0.0,0.0,0.0,0.0,2.2382376194000244,0.19928908348083496,-1.8107078711139124,-0.5707882086383265,2.2096526622772212,0.794679939746857,7.0,1.0,48.04600143432617,48.22800064086914,48.04600143432617,5.67,34.48,52.73,0.433,0.743,1.311,0,1,0
1777637018.2329865,3532.5519999999997,2.2381532192230225,0.19931304454803467,-1.810660187398092,-0.5708001295672815,2.209676504135132,0.7947279214859009,0.0,0.0,-0.0,0.0,0.0,0.0,0.2655029594898224,6.687927722930908,0.3429970145225525,0.3947754204273224,0.02018737979233265,-0.1592559963464737,0.6470703265618678,-0.5599704562667327,0.9096520480231327,-0.7016279132440456,-0.6540861067048647,1.5597197276980903,0.0,0.0,0.0,0.0,0.0,0.0,2.2382376194000244,0.19928908348083496,-1.8107078711139124,-0.5707882086383265,2.2096526622772212,0.794679939746857,7.0,1.0,48.04600143432617,48.22800064086914,48.04600143432617,5.67,34.48,52.73,0.433,0.743,1.311,0,1,0
1777637018.2330208,3532.56,2.2381772994995117,0.19930100440979004,-1.8106840292560022,-0.5708239714251917,2.2096526622772217,0.7947399020195007,0.0,0.0,-0.0,0.0,0.0,0.0,0.2700805962085724,6.665039539337158,0.36541512608528137,0.4015045464038849,0.02018737979233265,-0.1502838283777237,0.6470629419720217,-0.5599194301169697,0.9096754092782255,-0.7016925244095901,-0.6540600359545716,1.5597594182447219,0.0,0.0,0.0,0.0,0.0,0.0,2.2382376194000244,0.19928908348083496,-1.8107078711139124,-0.5707882086383265,2.2096526622772212,0.794679939746857,7.0,1.0,48.04600143432617,48.22800064086914,48.04600143432617,5.67,34.48,52.73,0.433,0.743,1.311,0,1,0
1777637018.2349145,3532.5679999999998,2.2381772994995117,0.1992654800415039,-1.8106721083270472,-0.5707762877093714,2.2096405029296875,0.7946919798851013,0.0,0.0,-0.0,0.0,0.0,0.0,0.2838135063648224,6.710815906524658,0.3519642651081085,0.3768310844898224,0.01570129580795765,-0.1749572902917862,0.6470594382932006,-0.5599303705198759,0.9096849510409757,-0.7016455765038901,-0.6540618854536662,1.5597098337625424,0.0,0.0,0.0,0.0,0.0,0.0,2.2382376194000244,0.19928908348083496,-1.8107078711139124,-0.5707882086383265,2.2096526622772212,0.794679939746857,7.0,1.0,48.04600143432617,48.22800064086914,48.04600143432617,5.67,34.48,52.73,0.433,0.743,1.311,0,1,0
1777637018.2356732,3532.576,2.2381653785705566,0.1992415189743042,-1.8106959501849573,-0.5708239714251917,2.2096645832061768,0.794715940952301,0.0,0.0,-0.0,0.0,0.0,0.0,0.2883911430835724,6.660461902618408,0.35420605540275574,0.3992615044116974,0.01794433780014515,-0.1570129543542862,0.6470176781001532,-0.5598895145214361,0.9097258112692901,-0.7017634737900635,-0.6540654832105098,1.5597403720786152,0.0,0.0,0.0,0.0,0.0,0.0,2.2382376194000244,0.19928908348083496,-1.8107078711139124,-0.5707882086383265,2.2096526622772212,0.794679939746857,7.0,1.0,48.04600143432617,48.22800064086914,48.04600143432617,5.67,34.48,52.73,0.433,0.743,1.311,0,1,0
1777637018.2364714,3532.584,2.2381653785705566,0.19930100440979004,-1.8106959501849573,-0.570836369191305,2.2096526622772217,0.7947039604187012,0.0,0.0,-0.0,0.0,0.0,0.0,0.2380371391773224,6.669617176055908,0.35868969559669495,0.3813171684741974,0.01794433780014515,-0.1592559963464737,0.6470440081933951,-0.5599251547720846,0.909677881519208,-0.7017066927243002,-0.6540612123824143,1.559719498615938,0.0,0.0,0.0,0.0,0.0,0.0,2.2382376194000244,0.19928908348083496,-1.8107078711139124,-0.5707882086383265,2.2096526622772212,0.794679939746857,7.0,1.0,48.04600143432617,48.22800064086914,48.04600143432617,5.67,34.48,52.73,0.433,0.743,1.311,0,1,0
1777637018.2373478,3532.5919999999996,2.2381653785705566,0.19932496547698975,-1.8106840292560022,-0.5708602110492151,2.209688425064087,0.7947039604187012,0.0,0.0,-0.0,0.0,0.0,0.0,0.2609253227710724,6.706238269805908,0.3743823766708374,0.4216919243335724,0.01345825381577015,-0.1772003322839737,0.6470539668827296,-0.5599448078523724,0.9096611548922173,-0.7016940860092589,-0.6541022813254135,1.5597225098366605,0.0,0.0,0.0,0.0,0.0,0.0,2.2382376194000244,0.19928908348083496,-1.8107078711139124,-0.5707882086383265,2.2096526622772212,0.794679939746857,7.0,1.0,48.04600143432617,48.22800064086914,48.04600143432617,5.67,34.48,52.73,0.433,0.743,1.311,0,1,0
1777637018.240114,3532.6,2.238201141357422,0.19928908348083496,-1.8106840292560022,-0.5708001295672815,2.2096285820007324,0.794715940952301,0.0,0.0,-0.0,0.0,0.0,0.0,0.2792358696460724,6.706238269805908,0.3452388346195221,0.3790741264820099,0.01794433780014515,-0.1614990383386612,0.6470757230932027,-0.5599074930604542,0.9096767113241985,-0.7016634229275102,-0.6540515661662712,1.5597539249748809,0.0,0.0,0.0,0.0,0.0,0.0,2.2382376194000244,0.19928908348083496,-1.8107078711139124,-0.5707882086383265,2.2096526622772212,0.794679939746857,7.0,1.0,48.04600143432617,48.22800064086914,48.04600143432617,5.67,34.48,52.73,0.433,0.743,1.311,0,1,0
1777637018.2472532,3532.6079999999997,2.2381772994995117,0.19928908348083496,-1.8107078711139124,-0.5708482901202601,2.209688425064087,0.7947279214859009,0.0,0.0,-0.0,0.0,0.0,0.0,0.2655029594898224,6.674194812774658,0.3676569163799286,0.4037475883960724,0.01570129580795765,-0.1614990383386612,0.6470344136894327,-0.5598948367217417,0.9096963250965251,-0.7017538264713558,-0.6540954074562596,1.5597636437855888,0.0,0.0,0.0,0.0,0.0,0.0,2.2382376194000244,0.19928908348083496,-1.8107078711139124,-0.5707882086383265,2.2096526622772212,0.794679939746857,7.0,1.0,48.01499938964844,48.22800064086914,48.04600143432617,5.67,34.48,52.73,0.433,0.743,1.311,0,1,0
1777637018.2546976,3532.616,2.238201141357422,0.19927704334259033,-1.8106959501849573,-0.5708001295672815,2.209688425064087,0.7947518825531006,0.0,0.0,-0.0,0.0,0.0,0.0,0.2838135063648224,6.729126453399658,0.3407551944255829,0.3925323784351349,0.008972168900072575,-0.1547699123620987,0.647060606766182,-0.5598864858019836,0.9096933191673593,-0.7017058056825596,-0.6541053889516557,1.5597996488946206,0.0,0.0,0.0,0.0,0.0,0.0,2.2382376194000244,0.19928908348083496,-1.8107078711139124,-0.5707882086383265,2.2096526622772212,0.794679939746857,7.0,1.0,48.01499938964844,48.22800064086914,48.04600143432617,5.67,34.48,52.73,0.433,0.743,1.311,0,1,0
1777637018.2616181,3532.624,2.238189220428467,0.19927704334259033,-1.8106840292560022,-0.570836369191305,2.209676504135132,0.7947399020195007,0.0,0.0,-0.0,0.0,0.0,0.0,0.2517700493335724,6.697082996368408,0.3497224450111389,0.3790741264820099,0.01570129580795765,-0.1547699123620987,0.6470532077726645,-0.5598955802928488,0.9096988022650545,-0.7017299637468385,-0.6540872456393392,1.5597799754169135,0.0,0.0,0.0,0.0,0.0,0.0,2.2382376194000244,0.19928908348083496,-1.8107078711139124,-0.5707882086383265,2.2096526622772212,0.794679939746857,7.0,1.0,48.01499938964844,48.22800064086914,48.04600143432617,5.67,34.48,52.73,0.433,0.743,1.311,0,1,0
1777637018.268948,3532.632,2.2381653785705566,0.19928908348083496,-1.8107197920428675,-0.5708239714251917,2.2096645832061768,0.7947279214859009,0.0,0.0,-0.0,0.0,0.0,0.0,0.2746582329273224,6.715393543243408,0.35644787549972534,0.4127197563648224,0.01794433780014515,-0.1659851223230362,0.6470283520077826,-0.5598986242335136,0.9096927843140716,-0.7017426077895158,-0.6540652286700186,1.5597472162604564,0.0,0.0,0.0,0.0,0.0,0.0,2.2382376194000244,0.19928908348083496,-1.8107078711139124,-0.5707882086383265,2.2096526622772212,0.794679939746857,7.0,1.0,48.01499938964844,48.22800064086914,48.04600143432617,5.67,34.48,52.73,0.433,0.743,1.311,0,1,0
1777637018.270346,3532.632,2.2381653785705566,0.19928908348083496,-1.8107197920428675,-0.5708239714251917,2.2096645832061768,0.7947279214859009,0.0,0.0,-0.0,0.0,0.0,0.0,0.2746582329273224,6.715393543243408,0.35644787549972534,0.4127197563648224,0.01794433780014515,-0.1659851223230362,0.6470283520077826,-0.5598986242335136,0.9096927843140716,-0.7017426077895158,-0.6540652286700186,1.5597472162604564,0.0,0.0,0.0,0.0,0.0,0.0,2.2382376194000244,0.19928908348083496,-1.8107078711139124,-0.5707882086383265,2.2096526622772212,0.794679939746857,7.0,1.0,48.01499938964844,48.22800064086914,48.04600143432617,5.66,34.47,52.71,0.432,0.744,1.311,0,0,1
1777637018.2760756,3532.64,2.2381532192230225,0.19930100440979004,-1.8106959501849573,-0.5708239714251917,2.2096526622772217,0.7946919798851013,0.0,0.0,-0.0,0.0,0.0,0.0,0.2792358696460724,6.637573719024658,0.35644787549972534,0.3790741264820099,0.01570129580795765,-0.1682281643152237,0.6470387656934395,-0.5599394520004387,0.9096733919601441,-0.7016908230740542,-0.6540604439879558,1.5596952688734873,0.0,0.0,0.0,0.0,0.0,0.0,2.2382376194000244,0.19928908348083496,-1.8107078711139124,-0.5707882086383265,2.2096526622772212,0.794679939746857,7.0,1.0,48.01499938964844,48.22800064086914,48.04600143432617,5.66,34.47,52.71,0.432,0.744,1.311,0,1,0
1777637018.2839217,3532.6479999999997,2.238189220428467,0.19931304454803467,-1.8106721083270472,-0.5707882086383265,2.209688425064087,0.7946919798851013,0.0,0.0,-0.0,0.0,0.0,0.0,0.2746582329273224,6.719971179962158,0.3743823766708374,0.3813171684741974,0.02243042178452015,-0.1592559963464737,0.6470821481999882,-0.5599523609456662,0.9096480998169215,-0.7016045627484266,-0.6541244727391301,1.5597215262435669,0.0,0.0,0.0,0.0,0.0,0.0,2.2382376194000244,0.19928908348083496,-1.8107078711139124,-0.5707882086383265,2.2096526622772212,0.794679939746857,7.0,1.0,48.01499938964844,48.22800064086914,48.029998779296875,5.66,34.47,52.71,0.432,0.744,1.311,0,1,0
1777637018.2908497,3532.656,2.238189220428467,0.19928908348083496,-1.8106959501849573,-0.5707762877093714,2.209676504135132,0.7946799397468567,0.0,0.0,-0.0,0.0,0.0,0.0,0.2792358696460724,6.742859363555908,0.3743823766708374,0.3902893364429474,0.02018737979233265,-0.1839294582605362,0.6470597906001844,-0.5599262052701729,0.909669594634071,-0.701638561103248,-0.6541100076514603,1.5597148710967346,0.0,0.0,0.0,0.0,0.0,0.0,2.2382376194000244,0.19928908348083496,-1.8107078711139124,-0.5707882086383265,2.2096526622772212,0.794679939746857,7.0,1.0,48.01499938964844,48.22800064086914,48.029998779296875,5.66,34.47,52.71,0.432,0.744,1.311,0,1,0
1777637018.2975974,3532.6639999999998,2.238201141357422,0.19930100440979004,-1.810648266469137,-0.5708001295672815,2.209676504135132,0.7947279214859009,0.0,0.0,-0.0,0.0,0.0,0.0,0.2746582329273224,6.683350086212158,0.3743823766708374,0.3835602104663849,0.01570129580795765,-0.1727142482995987,0.6470980084072055,-0.5599404917914036,0.9096593044593213,-0.701616994321977,-0.6541072367219644,1.5597638199276287,0.0,0.0,0.0,0.0,0.0,0.0,2.2382376194000244,0.19928908348083496,-1.8107078711139124,-0.5707882086383265,2.2096526622772212,0.794679939746857,7.0,1.0,48.01499938964844,48.22800064086914,48.029998779296875,5.66,34.47,52.71,0.432,0.744,1.311,0,1,0
1777637018.3047657,3532.672,2.238201141357422,0.19931304454803467,-1.8106840292560022,-0.5708482901202601,2.2096405029296875,0.794715940952301,0.0,0.0,-0.0,0.0,0.0,0.0,0.2929687798023224,6.687927722930908,0.35644787549972534,0.3970184624195099,0.01794433780014515,-0.1659851223230362,0.6470762088340626,-0.5599106269888507,0.909669272314455,-0.701690178102825,-0.6540619428851084,1.5597595154981998,0.0,0.0,0.0,0.0,0.0,0.0,2.2382376194000244,0.19928908348083496,-1.8107078711139124,-0.5707882086383265,2.2096526622772212,0.794679939746857,7.0,1.0,48.01499938964844,48.22800064086914,48.029998779296875,5.66,34.47,52.71,0.432,0.744,1.311,0,1,0
1777637018.3123288,3532.68,2.2381653785705566,0.19930100440979004,-1.8106721083270472,-0.5707882086383265,2.209676504135132,0.7947039604187012,0.0,0.0,-0.0,0.0,0.0,0.0,0.2609253227710724,6.683350086212158,0.36317330598831177,0.4194488823413849,0.01570129580795765,-0.1727142482995987,0.6470650984498849,-0.5599562843445466,0.9096594439273338,-0.7016281297339376,-0.6540961977372923,1.5597109724914031,0.0,0.0,0.0,0.0,0.0,0.0,2.2382376194000244,0.19928908348083496,-1.8107078711139124,-0.5707882086383265,2.2096526622772212,0.794679939746857,7.0,1.0,48.0,48.25899887084961,48.029998779296875,5.66,34.47,52.71,0.432,0.744,1.311,0,1,0
1777637018.3191493,3532.6879999999996,2.2381532192230225,0.19932496547698975,-1.8107078711139124,-0.570836369191305,2.2096405029296875,0.7946799397468567,0.0,0.0,-0.0,0.0,0.0,0.0,0.2655029594898224,6.623840808868408,0.36093148589134216,0.4082336723804474,0.01345825381577015,-0.1525268703699112,0.6470412493057364,-0.5599448408318946,0.9096581682823285,-0.7016859614392014,-0.6540501323284361,1.559682392951571,0.0,0.0,0.0,0.0,0.0,0.0,2.2382376194000244,0.19928908348083496,-1.8107078711139124,-0.5707882086383265,2.2096526622772212,0.794679939746857,7.0,1.0,48.0,48.25899887084961,48.029998779296875,5.66,34.47,52.71,0.432,0.744,1.311,0,1,0
1777637018.3275511,3532.696,2.2381412982940674,0.19927704334259033,-1.8106721083270472,-0.5708239714251917,2.2096645832061768,0.7947518825531006,0.0,0.0,-0.0,0.0,0.0,0.0,0.2838135063648224,6.632996082305908,0.35644787549972534,0.4015045464038849,0.01794433780014515,-0.1659851223230362,0.6470377463278907,-0.5599341235780511,0.9096938969342391,-0.7017192407280637,-0.6540527506428112,1.5597411852970924,0.0,0.0,0.0,0.0,0.0,0.0,2.2382376194000244,0.19928908348083496,-1.8107078711139124,-0.5707882086383265,2.2096526622772212,0.794679939746857,7.0,1.0,48.0,48.25899887084961,48.029998779296875,5.66,34.47,52.71,0.432,0.744,1.311,0,1,0
1777637018.3338938,3532.7039999999997,2.2381653785705566,0.1992654800415039,-1.810648266469137,-0.570836369191305,2.209676504135132,0.7947279214859009,0.0,0.0,-0.0,0.0,0.0,0.0,0.2655029594898224,6.687927722930908,0.3676569163799286,0.3902893364429474,0.01345825381577015,-0.1614990383386612,0.6470532789332601,-0.5599324393671659,0.9096987161045934,-0.701703850069286,-0.6540828358371924,1.5597430600880584,0.0,0.0,0.0,0.0,0.0,0.0,2.2382376194000244,0.19928908348083496,-1.8107078711139124,-0.5707882086383265,2.2096526622772212,0.794679939746857,7.0,1.0,48.0,48.25899887084961,48.029998779296875,5.66,34.47,52.71,0.432,0.744,1.311,0,1,0
1777637018.3407674,3532.712,2.2381772994995117,0.19930100440979004,-1.8107078711139124,-0.5708239714251917,2.209676504135132,0.7946556210517883,0.0,0.0,-0.0,0.0,0.0,0.0,0.2655029594898224,6.719971179962158,0.3407551944255829,0.3858032524585724,0.01570129580795765,-0.1525268703699112,0.6470402827751589,-0.5599269893812361,0.9096725392631407,-0.7016832926782998,-0.6541054209169226,1.559689430395731,0.0,0.0,0.0,0.0,0.0,0.0,2.2382376194000244,0.19928908348083496,-1.8107078711139124,-0.5707882086383265,2.2096526622772212,0.794679939746857,7.0,1.0,48.0,48.25899887084961,48.029998779296875,5.66,34.47,52.71,0.432,0.744,1.311,0,1,0
1777637018.3478694,3532.72,2.2381412982940674,0.1992654800415039,-1.8106721083270472,-0.570836369191305,2.2096526622772217,0.7946799397468567,0.0,0.0,-0.0,0.0,0.0,0.0,0.2746582329273224,6.674194812774658,0.35644787549972534,0.3835602104663849,0.01570129580795765,-0.1614990383386612,0.6470246673064525,-0.5599422541952584,0.9096995658085119,-0.7017148220888351,-0.6540554526594682,1.5596774079305744,0.0,0.0,0.0,0.0,0.0,0.0,2.2382376194000244,0.19928908348083496,-1.8107078711139124,-0.5707882086383265,2.2096526622772212,0.794679939746857,7.0,1.0,48.0,48.25899887084961,48.04600143432617,5.66,34.47,52.71,0.432,0.744,1.311,0,1,0
1777637018.3553257,3532.728,2.2381653785705566,0.19932496547698975,-1.8106840292560022,-0.5708120504962366,2.2096645832061768,0.794715940952301,0.0,0.0,-0.0,0.0,0.0,0.0,0.2838135063648224,6.706238269805908,0.3766241669654846,0.4239349663257599,0.01570129580795765,-0.1659851223230362,0.6470672016135836,-0.5599522729637924,0.9096496840751206,-0.7016459981194367,-0.6540785303479959,1.559722094125087,0.0,0.0,0.0,0.0,0.0,0.0,2.2382376194000244,0.19928908348083496,-1.8107078711139124,-0.5707882086383265,2.2096526622772212,0.794679939746857,7.0,1.0,48.0,48.25899887084961,48.04600143432617,5.66,34.47,52.71,0.432,0.744,1.311,0,1,0
1777637018.362612,3532.736,2.2381653785705566,0.19930100440979004,-1.8106721083270472,-0.5708602110492151,2.2096526622772217,0.7947279214859009,0.0,0.0,-0.0,0.0,0.0,0.0,0.2563476860523224,6.660461902618408,0.33402976393699646,0.3745880424976349,0.01794433780014515,-0.1570129543542862,0.647054420828878,-0.5599294172548046,0.909680886339959,-0.701716863743693,-0.6540550644692501,1.5597414666224343,0.0,0.0,0.0,0.0,0.0,0.0,2.2382376194000244,0.19928908348083496,-1.8107078711139124,-0.5707882086383265,2.2096526622772212,0.794679939746857,7.0,1.0,48.0,48.25899887084961,48.04600143432617,5.66,34.47,52.71,0.432,0.744,1.311,0,1,0
1777637018.3696089,3532.7439999999997,2.2381532192230225,0.19930100440979004,-1.8106959501849573,-0.5708482901202601,2.2096645832061768,0.7947279214859009,0.0,0.0,-0.0,0.0,0.0,0.0,0.2700805962085724,6.715393543243408,0.3452388346195221,0.3880462944507599,0.01570129580795765,-0.1570129543542862,0.6470356160051615,-0.5599243891059864,0.909683458810356,-0.7017328983288688,-0.6540613602610824,1.5597340371812929,0.0,0.0,0.0,0.0,0.0,0.0,2.2382376194000244,0.19928908348083496,-1.8107078711139124,-0.5707882086383265,2.2096526622772212,0.794679939746857,7.0,1.0,48.0,48.25899887084961,48.04600143432617,5.66,34.47,52.71,0.432,0.744,1.311,0,1,0
1777637018.3767571,3532.752,2.238201141357422,0.19928908348083496,-1.8106721083270472,-0.5708482901202601,2.2096526622772217,0.7947399020195007,0.0,0.0,-0.0,0.0,0.0,0.0,0.3112793266773224,6.678772449493408,0.3452388346195221,0.3633728325366974,0.01570129580795765,-0.1592559963464737,0.6470721533992698,-0.5598988244476091,0.909688979439979,-0.7017136846126933,-0.6540676761805646,1.5597853957938301,0.0,0.0,0.0,0.0,0.0,0.0,2.2382376194000244,0.19928908348083496,-1.8107078711139124,-0.5707882086383265,2.2096526622772212,0.794679939746857,7.0,1.0,48.0,48.22800064086914,48.04600143432617,5.66,34.47,52.71,0.432,0.744,1.311,0,1,0
1777637018.3838806,3532.7599999999998,2.238201141357422,0.19931304454803467,-1.8106840292560022,-0.5707882086383265,2.209676504135132,0.7947399020195007,0.0,0.0,-0.0,0.0,0.0,0.0,0.2655029594898224,6.587219715118408,0.35420605540275574,0.4015045464038849,0.02467346377670765,-0.1592559963464737,0.647087290275391,-0.559922439395319,0.9096558468839505,-0.7016350065886477,-0.6541026049874746,1.5597767769049302,0.0,0.0,0.0,0.0,0.0,0.0,2.2382376194000244,0.19928908348083496,-1.8107078711139124,-0.5707882086383265,2.2096526622772212,0.794679939746857,7.0,1.0,47.97100067138672,48.22800064086914,48.04600143432617,5.66,34.47,52.71,0.432,0.744,1.311,0,1,0
1777637018.3920786,3532.768,2.238189220428467,0.19931304454803467,-1.8106840292560022,-0.5707882086383265,2.209712505340576,0.794715940952301,0.0,0.0,-0.0,0.0,0.0,0.0,0.2975464165210724,6.646728992462158,0.35868969559669495,0.3701019585132599,0.01345825381577015,-0.1704712063074112,0.6470752187185991,-0.5599392879584933,0.9096533890985389,-0.7016281447719893,-0.6541433713503184,1.5597490131774727,0.0,0.0,0.0,0.0,0.0,0.0,2.2382376194000244,0.19928908348083496,-1.8107078711139124,-0.5707882086383265,2.2096526622772212,0.794679939746857,7.0,1.0,47.97100067138672,48.22800064086914,48.04600143432617,5.66,34.47,52.71,0.432,0.744,1.311,0,1,0
1777637018.3986483,3532.776,2.238213539123535,0.19932496547698975,-1.8107078711139124,-0.5708239714251917,2.2096526622772217,0.7947039604187012,0.0,0.0,-0.0,0.0,0.0,0.0,0.2746582329273224,6.765747547149658,0.3474806249141693,0.3992615044116974,0.01345825381577015,-0.1682281643152237,0.6470784656278674,-0.5599034756377128,0.9096573376521664,-0.7016688415824665,-0.6540853791692622,1.5597595768282242,0.0,0.0,0.0,0.0,0.0,0.0,2.2382376194000244,0.19928908348083496,-1.8107078711139124,-0.5707882086383265,2.2096526622772212,0.794679939746857,7.0,1.0,47.97100067138672,48.22800064086914,48.04600143432617,5.66,34.47,52.71,0.432,0.744,1.311,0,1,0
1777637018.4057047,3532.7839999999997,2.2381772994995117,0.19930100440979004,-1.8106840292560022,-0.5708001295672815,2.2096405029296875,0.7947279214859009,0.0,0.0,-0.0,0.0,0.0,0.0,0.2655029594898224,6.701660633087158,0.3721405565738678,0.4216919243335724,0.01345825381577015,-0.1637420803308487,0.647068025222465,-0.5599279123907486,0.9096679073616392,-0.7016611223327905,-0.6540525530578977,1.5597427067975524,0.0,0.0,0.0,0.0,0.0,0.0,2.2382376194000244,0.19928908348083496,-1.8107078711139124,-0.5707882086383265,2.2096526622772212,0.794679939746857,7.0,1.0,47.97100067138672,48.22800064086914,48.04600143432617,5.66,34.47,52.71,0.432,0.744,1.311,0,1,0
1777637018.413001,3532.792,2.238189220428467,0.19928908348083496,-1.810660187398092,-0.5708239714251917,2.209676504135132,0.7947279214859009,0.0,0.0,-0.0,0.0,0.0,0.0,0.2655029594898224,6.747437000274658,0.35868969559669495,0.3701019585132599,0.01794433780014515,-0.1547699123620987,0.6470739474819137,-0.5599262767708842,0.9096784725780922,-0.7016719906719638,-0.654096234453148,1.5597608586043556,0.0,0.0,0.0,0.0,0.0,0.0,2.2382376194000244,0.19928908348083496,-1.8107078711139124,-0.5707882086383265,2.2096526622772212,0.794679939746857,7.0,1.0,47.97100067138672,48.22800064086914,48.029998779296875,5.66,34.47,52.71,0.432,0.744,1.311,0,1,0
1777637018.414408,3532.792,2.238189220428467,0.19928908348083496,-1.810660187398092,-0.5708239714251917,2.209676504135132,0.7947279214859009,0.0,0.0,-0.0,0.0,0.0,0.0,0.2655029594898224,6.747437000274658,0.35868969559669495,0.3701019585132599,0.01794433780014515,-0.1547699123620987,0.6470739474819137,-0.5599262767708842,0.9096784725780922,-0.7016719906719638,-0.654096234453148,1.5597608586043556,0.0,0.0,0.0,0.0,0.0,0.0,2.2382376194000244,0.19928908348083496,-1.8107078711139124,-0.5707882086383265,2.2096526622772212,0.794679939746857,7.0,1.0,47.97100067138672,48.22800064086914,48.029998779296875,5.58,34.44,52.74,0.432,0.746,1.31,0,0,1
1777637018.4205189,3532.7999999999997,2.238189220428467,0.19930100440979004,-1.8106840292560022,-0.570836369191305,2.209676504135132,0.7947279214859009,0.0,0.0,-0.0,0.0,0.0,0.0,0.3021240532398224,6.646728992462158,0.35420605540275574,0.3880462944507599,0.01345825381577015,-0.1704712063074112,0.6470637976916049,-0.5599135112043585,0.909677447587482,-0.7016986574456776,-0.6540932884459808,1.5597648613002764,0.0,0.0,0.0,0.0,0.0,0.0,2.2382376194000244,0.19928908348083496,-1.8107078711139124,-0.5707882086383265,2.2096526622772212,0.794679939746857,7.0,1.0,47.97100067138672,48.22800064086914,48.029998779296875,5.58,34.44,52.74,0.432,0.746,1.31,0,1,0
1777637018.4272904,3532.808,2.2381772994995117,0.19925343990325928,-1.8106721083270472,-0.5708001295672815,2.2096645832061768,0.7947279214859009,0.0,0.0,-0.0,0.0,0.0,0.0,0.2655029594898224,6.733704090118408,0.36541512608528137,0.3858032524585724,0.0291595496237278,-0.1704712063074112,0.6470494172080273,-0.5599089494310947,0.9097050040863977,-0.7017004934431413,-0.6540748275816052,1.5597523439892518,0.0,0.0,0.0,0.0,0.0,0.0,2.2382376194000244,0.19928908348083496,-1.8107078711139124,-0.5707882086383265,2.2096526622772212,0.794679939746857,7.0,1.0,47.97100067138672,48.22800064086914,48.029998779296875,5.58,34.44,52.74,0.432,0.746,1.31,0,1,0
1777637018.4370584,3532.816,2.2381412982940674,0.19925343990325928,-1.810648266469137,-0.570836369191305,2.2096285820007324,0.7947039604187012,0.0,0.0,-0.0,0.0,0.0,0.0,0.2792358696460724,6.733704090118408,0.36093148589134216,0.4037475883960724,0.011215210892260075,-0.1547699123620987,0.6470364685693778,-0.5599434788473081,0.9097064186510738,-0.7017116915717271,-0.6540240448618568,1.5596940666776575,0.0,0.0,0.0,0.0,0.0,0.0,2.2382376194000244,0.19928908348083496,-1.8107078711139124,-0.5707882086383265,2.2096526622772212,0.794679939746857,7.0,1.0,47.97100067138672,48.22800064086914,48.029998779296875,5.58,34.44,52.74,0.432,0.746,1.31,0,1,0
1777637018.4418344,3532.8239999999996,2.2381412982940674,0.19925343990325928,-1.8106840292560022,-0.570836369191305,2.2096645832061768,0.794715940952301,0.0,0.0,-0.0,0.0,0.0,0.0,0.3112793266773224,6.655884265899658,0.3519642651081085,0.3880462944507599,0.01794433780014515,-0.1614990383386612,0.6470140663920629,-0.5599176417744302,0.9097162031763892,-0.7017565009683481,-0.6540563077509661,1.5597162639035613,0.0,0.0,0.0,0.0,0.0,0.0,2.2382376194000244,0.19928908348083496,-1.8107078711139124,-0.5707882086383265,2.2096526622772212,0.794679939746857,7.0,1.0,47.97100067138672,48.24300003051758,48.029998779296875,5.58,34.44,52.74,0.432,0.746,1.31,0,1,0
1777637018.4491198,3532.832,2.238189220428467,0.19932496547698975,-1.8106721083270472,-0.5708482901202601,2.2096526622772217,0.7946919798851013,0.0,0.0,-0.0,0.0,0.0,0.0,0.2929687798023224,6.692505359649658,0.35868969559669495,0.3813171684741974,0.01570129580795765,-0.1614990383386612,0.6470788222749183,-0.5599414462392136,0.909653947487701,-0.7016568430968092,-0.6540792820815277,1.5597242685974184,0.0,0.0,0.0,0.0,0.0,0.0,2.2382376194000244,0.19928908348083496,-1.8107078711139124,-0.5707882086383265,2.2096526622772212,0.794679939746857,7.0,1.0,48.029998779296875,48.24300003051758,48.029998779296875,5.58,34.44,52.74,0.432,0.746,1.31,0,1,0
1777637018.4564686,3532.8399999999997,2.2381412982940674,0.19927704334259033,-1.810660187398092,-0.5708239714251917,2.209676504135132,0.7947279214859009,0.0,0.0,-0.0,0.0,0.0,0.0,0.2700805962085724,6.729126453399658,0.3721405565738678,0.3813171684741974,0.01570129580795765,-0.1704712063074112,0.6470412881087297,-0.559949892807104,0.9096885904524663,-0.7016962066890261,-0.6540736324094867,1.5597188989349324,0.0,0.0,0.0,0.0,0.0,0.0,2.2382376194000244,0.19928908348083496,-1.8107078711139124,-0.5707882086383265,2.2096526622772212,0.794679939746857,7.0,1.0,48.029998779296875,48.24300003051758,48.029998779296875,5.58,34.44,52.74,0.432,0.746,1.31,0,1,0
1777637018.4635203,3532.848,2.238189220428467,0.19928908348083496,-1.8106840292560022,-0.570836369191305,2.2096645832061768,0.794715940952301,0.0,0.0,-0.0,0.0,0.0,0.0,0.2700805962085724,6.674194812774658,0.3519642651081085,0.3925323784351349,0.011215210892260075,-0.1502838283777237,0.6470581461168206,-0.5599085191902303,0.909686251435746,-0.7017064482253351,-0.6540817871676121,1.5597541768943366,0.0,0.0,0.0,0.0,0.0,0.0,2.2382376194000244,0.19928908348083496,-1.8107078711139124,-0.5707882086383265,2.2096526622772212,0.794679939746857,7.0,1.0,48.029998779296875,48.24300003051758,48.029998779296875,5.58,34.44,52.74,0.432,0.746,1.31,0,1,0
1777637018.4705358,3532.8559999999998,2.238189220428467,0.19928908348083496,-1.810660187398092,-0.5708239714251917,2.209676504135132,0.7947279214859009,0.0,0.0,-0.0,0.0,0.0,0.0,0.2700805962085724,6.655884265899658,0.35868969559669495,0.3925323784351349,0.01794433780014515,-0.1592559963464737,0.6470739474819137,-0.5599262767708842,0.9096784725780922,-0.7016719906719638,-0.654096234453148,1.5597608586043556,0.0,0.0,0.0,0.0,0.0,0.0,2.2382376194000244,0.19928908348083496,-1.8107078711139124,-0.5707882086383265,2.2096526622772212,0.794679939746857,7.0,1.0,48.029998779296875,48.24300003051758,48.029998779296875,5.58,34.44,52.74,0.432,0.746,1.31,0,1,0
1777637018.477478,3532.864,2.2381532192230225,0.19928908348083496,-1.8106840292560022,-0.570836369191305,2.209676504135132,0.7947279214859009,0.0,0.0,-0.0,0.0,0.0,0.0,0.2609253227710724,6.770325183868408,0.3452388346195221,0.3880462944507599,0.01794433780014515,-0.1637420803308487,0.6470378715446038,-0.5599294867044708,0.9096874650910232,-0.7017199974824235,-0.6540759578669222,1.5597338324908259,0.0,0.0,0.0,0.0,0.0,0.0,2.2382376194000244,0.19928908348083496,-1.8107078711139124,-0.5707882086383265,2.2096526622772212,0.794679939746857,7.0,1.0,48.029998779296875,48.24300003051758,48.06100082397461,5.58,34.44,52.74,0.432,0.746,1.31,0,1,0
1777637018.5612328,3532.872,2.2381653785705566,0.1992654800415039,-1.8107197920428675,-0.570836369191305,2.2096405029296875,0.7946919798851013,0.0,0.0,-0.0,0.0,0.0,0.0,0.2700805962085724,6.756592273712158,0.3452388346195221,0.4104767143726349,0.01794433780014515,-0.1727142482995987,0.6470136106178743,-0.5598887775085666,0.9097122411089389,-0.7017664404601295,-0.6540436444305755,1.5597168181762042,0.0,0.0,0.0,0.0,0.0,0.0,2.2382376194000244,0.19928908348083496,-1.8107078711139124,-0.5707882086383265,2.2096526622772212,0.794679939746857,7.0,1.0,48.029998779296875,48.24300003051758,48.06100082397461,5.58,34.44,52.74,0.432,0.746,1.31,0,1,0
1777637018.5662072,3532.8799999999997,2.2381532192230225,0.19932496547698975,-1.8106959501849573,-0.5708120504962366,2.209676504135132,0.7947638630867004,0.0,0.0,-0.0,0.0,0.0,0.0,0.2655029594898224,6.678772449493408,0.3497224450111389,0.3745880424976349,0.01794433780014515,-0.1659851223230362,0.6470566174323303,-0.5599397178585352,0.9096574185113273,-0.7016823498345804,-0.6540723846811125,1.5597586666721412,0.0,0.0,0.0,0.0,0.0,0.0,2.2382376194000244,0.19928908348083496,-1.8107078711139124,-0.5707882086383265,2.2096526622772212,0.794679939746857,7.0,1.0,48.029998779296875,48.24300003051758,48.06100082397461,5.58,34.44,52.74,0.432,0.746,1.31,0,1,0
1777637018.566367,3532.888,2.2381653785705566,0.19930100440979004,-1.8106959501849573,-0.570836369191305,2.209712505340576,0.7946919798851013,0.0,0.0,-0.0,0.0,0.0,0.0,0.2700805962085724,6.747437000274658,0.3519642651081085,0.3880462944507599,0.01345825381577015,-0.1659851223230362,0.6470373731276868,-0.559932855003849,0.9096766313667742,-0.7017025249135381,-0.6541304566784648,1.5597171387887965,0.0,0.0,0.0,0.0,0.0,0.0,2.2382376194000244,0.19928908348083496,-1.8107078711139124,-0.5707882086383265,2.2096526622772212,0.794679939746857,7.0,1.0,48.029998779296875,48.24300003051758,48.06100082397461,5.58,34.44,52.74,0.432,0.746,1.31,0,1,0
1777637018.5694134,3532.8959999999997,2.2381412982940674,0.19930100440979004,-1.8106721083270472,-0.5708239714251917,2.209676504135132,0.7947279214859009,0.0,0.0,-0.0,0.0,0.0,0.0,0.2838135063648224,6.761169910430908,0.35420605540275574,0.3970184624195099,0.02018737979233265,-0.1659851223230362,0.6470462087051569,-0.5599561669596134,0.9096713163054599,-0.7016830394617187,-0.6540750886672531,1.5597167870863096,0.0,0.0,0.0,0.0,0.0,0.0,2.2382376194000244,0.19928908348083496,-1.8107078711139124,-0.5707882086383265,2.2096526622772212,0.794679939746857,7.0,1.0,48.029998779296875,48.25899887084961,48.06100082397461,5.58,34.44,52.74,0.432,0.746,1.31,0,1,0
1777637018.5730746,3532.904,2.2381772994995117,0.1992654800415039,-1.8106840292560022,-0.5708120504962366,2.2096285820007324,0.7946919798851013,0.0,0.0,-0.0,0.0,0.0,0.0,0.2700805962085724,6.619263172149658,0.33851340413093567,0.3970184624195099,0.011215210892260075,-0.1592559963464737,0.6470464703704895,-0.5599117810110517,0.9096972508775577,-0.7016976668157988,-0.6540430071308316,1.559716030818265,0.0,0.0,0.0,0.0,0.0,0.0,2.2382376194000244,0.19928908348083496,-1.8107078711139124,-0.5707882086383265,2.2096526622772212,0.794679939746857,7.0,1.0,48.01499938964844,48.25899887084961,48.06100082397461,5.58,34.44,52.74,0.432,0.746,1.31,0,1,0
1777637018.5731544,3532.912,2.2381772994995117,0.19930100440979004,-1.810648266469137,-0.570836369191305,2.2096405029296875,0.7946676015853882,0.0,0.0,-0.0,0.0,0.0,0.0,0.2609253227710724,6.697082996368408,0.3497224450111389,0.4037475883960724,0.01570129580795765,-0.1592559963464737,0.6470754710676179,-0.5599600507359102,0.9096627400211099,-0.7016361087882528,-0.6540683660389371,1.559687305849094,0.0,0.0,0.0,0.0,0.0,0.0,2.2382376194000244,0.19928908348083496,-1.8107078711139124,-0.5707882086383265,2.2096526622772212,0.794679939746857,7.0,1.0,48.01499938964844,48.25899887084961,48.06100082397461,5.58,34.44,52.74,0.432,0.746,1.31,0,1,0
1777637018.575074,3532.9199999999996,2.2381653785705566,0.19934892654418945,-1.8106721083270472,-0.5708001295672815,2.209676504135132,0.7947279214859009,0.0,0.0,-0.0,0.0,0.0,0.0,0.2746582329273224,6.719971179962158,0.3474806249141693,0.3992615044116974,0.01794433780014515,-0.1659851223230362,0.6470878235715826,-0.5599761804087977,0.9096247552722143,-0.7015988964725619,-0.6540943774981867,1.5597267418638256,0.0,0.0,0.0,0.0,0.0,0.0,2.2382376194000244,0.19928908348083496,-1.8107078711139124,-0.5707882086383265,2.2096526622772212,0.794679939746857,7.0,1.0,48.01499938964844,48.25899887084961,48.06100082397461,5.58,34.44,52.74,0.432,0.746,1.31,0,1,0
1777637018.576441,3532.928,2.2381772994995117,0.19933700561523438,-1.8106840292560022,-0.5708001295672815,2.2096526622772217,0.794715940952301,0.0,0.0,-0.0,0.0,0.0,0.0,0.2746582329273224,6.706238269805908,0.35644787549972534,0.4306641221046448,0.02018737979233265,-0.1525268703699112,0.6470832959799989,-0.5599541450643221,0.9096364275598813,-0.701616821800505,-0.6540734973651686,1.5597272845033792,0.0,0.0,0.0,0.0,0.0,0.0,2.2382376194000244,0.19928908348083496,-1.8107078711139124,-0.5707882086383265,2.2096526622772212,0.794679939746857,7.0,1.0,48.01499938964844,48.25899887084961,48.06100082397461,5.58,34.44,52.74,0.432,0.746,1.31,0,1,0
1777637018.576488,3532.9359999999997,2.238189220428467,0.19930100440979004,-1.8106959501849573,-0.5707762877093714,2.2096645832061768,0.7946919798851013,0.0,0.0,-0.0,0.0,0.0,0.0,0.2563476860523224,6.605530261993408,0.3474806249141693,0.3858032524585724,0.0269165076315403,-0.1614990383386612,0.6470676902802853,-0.5599293960315416,0.9096608089194556,-0.7016304334198514,-0.6540951501962157,1.5597221658655152,0.0,0.0,0.0,0.0,0.0,0.0,2.2382376194000244,0.19928908348083496,-1.8107078711139124,-0.5707882086383265,2.2096526622772212,0.794679939746857,7.0,1.0,48.01499938964844,48.25899887084961,48.06100082397461,5.58,34.44,52.74,0.432,0.746,1.31,0,1,0
1777637018.5776114,3532.944,2.238201141357422,0.19931304454803467,-1.8106721083270472,-0.5707882086383265,2.2096645832061768,0.7947399020195007,0.0,0.0,-0.0,0.0,0.0,0.0,0.2929687798023224,6.729126453399658,0.35868969559669495,0.3970184624195099,0.01570129580795765,-0.1547699123620987,0.6470950855453363,-0.5599299838441284,0.9096529911782985,-0.7016217636995682,-0.6540908968432175,1.5597730585033895,0.0,0.0,0.0,0.0,0.0,0.0,2.2382376194000244,0.19928908348083496,-1.8107078711139124,-0.5707882086383265,2.2096526622772212,0.794679939746857,7.0,1.0,48.01499938964844,48.25899887084961,48.06100082397461,5.58,34.44,52.74,0.432,0.746,1.31,0,1,0
1777637018.5776525,3532.944,2.238201141357422,0.19931304454803467,-1.8106721083270472,-0.5707882086383265,2.2096645832061768,0.7947399020195007,0.0,0.0,-0.0,0.0,0.0,0.0,0.2929687798023224,6.729126453399658,0.35868969559669495,0.3970184624195099,0.01570129580795765,-0.1547699123620987,0.6470950855453363,-0.5599299838441284,0.9096529911782985,-0.7016217636995682,-0.6540908968432175,1.5597730585033895,0.0,0.0,0.0,0.0,0.0,0.0,2.2382376194000244,0.19928908348083496,-1.8107078711139124,-0.5707882086383265,2.2096526622772212,0.794679939746857,7.0,1.0,48.01499938964844,48.25899887084961,48.06100082397461,5.48,34.55,52.74,0.434,0.747,1.31,0,0,1
1777637018.577735,3532.9519999999998,2.2381532192230225,0.19928908348083496,-1.8106721083270472,-0.5708120504962366,2.2096526622772217,0.7947399020195007,0.0,0.0,-0.0,0.0,0.0,0.0,0.2655029594898224,6.719971179962158,0.35420605540275574,0.4149627983570099,0.02018737979233265,-0.1570129543542862,0.647052835901224,-0.5599392163770227,0.9096794214158307,-0.701684987320418,-0.654050841947522,1.5597353695719895,0.0,0.0,0.0,0.0,0.0,0.0,2.2382376194000244,0.19928908348083496,-1.8107078711139124,-0.5707882086383265,2.2096526622772212,0.794679939746857,7.0,1.0,48.01499938964844,48.25899887084961,48.06100082397461,5.48,34.55,52.74,0.434,0.747,1.31,0,1,0
1777637018.5777714,3532.96,2.238201141357422,0.19930100440979004,-1.810660187398092,-0.5708239714251917,2.209688425064087,0.7946919798851013,0.0,0.0,-0.0,0.0,0.0,0.0,0.2746582329273224,6.632996082305908,0.38110780715942383,0.4261780083179474,0.01794433780014515,-0.1659851223230362,0.6470822549452542,-0.5599364330653233,0.909664789353154,-0.7016411450522728,-0.6541254837108318,1.5597384697410872,0.0,0.0,0.0,0.0,0.0,0.0,2.2382376194000244,0.19928908348083496,-1.8107078711139124,-0.5707882086383265,2.2096526622772212,0.794679939746857,7.0,1.0,48.01499938964844,48.25899887084961,48.06100082397461,5.48,34.55,52.74,0.434,0.747,1.31,0,1,0
1777637018.577798,3532.968,2.2381772994995117,0.19928908348083496,-1.810660187398092,-0.570836369191305,2.2096645832061768,0.794715940952301,0.0,0.0,-0.0,0.0,0.0,0.0,0.2517700493335724,6.665039539337158,0.3698987364768982,0.3947754204273224,0.02018737979233265,-0.1682281643152237,0.6470648185103443,-0.5599331073861478,0.9096805288004123,-0.7016830703966292,-0.6540794570387398,1.5597392326979904,0.0,0.0,0.0,0.0,0.0,0.0,2.2382376194000244,0.19928908348083496,-1.8107078711139124,-0.5707882086383265,2.2096526622772212,0.794679939746857,7.0,1.0,48.01499938964844,48.22800064086914,48.06100082397461,5.48,34.55,52.74,0.434,0.747,1.31,0,1,0
1777637018.579718,3532.9759999999997,2.238189220428467,0.19925343990325928,-1.8106959501849573,-0.5708001295672815,2.2097244262695312,0.7946556210517883,0.0,0.0,-0.0,0.0,0.0,0.0,0.2517700493335724,6.637573719024658,0.3676569163799286,0.3992615044116974,0.01345825381577015,-0.1637420803308487,0.6470310510359263,-0.5599082716447561,0.9097033343879095,-0.7016941382466485,-0.6541621255587431,1.559709515326581,0.0,0.0,0.0,0.0,0.0,0.0,2.2382376194000244,0.19928908348083496,-1.8107078711139124,-0.5707882086383265,2.2096526622772212,0.794679939746857,7.0,1.0,48.01499938964844,48.22800064086914,48.06100082397461,5.48,34.55,52.74,0.434,0.747,1.31,0,1,0
1777637018.5881767,3532.984,2.2381772994995117,0.19928908348083496,-1.8106840292560022,-0.570836369191305,2.2096405029296875,0.7947279214859009,0.0,0.0,-0.0,0.0,0.0,0.0,0.2517700493335724,6.687927722930908,0.3788659870624542,0.3925323784351349,0.011215210892260075,-0.1727142482995987,0.64705474196004,-0.559911210126705,0.9096874831010137,-0.7017139043910001,-0.654046799886734,1.5597507524641754,0.0,0.0,0.0,0.0,0.0,0.0,2.2382376194000244,0.19928908348083496,-1.8107078711139124,-0.5707882086383265,2.2096526622772212,0.794679939746857,7.0,1.0,47.986000061035156,48.22800064086914,48.06100082397461,5.48,34.55,52.74,0.434,0.747,1.31,0,1,0
1777637018.592617,3532.9919999999997,2.2381772994995117,0.19931304454803467,-1.8106840292560022,-0.5708120504962366,2.2096526622772217,0.7946799397468567,0.0,0.0,-0.0,0.0,0.0,0.0,0.2883911430835724,6.678772449493408,0.3429970145225525,0.3925323784351349,0.01345825381577015,-0.1570129543542862,0.6470662104194697,-0.5599460223798578,0.9096560425766056,-0.7016408641839438,-0.654078546917613,1.5597002943458553,0.0,0.0,0.0,0.0,0.0,0.0,2.2382376194000244,0.19928908348083496,-1.8107078711139124,-0.5707882086383265,2.2096526622772212,0.794679939746857,7.0,1.0,47.986000061035156,48.22800064086914,48.06100082397461,5.48,34.55,52.74,0.434,0.747,1.31,0,1,0
1777637018.6002684,3533.0,2.238201141357422,0.19930100440979004,-1.810648266469137,-0.5708001295672815,2.2096645832061768,0.7947039604187012,0.0,0.0,-0.0,0.0,0.0,0.0,0.2609253227710724,6.655884265899658,0.35420605540275574,0.3902893364429474,0.02018737979233265,-0.1614990383386612,0.647097120411852,-0.5599460381992889,0.9096568708234015,-0.7016066588017345,-0.6541003097649588,1.5597400859609267,0.0,0.0,0.0,0.0,0.0,0.0,2.2382376194000244,0.19928908348083496,-1.8107078711139124,-0.5707882086383265,2.2096526622772212,0.794679939746857,7.0,1.0,47.986000061035156,48.22800064086914,48.06100082397461,5.48,34.55,52.74,0.434,0.747,1.31,0,1,0
1777637018.608004,3533.008,2.238189220428467,0.19930100440979004,-1.8106721083270472,-0.5708120504962366,2.2096645832061768,0.794715940952301,0.0,0.0,-0.0,0.0,0.0,0.0,0.2746582329273224,6.623840808868408,0.3698987364768982,0.3902893364429474,0.01345825381577015,-0.1570129543542862,0.6470756311022651,-0.5599305719431291,0.9096669583541531,-0.7016536745902722,-0.6540875888554389,1.5597461085812114,0.0,0.0,0.0,0.0,0.0,0.0,2.2382376194000244,0.19928908348083496,-1.8107078711139124,-0.5707882086383265,2.2096526622772212,0.794679939746857,7.0,1.0,47.986000061035156,48.22800064086914,48.04600143432617,5.48,34.55,52.74,0.434,0.747,1.31,0,1,0
1777637018.6153347,3533.0159999999996,2.2381653785705566,0.1992654800415039,-1.810660187398092,-0.5708001295672815,2.2096405029296875,0.7947279214859009,0.0,0.0,-0.0,0.0,0.0,0.0,0.2700805962085724,6.706238269805908,0.3676569163799286,0.3880462944507599,0.02243042178452015,-0.1637420803308487,0.6470575077354795,-0.5599306897542881,0.9096920372523397,-0.7016766310013418,-0.6540458944797267,1.559733853129126,0.0,0.0,0.0,0.0,0.0,0.0,2.2382376194000244,0.19928908348083496,-1.8107078711139124,-0.5707882086383265,2.2096526622772212,0.794679939746857,7.0,1.0,47.986000061035156,48.22800064086914,48.04600143432617,5.48,34.55,52.74,0.434,0.747,1.31,0,1,0
1777637018.6225445,3533.024,2.2381412982940674,0.19928908348083496,-1.8106840292560022,-0.5708239714251917,2.209676504135132,0.7947039604187012,0.0,0.0,-0.0,0.0,0.0,0.0,0.2746582329273224,6.674194812774658,0.3766241669654846,0.4015045464038849,0.02243042178452015,-0.1614990383386612,0.6470317576236531,-0.5599468491777007,0.9096817558698941,-0.7016989957272899,-0.6540784177966913,1.5596988157033418,0.0,0.0,0.0,0.0,0.0,0.0,2.2382376194000244,0.19928908348083496,-1.8107078711139124,-0.5707882086383265,2.2096526622772212,0.794679939746857,7.0,1.0,47.986000061035156,48.22800064086914,48.04600143432617,5.48,34.55,52.74,0.434,0.747,1.31,0,1,0
1777637018.6361818,3533.0319999999997,2.2381532192230225,0.19928908348083496,-1.8106721083270472,-0.570836369191305,2.2096526622772217,0.7946919798851013,0.0,0.0,-0.0,0.0,0.0,0.0,0.2929687798023224,6.738281726837158,0.36093148589134216,0.4015045464038849,0.01345825381577015,-0.1592559963464737,0.6470437733651286,-0.559945797699416,0.9096809568291879,-0.7016913419477555,-0.6540604476476046,1.5596953732145817,0.0,0.0,0.0,0.0,0.0,0.0,2.2382376194000244,0.19928908348083496,-1.8107078711139124,-0.5707882086383265,2.2096526622772212,0.794679939746857,7.0,1.0,47.986000061035156,48.22800064086914,48.04600143432617,5.48,34.55,52.74,0.434,0.747,1.31,0,1,0
1777637018.6386015,3533.04,2.238189220428467,0.19927704334259033,-1.8106959501849573,-0.5708120504962366,2.209688425064087,0.7947279214859009,0.0,0.0,-0.0,0.0,0.0,0.0,0.2838135063648224,6.642151355743408,0.3766241669654846,0.3925323784351349,0.01570129580795765,-0.1682281643152237,0.6470494509090156,-0.5598975519210224,0.9096940238964919,-0.7017114663626258,-0.6541049625127395,1.559768660312965,0.0,0.0,0.0,0.0,0.0,0.0,2.2382376194000244,0.19928908348083496,-1.8107078711139124,-0.5707882086383265,2.2096526622772212,0.794679939746857,7.0,1.0,47.986000061035156,48.22800064086914,48.04600143432617,5.48,34.55,52.74,0.434,0.747,1.31,0,1,0
1777637018.6432693,3533.048,2.2381772994995117,0.19928908348083496,-1.8106959501849573,-0.5707882086383265,2.2096405029296875,0.7946799397468567,0.0,0.0,-0.0,0.0,0.0,0.0,0.2700805962085724,6.719971179962158,0.3474806249141693,0.3858032524585724,0.01570129580795765,-0.1457977443933487,0.6470540307268688,-0.5599281367258304,0.9096727572678812,-0.7016538299193976,-0.6540635580377533,1.5597006934533737,0.0,0.0,0.0,0.0,0.0,0.0,2.2382376194000244,0.19928908348083496,-1.8107078711139124,-0.5707882086383265,2.2096526622772212,0.794679939746857,7.0,1.0,47.986000061035156,48.22800064086914,48.04600143432617,5.48,34.55,52.74,0.434,0.747,1.31,0,1,0
1777637018.6503818,3533.056,2.2381772994995117,0.19930100440979004,-1.8106721083270472,-0.5708001295672815,2.2096645832061768,0.794715940952301,0.0,0.0,-0.0,0.0,0.0,0.0,0.2471924126148224,6.687927722930908,0.3519642651081085,0.3970184624195099,0.02018737979233265,-0.1659851223230362,0.6470714281211678,-0.5599413721503959,0.9096638140797487,-0.7016433500377551,-0.6540837461473463,1.5597331826785934,0.0,0.0,0.0,0.0,0.0,0.0,2.2382376194000244,0.19928908348083496,-1.8107078711139124,-0.5707882086383265,2.2096526622772212,0.794679939746857,7.0,1.0,48.01499938964844,48.22800064086914,48.04600143432617,5.48,34.55,52.74,0.434,0.747,1.31,0,1,0
1777637018.6580586,3533.064,2.238189220428467,0.19922947883605957,-1.810660187398092,-0.5708840529071253,2.209676504135132,0.7946919798851013,0.0,0.0,-0.0,0.0,0.0,0.0,0.2929687798023224,6.678772449493408,0.36541512608528137,0.3723450005054474,0.01570129580795765,-0.1547699123620987,0.6470296305138244,-0.5598837824585821,0.9097407462512463,-0.7017878778185221,-0.6540912117796946,1.5597480109249267,0.0,0.0,0.0,0.0,0.0,0.0,2.2382376194000244,0.19928908348083496,-1.8107078711139124,-0.5707882086383265,2.2096526622772212,0.794679939746857,7.0,1.0,48.01499938964844,48.22800064086914,48.04600143432617,5.48,34.55,52.74,0.434,0.747,1.31,0,1,0
1777637018.665053,3533.0719999999997,2.2381772994995117,0.1992654800415039,-1.8107197920428675,-0.570836369191305,2.209676504135132,0.7946919798851013,0.0,0.0,-0.0,0.0,0.0,0.0,0.2700805962085724,6.715393543243408,0.33627158403396606,0.3992615044116974,0.02243042178452015,-0.1614990383386612,0.6470168979045071,-0.5598837600257811,0.9097122228537052,-0.7017642422278736,-0.6540886803338335,1.5597329722083855,0.0,0.0,0.0,0.0,0.0,0.0,2.2382376194000244,0.19928908348083496,-1.8107078711139124,-0.5707882086383265,2.2096526622772212,0.794679939746857,7.0,1.0,48.01499938964844,48.22800064086914,48.04600143432617,5.48,34.55,52.74,0.434,0.747,1.31,0,1,0
1777637018.6720467,3533.08,2.238189220428467,0.19927704334259033,-1.810648266469137,-0.5708239714251917,2.209676504135132,0.794715940952301,0.0,0.0,-0.0,0.0,0.0,0.0,0.2883911430835724,6.715393543243408,0.3429970145225525,0.3925323784351349,0.01345825381577015,-0.1727142482995987,0.6470737902087387,-0.5599305413520879,0.9096845093167603,-0.7016670315437089,-0.6540993537900142,1.5597499203965497,0.0,0.0,0.0,0.0,0.0,0.0,2.2382376194000244,0.19928908348083496,-1.8107078711139124,-0.5707882086383265,2.2096526622772212,0.794679939746857,7.0,1.0,48.01499938964844,48.22800064086914,48.029998779296875,5.48,34.55,52.74,0.434,0.747,1.31,0,1,0
1777637018.6791303,3533.0879999999997,2.2381412982940674,0.19931304454803467,-1.8106721083270472,-0.570836369191305,2.2096526622772217,0.7946919798851013,0.0,0.0,-0.0,0.0,0.0,0.0,0.2746582329273224,6.674194812774658,0.3519642651081085,0.3925323784351349,0.01570129580795765,-0.1502838283777237,0.6470486919125276,-0.5599682225626026,0.9096608211398046,-0.7016678585476283,-0.6540581100474324,1.5596803136636812,0.0,0.0,0.0,0.0,0.0,0.0,2.2382376194000244,0.19928908348083496,-1.8107078711139124,-0.5707882086383265,2.2096526622772212,0.794679939746857,7.0,1.0,48.01499938964844,48.22800064086914,48.029998779296875,5.48,34.55,52.74,0.434,0.747,1.31,0,1,0
1777637018.6887922,3533.096,2.238201141357422,0.19927704334259033,-1.8106721083270472,-0.570836369191305,2.2096645832061768,0.7947279214859009,0.0,0.0,-0.0,0.0,0.0,0.0,0.3067016899585724,6.710815906524658,0.3519642651081085,0.3678589165210724,0.011215210892260075,-0.1480407863855362,0.6470666729270385,-0.5598986310418269,0.9096947275331427,-0.7017088983094617,-0.6540839183761364,1.5597762019392765,0.0,0.0,0.0,0.0,0.0,0.0,2.2382376194000244,0.19928908348083496,-1.8107078711139124,-0.5707882086383265,2.2096526622772212,0.794679939746857,7.0,1.0,48.01499938964844,48.22800064086914,48.029998779296875,5.48,34.55,52.74,0.434,0.747,1.31,0,1,0
1777637018.6933806,3533.104,2.238201141357422,0.19931304454803467,-1.8106721083270472,-0.570836369191305,2.2096645832061768,0.794715940952301,0.0,0.0,-0.0,0.0,0.0,0.0,0.2655029594898224,6.710815906524658,0.35420605540275574,0.3992615044116974,0.01794433780014515,-0.1704712063074112,0.6470830890305211,-0.5599239537135587,0.9096632545840311,-0.7016644122917819,-0.6540914276197163,1.559759023548962,0.0,0.0,0.0,0.0,0.0,0.0,2.2382376194000244,0.19928908348083496,-1.8107078711139124,-0.5707882086383265,2.2096526622772212,0.794679939746857,7.0,1.0,48.01499938964844,48.22800064086914,48.029998779296875,5.48,34.55,52.74,0.434,0.747,1.31,0,1,0
1777637018.7007158,3533.1119999999996,2.2381772994995117,0.19928908348083496,-1.8107078711139124,-0.570836369191305,2.2096645832061768,0.7947279214859009,0.0,0.0,-0.0,0.0,0.0,0.0,0.2883911430835724,6.724548816680908,0.35420605540275574,0.3947754204273224,0.02018737979233265,-0.1637420803308487,0.6470391290756918,-0.5598961382798967,0.909693193145692,-0.7017403938701379,-0.6540704789277967,1.559758224422442,0.0,0.0,0.0,0.0,0.0,0.0,2.2382376194000244,0.19928908348083496,-1.8107078711139124,-0.5707882086383265,2.2096526622772212,0.794679939746857,7.0,1.0,48.01499938964844,48.24300003051758,48.029998779296875,5.48,34.55,52.74,0.434,0.747,1.31,0,1,0
1777637018.7026083,3533.1119999999996,2.2381772994995117,0.19928908348083496,-1.8107078711139124,-0.570836369191305,2.2096645832061768,0.7947279214859009,0.0,0.0,-0.0,0.0,0.0,0.0,0.2883911430835724,6.724548816680908,0.35420605540275574,0.3947754204273224,0.02018737979233265,-0.1637420803308487,0.6470391290756918,-0.5598961382798967,0.909693193145692,-0.7017403938701379,-0.6540704789277967,1.559758224422442,0.0,0.0,0.0,0.0,0.0,0.0,2.2382376194000244,0.19928908348083496,-1.8107078711139124,-0.5707882086383265,2.2096526622772212,0.794679939746857,7.0,1.0,48.01499938964844,48.24300003051758,48.029998779296875,5.5,34.55,52.71,0.434,0.746,1.31,0,0,1
1777637018.708603,3533.12,2.2381772994995117,0.19925343990325928,-1.8106721083270472,-0.5708239714251917,2.209688425064087,0.794715940952301,0.0,0.0,-0.0,0.0,0.0,0.0,0.2563476860523224,6.756592273712158,0.3519642651081085,0.3925323784351349,0.01570129580795765,-0.1480407863855362,0.647041225077522,-0.5599077808827735,0.9097100605321036,-0.7017219187006374,-0.6541014645343011,1.5597487315954335,0.0,0.0,0.0,0.0,0.0,0.0,2.2382376194000244,0.19928908348083496,-1.8107078711139124,-0.5707882086383265,2.2096526622772212,0.794679939746857,7.0,1.0,48.01499938964844,48.24300003051758,48.029998779296875,5.5,34.55,52.71,0.434,0.746,1.31,0,1,0
1777637018.7159462,3533.1279999999997,2.2381772994995117,0.19930100440979004,-1.8107321898089808,-0.5708602110492151,2.2096405029296875,0.7947518825531006,0.0,0.0,-0.0,0.0,0.0,0.0,0.2700805962085724,6.742859363555908,0.35420605540275574,0.4082336723804474,0.01794433780014515,-0.1816864162683487,0.6470306142600545,-0.5598718291813151,0.9096977507177849,-0.7017899183410651,-0.6540332621395906,1.5597827336453003,0.0,0.0,0.0,0.0,0.0,0.0,2.2382376194000244,0.19928908348083496,-1.8107078711139124,-0.5707882086383265,2.2096526622772212,0.794679939746857,7.0,1.0,48.01499938964844,48.24300003051758,48.029998779296875,5.5,34.55,52.71,0.434,0.746,1.31,0,1,0
1777637018.7220101,3533.136,2.2381653785705566,0.19930100440979004,-1.8106959501849573,-0.5708001295672815,2.2096526622772217,0.794715940952301,0.0,0.0,-0.0,0.0,0.0,0.0,0.2746582329273224,6.637573719024658,0.3766241669654846,0.3588867485523224,0.02018737979233265,-0.1659851223230362,0.6470525279439683,-0.5599313185643584,0.9096695429926135,-0.7016720371094972,-0.6540623899165792,1.559724502404258,0.0,0.0,0.0,0.0,0.0,0.0,2.2382376194000244,0.19928908348083496,-1.8107078711139124,-0.5707882086383265,2.2096526622772212,0.794679939746857,7.0,1.0,48.01499938964844,48.24300003051758,48.029998779296875,5.5,34.55,52.71,0.434,0.746,1.31,0,1,0
1777637018.7289824,3533.144,2.238201141357422,0.19925343990325928,-1.8106840292560022,-0.5708120504962366,2.209688425064087,0.7947399020195007,0.0,0.0,-0.0,0.0,0.0,0.0,0.2334595024585724,6.683350086212158,0.3519642651081085,0.3902893364429474,0.02018737979233265,-0.1457977443933487,0.6470523818066796,-0.559880564194951,0.9097122167612415,-0.7017265742979821,-0.6541056847784245,1.5597926678479772,0.0,0.0,0.0,0.0,0.0,0.0,2.2382376194000244,0.19928908348083496,-1.8107078711139124,-0.5707882086383265,2.2096526622772212,0.794679939746857,7.0,1.0,48.01499938964844,48.24300003051758,48.029998779296875,5.5,34.55,52.71,0.434,0.746,1.31,0,1,0
1777637018.736762,3533.152,2.238201141357422,0.19928908348083496,-1.8106721083270472,-0.5708721319781702,2.2096526622772217,0.7947399020195007,0.0,0.0,-0.0,0.0,0.0,0.0,0.2792358696460724,6.706238269805908,0.36093148589134216,0.4082336723804474,0.02018737979233265,-0.1704712063074112,0.6470672090446676,-0.5598926511850559,0.909695267376168,-0.7017398248298788,-0.6540648468966399,1.5597893442676058,0.0,0.0,0.0,0.0,0.0,0.0,2.2382376194000244,0.19928908348083496,-1.8107078711139124,-0.5707882086383265,2.2096526622772212,0.794679939746857,7.0,1.0,48.01499938964844,48.24300003051758,48.06100082397461,5.5,34.55,52.71,0.434,0.746,1.31,0,1,0
1777637018.7436745,3533.16,2.2381412982940674,0.19931304454803467,-1.810660187398092,-0.5708120504962366,2.2096526622772217,0.7946919798851013,0.0,0.0,-0.0,0.0,0.0,0.0,0.2563476860523224,6.651306629180908,0.3497224450111389,0.3925323784351349,0.01345825381577015,-0.1480407863855362,0.6470604075801158,-0.5599829566381855,0.9096515449959162,-0.7016281346538915,-0.654062459555778,1.5596742888562225,0.0,0.0,0.0,0.0,0.0,0.0,2.2382376194000244,0.19928908348083496,-1.8107078711139124,-0.5707882086383265,2.2096526622772212,0.794679939746857,7.0,1.0,48.01499938964844,48.24300003051758,48.06100082397461,5.5,34.55,52.71,0.434,0.746,1.31,0,1,0
1777637018.7507966,3533.1679999999997,2.2381772994995117,0.19930100440979004,-1.8106959501849573,-0.5708239714251917,2.2096285820007324,0.7946919798851013,0.0,0.0,-0.0,0.0,0.0,0.0,0.2700805962085724,6.701660633087158,0.3519642651081085,0.3835602104663849,0.01345825381577015,-0.1592559963464737,0.6470545145396872,-0.5599220679985533,0.9096734041289821,-0.7016849117592965,-0.6540444573385212,1.5597139112678267,0.0,0.0,0.0,0.0,0.0,0.0,2.2382376194000244,0.19928908348083496,-1.8107078711139124,-0.5707882086383265,2.2096526622772212,0.794679939746857,7.0,1.0,48.01499938964844,48.24300003051758,48.06100082397461,5.5,34.55,52.71,0.434,0.746,1.31,0,1,0
1777637018.7583127,3533.176,2.2381772994995117,0.19922947883605957,-1.8106840292560022,-0.570836369191305,2.209676504135132,0.7946919798851013,0.0,0.0,-0.0,0.0,0.0,0.0,0.2517700493335724,6.742859363555908,0.36093148589134216,0.4037475883960724,0.01345825381577015,-0.1637420803308487,0.6470194975323562,-0.5598869677393012,0.9097338922158056,-0.701764466134343,-0.6540886846866635,1.5597331552267824,0.0,0.0,0.0,0.0,0.0,0.0,2.2382376194000244,0.19928908348083496,-1.8107078711139124,-0.5707882086383265,2.2096526622772212,0.794679939746857,7.0,1.0,48.01499938964844,48.24300003051758,48.06100082397461,5.5,34.55,52.71,0.434,0.746,1.31,0,1,0
1777637018.7655356,3533.1839999999997,2.2381772994995117,0.19931304454803467,-1.8107197920428675,-0.5707882086383265,2.209688425064087,0.7947279214859009,0.0,0.0,-0.0,0.0,0.0,0.0,0.2929687798023224,6.738281726837158,0.3698987364768982,0.3925323784351349,0.01345825381577015,-0.1749572902917862,0.6470517936943334,-0.559916667337574,0.9096632053921185,-0.7016747863257554,-0.6541039936791663,1.5597515802257769,0.0,0.0,0.0,0.0,0.0,0.0,2.2382376194000244,0.19928908348083496,-1.8107078711139124,-0.5707882086383265,2.2096526622772212,0.794679939746857,7.0,1.0,48.01499938964844,48.24300003051758,48.06100082397461,5.5,34.55,52.71,0.434,0.746,1.31,0,1,0
1777637018.773222,3533.192,2.2382256984710693,0.19928908348083496,-1.8106959501849573,-0.570836369191305,2.209676504135132,0.7947399020195007,0.0,0.0,-0.0,0.0,0.0,0.0,0.2838135063648224,6.655884265899658,0.35868969559669495,0.3835602104663849,0.02243042178452015,-0.1727142482995987,0.6470727837131318,-0.5598709316851117,0.9096915458021644,-0.7017214449628528,-0.6541033376650277,1.5598134182359,0.0,0.0,0.0,0.0,0.0,0.0,2.2382376194000244,0.19928908348083496,-1.8107078711139124,-0.5707882086383265,2.2096526622772212,0.794679939746857,7.0,1.0,48.01499938964844,48.24300003051758,48.06100082397461,5.5,34.55,52.71,0.434,0.746,1.31,0,1,0
1777637018.8733318,3533.2,2.2381772994995117,0.19925343990325928,-1.8106840292560022,-0.5708120504962366,2.2096645832061768,0.7946799397468567,0.0,0.0,-0.0,0.0,0.0,0.0,0.2746582329273224,6.655884265899658,0.3452388346195221,0.3902893364429474,0.01570129580795765,-0.1727142482995987,0.6470362472450746,-0.5599103196389197,0.909706124407234,-0.7017062909586504,-0.654084456834548,1.5597122361192972,0.0,0.0,0.0,0.0,0.0,0.0,2.2382376194000244,0.19928908348083496,-1.8107078711139124,-0.5707882086383265,2.2096526622772212,0.794679939746857,7.0,1.0,48.01499938964844,48.24300003051758,48.06100082397461,5.5,34.55,52.71,0.434,0.746,1.31,0,1,0
1777637018.8734357,3533.2079999999996,2.2381772994995117,0.19928908348083496,-1.8106959501849573,-0.5708482901202601,2.2096645832061768,0.7947039604187012,0.0,0.0,-0.0,0.0,0.0,0.0,0.2471924126148224,6.752014636993408,0.35868969559669495,0.3858032524585724,0.01794433780014515,-0.1614990383386612,0.6470413209662554,-0.5599079281866649,0.9096910369340332,-0.7017302478680298,-0.6540767743704718,1.559736190477482,0.0,0.0,0.0,0.0,0.0,0.0,2.2382376194000244,0.19928908348083496,-1.8107078711139124,-0.5707882086383265,2.2096526622772212,0.794679939746857,7.0,1.0,47.986000061035156,48.24300003051758,48.06100082397461,5.5,34.55,52.71,0.434,0.746,1.31,0,1,0
1777637018.87347,3533.216,2.2381772994995117,0.19930100440979004,-1.8106840292560022,-0.570836369191305,2.209688425064087,0.7947399020195007,0.0,0.0,-0.0,0.0,0.0,0.0,0.2746582329273224,6.697082996368408,0.3676569163799286,0.3723450005054474,0.01570129580795765,-0.1727142482995987,0.6470570060560711,-0.5599188977738834,0.9096786612768039,-0.7017066614380864,-0.6540980796489216,1.5597666382358928,0.0,0.0,0.0,0.0,0.0,0.0,2.2382376194000244,0.19928908348083496,-1.8107078711139124,-0.5707882086383265,2.2096526622772212,0.794679939746857,7.0,1.0,47.986000061035156,48.24300003051758,48.06100082397461,5.5,34.55,52.71,0.434,0.746,1.31,0,1,0
1777637018.8750567,3533.2239999999997,2.2381653785705566,0.19930100440979004,-1.8106721083270472,-0.5707882086383265,2.209688425064087,0.794715940952301,0.0,0.0,-0.0,0.0,0.0,0.0,0.2471924126148224,6.660461902618408,0.3429970145225525,0.3992615044116974,0.01794433780014515,-0.1614990383386612,0.6470649817356634,-0.559953957444847,0.9096606577340968,-0.7016333882096701,-0.6541062468477932,1.559723700433363,0.0,0.0,0.0,0.0,0.0,0.0,2.2382376194000244,0.19928908348083496,-1.8107078711139124,-0.5707882086383265,2.2096526622772212,0.794679939746857,7.0,1.0,47.986000061035156,48.24300003051758,48.06100082397461,5.5,34.55,52.71,0.434,0.746,1.31,0,1,0
1777637018.8750975,3533.232,2.238189220428467,0.1992654800415039,-1.8107078711139124,-0.5708482901202601,2.209676504135132,0.7947279214859009,0.0,0.0,-0.0,0.0,0.0,0.0,0.2609253227710724,6.692505359649658,0.3743823766708374,0.3858032524585724,0.01794433780014515,-0.1502838283777237,0.6470307878862611,-0.5598717387577072,0.909716164816178,-0.7017767375353291,-0.654084617343447,1.559776919001263,0.0,0.0,0.0,0.0,0.0,0.0,2.2382376194000244,0.19928908348083496,-1.8107078711139124,-0.5707882086383265,2.2096526622772212,0.794679939746857,7.0,1.0,47.986000061035156,48.24300003051758,48.06100082397461,5.5,34.55,52.71,0.434,0.746,1.31,0,1,0
1777637018.8762057,3533.24,2.238189220428467,0.19927704334259033,-1.8106721083270472,-0.570836369191305,2.209688425064087,0.7947039604187012,0.0,0.0,-0.0,0.0,0.0,0.0,0.3067016899585724,6.683350086212158,0.3698987364768982,0.3925323784351349,0.01345825381577015,-0.1592559963464737,0.6470557457022506,-0.5599145689774647,0.9096922761605344,-0.7017018512618756,-0.6541112500091579,1.559746683343967,0.0,0.0,0.0,0.0,0.0,0.0,2.2382376194000244,0.19928908348083496,-1.8107078711139124,-0.5707882086383265,2.2096526622772212,0.794679939746857,7.0,1.0,47.986000061035156,48.24300003051758,48.06100082397461,5.5,34.55,52.71,0.434,0.746,1.31,0,1,0
1777637018.8763423,3533.248,2.238201141357422,0.1992654800415039,-1.8106721083270472,-0.5708120504962366,2.2096645832061768,0.7947039604187012,0.0,0.0,-0.0,0.0,0.0,0.0,0.2517700493335724,6.719971179962158,0.3766241669654846,0.4059906303882599,0.01794433780014515,-0.1547699123620987,0.6470641110183778,-0.5599042673087445,0.9096955912374581,-0.7016847386671186,-0.6540916408117919,1.5597521446398568,0.0,0.0,0.0,0.0,0.0,0.0,2.2382376194000244,0.19928908348083496,-1.8107078711139124,-0.5707882086383265,2.2096526622772212,0.794679939746857,7.0,1.0,47.986000061035156,48.24300003051758,48.06100082397461,5.5,34.55,52.71,0.434,0.746,1.31,0,1,0
1777637018.8764098,3533.256,2.238189220428467,0.1992654800415039,-1.8106959501849573,-0.5708482901202601,2.209676504135132,0.794715940952301,0.0,0.0,-0.0,0.0,0.0,0.0,0.2746582329273224,6.724548816680908,0.3519642651081085,0.4059906303882599,0.01794433780014515,-0.1525268703699112,0.6470364569479519,-0.5598833958194878,0.9097120845729271,-0.7017585985316503,-0.6540892044520916,1.5597639167809734,0.0,0.0,0.0,0.0,0.0,0.0,2.2382376194000244,0.19928908348083496,-1.8107078711139124,-0.5707882086383265,2.2096526622772212,0.794679939746857,7.0,1.0,47.986000061035156,48.22800064086914,48.06100082397461,5.5,34.55,52.71,0.434,0.746,1.31,0,1,0
1777637018.8785121,3533.2639999999997,2.2381772994995117,0.19927704334259033,-1.8106840292560022,-0.5708239714251917,2.209676504135132,0.7946676015853882,0.0,0.0,-0.0,0.0,0.0,0.0,0.2746582329273224,6.678772449493408,0.3407551944255829,0.3835602104663849,0.01570129580795765,-0.1592559963464737,0.6470430403630891,-0.5599259332499393,0.9096881718077762,-0.7016884757259316,-0.6541023058033941,1.5597005515953672,0.0,0.0,0.0,0.0,0.0,0.0,2.2382376194000244,0.19928908348083496,-1.8107078711139124,-0.5707882086383265,2.2096526622772212,0.794679939746857,7.0,1.0,47.986000061035156,48.22800064086914,48.06100082397461,5.5,34.55,52.71,0.434,0.746,1.31,0,1,0
1777637018.878548,3533.272,2.238189220428467,0.19927704334259033,-1.8107078711139124,-0.5708482901202601,2.209676504135132,0.794715940952301,0.0,0.0,-0.0,0.0,0.0,0.0,0.2792358696460724,6.687927722930908,0.35644787549972534,0.4015045464038849,0.011215210892260075,-0.1592559963464737,0.647035378770778,-0.5598820580848536,0.909705228778014,-0.7017590023685414,-0.6540891497382215,1.5597639307121476,0.0,0.0,0.0,0.0,0.0,0.0,2.2382376194000244,0.19928908348083496,-1.8107078711139124,-0.5707882086383265,2.2096526622772212,0.794679939746857,7.0,1.0,47.986000061035156,48.22800064086914,48.06100082397461,5.5,34.55,52.71,0.434,0.746,1.31,0,1,0
1777637018.8785694,3533.272,2.238189220428467,0.19927704334259033,-1.8107078711139124,-0.5708482901202601,2.209676504135132,0.794715940952301,0.0,0.0,-0.0,0.0,0.0,0.0,0.2792358696460724,6.687927722930908,0.35644787549972534,0.4015045464038849,0.011215210892260075,-0.1592559963464737,0.647035378770778,-0.5598820580848536,0.909705228778014,-0.7017590023685414,-0.6540891497382215,1.5597639307121476,0.0,0.0,0.0,0.0,0.0,0.0,2.2382376194000244,0.19928908348083496,-1.8107078711139124,-0.5707882086383265,2.2096526622772212,0.794679939746857,7.0,1.0,47.986000061035156,48.22800064086914,48.06100082397461,5.56,34.5,52.68,0.434,0.745,1.312,0,0,1
1777637018.879415,3533.2799999999997,2.2381532192230225,0.19928908348083496,-1.810648266469137,-0.570836369191305,2.209676504135132,0.7947399020195007,0.0,0.0,-0.0,0.0,0.0,0.0,0.2700805962085724,6.678772449493408,0.36093148589134216,0.3880462944507599,0.01794433780014515,-0.1682281643152237,0.6470588963858602,-0.5599515797000268,0.9096801007128786,-0.7016858901484527,-0.6540772268345045,1.5597388487526334,0.0,0.0,0.0,0.0,0.0,0.0,2.2382376194000244,0.19928908348083496,-1.8107078711139124,-0.5707882086383265,2.2096526622772212,0.794679939746857,7.0,1.0,47.986000061035156,48.22800064086914,48.06100082397461,5.56,34.5,52.68,0.434,0.745,1.312,0,1,0
1777637018.8803499,3533.288,2.2381772994995117,0.19928908348083496,-1.8106840292560022,-0.5708120504962366,2.2096405029296875,0.7947638630867004,0.0,0.0,-0.0,0.0,0.0,0.0,0.2655029594898224,6.646728992462158,0.35644787549972534,0.4172058403491974,0.01570129580795765,-0.1547699123620987,0.6470627994424037,-0.5599078480667856,0.9096847278641262,-0.7017024725241333,-0.654040316934323,1.5597797431110612,0.0,0.0,0.0,0.0,0.0,0.0,2.2382376194000244,0.19928908348083496,-1.8107078711139124,-0.5707882086383265,2.2096526622772212,0.794679939746857,7.0,1.0,47.986000061035156,48.22800064086914,48.06100082397461,5.56,34.5,52.68,0.434,0.745,1.312,0,1,0
1777637018.8803806,3533.296,2.2381772994995117,0.1992654800415039,-1.8106840292560022,-0.5708482901202601,2.209676504135132,0.7947399020195007,0.0,0.0,-0.0,0.0,0.0,0.0,0.2426147758960724,6.701660633087158,0.35868969559669495,0.3678589165210724,0.01794433780014515,-0.1525268703699112,0.6470384656693069,-0.5598931072992956,0.909711662904787,-0.7017584368073518,-0.654079163875379,1.559772981086378,0.0,0.0,0.0,0.0,0.0,0.0,2.2382376194000244,0.19928908348083496,-1.8107078711139124,-0.5707882086383265,2.2096526622772212,0.794679939746857,7.0,1.0,47.986000061035156,48.22800064086914,48.04600143432617,5.56,34.5,52.68,0.434,0.745,1.312,0,1,0
1777637018.8816614,3533.3039999999996,2.2381772994995117,0.19930100440979004,-1.8106840292560022,-0.5707882086383265,2.209676504135132,0.7947399020195007,0.0,0.0,-0.0,0.0,0.0,0.0,0.2929687798023224,6.692505359649658,0.36541512608528137,0.3880462944507599,0.01570129580795765,-0.1637420803308487,0.6470681146348084,-0.5599304749376315,0.9096659648446747,-0.7016536772541412,-0.6540906234560828,1.559756938772659,0.0,0.0,0.0,0.0,0.0,0.0,2.2382376194000244,0.19928908348083496,-1.8107078711139124,-0.5707882086383265,2.2096526622772212,0.794679939746857,7.0,1.0,47.986000061035156,48.22800064086914,48.04600143432617,5.56,34.5,52.68,0.434,0.745,1.312,0,1,0
1777637018.8817034,3533.312,2.2381772994995117,0.1992654800415039,-1.8106840292560022,-0.5708120504962366,2.2096405029296875,0.7947279214859009,0.0,0.0,-0.0,0.0,0.0,0.0,0.2746582329273224,6.692505359649658,0.33851340413093567,0.3790741264820099,0.01570129580795765,-0.1570129543542862,0.6470483634947737,-0.5599030149041192,0.9097009036849748,-0.7017130790156731,-0.6540468095787288,1.5597507714182037,0.0,0.0,0.0,0.0,0.0,0.0,2.2382376194000244,0.19928908348083496,-1.8107078711139124,-0.5707882086383265,2.2096526622772212,0.794679939746857,7.0,1.0,47.986000061035156,48.22800064086914,48.04600143432617,5.56,34.5,52.68,0.434,0.745,1.312,0,1,0
1777637018.8879008,3533.3199999999997,2.2381772994995117,0.19930100440979004,-1.810660187398092,-0.5708239714251917,2.209676504135132,0.7946919798851013,0.0,0.0,-0.0,0.0,0.0,0.0,0.2700805962085724,6.637573719024658,0.3676569163799286,0.4104767143726349,0.01794433780014515,-0.1637420803308487,0.6470700263678544,-0.5599509679645641,0.9096647954266563,-0.7016464552751542,-0.6541017976518813,1.5597148451586864,0.0,0.0,0.0,0.0,0.0,0.0,2.2382376194000244,0.19928908348083496,-1.8107078711139124,-0.5707882086383265,2.2096526622772212,0.794679939746857,7.0,1.0,47.986000061035156,48.22800064086914,48.04600143432617,5.56,34.5,52.68,0.434,0.745,1.312,0,1,0
1777637018.8952014,3533.328,2.2381772994995117,0.19931304454803467,-1.8106721083270472,-0.5707882086383265,2.2096645832061768,0.7947039604187012,0.0,0.0,-0.0,0.0,0.0,0.0,0.2838135063648224,6.710815906524658,0.36093148589134216,0.3768310844898224,0.01345825381577015,-0.1547699123620987,0.6470787209888001,-0.5599550701101745,0.9096493318005467,-0.701612023350402,-0.6540897500936047,1.5597181374218254,0.0,0.0,0.0,0.0,0.0,0.0,2.2382376194000244,0.19928908348083496,-1.8107078711139124,-0.5707882086383265,2.2096526622772212,0.794679939746857,7.0,1.0,47.986000061035156,48.25899887084961,48.04600143432617,5.56,34.5,52.68,0.434,0.745,1.312,0,1,0
1777637018.9017515,3533.336,2.238189220428467,0.19932496547698975,-1.810660187398092,-0.5708239714251917,2.2096645832061768,0.7947039604187012,0.0,0.0,-0.0,0.0,0.0,0.0,0.2609253227710724,6.697082996368408,0.3788659870624542,0.3902893364429474,0.01794433780014515,-0.1749572902917862,0.6470904219882176,-0.5599538528615049,0.909645885045321,-0.7016223770036132,-0.6540936798133892,1.559730972038323,0.0,0.0,0.0,0.0,0.0,0.0,2.2382376194000244,0.19928908348083496,-1.8107078711139124,-0.5707882086383265,2.2096526622772212,0.794679939746857,7.0,1.0,47.986000061035156,48.25899887084961,48.04600143432617,5.56,34.5,52.68,0.434,0.745,1.312,0,1,0
1777637018.9104812,3533.344,2.238201141357422,0.19928908348083496,-1.8106840292560022,-0.5708239714251917,2.2096405029296875,0.7946799397468567,0.0,0.0,-0.0,0.0,0.0,0.0,0.2609253227710724,6.733704090118408,0.3474806249141693,0.3902893364429474,0.01570129580795765,-0.1704712063074112,0.6470666377653731,-0.5599118872639526,0.9096793286279131,-0.7016744876928677,-0.6540712931216899,1.5597265228436556,0.0,0.0,0.0,0.0,0.0,0.0,2.2382376194000244,0.19928908348083496,-1.8107078711139124,-0.5707882086383265,2.2096526622772212,0.794679939746857,7.0,1.0,47.986000061035156,48.25899887084961,48.04600143432617,5.56,34.5,52.68,0.434,0.745,1.312,0,1,0
1777637018.9168043,3533.352,2.2381412982940674,0.19931304454803467,-1.8107078711139124,-0.5708602110492151,2.209676504135132,0.7947399020195007,0.0,0.0,-0.0,0.0,0.0,0.0,0.2838135063648224,6.655884265899658,0.3497224450111389,0.3902893364429474,0.01570129580795765,-0.1727142482995987,0.6470255047852893,-0.5599256433018767,0.9096805599573666,-0.7017538539815567,-0.6540647393046432,1.559737721008356,0.0,0.0,0.0,0.0,0.0,0.0,2.2382376194000244,0.19928908348083496,-1.8107078711139124,-0.5707882086383265,2.2096526622772212,0.794679939746857,7.0,1.0,47.986000061035156,48.25899887084961,48.04600143432617,5.56,34.5,52.68,0.434,0.745,1.312,0,1,0
1777637018.9239624,3533.3599999999997,2.2381653785705566,0.1992415189743042,-1.8106358687030237,-0.5708482901202601,2.2096645832061768,0.7947518825531006,0.0,0.0,-0.0,0.0,0.0,0.0,0.2838135063648224,6.614685535430908,0.3452388346195221,0.4216919243335724,0.01570129580795765,-0.1592559963464737,0.6470492839508359,-0.5599160839160437,0.9097214648611862,-0.7017395378470009,-0.6540606054935318,1.559767355999817,0.0,0.0,0.0,0.0,0.0,0.0,2.2382376194000244,0.19928908348083496,-1.8107078711139124,-0.5707882086383265,2.2096526622772212,0.794679939746857,7.0,1.0,48.0,48.25899887084961,48.04600143432617,5.56,34.5,52.68,0.434,0.745,1.312,0,1,0
1777637018.9396057,3533.368,2.2381653785705566,0.19922947883605957,-1.8106840292560022,-0.5708482901202601,2.2096285820007324,0.794715940952301,0.0,0.0,-0.0,0.0,0.0,0.0,0.2838135063648224,6.674194812774658,0.3429970145225525,0.3902893364429474,0.01345825381577015,-0.1547699123620987,0.6470168694813797,-0.5598815667011335,0.9097394992500288,-0.7017897072051938,-0.6540228155267691,1.5597392642595618,0.0,0.0,0.0,0.0,0.0,0.0,2.2382376194000244,0.19928908348083496,-1.8107078711139124,-0.5707882086383265,2.2096526622772212,0.794679939746857,7.0,1.0,48.0,48.25899887084961,48.07600021362305,5.56,34.5,52.68,0.434,0.745,1.312,0,1,0
1777637018.939731,3533.3759999999997,2.238189220428467,0.19931304454803467,-1.8106840292560022,-0.5708721319781702,2.2096047401428223,0.7947399020195007,0.0,0.0,-0.0,0.0,0.0,0.0,0.2471924126148224,6.715393543243408,0.35644787549972534,0.3858032524585724,0.01570129580795765,-0.1659851223230362,0.6470699645821869,-0.5599030505848837,0.9096780172024718,-0.701728673381877,-0.654008095169109,1.559769357221368,0.0,0.0,0.0,0.0,0.0,0.0,2.2382376194000244,0.19928908348083496,-1.8107078711139124,-0.5707882086383265,2.2096526622772212,0.794679939746857,7.0,1.0,48.0,48.25899887084961,48.07600021362305,5.56,34.5,52.68,0.434,0.745,1.312,0,1,0
1777637018.9461918,3533.384,2.2381653785705566,0.19931304454803467,-1.8106840292560022,-0.5708120504962366,2.2096166610717773,0.794715940952301,0.0,0.0,-0.0,0.0,0.0,0.0,0.2609253227710724,6.706238269805908,0.33627158403396606,0.3813171684741974,0.02018737979233265,-0.1704712063074112,0.6470659425011813,-0.5599413660468501,0.9096597259199352,-0.7016583181033725,-0.6540241279374375,1.5597172151573813,0.0,0.0,0.0,0.0,0.0,0.0,2.2382376194000244,0.19928908348083496,-1.8107078711139124,-0.5707882086383265,2.2096526622772212,0.794679939746857,7.0,1.0,48.0,48.25899887084961,48.07600021362305,5.56,34.5,52.68,0.434,0.745,1.312,0,1,0
1777637018.9541843,3533.392,2.238189220428467,0.19930100440979004,-1.8106840292560022,-0.570836369191305,2.2096285820007324,0.7946919798851013,0.0,0.0,-0.0,0.0,0.0,0.0,0.2700805962085724,6.692505359649658,0.3474806249141693,0.3723450005054474,0.01345825381577015,-0.1727142482995987,0.6470652919601476,-0.5599195816964806,0.9096738127254799,-0.7016826978376823,-0.6540497072062005,1.5597249195439749,0.0,0.0,0.0,0.0,0.0,0.0,2.2382376194000244,0.19928908348083496,-1.8107078711139124,-0.5707882086383265,2.2096526622772212,0.794679939746857,7.0,1.0,48.0,48.25899887084961,48.07600021362305,5.56,34.5,52.68,0.434,0.745,1.312,0,1,0
1777637018.9600205,3533.3999999999996,2.2381532192230225,0.19930100440979004,-1.8106358687030237,-0.5708120504962366,2.2096526622772217,0.7947279214859009,0.0,0.0,-0.0,0.0,0.0,0.0,0.2700805962085724,6.719971179962158,0.33402976393699646,0.3835602104663849,0.01570129580795765,-0.1772003322839737,0.6470778857358565,-0.5599754047163978,0.9096594844312802,-0.7016271543060005,-0.6540598677144318,1.5597162499813433,0.0,0.0,0.0,0.0,0.0,0.0,2.2382376194000244,0.19928908348083496,-1.8107078711139124,-0.5707882086383265,2.2096526622772212,0.794679939746857,7.0,1.0,48.0,48.24300003051758,48.07600021362305,5.56,34.5,52.68,0.434,0.745,1.312,0,1,0
1777637018.9668758,3533.408,2.2381772994995117,0.19933700561523438,-1.8106840292560022,-0.570836369191305,2.209688425064087,0.794715940952301,0.0,0.0,-0.0,0.0,0.0,0.0,0.3067016899585724,6.596374988555908,0.3429970145225525,0.3925323784351349,0.01794433780014515,-0.1659851223230362,0.6470724164990731,-0.5599474399141616,0.9096459682816719,-0.7016570982717032,-0.6541087121944185,1.559738453200367,0.0,0.0,0.0,0.0,0.0,0.0,2.2382376194000244,0.19928908348083496,-1.8107078711139124,-0.5707882086383265,2.2096526622772212,0.794679939746857,7.0,1.0,48.0,48.24300003051758,48.07600021362305,5.56,34.5,52.68,0.434,0.745,1.312,0,1,0
1777637018.9743354,3533.4159999999997,2.2381772994995117,0.1992654800415039,-1.810660187398092,-0.5708239714251917,2.2096526622772217,0.794715940952301,0.0,0.0,-0.0,0.0,0.0,0.0,0.3067016899585724,6.747437000274658,0.3676569163799286,0.3880462944507599,0.01570129580795765,-0.1614990383386612,0.6470570896139498,-0.5599209329860837,0.9096970998239642,-0.7016951337541367,-0.6540648805084563,1.5597395038309212,0.0,0.0,0.0,0.0,0.0,0.0,2.2382376194000244,0.19928908348083496,-1.8107078711139124,-0.5707882086383265,2.2096526622772212,0.794679939746857,7.0,1.0,48.0,48.24300003051758,48.07600021362305,5.56,34.5,52.68,0.434,0.745,1.312,0,1,0
1777637018.983803,3533.424,2.2381653785705566,0.19928908348083496,-1.8107078711139124,-0.5708239714251917,2.2096405029296875,0.794715940952301,0.0,0.0,-0.0,0.0,0.0,0.0,0.2426147758960724,6.697082996368408,0.36541512608528137,0.3970184624195099,0.01794433780014515,-0.1727142482995987,0.6470362863376669,-0.5599084783526165,0.9096887158948133,-0.7017241027808743,-0.654043209119483,1.5597307344776368,0.0,0.0,0.0,0.0,0.0,0.0,2.2382376194000244,0.19928908348083496,-1.8107078711139124,-0.5707882086383265,2.2096526622772212,0.794679939746857,7.0,1.0,48.0,48.24300003051758,48.07600021362305,5.56,34.5,52.68,0.434,0.745,1.312,0,1,0
1777637018.9890554,3533.432,2.2381772994995117,0.19927704334259033,-1.8106721083270472,-0.5708239714251917,2.209700584411621,0.7947039604187012,0.0,0.0,-0.0,0.0,0.0,0.0,0.2792358696460724,6.697082996368408,0.3519642651081085,0.3768310844898224,0.011215210892260075,-0.1547699123620987,0.6470504978905874,-0.5599264029644808,0.9096890001078332,-0.7016911887104321,-0.654120898626851,1.5597354351793926,0.0,0.0,0.0,0.0,0.0,0.0,2.2382376194000244,0.19928908348083496,-1.8107078711139124,-0.5707882086383265,2.2096526622772212,0.794679939746857,7.0,1.0,48.0,48.24300003051758,48.07600021362305,5.56,34.5,52.68,0.434,0.745,1.312,0,1,0
1777637018.9902782,3533.432,2.2381772994995117,0.19927704334259033,-1.8106721083270472,-0.5708239714251917,2.209700584411621,0.7947039604187012,0.0,0.0,-0.0,0.0,0.0,0.0,0.2792358696460724,6.697082996368408,0.3519642651081085,0.3768310844898224,0.011215210892260075,-0.1547699123620987,0.6470504978905874,-0.5599264029644808,0.9096890001078332,-0.7016911887104321,-0.654120898626851,1.5597354351793926,0.0,0.0,0.0,0.0,0.0,0.0,2.2382376194000244,0.19928908348083496,-1.8107078711139124,-0.5707882086383265,2.2096526622772212,0.794679939746857,7.0,1.0,48.0,48.24300003051758,48.07600021362305,5.6,34.52,52.69,0.435,0.746,1.312,0,0,1
1777637018.99539,3533.44,2.238201141357422,0.19930100440979004,-1.8106840292560022,-0.5708482901202601,2.209688425064087,0.7947039604187012,0.0,0.0,-0.0,0.0,0.0,0.0,0.2655029594898224,6.674194812774658,0.3676569163799286,0.3835602104663849,0.01570129580795765,-0.1525268703699112,0.6470648692419017,-0.5599100427712347,0.9096781462530367,-0.7016990084262246,-0.6541165489415502,1.5597574973274428,0.0,0.0,0.0,0.0,0.0,0.0,2.2382376194000244,0.19928908348083496,-1.8107078711139124,-0.5707882086383265,2.2096526622772212,0.794679939746857,7.0,1.0,47.986000061035156,48.24300003051758,48.04600143432617,5.6,34.52,52.69,0.435,0.746,1.312,0,1,0
1777637019.0040994,3533.448,2.238213539123535,0.19932496547698975,-1.8106721083270472,-0.570836369191305,2.2096526622772217,0.7947039604187012,0.0,0.0,-0.0,0.0,0.0,0.0,0.2563476860523224,6.674194812774658,0.3429970145225525,0.3701019585132599,0.01794433780014515,-0.1772003322839737,0.6470959160100203,-0.5599255768581306,0.9096520229716178,-0.7016432495606485,-0.6540882984167705,1.559755640907176,0.0,0.0,0.0,0.0,0.0,0.0,2.2382376194000244,0.19928908348083496,-1.8107078711139124,-0.5707882086383265,2.2096526622772212,0.794679939746857,7.0,1.0,47.986000061035156,48.24300003051758,48.04600143432617,5.6,34.52,52.69,0.435,0.746,1.312,0,1,0
1777637019.0103147,3533.4559999999997,2.2381653785705566,0.19930100440979004,-1.8106959501849573,-0.5708482901202601,2.2096645832061768,0.7947039604187012,0.0,0.0,-0.0,0.0,0.0,0.0,0.2655029594898224,6.674194812774658,0.3721405565738678,0.4015045464038849,0.02243042178452015,-0.1547699123620987,0.6470404145793139,-0.5599229606575991,0.9096810195604902,-0.7017199439269112,-0.6540729693211375,1.5597231954626893,0.0,0.0,0.0,0.0,0.0,0.0,2.2382376194000244,0.19928908348083496,-1.8107078711139124,-0.5707882086383265,2.2096526622772212,0.794679939746857,7.0,1.0,47.986000061035156,48.24300003051758,48.04600143432617,5.6,34.52,52.69,0.435,0.746,1.312,0,1,0
1777637019.0175676,3533.464,2.2381653785705566,0.19928908348083496,-1.8106721083270472,-0.5708001295672815,2.2096645832061768,0.7947039604187012,0.0,0.0,-0.0,0.0,0.0,0.0,0.2655029594898224,6.729126453399658,0.33851340413093567,0.3858032524585724,0.02243042178452015,-0.1637420803308487,0.6470579799951064,-0.5599449862826029,0.9096726121241681,-0.7016540674988018,-0.6540801591093812,1.5597132692735285,0.0,0.0,0.0,0.0,0.0,0.0,2.2382376194000244,0.19928908348083496,-1.8107078711139124,-0.5707882086383265,2.2096526622772212,0.794679939746857,7.0,1.0,47.986000061035156,48.24300003051758,48.04600143432617,5.6,34.52,52.69,0.435,0.746,1.312,0,1,0
1777637019.024753,3533.4719999999998,2.2381772994995117,0.19928908348083496,-1.8106840292560022,-0.570836369191305,2.209676504135132,0.794715940952301,0.0,0.0,-0.0,0.0,0.0,0.0,0.2517700493335724,6.738281726837158,0.36317330598831177,0.3992615044116974,0.01345825381577015,-0.1547699123620987,0.6470503498409528,-0.5599171252628901,0.9096862454308468,-0.7017093747404008,-0.6540897012413663,1.559744947985212,0.0,0.0,0.0,0.0,0.0,0.0,2.2382376194000244,0.19928908348083496,-1.8107078711139124,-0.5707882086383265,2.2096526622772212,0.794679939746857,7.0,1.0,47.986000061035156,48.22800064086914,48.04600143432617,5.6,34.52,52.69,0.435,0.746,1.312,0,1,0
1777637019.035843,3533.48,2.2381653785705566,0.19930100440979004,-1.8107197920428675,-0.5708120504962366,2.2096405029296875,0.7947039604187012,0.0,0.0,-0.0,0.0,0.0,0.0,0.2746582329273224,6.605530261993408,0.3474806249141693,0.3835602104663849,0.01794433780014515,-0.1749572902917862,0.647036848244836,-0.5599136662636666,0.9096771959757778,-0.7017059681643708,-0.6540477357557964,1.5597177067845491,0.0,0.0,0.0,0.0,0.0,0.0,2.2382376194000244,0.19928908348083496,-1.8107078711139124,-0.5707882086383265,2.2096526622772212,0.794679939746857,7.0,1.0,47.986000061035156,48.22800064086914,48.04600143432617,5.6,34.52,52.69,0.435,0.746,1.312,0,1,0
1777637019.0397134,3533.488,2.2381532192230225,0.19927704334259033,-1.8107078711139124,-0.5708120504962366,2.2096526622772217,0.7947279214859009,0.0,0.0,-0.0,0.0,0.0,0.0,0.3433227837085724,6.678772449493408,0.35868969559669495,0.3925323784351349,0.01570129580795765,-0.1525268703699112,0.6470259850957042,-0.5599097309056136,0.909696902770101,-0.7017322745149724,-0.6540481056857405,1.5597324169941296,0.0,0.0,0.0,0.0,0.0,0.0,2.2382376194000244,0.19928908348083496,-1.8107078711139124,-0.5707882086383265,2.2096526622772212,0.794679939746857,7.0,1.0,47.986000061035156,48.22800064086914,48.04600143432617,5.6,34.52,52.69,0.435,0.746,1.312,0,1,0
1777637019.046307,3533.4959999999996,2.238189220428467,0.19927704334259033,-1.8106840292560022,-0.5708239714251917,2.2096645832061768,0.794715940952301,0.0,0.0,-0.0,0.0,0.0,0.0,0.2655029594898224,6.738281726837158,0.3766241669654846,0.3835602104663849,0.01570129580795765,-0.1659851223230362,0.6470548909319342,-0.5599043369984271,0.9096930992256536,-0.70170603512119,-0.6540817912501704,1.5597541877550185,0.0,0.0,0.0,0.0,0.0,0.0,2.2382376194000244,0.19928908348083496,-1.8107078711139124,-0.5707882086383265,2.2096526622772212,0.794679939746857,7.0,1.0,47.986000061035156,48.22800064086914,48.04600143432617,5.6,34.52,52.69,0.435,0.746,1.312,0,1,0
1777637019.0543087,3533.504,2.238189220428467,0.19930100440979004,-1.8106721083270472,-0.5708239714251917,2.209688425064087,0.7947279214859009,0.0,0.0,-0.0,0.0,0.0,0.0,0.2838135063648224,6.660461902618408,0.3519642651081085,0.4104767143726349,0.01794433780014515,-0.1435547024011612,0.6470719206420112,-0.559926051080978,0.9096713103136066,-0.7016721842705653,-0.6541093950163752,1.5597625332461653,0.0,0.0,0.0,0.0,0.0,0.0,2.2382376194000244,0.19928908348083496,-1.8107078711139124,-0.5707882086383265,2.2096526622772212,0.794679939746857,7.0,1.0,47.986000061035156,48.22800064086914,48.04600143432617,5.6,34.52,52.69,0.435,0.746,1.312,0,1,0
1777637019.0641258,3533.5119999999997,2.2381772994995117,0.19927704334259033,-1.8106721083270472,-0.5707882086383265,2.2096405029296875,0.7947279214859009,0.0,0.0,-0.0,0.0,0.0,0.0,0.2838135063648224,6.706238269805908,0.36541512608528137,0.4216919243335724,0.01794433780014515,-0.1592559963464737,0.6470655764151076,-0.5599247249930595,0.9096820372698371,-0.7016612196710865,-0.6540525116909006,1.5597428440144447,0.0,0.0,0.0,0.0,0.0,0.0,2.2382376194000244,0.19928908348083496,-1.8107078711139124,-0.5707882086383265,2.2096526622772212,0.794679939746857,7.0,1.0,48.0,48.22800064086914,48.04600143432617,5.6,34.52,52.69,0.435,0.746,1.312,0,1,0
1777637019.0681698,3533.52,2.2381772994995117,0.19928908348083496,-1.8107321898089808,-0.5708482901202601,2.2096645832061768,0.7947039604187012,0.0,0.0,-0.0,0.0,0.0,0.0,0.2609253227710724,6.660461902618408,0.35868969559669495,0.3880462944507599,0.01570129580795765,-0.1727142482995987,0.6470210331561275,-0.5598822782952052,0.9096997338931928,-0.7017699550593106,-0.6540723246482167,1.5597422593164516,0.0,0.0,0.0,0.0,0.0,0.0,2.2382376194000244,0.19928908348083496,-1.8107078711139124,-0.5707882086383265,2.2096526622772212,0.794679939746857,7.0,1.0,48.0,48.22800064086914,48.04600143432617,5.6,34.52,52.69,0.435,0.746,1.312,0,1,0
1777637019.0757127,3533.528,2.238189220428467,0.19932496547698975,-1.8106840292560022,-0.5708239714251917,2.2096526622772217,0.794715940952301,0.0,0.0,-0.0,0.0,0.0,0.0,0.2746582329273224,6.687927722930908,0.35868969559669495,0.3835602104663849,0.011215210892260075,-0.1592559963464737,0.6470792013341813,-0.5599328664617798,0.9096528343411505,-0.7016533960514898,-0.6540744585563784,1.5597442493237383,0.0,0.0,0.0,0.0,0.0,0.0,2.2382376194000244,0.19928908348083496,-1.8107078711139124,-0.5707882086383265,2.2096526622772212,0.794679939746857,7.0,1.0,48.0,48.22800064086914,48.04600143432617,5.6,34.52,52.69,0.435,0.746,1.312,0,1,0
1777637019.163631,3533.536,2.2381772994995117,0.1992654800415039,-1.8107197920428675,-0.570836369191305,2.2096285820007324,0.7946676015853882,0.0,0.0,-0.0,0.0,0.0,0.0,0.3021240532398224,6.674194812774658,0.35868969559669495,0.4127197563648224,0.01794433780014515,-0.1704712063074112,0.6470193616359099,-0.5598867231629363,0.9097097655745989,-0.7017531834991309,-0.6540420862697145,1.5597036512603921,0.0,0.0,0.0,0.0,0.0,0.0,2.2382376012796157,0.19928906772108984,-1.810707873449802,-0.5707881841470916,2.209652658758564,0.7946799567462673,7.0,1.0,48.0,48.22800064086914,48.04600143432617,5.6,34.52,52.69,0.435,0.746,1.312,0,1,0
1777637019.1653595,3533.544,2.2381772994995117,0.19933700561523438,-1.8106840292560022,-0.5708120504962366,2.2096526622772217,0.7947279214859009,0.0,0.0,-0.0,0.0,0.0,0.0,0.2792358696460724,6.674194812774658,0.3676569163799286,0.3880462944507599,0.011215210892260075,-0.1772003322839737,0.6470818289594958,-0.5599478391156569,0.9096407916727285,-0.7016349687739662,-0.6540689603078492,1.5597402652147254,0.0,0.0,0.0,0.0,0.0,0.0,2.238237456316332,0.1992889416431193,-1.8107078921368887,-0.5707879882172362,2.2096526306093107,0.7946800927415596,7.0,1.0,48.0,48.22800064086914,48.04600143432617,5.6,34.52,52.69,0.435,0.746,1.312,0,1,0
1777637019.1654167,3533.5519999999997,2.238189220428467,0.1992654800415039,-1.8106721083270472,-0.5708120504962366,2.2096526622772217,0.7947399020195007,0.0,0.0,-0.0,0.0,0.0,0.0,0.3524780571460724,6.738281726837158,0.36541512608528137,0.4015045464038849,0.01570129580795765,-0.1682281643152237,0.6470615723770757,-0.5599014295724292,0.9096992561440888,-0.7017025343315377,-0.6540638429638377,1.559772489185774,0.0,0.0,0.0,0.0,0.0,0.0,2.2382369670650712,0.19928851612984366,-1.8107079552054612,-0.5707873269542345,2.2096525356056684,0.794680551725796,7.0,1.0,48.0,48.22800064086914,48.04600143432617,5.6,34.52,52.69,0.435,0.746,1.312,0,1,0
1777637019.1654494,3533.56,2.238189220428467,0.19927704334259033,-1.8107078711139124,-0.5708482901202601,2.2096645832061768,0.7946799397468567,0.0,0.0,-0.0,0.0,0.0,0.0,0.3250122368335724,6.692505359649658,0.35868969559669495,0.3925323784351349,0.01570129580795765,-0.1525268703699112,0.6470334810179131,-0.5598908402864345,0.9097015699147201,-0.7017435641192572,-0.6540853633960003,1.5597291355454947,0.0,0.0,0.0,0.0,0.0,0.0,2.238235807357282,0.199287507505012,-1.8107081046991977,-0.5707857595176238,2.209652310412388,0.7946816396892005,7.0,1.0,48.0,48.22800064086914,48.04600143432617,5.6,34.52,52.69,0.435,0.746,1.312,0,1,0
1777637019.1655354,3533.5679999999998,2.238189220428467,0.1992654800415039,-1.8107078711139124,-0.570836369191305,2.2096405029296875,0.7947279214859009,0.0,0.0,-0.0,0.0,0.0,0.0,0.3204346001148224,6.774902820587158,0.35868969559669495,0.3723450005054474,0.01570129580795765,-0.1637420803308487,0.6470366474119853,-0.5598721299045685,0.9097130389986409,-0.7017631201554484,-0.654046253690705,1.5597697423336911,0.0,0.0,0.0,0.0,0.0,0.0,2.2382335422985555,0.1992855375315107,-1.8107083966704742,-0.5707826981245416,2.209651870583945,0.794683764620849,7.0,1.0,48.0,48.22800064086914,48.04600143432617,5.6,34.52,52.69,0.435,0.746,1.312,0,1,0
1777637019.1669085,3533.576,2.2381772994995117,0.19931304454803467,-1.8106840292560022,-0.5708482901202601,2.209688425064087,0.7947039604187012,0.0,0.0,-0.0,0.0,0.0,0.0,0.2700805962085724,6.573486804962158,0.3766241669654846,0.4418793320655823,0.01345825381577015,-0.1704712063074112,0.6470573457185121,-0.5599328620177683,0.9096680284633066,-0.7016913197347476,-0.6541075008447282,1.5597335304650577,0.0,0.0,0.0,0.0,0.0,0.0,2.2382296282632024,0.19928213340755152,-1.8107089011697877,-0.5707774080577135,2.2096511105672003,0.7946874365124781,7.0,1.0,48.0,48.22800064086914,48.04600143432617,5.6,34.52,52.69,0.435,0.746,1.312,0,1,0
1777637019.168192,3533.584,2.238189220428467,0.1992654800415039,-1.8106840292560022,-0.570836369191305,2.2096285820007324,0.7947039604187012,0.0,0.0,-0.0,0.0,0.0,0.0,0.2243042290210724,6.600952625274658,0.3497224450111389,0.4486084580421448,0.004486084450036287,-0.1390686184167862,0.6470491067948463,-0.5598945513126011,0.9097048843243757,-0.7017266615628273,-0.6540422560197349,1.55974201546103,0.0,0.0,0.0,0.0,0.0,0.0,2.23822341288391,0.1992767277594057,-1.8107097022255925,-0.5707690076806724,2.2096499037064743,0.7946932673657444,7.0,1.0,48.029998779296875,48.22800064086914,48.029998779296875,5.6,34.52,52.69,0.435,0.746,1.312,0,1,0
1777637019.1682794,3533.5919999999996,2.238189220428467,0.19928908348083496,-1.8106721083270472,-0.5707882086383265,2.2096526622772217,0.794715940952301,0.0,0.0,-0.0,0.0,0.0,0.0,0.1327514797449112,6.523132801055908,0.3452388346195221,0.4777680039405823,0.0022430422250181437,-0.1300964504480362,0.6470759283572358,-0.5599285334306265,0.9096706935940584,-0.7016404025906359,-0.6540757936699727,1.5597424814449303,0.0,0.0,0.0,0.0,0.0,0.0,2.238214135034111,0.19926865862901694,-1.8107108978099218,-0.5707564684637028,2.2096481022521925,0.7947019712046034,7.0,1.0,48.029998779296875,48.22800064086914,48.029998779296875,5.6,34.52,52.69,0.435,0.746,1.312,0,1,0
1777637019.16832,3533.5919999999996,2.238189220428467,0.19928908348083496,-1.8106721083270472,-0.5707882086383265,2.2096526622772217,0.794715940952301,0.0,0.0,-0.0,0.0,0.0,0.0,0.1327514797449112,6.523132801055908,0.3452388346195221,0.4777680039405823,0.0022430422250181437,-0.1300964504480362,0.6470759283572358,-0.5599285334306265,0.9096706935940584,-0.7016404025906359,-0.6540757936699727,1.5597424814449303,0.0,0.0,0.0,0.0,0.0,0.0,2.238214135034111,0.19926865862901694,-1.8107108978099218,-0.5707564684637028,2.2096481022521925,0.7947019712046034,7.0,1.0,48.029998779296875,48.22800064086914,48.029998779296875,5.61,34.47,52.73,0.434,0.747,1.311,0,0,1
1777637019.1683617,3533.6,2.2381772994995117,0.19925343990325928,-1.8106721083270472,-0.5707762877093714,2.2096405029296875,0.7947279214859009,0.0,0.0,-0.0,0.0,0.0,0.0,-0.1327514797449112,6.312561511993408,0.3429970145225525,0.4800110459327698,0.0,-0.0874786451458931,0.6470566269705706,-0.5599133196230912,0.9096987278494285,-0.7016739870986025,-0.6540510501683626,1.5597449163148036,0.0,0.0,0.0,0.0,0.0,0.0,2.2382009248002164,0.19925716945449465,-1.8107125997842433,-0.5707386150247187,2.209645537374509,0.7947143640948047,7.0,1.0,48.029998779296875,48.22800064086914,48.029998779296875,5.61,34.47,52.73,0.434,0.747,1.311,0,1,0
1777637019.1747863,3533.6079999999997,2.2381532192230225,0.19927704334259033,-1.8106721083270472,-0.5707882086383265,2.209688425064087,0.7947518825531006,-0.002684466540813446,0.0,-0.0,0.004774515517055988,0.0,0.00327888410538435,-0.0595092847943306,6.143188953399658,0.30936986207962036,0.5181427597999573,-0.01345825381577015,-0.0874786451458931,0.6470495936607242,-0.5599374553319052,0.9096844527378342,-0.7016776490091045,-0.6540885964512213,1.5597496570295009,-0.00023809510996400894,-0.0020920790217415033,-0.0009254791869481874,0.0012587136760506966,0.002932262358351518,-0.000517837558436937,2.238182803440383,0.19924140904115692,-1.8107149338190727,-0.5707141251899488,2.2096420191835304,0.7947313641728387,7.0,1.0,48.029998779296875,48.22800064086914,48.029998779296875,5.61,34.47,52.73,0.434,0.747,1.311,0,1,0
1777637019.1748466,3533.616,2.2381293773651123,0.1992654800415039,-1.8106840292560022,-0.570740048085348,2.209676504135132,0.7947638630867004,-0.002633333671838045,0.0,-0.0,0.0041609229519963264,0.0,0.00327888410538435,0.0366210974752903,5.987549304962158,0.30488622188568115,0.4710388779640198,-0.01570129580795765,-0.1121521145105362,0.6470360883075778,-0.5599457026560187,0.9096855540288347,-0.701660951726067,-0.6540646305700901,1.5597330402562686,-0.0003367317777206461,-0.0019000950998271243,-0.0007636710566368941,0.0007786674732578013,0.0025502115979871534,-0.00046911608707439316,2.2381586833260254,0.1992204315204639,-1.8107180392799282,-0.5706815300800461,2.209637336758007,0.7947539916870027,7.0,1.0,48.029998779296875,48.25899887084961,48.029998779296875,5.61,34.47,52.73,0.434,0.747,1.311,0,1,0
1777637019.1768026,3533.624,2.2381772994995117,0.1992654800415039,-1.8106840292560022,-0.5707042852984827,2.2096405029296875,0.7948117852210999,-0.0014317154418677092,0.0,-0.0,0.0022626216523349285,0.0,0.0020133499056100845,-0.4028320610523224,5.648804187774658,0.28022632002830505,0.5921631455421448,-0.0269165076315403,-0.0538330152630806,0.6470777439878068,-0.5599083801749496,0.9096810173017251,-0.7016304644522778,-0.6540377403528083,1.5598099659468807,-0.00016360115037028332,-0.0009711875282089615,-0.0003918473612903108,0.0002493592466533848,0.0013839509259158979,-0.00010391671981513882,2.238127367861795,0.19919319629385543,-1.8107220690713124,-0.5706392142279073,2.209631258184591,0.7947833690535848,7.0,1.0,48.029998779296875,48.25899887084961,48.029998779296875,5.61,34.47,52.73,0.434,0.747,1.311,0,1,0
1777637019.1769633,3533.632,2.2381293773651123,0.1992654800415039,-1.8106959501849573,-0.5706446806537073,2.209568738937378,0.7948357462882996,-0.0070435283705592155,-0.002288188086822629,-0.0,0.011830827221274376,0.0,0.008436894975602627,-0.3616333305835724,5.799866199493408,0.19503751397132874,0.4239349663257599,-0.0471038855612278,-0.0381317175924778,0.6470653611490211,-0.5599345721769042,0.9096706299151834,-0.7015982659705822,-0.6539366803504628,1.5597697143951994,-0.001890231571583661,-0.003948603211974341,-0.000339079655568717,0.0010867708814655099,0.00584617754955942,-0.00146969832138905,2.2380875513792726,0.19915856795818387,-1.8107271894294525,-0.5705854157352332,2.2096235306099867,0.7948207209315077,7.0,1.0,48.029998779296875,48.25899887084961,48.029998779296875,5.61,34.47,52.73,0.434,0.747,1.311,0,1,0
1777637019.1771064,3533.64,2.238069534301758,0.1992654800415039,-1.8106721083270472,-0.5705960432635706,2.209580659866333,0.7948477268218994,-0.0041800979524850845,-0.0021731394808739424,-0.0,0.004870389122515917,-0.004716990981251001,0.004314321093261242,-0.3067016899585724,5.456543445587158,0.20176294445991516,0.5787048935890198,0.1076660305261612,-0.0672912672162056,0.6470551632299086,-0.5600004350594525,0.9096532908056899,-0.7015378550882301,-0.6539290472253706,1.5597154166238119,-0.0015765079427246434,-0.0011189758549801634,0.0009828550589272788,-0.003551490675122778,0.004664680504486891,-0.00404074154845203,2.2380378189991643,0.1991153162091151,-1.810733579653622,-0.5705182264755431,2.209613880308567,0.7948673743190973,7.0,1.0,48.029998779296875,48.25899887084961,48.029998779296875,5.61,34.47,52.73,0.434,0.747,1.311,0,1,0
1777637019.1938086,3533.6479999999997,2.2380213737487793,0.1992654800415039,-1.8106959501849573,-0.5704763571368616,2.2095446586608887,0.7948837280273438,-0.009612946771085262,-0.001470064977183938,-0.0,0.018139323219656944,-0.002281796419993043,0.014055099338293076,-0.6179810166358948,4.989624500274658,0.1614103615283966,0.4598236680030823,0.0515899695456028,0.0538330152630806,0.6470460697518037,-0.5600333404453548,0.9096311214894368,-0.7014585444899132,-0.653869939036591,1.559683217045964,-0.0009401986357525276,-0.00606610437231676,-0.0021183469372260248,0.0012644323486361974,0.01167605344481926,-0.001641203396269655,2.2379766464562794,0.19906211571855978,-1.8107414317649324,-0.5704355923520987,2.209602012768251,0.7949247586769916,7.0,1.0,48.029998779296875,48.25899887084961,48.029998779296875,5.61,34.47,52.73,0.434,0.747,1.311,0,1,0
1777637019.1941583,3533.656,2.237973213195801,0.19916963577270508,-1.8107078711139124,-0.5704405943499964,2.2096047401428223,0.7949915528297424,-0.009740778245031834,-0.0062637547962367535,-0.0,0.01489878911525011,-0.0014956312952563167,0.007880826480686665,-0.5310059189796448,5.603027820587158,0.11881595849990845,0.5944061875343323,-0.0022430422250181437,-0.0762634351849556,0.6469768663680135,-0.5599819916772161,0.9097160385271763,-0.7015950060328234,-0.653878077742294,1.5597592101249589,-0.0045944113998091255,-0.004083601084140534,0.002136114399215613,2.615612258805109e-05,0.006262855560810005,-0.005377042226411714,2.23790239988113,0.1989975459818947,-1.8107509500805596,-0.5703353136199176,2.209587612797687,0.7949944060815326,7.0,1.0,48.0,48.25899887084961,48.06100082397461,5.61,34.47,52.73,0.434,0.747,1.311,0,1,0
1777637019.197858,3533.6639999999998,2.237913131713867,0.19913363456726074,-1.8107321898089808,-0.5702484289752405,2.209556818008423,0.7950514554977417,-0.012668125331401825,-0.004141748417168856,-0.0,0.018733739852905273,-0.006941263098269701,0.0218400526791811,-0.7095337510108948,4.701233386993408,0.11881595849990845,0.4598236680030823,0.0022430422250181437,0.0426178015768528,0.6469615675283935,-0.5600116131154722,0.9097075504200229,-0.7014888399067719,-0.6537984876562676,1.5597305431527062,-0.0027282385672395197,-0.004114474533435353,0.0007637764854699137,-0.008615690924135135,0.01329157702615651,-0.0022661291856731873,2.237813335531486,0.19892009113044287,-1.8107623506904496,-0.5702150452817989,2.2095703446580086,0.795077951413327,7.0,1.0,48.0,48.25899887084961,48.06100082397461,5.61,34.47,52.73,0.434,0.747,1.311,0,1,0
1777637019.2048078,3533.672,2.237769365310669,0.199049711227417,-1.8107078711139124,-0.5701049009906214,2.2094972133636475,0.7951952815055847,-0.01516084372997284,-0.011031879112124443,-0.0,0.01998010091483593,-0.003719903528690338,0.009740778245031834,-0.5355835556983948,5.213928699493408,0.051561642438173294,0.4082336723804474,0.0695343092083931,0.0807495191693306,0.6469014993546495,-0.5600643473088406,0.9097490301014955,-0.70148977728135,-0.6536415831435525,1.5597085395949064,-0.008518245739421051,-0.005309518234661875,0.004991281246120331,-0.0022752660482988525,0.007882377710415627,-0.010832638590376361,2.2377075994667526,0.1988281397044036,-1.8107758608225977,-0.5700722975690375,2.2095498522226946,0.7951771325860079,7.0,1.0,48.0,48.25899887084961,48.06100082397461,5.61,34.47,52.73,0.434,0.747,1.311,0,1,0
1777637019.2119668,3533.68,2.237685441970825,0.19903779029846191,-1.8107078711139124,-0.5699251333819788,2.2095446586608887,0.7953031659126282,-0.016937704756855965,-0.01242524478584528,-0.0007669904152862728,0.02293301373720169,-0.002243446884676814,0.016145147383213043,-0.6591797471046448,4.614258289337158,-0.07173793762922287,0.3858032524585724,-0.02243042178452015,-0.0381317175924778,0.646890562985635,-0.5601324243345472,0.9097225763989809,-0.7013714957849284,-0.6536488527664537,1.559709655794234,-0.009607061500345612,-0.0042137455470705265,0.006217875616870065,-0.005747115531501897,0.007355505422160185,-0.007556660346138073,2.237583227157552,0.19871998438116412,-1.8107917180820934,-0.569904436518283,2.2095257591692716,0.7952937908205644,7.0,1.0,48.0,48.25899887084961,48.06100082397461,5.61,34.47,52.73,0.434,0.747,1.311,0,1,0
1777637019.2192397,3533.6879999999996,2.237553834915161,0.19891786575317383,-1.8107078711139124,-0.5697568098651331,2.209449291229248,0.7953993678092957,-0.0201079323887825,-0.014087056741118431,-0.0007669904152862728,0.02521480992436409,-0.011466506868600845,0.022012624889612198,-0.5584717392921448,4.687500476837158,-0.07397975027561188,0.3813171684741974,0.0852356031537056,0.1413116604089737,0.6468107903868052,-0.5601544873763609,0.9097887567811547,-0.7013877281438362,-0.6534657858361761,1.5596560572483167,-0.010351115037337873,-0.003565409115361895,0.0076110227937001935,-0.014380518331226078,0.013608079590168439,-0.01215939831223317,2.2374381430224224,0.19859382165368444,-1.8108101695481915,-0.569708684656792,2.2094976692068773,0.795429870970962,7.0,1.0,48.0,48.24300003051758,48.06100082397461,5.61,34.47,52.73,0.434,0.747,1.311,0,1,0
1777637019.2264087,3533.696,2.237349271774292,0.19881045818328857,-1.810756031666891,-0.5695174376117151,2.209437131881714,0.7955551743507385,-0.02323981001973152,-0.017167802900075912,-0.002377670258283615,0.029452431946992874,-0.003719903528690338,0.018561167642474174,-0.7232666611671448,4.605103015899658,-0.06501250714063644,0.3701019585132599,0.0426178015768528,0.1727142482995987,0.6466811471124759,-0.5602059091058444,0.9098432467957737,-0.7014084560354493,-0.6533310404081795,1.5595963362526322,-0.014638758856683844,-0.005157965069189676,0.009112037135998709,-0.008205270452546525,0.008404474514932082,-0.013100403824774707,2.2372701598830362,0.19844775145343316,-1.8108314707127038,-0.5694821218091413,2.209465166343922,0.7955874219071217,7.0,1.0,48.0,48.24300003051758,48.06100082397461,5.61,34.47,52.73,0.434,0.747,1.311,0,1,0
1777637019.2347558,3533.7039999999997,2.2371933460235596,0.1986546516418457,-1.8108037153827112,-0.5692771116839808,2.209425210952759,0.7957349419593811,-0.025604696944355965,-0.01986505091190338,-0.002377670258283615,0.030890539288520813,-0.008264321833848953,0.024601217359304428,-0.7690430283546448,4.504395008087158,-0.15244311094284058,0.4396362900733948,-0.0403747595846653,0.1457977443933487,0.6465578100144957,-0.5601902627134787,0.9099404507965332,-0.7014795291502511,-0.653205991233051,1.5596114144457864,-0.016032402835568615,-0.003434154558624415,0.011611387746240565,-0.016066271971606635,0.010484253480250226,-0.014105581012680179,2.2370769783288864,0.19827977671216615,-1.8108558842421392,-0.569221686039322,2.2094278152003564,0.795768596961684,7.0,1.0,48.0,48.24300003051758,48.06100082397461,5.61,34.47,52.73,0.434,0.747,1.311,0,1,0
1777637019.2428782,3533.712,2.2369656562805176,0.1984628438949585,-1.8108037153827112,-0.5690372625934046,2.209317445755005,0.7959386706352234,-0.029158418998122215,-0.022894663736224174,-0.003157443832606077,0.03345995768904686,-0.010776215232908726,0.029279859736561775,-0.7736206650733948,4.435730457305908,-0.09863966703414917,0.5293579697608948,0.1502838283777237,0.1794433742761612,0.6464144962855183,-0.5602188819075575,0.9100590294062669,-0.7015633076108313,-0.6529385796129882,1.559567025565974,-0.01875974063371794,-0.0025306552604723396,0.014137555543119601,-0.02185245818984309,0.011294173292996982,-0.016023283492905785,2.236856185981879,0.19808780285669111,-1.8108836785450233,-0.5689241747430334,2.2093851613692896,0.7959756544473399,7.0,1.0,48.0,48.24300003051758,48.06100082397461,5.61,34.47,52.73,0.434,0.747,1.311,0,1,0
1777637019.2478852,3533.72,2.2367255687713623,0.19830703735351562,-1.810779873524801,-0.5687254110919397,2.2092933654785156,0.7961907386779785,-0.03347913175821304,-0.026346120983362198,-0.00285064778290689,0.04001772403717041,-0.0035473306197673082,0.029759228229522705,-0.9109498262405396,4.307556629180908,-0.2129720002412796,0.6527252793312073,0.011215210892260075,0.1749572902917862,0.6463060234114998,-0.5603064119198765,0.9101275269723508,-0.7015272671021495,-0.6527616021173516,1.5595456236879304,-0.021963586635256282,-0.005522402328644741,0.01527713809713582,-0.015876796054230258,0.008774066944561228,-0.015855610867203787,2.236605256650788,0.19786963723065026,-1.8109151261249385,-0.5685862459058919,2.209336731832981,0.79621095825188,7.0,1.0,48.0,48.24300003051758,48.06100082397461,5.61,34.47,52.73,0.434,0.747,1.311,0,1,0
1777637019.2551787,3533.728,2.236485719680786,0.19810378551483154,-1.8108280340777796,-0.5683301130877894,2.2091856002807617,0.7964304089546204,-0.036623790860176086,-0.03082023188471794,-0.0065833344124257565,0.046728890389204025,-0.014131798408925533,0.033785928040742874,-0.9613038301467896,4.312134265899658,-0.17261941730976105,0.6729126572608948,0.1794433742761612,0.1345825344324112,0.6461586578706042,-0.5603322473197344,0.9102298247670944,-0.7015237731996876,-0.6524907702478218,1.5595073732587186,-0.02524265930858286,-0.002014676878083028,0.01856232563341053,-0.02547648596383456,0.014644845713343992,-0.02240870150566226,2.2363215493650372,0.19762298843729206,-1.8109505016988763,-0.5682044195443012,2.2092820354384735,0.7964769785184809,7.0,1.0,48.01499938964844,48.24300003051758,48.06100082397461,5.61,34.47,52.73,0.434,0.747,1.311,0,1,0
1777637019.2621198,3533.736,2.236126184463501,0.19787609577178955,-1.8108757177936,-0.5679939428912562,2.2091856002807617,0.7966820597648621,-0.04116182029247284,-0.03479579836130142,-0.005471198353916407,0.05035291984677315,-0.0044293696992099285,0.03869466483592987,-1.1398316621780396,4.174805164337158,-0.17710302770137787,0.6684265732765198,0.02018737979233265,0.0605621412396431,0.6459112754568768,-0.5604101292847893,0.9103692883117438,-0.7016456306365734,-0.6522730722454598,1.5593995796274507,-0.028839262484375523,-0.0036172102053160585,0.021168881294824603,-0.02366823371459098,0.008835908271271495,-0.018149318407248746,2.2360023072767703,0.19734546559719385,-1.8109900800595575,-0.5677750793466982,2.2092205634384245,0.7967762924191273,7.0,1.0,48.01499938964844,48.24300003051758,48.06100082397461,5.61,34.47,52.73,0.434,0.747,1.311,0,1,0
1777637019.2725065,3533.7439999999997,2.2357897758483887,0.19755280017852783,-1.8109596411334437,-0.5675862471209925,2.209066152572632,0.7970899343490601,-0.04644126817584038,-0.040049683302640915,-0.00336197461001575,0.06206870079040527,-0.02118811011314392,0.04364175349473953,-1.0391236543655396,4.060364246368408,-0.3698987364768982,0.5428162217140198,0.1121521145105362,-0.011215210892260075,0.6456497344761589,-0.560356027570211,0.910594603206018,-0.7018919411228062,-0.6518850417270594,1.5594500077887712,-0.028725621724285156,-0.005724660254103059,0.0224744647427284,-0.029184528961763746,0.024921434390767307,-0.02972806942759885,2.235644656419685,0.19703457751495285,-1.8110341336594376,-0.56729447453404,2.2091517901029554,0.7971115850294505,7.0,1.0,48.01499938964844,48.24300003051758,48.06100082397461,5.61,34.47,52.73,0.434,0.747,1.311,0,1,0
1777637019.276121,3533.752,2.23539400100708,0.1972416639328003,-1.8109477202044886,-0.5669868628131312,2.208994150161743,0.7974734306335449,-0.05137557536363602,-0.0448945052921772,-0.011568771675229073,0.06904831528663635,-0.006481069140136242,0.04849296808242798,-1.0116578340530396,4.019165515899658,-0.1322668194770813,0.4396362900733948,-0.0403747595846653,0.006729126907885075,0.6454473652707112,-0.5604753465828947,0.910733674436552,-0.7018138478647998,-0.6515663735323647,1.5593804269900966,-0.03795306033446981,-0.0016901226635087363,0.027141749302801287,-0.030173967880561318,0.011680159715110387,-0.02305112960077827,2.235245604312585,0.19668773174898635,-1.8110829298931854,-0.5667587219595358,2.209075173408632,0.7974856503136627,7.0,1.0,48.01499938964844,48.24300003051758,48.06100082397461,5.61,34.47,52.73,0.434,0.747,1.311,0,1,0
1777637019.278264,3533.752,2.23539400100708,0.1972416639328003,-1.8109477202044886,-0.5669868628131312,2.208994150161743,0.7974734306335449,-0.05137557536363602,-0.0448945052921772,-0.011568771675229073,0.06904831528663635,-0.006481069140136242,0.04849296808242798,-1.0116578340530396,4.019165515899658,-0.1322668194770813,0.4396362900733948,-0.0403747595846653,0.006729126907885075,0.6454473652707112,-0.5604753465828947,0.910733674436552,-0.7018138478647998,-0.6515663735323647,1.5593804269900966,-0.03795306033446981,-0.0016901226635087363,0.027141749302801287,-0.030173967880561318,0.011680159715110387,-0.02305112960077827,2.235245604312585,0.19668773174898635,-1.8110829298931854,-0.5667587219595358,2.209075173408632,0.7974856503136627,7.0,1.0,48.01499938964844,48.24300003051758,48.06100082397461,5.54,34.41,52.73,0.433,0.749,1.311,0,0,1
1777637019.2869482,3533.7599999999998,2.2349860668182373,0.19682252407073975,-1.8110197226153772,-0.56641132036318,2.2088863849639893,0.7978333234786987,-0.05884094908833504,-0.05017395690083504,-0.0033747577108442783,0.07326675951480865,-0.014150973409414291,0.05175267904996872,-0.8010864853858948,4.161072254180908,-0.4461202919483185,0.5495453476905823,0.1031799390912056,0.0807495191693306,0.6451357072004574,-0.5604737477147348,0.9109872150386481,-0.7019639775604807,-0.6511821601980716,1.559309366311659,-0.03823749076909036,-0.00868123552278133,0.02881604185368326,-0.030910681833764303,0.02102327940037583,-0.03271528174951357,2.2348020383951184,0.19630223357878887,-1.8111367280544792,-0.566163808468886,2.208990155810981,0.7979013922286615,7.0,1.0,48.01499938964844,48.27399826049805,48.06100082397461,5.54,34.41,52.73,0.433,0.749,1.311,0,1,0
1777637019.290774,3533.768,2.23449444770813,0.19641506671905518,-1.811091725026266,-0.5657513777362269,2.2088263034820557,0.7983006834983826,-0.06408204883337021,-0.056412145495414734,-0.01507136132568121,0.0851934626698494,-0.012693691067397594,0.05842549353837967,-0.7598877549171448,4.307556629180908,-0.1614103615283966,0.5921631455421448,-0.0560760572552681,0.1211242824792862,0.6448047878628617,-0.5605296442194544,0.9112194301246729,-0.7020740649227436,-0.6507974293456142,1.5592510359834453,-0.047813025722592224,-0.0012888351253930903,0.034346936054407536,-0.03995535630840749,0.01636819281008418,-0.03273574435032528,2.2343107242826523,0.19587528486428962,-1.811195775942008,-0.5655055935436399,2.2088961651072525,0.7983618259567942,7.0,1.0,48.01499938964844,48.27399826049805,48.06100082397461,5.54,34.41,52.73,0.433,0.749,1.311,0,1,0
1777637019.2987282,3533.776,2.233954429626465,0.19593608379364014,-1.811188046132223,-0.5650561491595667,2.2087185382843018,0.7988399863243103,-0.07026910781860352,-0.06520696729421616,-0.005023787263780832,0.09456991404294968,-0.012559467926621437,0.06392864882946014,-0.9567261934280396,4.627991199493408,-0.41473495960235596,0.4575806260108948,-0.02467346377670765,0.1547699123620987,0.6444166247607952,-0.560541297252883,0.9115152051549099,-0.7022906231329094,-0.6503121381663284,1.5592179832438753,-0.047534478359462846,-0.007898742388926308,0.03738812073122189,-0.03568150772036923,0.022837872402119565,-0.03514979557792792,2.23376830382672,0.19540398279235202,-1.8112603060886663,-0.5647798122517136,2.2087926153964457,0.7988700792771876,7.0,1.0,48.01499938964844,48.27399826049805,48.06100082397461,5.54,34.41,52.73,0.433,0.749,1.311,0,1,0
1777637019.3057835,3533.7839999999997,2.233342409133911,0.19538557529449463,-1.8112476507769983,-0.5642765204059046,2.208538770675659,0.7993916273117065,-0.07699305564165115,-0.07475599646568298,-0.017244501039385796,0.10199055075645447,-0.0174490325152874,0.07286408543586731,-1.1856080293655396,4.737854480743408,-0.36093148589134216,0.4082336723804474,-0.01345825381577015,0.004486084450036287,0.6439994221360062,-0.560594071616138,0.9118409410174326,-0.7024725608451682,-0.6497183304077067,1.5591118924033875,-0.05994843138642275,0.003243988857795147,0.04720769138299992,-0.0562012586856491,0.017135673619859956,-0.0388139629877594,2.23317129296698,0.1948853185059701,-1.811330531586937,-0.5639820785306897,2.2086789081439506,0.7994293940859816,7.0,1.0,48.01499938964844,48.27399826049805,48.06100082397461,5.54,34.41,52.73,0.433,0.749,1.311,0,1,0
1777637019.312534,3533.792,2.2327303886413574,0.19479870796203613,-1.811307732258932,-0.5633896032916468,2.2084908485412598,0.8000152111053467,-0.08550664782524109,-0.08485470712184906,-0.006621683947741985,0.11035074293613434,-0.016471119597554207,0.07731263339519501,-1.1444092988967896,4.673767566680908,-0.591838002204895,0.6101074814796448,-0.1861725002527237,-0.0493469275534153,0.6435800713088472,-0.5606419036329521,0.9121760441764,-0.7026099243801297,-0.6492599788057501,1.5590794129970749,-0.06167072396668171,-0.0045212895461054295,0.05135826641260604,-0.052066251540951146,0.02199436189922223,-0.043759128105637805,2.2325160793600927,0.1943161756123564,-1.8114066414825558,-0.5631078888312029,2.208554433358486,0.8000431280762366,7.0,1.0,48.01499938964844,48.27399826049805,48.06100082397461,5.54,34.41,52.73,0.433,0.749,1.311,0,1,0
1777637019.319574,3533.7999999999997,2.232022523880005,0.1941159963607788,-1.8113678137408655,-0.5624178091632288,2.2083115577697754,0.8006866574287415,-0.09307428449392319,-0.08812719583511353,-0.019583821296691895,0.12128035724163055,-0.01666286587715149,0.08275826275348663,-1.0482789278030396,4.335022449493408,-0.5626944303512573,0.5966492295265198,-0.1166381984949112,0.0829925611615181,0.6430949347630368,-0.5606909935221069,0.9125735027674169,-0.7027978958477793,-0.6486000969793535,1.5589863536852526,-0.07195074559478382,0.0005722485163518372,0.05478805417585326,-0.060454830999162545,0.01889039570385785,-0.04785078886446088,2.2317989197704353,0.1936933285668989,-1.8114887957076027,-0.5621526261495404,2.208418570889369,0.8007147565887348,7.0,1.0,48.0,48.27399826049805,48.06100082397461,5.54,34.41,52.73,0.433,0.749,1.311,0,1,0
1777637019.3270423,3533.808,2.231278896331787,0.19345760345458984,-1.811523739491598,-0.5614226500140589,2.2081797122955322,0.801418125629425,-0.10119160264730453,-0.09298480302095413,-0.010725082829594612,0.12971726059913635,-0.020421119406819344,0.09217306971549988,-0.9933472871780396,4.385376453399658,-0.6658177375793457,0.5540314316749573,-0.1951446682214737,0.1996307522058487,0.6425537046791435,-0.5607027569777501,0.9129727843039821,-0.7030724932456743,-0.6479547979762464,1.558930420947898,-0.07101176936518762,-0.007224215880410195,0.05542561305699978,-0.05963236577410537,0.028967118774209884,-0.051848372336018606,2.231015937207042,0.1930134409309043,-1.8115771195232124,-0.5611115644805977,2.2082706918525163,0.8014478746453454,7.0,1.0,48.0,48.27399826049805,48.06100082397461,5.54,34.41,52.73,0.433,0.749,1.311,0,1,0
1777637019.33839,3533.816,2.2304632663726807,0.19265544414520264,-1.811655346547262,-0.56030780473818,2.208048105239868,0.8022453784942627,-0.11086846143007278,-0.09986215084791183,-0.018075406551361084,0.142449289560318,-0.020133499056100845,0.10235486924648285,-1.1169434785842896,4.495239734649658,-0.573903501033783,0.7581482529640198,-0.1637420803308487,0.0650482252240181,0.6419492242188936,-0.5606935337583613,0.913464246323411,-0.7034026366255673,-0.6472524812157079,1.5588971427593745,-0.08035187906113575,-0.004421526668060751,0.06051367453125292,-0.06834374913255467,0.027889813790037275,-0.05463370968108196,2.2301631177906733,0.1922730635021592,-1.8116716974411853,-0.5599798737244797,2.2081101601939475,0.802246199177078,7.0,1.0,48.0,48.27399826049805,48.06100082397461,5.54,34.41,52.73,0.433,0.749,1.311,0,1,0
1777637019.3410797,3533.8239999999996,2.2295632362365723,0.1918048858642578,-1.811763111745016,-0.559120003377096,2.2078804969787598,0.803084671497345,-0.11965050548315048,-0.10755762457847595,-0.013192235492169857,0.155315563082695,-0.021322334185242653,0.1086825430393219,-1.4328004121780396,4.376221179962158,-0.4752638339996338,0.5966492295265198,-0.2332763969898224,0.1570129543542862,0.6413069599109287,-0.560737490156314,0.91397194427892,-0.7037022855856712,-0.6464760088703345,1.5587844222951446,-0.0829624568594497,-0.010180164951634079,0.06296986956066981,-0.06576090906284543,0.03489208690594603,-0.05984315782989283,2.2292363073344164,0.1914686323186462,-1.8117725665928521,-0.5587526250823887,2.2079363343999727,0.803113571459415,7.0,1.0,48.0,48.27399826049805,48.06100082397461,5.54,34.41,52.73,0.433,0.749,1.311,0,1,0
1777637019.3486664,3533.832,2.2285678386688232,0.19090688228607178,-1.8118470350848597,-0.5578249136554163,2.2077009677886963,0.8039958477020264,-0.13037559390068054,-0.11406425386667252,-0.017743045464158058,0.16789419949054718,-0.023393208160996437,0.11740705370903015,-1.0528565645217896,4.206848621368408,-0.4999237656593323,0.8209534287452698,-0.1996307522058487,0.2086029201745987,0.6406309991646983,-0.5608366981749411,0.914492019522096,-0.7039608170099475,-0.6456360564548765,1.5586347954446862,-0.09108499870252297,-0.010390001645012303,0.06695141902175408,-0.07215259095884033,0.037228987021441604,-0.06595300642871389,2.228231207620744,0.19059646653727172,-1.8118797095126054,-0.5574247969800332,2.2077485693636314,0.8040539597679607,7.0,1.0,48.0,48.27399826049805,48.06100082397461,5.54,34.41,52.73,0.433,0.749,1.311,0,1,0
1777637019.35575,3533.8399999999997,2.2274997234344482,0.19004476070404053,-1.811991039906637,-0.5563619772540491,2.2074973583221436,0.8050628304481506,-0.14018027484416962,-0.12535180151462555,-0.01456003449857235,0.1810864359140396,-0.02690218947827816,0.12891191244125366,-1.5197755098342896,4.335022449493408,-0.5380345582962036,0.5136566758155823,-0.2063598781824112,0.0852356031537056,0.6399484455560658,-0.5609608615957488,0.914966853118666,-0.7041422048659256,-0.6447149670648183,1.5585342543675231,-0.09620698613716183,-0.011828023431849702,0.07321143695457072,-0.0785241440679184,0.04268457250867776,-0.07008326295992524,2.227143372357495,0.1896527661912093,-1.8119930463026446,-0.5559912815595487,2.207546218417397,0.8050714622679078,7.0,1.0,48.0,48.27399826049805,48.06100082397461,5.54,34.41,52.73,0.433,0.749,1.311,0,1,0
1777637019.3640945,3533.848,2.2263360023498535,0.18893098831176758,-1.812098805104391,-0.5548389593707483,2.2072699069976807,0.8061421513557434,-0.15194080770015717,-0.1332901567220688,-0.014802915044128895,0.19562090933322906,-0.029049761593341827,0.13671603798866272,-1.6204835176467896,4.376221179962158,-0.6815103888511658,0.6280518174171448,-0.1121521145105362,0.1592559963464737,0.639127181412615,-0.5610242798727038,0.9156278765600843,-0.7045180455463868,-0.6437014860101741,1.5583808720709371,-0.10287742836112221,-0.01554458045789197,0.07672575240458498,-0.0804093438534651,0.04807635859526811,-0.0778389177973225,2.2259682027948213,0.18863360983146726,-1.8121124261445534,-0.5544468917839982,2.2073286355425825,0.8061703101512484,7.0,1.0,48.0,48.27399826049805,48.06100082397461,5.54,34.41,52.73,0.433,0.749,1.311,0,1,0
1777637019.3701181,3533.8559999999998,2.225064277648926,0.1878894567489624,-1.8122065703021448,-0.5531600157367151,2.2070541381835938,0.8073529005050659,-0.16256362199783325,-0.1407555192708969,-0.01769191212952137,0.20860221982002258,-0.032347820699214935,0.14777988195419312,-1.7395020723342896,3.831482410430908,-0.6792685985565186,0.5585175156593323,-0.0269165076315403,0.1547699123620987,0.6383221579703984,-0.5612063031277627,0.9161997400186829,-0.7047224434532876,-0.6426488930053262,1.5582125381301224,-0.11007116390641854,-0.015546217099806324,0.08118128378329909,-0.08824446358479045,0.051931303075696364,-0.08295806695783538,2.2247009429847227,0.18753495206056786,-1.812237618122496,-0.5527863692018,2.207095177766357,0.8073548710360926,7.0,1.0,48.0,48.27399826049805,48.06100082397461,5.54,34.41,52.73,0.433,0.749,1.311,0,1,0
1777637019.3783178,3533.864,2.2237086296081543,0.18673968315124512,-1.812314812337057,-0.5514095465289515,2.206743001937866,0.808635950088501,-0.1754107028245926,-0.15281005203723907,-0.013383982703089714,0.22724008560180664,-0.03309563547372818,0.15880537033081055,-1.780700922012329,3.868103504180908,-0.8249862790107727,0.4710388779640198,0.0381317175924778,0.1323394924402237,0.6374481365981082,-0.5613641809288982,0.9168490972818851,-0.7050118233852646,-0.6414299969196413,1.5580267302257407,-0.11584707930318401,-0.02086666400909904,0.08627577417787488,-0.08820508185014027,0.05921147921688638,-0.0888092040688579,2.223336674664468,0.18635262096880717,-1.812368301321932,-0.5510043924220716,2.206845207757734,0.8086296526428308,7.0,1.0,48.0,48.27399826049805,48.06100082397461,5.54,34.41,52.73,0.433,0.749,1.311,0,1,0
1777637019.432914,3533.872,2.2221851348876953,0.18549442291259766,-1.8124588171588343,-0.54938251176943,2.206479787826538,0.8099426031112671,-0.18942105770111084,-0.16595116257667542,-0.020171847194433212,0.2426949441432953,-0.03349830582737923,0.17314808070659637,-1.3412476778030396,4.000854969024658,-0.7151375412940979,0.5181427597999573,0.01794433780014515,0.0986938551068306,0.6364682587311677,-0.5616109084407042,0.9175147344866842,-0.7051888850971004,-0.6402032399866353,1.5576916776207363,-0.1292901632062095,-0.01653196202416536,0.0959789075616694,-0.10264959506950261,0.0569263415043297,-0.09347756129814828,2.2218703117448957,0.18508231548647142,-1.8125040541669986,-0.5490955863557563,2.206578096634386,0.8099993067622316,7.0,1.0,48.029998779296875,48.27399826049805,48.07600021362305,5.54,34.41,52.73,0.433,0.749,1.311,0,1,0
1777637019.432958,3533.8799999999997,2.2205893993377686,0.18411743640899658,-1.8125909010516565,-0.5474045912372034,2.206204414367676,0.8114174604415894,-0.2025110274553299,-0.1763950139284134,-0.01769191212952137,0.25721022486686707,-0.03622112050652504,0.18296556174755096,-1.7395020723342896,3.881836414337158,-0.8070517778396606,0.6886139512062073,-0.0314025916159153,0.1413116604089737,0.6353972483028036,-0.5617676402135635,0.91831543465253,-0.7056341972874365,-0.6388639939973044,1.5574718844970337,-0.1361765985585434,-0.02065949291627537,0.10104836866489636,-0.10607619153725281,0.06289482579284203,-0.10150174302601107,2.2202965943843584,0.18371960266864573,-1.8126443429588681,-0.5470545322816847,2.20629322699263,0.8114686335308626,7.0,1.0,48.029998779296875,48.27399826049805,48.07600021362305,5.54,34.41,52.73,0.433,0.749,1.311,0,1,0
1777637019.4351554,3533.888,2.2189340591430664,0.18264448642730713,-1.8127463499652308,-0.5452097097979944,2.205976724624634,0.8129761219024658,-0.21593336760997772,-0.18855181336402893,-0.017615213990211487,0.27124616503715515,-0.038004375994205475,0.19874638319015503,-1.5289307832717896,3.776550769805908,-0.7846336960792542,0.6168366074562073,-0.1211242824792862,0.0426178015768528,0.6342809096625769,-0.5619197861163142,0.919151001840704,-0.7060199202627975,-0.6375420660469954,1.5572655798263055,-0.14505645300571543,-0.020467253909770236,0.10877866327758336,-0.11714585497589644,0.06548155930632768,-0.10538458847992713,2.218610082628976,0.1822599149328926,-1.8127885095767455,-0.5448757788013197,2.2059899961734244,0.8130425860294276,7.0,1.0,48.029998779296875,48.27399826049805,48.07600021362305,5.54,34.41,52.73,0.433,0.749,1.311,0,1,0
1777637019.4352932,3533.8959999999997,2.217062473297119,0.18105173110961914,-1.8128302733050745,-0.5429437796222132,2.205629587173462,0.8146067261695862,-0.23211686313152313,-0.2019997090101242,-0.016528643667697906,0.2893087863922119,-0.041072335094213486,0.2112099826335907,-1.5930176973342896,3.446960687637329,-0.9325931668281555,0.4620667099952698,-0.2557068169116974,0.1570129543542862,0.6330576620343074,-0.5621718083276633,0.9200559326416293,-0.7064512141737884,-0.6359772618486662,1.5569063793343032,-0.15489664418088006,-0.023693423043283125,0.11592143257819869,-0.12333984767859085,0.0712523204048348,-0.1149001134034573,2.2168051495998293,0.1806985472741268,-1.8129357583024426,-0.5425538537509524,2.205667819777724,0.814726275219738,7.0,1.0,48.029998779296875,48.27399826049805,48.07600021362305,5.54,34.41,52.73,0.433,0.749,1.311,0,1,0
1777637019.437381,3533.904,2.2151548862457275,0.1794593334197998,-1.812998119984762,-0.5405810515033167,2.20528244972229,0.8164410591125488,-0.24588434398174286,-0.2166747897863388,-0.019034145399928093,0.3079274892807007,-0.0434500053524971,0.2235201746225357,-1.5563966035842896,3.831482410430908,-0.9460440278053284,0.5338440537452698,-0.2108459621667862,0.0515899695456028,0.6318063689936031,-0.5623530831966748,0.9209721635959818,-0.7069570548825458,-0.6343442845105719,1.5566995184109158,-0.16586663250489428,-0.022189055204462863,0.12468972306642225,-0.13245106628977604,0.07403481802269436,-0.12170626643152094,2.214875974207883,0.1790306544855005,-1.8130851417289282,-0.5400832771455013,2.2053261354450417,0.8165249752360296,7.0,1.0,48.029998779296875,48.25899887084961,48.07600021362305,5.54,34.41,52.73,0.433,0.749,1.311,0,1,0
1777637019.4394424,3533.912,2.2130792140960693,0.17767512798309326,-1.8132017294513147,-0.5379908720599573,2.204911231994629,0.8183593153953552,-0.26264306902885437,-0.22872932255268097,-0.021565213799476624,0.3315316140651703,-0.044926464557647705,0.24300174415111542,-1.7166138887405396,3.771973133087158,-0.8653388619422913,0.4732819199562073,-0.2265472710132599,0.0426178015768528,0.6304059263390966,-0.5625241581087693,0.9220013917651825,-0.7075295148815778,-0.6325877188363646,1.5564130435420898,-0.17572102154785335,-0.023532567484175884,0.1306135134136619,-0.14040562673417684,0.08088717850615322,-0.12621503381523502,2.2128165333777248,0.17725124841906398,-1.8132355457127476,-0.537458575233936,2.2049644069095566,0.818444129046173,7.0,1.0,48.029998779296875,48.25899887084961,48.07600021362305,5.54,34.41,52.73,0.433,0.749,1.311,0,1,0
1777637019.4395132,3533.912,2.2130792140960693,0.17767512798309326,-1.8132017294513147,-0.5379908720599573,2.204911231994629,0.8183593153953552,-0.26264306902885437,-0.22872932255268097,-0.021565213799476624,0.3315316140651703,-0.044926464557647705,0.24300174415111542,-1.7166138887405396,3.771973133087158,-0.8653388619422913,0.4732819199562073,-0.2265472710132599,0.0426178015768528,0.6304059263390966,-0.5625241581087693,0.9220013917651825,-0.7075295148815778,-0.6325877188363646,1.5564130435420898,-0.17572102154785335,-0.023532567484175884,0.1306135134136619,-0.14040562673417684,0.08088717850615322,-0.12621503381523502,2.2128165333777248,0.17725124841906398,-1.8132355457127476,-0.537458575233936,2.2049644069095566,0.818444129046173,7.0,1.0,48.029998779296875,48.25899887084961,48.07600021362305,5.54,34.47,52.74,0.436,0.747,1.312,0,0,1
1777637019.4450326,3533.9199999999996,2.210860013961792,0.17580711841583252,-1.813333813344137,-0.5352447668658655,2.204564094543457,0.8203617930412292,-0.2790055572986603,-0.24500229954719543,-0.02058091014623642,0.3518376648426056,-0.052270397543907166,0.25744032859802246,-1.785278558731079,3.561401844024658,-0.7801500558853149,0.4844971299171448,-0.1233673244714737,0.0964508131146431,0.6289604239250797,-0.562798859943977,0.9230485312410911,-0.7080079424397963,-0.6307931370848546,1.5560519976903764,-0.1859751726092928,-0.024433834383031053,0.13954353645158807,-0.15061262591237007,0.08920876117966435,-0.1369474554761892,2.210620593761744,0.17535519532541383,-1.8133856733297957,-0.534674295752608,2.2045821283485787,0.8204893544979638,7.0,1.0,48.029998779296875,48.25899887084961,48.07600021362305,5.54,34.47,52.74,0.436,0.747,1.312,0,1,0
1777637019.4504292,3533.928,2.208580255508423,0.17383122444152832,-1.813537899647848,-0.532295052205221,2.204108715057373,0.8224597573280334,-0.29757949709892273,-0.2561364471912384,-0.019967317581176758,0.3703221380710602,-0.05088981240987778,0.2729143500328064,-1.863098382949829,3.744507312774658,-0.8025681972503662,0.5293579697608948,-0.0426178015768528,0.2557068169116974,0.6274515353820169,-0.5630053588884254,0.9241532909629155,-0.7085031321375828,-0.6288303991231668,1.555704721385397,-0.19636891103092774,-0.029485910391223752,0.14485590847164279,-0.15485936949003062,0.09359026855305025,-0.1442380130060318,2.208281702927156,0.1733372133175039,-1.813534027793711,-0.5317250244695391,2.2041788290386473,0.8226664507650918,7.0,1.0,48.029998779296875,48.25899887084961,48.07600021362305,5.54,34.47,52.74,0.436,0.747,1.312,0,1,0
1777637019.4694178,3533.9359999999997,2.2061445713043213,0.17160403728485107,-1.8136094252215784,-0.5292251745807093,2.2036781311035156,0.824713945388794,-0.3083045780658722,-0.26274535059928894,-0.011760519817471504,0.38412797451019287,-0.05259636789560318,0.28265514969825745,-1.3458253145217896,3.584290027618408,-0.8160190582275391,0.7200165390968323,-0.0538330152630806,0.2198181450366974,0.6258430284509553,-0.5632297309271336,0.9254163514234703,-0.7090903549349546,-0.6267850706226616,1.5553622646623217,-0.19726439354795608,-0.037957403663254966,0.14536262348262383,-0.15028511565239722,0.10439679431225145,-0.1491995060819632,2.205850152307443,0.17124096515953785,-1.8136757266787704,-0.5286766129949507,2.203763752621497,0.8249284228828235,7.0,1.0,48.029998779296875,48.25899887084961,48.07600021362305,5.54,34.47,52.74,0.436,0.747,1.312,0,1,0
1777637019.4698033,3533.944,2.203601360321045,0.16946029663085938,-1.8136933485614222,-0.5261433760272425,2.20327091217041,0.8270276188850403,-0.3122929334640503,-0.27054309844970703,-0.009996442124247551,0.3904748260974884,-0.04947088286280632,0.2881966531276703,-0.9429932832717896,4.087830066680908,-0.9617367386817932,0.7693634629249573,-0.1233673244714737,0.1099090725183487,0.6242125984055306,-0.5635475447703218,0.9266125737439742,-0.7096302578273829,-0.6247156808396924,1.5549647167584062,-0.2007643994652007,-0.03624251633548646,0.14986001310983246,-0.1522692675078528,0.10295878508350115,-0.14751524075611316,2.2034012075416105,0.16913151060576054,-1.8138056203713848,-0.525624608664514,2.203349962472593,0.8272051559874678,7.0,1.0,48.0,48.25899887084961,48.07600021362305,5.54,34.47,52.74,0.436,0.747,1.312,0,1,0
1777637019.472845,3533.9519999999998,2.2010819911956787,0.16730499267578125,-1.8138373533831995,-0.5230854193316858,2.202887773513794,0.8293057680130005,-0.3072052299976349,-0.2661840319633484,-0.012553076259791851,0.38848063349723816,-0.045578405261039734,0.2869311273097992,-0.7232666611671448,4.980469226837158,-0.7577319741249084,0.6437531113624573,-0.1256103664636612,0.0381317175924778,0.6225482261575722,-0.5637970092400513,0.9278310402568033,-0.7102501666182435,-0.6226787295755745,1.554575800246021,-0.19804179329991528,-0.03320698238741569,0.1468242145572292,-0.149187924045599,0.1005914762841135,-0.1409097031983689,2.2009458537805977,0.16701836558385466,-1.8139230436183311,-0.5225828308140343,2.2029393869295513,0.8294864469078517,7.0,1.0,48.0,48.25899887084961,48.07600021362305,5.54,34.47,52.74,0.436,0.747,1.312,0,1,0
1777637019.4729018,3533.96,2.1985507011413574,0.16517329216003418,-1.813993279133932,-0.5199673811541956,2.202552556991577,0.83164381980896,-0.30845797061920166,-0.2661840319633484,-0.01733398251235485,0.38165444135665894,-0.0478985495865345,0.287065327167511,-0.6042481064796448,4.765320301055908,-0.4573293626308441,0.6886139512062073,-0.1659851223230362,0.02467346377670765,0.6208948621797046,-0.564056379212818,0.9290194189802018,-0.710816025957163,-0.6206851118912884,1.5542258052065379,-0.20230032468761555,-0.027586644258286497,0.14921523441668486,-0.15941117505733127,0.09563530400435336,-0.14323999883273153,2.1984840717518668,0.16490156534119582,-1.814027998239811,-0.5195512990545597,2.202532037948112,0.8317723211489386,7.0,1.0,48.0,48.25899887084961,48.07600021362305,5.54,34.47,52.74,0.436,0.747,1.312,0,1,0
1777637019.475464,3533.968,2.196091413497925,0.1630420684814453,-1.8142455259906214,-0.5168736616717737,2.202181577682495,0.8339934945106506,-0.3091738224029541,-0.2682804763317108,-0.018573950976133347,0.37902748584747314,-0.047745153307914734,0.28800490498542786,-0.3204346001148224,5.049133777618408,-0.06725431978702545,0.6931000351905823,-0.1076660305261612,0.1413116604089737,0.6192321670540119,-0.5641817024994586,0.9302318288416417,-0.7114946169864298,-0.6186617214781684,1.5539679747697528,-0.20466917291888795,-0.02391282792968441,0.15151778114052558,-0.16451284773047153,0.09242501214740491,-0.14308916137185299,2.196015861022884,0.16278116476866575,-1.8141204842105143,-0.5165300689320542,2.202127920869147,0.8340627827763919,7.0,1.0,48.0,48.25899887084961,48.07600021362305,5.54,34.47,52.74,0.436,0.747,1.312,0,1,0
1777637019.4791865,3533.9759999999997,2.1936194896698,0.16092228889465332,-1.814328972493307,-0.5138519446002405,2.201786518096924,0.8362715840339661,-0.3101453483104706,-0.2643432319164276,-0.010213756002485752,0.3782796561717987,-0.04855049401521683,0.28905951976776123,-0.3250122368335724,4.486084461212158,-0.11881595849990845,0.7514191269874573,0.01345825381577015,0.1211242824792862,0.6176398015292124,-0.5644366089937858,0.9314067361888777,-0.7120218939647714,-0.6166442791024387,1.553610960556196,-0.19883551700684654,-0.03176283187057648,0.14635565899846728,-0.15595112245605713,0.10010814496124519,-0.14358694300108904,2.193541221540432,0.1606572189602576,-1.814200501635181,-0.5135191962206926,2.20172704089556,0.8363578354554695,7.0,1.0,48.0,48.25899887084961,48.07600021362305,5.54,34.47,52.74,0.436,0.747,1.312,0,1,0
1777637019.492222,3533.984,2.191136121749878,0.15883934497833252,-1.8143170515643519,-0.5108302275287073,2.2014153003692627,0.8385493755340576,-0.30983856320381165,-0.2637679874897003,-0.0068517811596393585,0.37626633048057556,-0.04966262727975845,0.28677770495414734,-0.5035400986671448,4.312134265899658,-0.3497224450111389,0.8209534287452698,0.0515899695456028,0.2714081108570099,0.6161063325686813,-0.564787263609198,0.9325280269218192,-0.712403705393163,-0.6146714599576552,1.5532241974501309,-0.1970574842497411,-0.03355749683915088,0.14507446596424767,-0.15282838427506573,0.10226117780357286,-0.14520514778257634,2.191060153514069,0.1585297830768014,-1.814268050759547,-0.5105187366913491,2.2013294031569384,0.8386574825742923,7.0,1.0,48.0,48.25899887084961,48.07600021362305,5.54,34.47,52.74,0.436,0.747,1.312,0,1,0
1777637019.492971,3533.9919999999997,2.1887128353118896,0.1566716432571411,-1.8142693678485315,-0.507796589528219,2.200972318649292,0.8409832715988159,-0.3095828890800476,-0.2633972764015198,-0.003234142903238535,0.37858647108078003,-0.04918326064944267,0.29095780849456787,-0.8331299424171448,4.380798816680908,-0.5335509181022644,0.7424469590187073,0.011215210892260075,0.2512207329273224,0.614610555994261,-0.565021128371554,0.9337187533550318,-0.7128660046408994,-0.6125986225654046,1.5530334329516433,-0.19399766015598494,-0.034981651809520925,0.14338155216251122,-0.150183898569714,0.10604160551566126,-0.14165306350428047,2.1885726574185815,0.15639891234039122,-1.8143231319706512,-0.5075287461060709,2.200935012709002,0.8409617272413201,7.0,1.0,48.0,48.25899887084961,48.07600021362305,5.54,34.47,52.74,0.436,0.747,1.312,0,1,0
1777637019.499548,3534.0,2.186277389526367,0.1545044183731079,-1.814209286366598,-0.5047391096698206,2.200613021850586,0.843273401260376,-0.30942949652671814,-0.26581332087516785,0.003886084770783782,0.37847140431404114,-0.048895638436079025,0.2903634011745453,-1.0437012910842896,4.376221179962158,-0.6770268082618713,0.6302948594093323,-0.1076660305261612,0.1929016262292862,0.6130973566921698,-0.5653161005782716,0.9348843774578877,-0.7132331162284274,-0.6106594337839794,1.5527044460545465,-0.1913894393362071,-0.03783154836100787,0.14343727101523523,-0.1454615372133904,0.10880173582003112,-0.14149488877381328,2.1860787339972556,0.15426466202966108,-1.8143657457970654,-0.5045492802140092,2.2005438745325763,0.843270572281996,7.0,1.0,48.0,48.25899887084961,48.07600021362305,5.54,34.47,52.74,0.436,0.747,1.312,0,1,0
1777637019.5068445,3534.008,2.1837940216064453,0.15240859985351562,-1.8142455259906214,-0.5017769972430628,2.20027756690979,0.845611035823822,-0.3095828890800476,-0.265953928232193,-0.001342233270406723,0.3782796561717987,-0.04663301631808281,0.2880815863609314,-1.1901856660842896,4.600525379180908,-0.6433996558189392,0.5001984238624573,-0.1614990383386612,0.1211242824792862,0.6115238285321013,-0.565573157956247,0.9360385277340932,-0.713756766786302,-0.608692982701992,1.5523980908120527,-0.1946957993911384,-0.033855770046797545,0.1441127267172042,-0.14683091902975937,0.10432745817589126,-0.1417424358621585,2.1835783842651466,0.15212708747503492,-1.8143958929090962,-0.5015803947473509,2.200155993532569,0.8455840202353833,7.0,1.0,48.0,48.25899887084961,48.07600021362305,5.54,34.47,52.74,0.436,0.747,1.312,0,1,0
1777637019.5148163,3534.0159999999996,2.1812384128570557,0.15024137496948242,-1.8142455259906214,-0.49882728258241826,2.1998703479766846,0.8479371070861816,-0.3101453483104706,-0.2641514837741852,0.0007542072562500834,0.37264227867126465,-0.0475534051656723,0.287065327167511,-1.0528565645217896,3.936768054962158,-0.4169767498970032,0.6459961533546448,-0.1772003322839737,0.1727142482995987,0.6099000591554165,-0.5658416108869844,0.9372414259018275,-0.714331346894458,-0.6066112793624143,1.5520128583626454,-0.19409746849145648,-0.03474393594485972,0.14317375727041418,-0.1475282509086891,0.1042624557898459,-0.14332325288564712,2.1810716095123555,0.14998624405394667,-1.8144135741189533,-0.4986221454172606,2.1997713745369527,0.847902073350795,7.0,1.0,48.029998779296875,48.25899887084961,48.07600021362305,5.54,34.47,52.74,0.436,0.747,1.312,0,1,0
1777637019.5285487,3534.024,2.1787426471710205,0.14810967445373535,-1.814209286366598,-0.4958890120135706,2.1995112895965576,0.8502508401870728,-0.31313660740852356,-0.2667081356048584,0.0007542072562500834,0.3687881529331207,-0.05004612356424332,0.2893471419811249,-0.9613038301467896,4.042053699493408,-0.4281858205795288,0.7222595810890198,-0.0471038855612278,0.1772003322839737,0.6083373033252821,-0.5661202637896239,0.9384070545133472,-0.714821337139194,-0.6046240984948081,1.5516678242950679,-0.19716416035728807,-0.03218109354666801,0.14604910917045777,-0.15527113966673323,0.10267781965237707,-0.14600005982218756,2.1785584113072995,0.1478421871860306,-1.8144187903808984,-0.4956745879098188,2.199390022295746,0.8502247335844199,7.0,1.0,48.029998779296875,48.25899887084961,48.07600021362305,5.54,34.47,52.74,0.436,0.747,1.312,0,1,0
1777637019.5286825,3534.0319999999997,2.1762232780456543,0.14595437049865723,-1.814209286366598,-0.49295169511903936,2.1991043090820312,0.8526124358177185,-0.31323888897895813,-0.2671299874782562,-0.0,0.3656051456928253,-0.05023787170648575,0.2913796603679657,-1.1856080293655396,4.344177722930908,-0.28246814012527466,0.8164673447608948,0.1099090725183487,0.0717773512005806,0.6067417719579524,-0.5663474219160337,0.9396002174937388,-0.7153918287015439,-0.6025503967625062,1.551348951983073,-0.19811217110895674,-0.029101436047103968,0.14715027965730598,-0.16005627143611398,0.1007483949620503,-0.14467233133852317,2.1760387914999915,0.14569497232828477,-1.81441154279136,-0.49273777788198014,2.1990119414800016,0.8525520025959361,7.0,1.0,48.029998779296875,48.25899887084961,48.07600021362305,5.54,34.47,52.74,0.436,0.747,1.312,0,1,0
1777637019.536492,3534.04,2.1736559867858887,0.14377474784851074,-1.814221207295553,-0.48997813860048467,2.1986851692199707,0.854866623878479,-0.31832659244537354,-0.27015960216522217,-0.0,0.36752262711524963,-0.048416268080472946,0.2898073196411133,-0.7415772080421448,4.536438465118408,-0.1322668194770813,0.7940369248390198,0.0874786451458931,0.1368255764245987,0.605100706902543,-0.5666093019266294,0.9407927646258404,-0.715922298292292,-0.6004724046949413,1.5508852933845552,-0.20228439374093152,-0.030322009697884914,0.148567495356764,-0.15855929883374334,0.09922227483630339,-0.14960147184389425,2.173512752225311,0.14354465497020716,-1.8143918325890116,-0.4898117709575285,2.198637136680796,0.8548838817451279,7.0,1.0,48.029998779296875,48.25899887084961,48.07600021362305,5.54,34.47,52.74,0.436,0.747,1.312,0,1,0
1777637019.542984,3534.048,2.1711246967315674,0.14160752296447754,-1.814221207295553,-0.48695594469179326,2.198361873626709,0.8571443557739258,-0.3176235258579254,-0.2701084613800049,0.0024415862280875444,0.3676952123641968,-0.04646044597029686,0.2929903268814087,-0.4394531846046448,4.682922840118408,0.020176295191049576,0.6975861191749573,-0.0291595496237278,0.0986938551068306,0.6034932418727051,-0.5668726121865011,0.9419601677976135,-0.7163784714157829,-0.5985237427917961,1.5504774519946618,-0.20042212447856375,-0.03016475497495867,0.1478922736637084,-0.15742002221755136,0.09985159814096425,-0.14547672128098169,2.17098029590628,0.14139129062890665,-1.8143596611548345,-0.486896622723048,2.1982656124082243,0.8572203720884909,7.0,1.0,48.029998779296875,48.25899887084961,48.07600021362305,5.54,34.47,52.74,0.436,0.747,1.312,0,1,0
1777637019.551434,3534.056,2.168605089187622,0.1394282579421997,-1.814089600239889,-0.4840782324420374,2.1979787349700928,0.8594464659690857,-0.31730392575263977,-0.2685616910457611,0.010047574527561665,0.3620002865791321,-0.04692063853144646,0.2953488230705261,-0.3890991508960724,4.211426258087158,-0.05828707292675972,0.6796417832374573,-0.0897216871380806,0.1300964504480362,0.6019360862965188,-0.5671614024414953,0.9431467251393111,-0.716858460050592,-0.5965045929839183,1.5500987783053481,-0.19639831199291688,-0.03356232550009451,0.14641371132423675,-0.1561262837493761,0.10254311395850782,-0.14362480494011007,2.1684414252573334,0.1392349348441893,-1.8143150300121382,-0.4839923887239026,2.1978973730903966,0.8595614743758381,7.0,1.0,48.029998779296875,48.25899887084961,48.07600021362305,5.54,34.47,52.74,0.436,0.747,1.312,0,1,0
1777637019.5573273,3534.064,2.166109323501587,0.13733243942260742,-1.8140175978290003,-0.48120052019228154,2.1975836753845215,0.8618081212043762,-0.31908079981803894,-0.27093935012817383,0.0062765381298959255,0.3618852496147156,-0.046613842248916626,0.2958281934261322,-0.4257202446460724,4.371643543243408,-0.02914353646337986,0.6684265732765198,-0.1031799390912056,0.1323394924402237,0.6004079653266134,-0.5674241573850551,0.9442800667636494,-0.7173248605345295,-0.5944719383024697,1.5497911953229087,-0.20034247507814373,-0.029223593469942827,0.1487776958608335,-0.1611254786139309,0.09918707722361939,-0.14472322965555215,2.165896143287591,0.13707564317362156,-1.8142579408265593,-0.4810991244602274,2.197532423072442,0.8619071890468987,7.0,1.0,48.029998779296875,48.25899887084961,48.07600021362305,5.54,34.47,52.74,0.436,0.747,1.312,0,1,0
1777637019.5645335,3534.0719999999997,2.163625955581665,0.1351531744003296,-1.8139813582049769,-0.4783108870135706,2.1972005367279053,0.8641337752342224,-0.3185950219631195,-0.2705303132534027,0.007963917218148708,0.3579927682876587,-0.04669054225087166,0.2963075637817383,-0.8285523056983948,4.220581531524658,0.17261941730976105,0.6729126572608948,-0.0650482252240181,0.1906585842370987,0.5988287483001512,-0.5676033507777515,0.9454785175200717,-0.7178862247462336,-0.5924478245635031,1.5494818422467962,-0.19960391775345446,-0.028378055961609278,0.1487617747781557,-0.16262123467597203,0.09861659838568548,-0.14378337838337613,2.1633444533041275,0.13491347118757158,-1.814188395406024,-0.47821688538294005,2.1971707666155105,0.8642575162279135,7.0,1.0,48.029998779296875,48.25899887084961,48.07600021362305,5.54,34.47,52.74,0.436,0.747,1.312,0,1,0
1777637019.566914,3534.0719999999997,2.163625955581665,0.1351531744003296,-1.8139813582049769,-0.4783108870135706,2.1972005367279053,0.8641337752342224,-0.3185950219631195,-0.2705303132534027,0.007963917218148708,0.3579927682876587,-0.04669054225087166,0.2963075637817383,-0.8285523056983948,4.220581531524658,0.17261941730976105,0.6729126572608948,-0.0650482252240181,0.1906585842370987,0.5988287483001512,-0.5676033507777515,0.9454785175200717,-0.7178862247462336,-0.5924478245635031,1.5494818422467962,-0.19960391775345446,-0.028378055961609278,0.1487617747781557,-0.16262123467597203,0.09861659838568548,-0.14378337838337613,2.1633444533041275,0.13491347118757158,-1.814188395406024,-0.47821688538294005,2.1971707666155105,0.8642575162279135,7.0,1.0,48.029998779296875,48.25899887084961,48.07600021362305,5.63,34.58,52.75,0.436,0.744,1.311,0,0,1
1777637019.5726998,3534.08,2.1610703468322754,0.1331174373626709,-1.8139689604388636,-0.47542077699770147,2.1968533992767334,0.8665317893028259,-0.3177897036075592,-0.2704024612903595,0.006481069140136242,0.36054301261901855,-0.04613447189331055,0.29463937878608704,-1.0665894746780396,4.344177722930908,0.22418105602264404,0.6370239853858948,0.0471038855612278,0.2489776909351349,0.5972657084472679,-0.5678814875178971,0.9465697951692427,-0.7183584224060485,-0.5904359125668046,1.5491567707877105,-0.19949179901520714,-0.027193717279381774,0.14775498424793482,-0.15975729471517894,0.09920408018469577,-0.1435928847671041,2.160786358915236,0.13274847446423005,-1.81410639570068,-0.47534572688975896,2.196812407895787,0.8666124557282289,7.0,1.0,48.029998779296875,48.25899887084961,48.07600021362305,5.63,34.58,52.75,0.436,0.744,1.311,0,1,0
1777637019.5848606,3534.0879999999997,2.1585631370544434,0.13093817234039307,-1.8138611952411097,-0.4725430647479456,2.196470022201538,0.8689053654670715,-0.319566547870636,-0.26968660950660706,0.014508902095258236,0.35768598318099976,-0.044025249779224396,0.2943325638771057,-1.2496949434280396,4.229736804962158,0.44387850165367126,0.6011353135108948,0.1435547024011612,0.2691650688648224,0.5957127937527826,-0.5680982062998172,0.9477551146739449,-0.7188676843837493,-0.5884013203192849,1.54885972308479,-0.19687481838981924,-0.03329521018393514,0.1459571535205568,-0.15326786997800435,0.10135546430057674,-0.14420037366992836,2.1582218640336936,0.13058070858461066,-1.8140119438028046,-0.47248570432124914,2.196457351003502,0.8689720070368869,7.0,1.0,48.01499938964844,48.25899887084961,48.06100082397461,5.63,34.58,52.75,0.436,0.744,1.311,0,1,0
1777637019.5908637,3534.096,2.15594744682312,0.12872254848480225,-1.8137295881854456,-0.46971351305116826,2.196110725402832,0.8713269233703613,-0.3204358220100403,-0.2704152464866638,0.014738999307155609,0.3557301461696625,-0.043411657214164734,0.2943325638771057,-1.1169434785842896,3.872681140899658,0.053803451359272,0.6729126572608948,0.1256103664636612,0.3005676567554474,0.5940872137462081,-0.5683407866662288,0.948978949282737,-0.7194793950535677,-0.5863207747772494,1.5485203220849224,-0.19793812927636995,-0.03208129333987385,0.14662559188122457,-0.1546354340891943,0.0999355163733873,-0.14456229031203846,2.15565097288002,0.12841022912753244,-1.8139050419466711,-0.4696368729568752,2.1961055999419505,0.8713361693192132,7.0,1.0,48.01499938964844,48.25899887084961,48.06100082397461,5.63,34.58,52.75,0.436,0.744,1.311,0,1,0
1777637019.5932298,3534.104,2.153320074081421,0.12657928466796875,-1.813537899647848,-0.46685964265932256,2.19576358795166,0.8737369179725647,-0.3218163847923279,-0.27394339442253113,0.021015537902712822,0.3553658425807953,-0.04460049420595169,0.29554057121276855,-0.9979249238967896,4.147339344024658,-0.04259439930319786,0.7514191269874573,0.0269165076315403,0.1233673244714737,0.5925201924503296,-0.5686881464769857,0.950122860921996,-0.7199149478672239,-0.5842846213974328,1.548134536240152,-0.1969603609718999,-0.03379691942570766,0.14804907557513894,-0.15368465825362848,0.10248278773257506,-0.14555906246216005,2.153073689985734,0.12623709166458497,-1.8137856925083913,-0.4667992880110825,2.1957571586265154,0.8737049414134039,7.0,1.0,48.01499938964844,48.25899887084961,48.06100082397461,5.63,34.58,52.75,0.436,0.744,1.311,0,1,0
1777637019.6008432,3534.1119999999996,2.150608539581299,0.12434005737304688,-1.8134177366839808,-0.464029614125387,2.1954164505004883,0.8761464953422546,-0.3225833773612976,-0.27215376496315,0.017487380653619766,0.3544262647628784,-0.04458131641149521,0.2963075637817383,-1.0665894746780396,4.010010242462158,-0.107606902718544,0.894973874092102,-0.0560760572552681,0.0493469275534153,0.5908225321538702,-0.5689519416179539,0.9513605647699295,-0.7205675004220382,-0.5821729292177037,1.5477030592011787,-0.19834781690981332,-0.03143042353045851,0.14721481087582944,-0.15607852030501362,0.10141885709893668,-0.1456460644935669,2.1504900201966017,0.12406135175507682,-1.8136538980057217,-0.4639730046293957,2.1954120308836953,0.8760783218271114,7.0,1.0,48.01499938964844,48.25899887084961,48.06100082397461,5.63,34.58,52.75,0.436,0.744,1.311,0,1,0
1777637019.6086,3534.12,2.1479694843292236,0.12216043472290039,-1.8132856527911585,-0.46127206483949834,2.1950693130493164,0.8784961700439453,-0.3247053921222687,-0.27529841661453247,0.01507136132568121,0.35231703519821167,-0.04339248314499855,0.2952337861061096,-0.7827759385108948,4.307556629180908,0.06949612498283386,0.7581482529640198,-0.1121521145105362,0.0403747595846653,0.589180500295911,-0.5692113621234638,0.9525587535776375,-0.7211780339604453,-0.5801104440164856,1.547283021681251,-0.20270267115593762,-0.027560714136163664,0.15027844139103433,-0.16077731661317057,0.09672015412212029,-0.1476894794381365,2.1478999686758855,0.12188306494096945,-1.8135096610978465,-0.461158077884539,2.195070220450135,0.8784563087340286,7.0,1.0,48.01499938964844,48.25899887084961,48.06100082397461,5.63,34.58,52.75,0.436,0.744,1.311,0,1,0
1777637019.61542,3534.1279999999997,2.1452934741973877,0.11989724636077881,-1.8132379690753382,-0.45847827592958623,2.1947460174560547,0.8808462023735046,-0.3261115252971649,-0.27464649081230164,0.013166668824851513,0.3502269983291626,-0.04206942394375801,0.29690200090408325,-0.5905151963233948,4.504395008087158,0.28246814012527466,0.7289887070655823,-0.1166381984949112,0.1166381984949112,0.5874431628264709,-0.5693750001446245,0.9538275079733762,-0.7219347828873478,-0.5780298159645471,1.5468548338614463,-0.20438972823883755,-0.025492835210636056,0.15041478649185497,-0.16383654736563413,0.0944660459210756,-0.14711457128847844,2.14530354090758,0.11970228674179689,-1.8133529845851148,-0.458354562772584,2.1947317309716645,0.8808388999704747,7.0,1.0,48.01499938964844,48.25899887084961,48.06100082397461,5.63,34.58,52.75,0.436,0.744,1.311,0,1,0
1777637019.6221428,3534.136,2.1427383422851562,0.11775398254394531,-1.813105885182516,-0.45561248460878545,2.1943869590759277,0.8832557797431946,-0.32764551043510437,-0.2728951871395111,0.01884239725768566,0.35394689440727234,-0.042644668370485306,0.2999315857887268,-0.3936767876148224,4.344177722930908,0.43715307116508484,0.6280518174171448,-0.0919647291302681,0.0762634351849556,0.585894024102096,-0.5696084700565262,0.9549672162512073,-0.7223836429634598,-0.5760059179856752,1.5465419395819724,-0.20056687305925036,-0.031175579664239436,0.14684791672746958,-0.15658488022534842,0.10145244692478612,-0.14668366988705772,2.1427007426996463,0.11751907264957276,-1.813183871408758,-0.45556251420911664,2.1943965660023412,0.8832260930319802,7.0,1.0,48.01499938964844,48.25899887084961,48.06100082397461,5.63,34.58,52.75,0.436,0.744,1.311,0,1,0
1777637019.6353602,3534.144,2.1401705741882324,0.11558640003204346,-1.812998119984762,-0.4528425375567835,2.194075584411621,0.8855934143066406,-0.32753047347068787,-0.2743396759033203,0.01660534180700779,0.3479260206222534,-0.04241456836462021,0.29703620076179504,-0.2471924126148224,4.417419910430908,0.4528457224369049,0.7200165390968323,0.02467346377670765,0.1233673244714737,0.5842854865614941,-0.569802824362736,0.9561473617240048,-0.7229631880577003,-0.5740189293709778,1.546181405956805,-0.20353654076760622,-0.026625155278113266,0.14934791101113873,-0.16213328565387483,0.09623560845142565,-0.14827033556322922,2.1400915801872387,0.11533347812368533,-1.8130023246505678,-0.4527819870254337,2.194064729003498,0.8856178850698753,7.0,1.0,48.01499938964844,48.25899887084961,48.06100082397461,5.63,34.58,52.75,0.436,0.744,1.311,0,1,0
1777637019.6402967,3534.152,2.1375670433044434,0.1133352518081665,-1.8128421942340296,-0.45007259050478154,2.193692684173584,0.8879194855690002,-0.3262777328491211,-0.2758480906486511,0.023201460018754005,0.34512650966644287,-0.0415133573114872,0.3007369339466095,-0.5722046494483948,4.444885730743408,0.3205789029598236,0.6572113633155823,0.0807495191693306,0.1413116604089737,0.5826510627360957,-0.569987404297741,0.9573794614728768,-0.7235687428079037,-0.5719337315999943,1.5457739418096548,-0.2004316290084989,-0.027178501438579056,0.1499834213692887,-0.1621317248138223,0.09743456825715585,-0.1438335636718986,2.1374760598359224,0.11314555858578267,-1.812808347532548,-0.4500130359647674,2.193736223342794,0.888014272887875,7.0,1.0,48.01499938964844,48.25899887084961,48.06100082397461,5.63,34.58,52.75,0.436,0.744,1.311,0,1,0
1777637019.6437428,3534.16,2.1349878311157227,0.11113202571868896,-1.8126147429095667,-0.44732696214784795,2.193345308303833,0.8903287053108215,-0.3265589475631714,-0.2745186388492584,0.02436472848057747,0.34460878372192383,-0.042625490576028824,0.3018490672111511,-0.6317139267921448,4.490662097930908,0.2959190011024475,0.6572113633155823,0.0583190992474556,0.1659851223230362,0.5810868498243289,-0.5702112174205936,0.958571243384382,-0.7240980479328009,-0.5698964893248883,1.5454543962343696,-0.19919509149430373,-0.027740333995394134,0.14854509839883018,-0.16139696693589997,0.09971513771809737,-0.14378587824475758,2.13485418844488,0.11095536941464726,-1.812601943416528,-0.4472557156785326,2.193411052293279,0.8904152529386763,7.0,1.0,48.029998779296875,48.25899887084961,48.029998779296875,5.63,34.58,52.75,0.436,0.744,1.311,0,1,0
1777637019.6506093,3534.1679999999997,2.132528066635132,0.1090003252029419,-1.8123992125140589,-0.4445574919330042,2.192998170852661,0.8927622437477112,-0.3273259401321411,-0.271373987197876,0.029081718996167183,0.34696727991104126,-0.041436657309532166,0.3034789264202118,-0.9658814668655396,4.055786609649658,0.16813579201698303,0.6078644394874573,-0.006729126907885075,0.1233673244714737,0.5796241118005538,-0.5704001120106968,0.9597014998452181,-0.7245192154563219,-0.5679247983129433,1.5452536596726552,-0.19544910235240778,-0.03341567565514056,0.14437632489311164,-0.15303396197968733,0.10476950073052294,-0.14257609011400807,2.1322259731501143,0.10876296594106331,-1.8123831158037493,-0.44451008072260745,2.193089219032453,0.8928208213205475,7.0,1.0,48.029998779296875,48.25899887084961,48.029998779296875,5.63,34.58,52.75,0.436,0.744,1.311,0,1,0
1777637019.6582851,3534.176,2.129960775375366,0.10678505897521973,-1.812098805104391,-0.4417994658099573,2.1926627159118652,0.8951961398124695,-0.3263927698135376,-0.27449309825897217,0.03050065226852894,0.343400776386261,-0.04019029811024666,0.30240514874458313,-1.2908936738967896,4.005432605743408,0.09191422909498215,0.5944061875343323,-0.1121521145105362,0.2175751030445099,0.5781008228582429,-0.5706476341637698,0.9608827733931609,-0.724967391657149,-0.5659175065444235,1.5449573794102767,-0.19644937592828787,-0.030243057321205274,0.14708636198595754,-0.15574368305806907,0.10134545390664051,-0.14150992077268842,2.129591421427638,0.10656840344267632,-1.8121518683344133,-0.4417761855536462,2.192770726641343,0.8952309737739291,7.0,1.0,48.029998779296875,48.25899887084961,48.029998779296875,5.63,34.58,52.75,0.436,0.744,1.311,0,1,0
1777637019.6651897,3534.1839999999997,2.1273088455200195,0.1046297550201416,-1.8119071165667933,-0.4391258398639124,2.1923394203186035,0.8976417183876038,-0.32861703634262085,-0.27408403158187866,0.02821246348321438,0.3419051468372345,-0.0391165092587471,0.3032488226890564,-1.6021729707717896,4.261780261993408,0.2376319169998169,0.5854340195655823,-0.1121521145105362,0.2871094048023224,0.5764891235732559,-0.5708706638565927,0.9620565613653613,-0.7255749456784292,-0.5638534480813667,1.5446172249743206,-0.19884509816290658,-0.028589564163774214,0.1472875962172007,-0.15835326698952715,0.09921573476885845,-0.14242523317112776,2.1269505410966514,0.10437173713884641,-1.811908204787203,-0.43905408452541916,2.1924555781035764,0.8976457056780373,7.0,1.0,48.029998779296875,48.25899887084961,48.029998779296875,5.63,34.58,52.75,0.436,0.744,1.311,0,1,0
1777637019.6727371,3534.192,2.1245975494384766,0.10246217250823975,-1.8117154280291956,-0.4364998976336878,2.1919803619384766,0.9001351594924927,-0.33132708072662354,-0.2750427722930908,0.027841752395033836,0.33714979887008667,-0.04040122032165527,0.30342140793800354,-1.1810303926467896,4.193115711212158,0.38783323764801025,0.7424469590187073,-0.0426178015768528,0.2826233208179474,0.5748399009373713,-0.5710833580459679,0.9632525436273471,-0.7262651743419086,-0.5616969681118241,1.5442718351947902,-0.20153843224260748,-0.026798914807930868,0.14894539546675561,-0.16382160040374044,0.09732575312020487,-0.14557438779212462,2.12430334032271,0.10217302218549659,-1.8116521290787677,-0.43634383188518555,2.1921437763044684,0.900065012047472,7.0,1.0,48.029998779296875,48.27399826049805,48.029998779296875,5.63,34.58,52.75,0.436,0.744,1.311,0,1,0
1777637019.7477386,3534.2,2.1218502521514893,0.10030686855316162,-1.8114874998675745,-0.4337418715106409,2.1917407512664795,0.9025686979293823,-0.33180004358291626,-0.2771136462688446,0.029209552332758904,0.3353857398033142,-0.03880971297621727,0.30252018570899963,-0.9979249238967896,4.110718250274658,0.48871469497680664,0.8209534287452698,0.008972168900072575,0.2332763969898224,0.5731958213437612,-0.5714060278481934,0.9643929081151481,-0.7267559507167637,-0.5597152887848759,1.5438230190003304,-0.20258610434889873,-0.02555082013023549,0.1503871221583028,-0.1641729090235762,0.0952018495757357,-0.1456242694589624,2.121649827620882,0.09997231366995726,-1.8113836452631773,-0.4336454817701014,2.191835324030112,0.9024888875288305,7.0,1.0,48.029998779296875,48.27399826049805,48.029998779296875,5.63,34.58,52.75,0.436,0.744,1.311,0,1,0
1777637019.7477934,3534.2079999999996,2.119126796722412,0.09809160232543945,-1.811211887990133,-0.4310086409198206,2.191429376602173,0.9049906134605408,-0.33243921399116516,-0.2771136462688446,0.03491084650158882,0.33841535449028015,-0.03712233528494835,0.3015231192111969,-0.9338380098342896,3.909302234649658,0.43491125106811523,0.7132874131202698,0.02467346377670765,0.1637420803308487,0.571565564357783,-0.5716930031355116,0.9655729914540253,-0.727262084754936,-0.5576612120886331,1.5433825617788355,-0.199966017655053,-0.03055997115749587,0.148187951981881,-0.1548784446792214,0.09888370967882967,-0.14581823858522022,2.1189900118588905,0.09776966660580727,-1.8111027575313443,-0.4309590882036636,2.1915302239664767,0.9049173263973306,7.0,1.0,48.029998779296875,48.27399826049805,48.029998779296875,5.63,34.58,52.75,0.436,0.744,1.311,0,1,0
1777637019.7478213,3534.216,2.1163790225982666,0.09582805633544922,-1.810887638722555,-0.42829829851259404,2.1911301612854004,0.907471776008606,-0.33509811758995056,-0.2769857943058014,0.03997298330068588,0.33772504329681396,-0.03576092794537544,0.30058354139328003,-0.5355835556983948,4.266357898712158,0.25780820846557617,0.6729126572608948,0.0919647291302681,0.1704712063074112,0.5699242636631793,-0.5719672478189999,0.9667905921332755,-0.7278151425152638,-0.5555882899759413,1.54297996168901,-0.1993754552984532,-0.0352379897669754,0.1469726196593729,-0.14935831562588955,0.10054495392159989,-0.1481937748300046,2.116323902260238,0.09556513592771293,-1.810809470210411,-0.4282847050921763,2.1912284786985157,0.9073503225534404,7.0,1.0,48.029998779296875,48.27399826049805,48.029998779296875,5.63,34.58,52.75,0.436,0.744,1.311,0,1,0
1777637019.747853,3534.2239999999997,2.1136314868927,0.0935889482498169,-1.8105161825763147,-0.42560035387148076,2.190855026245117,0.9098453521728516,-0.3344078063964844,-0.27574583888053894,0.04059935733675957,0.3333532214164734,-0.03555000573396683,0.30286532640457153,-0.4302978813648224,4.252624988555908,0.053803451359272,0.6437531113624573,0.0650482252240181,0.0942077711224556,0.5682999856069493,-0.572314257605525,0.9679729313969464,-0.7282621257673368,-0.5535883378200781,1.5424709349781285,-0.19865091658583392,-0.03344894031809306,0.14687287332841836,-0.15265983027052987,0.09958143872192336,-0.1456712283428847,2.1136515084073255,0.09335877648626727,-1.810503787763107,-0.4256223862212778,2.190930090709277,0.9097878695195137,7.0,1.0,48.029998779296875,48.27399826049805,48.029998779296875,5.63,34.58,52.75,0.436,0.744,1.311,0,1,0
1777637019.7492042,3534.232,2.111004114151001,0.0913017988204956,-1.8102524916278284,-0.4229028860675257,2.1905558109283447,0.9122912883758545,-0.33659374713897705,-0.27666622400283813,0.03856683522462845,0.3304961621761322,-0.03597185015678406,0.30468693375587463,-0.4211426079273224,4.142761707305908,0.10984871536493301,0.7469330430030823,-0.008972168900072575,0.1166381984949112,0.5666846594361794,-0.572447178026354,0.9692142276154709,-0.7288732166678373,-0.5515562726717512,1.5421636046431049,-0.20138935629452645,-0.03020781279573928,0.14845182447079602,-0.15876560962810748,0.09737332103589105,-0.1467065377123739,2.110972840244548,0.09115064304282809,-1.810185714787071,-0.42297218525247704,2.190635062379026,0.9122299604364383,7.0,1.0,48.01499938964844,48.27399826049805,48.07600021362305,5.63,34.58,52.75,0.436,0.744,1.311,0,1,0
1777637019.7492723,3534.232,2.111004114151001,0.0913017988204956,-1.8102524916278284,-0.4229028860675257,2.1905558109283447,0.9122912883758545,-0.33659374713897705,-0.27666622400283813,0.03856683522462845,0.3304961621761322,-0.03597185015678406,0.30468693375587463,-0.4211426079273224,4.142761707305908,0.10984871536493301,0.7469330430030823,-0.008972168900072575,0.1166381984949112,0.5666846594361794,-0.572447178026354,0.9692142276154709,-0.7288732166678373,-0.5515562726717512,1.5421636046431049,-0.20138935629452645,-0.03020781279573928,0.14845182447079602,-0.15876560962810748,0.09737332103589105,-0.1467065377123739,2.110972840244548,0.09115064304282809,-1.810185714787071,-0.42297218525247704,2.190635062379026,0.9122299604364383,7.0,1.0,48.01499938964844,48.27399826049805,48.07600021362305,5.62,34.54,52.73,0.436,0.743,1.31,0,0,1
1777637019.7514632,3534.24,2.1083528995513916,0.08907461166381836,-1.8099883238421839,-0.42024118105043584,2.1903040409088135,0.9147005081176758,-0.33571168780326843,-0.27834081649780273,0.038247253745794296,0.32896217703819275,-0.03568422794342041,0.30443766713142395,-0.4074096977710724,4.490662097930908,0.3452388346195221,0.7514191269874573,-0.0986938551068306,0.0829925611615181,0.5650667867690753,-0.5726322432979511,0.9704129129260786,-0.729450297179718,-0.549582916736807,1.5418018424754274,-0.2019782836556736,-0.026968185841260095,0.1498382500673443,-0.161118892906926,0.09569489874018425,-0.14569547911371483,2.1082879080813752,0.08894079026435735,-1.809855256014143,-0.4203341557197451,2.1903433959843763,0.9146765880602955,7.0,1.0,48.01499938964844,48.27399826049805,48.07600021362305,5.62,34.54,52.73,0.436,0.743,1.31,0,1,0
1777637019.7576556,3534.248,2.105713129043579,0.08684742450714111,-1.8096287886248987,-0.41761571565736944,2.189992904663086,0.9170621037483215,-0.33600571751594543,-0.2758480906486511,0.04141748324036598,0.3307071030139923,-0.03382427617907524,0.30215588212013245,-0.5218506455421448,3.982544422149658,0.4528457224369049,0.8231964707374573,-0.2108459621667862,0.2243042290210724,0.5634965870704522,-0.5728758960575531,0.9715964610579598,-0.7299297244841806,-0.547579300655425,1.5413888809463963,-0.19970936562918756,-0.03168208914982536,0.14642109163034545,-0.15191697120908937,0.09832910131836561,-0.14635910331321195,2.1055967225954197,0.08672927271826389,-1.809512416309623,-0.41770835102614523,2.190055093697425,0.9171277447590237,7.0,1.0,48.01499938964844,48.27399826049805,48.07600021362305,5.62,34.54,52.73,0.436,0.743,1.31,0,1,0
1777637019.7609825,3534.256,2.103097438812256,0.08463180065155029,-1.8092692534076136,-0.41502553621401006,2.189669609069824,0.9194481372833252,-0.33571168780326843,-0.2762955129146576,0.0452396497130394,0.3233247995376587,-0.03508980944752693,0.3096531927585602,-0.6271362900733948,4.174805164337158,0.35420605540275574,0.7693634629249573,-0.1233673244714737,0.0942077711224556,0.5619438958897569,-0.5730899058461921,0.9727789946539384,-0.7304321055584861,-0.5455608717501269,1.54102322001302,-0.1982145494358356,-0.029045312996166542,0.14824505323635098,-0.1609516876738946,0.09812033429946121,-0.14146265696975202,2.1028992948354794,0.08451614486724754,-1.8091572006714944,-0.41509482444048373,2.189770157584901,0.9195834225091039,7.0,1.0,48.01499938964844,48.27399826049805,48.07600021362305,5.62,34.54,52.73,0.436,0.743,1.31,0,1,0
1777637019.7637906,3534.2639999999997,2.100517749786377,0.08242857456207275,-1.808873478566305,-0.41244727769960576,2.189382314682007,0.9219891428947449,-0.3355327248573303,-0.27891606092453003,0.0448945052921772,0.32347819209098816,-0.03428447246551514,0.31251025199890137,-1.0391236543655396,4.211426258087158,0.43939486145973206,0.7626343369483948,-0.1233673244714737,0.0448608435690403,0.5604438562113632,-0.573270641164096,0.9739593716192014,-0.7309470501057134,-0.5435627280842588,1.5408329210760734,-0.19908222460314598,-0.02519733107384567,0.1502079333078272,-0.16472631934389054,0.09669292304440172,-0.13872560521159466,2.1001956362245675,0.08230146106414903,-1.8087896142296227,-0.41249362909403153,2.189488589607319,0.9220436128922481,7.0,1.0,48.01499938964844,48.28900146484375,48.07600021362305,5.62,34.54,52.73,0.436,0.743,1.31,0,1,0
1777637019.7639432,3534.272,2.0978662967681885,0.08021342754364014,-1.8084901014911097,-0.40989381471742803,2.1890947818756104,0.9243870973587036,-0.3367471396923065,-0.2790055572986603,0.046300653368234634,0.3259517550468445,-0.034514568746089935,0.3110146224498749,-1.2954713106155396,4.627991199493408,0.4730220139026642,0.6998291611671448,-0.0942077711224556,0.0336456336081028,0.5588734605102451,-0.5734976597473918,0.9751434334537329,-0.7314683048380074,-0.5415626623353047,1.54045180228044,-0.1987958118274983,-0.02707689067333169,0.14894092149943078,-0.1600963881680661,0.09903356686766719,-0.1409120904341149,2.0974857585629176,0.08008527554680359,-1.8084096622449097,-0.4099048179772522,2.189210391618145,0.924508307092111,7.0,1.0,48.01499938964844,48.28900146484375,48.07600021362305,5.62,34.54,52.73,0.436,0.743,1.31,0,1,0
1777637019.7640357,3534.2799999999997,2.0951428413391113,0.07798624038696289,-1.8081420103656214,-0.40724403062929326,2.188831090927124,0.9268322587013245,-0.33837059140205383,-0.27656397223472595,0.04926634952425957,0.32416850328445435,-0.03533908352255821,0.3095189929008484,-1.4190675020217896,4.151916980743408,0.4506039321422577,0.7155304551124573,-0.01345825381577015,0.2063598781824112,0.5572595179948348,-0.5737375886920054,0.9763196413564263,-0.7319655678914012,-0.5395564480879276,1.5400426195427601,-0.19761148548804758,-0.03098440623926979,0.14652725305460862,-0.15583454430019045,0.10168200151957063,-0.14383170712200344,2.0947696740309714,0.07786764243290183,-1.808017350108429,-0.40732844393659917,2.188935565362972,0.9269774958910076,7.0,1.0,48.01499938964844,48.28900146484375,48.07600021362305,5.62,34.54,52.73,0.436,0.743,1.31,0,1,0
1777637019.7641246,3534.288,2.0923471450805664,0.07575869560241699,-1.8076866308795374,-0.4047740141498011,2.188591718673706,0.9293497204780579,-0.3406587839126587,-0.2764105498790741,0.05228317901492119,0.31948986649513245,-0.034821365028619766,0.3121459186077118,-1.0803223848342896,4.000854969024658,0.35644787549972534,0.7132874131202698,0.0807495191693306,0.1884155422449112,0.5556270610426753,-0.5740235447530221,0.9775281652529864,-0.7325783219362928,-0.537506028290504,1.5396486140101582,-0.198006692490704,-0.031753635390479665,0.14700070965853124,-0.15841829733418095,0.10112898270348222,-0.1438941530588633,2.092047395192342,0.07564861571485677,-1.8076126833405164,-0.4047645596713414,2.1886641124786994,0.9294511696666533,7.0,1.0,48.01499938964844,48.28900146484375,48.07600021362305,5.62,34.54,52.73,0.436,0.743,1.31,0,1,0
1777637019.7696915,3534.296,2.089611768722534,0.0735551118850708,-1.8073027769671839,-0.40222007433046514,2.1882805824279785,0.9319630265235901,-0.3410678505897522,-0.2775226831436157,0.05060858279466629,0.3176299035549164,-0.032999761402606964,0.3122226297855377,-1.3595582246780396,4.426575183868408,0.3183371126651764,0.8747864961624146,0.1390686184167862,0.1278534084558487,0.554041791765076,-0.5742248586194788,0.9787110681517988,-0.7331590098595058,-0.5353856844073579,1.5393841575551899,-0.19990328565016752,-0.02848388172549436,0.1483223768994425,-0.1613340807323616,0.0978630086322024,-0.14312025580784563,2.089318934996757,0.07342824925467917,-1.807195667589843,-0.40221321773042806,2.188396034492732,0.9319293183889158,7.0,1.0,48.01499938964844,48.28900146484375,48.07600021362305,5.62,34.54,52.73,0.436,0.743,1.31,0,1,0
1777637019.7749946,3534.3039999999996,2.0867202281951904,0.07137584686279297,-1.8068831602679651,-0.3997147719012659,2.1880173683166504,0.9344081878662109,-0.34393128752708435,-0.27846863865852356,0.051656804978847504,0.3161151111125946,-0.033421605825424194,0.3117049038410187,-0.9155274629592896,4.243469715118408,0.4461202919483185,0.8231964707374573,0.0852356031537056,0.1704712063074112,0.5523613967514363,-0.5745847585168101,0.9798674185523358,-0.7336946497928933,-0.5333024013406821,1.5388229053736948,-0.20165009183819677,-0.02890710366610459,0.1488900665945476,-0.16196116127026272,0.0978191154324647,-0.14640476817053966,2.0865843067829744,0.0712065967788621,-1.8067663086324401,-0.39967447050941196,2.1881313328221794,0.9344119316165871,7.0,1.0,48.029998779296875,48.28900146484375,48.07600021362305,5.62,34.54,52.73,0.436,0.743,1.31,0,1,0
1777637019.7841952,3534.312,2.0839126110076904,0.06914865970611572,-1.8064997831927698,-0.39717227617372686,2.1877896785736084,0.9368420839309692,-0.3455163836479187,-0.2791205942630768,0.05423900485038757,0.31711217761039734,-0.030181072652339935,0.30890539288520813,-0.4531860947608948,4.330444812774658,0.5582108497619629,0.7626343369483948,-0.0022430422250181437,0.2243042290210724,0.5506938915959328,-0.5748424626509773,0.9810546599499398,-0.7342627910389286,-0.5312857482666219,1.5383416421233045,-0.20216676819109924,-0.03156242875375799,0.14826683794500475,-0.15566355196324067,0.09701052552773391,-0.14802184208738708,2.0838435242816753,0.06898371187327455,-1.8063246123707026,-0.3971483702473959,2.187870008773075,0.9368989984941748,7.0,1.0,48.029998779296875,48.28900146484375,48.07600021362305,5.62,34.54,52.73,0.436,0.743,1.31,0,1,0
1777637019.7884395,3534.3199999999997,2.081165313720703,0.06693339347839355,-1.805983845387594,-0.3945830504046839,2.187526226043701,0.9393711090087891,-0.3448261022567749,-0.2771264314651489,0.05908382683992386,0.31527140736579895,-0.02972087822854519,0.3118966519832611,-0.3524780571460724,4.055786609649658,0.4461202919483185,0.6594544053077698,-0.0740203931927681,0.1772003322839737,0.5491477057265628,-0.5751574198596399,0.98220316141933,-0.7346403485163626,-0.5292821362553792,1.5379676728058318,-0.19879575675299732,-0.0342137656703352,0.1463543225595848,-0.1528644333703635,0.0997172600882442,-0.14483435830123148,2.081096601618332,0.0667596479780665,-1.8058705848323573,-0.39463496902404405,2.1876120635395986,0.9393905077487106,7.0,1.0,48.029998779296875,48.28900146484375,48.07600021362305,5.62,34.54,52.73,0.436,0.743,1.31,0,1,0
1777637019.794728,3534.328,2.078429698944092,0.06469380855560303,-1.805396858845846,-0.39204103151430303,2.1873464584350586,0.9418646097183228,-0.34524795413017273,-0.27719032764434814,0.06458058953285217,0.3133922815322876,-0.028091024607419968,0.3120116889476776,-0.1922607570886612,4.142761707305908,0.1860702782869339,0.6908569931983948,-0.1413116604089737,0.2153320610523224,0.5476065270997499,-0.575496493404563,0.9833685989452656,-0.7350139706608226,-0.5273867801961817,1.5375821517060122,-0.19714788181385656,-0.03728638646232406,0.14577403137344455,-0.14877495020978931,0.10055188778509691,-0.1441245856046238,2.0783435533160466,0.06453445838258506,-1.8054042321694022,-0.3921343187566224,2.187357498203316,0.941886447686582,7.0,1.0,48.029998779296875,48.28900146484375,48.07600021362305,5.62,34.54,52.73,0.436,0.743,1.31,0,1,0
1777637019.8018324,3534.336,2.075718402862549,0.06239473819732666,-1.8048446814166468,-0.3894870916949671,2.1870594024658203,0.9443221092224121,-0.34588709473609924,-0.2772670388221741,0.0658716931939125,0.3143126666545868,-0.028781315311789513,0.3108803927898407,-0.4806519150733948,4.028320789337158,-0.13899224996566772,0.7200165390968323,-0.1188812404870987,0.2579498589038849,0.5460522727894943,-0.5757506248796569,0.9845738324825151,-0.7354326123448572,-0.5253743481904792,1.5371864754425981,-0.1968112563983055,-0.03819743269420822,0.1449777316718177,-0.14597934015221098,0.10231565353740188,-0.14573107296672871,2.075584394298362,0.06230819622030319,-1.8049255606570096,-0.3896464711970893,2.187106313732426,0.9443868061903851,7.0,1.0,48.029998779296875,48.27399826049805,48.07600021362305,5.62,34.54,52.73,0.436,0.743,1.31,0,1,0
1777637019.8091557,3534.344,2.0729825496673584,0.06021547317504883,-1.804293457661764,-0.3870776335345667,2.186795949935913,0.9468515515327454,-0.34566980600357056,-0.27846863865852356,0.06584613025188446,0.30662357807159424,-0.03069879114627838,0.3130471408367157,-0.4852295517921448,3.872681140899658,-0.14347587525844574,0.7334747910499573,-0.0986938551068306,0.2915954887866974,0.5445146342378495,-0.5760401888759562,0.9857277763029524,-0.7359078512509607,-0.5233498785456017,1.5368413813976205,-0.19789151674747704,-0.03334516764565247,0.14766712843139745,-0.15571508816312235,0.09993966548382363,-0.14490142757766977,2.0728191398920472,0.060080914463762375,-1.8044345766924028,-0.3871714779292361,2.1868585109810197,0.9468915707157972,7.0,1.0,48.029998779296875,48.27399826049805,48.07600021362305,5.62,34.54,52.73,0.436,0.743,1.31,0,1,0
1777637019.816753,3534.352,2.0703070163726807,0.057964324951171875,-1.8038018385516565,-0.38464337984193975,2.186556816101074,0.9492967128753662,-0.3462578356266022,-0.278097927570343,0.06252250075340271,0.3040350079536438,-0.031216509640216827,0.3132964074611664,-0.8834840059280396,4.389954090118408,0.05828707292675972,0.6549683213233948,-0.0314025916159153,0.2041168361902237,0.5429484649145334,-0.5762200990529227,0.9869317917022642,-0.7364552114773287,-0.5213735119112545,1.5364954722697683,-0.19973765335319035,-0.029572518821809543,0.14824251974960492,-0.16058588337937987,0.09802802682020528,-0.14546923923899371,2.0700478058298493,0.05785266591952898,-1.8039312867936923,-0.38470939036587204,2.1866140906883555,0.9494007282884768,7.0,1.0,48.029998779296875,48.27399826049805,48.07600021362305,5.62,34.54,52.73,0.436,0.743,1.31,0,1,0
1777637019.8242261,3534.3599999999997,2.0675714015960693,0.05574905872344971,-1.8032744566546839,-0.3821972052203577,2.186281204223633,0.951862096786499,-0.3453885614871979,-0.2764233350753784,0.06259919703006744,0.30560731887817383,-0.030602917075157166,0.3149070739746094,-1.0757447481155396,4.005432605743408,0.30040261149406433,0.5966492295265198,0.0336456336081028,0.1570129543542862,0.5413985667716519,-0.5764496568551577,0.9881049897872447,-0.7369544225511782,-0.5193201744989246,1.536186528695189,-0.19808555197850594,-0.029562767776719137,0.14636951109074223,-0.15818228092795922,0.09968905465368398,-0.14299299686751843,2.0672704082532127,0.05562350322316498,-1.8034156975986981,-0.3822602597460456,2.1863730534781425,0.9519142655009906,7.0,1.0,48.029998779296875,48.27399826049805,48.07600021362305,5.62,34.54,52.73,0.436,0.743,1.31,0,1,0
1777637019.8322773,3534.368,2.0647640228271484,0.05343770980834961,-1.8028066794024866,-0.3797877470599573,2.186041831970215,0.9543435573577881,-0.3462066948413849,-0.278097927570343,0.064248226583004,0.305741548538208,-0.029222333803772926,0.3143126666545868,-1.5838624238967896,4.133606433868408,0.24659916758537292,0.5136566758155823,0.0919647291302681,0.1637420803308487,0.5397233058463836,-0.5766047535530474,0.98936244310341,-0.7376400959394139,-0.5172442500286367,1.535770524795322,-0.19865593391995193,-0.029332977842470576,0.14703063747374484,-0.1567262313706429,0.09904753112990154,-0.1433563097592969,2.064486963714971,0.05339347883421559,-1.8028878158637207,-0.3798241371323279,2.186135399857838,0.954432168509761,7.0,1.0,48.029998779296875,48.27399826049805,48.07600021362305,5.62,34.54,52.73,0.436,0.743,1.31,0,1,0
1777637019.837762,3534.3759999999997,2.0619802474975586,0.05121052265167236,-1.8022673765765589,-0.3773539702044886,2.185802459716797,0.9568489789962769,-0.34923630952835083,-0.28037333488464355,0.06397978216409683,0.3029995560646057,-0.028129372745752335,0.31492626667022705,-1.1489869356155396,4.248047351837158,0.30264443159103394,0.5001984238624573,0.1323394924402237,0.1996307522058487,0.5381338508832052,-0.5768599950884497,0.990537668691079,-0.7381346435000097,-0.5152247310187312,1.535367776613899,-0.201878126073119,-0.027182169714726437,0.1492724933286027,-0.16098820014158058,0.09614299238588978,-0.14523845607143793,2.0616974891820017,0.051162645031213844,-1.8023476484622947,-0.37740107340813456,2.18590113021796,0.9569544230320436,7.0,1.0,48.04600143432617,48.27399826049805,48.06100082397461,5.62,34.54,52.73,0.436,0.743,1.31,0,1,0
1777637019.8481867,3534.384,2.0591609477996826,0.04903078079223633,-1.801859203969137,-0.3750041166888636,2.1855506896972656,0.9593900442123413,-0.3489294946193695,-0.27945294976234436,0.06521975249052048,0.2994905710220337,-0.027458256110548973,0.3172655701637268,-1.1489869356155396,4.504395008087158,0.33851340413093567,0.6527252793312073,0.1211242824792862,0.2422485649585724,0.5364810504922539,-0.5770250555904014,0.9917174218033367,-0.7388166041295449,-0.5131165640756676,1.534991741495985,-0.20106347426195537,-0.026121264701564645,0.14913604482025603,-0.16320119781276082,0.09564441312776506,-0.14283587344506335,2.058902002037848,0.04893105390670121,-1.8017952023839054,-0.3749911192750952,2.1856702448314085,0.9594810143429351,7.0,1.0,48.04600143432617,48.27399826049805,48.06100082397461,5.62,34.54,52.73,0.436,0.743,1.31,0,1,0
1777637019.854704,3534.392,2.056281089782715,0.0467677116394043,-1.801284138356344,-0.3726423422442835,2.185335159301758,0.961967408657074,-0.3495175242424011,-0.27840474247932434,0.06893965601921082,0.2976498007774353,-0.026729615405201912,0.3183777332305908,-1.0025025606155396,4.330444812774658,0.39007502794265747,0.6975861191749573,0.0650482252240181,0.2108459621667862,0.534831549814731,-0.5772782764450655,0.992933817922782,-0.7394217349451692,-0.5110389516089353,1.534581751185538,-0.19959129464847705,-0.02840218526540718,0.1480392763716573,-0.1607329315764986,0.09697327047243665,-0.1421209667028327,2.056100520085303,0.04669875736226742,-1.8012304847326828,-0.372594325250474,2.1854427438528066,0.9620119272724079,7.0,1.0,48.04600143432617,48.27399826049805,48.06100082397461,5.62,34.54,52.73,0.436,0.743,1.31,0,1,0
1777637019.8561692,3534.392,2.056281089782715,0.0467677116394043,-1.801284138356344,-0.3726423422442835,2.185335159301758,0.961967408657074,-0.3495175242424011,-0.27840474247932434,0.06893965601921082,0.2976498007774353,-0.026729615405201912,0.3183777332305908,-1.0025025606155396,4.330444812774658,0.39007502794265747,0.6975861191749573,0.0650482252240181,0.2108459621667862,0.534831549814731,-0.5772782764450655,0.992933817922782,-0.7394217349451692,-0.5110389516089353,1.534581751185538,-0.19959129464847705,-0.02840218526540718,0.1480392763716573,-0.1607329315764986,0.09697327047243665,-0.1421209667028327,2.056100520085303,0.04669875736226742,-1.8012304847326828,-0.372594325250474,2.1854427438528066,0.9620119272724079,7.0,1.0,48.04600143432617,48.27399826049805,48.06100082397461,5.53,34.42,52.72,0.434,0.745,1.31,0,0,1
1777637019.8621314,3534.3999999999996,2.053377866744995,0.04448056221008301,-1.8006961981402796,-0.3702200094806116,2.1851673126220703,0.9644604921340942,-0.3529689908027649,-0.2776377499103546,0.07235275954008102,0.2990495562553406,-0.026825489476323128,0.3149070739746094,-0.6362915635108948,4.060364246368408,0.30264443159103394,0.6773987412452698,0.0,0.2691650688648224,0.5331583459850058,-0.5775704248209435,0.9941443134339263,-0.7399529160389661,-0.509043297255374,1.5340693482918586,-0.1999275102846449,-0.03388786586648568,0.1460381720546673,-0.1529755947161034,0.09963559555387663,-0.14786720045013715,2.053293061548961,0.04446580710360931,-1.8006535027260497,-0.37021074166463297,2.18521862731785,0.9645471462023771,7.0,1.0,48.04600143432617,48.27399826049805,48.06100082397461,5.53,34.42,52.72,0.434,0.745,1.31,0,1,0
1777637019.8670597,3534.408,2.05055832862854,0.042313337326049805,-1.8001092115985315,-0.3678820768939417,2.1849639415740967,0.9669899344444275,-0.3529689908027649,-0.2802838683128357,0.07328593730926514,0.29826340079307556,-0.025847576558589935,0.31734228134155273,-0.5310059189796448,4.536438465118408,0.20400476455688477,0.6437531113624573,-0.0560760572552681,0.1839294582605362,0.5315776922900942,-0.5778653057354919,0.9952843101726471,-0.7404349291861553,-0.507046685338168,1.5336575298871298,-0.20052321711352888,-0.03082632723281449,0.14802395687565487,-0.15614987940087288,0.09835095618873968,-0.14551407753108037,2.0504796450777265,0.04223225463560935,-1.8000642636933577,-0.36784041865855155,2.1849978951426747,0.9670866550637985,7.0,1.0,48.04600143432617,48.25899887084961,48.06100082397461,5.53,34.42,52.72,0.434,0.745,1.31,0,1,0
1777637019.8741245,3534.4159999999997,2.047846794128418,0.04015803337097168,-1.7995575110064905,-0.3655441443072718,2.1847007274627686,0.9696028232574463,-0.3554105758666992,-0.27840474247932434,0.07301748543977737,0.2936806380748749,-0.026211896911263466,0.3181859850883484,-0.3616333305835724,4.248047351837158,0.33402976393699646,0.7648773789405823,-0.0874786451458931,0.1076660305261612,0.5300680666334443,-0.5780515585147911,0.9964218822000389,-0.7409360194383144,-0.5050012640748337,1.5334201414169555,-0.20176306074329528,-0.030861117805345423,0.14753965313171025,-0.1591364944057313,0.09767839673716748,-0.14742201210924252,2.0476602897472866,0.03999815125743439,-1.7994627750744785,-0.36548340618138564,2.1847805471232373,0.9696304373338014,7.0,1.0,48.04600143432617,48.25899887084961,48.06100082397461,5.53,34.42,52.72,0.434,0.745,1.31,0,1,0
1777637019.8814847,3534.424,2.045039176940918,0.03801393508911133,-1.798969570790426,-0.3630741278277796,2.184544801712036,0.97209632396698,-0.3540171980857849,-0.2796958386898041,0.07381004095077515,0.2944667935371399,-0.023143935948610306,0.31630685925483704,-0.5493164658546448,4.023743152618408,0.4214603900909424,0.7065582871437073,-0.1547699123620987,0.1323394924402237,0.528514525165604,-0.578395061057635,0.9975054163583907,-0.7412390050174039,-0.5031221750055567,1.5329651279519532,-0.2016186158624041,-0.029716139889954737,0.14789983534545265,-0.15595604060567386,0.09559245957336798,-0.14554644751107365,2.044835015062543,0.03776354805765608,-1.7988490444183753,-0.36313975398808207,2.1845665829347105,0.9721784760328535,7.0,1.0,48.04600143432617,48.25899887084961,48.06100082397461,5.53,34.42,52.72,0.434,0.745,1.31,0,1,0
1777637019.8883,3534.432,2.0422074794769287,0.0357508659362793,-1.7983225027667444,-0.36068851152528936,2.1843535900115967,0.9746133685112,-0.35507822036743164,-0.278660386800766,0.08045729249715805,0.295693963766098,-0.02389175072312355,0.3164602518081665,-0.6042481064796448,3.739929676055908,0.3923168480396271,0.7177734971046448,-0.1772003322839737,0.2781372368335724,0.5269190459214104,-0.5786659629845974,0.9986898494998354,-0.7416928166845708,-0.5011439521671078,1.5325301625082977,-0.1987305187676108,-0.03568451947779187,0.14554448095410022,-0.1480452101067301,0.10057619647789932,-0.14671548535812057,2.0420038409600028,0.035528495909392874,-1.7982230793816374,-0.3608095116370382,2.1843560021308956,0.9747307537219637,7.0,1.0,48.04600143432617,48.25899887084961,48.06100082397461,5.53,34.42,52.72,0.434,0.745,1.31,0,1,0
1777637019.8956788,3534.44,2.039459705352783,0.03352367877960205,-1.797626797352926,-0.3583624998675745,2.18416166305542,0.9771907329559326,-0.35524439811706543,-0.2772670388221741,0.08448399603366852,0.2925493121147156,-0.023872576653957367,0.3188954293727875,-0.8926392793655396,3.826904773712158,0.17486122250556946,0.7043152451515198,-0.1525268703699112,0.2153320610523224,0.5254043310756862,-0.578917958941648,0.999857243537312,-0.7421237817281778,-0.499192661376525,1.5322246360511287,-0.19680100161346656,-0.037561108119839454,0.14460600934192863,-0.1473435273405308,0.10216586015584692,-0.1450222321175868,2.0391667878101236,0.03329304546547487,-1.7975848877269875,-0.35849272848781144,2.1841488041436485,0.9772872524999208,7.0,1.0,48.04600143432617,48.25899887084961,48.06100082397461,5.53,34.42,52.72,0.434,0.745,1.31,0,1,0
1777637019.9028106,3534.448,2.036736249923706,0.031200528144836426,-1.7968958059894007,-0.3560727278338831,2.183946371078491,0.9798036813735962,-0.3546947240829468,-0.278097927570343,0.08654208481311798,0.2845342755317688,-0.025924276560544968,0.31973913311958313,-1.0070801973342896,3.936768054962158,-0.0784633681178093,0.7334747910499573,-0.1099090725183487,0.1861725002527237,0.5238825831422054,-0.5790819616813438,1.001100399840873,-0.7426546674951091,-0.49718621739913904,1.5319888157324932,-0.19673085567960763,-0.03464912640924124,0.14665235383287295,-0.15439331691097744,0.10105696111110832,-0.14483604378068862,2.036323876419618,0.031057247153631746,-1.7969344773217628,-0.35618945369887545,2.183944988282323,0.9798479540005723,7.0,1.0,48.0,48.25899887084961,48.07600021362305,5.53,34.42,52.72,0.434,0.745,1.31,0,1,0
1777637019.910587,3534.4559999999997,2.0338687896728516,0.028937458992004395,-1.7962358633624476,-0.353830639516012,2.1837306022644043,0.9822851419448853,-0.3548353314399719,-0.27938905358314514,0.08472687751054764,0.2833070755004883,-0.025675004348158836,0.31995004415512085,-1.4968873262405396,3.707886219024658,-0.011209052987396717,0.6863709092140198,-0.0515899695456028,0.0897216871380806,0.5222511497469118,-0.5793253155682702,1.002308796216482,-0.7432171317313854,-0.495138031650136,1.5315064982331923,-0.19815881991041023,-0.03090636830221434,0.14792101526998444,-0.15792883883014086,0.09931728689966093,-0.14457636854621497,2.033475128033715,0.028821151171705382,-1.7962718561363626,-0.3538997362254328,2.1837445537332285,0.982412839390137,7.0,1.0,48.0,48.25899887084961,48.07600021362305,5.53,34.42,52.72,0.434,0.745,1.31,0,1,0
1777637019.9172578,3534.464,2.030977249145508,0.026697874069213867,-1.795600716267721,-0.35152894655336553,2.183467388153076,0.9848381876945496,-0.3587597608566284,-0.28188174962997437,0.0804828628897667,0.2859340310096741,-0.027055587619543076,0.3202568590641022,-1.1764527559280396,4.335022449493408,0.15244311094284058,0.5338440537452698,0.0538330152630806,0.1076660305261612,0.5206298404172239,-0.5795683001324217,1.0034886664094418,-0.7437300043368459,-0.4930255914618509,1.531052583674029,-0.2023654096300771,-0.027287260292569726,0.14938641158376167,-0.16195484674538257,0.09897066134738951,-0.14886540480055682,2.030620564338368,0.02658480748288621,-1.7955970322426662,-0.3516236248172655,2.183547499559108,0.9849818893645658,7.0,1.0,48.0,48.25899887084961,48.07600021362305,5.53,34.42,52.72,0.434,0.745,1.31,0,1,0
1777637019.9270751,3534.4719999999998,2.0280492305755615,0.02438676357269287,-1.795037094746725,-0.3492987791644495,2.183323621749878,0.9873436093330383,-0.3575453758239746,-0.2792484164237976,0.08086635917425156,0.2852437198162079,-0.0240068007260561,0.32085126638412476,-1.1123658418655396,4.055786609649658,0.44387850165367126,0.5899201035499573,0.1054229810833931,0.1099090725183487,0.5188987155956872,-0.5797061248855866,1.004749013767467,-0.7444790816109282,-0.49097073499751737,1.530571677389968,-0.20082893087317344,-0.02779637262351689,0.14737764487187183,-0.15876719623595933,0.0981533639595143,-0.14554829476542733,2.0277602074624217,0.024348265810975267,-1.7949100138124257,-0.3493611680166433,2.1833538246986293,0.9875550841469403,7.0,1.0,48.0,48.25899887084961,48.07600021362305,5.53,34.42,52.72,0.434,0.745,1.31,0,1,0
1777637019.9393027,3534.48,2.025182008743286,0.022147655487060547,-1.7943537870990198,-0.347116772328512,2.1831562519073486,0.989944577217102,-0.3587981164455414,-0.28037333488464355,0.08468852192163467,0.28275102376937866,-0.023374032229185104,0.32510805130004883,-1.0986329317092896,4.238892078399658,0.3990422785282135,0.6661835312843323,0.1099090725183487,0.1570129543542862,0.5172863444886325,-0.579915582561757,1.0059541378837824,-0.745091107510957,-0.4889351944182156,1.5302083743654926,-0.20035736714033953,-0.02780096026967481,0.14834291445749617,-0.16097566247491962,0.09866121295134206,-0.1433762966072757,2.0248950064854725,0.02211229796169506,-1.7942110368807915,-0.3471131381411867,2.1831635888767766,0.9901315705106679,7.0,1.0,48.0,48.25899887084961,48.07600021362305,5.53,34.42,52.72,0.434,0.745,1.31,0,1,0
1777637019.9394133,3534.488,2.0221827030181885,0.01992034912109375,-1.7936824003802698,-0.3449466864215296,2.1829168796539307,0.9925455451011658,-0.36103516817092896,-0.2801688015460968,0.08665713667869568,0.2781490683555603,-0.020804615691304207,0.32278791069984436,-0.7232666611671448,4.431152820587158,0.47078022360801697,0.7962799668312073,0.0897216871380806,0.1749572902917862,0.5156069766081002,-0.5801784804960932,1.0071497111247678,-0.7457113523030293,-0.4867606346978118,1.5297155264559652,-0.20202316748913998,-0.02907868183962979,0.1487268940795978,-0.16014929463844538,0.09572837800275041,-0.14576441101301807,2.0220838713416196,0.019922764957366758,-1.7935148146474447,-0.34492519455924064,2.18298059242035,0.9926584140749334,7.0,1.0,48.0,48.30400085449219,48.07600021362305,5.53,34.42,52.72,0.434,0.745,1.31,0,1,0
1777637019.9459655,3534.4959999999996,2.0192909240722656,0.01765727996826172,-1.7929866949664515,-0.3428247610675257,2.182749032974243,0.9950865507125854,-0.3380126655101776,-0.26025262475013733,0.08761586993932724,0.26568546891212463,-0.01595340110361576,0.3037281930446625,0.4623413681983948,5.378723621368408,0.5806289315223694,0.8927308320999146,0.1031799390912056,0.1973877102136612,0.5139621650296858,-0.5803740563261246,1.0083772885805362,-0.7463696220330167,-0.4847088688860865,1.529285731085626,-0.18531785396515926,-0.03444746863069173,0.13549956244298794,-0.13693135428721773,0.0935018200997624,-0.13342698367494935,2.0193778427810942,0.017819073746466976,-1.7928349196726545,-0.3428355274329471,2.182807823106874,0.9950898227522696,7.0,1.0,48.0,48.30400085449219,48.07600021362305,5.53,34.42,52.72,0.434,0.745,1.31,0,1,0
1777637019.9534485,3534.504,2.016651153564453,0.015585064888000488,-1.792290989552633,-0.3408587614642542,2.1826651096343994,0.997532069683075,-0.325766384601593,-0.24766120314598083,0.0874752551317215,0.24819809198379517,-0.016145147383213043,0.2943325638771057,0.5538941025733948,5.136108875274658,0.3452388346195221,0.9061890840530396,0.02467346377670765,0.0829925611615181,0.5124909958637314,-0.5805671569793308,1.0094965404840606,-0.7469393805401342,-0.4828995634892353,1.5290045819034561,-0.1770174326026344,-0.03454996836188966,0.1296481443909633,-0.13457163503005032,0.09042645871263355,-0.1277918444152208,2.016777565183413,0.015801273266283646,-1.7921726784783214,-0.340842686886873,2.1826449122303866,0.9974253310719892,7.0,1.0,48.0,48.30400085449219,48.07600021362305,5.53,34.42,52.72,0.434,0.745,1.31,0,1,0
1777637019.9604487,3534.5119999999997,2.0141916275024414,0.013597607612609863,-1.7915962378131312,-0.3388922850238245,2.182569742202759,0.9997854828834534,-0.3091738224029541,-0.24027252197265625,0.0836658701300621,0.23851484060287476,-0.014687865972518921,0.28357553482055664,0.3845215141773224,4.856873035430908,0.35420605540275574,0.8276825547218323,-0.0314025916159153,0.0852356031537056,0.5111362860988462,-0.5807795049914748,1.0105376670735025,-0.7473234142114437,-0.48124537525966465,1.528696155094515,-0.16887425418218374,-0.02822089255743558,0.12622017195458096,-0.13165298849039053,0.08543192847947204,-0.11788612807274351,2.0142836478252546,0.013869397473303006,-1.79152936083932,-0.33894526705501704,2.1824915080296057,0.9996645016543461,7.0,1.0,48.0,48.30400085449219,48.07600021362305,5.53,34.42,52.72,0.434,0.745,1.31,0,1,0
1777637019.967225,3534.52,2.011767864227295,0.011765480041503906,-1.7909725348102015,-0.3369982878314417,2.1825218200683594,1.0018831491470337,-0.2964034378528595,-0.23072350025177002,0.07822024077177048,0.2312667816877365,-0.01278956513851881,0.2680056095123291,0.2609253227710724,5.026245594024658,0.3990422785282135,0.7177734971046448,-0.1031799390912056,0.1457977443933487,0.5097984772701464,-0.5810569811719475,1.0114809706037353,-0.7476460586761917,-0.4797110170190336,1.528278875269069,-0.1630401824494249,-0.026371179774010656,0.12052264344659191,-0.1225558447737762,0.080701765092178,-0.11494564650614231,2.0118966706969275,0.012023471604804168,-1.7909061812514677,-0.33714191480228717,2.1823472739108642,1.0018069187512664,7.0,1.0,48.0,48.30400085449219,48.06100082397461,5.53,34.42,52.72,0.434,0.745,1.31,0,1,0
1777637019.977249,3534.528,2.009512186050415,0.010112762451171875,-1.790384594594137,-0.33529550233949834,2.1823179721832275,1.003968358039856,-0.2818434238433838,-0.21556265652179718,0.07554855197668076,0.21590779721736908,-0.018983012065291405,0.25607892870903015,0.4989624619483948,4.838562488555908,0.4752638339996338,0.872543454170227,-0.0314025916159153,0.2826233208179474,0.5086070252213345,-0.5812982036607295,1.0123345419581193,-0.7479475811136771,-0.47807231792339905,1.5279950534595061,-0.1525130663696529,-0.02670956945727611,0.1122277602261885,-0.11873734539337838,0.08278219887320068,-0.11187556539068713,2.0096171848976665,0.01026351320011609,-1.7903042990844291,-0.3354313307315149,2.1822118884278985,1.0038521878977409,7.0,1.0,47.986000061035156,48.30400085449219,48.06100082397461,5.53,34.42,52.72,0.434,0.745,1.31,0,1,0
1777637020.031466,3534.536,2.0074126720428467,0.008496403694152832,-1.7897613684283655,-0.3335812727557581,2.1821746826171875,1.0059105157852173,-0.26465004682540894,-0.20217867195606232,0.072915218770504,0.20750924944877625,-0.01543568167835474,0.24589712917804718,0.0274658240377903,4.595947742462158,0.38334959745407104,0.6392670273780823,-0.0785064771771431,0.2422485649585724,0.507509339186938,-0.5815577396666151,1.0131457593928763,-0.7481051130281463,-0.4766410471540169,1.5277161581170002,-0.14140496872395183,-0.026442566449810384,0.10408241336925371,-0.10789431441268325,0.07975645082088825,-0.09988947202619228,2.00744571299551,0.008589533034430455,-1.7897248187226165,-0.33381227009048153,2.182085045274778,1.005799935598106,7.0,1.0,47.986000061035156,48.30400085449219,48.06100082397461,5.53,34.42,52.72,0.434,0.745,1.31,0,1,0
1777637020.0354571,3534.544,2.005408763885498,0.006987214088439941,-1.7891619841205042,-0.3319028059588831,2.1820666790008545,1.0078403949737549,-0.2507163882255554,-0.19306427240371704,0.07497331500053406,0.1952374130487442,-0.014419419690966606,0.23239809274673462,-0.4852295517921448,4.486084461212158,0.1053650975227356,0.6616974472999573,-0.0986938551068306,0.1502838283777237,0.5064864133012411,-0.581825992159024,1.0138892564818733,-0.7482027900831585,-0.47531126413441893,1.5275102596698604,-0.132598603559755,-0.027895777644350257,0.09916464264705689,-0.09879546828549723,0.07670908232066787,-0.09479613056467237,2.0053827493847804,0.007001536000999839,-1.7891687897027069,-0.3322835436296021,2.1819664532751943,1.007649809011591,7.0,1.0,47.986000061035156,48.30400085449219,48.06100082397461,5.53,34.42,52.72,0.434,0.745,1.31,0,1,0
1777637020.0355752,3534.544,2.005408763885498,0.006987214088439941,-1.7891619841205042,-0.3319028059588831,2.1820666790008545,1.0078403949737549,-0.2507163882255554,-0.19306427240371704,0.07497331500053406,0.1952374130487442,-0.014419419690966606,0.23239809274673462,-0.4852295517921448,4.486084461212158,0.1053650975227356,0.6616974472999573,-0.0986938551068306,0.1502838283777237,0.5064864133012411,-0.581825992159024,1.0138892564818733,-0.7482027900831585,-0.47531126413441893,1.5275102596698604,-0.132598603559755,-0.027895777644350257,0.09916464264705689,-0.09879546828549723,0.07670908232066787,-0.09479613056467237,2.0053827493847804,0.007001536000999839,-1.7891687897027069,-0.3322835436296021,2.1819664532751943,1.007649809011591,7.0,1.0,47.986000061035156,48.30400085449219,48.06100082397461,5.52,34.41,52.71,0.434,0.745,1.31,0,0,1
1777637020.0400155,3534.5519999999997,2.003465175628662,0.005406737327575684,-1.7884905974017542,-0.33030826250185186,2.1819825172424316,1.0095301866531372,-0.23806104063987732,-0.1802683174610138,0.07273625582456589,0.18340657651424408,-0.012866264209151268,0.2173650860786438,-0.6271362900733948,4.605103015899658,-0.10312328487634659,0.6258087754249573,-0.0829925611615181,0.1929016262292862,0.5054552405445288,-0.5821011849544073,1.0146818425094064,-0.7483016211590402,-0.47408030534097284,1.5271542528966633,-0.12499257561113944,-0.030104508776106417,0.09191294436931124,-0.08861505257622003,0.07293307142857797,-0.09181449843955813,2.003428760639414,0.005499521942895198,-1.7886372068473158,-0.33084401841147404,2.1818558363685523,1.0094014756390068,7.0,1.0,47.986000061035156,48.30400085449219,48.06100082397461,5.52,34.41,52.71,0.434,0.745,1.31,0,1,0
1777637020.0401897,3534.56,2.0015692710876465,0.003993391990661621,-1.7879508177386683,-0.3289297262774866,2.1818747520446777,1.0111603736877441,-0.22513724863529205,-0.1701056957244873,0.06781473755836487,0.1715373992919922,-0.013173060491681099,0.2057451754808426,-0.5264282822608948,4.344177722930908,-0.1300250142812729,0.5787048935890198,-0.1323394924402237,0.2893524467945099,0.5044307185388534,-0.5823276793369399,1.0154156864677866,-0.7485533196223177,-0.47280156130195433,1.5268144630295233,-0.11852147802705187,-0.026958124310777508,0.08711603930889045,-0.08639401798032353,0.06883166987342282,-0.08717237783503631,2.0015841858602057,0.00408348643526591,-1.7881310103943262,-0.329492618573183,2.1817529335934016,1.01105462301262,7.0,1.0,47.986000061035156,48.28900146484375,48.06100082397461,5.52,34.41,52.71,0.434,0.745,1.31,0,1,0
1777637020.0460339,3534.5679999999998,1.9997694492340088,0.0027005672454833984,-1.7874234358416956,-0.3276584784137171,2.181779146194458,1.012718677520752,-0.21333838999271393,-0.15977688133716583,0.06095017120242119,0.15625512599945068,-0.01014344859868288,0.1953716278076172,-0.3616333305835724,4.508972644805908,-0.06725431978702545,0.7805786728858948,-0.0740203931927681,0.0336456336081028,0.503476828457633,-0.5825775584418933,1.01608386222543,-0.7487684198833472,-0.471601494779879,1.5264978281310535,-0.11420752787418001,-0.021787311095786153,0.08354156692319714,-0.0885864865852182,0.06011966304083751,-0.08108817702550583,1.9998494370141302,0.002753421519039993,-1.7876510861214348,-0.32822832604219077,2.1816574990687347,1.0126089583911795,7.0,1.0,47.986000061035156,48.28900146484375,48.06100082397461,5.52,34.41,52.71,0.434,0.745,1.31,0,1,0
1777637020.0513232,3534.576,1.9980661869049072,0.0014309883117675781,-1.787015740071432,-0.32650787035097295,2.1817431449890137,1.014192819595337,-0.20033790171146393,-0.15145504474639893,0.0547758974134922,0.1454022079706192,-0.010872089304029942,0.1821218729019165,0.0595092847943306,4.568481922149658,0.038110777735710144,0.7446900010108948,-0.1570129543542862,0.1592559963464737,0.5025075768916867,-0.5826869866087532,1.016776695571702,-0.7491816658755771,-0.4704570181780384,1.5262368674305442,-0.10878985101982362,-0.016927618539234676,0.07990658760414536,-0.08734752843534181,0.055261061121809285,-0.07776764422505575,1.9982248992639742,0.0015093163869901547,-1.7871982654654843,-0.327050181206646,2.181569301973641,1.0140642084619709,7.0,1.0,47.986000061035156,48.28900146484375,48.06100082397461,5.52,34.41,52.71,0.434,0.745,1.31,0,1,0
1777637020.051482,3534.584,1.996386170387268,0.00016176700592041016,-1.7865961233722132,-0.3254049460040491,2.1815993785858154,1.0155353546142578,-0.18769533932209015,-0.14110067486763,0.04880615696310997,0.13209491968154907,-0.011907526291906834,0.16689711809158325,0.0778198316693306,4.852295398712158,0.11881595849990845,0.7873077988624573,-0.0650482252240181,0.1480407863855362,0.5015510682157723,-0.5828086008991844,1.0174655545939788,-0.7495532317957639,-0.4692360226160341,1.5258684419912645,-0.10327581590307953,-0.013876821100151142,0.07522152778454225,-0.08504065450852127,0.05027106857677879,-0.07635010354932996,1.996710931286595,0.0003511580230712674,-1.7867733256362186,-0.3259572835408804,2.181488126525795,1.015420119051698,7.0,1.0,47.986000061035156,48.28900146484375,48.06100082397461,5.52,34.41,52.71,0.434,0.745,1.31,0,1,0
1777637020.0516043,3534.5919999999996,1.9949342012405396,-0.0008919874774377945,-1.7862847487079065,-0.3244698683368128,2.181575298309326,1.0168180465698242,-0.17400455474853516,-0.12793399393558502,0.04410194978117943,0.1194012314081192,-0.008072573691606522,0.15880537033081055,0.6912232041358948,4.870605945587158,0.1883120834827423,0.8366547226905823,-0.1480407863855362,0.1547699123620987,0.5007183189407794,-0.5828709306008297,1.0180517790662502,-0.749968506313985,-0.4682400595335298,1.5256800138457014,-0.09547062964802976,-0.01214791394552564,0.06884690054829112,-0.08176075947597818,0.04441243913873969,-0.06639230500931145,1.99530786557823,-0.0007210682040863503,-1.7863769897241157,-0.32494879218685924,2.1814137719592197,1.0166764548478748,7.0,1.0,47.986000061035156,48.28900146484375,48.090999603271484,5.52,34.41,52.71,0.434,0.745,1.31,0,1,0
1777637020.0517032,3534.6,1.9936025142669678,-0.001981560383931935,-1.786008659993307,-0.32354671159853154,2.1814794540405273,1.0179688930511475,-0.15753982961177826,-0.1176946759223938,0.04008803144097328,0.10904686152935028,-0.01014344859868288,0.14356142282485962,0.4028320610523224,4.875183582305908,0.3407551944255829,0.6190796494483948,-0.0291595496237278,0.0583190992474556,0.4999237531049937,-0.5828423821979691,1.01865950753535,-0.7503884517208267,-0.46723114943438565,1.525486885926174,-0.08647844313600302,-0.009642541802264003,0.06324395002449137,-0.0755092249085973,0.04218079042292157,-0.061703909675205074,1.994016008745352,-0.0017073779926803923,-1.7860099268019711,-0.3240239264922895,2.1813460525017407,1.0178329991323387,7.0,1.0,48.06100082397461,48.28900146484375,48.090999603271484,5.52,34.41,52.71,0.434,0.745,1.31,0,1,0
1777637020.0518024,3534.6079999999997,1.992498755455017,-0.002915684376851857,-1.7857211271869105,-0.32275563875307256,2.181407928466797,1.019047498703003,-0.1431204080581665,-0.10532056540250778,0.036866672337055206,0.10009224712848663,-0.004640291910618544,0.13209491968154907,0.1968383938074112,4.957581043243408,0.430427610874176,0.7940369248390198,-0.1211242824792862,0.2714081108570099,0.49929287590318394,-0.5828144091222383,1.0191801027861052,-0.750723878264848,-0.46638343711740304,1.5254348027802707,-0.07814966087717502,-0.010314326878145187,0.05623442494039982,-0.06529140519227375,0.03632467454017754,-0.05251138760892615,1.9928356417796698,-0.0026077876034173997,-1.7856727520199858,-0.323181966506052,2.181284797352531,1.0188895535283842,7.0,1.0,48.06100082397461,48.28900146484375,48.090999603271484,5.52,34.41,52.71,0.434,0.745,1.31,0,1,0
1777637020.058669,3534.616,1.991358757019043,-0.0037177244769495132,-1.7853854338275355,-0.32202369371523076,2.181312084197998,1.020066499710083,-0.12811297178268433,-0.09597606956958771,0.03672605752944946,0.09200049936771393,-0.009318933822214603,0.12022574990987778,0.4852295517921448,5.543518543243408,0.4214603900909424,0.8142243027687073,0.0560760572552681,0.1121521145105362,0.4986953492639382,-0.5829469790870855,1.019606902022518,-0.7509115256957054,-0.46555669119893356,1.5252691289468256,-0.06784268235091176,-0.010738591709617856,0.05037957919240169,-0.05756287100913659,0.038722282244184864,-0.04823116569011694,1.991767020315975,-0.003422313398601773,-1.7853660266940636,-0.32242225343159614,2.1812298506601007,1.01984593776291,7.0,1.0,48.06100082397461,48.28900146484375,48.090999603271484,5.52,34.41,52.71,0.434,0.745,1.31,0,1,0
1777637020.0621705,3534.624,1.9904708862304688,-0.004460636769429982,-1.7850969473468226,-0.32130462328066045,2.181312084197998,1.0209534168243408,-0.11288820207118988,-0.0849314033985138,0.03231586143374443,0.08592209964990616,-0.0041609229519963264,0.10693763941526413,-0.1602173000574112,5.474853992462158,0.36541512608528137,0.6325379014015198,0.01570129580795765,0.2444916069507599,0.49821689318759144,-0.5829979403789526,1.019995155559731,-0.7510489200542279,-0.4649837231332074,1.5252263247728903,-0.05976200759840267,-0.010392242239073153,0.0436865315233922,-0.04590348969244032,0.03296372297133893,-0.0396884356936327,1.9908103748716266,-0.004150971423906746,-1.7850902583871378,-0.3217441900388769,2.1811810715010735,1.020701989444879,7.0,1.0,48.06100082397461,48.28900146484375,48.090999603271484,5.52,34.41,52.71,0.434,0.745,1.31,0,1,0
1777637020.068396,3534.632,1.9897390604019165,-0.005119625722066701,-1.7848814169513147,-0.32069331804384404,2.181312084197998,1.021708369255066,-0.09878836572170258,-0.07883383333683014,0.032111331820487976,0.07340098172426224,-0.002147573046386242,0.09382209926843643,-0.4348755180835724,4.902649402618408,0.1838284581899643,0.5069275498390198,-0.0605621412396431,0.1749572902917862,0.4978029413929159,-0.5829825165001693,1.0203489247214157,-0.7512216788694088,-0.46448559804672357,1.5252221921359175,-0.052983356370126494,-0.007908269115605018,0.041582929733966066,-0.04204047525279781,0.026725613255494614,-0.033779098934214755,1.9899659110665657,-0.004793777032135793,-1.7848459009832922,-0.3211472410353693,2.1811383338600554,1.0214575638612762,7.0,1.0,48.06100082397461,48.25899887084961,48.090999603271484,5.52,34.41,52.71,0.434,0.745,1.31,0,1,0
1777637020.0754719,3534.64,1.9889473915100098,-0.005657974873678029,-1.784581486378805,-0.3200934568988245,2.1812760829925537,1.0224274396896362,-0.08498253673315048,-0.07044807076454163,0.027969583868980408,0.06348763406276703,-0.00809174869209528,0.08304588496685028,-0.3341675102710724,4.820251941680908,0.02914353646337986,0.6347809433937073,-0.0605621412396431,0.0717773512005806,0.49742824980347133,-0.5831679112957088,1.0206023895586127,-0.7511801247465404,-0.46400506562495714,1.5250907694080398,-0.045120831474330506,-0.004121927041244054,0.03741653068790825,-0.041734083566879965,0.02744916632425598,-0.030611323623380038,1.9892338098228612,-0.005350744548373143,-1.7846333547545203,-0.32063093339665283,2.181101526610873,1.022112533791646,7.0,1.0,48.06100082397461,48.25899887084961,48.090999603271484,5.52,34.41,52.71,0.434,0.745,1.31,0,1,0
1777637020.084037,3534.6479999999997,1.9883229732513428,-0.00619680086244756,-1.7843659559832972,-0.3196981588946741,2.1812522411346436,1.0230389833450317,-0.07338819652795792,-0.05677007511258125,0.023508256301283836,0.05380437895655632,-0.007861651480197906,0.06948933005332947,-0.0274658240377903,4.870605945587158,-0.10312328487634659,0.7020722031593323,0.1300964504480362,0.1233673244714737,0.4970776113175064,-0.5831683721369544,1.0209110109121073,-0.751383184160985,-0.4635393880071435,1.5250661679401458,-0.03798909896682486,-0.006563791612276718,0.029461610771717373,-0.03258032418524867,0.0250474146194119,-0.028446809182306514,1.9886142275428793,-0.005821886975932777,-1.784452966419968,-0.3201948566570074,2.1810705534994352,1.0226667893421784,7.0,1.0,48.06100082397461,48.25899887084961,48.090999603271484,5.52,34.41,52.71,0.434,0.745,1.31,0,1,0
1777637020.0928934,3534.656,1.9877829551696777,-0.006543938313619435,-1.784234348927633,-0.3193267027484339,2.181180238723755,1.023482084274292,-0.059428974986076355,-0.043360523879528046,0.015902267768979073,0.0415133573114872,-0.0030871364288032055,0.05848301947116852,-0.02288818545639515,4.966736316680908,-0.107606902718544,0.7402039170265198,0.0695343092083931,0.1525268703699112,0.49679937854999934,-0.5832509418671138,1.0210821019343892,-0.7514189599222133,-0.46314302009856906,1.5249423878898782,-0.031474974314925956,-0.003792220188293685,0.023118447972736107,-0.029112869352558877,0.01699351994108684,-0.019812970056165426,1.988107296265289,-0.0062072157426191765,-1.7843050291975207,-0.31983866316042064,2.1810453331284325,1.0231202378001973,7.0,1.0,48.06100082397461,48.25899887084961,48.090999603271484,5.52,34.41,52.71,0.434,0.745,1.31,0,1,0
1777637020.0970585,3534.6639999999998,1.9873632192611694,-0.006855312977926076,-1.784138027821676,-0.3190863768206995,2.1812403202056885,1.023818016052246,-0.04650518670678139,-0.03213689848780632,0.015186410397291183,0.030411168932914734,-0.0018024274613708258,0.04475389048457146,-0.0595092847943306,4.893494129180908,-0.04483621194958687,0.6975861191749573,0.0515899695456028,0.2130890041589737,0.4965403365914229,-0.5832682670536591,1.021263267331284,-0.7515756286055782,-0.46292620138986657,1.5248684493731823,-0.023487753899827542,-0.006308484692229176,0.016913858459131147,-0.019603529618740415,0.013664519726769254,-0.0158951904450111,1.987713123798201,-0.00650674048683797,-1.7841897828476334,-0.3195620682723286,2.1810257989440744,1.0234728035098066,7.0,1.0,48.06100082397461,48.25899887084961,48.07600021362305,5.52,34.41,52.71,0.434,0.745,1.31,0,1,0
1777637020.1042364,3534.672,1.987039566040039,-0.007047001515523732,-1.7840779463397425,-0.31890708604921514,2.1812403202056885,1.0240576267242432,-0.031127028167247772,-0.02123285084962845,0.006570551078766584,0.017525730654597282,-0.0012847089674323797,0.02540655806660652,0.1419067531824112,4.829407215118408,-0.020176295191049576,0.6145935654640198,0.0471038855612278,0.3364563286304474,0.4963570244291736,-0.5833111516804088,1.0213672015262614,-0.7516478045792037,-0.4627261207459096,1.5247828897384987,-0.017834231392982805,-0.0018826230165098611,0.01196806409060015,-0.015586897841159665,0.006031601614826474,-0.013890797212604292,1.9874317938288613,-0.0067204688831843384,-1.7841074137093011,-0.3193648505523985,2.1810118992250196,1.0237244277693176,7.0,1.0,48.04600143432617,48.25899887084961,48.07600021362305,5.52,34.41,52.71,0.434,0.745,1.31,0,1,0
1777637020.1121461,3534.68,1.9868590831756592,-0.007214848195211232,-1.7840302626239222,-0.31878692308534795,2.1812641620635986,1.0242254734039307,-0.01611958257853985,-0.009791910648345947,0.004895955324172974,0.01014344859868288,-0.000997087568975985,0.008954613469541073,0.0915527418255806,5.021667957305908,-0.01569267362356186,0.4687958359718323,0.0605621412396431,0.2826233208179474,0.4962410443390428,-0.5832945762601491,1.0214664390777126,-0.7517334892773003,-0.4626193325634431,1.5247746924659171,-0.008566957510822946,-0.004601087024805439,0.004589644673987332,-0.001817435630848692,0.0042895873239236215,-0.01030239069798417,1.9872633660094166,-0.006848406507201865,-1.784058054728101,-0.3192468518885905,2.1810035970736337,1.0238750687509786,7.0,1.0,48.04600143432617,48.25899887084961,48.07600021362305,5.52,34.41,52.71,0.434,0.745,1.31,0,1,0
1777637020.1184266,3534.6879999999996,1.9868470430374146,-0.007214848195211232,-1.7840302626239222,-0.3187511602984827,2.181216239929199,1.0243449211120605,-0.00501100393012166,0.0013038837350904942,-0.001163268811069429,0.0054456316865980625,-0.0008053399506025016,0.0054456316865980625,0.8560181260108948,5.909729480743408,-0.2959190011024475,0.4822540879249573,0.0762634351849556,0.1323394924402237,0.4962606022131471,-0.5832775893590088,1.0214627280385873,-0.7517242114842254,-0.46253855375295716,1.5248630304979942,-0.0013542718244677874,-0.0027652441087477296,-0.0018635467921849242,0.00102042908399381,0.0037230820381759433,-0.0015924830192662327,1.9872078681565237,-0.006890562471834727,-1.7840417828763924,-0.3192079736904532,2.181000873680415,1.0239247118831214,7.0,1.0,48.04600143432617,48.25899887084961,48.07600021362305,5.52,34.41,52.71,0.434,0.745,1.31,0,1,0
1777637020.125772,3534.696,1.9869433641433716,-0.0071786085711877945,-1.7840779463397425,-0.3188107649432581,2.181180238723755,1.0241894721984863,0.015915051102638245,0.009536247700452805,-0.0062765381298959255,-0.019519906491041183,-0.0006711166352033615,-0.02107306197285652,-0.01831054873764515,5.735779285430908,-0.35420605540275574,0.4351502060890198,0.0986938551068306,0.1099090725183487,0.4962915657760272,-0.5832428923508234,1.021445317111119,-0.7517232810674499,-0.46256525722743436,1.5248158464507768,0.005390108342238655,0.005484114621269454,-0.0027447026178342073,-0.00036874384940732523,-0.009282907257813021,0.0007077293499589184,1.9871608714077804,-0.006923713469778825,-1.7840241227837863,-0.3191941410294401,2.181047760474475,1.0240122153827598,7.0,1.0,48.04600143432617,48.25899887084961,48.07600021362305,5.52,34.41,52.71,0.434,0.745,1.31,0,1,0
1777637020.1329267,3534.7039999999997,1.9870516061782837,-0.007154766713277638,-1.7840779463397425,-0.31883460680116826,2.181312084197998,1.0243688821792603,-0.025080585852265358,-0.020619258284568787,0.000945954816415906,0.00692208856344223,0.025559956207871437,0.03351747989654541,-1.2634278535842896,4.440308094024658,0.08743061125278473,0.4486084580421448,0.2512207329273224,-0.0942077711224556,0.49636102845843666,-0.5831585078598722,1.0214511472325414,-0.7518061282301902,-0.4626968939697299,1.5250989577224896,-0.02075634990765384,0.009532041594511162,0.016608771480208555,-0.026107931286601535,-0.02017658177801262,0.011569654168805815,1.9870215071220099,-0.007022028870367514,-1.7839717199922553,-0.31915312210233804,2.1811868124761684,1.0242717072131546,7.0,1.0,48.04600143432617,48.25899887084961,48.07600021362305,5.52,34.41,52.71,0.434,0.745,1.31,0,1,0
1777637020.1406775,3534.712,1.9869792461395264,-0.007166687642232716,-1.7840059439288538,-0.3187630812274378,2.1815035343170166,1.0247048139572144,-0.029503565281629562,-0.01817767322063446,0.008142881095409393,-0.00138058268930763,0.027477432042360306,0.052692241966724396,-1.4144898653030396,3.575134754180908,0.21969743072986603,0.2983246147632599,0.1973877102136612,0.1031799390912056,0.4963606292798928,-0.5831821835275273,1.0214634161765326,-0.7518454507784798,-0.46281187363465043,1.5253440208927793,-0.01900115843214546,0.0070615772299570416,0.01727820514464865,-0.03757609848369929,-0.018334630559838656,0.021575086058095,1.9867897805326549,-0.007185532776656345,-1.783884476821246,-0.3190849198618233,2.181418065424574,1.0247032036044803,7.0,1.0,48.04600143432617,48.25899887084961,48.07600021362305,5.52,34.41,52.71,0.434,0.745,1.31,0,1,0
1777637020.143067,3534.712,1.9869792461395264,-0.007166687642232716,-1.7840059439288538,-0.3187630812274378,2.1815035343170166,1.0247048139572144,-0.029503565281629562,-0.01817767322063446,0.008142881095409393,-0.00138058268930763,0.027477432042360306,0.052692241966724396,-1.4144898653030396,3.575134754180908,0.21969743072986603,0.2983246147632599,0.1973877102136612,0.1031799390912056,0.4963606292798928,-0.5831821835275273,1.0214634161765326,-0.7518454507784798,-0.46281187363465043,1.5253440208927793,-0.01900115843214546,0.0070615772299570416,0.01727820514464865,-0.03757609848369929,-0.018334630559838656,0.021575086058095,1.9867897805326549,-0.007185532776656345,-1.783884476821246,-0.3190849198618233,2.181418065424574,1.0247032036044803,7.0,1.0,48.04600143432617,48.25899887084961,48.07600021362305,5.52,34.42,52.66,0.434,0.746,1.31,0,0,1
1777637020.1472507,3534.72,1.9868470430374146,-0.007370297108785451,-1.783778492604391,-0.3187029997455042,2.181671380996704,1.0253044366836548,-0.04031812772154808,-0.026026541367173195,0.027279293164610863,0.02448616921901703,0.034150246530771255,0.07600875198841095,-1.931762933731079,3.469848871231079,-0.107606902718544,0.3970184624195099,0.2086029201745987,-0.01345825381577015,0.496345677255777,-0.5831301987524642,1.0216155450055389,-0.752022620940186,-0.4627752506286671,1.5257851910567288,-0.015980847057318493,-0.009245213457742773,0.016071600263295432,-0.01759413728450253,-0.00494326103035927,0.030681389703736926,1.9864657004175905,-0.0074142652594204606,-1.7837622308524788,-0.3189895391574531,2.1817415786469434,1.025306731582444,7.0,1.0,48.04600143432617,48.25899887084961,48.07600021362305,5.52,34.42,52.66,0.434,0.746,1.31,0,1,0
1777637020.157914,3534.728,1.9864752292633057,-0.0076096693622034195,-1.7835267225848597,-0.31861907640566045,2.1819345951080322,1.0260593891143799,-0.051592886447906494,-0.03731408342719078,0.028416994959115982,0.006078398786485195,0.045885201543569565,0.09836652129888535,-2.206421136856079,3.598022937774658,-0.3923168480396271,0.4261780083179474,0.3050537407398224,0.0650482252240181,0.496193690701214,-0.5831568334628996,1.0217992362535413,-0.7522969605743475,-0.4626908723424395,1.5261568699745693,-0.027903606186427926,0.004574122045950341,0.0307176079144402,-0.055185006931638386,-0.02246310631221482,0.041040385973974323,1.986049279212269,-0.0077082823463827665,-1.783604754934637,-0.3188669866457232,2.1821574349107373,1.0260823290260288,7.0,1.0,48.04600143432617,48.25899887084961,48.07600021362305,5.52,34.42,52.66,0.434,0.746,1.31,0,1,0
1777637020.161743,3534.736,1.9860074520111084,-0.007969204579488576,-1.7832630316363733,-0.31851131120790654,2.1823179721832275,1.0270181894302368,-0.06468285620212555,-0.046671368181705475,0.02961861342191696,0.02136068232357502,0.05572185292840004,0.11896020919084549,-2.023315668106079,3.712463855743408,-0.5514854192733765,0.2960815727710724,0.4373932480812073,0.0740203931927681,0.4959553495569359,-0.5830995185256782,1.0220821104445494,-0.7527728281968783,-0.46259691015439525,1.5266579567990617,-0.03550024736430133,0.005315283997697529,0.035399285896210615,-0.059665512466963264,-0.02416824261813543,0.04746436929256332,1.9855405331678435,-0.008067656007517243,-1.7834117571897945,-0.3187172706638979,2.1826657402165934,1.0270300447488412,7.0,1.0,48.04600143432617,48.25899887084961,48.06100082397461,5.52,34.42,52.66,0.434,0.746,1.31,0,1,0
1777637020.1692445,3534.7439999999997,1.9853955507278442,-0.008328739796773732,-1.783107105885641,-0.3183549086200159,2.1829288005828857,1.028072714805603,-0.07912784069776535,-0.058112308382987976,0.02804628200829029,0.02076626569032669,0.07217379659414291,0.13686944544315338,-1.776123285293579,3.538513660430908,-0.25108277797698975,0.3790741264820099,0.4598236680030823,-0.0515899695456028,0.4955765631936166,-0.5830234650613295,1.0223828171288811,-0.7534254348438129,-0.4626293067702521,1.5271503857273498,-0.04915120642373062,0.013201541367205936,0.046015844305810724,-0.07894548627746074,-0.03990388452975703,0.05396389353041813,1.984939482554145,-0.008492474136833295,-1.7831828810214478,-0.31854040106721193,2.1832666235321305,1.0281499386046549,7.0,1.0,48.01499938964844,48.25899887084961,48.06100082397461,5.52,34.42,52.66,0.434,0.746,1.31,0,1,0
1777637020.1760526,3534.752,1.9845315217971802,-0.008890930806295216,-1.7828672567950647,-0.3181875387774866,2.183539390563965,1.0292476415634155,-0.09339386224746704,-0.06261198222637177,0.029260683804750443,0.024294421076774597,0.08137768507003784,0.1595340073108673,-1.5151978731155396,3.735352039337158,0.11433234065771103,0.3364563286304474,0.4373932480812073,0.1951446682214737,0.49502362667003375,-0.5829450299251264,1.0228265400051504,-0.754262217338142,-0.4624720262518368,1.5275395592606416,-0.056935678644899665,0.013582934197657673,0.05011654741148012,-0.09145016057394653,-0.04360076510952038,0.060267066912788284,1.984246151907359,-0.008982840531113645,-1.7829177051240066,-0.3183363890289659,2.1839602364664756,1.029442081617909,7.0,1.0,48.01499938964844,48.25899887084961,48.06100082397461,5.52,34.42,52.66,0.434,0.746,1.31,0,1,0
1777637020.1841981,3534.7599999999998,1.9836798906326294,-0.009429756795064748,-1.782675568257467,-0.3180201689349573,2.1842095851898193,1.030721664428711,-0.1065988838672638,-0.07136845588684082,0.034335605800151825,0.023700004443526268,0.09886506199836731,0.18306143581867218,-0.9979249238967896,3.987122058868408,0.36317330598831177,0.4216919243335724,0.3140259087085724,0.0022430422250181437,0.49449511815910957,-0.5827616565049332,1.0232799779445183,-0.7552401040715861,-0.4622789076091574,1.5282297393754567,-0.06601241679892386,0.016038241840183654,0.058327118844311354,-0.1058487424810333,-0.055491163189981506,0.0724699077195271,1.9834605703221935,-0.009538874866226621,-1.7826157434935013,-0.31810524680290797,2.1847467528853772,1.030906556140097,7.0,1.0,48.01499938964844,48.25899887084961,48.06100082397461,5.52,34.42,52.66,0.434,0.746,1.31,0,1,0
1777637020.190484,3534.768,1.9827439785003662,-0.010076824818746388,-1.7823756376849573,-0.3179124037372034,2.185023784637451,1.0323278903961182,-0.11704273521900177,-0.08095584064722061,0.043488357216119766,0.02136068232357502,0.10455996543169022,0.205284982919693,-0.5447388291358948,4.243469715118408,0.22642286121845245,0.5181427597999573,0.5405731797218323,0.0717773512005806,0.49390221432256687,-0.5825700597552818,1.0238290870284925,-0.7563765334944478,-0.46213660816051294,1.5289916908456083,-0.07088042801984479,0.017892736281062964,0.06642280350037168,-0.12211552078373616,-0.05770331371122407,0.08044747002347721,1.982582771788302,-0.010160712671718919,-1.7822764454392823,-0.31784698744715634,2.1856263684667514,1.0325434560331546,7.0,1.0,48.01499938964844,48.25899887084961,48.06100082397461,5.52,34.42,52.66,0.434,0.746,1.31,0,1,0
1777637020.198108,3534.776,1.9817601442337036,-0.010759655629293263,-1.7820037047015589,-0.3176482359515589,2.185969829559326,1.0340540409088135,-0.12882882356643677,-0.08948221802711487,0.047387223690748215,0.031504131853580475,0.11968885362148285,0.22244639694690704,-0.4531860947608948,4.069519519805908,0.2421155422925949,0.5630035996437073,0.5764618515968323,0.0695343092083931,0.49330854957579395,-0.5824502973177572,1.024370759019488,-0.7573996823592121,-0.46214538938611915,1.5298022369688686,-0.07844970236656919,0.017025702701049403,0.07145621788049361,-0.12404076871389244,-0.0647471638190438,0.08837445607807531,1.9816127955706682,-0.010848505304523748,-1.7818991955963988,-0.31756162450884773,2.186599300196489,1.0343528868811407,7.0,1.0,48.01499938964844,48.25899887084961,48.06100082397461,5.52,34.42,52.66,0.434,0.746,1.31,0,1,0
1777637020.2056484,3534.7839999999997,1.9807640314102173,-0.011549774800435841,-1.7815960089312952,-0.31738454500307256,2.1870713233947754,1.0359834432601929,-0.13778983056545258,-0.0972416028380394,0.05293511971831322,0.035588353872299194,0.13481773436069489,0.24798718094825745,-0.8880616426467896,3.955078601837158,0.21745562553405762,0.6168366074562073,0.3229980766773224,0.0538330152630806,0.49268095096200787,-0.582227271419804,1.0250064335469395,-0.7586130021696276,-0.46222090207186034,1.5308208927216187,-0.08336612796264749,0.0197111511532599,0.07772233715570298,-0.135226783663969,-0.07203669642796148,0.10493204180539341,1.9805506866336127,-0.011602419922726703,-1.7814833139383026,-0.31724917166853395,2.1876657858043473,1.0363349662316839,7.0,1.0,48.01499938964844,48.25899887084961,48.06100082397461,5.52,34.42,52.66,0.434,0.746,1.31,0,1,0
1777637020.212217,3534.792,1.979696273803711,-0.012327973042623341,-1.7811644713031214,-0.31704885164369756,2.1882565021514893,1.0381050109863281,-0.14813141524791718,-0.10561458021402359,0.05841910466551781,0.03994102403521538,0.14605414867401123,0.27113109827041626,-0.8514404892921448,4.115295886993408,0.11881595849990845,0.5831909775733948,0.5203858017921448,0.0336456336081028,0.4920427346202848,-0.5820405785173729,1.0256284182336337,-0.7598151990010724,-0.4623311690228623,1.5319417893884115,-0.08899890265956796,0.021730393284939246,0.08404099347910346,-0.1465084828564453,-0.07682261216937139,0.11639695167793533,1.9793964961080357,-0.012422639460455187,-1.7810280557894922,-0.31690964234323005,2.1888260831397255,1.0384898238688551,7.0,1.0,48.01499938964844,48.25899887084961,48.06100082397461,5.52,34.42,52.66,0.434,0.746,1.31,0,1,0
1777637020.2196972,3534.7999999999997,1.9785566329956055,-0.013190571461812794,-1.7806370894061487,-0.3167489210711878,2.1894781589508057,1.0404659509658813,-0.15826846659183502,-0.11186555027961731,0.0651174858212471,0.0432199090719223,0.16093376278877258,0.29268354177474976,-1.5747071504592896,4.037476062774658,0.09415604174137115,0.5988922715187073,0.2915954887866974,0.1996307522058487,0.49138313685947776,-0.5818222818175012,1.0263254219051405,-0.7611446745071977,-0.4623610043696476,1.5332265007436365,-0.09426832775361185,0.02092625493997946,0.08900365100420021,-0.15340556890013418,-0.08381520498934886,0.12879774094421337,1.9781502818014371,-0.013309362605061104,-1.7805326118376161,-0.31654304924691523,2.1900804694871407,1.0408176021193274,7.0,1.0,48.01499938964844,48.25899887084961,48.06100082397461,5.52,34.42,52.66,0.434,0.746,1.31,0,1,0
1777637020.2269492,3534.808,1.9772604703903198,-0.014136616383687794,-1.7800620237933558,-0.3163412253009241,2.1907711029052734,1.042863130569458,-0.17002898454666138,-0.12103108316659927,0.07028188556432724,0.050103649497032166,0.16825851798057556,0.31527140736579895,-1.6662598848342896,3.868103504180908,0.035868968814611435,0.5450592637062073,0.5876770615577698,0.1345825344324112,0.4906258743335578,-0.5816745752155349,1.027056751365955,-0.7624558499063976,-0.46241017547888735,1.5343943328688987,-0.10028880591783763,0.022494063330587767,0.0950805334009671,-0.16446367170079756,-0.08504932494483095,0.13638074424667818,1.9768121087502017,-0.01426280377790956,-1.779996108144526,-0.31614940390712487,2.191429240821207,1.0433184561938789,7.0,1.0,48.01499938964844,48.25899887084961,48.04600143432617,5.52,34.42,52.66,0.434,0.746,1.31,0,1,0
1777637020.2356794,3534.816,1.975868821144104,-0.015129868184224904,-1.779461685811178,-0.31587392488588506,2.192267656326294,1.0454881191253662,-0.18218578398227692,-0.13109144568443298,0.0763283297419548,0.0566805899143219,0.18286968767642975,0.3369772434234619,-1.780700922012329,3.890991687774658,-0.04259439930319786,0.3745880424976349,0.3678589165210724,0.1570129543542862,0.48980605068283556,-0.5815173077449876,1.0278285071250002,-0.7638804646822865,-0.4625721884103742,1.5357007159411538,-0.10789585789261322,0.023539668126312363,0.10208731376681722,-0.17279659675052914,-0.0923218756362081,0.1466349385812675,1.9753820498135728,-0.015283193120178673,-1.7794176061556737,-0.3157287161361477,2.192872711000924,1.0459925545664968,7.0,1.0,48.01499938964844,48.25899887084961,48.04600143432617,5.52,34.42,52.66,0.434,0.746,1.31,0,1,0
1777637020.2418883,3534.8239999999996,1.9743808507919312,-0.016195599232808888,-1.778802220021383,-0.31547815004457647,2.193847894668579,1.0483167171478271,-0.1929875761270523,-0.13825002312660217,0.08137768507003784,0.056661415845155716,0.19232285022735596,0.36017870903015137,-1.863098382949829,4.042053699493408,-0.10312328487634659,0.3880462944507599,0.5630035996437073,0.0807495191693306,0.4889245098040215,-0.5813191947522488,1.0286795117761096,-0.7655017736967024,-0.462679427655402,1.537130304090464,-0.11395591850722317,0.026341132910297244,0.10851281983554346,-0.18833293680427093,-0.09717553536271223,0.15656309243573066,1.9738601863086447,-0.016370776485228333,-1.7787961027072052,-0.3152809934551932,2.1944112109031115,1.0488400793935648,7.0,1.0,48.01499938964844,48.25899887084961,48.04600143432617,5.52,34.42,52.66,0.434,0.746,1.31,0,1,0
1777637020.2483563,3534.832,1.97274911403656,-0.017369572316304982,-1.7781313101397913,-0.31503469148744756,2.1954762935638428,1.0512652397155762,-0.20560456812381744,-0.1464184671640396,0.08500810712575912,0.057620152831077576,0.2018718719482422,0.3827473819255829,-1.6754151582717896,3.625488758087158,-0.051561642438173294,0.5181427597999573,0.3656158745288849,0.0852356031537056,0.4879359836577167,-0.5810917396971895,1.0296053005807755,-0.7672505698659808,-0.4627119192406391,1.5385511186835956,-0.12190226749708472,0.029866195156625572,0.11553976678850637,-0.20482102560879703,-0.10272690216680386,0.16423758774855293,1.9722466086856496,-0.01752581543920506,-1.7781305300299834,-0.3148062404697658,2.196045087494818,1.0518612269758238,7.0,1.0,48.01499938964844,48.25899887084961,48.04600143432617,5.52,34.42,52.66,0.434,0.746,1.31,0,1,0
1777637020.2558343,3534.8399999999997,1.9709376096725464,-0.018578831349508107,-1.7773993651019495,-0.31454307237734014,2.1972365379333496,1.0545133352279663,-0.21997284889221191,-0.1564660370349884,0.08784596621990204,0.062126222997903824,0.21295489370822906,0.4033602476119995,-1.3687134981155396,3.877258777618408,0.14123407006263733,0.6729126572608948,0.4755249619483948,0.1143951565027237,0.4868698662186055,-0.5809075011297131,1.0305618646061803,-0.7690916427590392,-0.46273177362952267,1.5400834787802682,-0.13185282869363452,0.03317158614446944,0.1231080386833753,-0.21872009908775586,-0.10943155679783695,0.1695350305273809,1.9705414172427038,-0.01874858727167439,-1.7774197557497082,-0.31430445819428865,2.1977747028445704,1.0550562082660337,7.0,1.0,48.01499938964844,48.25899887084961,48.04600143432617,5.52,34.42,52.66,0.434,0.746,1.31,0,1,0
1777637020.2635903,3534.848,1.9690778255462646,-0.019776646290914357,-1.7767522970782679,-0.314063851033346,2.198948860168457,1.0578693151474,-0.23161831498146057,-0.16560600697994232,0.09238399565219879,0.06344927847385406,0.2281988263130188,0.42017653584480286,-0.9887696504592896,3.913879871368408,0.28022632002830505,0.7065582871437073,0.6280518174171448,0.1727142482995987,0.4857666850143201,-0.5806477941692149,1.031525768979661,-0.7710532941991787,-0.46260518374171783,1.5416798201511825,-0.1408467776363668,0.03553708141767972,0.1305511210034157,-0.22914360892705646,-0.12016849108206942,0.17703593558777359,1.9687447228790975,-0.02003938501822322,-1.7766625828822082,-0.31377564332390495,2.1996004330723617,1.0584252494255038,7.0,1.0,48.01499938964844,48.24300003051758,48.04600143432617,5.52,34.42,52.66,0.434,0.746,1.31,0,1,0
1777637020.270328,3534.8559999999998,1.9671940803527832,-0.02110606828798467,-1.7759249846087855,-0.313512150441305,2.200876474380493,1.0613809823989868,-0.2419726848602295,-0.17308416962623596,0.09885228425264359,0.07096578925848007,0.24330852925777435,0.4444325864315033,-1.0849000215530396,3.785706043243408,0.2690172791481018,0.5966492295265198,0.4059906303882599,0.1390686184167862,0.4846562735100436,-0.5804212552439503,1.0325667010039163,-0.7730181769869178,-0.4626878094391696,1.5433991914428384,-0.14622327020258766,0.03574920294027739,0.13552549931898636,-0.2359748524215175,-0.12595584227488638,0.19084823561679548,1.9668566478861076,-0.02139851749707944,-1.7758577498228512,-0.3132197874511844,2.201522667238298,1.061968592432899,7.0,1.0,48.01499938964844,48.24300003051758,48.04600143432617,5.52,34.42,52.66,0.434,0.746,1.31,0,1,0
1777637020.2787812,3534.864,1.9651784896850586,-0.022506539021627248,-1.7751215139972132,-0.31292468706239873,2.202863931655884,1.0651204586029053,-0.25171345472335815,-0.18301670253276825,0.10657332092523575,0.07430219650268555,0.25960707664489746,0.46646440029144287,-1.3870240449905396,3.817749500274658,0.22642286121845245,0.5450592637062073,0.3476715385913849,0.0897216871380806,0.48345468335133346,-0.5801261920818809,1.0336684756477175,-0.7751617644015181,-0.4626708481139608,1.5452232410701947,-0.1527126057010965,0.038020109713828326,0.14304562139862953,-0.2459214046559583,-0.1350987824936521,0.2042798665499996,1.9648773267742004,-0.022826309361961172,-1.7750039303289222,-0.31263687622528913,2.2035418061698775,1.0656864957490033,7.0,1.0,48.01499938964844,48.24300003051758,48.04600143432617,5.52,34.42,52.66,0.434,0.746,1.31,0,1,0
1777637020.3250828,3534.872,1.9630662202835083,-0.023991886769429982,-1.7741621176349085,-0.3122771422015589,2.204923391342163,1.0689678192138672,-0.26390862464904785,-0.1942531019449234,0.11440940201282501,0.07660316675901413,0.27149543166160583,0.4910656213760376,-1.1993409395217896,3.689575672149658,0.11881595849990845,0.6549683213233948,0.3790741264820099,0.1996307522058487,0.48222661025687763,-0.5799213401503815,1.0348091272392796,-0.777249275321259,-0.46269717601104515,1.5470398055133507,-0.1602290829630748,0.041355225888120684,0.15166045799079864,-0.2613035026161732,-0.14128314738333914,0.21469177852336183,1.9628069071353815,-0.024323101173482797,-1.7740997334936859,-0.3120268884509958,2.2056582612279194,1.0695792350413769,7.0,1.0,48.01499938964844,48.24300003051758,48.04600143432617,5.52,34.42,52.66,0.434,0.746,1.31,0,1,0
1777637020.3251796,3534.872,1.9630662202835083,-0.023991886769429982,-1.7741621176349085,-0.3122771422015589,2.204923391342163,1.0689678192138672,-0.26390862464904785,-0.1942531019449234,0.11440940201282501,0.07660316675901413,0.27149543166160583,0.4910656213760376,-1.1993409395217896,3.689575672149658,0.11881595849990845,0.6549683213233948,0.3790741264820099,0.1996307522058487,0.48222661025687763,-0.5799213401503815,1.0348091272392796,-0.777249275321259,-0.46269717601104515,1.5470398055133507,-0.1602290829630748,0.041355225888120684,0.15166045799079864,-0.2613035026161732,-0.14128314738333914,0.21469177852336183,1.9628069071353815,-0.024323101173482797,-1.7740997334936859,-0.3120268884509958,2.2056582612279194,1.0695792350413769,7.0,1.0,48.01499938964844,48.24300003051758,48.04600143432617,5.57,34.42,52.69,0.431,0.747,1.31,0,0,1
1777637020.3282053,3534.8799999999997,1.9609065055847168,-0.025548283253804982,-1.7731788794146937,-0.31168967882265264,2.2071502208709717,1.073006510734558,-0.27309972047805786,-0.20221702754497528,0.12020017951726913,0.08049564063549042,0.280565083026886,0.5068464279174805,-1.2130738496780396,3.872681140899658,0.06949612498283386,0.7222595810890198,0.4755249619483948,0.1906585842370987,0.48093759611821063,-0.5796288677886641,1.036031427015915,-0.7795777701607873,-0.46276662637465,1.5490252515269356,-0.16594683021751144,0.0423990763442922,0.15707936129790953,-0.26891827392879264,-0.14548287612588773,0.22049314462004307,1.9606455505393257,-0.025889249491586774,-1.773143703710704,-0.31138979512475196,2.2078724530112153,1.0736471039731357,7.0,1.0,48.01499938964844,48.24300003051758,48.090999603271484,5.57,34.42,52.69,0.431,0.747,1.31,0,1,0
1777637020.3302653,3534.888,1.9586751461029053,-0.02716523805727178,-1.7721236387835901,-0.3109944502459925,2.2094013690948486,1.07724928855896,-0.28418272733688354,-0.2084679901599884,0.12756328284740448,0.08505923300981522,0.29109203815460205,0.5330583453178406,-1.4785767793655396,3.506469964981079,0.1053650975227356,0.5966492295265198,0.5248718857765198,0.1166381984949112,0.4796401221058286,-0.5793516373273383,1.0372758197224172,-0.7818786460164819,-0.46280281232651743,1.5511117948549484,-0.1706749529994933,0.042444749532373094,0.1616038342975652,-0.27986411472140404,-0.1478074738959085,0.2322779257355482,1.9583934334617783,-0.027525126991634785,-1.7721343206268365,-0.31072555840475413,2.2101848100000363,1.077890415060385,7.0,1.0,48.029998779296875,48.24300003051758,48.090999603271484,5.57,34.42,52.69,0.431,0.747,1.31,0,1,0
1777637020.330325,3534.8959999999997,1.956383228302002,-0.0288775602923792,-1.7710445562945765,-0.31023914018739873,2.211831569671631,1.0815399885177612,-0.29603272676467896,-0.21732673048973083,0.13345633447170258,0.08977622538805008,0.30740976333618164,0.5525974035263062,-1.4007569551467896,3.684998035430908,0.1053650975227356,0.4284210503101349,0.6280518174171448,0.1637420803308487,0.4782622834718949,-0.5790476770707248,1.0385831556101168,-0.784282153351998,-0.4629721153953879,1.5532049895332731,-0.1789998802822319,0.04357162997449626,0.16804754432768074,-0.28796518248833936,-0.15728284038420814,0.2415735311782597,1.9560507482435834,-0.029231122606909743,-1.7710699990821874,-0.3100341305118226,2.2125957671387066,1.0823095006031491,7.0,1.0,48.029998779296875,48.24300003051758,48.090999603271484,5.57,34.42,52.69,0.431,0.747,1.31,0,1,0
1777637020.333837,3534.904,1.9539117813110352,-0.030673805867330373,-1.7699297110186976,-0.3095200697528284,2.214250087738037,1.086226224899292,-0.30816397070884705,-0.2260959893465042,0.14196991920471191,0.09221142530441284,0.3176299035549164,0.574130654335022,-1.1947633028030396,3.730774402618408,0.053803451359272,0.6773987412452698,0.5899201035499573,0.1884155422449112,0.4768012762117206,-0.5786613497950669,1.0399754670825523,-0.7869338048346206,-0.4628727798460827,1.555509958713869,-0.18567481500537183,0.04392371392958398,0.17442423515430808,-0.2992043638042374,-0.16138018691832773,0.24878008949209354,1.9536610674027395,-0.030975937007899468,-1.769969205506345,-0.30932826688380644,2.215060975632952,1.086822763248159,7.0,1.0,48.029998779296875,48.24300003051758,48.090999603271484,5.57,34.42,52.69,0.431,0.747,1.31,0,1,0
1777637020.3357973,3534.912,1.9514636993408203,-0.032470051442281544,-1.7687786261187952,-0.30882484117616826,2.2168359756469727,1.090828537940979,-0.3003406524658203,-0.21985779702663422,0.13932380080223083,0.09200049936771393,0.31607675552368164,0.5675537586212158,-0.6637573838233948,3.964233875274658,0.04483621194958687,0.6594544053077698,0.5899201035499573,0.1749572902917862,0.47532106591442913,-0.5783066826317006,1.0413724874195465,-0.7896074355005057,-0.46298347059960565,1.5577704290117593,-0.18095087674311883,0.043895591677368784,0.169663168569286,-0.2931717864305649,-0.16005796413911802,0.25053171106713934,1.951272373739357,-0.03272472167945484,-1.7688535547075377,-0.30862204415530137,2.2175310924346943,1.0913398762539106,7.0,1.0,48.029998779296875,48.24300003051758,48.090999603271484,5.57,34.42,52.69,0.431,0.747,1.31,0,1,0
1777637020.3358433,3534.9199999999996,1.9490282535552979,-0.03431398073305303,-1.7676995436297815,-0.3081286589251917,2.2194342613220215,1.0953586101531982,-0.29943305253982544,-0.2218775451183319,0.14099840819835663,0.08814637362957001,0.31379494071006775,0.5674195289611816,-0.6088257431983948,4.156494617462158,0.026901725679636,0.6392670273780823,0.5450592637062073,0.1166381984949112,0.4737938260045431,-0.5778580127814452,1.0428057534231812,-0.792390299742434,-0.4630759333634915,1.559996150344014,-0.1811804250134332,0.046917483761451786,0.1714988941836793,-0.29901847890555383,-0.15994191248889206,0.24940786293427025,1.9488852329852058,-0.03447709753396033,-1.7677232805296361,-0.30791557820773185,2.220005521820176,1.0958599105917766,7.0,1.0,48.029998779296875,48.27399826049805,48.090999603271484,5.57,34.42,52.69,0.431,0.747,1.31,0,1,0
1777637020.3359292,3534.928,1.9466164112091064,-0.03620607057680303,-1.766644302998678,-0.307469669972555,2.2220442295074463,1.0998051166534424,-0.3007241487503052,-0.22479210793972015,0.1374574601650238,0.08753278106451035,0.3145427703857422,0.5654061436653137,-0.5218506455421448,4.710388660430908,0.3766241669654846,0.6886139512062073,0.5450592637062073,0.2220611870288849,0.47223641713873143,-0.577340451706539,1.0442785585572318,-0.7952668849718707,-0.4631614470827076,1.5621853000230435,-0.18498064824815563,0.052384324292876705,0.17377656940699612,-0.30524874847702765,-0.16350088648978053,0.24635061795677796,1.9464996984135436,-0.03623306337309806,-1.7665783832488602,-0.30720882332589206,2.2224841914789155,1.1003829007332782,7.0,1.0,48.029998779296875,48.27399826049805,48.090999603271484,5.57,34.42,52.69,0.431,0.747,1.31,0,1,0
1777637020.3417156,3534.9359999999997,1.944240927696228,-0.037978474293844044,-1.7655652205096644,-0.30671483675111944,2.2246665954589844,1.104323148727417,-0.3007241487503052,-0.2193336933851242,0.1388508379459381,0.0908883661031723,0.3130471408367157,0.5603440403938293,-0.3982544243335724,4.536438465118408,0.638916015625,0.7873077988624573,0.4912262558937073,0.2938385307788849,0.4707620387237898,-0.5769300920529401,1.0456446611939285,-0.7979361258889291,-0.4633441178834457,1.5644261228793217,-0.18307592949931606,0.045173046424228286,0.16845060258893804,-0.29388449761555513,-0.15950873705593605,0.24138272175651754,1.9441158199079338,-0.03799262214310062,-1.7654188617585698,-0.30650172893185523,2.2249670308287817,1.1049088865081487,7.0,1.0,48.029998779296875,48.27399826049805,48.090999603271484,5.57,34.42,52.69,0.431,0.747,1.31,0,1,0
1777637020.3490443,3534.944,1.9418290853500366,-0.03976279893984014,-1.7644379774676722,-0.3059476057635706,2.2271926403045654,1.1087696552276611,-0.2989984154701233,-0.22122560441493988,0.14320988953113556,0.09061991423368454,0.3118966519832611,0.5682440400123596,-0.3479004204273224,4.270935535430908,0.6232233047485352,0.6459961533546448,0.6056213974952698,0.2601929008960724,0.469284740267525,-0.5765791653932268,1.047001069357828,-0.8005135601200276,-0.4634431494840585,1.566544705407191,-0.18077524804136197,0.0472417922223089,0.16960619666479854,-0.29911656677438525,-0.15674636773073752,0.24714175525079093,1.9417336470831799,-0.03975577732920321,-1.7642447146860096,-0.3057942438526631,2.2274539692732707,1.1094379086211155,7.0,1.0,48.029998779296875,48.27399826049805,48.090999603271484,5.57,34.42,52.69,0.431,0.747,1.31,0,1,0
1777637020.3577232,3534.9519999999998,1.939441204071045,-0.04146320024599248,-1.763275448475973,-0.30525190034975225,2.229659080505371,1.113263726234436,-0.29706817865371704,-0.22099550068378448,0.1483742892742157,0.0888366624712944,0.3076015114784241,0.5704107880592346,-0.7507324814796448,4.522705554962158,0.46181297302246094,0.5607605576515198,0.5899201035499573,0.2512207329273224,0.46786310095115125,-0.5762731447880138,1.0483088736472745,-0.8030459361033845,-0.46348580900721875,1.56871036513043,-0.17767936940526838,0.04589023149986285,0.1690525812864494,-0.29985768174274907,-0.15185940532526843,0.24760412201094906,1.9393532293000362,-0.041522532930641454,-1.7630559403924542,-0.3050863163489437,2.2299449361957775,1.1139700086347806,7.0,1.0,48.029998779296875,48.27399826049805,48.029998779296875,5.57,34.42,52.69,0.431,0.747,1.31,0,1,0
1777637020.3635502,3534.96,1.9371376037597656,-0.043247524891988576,-1.7620399633990687,-0.3045924345599573,2.2321133613586426,1.1179375648498535,-0.29667189717292786,-0.22044582664966583,0.15194080770015717,0.0898720994591713,0.3117049038410187,0.5688192844390869,-0.8468628525733948,4.344177722930908,0.4550875425338745,0.7379608750343323,0.6056213974952698,0.2243042290210724,0.46649839944300764,-0.5758477837303007,1.049684499909073,-0.8056832657479972,-0.4634637999213313,1.571124703252331,-0.17742481569539648,0.04268676698374291,0.16805058707396078,-0.2938226207486322,-0.1537068996080726,0.24830497840090363,1.9369746156598375,-0.04329289346240195,-1.7618525369663018,-0.30437789410975036,2.232439860964404,1.1185052289772393,7.0,1.0,48.01499938964844,48.27399826049805,48.029998779296875,5.57,34.42,52.69,0.431,0.747,1.31,0,1,0
1777637020.3712354,3534.968,1.9348456859588623,-0.044959370289937794,-1.7607691923724573,-0.30377704301943,2.2345917224884033,1.1225634813308716,-0.2950100898742676,-0.22259339690208435,0.1539861112833023,0.09215389937162399,0.3154247999191284,0.5696437954902649,-1.0849000215530396,4.243469715118408,0.43715307116508484,0.7334747910499573,0.4777680039405823,0.1704712063074112,0.4651809718276384,-0.5755646460335999,1.0509679515541117,-0.8080562643589778,-0.46359587266129165,1.5734522674303053,-0.17739027882642158,0.043903861110097545,0.16896244345754796,-0.2923877238098894,-0.1561004288195012,0.2516838615413336,1.934597854999062,-0.045066863957127445,-1.760634502216007,-0.30366892424715886,2.2349386729367535,1.1230436129499164,7.0,1.0,48.01499938964844,48.27399826049805,48.029998779296875,5.57,34.42,52.69,0.431,0.747,1.31,0,1,0
1777637020.3781848,3534.9759999999997,1.9324102401733398,-0.04676801363100225,-1.759521786366598,-0.302985970173971,2.237093925476074,1.12716543674469,-0.2941408157348633,-0.22084210813045502,0.15638934075832367,0.09619977325201035,0.3162301480770111,0.5685124397277832,-1.1398316621780396,4.197693347930908,0.2891935706138611,0.5046845078468323,0.3925323784351349,0.1502838283777237,0.4637271841661122,-0.5752374880901069,1.0523260767601348,-0.8106027344611313,-0.46362050749254197,1.5756521391814047,-0.17587351414534796,0.04013046551503871,0.16642089020845158,-0.2848755062070794,-0.15422107634861637,0.2514586598929955,1.9322229958839459,-0.046844449967011315,-1.7594018336629222,-0.3029593532908441,2.2374413014646417,1.1275852047354902,7.0,1.0,48.01499938964844,48.27399826049805,48.029998779296875,5.57,34.42,52.69,0.431,0.747,1.31,0,1,0
1777637020.3868635,3534.984,1.9299744367599487,-0.04855186143984014,-1.7582271734820765,-0.30221873918642217,2.239572286605835,1.1316355466842651,-0.29552140831947327,-0.2184644341468811,0.15898433327674866,0.0910034105181694,0.3153289258480072,0.5689343214035034,-1.0070801973342896,3.698730945587158,0.0784633681178093,0.4979553818702698,0.4306641221046448,0.2512207329273224,0.4622792674425642,-0.5749917272665381,1.0536585279068595,-0.8130573372562808,-0.46367719626047577,1.577714227695119,-0.17606268966882127,0.037991760891793236,0.16550161784100725,-0.28684658722637446,-0.1537926544742932,0.24913098725302416,1.9298500866051667,-0.04862565756566184,-1.7581545285340212,-0.3022491271826482,2.23994767589872,1.1321300494058877,7.0,1.0,48.01499938964844,48.27399826049805,48.029998779296875,5.57,34.42,52.69,0.431,0.747,1.31,0,1,0
1777637020.3933144,3534.9919999999997,1.9276105165481567,-0.0503009001361292,-1.7569320837603968,-0.301523510609762,2.2420268058776855,1.1362135410308838,-0.29603272676467896,-0.22086767852306366,0.1614898294210434,0.09106093645095825,0.3153289258480072,0.5685124397277832,-0.9887696504592896,3.836060047149658,0.12554138898849487,0.6661835312843323,0.4867401719093323,0.2534637749195099,0.4608864855285991,-0.574682480288614,1.0549853966957883,-0.8155792448026231,-0.46368016231128534,1.5799431594291282,-0.17695518012429576,0.03853327311102285,0.1667615641085594,-0.2875695955833143,-0.154044016911419,0.2475886428889432,1.9274791751725853,-0.050410493349954066,-1.7568925837545146,-0.3015381912711277,2.2424577255930114,1.1366781929303662,7.0,1.0,48.01499938964844,48.24300003051758,48.029998779296875,5.57,34.42,52.69,0.431,0.747,1.31,0,1,0
1777637020.4000201,3535.0,1.9251991510391235,-0.05203706422914678,-1.755709473286764,-0.3007438818560999,2.2445647716522217,1.1407196521759033,-0.2971448600292206,-0.22241443395614624,0.16072283685207367,0.08950778096914291,0.3164602518081665,0.5702381730079651,-0.8743286728858948,4.000854969024658,0.23539011180400848,0.5944061875343323,0.5001984238624573,0.1659851223230362,0.4594310920098852,-0.5743872634445615,1.056290868917067,-0.8180984124390535,-0.46377456280026474,1.5820608373654663,-0.17910643100748808,0.04188729510072266,0.16824352758621808,-0.29331499996172683,-0.15630785897214666,0.24741741004961088,1.9251103093100552,-0.05219896444186212,-1.7556159959403672,-0.3008264903060951,2.244971379909354,1.141229682183673,7.0,1.0,48.01499938964844,48.24300003051758,48.029998779296875,5.57,34.42,52.69,0.431,0.747,1.31,0,1,0
1777637020.4075544,3535.008,1.9228712320327759,-0.053809467946187794,-1.754413906727926,-0.30003673235048467,2.247126817703247,1.1451773643493652,-0.2984743118286133,-0.22338595986366272,0.16192445158958435,0.08904758840799332,0.3190871775150299,0.5702381730079651,-0.3021240532398224,4.055786609649658,0.2936771810054779,0.4934692978858948,0.4239349663257599,0.2534637749195099,0.45801218276611394,-0.5740669604443089,1.0576291556488426,-0.8206467065036182,-0.46392481271869357,1.5842162341428845,-0.18090079431777906,0.04211938975108684,0.1689063277582924,-0.29396328443743613,-0.1587730371127721,0.24663850990165107,1.922743536450297,-0.05399107849027018,-1.7543247613906878,-0.30011396843313776,2.2474885682217507,1.1457845649542897,7.0,1.0,48.01499938964844,48.24300003051758,48.029998779296875,5.57,34.42,52.69,0.431,0.747,1.31,0,1,0
1777637020.4163644,3535.0159999999996,1.9204716682434082,-0.055546108876363576,-1.7531550566302698,-0.29931766191591436,2.249760866165161,1.1497912406921387,-0.2979629933834076,-0.2255718857049942,0.163854718208313,0.08720681071281433,0.32094714045524597,0.5691260695457458,-0.1602173000574112,4.069519519805908,0.30264443159103394,0.6459961533546448,0.3858032524585724,0.2669220268726349,0.45655209647983863,-0.5737350500041913,1.058953581142014,-0.8232850284307679,-0.46405785739335226,1.5864494165261203,-0.1819582477387556,0.043821062941638414,0.17054796310393486,-0.29582501281174645,-0.16144358555269173,0.2465384908208099,1.92037890372984,-0.05578684367277731,-1.753018876080013,-0.2994005691881263,2.2500092199206274,1.1503428899527617,7.0,1.0,48.01499938964844,48.24300003051758,48.029998779296875,5.57,34.42,52.69,0.431,0.747,1.31,0,1,0
1777637020.421283,3535.024,1.9181318283081055,-0.057329956685201466,-1.7518485228167933,-0.29859859148134404,2.252394676208496,1.1544411182403564,-0.29603272676467896,-0.22577640414237976,0.16665422916412354,0.08966118097305298,0.3198733627796173,0.5730568766593933,-0.4623413681983948,4.060364246368408,0.3138534724712372,0.7267456650733948,0.3095398247241974,0.2265472710132599,0.45512489878356777,-0.5733571219788581,1.0603071052016142,-0.8259398132153349,-0.4641967686001683,1.5887664601628262,-0.17974805473446545,0.043810221907460145,0.16985699679825061,-0.29552478778030694,-0.15851912428072257,0.24972807366279984,1.918016457984029,-0.057586268697486176,-1.7516983356504756,-0.29868623549170614,2.252533264416992,1.154904706820117,7.0,1.0,48.01499938964844,48.24300003051758,48.07600021362305,5.57,34.42,52.69,0.431,0.747,1.31,0,1,0
1777637020.4285128,3535.0319999999997,1.915815830230713,-0.059162441884176076,-1.7504571119891565,-0.2978909651385706,2.2549805641174316,1.1589947938919067,-0.29458823800086975,-0.22485601902008057,0.17289242148399353,0.0895269587635994,0.3153289258480072,0.571887195110321,-0.7736206650733948,3.950500965118408,0.1883120834827423,0.6056213974952698,0.3947754204273224,0.1906585842370987,0.4537148089816612,-0.573011310830603,1.0616809528235265,-0.8285265198007392,-0.46433220993637503,1.5910034466177816,-0.17660566307038145,0.03918684812276521,0.168229111217553,-0.29062389173444947,-0.1529382881804518,0.2472767094704968,1.9156562457421027,-0.059389362804779466,-1.7503631354038554,-0.29797090964377126,2.2550606311464962,1.1594700661363713,7.0,1.0,48.01499938964844,48.24300003051758,48.07600021362305,5.57,34.42,52.69,0.431,0.747,1.31,0,1,0
1777637020.4372113,3535.0319999999997,1.915815830230713,-0.059162441884176076,-1.7504571119891565,-0.2978909651385706,2.2549805641174316,1.1589947938919067,-0.29458823800086975,-0.22485601902008057,0.17289242148399353,0.0895269587635994,0.3153289258480072,0.571887195110321,-0.7736206650733948,3.950500965118408,0.1883120834827423,0.6056213974952698,0.3947754204273224,0.1906585842370987,0.4537148089816612,-0.573011310830603,1.0616809528235265,-0.8285265198007392,-0.46433220993637503,1.5910034466177816,-0.17660566307038145,0.03918684812276521,0.168229111217553,-0.29062389173444947,-0.1529382881804518,0.2472767094704968,1.9156562457421027,-0.059389362804779466,-1.7503631354038554,-0.29797090964377126,2.2550606311464962,1.1594700661363713,7.0,1.0,48.01499938964844,48.24300003051758,48.07600021362305,4.72,37.3,54.38,0.571,0.75,1.139,0,0,1
1777637020.4373813,3535.04,1.9135122299194336,-0.061030213032857716,-1.7490304152118128,-0.29712421098818,2.2575550079345703,1.1635009050369263,-0.29486945271492004,-0.22577640414237976,0.17354436218738556,0.08923933655023575,0.314408540725708,0.571887195110321,-0.8148193955421448,3.927612781524658,0.011209052987396717,0.6033783555030823,0.4396362900733948,0.2332763969898224,0.4523109764542313,-0.5726830451779295,1.0630592415361884,-0.8310429942666329,-0.4644966692132024,1.593190732789977,-0.17730843210445238,0.040365252478925404,0.16865334606255997,-0.29261103374956693,-0.15271274514596556,0.24570855583699616,1.913298313222341,-0.061196135769086446,-1.7490132702935064,-0.2972545333179273,2.257591249573398,1.1640390194291224,7.0,1.0,47.986000061035156,48.24300003051758,48.07600021362305,4.72,37.3,54.38,0.571,0.75,1.139,0,1,0
1777637020.4428685,3535.048,1.911220669746399,-0.06288654008974248,-1.7476394812213343,-0.2964404265033167,2.2600691318511963,1.1680301427841187,-0.29400020837783813,-0.22653061151504517,0.17245779931545258,0.08711093664169312,0.3140634000301361,0.5747250914573669,-0.7736206650733948,4.289246082305908,0.022418105974793434,0.6908569931983948,0.4755249619483948,0.2557068169116974,0.4509059836774531,-0.5722869786799981,1.064446437860456,-0.8336600239925379,-0.46453525322822997,1.5954231179011127,-0.17783705559293544,0.0447583063680721,0.16963823571895428,-0.2997210148063759,-0.15358742358795613,0.2474716511416465,1.9109427063272866,-0.06300659790064866,-1.7476487349161625,-0.29653704755593857,2.2601250491944187,1.1686116191822353,7.0,1.0,47.986000061035156,48.24300003051758,48.07600021362305,4.72,37.3,54.38,0.571,0.75,1.139,0,1,0
1777637020.450138,3535.056,1.908905029296875,-0.0646584669696253,-1.7462847868548792,-0.2957089583026331,2.262571096420288,1.1726077795028687,-0.2922361195087433,-0.22559744119644165,0.17245779931545258,0.08854904025793076,0.3185502886772156,0.574130654335022,-1.3595582246780396,4.005432605743408,0.2107301950454712,0.7603912949562073,0.4351502060890198,0.1951446682214737,0.4495108676203688,-0.5719398425883193,1.0657679449396114,-0.8362075300128436,-0.46456882379315806,1.5976523771186473,-0.1778381774186808,0.04489276848011489,0.1687470250152719,-0.2969344565752049,-0.15679841869915567,0.25033401528017885,1.9085894706390325,-0.0648207600472741,-1.7462695235036287,-0.29581839276215494,2.2626619595425006,1.1731879188446257,7.0,1.0,47.986000061035156,48.24300003051758,48.07600021362305,4.72,37.3,54.38,0.571,0.75,1.139,0,1,0
1777637020.457446,3535.064,1.9064809083938599,-0.06652671495546514,-1.7448819319354456,-0.2950499693499964,2.2650492191314697,1.177209734916687,-0.29400020837783813,-0.23022495210170746,0.17248335480690002,0.0898720994591713,0.31845441460609436,0.5766808986663818,-1.1032105684280396,4.371643543243408,0.2981607913970947,0.6056213974952698,0.4329071640968323,0.2377624809741974,0.44803222265909515,-0.5715586026936507,1.0671655895561594,-0.838896166577578,-0.4644481447732303,1.599823853804021,-0.18039906457208446,0.049430869213352616,0.17154183664310965,-0.30315231258534253,-0.15757962854818097,0.24941180480147515,1.9062386514145875,-0.06663863359608602,-1.7448756299143309,-0.2950985086979294,2.265201910190457,1.1777679728391326,7.0,1.0,47.986000061035156,48.27399826049805,48.07600021362305,4.72,37.3,54.38,0.571,0.75,1.139,0,1,0
1777637020.4645178,3535.0719999999997,1.9040933847427368,-0.0683830420123499,-1.7435029188739222,-0.29435474077333623,2.267599582672119,1.1818592548370361,-0.29327157139778137,-0.22798790037631989,0.17295633256435394,0.08711093664169312,0.32278791069984436,0.5737471580505371,-0.8880616426467896,4.344177722930908,0.4573293626308441,0.7088013291358948,0.3745880424976349,0.2130890041589737,0.44656208818843834,-0.5711438791833994,1.0685539298742563,-0.8416127087752687,-0.46440481266373734,1.6020693167818847,-0.1811335273430626,0.04829187184394501,0.17047967588300894,-0.30103560255002826,-0.16179765587104644,0.24959188394265885,1.9038902935813125,-0.06846023047527883,-1.7434670476247494,-0.2943773344760121,2.2677448307545163,1.1823518365714916,7.0,1.0,47.986000061035156,48.27399826049805,48.07600021362305,4.72,37.3,54.38,0.571,0.75,1.139,0,1,0
1777637020.4778056,3535.08,1.901669979095459,-0.07017928758730108,-1.7421000639544886,-0.2936351935016077,2.2701377868652344,1.1864367723464966,-0.29226168990135193,-0.22723369300365448,0.17835083603858948,0.09037064760923386,0.32269203662872314,0.5758947730064392,-0.9979249238967896,3.890991687774658,0.3968004584312439,0.8254395127296448,0.3656158745288849,0.1861725002527237,0.4450905234016654,-0.5708387251557827,1.0698884932188741,-0.8442069747590961,-0.46439972982011296,1.604187291641294,-0.1787090386156951,0.04398379343859937,0.16876720058321176,-0.294982333268931,-0.15855837478685816,0.25116689517476676,1.901544441732436,-0.07028556315586432,-1.7420437697207163,-0.29365480855493864,2.270290650897753,1.1869395664394007,7.0,1.0,47.986000061035156,48.27399826049805,48.07600021362305,4.72,37.3,54.38,0.571,0.75,1.139,0,1,0
1777637020.4875898,3535.0879999999997,1.8992457389831543,-0.07201129594911748,-1.7406132856952112,-0.2929275671588343,2.272615909576416,1.191050410270691,-0.2931309640407562,-0.22798790037631989,0.18198125064373016,0.0888366624712944,0.320122629404068,0.5749935507774353,-0.6820679306983948,4.367065906524658,0.2914353609085083,0.7245026230812073,0.4172058403491974,0.2489776909351349,0.4436411589592154,-0.5705501678721107,1.0712401624061303,-0.8467643038010827,-0.46432696332141765,1.6063209540453864,-0.17873141857275648,0.04243861060011196,0.16894977656320867,-0.29495704746622364,-0.15644755280010508,0.2475936759718697,1.8992011401226416,-0.07211464465342843,-1.740605788888578,-0.29293086873339824,2.2728393003334153,1.191531219841691,7.0,1.0,47.986000061035156,48.27399826049805,48.07600021362305,4.72,37.3,54.38,0.571,0.75,1.139,0,1,0
1777637020.4876635,3535.096,1.896774411201477,-0.07379562059511358,-1.7391141096698206,-0.29222041765321904,2.2750942707061768,1.195639967918396,-0.293859601020813,-0.22982867062091827,0.18288886547088623,0.09127186238765717,0.32186752557754517,0.5747634172439575,-0.5813599228858948,4.248047351837158,0.18158665299415588,0.5203858017921448,0.4889832139015198,0.2310333549976349,0.4421759127856172,-0.5703346632993269,1.0725559731351435,-0.8492704231633876,-0.4642601302256213,1.6083719738582227,-0.18011405643731884,0.04302120614572372,0.16954963369405124,-0.2940638459264669,-0.1576913678509344,0.24679570776164436,1.8968604326637297,-0.0739474885298872,-1.7391530974062306,-0.2922054521445805,2.275390708828134,1.1961268551875983,7.0,1.0,47.986000061035156,48.27399826049805,48.04600143432617,4.72,37.3,54.38,0.571,0.75,1.139,0,1,0
1777637020.4934592,3535.104,1.8944588899612427,-0.07556802431215459,-1.7377117315875452,-0.2914531866656702,2.277667999267578,1.2002171277999878,-0.29336103796958923,-0.22893385589122772,0.18214744329452515,0.08835729211568832,0.32294130325317383,0.5776588320732117,-0.1831054836511612,4.151916980743408,0.1860702782869339,0.7536621689796448,0.4463654160499573,0.1951446682214737,0.4407576322328832,-0.5699967645314048,1.073862115272241,-0.8518298061668197,-0.46435121963954823,1.6105625398689563,-0.18061826273842496,0.04571824507486237,0.16960541124973957,-0.2997228293496656,-0.1593579845349013,0.24886951601468438,1.8945223629203638,-0.075784108895248,-1.7376856871340047,-0.2914784952505185,2.2779448062050225,1.200726531906134,7.0,1.0,47.986000061035156,48.27399826049805,48.04600143432617,4.72,37.3,54.38,0.571,0.75,1.139,0,1,0
1777637020.5005546,3535.1119999999996,1.8921544551849365,-0.07738811174501592,-1.7362483183490198,-0.2907341162310999,2.280277967453003,1.2048187255859375,-0.2906382381916046,-0.23078741133213043,0.1844867616891861,0.0916937068104744,0.32510805130004883,0.5781957507133484,-0.2792358696460724,4.110718250274658,0.2847099304199219,0.7357178330421448,0.4127197563648224,0.1637420803308487,0.439334074617667,-0.5696343512700686,1.0752083186734351,-0.8544573752882471,-0.46444956981556573,1.612791302779806,-0.17954347578565566,0.046516685104064454,0.16997467621444123,-0.29712846718793584,-0.16014707402630102,0.25219497834168153,1.8921869741058874,-0.07762452040938594,-1.7362035495054178,-0.2907499338364081,2.2805015223466563,1.2053303104555642,7.0,1.0,48.04600143432617,48.27399826049805,48.04600143432617,4.72,37.3,54.38,0.571,0.75,1.139,0,1,0
1777637020.50821,3535.12,1.8898628950119019,-0.07925635973085576,-1.7349055449115198,-0.2899068037616175,2.2829720973968506,1.2093479633331299,-0.2902803122997284,-0.2270675152540207,0.18884582817554474,0.09809807687997818,0.32689130306243896,0.5789243578910828,-0.5172730088233948,3.721619129180908,0.3452388346195221,0.4800110459327698,0.3409424126148224,0.2534637749195099,0.43785320553286244,-0.5691705140004433,1.0765739032021024,-0.857164160259985,-0.4646264266010692,1.6149804903930318,-0.17713528241960708,0.03860630711797375,0.1657796038694441,-0.2847067517541374,-0.1572439254252993,0.25307239831504524,1.889854309078226,-0.07946873828382195,-1.7347066755177813,-0.29001970300491653,2.283060787197941,1.2099382523329902,7.0,1.0,48.04600143432617,48.27399826049805,48.04600143432617,4.72,37.3,54.38,0.571,0.75,1.139,0,1,0
1777637020.5150514,3535.1279999999997,1.887547254562378,-0.0810168425189417,-1.7332871595965784,-0.2891753355609339,2.285534143447876,1.213997483253479,-0.28978174924850464,-0.22861427068710327,0.1924634575843811,0.09265244007110596,0.323075532913208,0.5775629281997681,-0.7690430283546448,3.680420398712158,0.049319833517074585,0.4575806260108948,0.3588867485523224,0.3028106987476349,0.4364905165280055,-0.5689738257660617,1.0778626179590998,-0.8595908817329877,-0.4647492229775395,1.6171794457472601,-0.17692907746823253,0.03950223296981473,0.16724469533767808,-0.28909270969636636,-0.15587605683051645,0.24987428107623347,1.887524410335864,-0.08131677828352224,-1.7331950557226605,-0.28928773717048006,2.2856225307688574,1.2145504200840422,7.0,1.0,48.04600143432617,48.27399826049805,48.04600143432617,4.72,37.3,54.38,0.571,0.75,1.139,0,1,0
1777637020.5217693,3535.136,1.8853156566619873,-0.08278924623598272,-1.7317641417132776,-0.28842002550234014,2.2881081104278564,1.218754529953003,-0.2883244752883911,-0.23252592980861664,0.19401022791862488,0.09196215122938156,0.3178408145904541,0.5793653726577759,-0.7415772080421448,3.822327136993408,0.035868968814611435,0.6908569931983948,0.4755249619483948,0.1839294582605362,0.43515023840017153,-0.5686192569540076,1.0791646878276395,-0.8621450102806042,-0.4648350424077234,1.6195677668235298,-0.17633637979187045,0.044093711288273746,0.16947524569187897,-0.2959200139894484,-0.15269302735608248,0.2489741919777976,1.8851973200139027,-0.083168656728704,-1.731668680216183,-0.2885539700535755,2.28818668313709,1.2191668773126794,7.0,1.0,48.04600143432617,48.24300003051758,48.04600143432617,4.72,37.3,54.38,0.571,0.75,1.139,0,1,0
1777637020.529102,3535.144,1.8830599784851074,-0.08465701738466436,-1.7302773634540003,-0.2877729574786585,2.2906341552734375,1.2233197689056396,-0.2892960011959076,-0.23303724825382233,0.19210553169250488,0.09217306971549988,0.3164602518081665,0.5799214243888855,-0.8377075791358948,3.991699695587158,0.28246814012527466,0.6572113633155823,0.5944061875343323,0.2243042290210724,0.43373288635079765,-0.5681681590139688,1.080543120593852,-0.8648574412027822,-0.4647951491075431,1.6218039052867768,-0.17779040477189223,0.04679939223238075,0.16961212985084126,-0.29999074118137936,-0.15243033385995158,0.2468088135526088,1.8828730798802014,-0.0850243904966641,-1.7301275386291977,-0.2878183346749923,2.290753174450531,1.2237876886910997,7.0,1.0,48.04600143432617,48.24300003051758,48.04600143432617,4.72,37.3,54.38,0.571,0.75,1.139,0,1,0
1777637020.540875,3535.152,1.8807682991027832,-0.08647758165468389,-1.7287667433368128,-0.2869814077960413,2.2931840419769287,1.2279093265533447,-0.28771087527275085,-0.23523595929145813,0.1937417834997177,0.0937454029917717,0.31845441460609436,0.5773520469665527,-1.0803223848342896,3.886414051055908,0.43491125106811523,0.4912262558937073,0.5383301377296448,0.2534637749195099,0.43232422587139174,-0.5678298546427096,1.0818597142202198,-0.8673938650839759,-0.4648553388822723,1.6239781120492915,-0.17813183062408225,0.047691257438259776,0.17050400804117147,-0.29774447111806496,-0.15451741192417454,0.2468884341068342,1.880551731331597,-0.08688399702362748,-1.7285716201172825,-0.28708076335008315,2.2933219349296627,1.2284129199697642,7.0,1.0,48.04600143432617,48.24300003051758,48.04600143432617,4.72,37.3,54.38,0.571,0.75,1.139,0,1,0
1777637020.543891,3535.16,1.8784520626068115,-0.08836919466127569,-1.7272079626666468,-0.28622657457460576,2.295722246170044,1.232450246810913,-0.28783872723579407,-0.2359773814678192,0.1952374130487442,0.09161700308322906,0.3253956735134125,0.5801898837089539,-1.3183594942092896,3.996277332305908,0.33402976393699646,0.6347809433937073,0.5069275498390198,0.2377624809741974,0.430883462185333,-0.5674730320164821,1.0832242960266085,-0.8699792896404454,-0.46486832767619374,1.6260933567643008,-0.17993636804273092,0.04928380367624552,0.1716973463937271,-0.30051782309434133,-0.16052767202392432,0.25123782284268004,1.8782333153902075,-0.08874749430660778,-1.7270009133505813,-0.28634118768300443,2.295892894869816,1.2330426379875339,7.0,1.0,48.04600143432617,48.24300003051758,48.04600143432617,4.72,37.3,54.38,0.571,0.75,1.139,0,1,0
1777637020.5522773,3535.1679999999997,1.876076579093933,-0.09022552171816045,-1.7256248633014124,-0.28545934358705694,2.2982122898101807,1.2370398044586182,-0.289526104927063,-0.2346351444721222,0.20070861279964447,0.09315098822116852,0.32825273275375366,0.581973135471344,-1.0940552949905396,4.010010242462158,0.3676569163799286,0.6101074814796448,0.3880462944507599,0.2377624809741974,0.42943676475450776,-0.5671765823300585,1.0845583405549932,-0.872508020751968,-0.4648124742682556,1.6281745268307468,-0.1798506257368031,0.043490093306368216,0.1702128620316275,-0.2943237909324452,-0.16040143352631203,0.2513054838367351,1.8759178726998171,-0.09061490090530544,-1.7254154065034912,-0.28559953856094467,2.298465984643301,1.2376769106819232,7.0,1.0,48.04600143432617,48.24300003051758,48.06100082397461,4.72,37.3,54.38,0.571,0.75,1.139,0,1,0
1777637020.5586603,3535.176,1.8737245798110962,-0.09216529527773076,-1.7240303198443812,-0.28472787538637334,2.300774574279785,1.2417848110198975,-0.2897689640522003,-0.23454566299915314,0.20180796086788177,0.09644904732704163,0.3259517550468445,0.5826250910758972,-0.7095337510108948,3.982544422149658,0.14347587525844574,0.4575806260108948,0.4665527939796448,0.2467346489429474,0.4279737155408021,-0.5667421707692506,1.0859636634506258,-0.8752375926103634,-0.4647182669817561,1.63044361581369,-0.17939636428104302,0.04245015818253395,0.16908061587576934,-0.29235231704663434,-0.1573701657702303,0.24944711415620507,1.8736054435223433,-0.09248623594402261,-1.72381508724418,-0.28485574614833986,2.3010411347014132,1.242315807099471,7.0,1.0,48.04600143432617,48.24300003051758,48.06100082397461,4.72,37.3,54.38,0.571,0.75,1.139,0,1,0
1777637020.5679886,3535.1839999999997,1.8713730573654175,-0.09411746660341436,-1.7223876158343714,-0.2839606443988245,2.303312301635742,1.2465178966522217,-0.2896539270877838,-0.2351592630147934,0.20416006445884705,0.09127186238765717,0.3260476291179657,0.5829126834869385,-0.8056641221046448,4.257202625274658,0.19952113926410675,0.5181427597999573,0.4486084580421448,0.1973877102136612,0.42652337168315035,-0.5663445256671538,1.087363332871822,-0.877893581189952,-0.4646311715176437,1.6326794705192502,-0.18002102659257707,0.04376489616447264,0.17017982727377168,-0.29700920974619427,-0.1588001454807235,0.2489055410143897,1.8712960677343908,-0.09436151911360557,-1.7221999427239352,-0.28410973988108257,2.303618275576308,1.2469593974062263,7.0,1.0,48.01499938964844,48.24300003051758,48.06100082397461,4.72,37.3,54.38,0.571,0.75,1.139,0,1,0
1777637020.57218,3535.192,1.868985652923584,-0.09596187273134404,-1.7207930723773401,-0.2832415739642542,2.3058626651763916,1.2511310577392578,-0.28868240118026733,-0.2331395149230957,0.2053488940000534,0.09529855847358704,0.3271597623825073,0.5816663503646851,-0.6820679306983948,3.877258777618408,0.2107301950454712,0.7402039170265198,0.5181427597999573,0.1861725002527237,0.4250472532189853,-0.566030301721985,1.0886980695571151,-0.880516229268129,-0.4645796940358276,1.6347658107640681,-0.17910302892375013,0.04050757008487352,0.16779526139316972,-0.29007607783601086,-0.1581019483711955,0.24876721167828014,1.868989784823886,-0.09624077067342807,-1.720569959566343,-0.28336144846071676,2.3061973378827476,1.2516077528983585,7.0,1.0,48.01499938964844,48.24300003051758,48.06100082397461,4.72,37.3,54.38,0.571,0.75,1.139,0,1,0
1777637020.5744445,3535.192,1.868985652923584,-0.09596187273134404,-1.7207930723773401,-0.2832415739642542,2.3058626651763916,1.2511310577392578,-0.28868240118026733,-0.2331395149230957,0.2053488940000534,0.09529855847358704,0.3271597623825073,0.5816663503646851,-0.6820679306983948,3.877258777618408,0.2107301950454712,0.7402039170265198,0.5181427597999573,0.1861725002527237,0.4250472532189853,-0.566030301721985,1.0886980695571151,-0.880516229268129,-0.4645796940358276,1.6347658107640681,-0.17910302892375013,0.04050757008487352,0.16779526139316972,-0.29007607783601086,-0.1581019483711955,0.24876721167828014,1.868989784823886,-0.09624077067342807,-1.720569959566343,-0.28336144846071676,2.3061973378827476,1.2516077528983585,7.0,1.0,48.01499938964844,48.24300003051758,48.06100082397461,4.04,36.81,52.43,0.476,0.649,1.122,0,0,1
1777637020.628423,3535.2,1.8665614128112793,-0.09782964388002569,-1.7192462126361292,-0.2824977079974573,2.3083884716033936,1.2557801008224487,-0.2868672013282776,-0.2391476035118103,0.2056429088115692,0.09148278087377548,0.3265078067779541,0.5831428170204163,-0.4211426079273224,4.083252429962158,0.4192185699939728,0.6594544053077698,0.4373932480812073,0.2377624809741974,0.4235372354625269,-0.5656591853740374,1.09004407176747,-0.8831996057972075,-0.4644353636170681,1.6368556661345053,-0.18040569363376174,0.0491803815737854,0.17231141408981857,-0.3016678013968969,-0.1604419673156176,0.25030230785423546,1.8666866338867945,-0.09812401145339411,-1.7189251238562875,-0.2826107998486256,2.3087782523197142,1.2562609460128893,7.0,1.0,48.01499938964844,48.24300003051758,48.06100082397461,4.04,36.81,52.43,0.476,0.649,1.122,0,1,0
1777637020.666144,3535.2079999999996,1.8642698526382446,-0.0997698942767542,-1.717579189931051,-0.28181487718691045,2.3110342025756836,1.260440468788147,-0.28735294938087463,-0.2364887148141861,0.20857025682926178,0.09165535122156143,0.32689130306243896,0.5821840763092041,-0.4348755180835724,4.275513172149658,0.44163668155670166,0.6213226914405823,0.4553375840187073,0.2422485649585724,0.422079290629755,-0.5652403347043481,1.091450062217878,-0.8859528832975685,-0.46445991999240904,1.6390821361519303,-0.17991862774476125,0.044589794710547845,0.1701158225312458,-0.2965671859386273,-0.15959058499587686,0.24848533457242508,1.8643866536239266,-0.10001126285598794,-1.7172654211287792,-0.2818577212602067,2.3113609496718945,1.2609190503385461,7.0,1.0,48.01499938964844,48.25899887084961,48.06100082397461,4.04,36.81,52.43,0.476,0.649,1.122,0,1,0
1777637020.6681895,3535.216,1.8620257377624512,-0.10169774690736944,-1.7158644835101526,-0.28109485307802373,2.3137640953063965,1.2650896310806274,-0.2852053940296173,-0.2370639592409134,0.21244356036186218,0.09311263263225555,0.3299401104450226,0.5851753354072571,-0.7095337510108948,3.849792957305908,0.46853840351104736,0.8433838486671448,0.3992615044116974,0.1749572902917862,0.42064468052624615,-0.5648640374614632,1.0928414974482252,-0.8886552178469449,-0.46464226764916305,1.6413182325191173,-0.17870921843266604,0.04388670792050951,0.17010717478611453,-0.2947496273725221,-0.16071543311115555,0.25311997022572086,1.8620898823378287,-0.10190254685835498,-1.71559083635759,-0.2811021391590538,2.3139453608110236,1.2655821406267365,7.0,1.0,48.01499938964844,48.25899887084961,48.06100082397461,4.04,36.81,52.43,0.476,0.649,1.122,0,1,0
1777637020.668251,3535.2239999999997,1.859782099723816,-0.10357791582216436,-1.7141144911395472,-0.2803881804095667,2.316469430923462,1.269750714302063,-0.28564000129699707,-0.23795877397060394,0.21456556022167206,0.09324686229228973,0.3266036808490753,0.5845425724983215,-0.5035400986671448,4.399109363555908,0.32954615354537964,0.8411408066749573,0.4284210503101349,0.2400055229663849,0.419232161611255,-0.5645465852735124,1.0941992235548847,-0.8912962484248632,-0.4648238514699282,1.64354180173653,-0.17866116773654384,0.04343437098639179,0.17011305320689407,-0.29502122391013696,-0.15814985096836748,0.2496455101571248,1.8597963579297545,-0.10379788601442907,-1.713901353943709,-0.280343979251116,2.316531416697101,1.2702502928026556,7.0,1.0,48.01499938964844,48.25899887084961,48.06100082397461,4.04,36.81,52.43,0.476,0.649,1.122,0,1,0
1777637020.6683533,3535.232,1.8575743436813354,-0.1055062452899378,-1.7123635450946253,-0.27958470979799444,2.319127082824707,1.2744837999343872,-0.28418272733688354,-0.2381633073091507,0.21384970843791962,0.09769540280103683,0.32551074028015137,0.5818964242935181,-0.5355835556983948,4.298401355743408,0.27798449993133545,0.6751556992530823,0.4777680039405823,0.2489776909351349,0.4178474555150773,-0.5641740512493175,1.0955677409795868,-0.8939019737339079,-0.46496549264140424,1.645843526574299,-0.17828336396959193,0.04352581488844558,0.16906415175195647,-0.29109041021229487,-0.15714090554392102,0.24793535497478056,1.857506117896725,-0.10569730345709605,-1.7121969577036076,-0.2795831664788597,2.319119048379466,1.274923583976518,7.0,1.0,48.01499938964844,48.25899887084961,48.06100082397461,4.04,36.81,52.43,0.476,0.649,1.122,0,1,0
1777637020.670167,3535.24,1.8553187847137451,-0.10736209550966436,-1.7105887571917933,-0.2788894812213343,2.3217368125915527,1.27920401096344,-0.2840932607650757,-0.2378181666135788,0.21411815285682678,0.09182792901992798,0.3221551477909088,0.5887035131454468,-0.7873535752296448,4.124451160430908,0.4214603900909424,0.6639404892921448,0.5697327256202698,0.1839294582605362,0.4164542790889618,-0.5638689485471248,1.0969026439697254,-0.8965089886203914,-0.4650225863926173,1.6480839620100975,-0.1780252575504285,0.047857262683001306,0.1697279328792366,-0.3032982342005817,-0.15527510232380312,0.24967654271818882,1.855219199328676,-0.10760082290041062,-1.7104776308573033,-0.2788196250154362,2.3217081869977334,1.279602092454915,7.0,1.0,48.01499938964844,48.25899887084961,48.04600143432617,4.04,36.81,52.43,0.476,0.649,1.122,0,1,0
1777637020.6702435,3535.248,1.853087067604065,-0.10924226442445928,-1.7088382879840296,-0.27813417116274053,2.3242390155792236,1.2839246988296509,-0.2837608754634857,-0.2378181666135788,0.21616347134113312,0.09596967697143555,0.3232289254665375,0.5872270464897156,-1.0711671113967896,4.147339344024658,0.5290672779083252,0.917404294013977,0.5383301377296448,0.1727142482995987,0.4150850503343544,-0.5635210630842282,1.0982343379072679,-0.8990626102855495,-0.46497866381904873,1.65033265912601,-0.1778846313070992,0.045270921040814746,0.16864833659550393,-0.2971106762875064,-0.1550778528398975,0.24872503568591797,1.8529356389056841,-0.10950846864185948,-1.7087433560162335,-0.2780532782588221,2.3242987637825983,1.284285897752311,7.0,1.0,48.01499938964844,48.25899887084961,48.04600143432617,4.04,36.81,52.43,0.476,0.649,1.122,0,1,0
1777637020.6745718,3535.256,1.8508793115615845,-0.11115771928896123,-1.7070396582232874,-0.27723533311952764,2.3268370628356934,1.288585901260376,-0.2845662236213684,-0.2358495444059372,0.22196702659130096,0.09698593616485596,0.3271597623825073,0.5833537578582764,-1.0116578340530396,3.588867664337158,0.3250625431537628,0.7245026230812073,0.4777680039405823,0.1996307522058487,0.4137158348372343,-0.5632322203450525,1.0995628538192947,-0.9015014204728847,-0.4651468437006704,1.652510726438414,-0.17805930336177628,0.03740772779251608,0.1668458822737432,-0.28589894385349074,-0.15705914646083277,0.24652217997926143,1.8506554728952909,-0.111420265564667,-1.706994115170918,-0.27728404882599555,2.32689071005649,1.2889750806026579,7.0,1.0,48.0,48.25899887084961,48.04600143432617,4.04,36.81,52.43,0.476,0.649,1.122,0,1,0
1777637020.6747875,3535.2639999999997,1.8486113548278809,-0.1130145231830042,-1.7052529493915003,-0.2764800230609339,2.3293631076812744,1.2932581901550293,-0.28359469771385193,-0.23858514428138733,0.22491994500160217,0.09740778058767319,0.3308029770851135,0.5857122540473938,-0.9475709199905396,3.703308582305908,0.09863966703414917,0.6101074814796448,0.3521576225757599,0.2355194389820099,0.4123220900072928,-0.5629532214264854,1.1008744289992174,-0.9040194159566471,-0.4651427799016494,1.6546576010895668,-0.17869038739181242,0.03912755194935438,0.16854690785482265,-0.28734488474979214,-0.16002438901708355,0.24987740015065052,1.8483787371498994,-0.11333623914017199,-1.7052298896784173,-0.27651185854707894,2.329483957234095,1.2936697229711565,7.0,1.0,48.0,48.25899887084961,48.04600143432617,4.04,36.81,52.43,0.476,0.649,1.122,0,1,0
1777637020.674898,3535.272,1.8463196754455566,-0.11494237581361944,-1.7035024801837366,-0.2757371107684534,2.3319365978240967,1.2979549169540405,-0.2837608754634857,-0.24032366275787354,0.22255505621433258,0.09777209907770157,0.3285595178604126,0.5876872539520264,-1.0574342012405396,3.950500965118408,0.215213805437088,0.7312317490577698,0.4059906303882599,0.1816864162683487,0.41087274111692657,-0.5625688551625365,1.1022387858871674,-0.9066968434743607,-0.46508723709458827,1.6568309477899426,-0.1797861130881063,0.04412408705018561,0.16940602464761814,-0.29417174745142244,-0.15930019727381878,0.24887367660655102,1.8461054671042663,-0.11525641543024356,-1.7034506602495778,-0.275736628459506,2.3320784368227288,1.2983699080661437,7.0,1.0,48.0,48.25899887084961,48.04600143432617,4.04,36.81,52.43,0.476,0.649,1.122,0,1,0
1777637020.6797986,3535.2799999999997,1.8439677953720093,-0.11682254472841436,-1.7017396132098597,-0.2749574820147913,2.3344388008117676,1.3026995658874512,-0.28505197167396545,-0.2391987442970276,0.22125115990638733,0.0960272029042244,0.32495465874671936,0.5925384163856506,-0.8010864853858948,3.694153308868408,0.3721405565738678,0.6953430771827698,0.4486084580421448,0.2153320610523224,0.4094230896617983,-0.5622546984084329,1.1035592935734608,-0.909282230867201,-0.46495486335377884,1.6589605014305755,-0.1801621966238433,0.046611852748260615,0.1687259094179864,-0.30174541196837334,-0.15649729833154702,0.24787048883751053,1.8438356977730772,-0.11718082108976535,-1.7016564069360616,-0.2749582788021874,2.334674080422572,1.303075720351116,7.0,1.0,48.0,48.25899887084961,48.04600143432617,4.04,36.81,52.43,0.476,0.649,1.122,0,1,0
1777637020.6842566,3535.288,1.841652274131775,-0.11871463457216436,-1.6999767462359827,-0.2741778532611292,2.33701229095459,1.307516098022461,-0.2844511866569519,-0.2419726848602295,0.22491994500160217,0.0996704027056694,0.3252614438533783,0.5899306535720825,-0.5584717392921448,4.151916980743408,0.4483621120452881,0.5630035996437073,0.5495453476905823,0.2646789848804474,0.4079763976741305,-0.5618880810677019,1.1048928040502943,-0.911948761180381,-0.4648693825897847,1.6611885206973038,-0.1802199649526044,0.04519411628334001,0.16941056428132595,-0.29648453839279576,-0.156358450844566,0.24606137230674877,1.8415694637486073,-0.11910948336918192,-1.6998471091171545,-0.27417672900967993,2.337270819726755,1.3077872455568926,7.0,1.0,48.0,48.25899887084961,48.04600143432617,4.04,36.81,52.43,0.476,0.649,1.122,0,1,0
1777637020.6896107,3535.296,1.8393486738204956,-0.12066632906068975,-1.6981785933123987,-0.273351017628805,2.3396103382110596,1.3121644258499146,-0.2818434238433838,-0.24172981083393097,0.22376945614814758,0.09911433607339859,0.3302468955516815,0.5887418389320374,-0.6774902939796448,3.973389148712158,0.542518138885498,0.7043152451515198,0.4216919243335724,0.1996307522058487,0.4065098604636961,-0.5615485094849566,1.1062498455742966,-0.9145547227556555,-0.46488341336741723,1.6632645755311897,-0.18081935248116995,0.04767947540044572,0.16949380884091397,-0.29699196660033567,-0.16156933079874436,0.24943469865867904,1.8393067991984684,-0.12104243011711002,-1.6980227454863437,-0.27339189770636807,2.3398685865213036,1.3125045706939138,7.0,1.0,48.0,48.25899887084961,48.04600143432617,4.04,36.81,52.43,0.476,0.649,1.122,0,1,0
1777637020.689902,3535.3039999999996,1.8370087146759033,-0.12265474001039678,-1.6962836424456995,-0.27253562608827764,2.342268228530884,1.316933035850525,-0.28169000148773193,-0.24461880326271057,0.22977754473686218,0.0992102101445198,0.32871291041374207,0.5873996019363403,-0.7186890244483948,3.941345691680908,0.3743823766708374,0.6975861191749573,0.4373932480812073,0.3207550346851349,0.40502742640773715,-0.5612288332117824,1.1076346689315595,-0.9172052237467642,-0.4649109363467317,1.6654010230119776,-0.18045368472237105,0.045757434399676736,0.17073259474219454,-0.2944218830864126,-0.16013506647759107,0.24701208332912414,1.8370477378634456,-0.12297968978300755,-1.6961832940376667,-0.2726037027006605,2.34246731268493,1.3172277840646758,7.0,1.0,48.0,48.25899887084961,48.04600143432617,4.04,36.81,52.43,0.476,0.649,1.122,0,1,0
1777637020.6900666,3535.312,1.834668755531311,-0.12459451356996709,-1.6944249312030237,-0.2717202345477503,2.3449137210845947,1.3216896057128906,-0.28142157196998596,-0.24528352916240692,0.2363736629486084,0.10317938774824142,0.330400288105011,0.5873996019363403,-0.6225586533546448,4.023743152618408,0.28246814012527466,0.4934692978858948,0.3880462944507599,0.2803802788257599,0.4035452456801373,-0.5609193864590176,1.1089864670213696,-0.9198458940372859,-0.46492786358852595,1.6675163909315964,-0.1795477280444724,0.040272002845188615,0.17007838218716226,-0.28567942932113,-0.15942990177266703,0.24715308988970566,1.8347923130554127,-0.12492129141993136,-1.6943287320518214,-0.2718120609791912,2.3450669301886853,1.3219569752763132,7.0,1.0,48.0,48.25899887084961,48.06100082397461,4.04,36.81,52.43,0.476,0.649,1.122,0,1,0
1777637020.6905754,3535.3199999999997,1.8324366807937622,-0.12660628954042608,-1.6926024595843714,-0.27091724077333623,2.3475351333618164,1.326409935951233,-0.2810892164707184,-0.24234339594841003,0.23679549992084503,0.09692841023206711,0.3266036808490753,0.5946285128593445,-0.3250122368335724,3.881836414337158,0.22642286121845245,0.6302948594093323,0.4508515000343323,0.1973877102136612,0.4020926554389668,-0.5604650725733412,1.1103839055650737,-0.9225755274990383,-0.46491013098680073,1.6697199581874982,-0.17832269073938684,0.04240366859054587,0.1689819962410646,-0.29608498009387607,-0.15638572106396445,0.24906180051240276,1.8325405576553409,-0.12686726468735188,-1.692459036082039,-0.2710168887010411,2.347667371095456,1.3266922352533144,7.0,1.0,48.0,48.25899887084961,48.06100082397461,4.04,36.81,52.43,0.476,0.649,1.122,0,1,0
1777637020.7004292,3535.328,1.830241322517395,-0.12860614458192998,-1.6906960646258753,-0.27012616792787725,2.350229024887085,1.33116614818573,-0.27881380915641785,-0.2446955144405365,0.23728126287460327,0.09988132864236832,0.32551074028015137,0.5938615202903748,-0.6042481064796448,4.115295886993408,0.28022632002830505,0.7267456650733948,0.4979553818702698,0.2400055229663849,0.40066428020874956,-0.5600603381803668,1.1117766449902746,-0.9252863904922569,-0.4650107964148489,1.6719642792148475,-0.1777390835812201,0.04480784660117415,0.1696193862266632,-0.2958895691942918,-0.15583455330693333,0.2493025072289526,1.8302925041113898,-0.12881763985405392,-1.6905741819397022,-0.27021810119198086,2.3502685675593127,1.3314336562503817,7.0,1.0,48.0,48.25899887084961,48.06100082397461,4.04,36.81,52.43,0.476,0.649,1.122,0,1,0
1777637020.7050655,3535.336,1.8281174898147583,-0.13056975999941045,-1.6888373533831995,-0.2693112532245081,2.352874517440796,1.335886836051941,-0.2799515128135681,-0.24432478845119476,0.2381633073091507,0.10356287658214569,0.3240151107311249,0.5913112759590149,-0.7003784775733948,4.380798816680908,0.38559141755104065,0.5383301377296448,0.5405731797218323,0.3005676567554474,0.39927872455720526,-0.5596302421242726,1.1131373029839735,-0.9279531856731398,-0.4651120477708325,1.6742296339811809,-0.17825998745609256,0.042133444230986666,0.16828936475599993,-0.29064971383318133,-0.15424832054154464,0.24485523397680947,1.828048475380485,-0.1307721938875206,-1.6886743921841765,-0.26941571730076763,2.352870114204126,1.3361807154732783,7.0,1.0,47.986000061035156,48.25899887084961,48.06100082397461,4.04,36.81,52.43,0.476,0.649,1.122,0,1,0
1777637020.7099233,3535.344,1.8258858919143677,-0.13251001039613897,-1.6870024839984339,-0.26843578020204717,2.355388641357422,1.3407145738601685,-0.27881380915641785,-0.24364729225635529,0.23783093690872192,0.09871166944503784,0.3237658143043518,0.5920015573501587,-0.6637573838233948,3.826904773712158,0.4035258889198303,0.5293579697608948,0.5248718857765198,0.2444916069507599,0.3978710060649452,-0.5592251604405243,1.1144646413563017,-0.9305570159642386,-0.46500733573270375,1.6764682874384298,-0.17850364915428385,0.044949026140662235,0.16848642916205958,-0.29671057922259925,-0.1556100117435607,0.245307159263267,1.8258526363099155,-0.13269228978368375,-1.686797554587434,-0.26862557463881753,2.355420624503524,1.3408397151938094,7.0,1.0,47.986000061035156,48.25899887084961,48.06100082397461,4.04,36.81,52.43,0.476,0.649,1.122,0,1,0
1777637020.7178943,3535.352,1.823773980140686,-0.13447457948793584,-1.6850841681109827,-0.2676804701434534,2.3578667640686035,1.3453034162521362,-0.26053386926651,-0.2325642704963684,0.22748935222625732,0.09911433607339859,0.30817675590515137,0.5568350553512573,-0.01373291201889515,4.623413562774658,0.2376319169998169,0.8097382187843323,0.5136566758155823,0.1951446682214737,0.3965169048503161,-0.5588429021313458,1.1158153565053286,-0.9331102451823151,-0.46497907920117976,1.67860758825599,-0.16773941518628438,0.04149064749265774,0.15945837251563966,-0.2728734791872993,-0.14818316396770942,0.2333808270433751,1.8237462681835852,-0.1345412203474119,-1.684980472235015,-0.267862886686304,2.3578717018154407,1.345321994795381,7.0,1.0,47.986000061035156,48.25899887084961,48.06100082397461,4.04,36.81,52.43,0.476,0.649,1.122,0,1,0
1777637020.7192671,3535.352,1.823773980140686,-0.13447457948793584,-1.6850841681109827,-0.2676804701434534,2.3578667640686035,1.3453034162521362,-0.26053386926651,-0.2325642704963684,0.22748935222625732,0.09911433607339859,0.30817675590515137,0.5568350553512573,-0.01373291201889515,4.623413562774658,0.2376319169998169,0.8097382187843323,0.5136566758155823,0.1951446682214737,0.3965169048503161,-0.5588429021313458,1.1158153565053286,-0.9331102451823151,-0.46497907920117976,1.67860758825599,-0.16773941518628438,0.04149064749265774,0.15945837251563966,-0.2728734791872993,-0.14818316396770942,0.2333808270433751,1.8237462681835852,-0.1345412203474119,-1.684980472235015,-0.267862886686304,2.3578717018154407,1.345321994795381,7.0,1.0,47.986000061035156,48.25899887084961,48.06100082397461,4.35,36.11,50.78,0.456,0.57,1.266,0,0,1
1777637020.7236478,3535.3599999999997,1.8217220306396484,-0.13634235063661748,-1.68321401277651,-0.2670214811908167,2.359865427017212,1.3495802879333496,-0.24992382526397705,-0.22327090799808502,0.22173692286014557,0.09221142530441284,0.2969595193862915,0.5389833450317383,-0.2609253227710724,4.618835926055908,0.04259439930319786,0.7850647568702698,0.5719757676124573,0.2400055229663849,0.3952788627457916,-0.558530145472387,1.117079120118138,-0.9353408695904157,-0.464587598175786,1.6805118504319447,-0.16083608714463854,0.03995562156615538,0.1534724860410008,-0.2655990383829816,-0.14273124099446866,0.2267787282236972,1.8217289855341476,-0.13631852116514676,-1.6832247776027218,-0.2671280072780533,2.3602232318217293,1.3496269285683926,7.0,1.0,47.986000061035156,48.25899887084961,48.06100082397461,4.35,36.11,50.78,0.456,0.57,1.266,0,1,0
1777637020.730824,3535.368,1.8197660446166992,-0.1381147543536585,-1.6815827528582972,-0.2662423292743128,2.3623440265655518,1.3537492752075195,-0.23870019614696503,-0.21351735293865204,0.20738142728805542,0.089296855032444,0.28629833459854126,0.5114675760269165,-0.1602173000574112,4.733276844024658,0.17934484779834747,0.6302948594093323,0.5899201035499573,0.2915954887866974,0.3939552481376253,-0.5581357364500544,1.118298642029629,-0.9378095906088632,-0.4647501897735085,1.6824197650268404,-0.15591100848556,0.04153841982472967,0.14660941206603592,-0.2547966877451674,-0.14038176166129931,0.21504669993398318,1.8198004113643271,-0.1380237442597423,-1.6815320391999773,-0.26642128655212094,2.3624751168543767,1.3537539048469605,7.0,1.0,47.986000061035156,48.25899887084961,48.06100082397461,4.35,36.11,50.78,0.456,0.57,1.266,0,1,0
1777637020.7389126,3535.3759999999997,1.8179185390472412,-0.13968354860414678,-1.6799405256854456,-0.2655585447894495,2.3644986152648926,1.357667088508606,-0.22737430036067963,-0.20174404978752136,0.1969759166240692,0.08559612929821014,0.27193644642829895,0.49261876940727234,-0.1373291164636612,4.797363758087158,0.4797474443912506,0.8030090928077698,0.5719757676124573,0.2489776909351349,0.39278537445404343,-0.5579332218056962,1.1193741188900743,-0.9399004030801552,-0.4648124424935619,1.684153292008289,-0.14806557997220435,0.040459655073880094,0.13845016689827572,-0.2463121616674451,-0.13223593453214158,0.20705314978762288,1.8179601800028635,-0.13965645616912958,-1.679903762510686,-0.26574307230931726,2.3646272733462474,1.3577023242246848,7.0,1.0,47.986000061035156,48.25899887084961,48.06100082397461,4.35,36.11,50.78,0.456,0.57,1.266,0,1,0
1777637020.747779,3535.384,1.8161066770553589,-0.1412881056415003,-1.6783455053912562,-0.2648876349078577,2.366593599319458,1.3614765405654907,-0.2158055305480957,-0.19087834656238556,0.19265520572662354,0.08266238868236542,0.25607892870903015,0.46809425950050354,-0.2426147758960724,4.714966297149658,0.49095651507377625,0.7873077988624573,0.5742188096046448,0.3252411186695099,0.3916166361234415,-0.5576622820171118,1.1204681374272243,-0.9420119452631364,-0.4648123060415685,1.6858402809325688,-0.1389092552861101,0.03307150128151459,0.13032282318273447,-0.22788276613237113,-0.12216597867521901,0.19522473726029557,1.8162079378009508,-0.14121623842052866,-1.678341389651993,-0.2650937085366669,2.366679630513976,1.3614716011053778,7.0,1.0,47.986000061035156,48.25899887084961,48.06100082397461,4.35,36.11,50.78,0.456,0.57,1.266,0,1,0
1777637020.752138,3535.392,1.814390778541565,-0.14274865785707647,-1.6768110434161585,-0.26419192949403936,2.368544578552246,1.365035057067871,-0.20513159036636353,-0.17913061380386353,0.18695391714572906,0.08032307028770447,0.24536022543907166,0.4489961862564087,-0.1556396633386612,4.312134265899658,0.22193925082683563,0.6818848252296448,0.4508515000343323,0.3274841606616974,0.3905352012107107,-0.5575136636621314,1.1214511135812282,-0.9438507469149169,-0.46488165900670925,1.6873510525430446,-0.13101296365365497,0.026870459016242854,0.1221124178406094,-0.2123449756808972,-0.11558513655054051,0.18841341374830683,1.8145433437686482,-0.1427026880223199,-1.6768462990145352,-0.26447353394461004,2.368632129109606,1.3650611652510718,7.0,1.0,47.986000061035156,48.25899887084961,48.06100082397461,4.35,36.11,50.78,0.456,0.57,1.266,0,1,0
1777637020.759977,3535.3999999999996,1.8127949237823486,-0.1441739241229456,-1.6752875486956995,-0.2636049429522913,2.3703763484954834,1.3686288595199585,-0.19481556117534637,-0.17151184380054474,0.1795268952846527,0.07570195198059082,0.23598377406597137,0.42418405413627625,-0.1235962063074112,4.408264636993408,-0.06052888557314873,0.5742188096046448,0.4800110459327698,0.2063598781824112,0.3895437139631677,-0.5572896848510025,1.1224219167340113,-0.945711722714645,-0.4648257786885634,1.6890171068411608,-0.1255809012446305,0.02506190046071924,0.11693952206465436,-0.19986118231124061,-0.11294679336115122,0.17851507776319084,1.812966070167336,-0.1441154179531896,-1.6754198048948288,-0.2638828805445179,2.3704847202333372,1.3684704633020965,7.0,1.0,47.986000061035156,48.25899887084961,48.06100082397461,4.35,36.11,50.78,0.456,0.57,1.266,0,1,0
1777637020.7663555,3535.408,1.8112471103668213,-0.145515267048971,-1.6739447752581995,-0.26307708421816045,2.372243642807007,1.3719353675842285,-0.18324679136276245,-0.16269144415855408,0.16924922168254852,0.0703713670372963,0.22338595986366272,0.4011743366718292,0.02288818545639515,4.353332996368408,-0.053803451359272,0.7289887070655823,0.5876770615577698,0.2736511528491974,0.38852209596260157,-0.5570291985829482,1.1233499622658736,-0.9476298785719229,-0.4648452886294569,1.6905055888224725,-0.11891319362661511,0.025844003717437877,0.11102838248470649,-0.1917155569502899,-0.10780546604157146,0.16942620812419362,1.811475803060281,-0.14545405764573527,-1.6740631571227071,-0.2633220722703715,2.3722373642068457,1.3716989602634053,7.0,1.0,48.01499938964844,48.25899887084961,48.06100082397461,4.35,36.11,50.78,0.456,0.57,1.266,0,1,0
1777637020.7752898,3535.4159999999997,1.8098673820495605,-0.14666492143739873,-1.6726859251605433,-0.26245385805238897,2.3740274906158447,1.3750501871109009,-0.17138400673866272,-0.15240100026130676,0.15656830370426178,0.06939345598220825,0.2080269753932953,0.37900832295417786,-0.2929687798023224,4.403687000274658,0.12105777114629745,0.7962799668312073,0.3745880424976349,0.2557068169116974,0.38763175839319775,-0.5568987401542047,1.124131870816782,-0.9492350534376134,-0.465072488644943,1.6919132894575963,-0.11115672392261754,0.026135719389688047,0.10337318964226158,-0.18137966182783133,-0.09940723527034179,0.1598588073180533,1.8100722428232157,-0.14671825346188427,-1.6727775406866474,-0.2627914236481619,2.373890029506713,1.374746140951594,7.0,1.0,48.01499938964844,48.25899887084961,48.06100082397461,4.35,36.11,50.78,0.456,0.57,1.266,0,1,0
1777637020.781401,3535.424,1.8085113763809204,-0.14781409898866826,-1.6714871565448206,-0.26195079485048467,2.375619888305664,1.3779135942459106,-0.16077397763729095,-0.14124128222465515,0.14805471897125244,0.0631808340549469,0.1984395980834961,0.35553839802742004,-0.0595092847943306,3.877258777618408,0.17261941730976105,0.6773987412452698,0.3858032524585724,0.2377624809741974,0.3867542966955162,-0.5567329710276889,1.1249157595595225,-0.9508078167534696,-0.46510751314762266,1.6931570123217248,-0.1047787156037798,0.022711269776668236,0.09632864883266641,-0.16891168310447824,-0.09604198750175205,0.15118089288891914,1.8087551046167387,-0.14790766915763243,-1.6715640753598588,-0.26229123851645664,2.3754426917575455,1.3776115113972338,7.0,1.0,48.01499938964844,48.28900146484375,48.06100082397461,4.35,36.11,50.78,0.456,0.57,1.266,0,1,0
1777637020.7915702,3535.432,1.8072634935379028,-0.14888030687441045,-1.67033559480776,-0.2614229361163538,2.3771040439605713,1.3805726766586304,-0.1505218744277954,-0.134734645485878,0.14037202298641205,0.061225008219480515,0.18016605079174042,0.33350661396980286,0.009155274368822575,4.000854969024658,0.10088147222995758,0.6280518174171448,0.4957123398780823,0.1929016262292862,0.385956358895977,-0.5566279770038546,1.1256317196769892,-0.952183084545894,-0.46521124934603975,1.694293293545546,-0.09701863137436507,0.0219545280489961,0.0909177263035146,-0.15887928387537242,-0.08495480419639218,0.13885345915973285,1.8075241188222788,-0.14902198633468888,-1.6704238153299427,-0.2618218088014199,2.3768953327843843,1.3802946001973018,7.0,1.0,48.01499938964844,48.28900146484375,48.06100082397461,4.35,36.11,50.78,0.456,0.57,1.266,0,1,0
1777637020.7963443,3535.44,1.806135892868042,-0.14994603792299444,-1.6692689100848597,-0.2610395590411585,2.378612518310547,1.3831005096435547,-0.13805827498435974,-0.1263105422258377,0.13380147516727448,0.055990301072597504,0.1710772067308426,0.3082534372806549,-0.2700805962085724,4.335022449493408,-0.038110777735710144,0.5114136338233948,0.3342132866382599,0.2826233208179474,0.3851781913076253,-0.5563892416139652,1.126372332766487,-0.9537252765515365,-0.4653115660640289,1.695478843809839,-0.08991130441454363,0.019222114439537377,0.08540862140969578,-0.14460629283239007,-0.08215681941395327,0.13132814839443915,1.8063790314432528,-0.1500609048767334,-1.6693577488348934,-0.2613834133494519,2.378247939724044,1.3827949598127143,7.0,1.0,48.01499938964844,48.28900146484375,48.06100082397461,4.35,36.11,50.78,0.456,0.57,1.266,0,1,0
1777637020.8029315,3535.448,1.8050438165664673,-0.1509640852557581,-1.668237034474508,-0.26061946550478154,2.3798933029174805,1.3853647708892822,-0.13037559390068054,-0.11860228329896927,0.12366442382335663,0.051714327186346054,0.15309128165245056,0.28735294938087463,0.0823974683880806,4.289246082305908,-0.035868968814611435,0.5428162217140198,0.5203858017921448,0.2422485649585724,0.3844584025455291,-0.5562361843213931,1.1270554101847277,-0.9549955932092742,-0.4653402477975432,1.696440428661311,-0.08390212549418614,0.019502987069261388,0.07975200532293815,-0.13872607777643284,-0.07187395544880856,0.11737775958411921,1.8053196044729867,-0.1510241433681383,-1.668366797808157,-0.2609763168204289,2.3795005041950508,1.3851121678061546,7.0,1.0,48.01499938964844,48.28900146484375,48.06100082397461,4.35,36.11,50.78,0.456,0.57,1.266,0,1,0
1777637020.809744,3535.4559999999997,1.8039880990982056,-0.15194636980165654,-1.6673019568072718,-0.260200325642721,2.3810787200927734,1.3875688314437866,-0.11949710547924042,-0.10957736521959305,0.11368076503276825,0.04632622003555298,0.1425643414258957,0.26290515065193176,0.0274658240377903,4.353332996368408,-0.11209052801132202,0.6527252793312073,0.3835602104663849,0.2960815727710724,0.38376300600265806,-0.5560326798545733,1.127710035988184,-0.9562457332855938,-0.46527696851297023,1.6973941399798296,-0.07780165299768343,0.018806714533237574,0.0739160959650734,-0.12811503452307627,-0.06833994559281847,0.10818258540266765,1.8043456162308527,-0.15191143949306518,-1.6674518175353716,-0.2606007686444052,2.3806530215258754,1.3872458280156383,7.0,1.0,48.01499938964844,48.28900146484375,48.04600143432617,4.35,36.11,50.78,0.456,0.57,1.266,0,1,0
1777637020.817092,3535.464,1.8031599521636963,-0.15279657045473272,-1.666462246571676,-0.2598765532123011,2.3821678161621094,1.389521837234497,-0.10748092085123062,-0.10275115072727203,0.10339030623435974,0.041916027665138245,0.1260165274143219,0.23999129235744476,-0.1098632961511612,4.714966297149658,-0.08967242389917374,0.6527252793312073,0.5338440537452698,0.2871094048023224,0.383199715195977,-0.5558236034597684,1.1282873882379734,-0.9573830609431316,-0.46530625305021006,1.698339239649488,-0.07002558136412455,0.021095981550571782,0.06891867525318435,-0.121367279657158,-0.059785011935735675,0.09817024705668365,1.8034568616679956,-0.1527225504130474,-1.6666135963253073,-0.26025700204442614,2.3817054900411936,1.3891955716594895,7.0,1.0,48.01499938964844,48.28900146484375,48.04600143432617,4.35,36.11,50.78,0.456,0.57,1.266,0,1,0
1777637020.8242588,3535.4719999999998,1.8023563623428345,-0.15355045000185186,-1.6656950155841272,-0.2596247831927698,2.3831732273101807,1.3913307189941406,-0.09683253616094589,-0.09194936603307724,0.09275470674037933,0.03739078342914581,0.11305438727140427,0.21721167862415314,0.0549316480755806,4.797363758087158,-0.09639785438776016,0.6661835312843323,0.5271149277687073,0.0986938551068306,0.3826591683326808,-0.5556498383047299,1.1288086356896294,-0.9584625954731135,-0.4652926643785277,1.6991872235424899,-0.06296298090524209,0.019286521745260743,0.06171609226641071,-0.1105208477314733,-0.05340806905075952,0.08866156473961244,1.802653152643911,-0.15345725312121772,-1.6658528551974392,-0.2599452331279508,2.3826579104059347,1.3909610583686753,7.0,1.0,48.01499938964844,48.28900146484375,48.04600143432617,4.35,36.11,50.78,0.456,0.57,1.266,0,1,0
1777637020.831974,3535.48,1.8016600608825684,-0.1542571226703089,-1.664999787007467,-0.25932532945741826,2.3839993476867676,1.3929482698440552,-0.08714289218187332,-0.07874435186386108,0.0808919221162796,0.032999761402606964,0.10187549889087677,0.19504566490650177,0.02288818545639515,4.614258289337158,-0.08967242389917374,0.5854340195655823,0.4216919243335724,0.2691650688648224,0.3822051024319244,-0.5554859119858199,1.1292771816459997,-0.9593396293725514,-0.4652512720428319,1.699950247430022,-0.056468322406866965,0.015918885121424406,0.05316362341475959,-0.0984568423029919,-0.04813484120088785,0.07947706838981144,1.801934318175059,-0.15411534477154376,-1.6651702475884225,-0.25966566004921354,2.3835102850269,1.3925419771426972,7.0,1.0,48.029998779296875,48.28900146484375,48.04600143432617,4.35,36.11,50.78,0.456,0.57,1.266,0,1,0
1777637020.8404944,3535.488,1.8010118007659912,-0.1548684279071253,-1.6644004026996058,-0.25904924074281865,2.384777784347534,1.3943136930465698,-0.0770186185836792,-0.06693269312381744,0.07209710031747818,0.03129320964217186,0.08596044778823853,0.16996507346630096,0.0595092847943306,4.696655750274658,-0.038110777735710144,0.5203858017921448,0.5001984238624573,0.2938385307788849,0.38177015842297196,-0.5553758189343242,1.1296834954452728,-0.9601130798900108,-0.4652759859109241,1.7005347356222063,-0.04827546026334996,0.0096380516581119,0.04459061056959076,-0.0807918510639902,-0.03825237293793442,0.06673113579724202,1.8013002046565785,-0.15469664298150754,-1.6645663590796094,-0.2594184622446347,2.384262617511768,1.3939380472255447,7.0,1.0,48.029998779296875,48.28900146484375,48.04600143432617,4.35,36.11,50.78,0.456,0.57,1.266,0,1,0
1777637020.8462913,3535.4959999999996,1.8004242181777954,-0.15545493761171514,-1.663896385823385,-0.2588093916522425,2.385388135910034,1.3955596685409546,-0.06505356729030609,-0.05916052684187889,0.06320001184940338,0.028014324605464935,0.07679491490125656,0.14954395592212677,-0.1235962063074112,4.962158679962158,-0.08743061125278473,0.4620667099952698,0.5988922715187073,0.2579498589038849,0.3813818178417262,-0.5552018758854506,1.1300678823071397,-0.9608384863583775,-0.4651473331246038,1.7010928471157458,-0.041345896059521964,0.009860299554760664,0.039394061766741685,-0.07094065568533456,-0.03467138042935675,0.06192922472936779,1.8007506760580845,-0.15520098610683153,-1.6640417071475975,-0.2592037997432399,2.3849149121853177,1.3951490188984932,7.0,1.0,48.029998779296875,48.25899887084961,48.04600143432617,4.35,36.11,50.78,0.456,0.57,1.266,0,1,0
1777637020.853457,3535.504,1.800040364265442,-0.1558621565448206,-1.6633928457843226,-0.25866586366762334,2.3859150409698486,1.3966734409332275,-0.05463528260588646,-0.04821813106536865,0.052372660487890244,0.02028689719736576,0.06703495979309082,0.12319783121347427,-0.3250122368335724,5.067444324493408,-0.05828707292675972,0.4351502060890198,0.4979553818702698,0.2355194389820099,0.38114912440516757,-0.5551285018048284,1.1303469705107045,-0.9613751147167421,-0.4651549005409107,1.7016906445656972,-0.035598651524462004,0.00788398364280524,0.032839387826668835,-0.05963258570765949,-0.03226569572937374,0.05175503604547983,1.8002856140944155,-0.15562823348699695,-1.663596740939611,-0.2590218125538275,2.385467173662733,1.3961746741868533,7.0,1.0,48.029998779296875,48.25899887084961,48.04600143432617,4.35,36.11,50.78,0.456,0.57,1.266,0,1,0
1777637020.8602576,3535.5119999999997,1.7996201515197754,-0.15623313585390264,-1.663008991871969,-0.2585099379168909,2.3863697052001953,1.397536277770996,-0.04343722388148308,-0.038835279643535614,0.04256796836853027,0.01532063353806734,0.05535753443837166,0.10273836553096771,-0.1968383938074112,4.847717761993408,-0.07397975027561188,0.3925323784351349,0.3611297905445099,0.3992615044116974,0.3808794207908739,-0.5550745904441834,1.1305940823248075,-0.9618435368555615,-0.46512773320602757,1.7020486050052737,-0.028450105921739723,0.007600288535841774,0.02676285730575011,-0.05116623251061305,-0.026773919774288116,0.04498002182443407,1.7999049183721092,-0.15597826566042006,-1.6632318410753442,-0.2588726201304352,2.385919406479865,1.3970148274780778,7.0,1.0,48.029998779296875,48.25899887084961,48.04600143432617,4.35,36.11,50.78,0.456,0.57,1.266,0,1,0
1777637020.8623772,3535.5119999999997,1.7996201515197754,-0.15623313585390264,-1.663008991871969,-0.2585099379168909,2.3863697052001953,1.397536277770996,-0.04343722388148308,-0.038835279643535614,0.04256796836853027,0.01532063353806734,0.05535753443837166,0.10273836553096771,-0.1968383938074112,4.847717761993408,-0.07397975027561188,0.3925323784351349,0.3611297905445099,0.3992615044116974,0.3808794207908739,-0.5550745904441834,1.1305940823248075,-0.9618435368555615,-0.46512773320602757,1.7020486050052737,-0.028450105921739723,0.007600288535841774,0.02676285730575011,-0.05116623251061305,-0.026773919774288116,0.04498002182443407,1.7999049183721092,-0.15597826566042006,-1.6632318410753442,-0.2588726201304352,2.385919406479865,1.3970148274780778,7.0,1.0,48.029998779296875,48.25899887084961,48.04600143432617,4.09,34.85,50.16,0.375,0.5,1.282,0,0,1
1777637020.8675668,3535.52,1.7993202209472656,-0.1565325895892542,-1.6627333799945276,-0.2583544890033167,2.3867883682250977,1.3982429504394531,-0.03383706137537956,-0.029286250472068787,0.03075631521642208,0.010737866163253784,0.041014812886714935,0.0802847221493721,-0.0274658240377903,4.646301746368408,-0.06052888557314873,0.3970184624195099,0.3117828667163849,0.1929016262292862,0.38066743690395977,-0.5549936651443941,1.130793336191104,-0.9622560540846411,-0.465171168320547,1.70238360546774,-0.022044815954924128,0.007627706724377296,0.02033937587966511,-0.043069104645816474,-0.019646492486859214,0.0341324874674067,1.799608506512273,-0.1562509845483122,-1.6629473194767002,-0.2587563209174615,2.3862716147803544,1.397669326048976,7.0,1.0,48.029998779296875,48.25899887084961,48.04600143432617,4.09,34.85,50.16,0.375,0.5,1.282,0,1,0
1777637020.8753111,3535.528,1.7991044521331787,-0.15671235719789678,-1.662553612385885,-0.25831824937929326,2.3869922161102295,1.3987579345703125,-0.02316311001777649,-0.020146280527114868,0.021514080464839935,0.008360195904970169,0.02580922655761242,0.055875252932310104,-0.0503540076315403,4.664612293243408,-0.1614103615283966,0.4104767143726349,0.3611297905445099,0.1614990383386612,0.3805360166194912,-0.5549246196113599,1.1309201711021215,-0.9625530964249277,-0.465065892940141,1.702645149788569,-0.014347365225508137,0.0048700586645894234,0.013659300240689516,-0.02933689060497529,-0.011062553382501613,0.02280916039186217,1.799396314250419,-0.1564463136063896,-1.6627434192266524,-0.25867299197558147,2.3865238020595307,1.3981380505001055,7.0,1.0,48.029998779296875,48.25899887084961,48.04600143432617,4.09,34.85,50.16,0.375,0.5,1.282,0,1,0
1777637020.928467,3535.536,1.7989482879638672,-0.15688020387758428,-1.6623619238482874,-0.25827056566347295,2.3871476650238037,1.3990814685821533,-0.010418286547064781,-0.01002200786024332,0.010431069880723953,0.003930825740098953,0.007286408916115761,0.030545393005013466,0.2517700493335724,4.843140125274658,-0.3497224450111389,0.3633728325366974,0.3095398247241974,0.1996307522058487,0.380441514804379,-0.554913849050859,1.1310304060770229,-0.9627128413937985,-0.4650466508357516,1.7027781756591505,-0.005114993397685933,0.004039413204679782,0.0064867154297267235,-0.01836728471881445,-0.00047146599719723615,0.01139385706067124,1.79926829551373,-0.1565641979437542,-1.6626203144582448,-0.2586226886894156,2.3866759709650176,1.3984209150957543,7.0,1.0,48.029998779296875,48.25899887084961,48.04600143432617,4.09,34.85,50.16,0.375,0.5,1.282,0,1,0
1777637020.9286046,3535.544,1.7989482879638672,-0.1569159666644495,-1.6623738447772425,-0.25828248659242803,2.3871355056762695,1.399153470993042,-0.0033108419738709927,-0.0033364081755280495,0.00869255792349577,0.0019750003702938557,0.0044293696992099285,0.006442719604820013,0.7690430283546448,5.104065418243408,-0.44163668155670166,0.2803802788257599,0.3072967827320099,0.008972168900072575,0.38043785829258386,-0.5548432127273156,1.1310554529792254,-0.9627871533196422,-0.4649668410749592,1.702859061908229,-0.001209286782338157,-0.0045413732789609295,0.002012444448920737,0.002953703408361039,-0.0010893956634694855,0.0027190594689087476,1.7992244224761207,-0.15660460440840662,-1.6625781102745405,-0.25860544455767,2.3867281231540027,1.398517868008274,7.0,1.0,48.029998779296875,48.25899887084961,48.04600143432617,4.09,34.85,50.16,0.375,0.5,1.282,0,1,0
1777637020.929719,3535.5519999999997,1.7990086078643799,-0.15682012239565069,-1.662422005330221,-0.2583664099322718,2.3870997428894043,1.399033546447754,0.015672171488404274,0.014675083570182323,-0.01998010091483593,-0.007516506128013134,-0.021168936043977737,-0.023661654442548752,0.1373291164636612,5.204773426055908,-0.8025681972503662,0.2983246147632599,0.1211242824792862,0.1009368970990181,0.38047606667191186,-0.5548769033867317,1.1310054196038104,-0.9627492680670613,-0.46499097927677246,1.7028145923640485,0.010530242217442917,0.00526696079018798,-0.009482057518132829,0.001895569918184535,0.01138256856644007,-0.008811103234690898,1.799195748977344,-0.1566064067627737,-1.6625864995058706,-0.25862231217279064,2.3867984541982747,1.3985293000392522,7.0,1.0,48.029998779296875,48.25899887084961,48.04600143432617,4.09,34.85,50.16,0.375,0.5,1.282,0,1,0
1777637020.930988,3535.56,1.7990446090698242,-0.1567605177508753,-1.6624816099749964,-0.25837833086122686,2.3872435092926025,1.3990216255187988,-0.021565213799476624,0.0027867318131029606,-0.005969741847366095,-0.01787087693810463,0.024160197004675865,0.011811652220785618,-0.5035400986671448,4.769897937774658,-0.5380345582962036,0.0358886756002903,0.1031799390912056,0.0,0.3804619482906352,-0.5548702146149461,1.1309814857358824,-0.9628347665452281,-0.4651505891279566,1.7028406134732452,-0.01883232806037062,0.0035697205359581994,0.0032614368786992682,-0.02491158046065618,-0.023617354763426114,-0.002861729372847728,1.7991072699462813,-0.15661193001539697,-1.6626124399298847,-0.2586744322037511,2.387015565769171,1.3985644488169975,7.0,1.0,47.986000061035156,48.25899887084961,48.04600143432617,4.09,34.85,50.16,0.375,0.5,1.282,0,1,0
1777637020.932091,3535.5679999999998,1.7989846467971802,-0.1568082014666956,-1.66254169145693,-0.2585819403277796,2.3874707221984863,1.3990216255187988,-0.019571037963032722,-0.004550809971988201,-0.021373465657234192,-0.01852281764149666,0.041916027665138245,-0.0017449031583964825,-0.9201050996780396,5.410767078399658,-0.6658177375793457,0.1211242824792862,0.4620667099952698,0.008972168900072575,0.3803357615486769,-0.5547266604631034,1.1310623122901595,-0.9632522424008074,-0.46514350975461666,1.7028738601995965,-0.027719191852284986,0.021137136753700058,0.009331247730582092,-0.0334377525482729,-0.04613048945198187,-0.00038604908675028693,1.7989589609705334,-0.15662123188352162,-1.662655848342327,-0.2587618377813934,2.387379531355616,1.398623299979637,7.0,1.0,47.986000061035156,48.24300003051758,48.04600143432617,4.09,34.85,50.16,0.375,0.5,1.282,0,1,0
1777637020.93292,3535.576,1.7988524436950684,-0.15677196184267217,-1.6625779310809534,-0.25865394273866826,2.3878657817840576,1.3991174697875977,-0.02660178393125534,0.006442719604820013,-0.0068517811596393585,-0.02274126559495926,0.057984475046396255,0.02467791736125946,-0.8514404892921448,4.142761707305908,-0.7308302521705627,0.0874786451458931,0.5114136338233948,0.0717773512005806,0.38017200310069393,-0.5547333281316824,1.1310823371148089,-0.9635912220639838,-0.46537656545731554,1.7028645366597752,-0.028347037842109547,0.003804841606459765,0.004444710555144065,-0.030282247046563758,-0.05090568711493993,0.01618340759344057,1.7987508365188911,-0.15663437780742928,-1.662716609775046,-0.2588845837660152,2.3878903792679083,1.3987057485465693,7.0,1.0,47.986000061035156,48.24300003051758,48.04600143432617,4.09,34.85,50.16,0.375,0.5,1.282,0,1,0
1777637020.9349782,3535.584,1.7987565994262695,-0.15678435960878545,-1.6625898520099085,-0.2589057127581995,2.3884167671203613,1.3991174697875977,-0.03157443925738335,-0.005841910373419523,-0.024415861815214157,-0.0262310728430748,0.07771530002355576,0.004716990981251001,-1.4419556856155396,5.914307117462158,-1.405615210533142,0.1031799390912056,0.4665527939796448,0.1502838283777237,0.3799645474430289,-0.5546683535868575,1.1311710576258585,-0.9641650450905551,-0.4656932058040034,1.702859051458292,-0.04381101071399717,0.02455842204669861,0.01413519527602519,-0.04305464611244121,-0.07834236098488316,0.008835059137471405,1.7984829168667333,-0.15665145960148585,-1.662794562954236,-0.2590427473890129,2.3885481491807004,1.398811647009019,7.0,1.0,47.986000061035156,48.24300003051758,48.04600143432617,4.09,34.85,50.16,0.375,0.5,1.282,0,1,0
1777637020.9350238,3535.5919999999996,1.7984561920166016,-0.1568082014666956,-1.662769619618551,-0.25910932222475225,2.3891232013702393,1.3993092775344849,-0.04109790176153183,0.005573463626205921,-0.012565859593451023,-0.030238596722483635,0.09786797314882278,0.02329733408987522,-1.6937257051467896,3.826904773712158,-1.1186634302139282,0.1480407863855362,0.2938385307788849,0.0426178015768528,0.3795876056868328,-0.5544846599766541,1.131277205978004,-0.9650367392007607,-0.4658873363075444,1.7028796594533466,-0.04776672734426792,0.005834400085658353,0.009142475551300377,-0.034926592039666894,-0.08824438127372726,0.02022508643283205,1.7981552280647162,-0.15667259542574286,-1.6628895003794444,-0.25923642849373163,2.389352892075276,1.3989408051539158,7.0,1.0,47.986000061035156,48.24300003051758,48.04600143432617,4.09,34.85,50.16,0.375,0.5,1.282,0,1,0
1777637020.939389,3535.6,1.798000454902649,-0.15679628053774053,-1.6629250685321253,-0.259409252797262,2.3899967670440674,1.3994166851043701,-0.05398334190249443,-0.0062637547962367535,-0.02563026361167431,-0.034936413168907166,0.11431992053985596,0.015972575172781944,-1.4648438692092896,5.786133289337158,-0.9819130301475525,0.2355194389820099,0.4643097519874573,0.2332763969898224,0.379084928673169,-0.5544098426196394,1.1313863569038904,-0.9660183933488045,-0.46617245321058437,1.7026966915371702,-0.06501322453861977,0.02334904033155982,0.01860519440388228,-0.05473115655292129,-0.11005172573339317,0.010952086441777618,1.7977678018981544,-0.15669792974906738,-1.6630011684251258,-0.2594657498478483,2.390304670165523,1.399092989835123,7.0,1.0,47.986000061035156,48.24300003051758,48.06100082397461,4.09,34.85,50.16,0.375,0.5,1.282,0,1,0
1777637020.9463637,3535.6079999999997,1.7974607944488525,-0.15683204332460576,-1.6630929152118128,-0.2596843878375452,2.3909788131713867,1.3996204137802124,-0.06051554158329964,-0.0024288028944283724,-0.01816488988697529,-0.03850292041897774,0.1369653195142746,0.021763352677226067,-1.0070801973342896,4.788208484649658,-0.8989660143852234,0.3185119926929474,0.4306641221046448,0.0919647291302681,0.37850599188369416,-0.5542909501743449,1.1315307471759715,-0.9671377731528428,-0.46645550790359414,1.702536075382124,-0.07138283109215532,0.013174079615654418,0.018307230938580527,-0.04731273300940835,-0.12662607189672187,0.018938100732647872,1.7973206758368736,-0.15672763330354922,-1.6631292674646208,-0.25973085752902314,2.391403556807819,1.3992679246904647,7.0,1.0,47.986000061035156,48.24300003051758,48.06100082397461,4.09,34.85,50.16,0.375,0.5,1.282,0,1,0
1777637020.9537587,3535.616,1.7969207763671875,-0.1568682829486292,-1.6632369200335901,-0.259984318410055,2.3921754360198975,1.3997762203216553,-0.06755907088518143,-0.0005496764788404107,-0.02196149155497551,-0.03997937589883804,0.15353231132030487,0.023910926654934883,-0.8972169160842896,4.467773914337158,-0.957253098487854,0.2758941948413849,0.2758941948413849,0.1704712063074112,0.3778763051165852,-0.5542007160777612,1.1316930273483063,-0.9683631894940801,-0.46696913315815114,1.702334953526335,-0.07947155097966423,0.012983402634438531,0.01861494684683302,-0.049100708321949765,-0.141104849169916,0.021262634788843923,1.7968138929752469,-0.15676190302987436,-1.6632734520164352,-0.26003192138600717,2.3926496363950935,1.399465289802633,7.0,1.0,47.986000061035156,48.24300003051758,48.06100082397461,4.09,34.85,50.16,0.375,0.5,1.282,0,1,0
1777637020.9615252,3535.624,1.7963447570800781,-0.1569159666644495,-1.6634047667132776,-0.2603085676776331,2.393588066101074,1.3999919891357422,-0.07558690756559372,-0.008360195904970169,-0.020798223093152046,-0.04406359791755676,0.1763119250535965,0.025138109922409058,-0.6317139267921448,5.145264148712158,-1.0267492532730103,0.2153320610523224,0.3902893364429474,0.1659851223230362,0.377171077421982,-0.5540685440203736,1.1318828023498617,-0.9697923165415333,-0.46761288195072,1.7021741519981393,-0.09099364983503569,0.018078790178565923,0.025699678353723013,-0.0561057537082573,-0.1626393133333471,0.02511341169354371,1.7962475019621027,-0.1568009620133104,-1.6634333309126355,-0.2603691355778146,2.3940430042353773,1.3996847213016381,7.0,1.0,47.986000061035156,48.24300003051758,48.06100082397461,4.09,34.85,50.16,0.375,0.5,1.282,0,1,0
1777637020.968633,3535.632,1.7957087755203247,-0.1569159666644495,-1.663548771535055,-0.2607157866107386,2.395108461380005,1.4001238346099854,-0.0819273591041565,-0.003847735235467553,-0.02070874162018299,-0.047687627375125885,0.19053959846496582,0.026346120983362198,-0.5126953721046448,4.650879383087158,-1.1388397216796875,0.1278534084558487,0.3544006645679474,0.2086029201745987,0.37641042144908154,-0.5540234312626053,1.132061267379194,-0.9712671442036458,-0.4683567052134278,1.701888696756119,-0.09700588337247758,0.012675162742782957,0.024413249133594987,-0.0534204697692482,-0.1742753161793022,0.02648124043320599,1.7956215569201135,-0.15684505940985094,-1.6636084674891745,-0.26074271919404435,2.3955837664151898,1.3999258109060835,7.0,1.0,47.986000061035156,48.24300003051758,48.06100082397461,4.09,34.85,50.16,0.375,0.5,1.282,0,1,0
1777637020.9755538,3535.64,1.7950968742370605,-0.1569159666644495,-1.663752857838766,-0.2610514799701136,2.3967244625091553,1.400339126586914,-0.08898366987705231,-0.0004985437844879925,-0.023610521107912064,-0.052136171609163284,0.21400949358940125,0.030161898583173752,-0.6500244736671448,3.923035144805908,-1.1590160131454468,0.0852356031537056,0.3701019585132599,0.1368255764245987,0.37564016413871054,-0.5539172756157783,1.1322369045072318,-0.9728163000136861,-0.4691801618860821,1.7016977849781496,-0.10633490740726578,0.011706705008591433,0.0247257404844355,-0.05584242405127526,-0.19448002819533275,0.033182263550800575,1.7949361173542415,-0.15689447036202608,-1.663798379797961,-0.26115291695991694,2.397272039648175,1.4001881054000822,7.0,1.0,47.986000061035156,48.22800064086914,48.06100082397461,4.09,34.85,50.16,0.375,0.5,1.282,0,1,0
1777637020.9830358,3535.6479999999997,1.7944250106811523,-0.1569278875934046,-1.6639445463763636,-0.2614710966693323,2.3984124660491943,1.4006626605987549,-0.09474888443946838,-0.007158576976507902,-0.024888839572668076,-0.05514661222696304,0.23055732250213623,0.03418859839439392,-1.1581422090530396,4.632568836212158,-1.3204264640808105,0.0897216871380806,0.6213226914405823,0.0785064771771431,0.3748204557617545,-0.5537728778159755,1.1324394842063248,-0.9745292785306461,-0.4699419083085377,1.7015741983441108,-0.11510471709659881,0.01927300617029394,0.03050920041938963,-0.06662602031363704,-0.21027635796402078,0.03794710449658332,1.794191248048771,-0.15694949590377405,-1.664002540840423,-0.26160000003014083,2.399107951109421,1.4004711060421595,7.0,1.0,47.986000061035156,48.22800064086914,48.06100082397461,4.09,34.85,50.16,0.375,0.5,1.282,0,1,0
1777637020.9939768,3535.656,1.793632984161377,-0.15702373186220342,-1.6640766302691858,-0.2619383970843714,2.4003634452819824,1.400950312614441,-0.10199694335460663,-0.0027228158432990313,-0.024645958095788956,-0.06222209706902504,0.2470284402370453,0.03765922784805298,-1.1856080293655396,3.533936023712158,-1.4123406410217285,0.2332763969898224,0.5630035996437073,-0.006729126907885075,0.37385976336630655,-0.5536408434795389,1.132717708914396,-0.9764550604566228,-0.47086400816061696,1.7013341496003491,-0.12226455614842113,0.015345050859670499,0.02995493989988248,-0.06870454237796765,-0.22418975124731452,0.04087645909948838,1.7933870189523984,-0.1570104628537159,-1.6642203788223497,-0.2620842668762604,2.401091638255948,1.4007742679019877,7.0,1.0,47.986000061035156,48.22800064086914,48.06100082397461,4.09,34.85,50.16,0.375,0.5,1.282,0,1,0
1777637020.999094,3535.6639999999998,1.7927932739257812,-0.15707189241518194,-1.664316479359762,-0.26241809526552373,2.4023866653442383,1.4013453722000122,-0.11051053553819656,-0.008884305134415627,-0.026883013546466827,-0.06392864882946014,0.26873427629470825,0.040708016604185104,-0.8468628525733948,4.339600086212158,-1.4594186544418335,0.2422485649585724,0.4508515000343323,-0.0672912672162056,0.37285102237788237,-0.553442405859882,1.1329759670173738,-0.9785337424546613,-0.47173758248766523,1.7011687785197844,-0.13379782267767182,0.021501221855357307,0.03550848786415026,-0.07699702755485946,-0.24426146712604768,0.044889923423058864,1.792523505050812,-0.15707772369605344,-1.66445127742975,-0.26260604427276224,2.4032232486338994,1.4010969991202369,7.0,1.0,47.986000061035156,48.22800064086914,48.06100082397461,4.09,34.85,50.16,0.375,0.5,1.282,0,1,0
1777637021.005363,3535.672,1.7919049263000488,-0.15710765520204717,-1.6644724051104944,-0.2629454771624964,2.404660940170288,1.4016929864883423,-0.11729840189218521,-0.007081877905875444,-0.029759228229522705,-0.07077404111623764,0.2893087863922119,0.0412832573056221,-1.4190675020217896,3.662109851837158,-1.4347587823867798,0.1256103664636612,0.3992615044116974,-0.0291595496237278,0.3717690783305244,-0.5533482334521138,1.1332478938873072,-0.9806994957957703,-0.4728815784032344,1.700906633595424,-0.14307270650877987,0.022159839560125384,0.03678364789607905,-0.08145997012975896,-0.2632906050429812,0.04861594238749751,1.7916007862261483,-0.1571516564482165,-1.6646945761254814,-0.26316568838789234,2.4055029396729806,1.4014386600862272,7.0,1.0,47.986000061035156,48.22800064086914,48.06100082397461,4.09,34.85,50.16,0.375,0.5,1.282,0,1,0
1777637021.0065842,3535.672,1.7919049263000488,-0.15710765520204717,-1.6644724051104944,-0.2629454771624964,2.404660940170288,1.4016929864883423,-0.11729840189218521,-0.007081877905875444,-0.029759228229522705,-0.07077404111623764,0.2893087863922119,0.0412832573056221,-1.4190675020217896,3.662109851837158,-1.4347587823867798,0.1256103664636612,0.3992615044116974,-0.0291595496237278,0.3717690783305244,-0.5533482334521138,1.1332478938873072,-0.9806994957957703,-0.4728815784032344,1.700906633595424,-0.14307270650877987,0.022159839560125384,0.03678364789607905,-0.08145997012975896,-0.2632906050429812,0.04861594238749751,1.7916007862261483,-0.1571516564482165,-1.6646945761254814,-0.26316568838789234,2.4055029396729806,1.4014386600862272,7.0,1.0,47.986000061035156,48.22800064086914,48.06100082397461,2.95,35.74,49.72,0.413,0.438,1.164,0,0,1
1777637021.0122073,3535.68,1.7909210920333862,-0.15722734132875615,-1.6647360960589808,-0.2635567823993128,2.407162666320801,1.402016520500183,-0.12467429041862488,-0.010788998566567898,-0.031983498483896255,-0.0744747668504715,0.3091546595096588,0.04339248314499855,-1.4739991426467896,4.142761707305908,-1.5177057981491089,0.02018737979233265,0.3768310844898224,0.0314025916159153,0.3705324057280063,-0.5530914716171171,1.1336007500689353,-0.9832438476632686,-0.474026877318882,1.700618078678803,-0.15320457637223367,0.026844143191869826,0.04088411915068742,-0.08904747896642223,-0.28174625307267004,0.05238543355802597,1.7906189471026535,-0.1572326645142903,-1.6649495704663826,-0.2637635859858172,2.407930878468764,1.40179856252743,7.0,1.0,47.986000061035156,48.22800064086914,48.06100082397461,2.95,35.74,49.72,0.413,0.438,1.164,0,1,0
1777637021.019942,3535.6879999999996,1.7898529767990112,-0.15729934373964483,-1.6650474707232874,-0.2642157713519495,2.4097845554351807,1.4023756980895996,-0.13326458632946014,-0.010277671739459038,-0.03538382425904274,-0.08312258869409561,0.325798362493515,0.045405831187963486,-1.2680054903030396,3.909302234649658,-1.5087385177612305,0.0650482252240181,0.4441223740577698,0.1054229810833931,0.36922066272296833,-0.5528434914363671,1.1339391861868904,-0.9859221329531254,-0.47519500042239077,1.7003015736550782,-0.16296271278402943,0.029758132564950097,0.04290830621883953,-0.09910541102522263,-0.29790028320646816,0.05332445323554008,1.7895780768778466,-0.1573211765231095,-1.6652155124406578,-0.26440015574757414,2.410507241553478,1.4021759685041346,7.0,1.0,47.986000061035156,48.22800064086914,48.06100082397461,2.95,35.74,49.72,0.413,0.438,1.164,0,1,0
1777637021.0260873,3535.696,1.7887253761291504,-0.15740710893739873,-1.6653474012957972,-0.2648518721209925,2.4125497341156006,1.4027471542358398,-0.14171425998210907,-0.012463593855500221,-0.03653430938720703,-0.08599880337715149,0.3405437469482422,0.04851214215159416,-1.1901856660842896,3.996277332305908,-1.37198805809021,0.2579498589038849,0.4710388779640198,0.1390686184167862,0.36783970710485303,-0.5525969370184325,1.134303726067805,-0.9886946797640542,-0.47646179680199413,1.699946076983957,-0.17179562121455522,0.03175839329242532,0.04550724105726985,-0.1052812176714486,-0.31104739666811626,0.054137993045883556,1.7884782691384369,-0.1574176461497636,-1.6654916108252458,-0.2650758497191381,2.4132322146559466,1.402570089301808,7.0,1.0,47.986000061035156,48.22800064086914,48.06100082397461,2.95,35.74,49.72,0.413,0.438,1.164,0,1,0
1777637021.0368712,3535.7039999999997,1.7875614166259766,-0.15755111375917608,-1.6656830946551722,-0.26558238664735967,2.4154465198516846,1.4031902551651,-0.1479140967130661,-0.013499030843377113,-0.03786376118659973,-0.09071578830480576,0.35816535353660583,0.04908738657832146,-1.1535645723342896,3.941345691680908,-1.2150613069534302,0.1592559963464737,0.6078644394874573,0.1009368970990181,0.3663904123255747,-0.552242422828142,1.1347137514284897,-0.9917244867120195,-0.47769680160345096,1.6996720493710709,-0.1801534601232326,0.03352165719574783,0.047783138444715594,-0.10978845459677553,-0.3271662477250998,0.057222003467899664,1.7873196216601932,-0.15752255191913545,-1.66577703156294,-0.26579115489582783,2.416105992451366,1.402980084212831,7.0,1.0,47.986000061035156,48.22800064086914,48.06100082397461,2.95,35.74,49.72,0.413,0.438,1.164,0,1,0
1777637021.0410228,3535.712,1.7863614559173584,-0.15762263933290654,-1.6659711042987269,-0.26636249223818,2.418403148651123,1.403573751449585,-0.15654274821281433,-0.015263109467923641,-0.03785097599029541,-0.0954519584774971,0.37741681933403015,0.05342088267207146,-0.8605957627296448,3.977966785430908,-1.3002501726150513,0.0628051832318306,0.5360870957374573,-0.01570129580795765,0.3649244746228851,-0.5520133143137999,1.1350864404044565,-0.9947064413529166,-0.47903772821960744,1.6992944522552784,-0.18988212155559614,0.03502386505983766,0.050641041932880375,-0.11648724158396484,-0.343935028447145,0.06085214493251635,1.7861022361909378,-0.15763639698990328,-1.6660708981590213,-0.2665465949533816,2.41912877830163,1.4034050591983103,7.0,1.0,47.986000061035156,48.198001861572266,48.06100082397461,2.95,35.74,49.72,0.413,0.438,1.164,0,1,0
1777637021.0475261,3535.72,1.7850297689437866,-0.15776616731752569,-1.6662347952472132,-0.2672012487994593,2.4214797019958496,1.4040287733078003,-0.1623079478740692,-0.015518772415816784,-0.03777427598834038,-0.10291093587875366,0.39557531476020813,0.054916512221097946,-1.3549805879592896,3.932190418243408,-1.3764716386795044,0.2041168361902237,0.5360870957374573,-0.0897216871380806,0.3633473167675281,-0.5517409181055225,1.1355188581313533,-0.9978933273854789,-0.4803186624276196,1.6988967647437438,-0.19783443973079667,0.03623055794861242,0.05281898227717507,-0.12234033813629554,-0.3604135930315658,0.06522541356142766,1.7848262182157784,-0.157759708917256,-1.666372292097198,-0.26734273213715554,2.422300783986938,1.4038440654196291,7.0,1.0,47.986000061035156,48.198001861572266,48.06100082397461,2.95,35.74,49.72,0.413,0.438,1.164,0,1,0
1777637021.0545259,3535.728,1.783721923828125,-0.15788585344423467,-1.666558567677633,-0.2680166403399866,2.4247236251831055,1.4044722318649292,-0.16960714757442474,-0.01629854552447796,-0.03919320926070213,-0.10615147650241852,0.41779884696006775,0.05489733815193176,-1.2176514863967896,3.923035144805908,-1.2733484506607056,0.1570129543542862,0.5428162217140198,-0.02467346377670765,0.36173852989361255,-0.5514409769203877,1.1359413644003253,-1.0011826040605092,-0.481770430037045,1.6985169542710417,-0.20776926342850294,0.03677811250710192,0.05486849952713875,-0.12411577689244047,-0.3800539816486328,0.06926568062659459,1.7834916767036741,-0.1578930393923743,-1.6666802532746772,-0.2681801693222132,2.4256222294294245,1.4042960976281997,7.0,1.0,47.986000061035156,48.198001861572266,48.06100082397461,2.95,35.74,49.72,0.413,0.438,1.164,0,1,0
1777637021.0624552,3535.736,1.7823538780212402,-0.158029858266012,-1.6668584982501429,-0.26890403429140264,2.42803955078125,1.404975175857544,-0.17731539905071259,-0.01817767322063446,-0.040778324007987976,-0.1089126393198967,0.43572723865509033,0.0566805899143219,-1.1856080293655396,3.950500965118408,-1.2935247421264648,0.011215210892260075,0.5428162217140198,0.0403747595846653,0.36007769592892735,-0.5511157050688205,1.136392177193057,-1.0046082400539469,-0.48318154955642356,1.6981601678476927,-0.21701625331825103,0.038873831784486515,0.05722576902288428,-0.1290055643964515,-0.3958864763472516,0.07184301401295498,1.7820987238343786,-0.1580369639564907,-1.6669937804562078,-0.26905955225850153,2.429093342409566,1.4047600924005772,7.0,1.0,47.986000061035156,48.198001861572266,48.06100082397461,2.95,35.74,49.72,0.413,0.438,1.164,0,1,0
1777637021.069816,3535.7439999999997,1.7808903455734253,-0.158149544392721,-1.6671817938434046,-0.2698147932635706,2.4316067695617676,1.405430555343628,-0.18415439128875732,-0.018931880593299866,-0.03882249817252159,-0.11660172045230865,0.4523901045322418,0.05794612690806389,-1.3046265840530396,3.877258777618408,-1.3876807689666748,0.0628051832318306,0.6729126572608948,0.0448608435690403,0.3583007357334522,-0.5508339938872816,1.1368436096993646,-1.0081900055302222,-0.48478639363513104,1.6976868646637218,-0.2249809277676413,0.038664168406734784,0.05946945386954049,-0.13406390419365552,-0.4107615170397877,0.07439469568644164,1.7806474747047731,-0.15819208168708787,-1.6673118317470186,-0.2699815720169232,2.432714358276122,1.405234926204632,7.0,1.0,47.986000061035156,48.198001861572266,48.029998779296875,2.95,35.74,49.72,0.413,0.438,1.164,0,1,0
1777637021.0767028,3535.752,1.7793784141540527,-0.15835315385927373,-1.6675298849688929,-0.2708094755755823,2.4353418350219727,1.4059215784072876,-0.190379798412323,-0.02129676751792431,-0.04108512029051781,-0.1204366683959961,0.47802677750587463,0.059307534247636795,-1.5335084199905396,3.900146961212158,-1.2957664728164673,0.1054229810833931,0.5944061875343323,-0.02018737979233265,0.35643131917838655,-0.550423712074336,1.1373668349606518,-1.012060368860113,-0.4863824702418545,1.6972629248459736,-0.23555336517040895,0.042630556018134244,0.06263345568573067,-0.13958556303462258,-0.4335176632611085,0.0822116079172977,1.7791380470135645,-0.15835901485352277,-1.6676333250845756,-0.2709469676538996,2.4364855196503616,1.4057194132808368,7.0,1.0,47.986000061035156,48.198001861572266,48.029998779296875,2.95,35.74,49.72,0.413,0.438,1.164,0,1,0
1777637021.0846887,3535.7599999999998,1.777806282043457,-0.1584246794330042,-1.6678059736834925,-0.2718284765826624,2.4394114017486572,1.4063888788223267,-0.19733384251594543,-0.0224472526460886,-0.040765538811683655,-0.12503860890865326,0.49261876940727234,0.0626055896282196,-1.3870240449905396,3.996277332305908,-1.37198805809021,-0.006729126907885075,0.5181427597999573,-0.1413116604089737,0.35448765260388004,-0.5502288996335618,1.137828401726827,-1.0159616446854602,-0.48839524957501984,1.696716037087023,-0.24313106232892223,0.043850845389153216,0.0644413803918755,-0.14583725075590087,-0.4460149284871081,0.08479969703959467,1.7775970389745759,-0.1585353271011094,-1.667951753817733,-0.2719394152810857,2.440340787541793,1.406204064523023,7.0,1.0,47.986000061035156,48.198001861572266,48.029998779296875,2.95,35.74,49.72,0.413,0.438,1.164,0,1,0
1777637021.0916607,3535.768,1.7761385440826416,-0.15866452852358037,-1.6681535879718226,-0.272775952016012,2.4434218406677246,1.4068678617477417,-0.1937929093837738,-0.023150326684117317,-0.039090946316719055,-0.12235414236783981,0.4866170585155487,0.058099523186683655,-1.0574342012405396,4.147339344024658,-1.3316354751586914,0.1839294582605362,0.5921631455421448,-0.1188812404870987,0.35246342363084004,-0.5498546806888127,1.1383744195501664,-1.0199928460931431,-0.4901719880493803,1.6961479335003822,-0.23962220711051113,0.042642640176215565,0.06342946283758133,-0.14062593236074586,-0.4403453582783375,0.08329119881194942,1.7760565296592061,-0.15871753583910486,-1.668260187590226,-0.27293852154072074,2.4441999619907393,1.4066784096231608,7.0,1.0,47.986000061035156,48.198001861572266,48.029998779296875,2.95,35.74,49.72,0.413,0.438,1.164,0,1,0
1777637021.0989676,3535.776,1.7745307683944702,-0.15888005891908819,-1.6684768835650843,-0.2738307158099573,2.4473960399627686,1.407347321510315,-0.19334550201892853,-0.023636087775230408,-0.03958948701620102,-0.12674516439437866,0.48040443658828735,0.05459054186940193,-0.8743286728858948,4.161072254180908,-1.1612578630447388,0.008972168900072575,0.7581482529640198,-0.006729126907885075,0.35048284010982567,-0.5494623886384444,1.1389147005432751,-1.0240516197168466,-0.4919028492450835,1.6956536538061366,-0.23859486491431375,0.04483737654519442,0.06338032472318932,-0.14503919133472598,-0.43622269090006405,0.07914050433161901,1.774517155645622,-0.15890554522604017,-1.668558519560106,-0.2739440250969558,2.4480614548645283,1.4071421323250142,7.0,1.0,47.986000061035156,48.198001861572266,48.029998779296875,2.95,35.74,49.72,0.413,0.438,1.164,0,1,0
1777637021.1051965,3535.7839999999997,1.772910714149475,-0.15901166597475225,-1.668776814137594,-0.27488547960390264,2.451214075088501,1.4077543020248413,-0.19334550201892853,-0.024761006236076355,-0.03666214272379875,-0.12808740139007568,0.4909505546092987,0.05499321222305298,-0.7965088486671448,4.316711902618408,-1.1747087240219116,0.0583190992474556,0.5876770615577698,0.1009368970990181,0.3485498427918209,-0.5491931884711381,1.1393886382644134,-1.0278978351898465,-0.4935677748154734,1.6950540387528572,-0.24080402075894952,0.04426268655064247,0.06434001637498288,-0.1439600364251709,-0.4444403771174705,0.08516526934466656,1.7729789102095674,-0.1590993380531298,-1.6688467747054787,-0.27495604553246267,2.4519252456674083,1.4075951369467867,7.0,1.0,47.986000061035156,48.18299865722656,48.029998779296875,2.95,35.74,49.72,0.413,0.438,1.164,0,1,0
1777637021.1126428,3535.792,1.771278977394104,-0.15925151506532842,-1.6690886656390589,-0.2758687178241175,2.4551289081573486,1.4081618785858154,-0.1937929093837738,-0.025924276560544968,-0.03621473163366318,-0.12835584580898285,0.4905862510204315,0.05342088267207146,-0.3707886040210724,4.316711902618408,-1.194885015487671,0.1996307522058487,0.4755249619483948,0.1188812404870987,0.3465691734042722,-0.5488325599538137,1.1399190256553555,-1.0318452911777236,-0.4952824317852947,1.6944637481472513,-0.2411658954007614,0.044997641520541,0.06446563721276227,-0.1446216958537891,-0.44403181436215694,0.08415745919778245,1.7714417793068165,-0.15929889986632517,-1.6691249783417197,-0.2759746975539885,2.455791317990542,1.4080373342055175,7.0,1.0,47.986000061035156,48.18299865722656,48.029998779296875,2.95,35.74,49.72,0.413,0.438,1.164,0,1,0
1777637021.1195102,3535.7999999999997,1.769719123840332,-0.15945464769472295,-1.6693528334247034,-0.27689963976015264,2.4590189456939697,1.4085808992385864,-0.19426588714122772,-0.027892883867025375,-0.03442508727312088,-0.12835584580898285,0.48976173996925354,0.052078649401664734,-0.1785278469324112,4.344177722930908,-1.2352375984191895,0.0897216871380806,0.5495453476905823,0.0650482252240181,0.3446478240163766,-0.5485015777608204,1.1404283170082443,-1.0357451841988072,-0.4970280006029478,1.6939386437178106,-0.24132101433121844,0.04527866134757535,0.06502234191649892,-0.14472154832503192,-0.44305114442596766,0.08301315845976907,1.7699057486316387,-0.15950421584659047,-1.669393155729237,-0.2770000983997507,2.45965965562564,1.408468632536491,7.0,1.0,47.97100067138672,48.18299865722656,48.029998779296875,2.95,35.74,49.72,0.413,0.438,1.164,0,1,0
1777637021.1265638,3535.808,1.7682195901870728,-0.159705940877096,-1.6695922056781214,-0.2779424826251429,2.462920904159546,1.408988356590271,-0.1913641095161438,-0.028314730152487755,-0.03230307996273041,-0.1274929791688919,0.48544740676879883,0.05062136799097061,-0.5767822861671448,4.298401355743408,-1.2576557397842407,0.3185119926929474,0.5136566758155823,-0.008972168900072575,0.3427504739979921,-0.5481198452885244,1.1409645136876563,-1.0396739454086485,-0.498797019343035,1.693470686438886,-0.23836181794854638,0.044581652323208376,0.06431180084674583,-0.14260571099142733,-0.4386038306664624,0.08342153483622988,1.7683708036713888,-0.1597152707669176,-1.669651332074083,-0.2780323680033314,2.4635302425382783,1.4088889379471707,7.0,1.0,47.97100067138672,48.18299865722656,48.029998779296875,2.95,35.74,49.72,0.413,0.438,1.164,0,1,0
1777637021.134924,3535.816,1.7667793035507202,-0.15989762941469365,-1.6698077360736292,-0.2789853254901331,2.466787576675415,1.4093598127365112,-0.19082722067832947,-0.028570393100380898,-0.031625572592020035,-0.13067598640918732,0.4905862510204315,0.04945170506834984,-0.6134033799171448,4.206848621368408,-1.2531720399856567,0.0650482252240181,0.5876770615577698,0.01570129580795765,0.3409082692118791,-0.5478049649539667,1.1414576412067674,-1.0434894107491104,-0.5006317843267146,1.6929999807329668,-0.23947882634605416,0.04555888590911303,0.06465409275958467,-0.14427744958821642,-0.4431713031828805,0.08640946838862562,1.766836929707709,-0.15993204897935875,-1.66989953253234,-0.27907162907309857,2.4674030628648325,1.4092981539443883,7.0,1.0,47.97100067138672,48.18299865722656,48.0,2.95,35.74,49.72,0.413,0.438,1.164,0,1,0
1777637021.1412816,3535.8239999999996,1.7653037309646606,-0.16012508073915654,-1.6701319853412073,-0.2800524870501917,2.4708454608917236,1.4097553491592407,-0.1900346577167511,-0.029644180089235306,-0.030602917075157166,-0.1329769641160965,0.48462289571762085,0.04918326064944267,-0.6866455674171448,4.197693347930908,-1.3854389190673828,0.1457977443933487,0.5630035996437073,0.0762634351849556,0.33897468135185593,-0.5473526966272323,1.141982327390084,-1.0475789504110924,-0.5025063215696689,1.6925760672437564,-0.23775285191152976,0.047256267943016274,0.06470962255370745,-0.14822063621847684,-0.43811272778766486,0.08451584920890093,1.7653041118173889,-0.16015453440187954,-1.6701377822146233,-0.280118007173896,2.471278100909495,1.4096961814594626,7.0,1.0,47.97100067138672,48.18299865722656,48.0,2.95,35.74,49.72,0.413,0.438,1.164,0,1,0
1777637021.1488543,3535.832,1.7638517618179321,-0.16035300890077764,-1.6702998320208948,-0.28108293214906865,2.4747955799102783,1.4101743698120117,-0.18977899849414825,-0.030168289318680763,-0.0296697448939085,-0.13033084571361542,0.48462289571762085,0.048109471797943115,-1.0299683809280396,4.106140613555908,-1.3114591836929321,0.1996307522058487,0.6033783555030823,0.1256103664636612,0.33711235515714877,-0.5470336799309273,1.1424919500940707,-1.0514443243342873,-0.5043995567524019,1.6921358705586942,-0.2373703004024776,0.04619691498226403,0.06406957669402079,-0.14514604249506396,-0.43717761082642015,0.08465441774806612,1.763772334873234,-0.1603827105048028,-1.6703661061906763,-0.28117163081174557,2.4751553411411997,1.410082918770642,7.0,1.0,47.97100067138672,48.18299865722656,48.0,2.95,35.74,49.72,0.413,0.438,1.164,0,1,0
1777637021.1510353,3535.832,1.7638517618179321,-0.16035300890077764,-1.6702998320208948,-0.28108293214906865,2.4747955799102783,1.4101743698120117,-0.18977899849414825,-0.030168289318680763,-0.0296697448939085,-0.13033084571361542,0.48462289571762085,0.048109471797943115,-1.0299683809280396,4.106140613555908,-1.3114591836929321,0.1996307522058487,0.6033783555030823,0.1256103664636612,0.33711235515714877,-0.5470336799309273,1.1424919500940707,-1.0514443243342873,-0.5043995567524019,1.6921358705586942,-0.2373703004024776,0.04619691498226403,0.06406957669402079,-0.14514604249506396,-0.43717761082642015,0.08465441774806612,1.763772334873234,-0.1603827105048028,-1.6703661061906763,-0.28117163081174557,2.4751553411411997,1.410082918770642,7.0,1.0,47.97100067138672,48.18299865722656,48.0,1.67,35.59,51.38,0.528,0.509,1.243,0,0,1
1777637021.1555755,3535.8399999999997,1.7624237537384033,-0.16064006487001592,-1.6705873648272913,-0.2821267286883753,2.4787936210632324,1.4105216264724731,-0.18924209475517273,-0.03099919483065605,-0.029081718996167183,-0.13314953446388245,0.48301219940185547,0.04640292003750801,-1.2954713106155396,4.197693347930908,-1.2442048788070679,0.0538330152630806,0.6482391953468323,0.1704712063074112,0.3352137980565757,-0.5465537446386599,1.143035587202824,-1.0554756329208905,-0.5062542355654258,1.6917175803438596,-0.2369718681971907,0.04764392354607509,0.06428018619060527,-0.1478023365609562,-0.4361455046345676,0.08397653931777312,1.7622415835449439,-0.16061656029682858,-1.67058452949406,-0.2822326315217012,2.4790347681904485,1.4104582614227519,7.0,1.0,47.97100067138672,48.18299865722656,48.0,1.67,35.59,51.38,0.528,0.509,1.243,0,1,0
1777637021.1654513,3535.848,1.760912299156189,-0.16091567674745733,-1.6708028952227991,-0.28320533434023076,2.4825639724731445,1.4108930826187134,-0.1907377392053604,-0.03179175406694412,-0.027662787586450577,-0.13305366039276123,0.4862527549266815,0.04429369792342186,-1.1627198457717896,4.284668445587158,-1.1164216995239258,0.2467346489429474,0.6684265732765198,0.0986938551068306,0.33333897923654116,-0.5461515845179155,1.1435612005990394,-1.059349797690582,-0.5078498725824169,1.6912342009777401,-0.2385071469462901,0.04641155533092824,0.06433173718615681,-0.14562401517754822,-0.43850197360286214,0.08357037355167121,1.7607118423000108,-0.16085606631059868,-1.6707930771269428,-0.28330114395900363,2.4829163668460317,1.4108221021439187,7.0,1.0,47.97100067138672,48.18299865722656,48.0,1.67,35.59,51.38,0.528,0.509,1.243,0,1,0
1777637021.1703107,3535.8559999999998,1.7594003677368164,-0.16116696992983037,-1.6710193792926233,-0.2842963377581995,2.4864540100097656,1.4112526178359985,-0.19207996129989624,-0.03241812810301781,-0.026576217263936996,-0.13504783809185028,0.49068212509155273,0.04415947198867798,-1.1032105684280396,4.312134265899658,-1.0693436861038208,-0.006729126907885075,0.5517883896827698,0.0291595496237278,0.3314387545147883,-0.5457701895145588,1.1440756739769589,-1.0632799031104425,-0.5095699846996389,1.6907403738518008,-0.24029737506132404,0.04667202245152892,0.064659014925993,-0.14712594733228257,-0.44198476157323807,0.084965068740465,1.759183095404627,-0.16110121058780003,-1.6709917740649907,-0.2843773059936474,2.4868001220516436,1.4111743307592557,7.0,1.0,47.97100067138672,48.24300003051758,48.0,1.67,35.59,51.38,0.528,0.509,1.243,0,1,0
1777637021.1771288,3535.864,1.7578282356262207,-0.16144258180727178,-1.6711872259723108,-0.28533965746034795,2.4902844429016113,1.4115761518478394,-0.1936778575181961,-0.03296780586242676,-0.02437751181423664,-0.1373104602098465,0.4881126880645752,0.04114903509616852,-1.0299683809280396,4.412842273712158,-1.1253888607025146,0.0515899695456028,0.5742188096046448,-0.01570129580795765,0.3295255941375363,-0.545451357319813,1.1445901044974816,-1.0671031501158734,-0.5112528575241969,1.6901426142263871,-0.24053825201061793,0.045144326589347236,0.06458908009929772,-0.14647047841410704,-0.4398763155625944,0.08096825592117611,1.7576553269246082,-0.1613519746637797,-1.6711806452623588,-0.28546125880854323,2.4906860189023874,1.4115148341013724,7.0,1.0,47.97100067138672,48.24300003051758,48.0,1.67,35.59,51.38,0.528,0.509,1.243,0,1,0
1777637021.2410855,3535.872,1.7562923431396484,-0.1617057959185999,-1.6714509169207972,-0.28651363054384404,2.4941394329071045,1.4118874073028564,-0.19261686503887177,-0.033185116946697235,-0.023738352581858635,-0.13504783809185028,0.48521730303764343,0.03999854996800423,-0.9155274629592896,4.499817371368408,-1.08951997756958,0.0852356031537056,0.6392670273780823,-0.006729126907885075,0.32760297395544835,-0.5449998856701181,1.145111534011824,-1.0711203470639061,-0.5128402098221978,1.6896382794349174,-0.238996903941839,0.04449293522801902,0.0636618833234736,-0.14417647038549095,-0.43651887506847875,0.08051670192653157,1.7561285207263286,-0.1616083395516501,-1.6713597156567985,-0.28655314700139733,2.4945740426411662,1.4118434959175732,7.0,1.0,47.97100067138672,48.24300003051758,48.0,1.67,35.59,51.38,0.528,0.509,1.243,0,1,0
1777637021.249739,3535.8799999999997,1.7546966075897217,-0.16196948686708623,-1.6716426054583948,-0.28758126894106084,2.4980173110961914,1.4121986627578735,-0.19343498349189758,-0.033964890986680984,-0.020376378670334816,-0.13794322311878204,0.490739643573761,0.03767840564250946,-0.6729126572608948,4.472351551055908,-1.1119379997253418,0.0336456336081028,0.6190796494483948,-0.006729126907885075,0.32566282565725324,-0.5446672518552923,1.145615400717544,-1.0750010634949985,-0.514525243052221,1.6890282512231503,-0.24059861985246228,0.04271817227199799,0.06424278199914603,-0.14249357384716452,-0.44101574283034506,0.08191405430169363,1.7546026604776712,-0.16187028572586826,-1.6715290101748739,-0.2876531186905007,2.498464178654952,1.4121601967735975,7.0,1.0,47.986000061035156,48.24300003051758,48.0,1.67,35.59,51.38,0.528,0.509,1.243,0,1,0
1777637021.2510793,3535.888,1.7531607151031494,-0.16224509874452764,-1.671774689351217,-0.2887080351458948,2.5020272731781006,1.4124985933303833,-0.1925273835659027,-0.03292945399880409,-0.021411815658211708,-0.14053182303905487,0.4903561472892761,0.0366046167910099,-0.8193970322608948,4.399109363555908,-0.9751875996589661,0.2130890041589737,0.5248718857765198,0.0740203931927681,0.32372723696839556,-0.5443373044201044,1.1461370047121773,-1.0789592892511437,-0.5163691375334726,1.688468351926329,-0.24015426608663384,0.04398271696095975,0.06336891614830906,-0.1450199289542176,-0.4407939753005628,0.08258734340190282,1.7530777296489906,-0.16213779310525567,-1.6716885537372894,-0.2887613256245736,2.5023564124709323,1.4124648139537503,7.0,1.0,47.986000061035156,48.24300003051758,48.01499938964844,1.67,35.59,51.38,0.528,0.509,1.243,0,1,0
1777637021.2511168,3535.8959999999997,1.7516132593154907,-0.16253263155092412,-1.6719420591937464,-0.28985912004579717,2.506072998046875,1.4127978086471558,-0.19243788719177246,-0.033785928040742874,-0.01594061776995659,-0.13978400826454163,0.48953163623809814,0.03539660573005676,-0.7507324814796448,4.284668445587158,-1.100728988647461,0.01794433780014515,0.5719757676124573,0.0672912672162056,0.3217675963274208,-0.5439556816216026,1.1466657062273464,-1.083002039721225,-0.5181881636146328,1.6879249863748462,-0.23907322450388807,0.03976755587794188,0.06318833888055557,-0.13968978310752497,-0.43873178082073994,0.08220795947514725,1.7515537115140898,-0.16241084103545056,-1.6718383712643412,-0.28987792329686535,2.5062507297525296,1.4127572213572643,7.0,1.0,47.986000061035156,48.24300003051758,48.01499938964844,1.67,35.59,51.38,0.528,0.509,1.243,0,1,0
1777637021.2522545,3535.904,1.7501130104064941,-0.16272384325136358,-1.6720626989947718,-0.29098540941347295,2.5100228786468506,1.4130494594573975,-0.19197769463062286,-0.03410550579428673,-0.017436249181628227,-0.14534468948841095,0.48441195487976074,0.03528155758976936,-0.8193970322608948,4.280090808868408,-1.0805526971817017,0.2198181450366974,0.6751556992530823,0.1413116604089737,0.31988158074345036,-0.5437155808377326,1.1471244656673594,-1.0868184562889485,-0.5200704144473608,1.6873287938119288,-0.23820565660936557,0.04406454487008205,0.0633330178108724,-0.14843949711039042,-0.435296756324229,0.08038100383544874,1.7500305891512093,-0.16268940827074374,-1.6719784876814963,-0.2910030710636926,2.5101471162952853,1.413037289390726,7.0,1.0,47.986000061035156,48.24300003051758,48.01499938964844,1.67,35.59,51.38,0.528,0.509,1.243,0,1,0
1777637021.253574,3535.912,1.7485650777816772,-0.16303569475282842,-1.6721704641925257,-0.29211265245546514,2.513936996459961,1.4133491516113281,-0.19144080579280853,-0.033849842846393585,-0.013895309530198574,-0.1422000229358673,0.49238866567611694,0.032156072556972504,-0.7278442978858948,4.138184070587158,-1.1209052801132202,0.0762634351849556,0.5585175156593323,0.1749572902917862,0.31796205352030027,-0.5433630486938005,1.147649532818112,-1.090733572078215,-0.5217876423399495,1.6867727001737103,-0.23909372314291388,0.03904603836741773,0.06255605054830604,-0.138537937235194,-0.44062317073566387,0.08412418452013001,1.748508345444033,-0.16297347295529896,-1.6721089279250858,-0.29213693226760906,2.514045558022602,1.4133048848563812,7.0,1.0,47.986000061035156,48.24300003051758,48.01499938964844,1.67,35.59,51.38,0.528,0.509,1.243,0,1,0
1777637021.2536345,3535.9199999999996,1.7470293045043945,-0.16331082979311162,-1.6722663084613245,-0.29322749773134404,2.5177674293518066,1.4135525226593018,-0.1902008354663849,-0.03424612060189247,-0.015096927992999554,-0.14572817087173462,0.49068212509155273,0.030545393005013466,-0.9979249238967896,3.991699695587158,-1.194885015487671,0.2646789848804474,0.5001984238624573,0.1211242824792862,0.3160735677540063,-0.543082151440902,1.1481416825227435,-1.094504687633586,-0.5235103458946824,1.6861263635561574,-0.23851857984869496,0.04218873810141316,0.06260765720892529,-0.14327518316746474,-0.4398216463138399,0.08417425725183875,1.746986963082702,-0.16326301260370624,-1.6722297169481424,-0.29327967436542046,2.5179460409813474,1.4135598708361539,7.0,1.0,47.986000061035156,48.24300003051758,48.01499938964844,1.67,35.59,51.38,0.528,0.509,1.243,0,1,0
1777637021.2556713,3535.928,1.7454694509506226,-0.16362220445741826,-1.6724103132831019,-0.29440242448915654,2.5216214656829834,1.4138400554656982,-0.19104452431201935,-0.034578483551740646,-0.011261976324021816,-0.1448461413383484,0.4911806583404541,0.02979757823050022,-0.6683350205421448,3.900146961212158,-1.1657414436340332,0.0874786451458931,0.5383301377296448,0.0874786451458931,0.3141540348252811,-0.5426792595273071,1.1486606455957442,-1.0984534259690735,-0.525100032413144,1.6855845418155153,-0.23840780001001857,0.038682324091576056,0.06218459158827067,-0.1390686867031727,-0.4389769131384616,0.08382630641968244,1.7454664245648455,-0.16355800408085042,-1.672340879726364,-0.29443146906127016,2.5218485513373006,1.4138021065711592,7.0,1.0,47.986000061035156,48.2130012512207,48.01499938964844,1.67,35.59,51.38,0.528,0.509,1.243,0,1,0
1777637021.256503,3535.9359999999997,1.7439099550247192,-0.16386157671083623,-1.672446076069967,-0.29562503496278936,2.525439977645874,1.4140194654464722,-0.18924209475517273,-0.0357673205435276,-0.015595471486449242,-0.14599663019180298,0.4874415695667267,0.02707476168870926,-0.8697510361671448,3.890991687774658,-1.1276307106018066,0.1054229810833931,0.6370239853858948,-0.006729126907885075,0.3122645618891391,-0.5424568686147312,1.149137738167316,-1.102220407983013,-0.5267891458365089,1.6849080963762046,-0.23758279891976072,0.044479106106763706,0.06222680503100725,-0.1446732794528974,-0.4368901507019027,0.08282595512497429,1.7439467121966303,-0.16385842358106473,-1.6724424412642174,-0.2955924924450324,2.5257530753704414,1.414031447336516,7.0,1.0,47.986000061035156,48.2130012512207,48.01499938964844,1.67,35.59,51.38,0.528,0.509,1.243,0,1,0
1777637021.257991,3535.944,1.7423861026763916,-0.16417342821230108,-1.672541920338766,-0.29673988023866826,2.5293657779693604,1.4142835140228271,-0.18889695405960083,-0.036853890866041183,-0.008871522732079029,-0.1454022079706192,0.4942677915096283,0.026767965406179428,-0.8010864853858948,3.900146961212158,-1.1859177350997925,0.1727142482995987,0.5630035996437073,-0.02467346377670765,0.31035913137145543,-0.5421086261924756,1.1496435576817616,-1.1061045172446142,-0.5285441395194839,1.684348679036305,-0.23804043426547328,0.039593002823299014,0.06262458972870719,-0.13805314823236908,-0.4409690721808952,0.08723007142593303,1.7424278080938163,-0.16416424660652673,-1.6725344266011861,-0.2967629251362309,2.52965959947008,1.4142477443112509,7.0,1.0,47.986000061035156,48.2130012512207,48.01499938964844,1.67,35.59,51.38,0.528,0.509,1.243,0,1,0
1777637021.2580512,3535.9519999999998,1.740825891494751,-0.16447240511049444,-1.672661606465475,-0.29791480699648076,2.5333521366119385,1.414462924003601,-0.18907591700553894,-0.03791489079594612,-0.013831393793225288,-0.14693619310855865,0.48953163623809814,0.02419854700565338,-0.9979249238967896,3.987122058868408,-1.051409125328064,0.0740203931927681,0.5831909775733948,-0.011215210892260075,0.30840953323887377,-0.5417633636790509,1.150146302540122,-1.1100527185094498,-0.5303229109748123,1.683712810569087,-0.23809831188003092,0.04541886260712057,0.06255468783845217,-0.1447908482962853,-0.43813488506721043,0.08384170687837607,1.7409096941828273,-0.16447544794488067,-1.672616860818164,-0.29794295243376734,2.5335681101298118,1.414450844443057,7.0,1.0,47.986000061035156,48.2130012512207,48.01499938964844,1.67,35.59,51.38,0.528,0.509,1.243,0,1,0
1777637021.2639909,3535.96,1.7393020391464233,-0.16474801698793584,-1.6727221647845667,-0.2990778128253382,2.5373616218566895,1.414690613746643,-0.19030310213565826,-0.04017751291394234,-0.007529288996011019,-0.14682114124298096,0.4881126880645752,0.020919663831591606,-0.7003784775733948,4.252624988555908,-1.042441964149475,0.1884155422449112,0.5854340195655823,-0.004486084450036287,0.3064919773682337,-0.5414712436294391,1.1506318589076212,-1.1139505365816562,-0.5321826346449552,1.6831215511547226,-0.23790549157056043,0.041037298854123265,0.06330882079565202,-0.13885512492019325,-0.4361854126719534,0.08085243616022396,1.7393923522018429,-0.16479200164602847,-1.6726897690439966,-0.2991327644717279,2.5374785939422932,1.414640590307662,7.0,1.0,47.97100067138672,48.2130012512207,48.04600143432617,1.67,35.59,51.38,0.528,0.509,1.243,0,1,0
1777637021.2707262,3535.968,1.7377781867980957,-0.16509515443910772,-1.6727460066424769,-0.300300423298971,2.54132342338562,1.4148343801498413,-0.18846233189105988,-0.04001133143901825,-0.0076187714003026485,-0.14760731160640717,0.48485299944877625,0.01980752684175968,-0.8102417588233948,4.348755359649658,-1.0357165336608887,0.0269165076315403,0.7559052109718323,0.008972168900072575,0.3045713587565529,-0.5411390724323287,1.1511601526780746,-1.1178650783284516,-0.5339672369279516,1.6824944102265607,-0.23610021614730523,0.041947379326803536,0.0626010618592961,-0.13983855000540166,-0.43317900221695216,0.08100110516710665,1.7378757637018978,-0.165113880998069,-1.6727531764621801,-0.3003325563815382,2.541391037593832,1.4148168199625684,7.0,1.0,47.97100067138672,48.2130012512207,48.04600143432617,1.67,35.59,51.38,0.528,0.509,1.243,0,1,0
1777637021.2779977,3535.9759999999997,1.7362782955169678,-0.1654422918902796,-1.6727936903582972,-0.3015831152545374,2.5452494621276855,1.4150022268295288,-0.18924209475517273,-0.04139191657304764,-0.0068517811596393585,-0.1498507559299469,0.49238866567611694,0.01848446950316429,-0.5310059189796448,4.389954090118408,-0.8160190582275391,0.1256103664636612,0.5473023056983948,0.0560760572552681,0.30266734078763285,-0.5407449694366635,1.1516901636198618,-1.1218386904663389,-0.535659312059841,1.6819418909319062,-0.23856253352694612,0.04313825820695919,0.06342947526016567,-0.14119824586742402,-0.4395113451399168,0.08427579195345287,1.7363599100479985,-0.1654410585023367,-1.6728071083177136,-0.3015425284607849,2.545305427858783,1.4149793667948918,7.0,1.0,47.97100067138672,48.2130012512207,48.04600143432617,1.67,35.59,51.38,0.528,0.509,1.243,0,1,0
1777637021.2939997,3535.984,1.7348147630691528,-0.16572982469667608,-1.6728299299823206,-0.30279380479921514,2.5490314960479736,1.415145993232727,-0.19050763547420502,-0.042082205414772034,-0.0027867318131029606,-0.15113545954227448,0.49202436208724976,0.016509467735886574,-0.6683350205421448,4.234314441680908,-0.9998475313186646,-0.02243042178452015,0.5764618515968323,0.0560760572552681,0.30083394597914,-0.5404383251801871,1.1521657309959743,-1.125590134384057,-0.5373359329861901,1.6813536491188992,-0.23873463601284944,0.040054455730237734,0.06350009727973917,-0.13821818035564346,-0.43859236361874654,0.0824794855369503,1.7348447724202558,-0.16577350584750317,-1.6728515899241163,-0.30276288634900883,2.5492217515937368,1.4151280593630124,7.0,1.0,47.97100067138672,48.2130012512207,48.04600143432617,1.67,35.59,51.38,0.528,0.509,1.243,0,1,0
1777637021.2941735,3535.9919999999997,1.7333627939224243,-0.16608935991396123,-1.6728060881244105,-0.303993050252096,2.5528979301452637,1.4152894020080566,-0.18802769482135773,-0.042695797979831696,-0.0017512948252260685,-0.15165318548679352,0.49179425835609436,0.01606844924390316,-0.5722046494483948,4.188538074493408,-0.9550113081932068,0.1794433742761612,0.5719757676124573,0.0829925611615181,0.29898497026849424,-0.5401127012682122,1.152682039395065,-1.1293898604475492,-0.5390981871360722,1.6807796460167475,-0.23722433386874547,0.040935354548211796,0.06338132187663935,-0.13869835377223902,-0.43790620945369507,0.08521554032695236,1.7333303318150315,-0.1661111938826938,-1.6728866466706096,-0.30399384121081763,2.5531399957315,1.4152627212317561,7.0,1.0,47.97100067138672,48.2130012512207,48.04600143432617,1.67,35.59,51.38,0.528,0.509,1.243,0,1,0
1777637021.2948043,3535.9919999999997,1.7333627939224243,-0.16608935991396123,-1.6728060881244105,-0.303993050252096,2.5528979301452637,1.4152894020080566,-0.18802769482135773,-0.042695797979831696,-0.0017512948252260685,-0.15165318548679352,0.49179425835609436,0.01606844924390316,-0.5722046494483948,4.188538074493408,-0.9550113081932068,0.1794433742761612,0.5719757676124573,0.0829925611615181,0.29898497026849424,-0.5401127012682122,1.152682039395065,-1.1293898604475492,-0.5390981871360722,1.6807796460167475,-0.23722433386874547,0.040935354548211796,0.06338132187663935,-0.13869835377223902,-0.43790620945369507,0.08521554032695236,1.7333303318150315,-0.1661111938826938,-1.6728866466706096,-0.30399384121081763,2.5531399957315,1.4152627212317561,7.0,1.0,47.97100067138672,48.2130012512207,48.04600143432617,2.23,33.21,53.57,0.37,0.69,1.408,0,0,1
1777637021.2992663,3536.0,1.7318872213363647,-0.1663764158831995,-1.6728299299823206,-0.30519181886781865,2.5567760467529297,1.4153972864151,-0.18811717629432678,-0.04301537945866585,-0.0012655341997742653,-0.15431846678256989,0.4930214285850525,0.01353738084435463,-0.9933472871780396,3.977966785430908,-0.9303513765335083,0.008972168900072575,0.7334747910499573,0.1076660305261612,0.2971240039093754,-0.5398317462160814,1.153150739580822,-1.1331612800790174,-0.5408862756004491,1.680149580972998,-0.2377511838159854,0.041399049058846074,0.06338588720900135,-0.1395276440723807,-0.439155674193623,0.0851917972219207,1.731816569046103,-0.16645409258957589,-1.6729123040294684,-0.3052356099266591,2.5570601472748478,1.415383170800779,7.0,1.0,47.97100067138672,48.22800064086914,48.04600143432617,2.23,33.21,53.57,0.37,0.69,1.408,0,1,0
1777637021.3067803,3536.008,1.7304109334945679,-0.16674739519228154,-1.6728299299823206,-0.30648643175234014,2.5606064796447754,1.4155410528182983,-0.18846233189105988,-0.04412751644849777,-0.000997087568975985,-0.15947647392749786,0.4932131767272949,0.012636166997253895,-0.6591797471046448,3.964233875274658,-0.8787897229194641,0.1996307522058487,0.5899201035499573,0.0560760572552681,0.2952612270371825,-0.5394381597126298,1.1536754167227503,-1.1370535245320936,-0.5425002788530568,1.679609223127705,-0.2383596578401571,0.04421191842067483,0.06413267998224904,-0.14538178085707185,-0.4398106688420727,0.08517202566476931,1.7303034647458415,-0.1668021710533658,-1.6729285875635451,-0.30648841529164095,2.5609821932900436,1.4154892211258412,7.0,1.0,47.97100067138672,48.22800064086914,48.04600143432617,2.23,33.21,53.57,0.37,0.69,1.408,0,1,0
1777637021.3139892,3536.0159999999996,1.7289589643478394,-0.1671069304095667,-1.6728656927691858,-0.30782968202699834,2.5646278858184814,1.4155890941619873,-0.18933157622814178,-0.04394854977726936,-0.0006647250265814364,-0.15934225916862488,0.49261876940727234,0.012501943856477737,-1.1535645723342896,4.028320789337158,-0.7599737644195557,0.0986938551068306,0.5899201035499573,0.0762634351849556,0.29335407424833126,-0.5390265129625387,1.1541998546002452,-1.141075010629479,-0.5443105228378358,1.6790387587482334,-0.2384546331211054,0.04379313242818917,0.06340674191233069,-0.14544820460997626,-0.43858228300604596,0.08459629801928369,1.7287909993664072,-0.1671553974327109,-1.6729355229339662,-0.3077524862227783,2.56490612090012,1.415580679732615,7.0,1.0,47.97100067138672,48.22800064086914,48.04600143432617,2.23,33.21,53.57,0.37,0.69,1.408,0,1,0
1777637021.3215435,3536.024,1.7274830341339111,-0.16745406786073858,-1.6728299299823206,-0.30905181566347295,2.568685293197632,1.4156609773635864,-0.18933157622814178,-0.04440874606370926,-0.0006647250265814364,-0.1592080295085907,0.4903561472892761,0.008130098693072796,-0.9750367403030396,4.101562976837158,-0.6590923070907593,0.3117828667163849,0.5742188096046448,0.0986938551068306,0.29144770377106277,-0.5387348243451678,1.154700321585535,-1.1449546615964026,-0.5462624981337644,1.6783994134798887,-0.23809468908402165,0.043357670071977265,0.06294781121950084,-0.14297310493281057,-0.4368423609206507,0.0819769649293845,1.7272791531809635,-0.1675137389283874,-1.6729331359080124,-0.309028057975099,2.568831917277893,1.4156573484226571,7.0,1.0,47.97100067138672,48.22800064086914,48.04600143432617,2.23,33.21,53.57,0.37,0.69,1.408,0,1,0
1777637021.3289657,3536.0319999999997,1.725995421409607,-0.16781360307802373,-1.672757927571432,-0.3102629820453089,2.5726592540740967,1.4157447814941406,-0.189855694770813,-0.04603220894932747,0.002198705915361643,-0.1620650738477707,0.48826608061790466,0.006442719604820013,-1.1672974824905396,4.124451160430908,-0.6142560839653015,0.0807495191693306,0.7402039170265198,0.0448608435690403,0.28956100733289847,-0.5384631823146827,1.1552002585463381,-1.1487614387396161,-0.5481381341530023,1.6777516060615063,-0.23784897504818112,0.04322611414591766,0.06367131069039414,-0.1440921141518718,-0.43504248961036485,0.08014248299304016,1.7257679062849087,-0.16787716175075307,-1.6729214523671825,-0.31031537236704043,2.5727595696387175,1.4157190230711658,7.0,1.0,48.0,48.22800064086914,48.029998779296875,2.23,33.21,53.57,0.37,0.69,1.408,0,1,0
1777637021.3382626,3536.04,1.7243996858596802,-0.1681731382953089,-1.672757927571432,-0.3116534391986292,2.576573133468628,1.4157683849334717,-0.19225892424583435,-0.0465691015124321,0.002198705915361643,-0.16350318491458893,0.4932323694229126,0.005062136799097061,-0.7690430283546448,4.188538074493408,-0.6254651546478271,0.2355194389820099,0.5248718857765198,0.01794433780014515,0.28760716706124106,-0.538104263271719,1.1557135499410405,-1.1527301548403734,-0.5497392302954754,1.6770554262985604,-0.24043993928752674,0.04355469727470267,0.06373441077621864,-0.14495455726375922,-0.43898251272071764,0.08054288339959799,1.7242572385971204,-0.16824563108591128,-1.672900498315439,-0.31161467801559617,2.576689065232956,1.4157654934161157,7.0,1.0,48.0,48.22800064086914,48.029998779296875,2.23,33.21,53.57,0.37,0.69,1.408,0,1,0
1777637021.343239,3536.048,1.7228758335113525,-0.16852027574648076,-1.6727340857135218,-0.3129485289203089,2.5804152488708496,1.4157447814941406,-0.19109566509723663,-0.04580210894346237,0.0023009711876511574,-0.16350318491458893,0.4956100285053253,-0.0006711166352033615,-0.8972169160842896,4.138184070587158,-0.4528457224369049,0.0650482252240181,0.5607605576515198,0.0022430422250181437,0.28571917953440856,-0.5378034677305761,1.156200933943102,-1.1565149654035092,-0.5514247109522913,1.6763372858128816,-0.2404369513739057,0.04170206059737727,0.0627438141583063,-0.13946993457928242,-0.44105850112810313,0.08113307792127598,1.7227471298612274,-0.16861911106049732,-1.6728702998876432,-0.3129262305817271,2.5806203913381522,1.4157965428383226,7.0,1.0,48.0,48.22800064086914,48.029998779296875,2.23,33.21,53.57,0.37,0.69,1.408,0,1,0
1777637021.3499937,3536.056,1.7213159799575806,-0.16890317598451787,-1.6727340857135218,-0.3142436186419886,2.58432936668396,1.4157328605651855,-0.19064824283123016,-0.04742557555437088,0.005343366414308548,-0.16580414772033691,0.49238866567611694,-0.0006711166352033615,-0.7598877549171448,4.147339344024658,-0.4550875425338745,0.2041168361902237,0.5473023056983948,0.004486084450036287,0.28378728792989627,-0.5374492905351839,1.156706232018415,-1.1604005061955591,-0.553106488026914,1.6756255326622445,-0.23919590351350725,0.042022697633992155,0.06337902709173754,-0.14151363527776004,-0.4378724553303164,0.08050276252396135,1.7212375596468932,-0.16899756470505078,-1.6728308833581815,-0.3142502930265332,2.584553535250897,1.4158119481320024,7.0,1.0,48.0,48.22800064086914,48.029998779296875,2.23,33.21,53.57,0.37,0.69,1.408,0,1,0
1777637021.3572633,3536.064,1.7197800874710083,-0.16932231584657842,-1.6726978460894983,-0.3155139128314417,2.588195323944092,1.4157328605651855,-0.190379798412323,-0.04825647920370102,0.003579288488253951,-0.16666701436042786,0.49430614709854126,-0.0006711166352033615,-0.8697510361671448,3.996277332305908,-0.3743823766708374,0.02243042178452015,0.6616974472999573,-0.0785064771771431,0.2818831241325236,-0.5370860844999111,1.1572244743102573,-1.164238334201945,-0.5547632351487077,1.6749402418693309,-0.2397720173462522,0.04525459469762657,0.0634059958283996,-0.14542931114844848,-0.4393096030071709,0.08250495747949324,1.7197285073511257,-0.16938095391587105,-1.6727822751497836,-0.3155871358787543,2.588488484278365,1.4158114792653196,7.0,1.0,48.0,48.22800064086914,48.029998779296875,2.23,33.21,53.57,0.37,0.69,1.408,0,1,0
1777637021.364687,3536.0719999999997,1.718232274055481,-0.16965800920595342,-1.6726258436786097,-0.3168447653399866,2.592085361480713,1.4156489372253418,-0.19077607989311218,-0.048767805099487305,0.010661167092621326,-0.16967745125293732,0.49430614709854126,-0.01014344859868288,-0.4623413681983948,3.996277332305908,-0.3497224450111389,0.0964508131146431,0.5540314316749573,0.01345825381577015,0.279977330259301,-0.5368432171152836,1.1576987740689744,-1.1680030948534095,-0.5565131534784808,1.6741563401720292,-0.23964199305286862,0.037922641526557284,0.06361497848002576,-0.13424050245480698,-0.43960955762678755,0.07868993081508623,1.7182199521996018,-0.1697692394153174,-1.6727245018425378,-0.316937037514168,2.5924252257295133,1.415794899130435,7.0,1.0,48.0,48.25899887084961,48.029998779296875,2.23,33.21,53.57,0.37,0.69,1.408,0,1,0
1777637021.3719072,3536.08,1.7167080640792847,-0.1700652281390589,-1.6726020018206995,-0.31823522249330694,2.596106767654419,1.4156489372253418,-0.18862850964069366,-0.0507875494658947,0.005023787263780832,-0.17011846601963043,0.4951498210430145,-0.003624029690399766,-1.0345460176467896,4.051208972930908,-0.38110780715942383,-0.01345825381577015,0.5831909775733948,-0.1233673244714737,0.2780373691637505,-0.5364290726112869,1.1582201679247688,-1.1720312999056781,-0.5582400069225325,1.6735362028634397,-0.2392388138233072,0.04820935772004449,0.06416022263488037,-0.14867186171880376,-0.43977688296738965,0.08484538575579603,1.7167118732480176,-0.17016238071043954,-1.6726575901830945,-0.3183002844475311,2.5963637469059178,1.4157619632824914,7.0,1.0,48.0,48.25899887084961,48.029998779296875,2.23,33.21,53.57,0.37,0.69,1.408,0,1,0
1777637021.3857353,3536.0879999999997,1.7151602506637573,-0.17046004930605108,-1.6725056807147425,-0.31957847276796514,2.6002001762390137,1.4155291318893433,-0.18837285041809082,-0.05224483087658882,0.020811006426811218,-0.1729946881532669,0.4901260435581207,-0.01660534180700779,-0.7553101181983948,3.968811511993408,-0.33851340413093567,0.1884155422449112,0.6258087754249573,-0.0628051832318306,0.27607615330792135,-0.5361512379427866,1.1587268884476745,-1.175936776388341,-0.560167122858728,1.672750587181769,-0.2366804522303568,0.033045439668145514,0.06497816834217664,-0.127126764351546,-0.4353273334079899,0.07751155305412055,1.7152042493834607,-0.17056033604988485,-1.6725815670940767,-0.3196771716376823,2.6003040350922326,1.4157124196669755,7.0,1.0,48.0,48.25899887084961,48.029998779296875,2.23,33.21,53.57,0.37,0.69,1.408,0,1,0
1777637021.388255,3536.096,1.7136486768722534,-0.17086726823915654,-1.6724217573748987,-0.3210046927081507,2.604138135910034,1.4155170917510986,-0.18742689490318298,-0.05437961965799332,0.005547897424548864,-0.17393425107002258,0.49238866567611694,-0.008973787538707256,-0.9201050996780396,4.252624988555908,-0.3519642651081085,0.02018737979233265,0.6931000351905823,-0.1816864162683487,0.2741717735039474,-0.5357709525154568,1.1592426117504229,-1.179885707738282,-0.5618346166386745,1.6721322771005205,-0.2385280694546272,0.052418989740739066,0.06538033498897071,-0.15251179260613995,-0.43795337869125683,0.08365518331022131,1.7136970593258043,-0.17096306237897885,-1.6724964596836767,-0.3210680028065358,2.6042460775462533,1.4156460083348452,7.0,1.0,48.0,48.25899887084961,48.029998779296875,2.23,33.21,53.57,0.37,0.69,1.408,0,1,0
1777637021.3932083,3536.104,1.7121248245239258,-0.171274487172262,-1.6723139921771448,-0.3224557081805628,2.6080880165100098,1.415385365486145,-0.18751637637615204,-0.05175906792283058,0.02148851379752159,-0.17727066576480865,0.493692547082901,-0.0175640806555748,-0.8560181260108948,4.440308094024658,-0.3183371126651764,0.2130890041589737,0.5876770615577698,-0.0874786451458931,0.27225438978535654,-0.5354388271856121,1.159756415418483,-1.1837872372926734,-0.5635612532730486,1.6714082428436088,-0.2368765278612182,0.034190426965368906,0.06419708557876501,-0.13032164846383054,-0.43747732239893755,0.08149012660724127,1.712190281629125,-0.1713705152928915,-1.6724022952554538,-0.3224730907726743,2.60818986148856,1.4155624611447797,7.0,1.0,48.0,48.25899887084961,48.01499938964844,2.23,33.21,53.57,0.37,0.69,1.408,0,1,0
1777637021.4004471,3536.1119999999996,1.7106369733810425,-0.17175370851625615,-1.672206226979391,-0.32387000719179326,2.6119775772094727,1.4152538776397705,-0.18700504302978516,-0.050161171704530716,0.008104532025754452,-0.178593710064888,0.49831366539001465,-0.0197308287024498,-1.0025025606155396,4.412842273712158,-0.3497224450111389,0.0740203931927681,0.5383301377296448,-0.1973877102136612,0.27036425672763126,-0.5350327218930327,1.160300583974351,-1.1876771095228256,-0.5652249407691079,1.67073411620544,-0.23926386340278136,0.04513560954402836,0.06250129272649654,-0.14149923658704092,-0.4427516455869523,0.08443628939084036,1.7106838946831493,-0.17178264898779094,-1.672299101318326,-0.32389275780034943,2.612135374091721,1.415461501451863,7.0,1.0,48.0,48.25899887084961,48.01499938964844,2.23,33.21,53.57,0.37,0.69,1.408,0,1,0
1777637021.407746,3536.12,1.7090771198272705,-0.17214900652040654,-1.6721347014056605,-0.32528525987734014,2.6158196926116943,1.415134072303772,-0.18717122077941895,-0.05301181972026825,0.02046586014330387,-0.1776733249425888,0.49407604336738586,-0.015186410397291183,-0.7461548447608948,4.385376453399658,-0.2891935706138611,0.1906585842370987,0.6841278672218323,-0.2243042290210724,0.2684568192627308,-0.5346907523294474,1.1607903884046906,-1.1915109677076834,-0.5668150341128854,1.6699964532102123,-0.23660895312576335,0.038123121545995675,0.06383967158511734,-0.1364757530303308,-0.4363788680737603,0.08458171904247541,1.7091778767147252,-0.17219941620988344,-1.6721869055967495,-0.32532733596469754,2.616082602469033,1.4153428437819828,7.0,1.0,48.0,48.25899887084961,48.01499938964844,2.23,33.21,53.57,0.37,0.69,1.408,0,1,0
1777637021.4146938,3536.1279999999997,1.707565188407898,-0.17263967195619756,-1.6720259825335901,-0.3267596403705042,2.6196978092193604,1.4149538278579712,-0.18862850964069366,-0.05524887517094612,0.00942119862884283,-0.1817767322063446,0.4991573691368103,-0.018752915784716606,-0.6408692002296448,4.101562976837158,-0.24435734748840332,0.1099090725183487,0.6280518174171448,-0.2400055229663849,0.2665525499775365,-0.5342655590641332,1.1613382776832668,-1.1954293409268266,-0.5684202565156621,1.6692996979105137,-0.2405800925911836,0.05095306687059824,0.0646884888886029,-0.15060313934610103,-0.442762162513617,0.08529534884094751,1.7076722057893203,-0.1726207682022265,-1.6720657360410938,-0.32677716753406294,2.6200315336627713,1.415206193491177,7.0,1.0,48.0,48.25899887084961,48.01499938964844,2.23,33.21,53.57,0.37,0.69,1.408,0,1,0
1777637021.4219196,3536.136,1.7060773372650146,-0.17307073274721319,-1.6719306151019495,-0.32818633714784795,2.623671531677246,1.4148343801498413,-0.18724793195724487,-0.05565793812274933,0.021373465657234192,-0.1820259988307953,0.49645373225212097,-0.020785439759492874,-0.8468628525733948,4.014587879180908,-0.1883120834827423,0.1300964504480362,0.5742188096046448,-0.3117828667163849,0.2646521395311747,-0.5338812987711735,1.1618446712389092,-1.1993492285468483,-0.5701647372660744,1.6686441933396923,-0.23763114141205455,0.04068032183503223,0.06473427269743244,-0.13859086229252085,-0.43857955253737835,0.08514920453022373,1.70616685981255,-0.17304665464920266,-1.6719356208381937,-0.328242605370364,2.6239821546319284,1.415051246409106,7.0,1.0,48.0,48.25899887084961,48.01499938964844,2.23,33.21,53.57,0.37,0.69,1.408,0,1,0
1777637021.4294927,3536.144,1.704553484916687,-0.17348987260927373,-1.6718466917621058,-0.3297327200519007,2.627776861190796,1.4147025346755981,-0.18793821334838867,-0.05662946030497551,0.010635600425302982,-0.1861102283000946,0.49729740619659424,-0.021015537902712822,-0.7781983017921448,4.023743152618408,-0.033627159893512726,0.2086029201745987,0.5585175156593323,-0.3252411186695099,0.2626950892483593,-0.5334664607552196,1.162355962455397,-1.2034426235127131,-0.5719351402427406,1.6680005826445121,-0.23970641761122918,0.053198761514770015,0.06475576547344278,-0.15463883367343303,-0.4406880835181583,0.08563958485554893,1.7046618165317353,-0.17347702361853568,-1.671796588422084,-0.32972401334848556,2.627934452239406,1.414877688465789,7.0,1.0,48.0,48.18299865722656,48.01499938964844,2.23,33.21,53.57,0.37,0.69,1.408,0,1,0
1777637021.439108,3536.152,1.7031258344650269,-0.1739447752581995,-1.671666447316305,-0.3312314192401331,2.631834030151367,1.4145227670669556,-0.18777203559875488,-0.05361263081431389,0.019711652770638466,-0.18515148758888245,0.49261876940727234,-0.02304806187748909,-0.7507324814796448,4.151916980743408,-0.12105777114629745,0.004486084450036287,0.7402039170265198,-0.3521576225757599,0.2608099065845796,-0.5331063923800482,1.1628791759773507,-1.2073824807053777,-0.5738193466412931,1.6673613522961364,-0.23677524860489313,0.04129023697402495,0.0625955710589768,-0.14105242273441332,-0.4346955400071623,0.08316241630971966,1.7031570535374958,-0.17391182150070428,-1.6716486674849076,-0.33122176679578175,2.631888413238635,1.4146851953006772,7.0,1.0,48.0,48.18299865722656,48.01499938964844,2.23,33.21,53.57,0.37,0.69,1.408,0,1,0
1777637021.4393234,3536.152,1.7031258344650269,-0.1739447752581995,-1.671666447316305,-0.3312314192401331,2.631834030151367,1.4145227670669556,-0.18777203559875488,-0.05361263081431389,0.019711652770638466,-0.18515148758888245,0.49261876940727234,-0.02304806187748909,-0.7507324814796448,4.151916980743408,-0.12105777114629745,0.004486084450036287,0.7402039170265198,-0.3521576225757599,0.2608099065845796,-0.5331063923800482,1.1628791759773507,-1.2073824807053777,-0.5738193466412931,1.6673613522961364,-0.23677524860489313,0.04129023697402495,0.0625955710589768,-0.14105242273441332,-0.4346955400071623,0.08316241630971966,1.7031570535374958,-0.17391182150070428,-1.6716486674849076,-0.33122176679578175,2.631888413238635,1.4146851953006772,7.0,1.0,48.0,48.18299865722656,48.01499938964844,4.1,34.38,55.76,0.394,0.821,1.297,0,0,1
1777637021.4434695,3536.16,1.7016738653182983,-0.17435199419130498,-1.671558682118551,-0.3327420393573206,2.6358437538146973,1.4143434762954712,-0.18724793195724487,-0.0534464493393898,0.016388028860092163,-0.1874908059835434,0.4955141544342041,-0.026748791337013245,-0.8651733994483948,4.147339344024658,0.01569267362356186,0.1166381984949112,0.6370239853858948,-0.3454284965991974,0.2589219447146997,-0.5327266569043586,1.1633683039455478,-1.2113256195940174,-0.5756114831226836,1.666722068645349,-0.23770825393113323,0.04440928946227214,0.06208011833253563,-0.14348959833856775,-0.4376176771265873,0.0846697303923964,1.7016525482653724,-0.17435099294564171,-1.6714918869879778,-0.3327362529527793,2.6358440242595895,1.414473431853092,7.0,1.0,48.0,48.18299865722656,48.01499938964844,4.1,34.38,55.76,0.394,0.821,1.297,0,1,0
1777637021.4507017,3536.1679999999997,1.7001858949661255,-0.17475921312441045,-1.6713669935809534,-0.3343246618853968,2.6397817134857178,1.414103388786316,-0.18777203559875488,-0.055210527032613754,0.020312462002038956,-0.190117746591568,0.4951498210430145,-0.028896363452076912,-1.0025025606155396,4.055786609649658,-0.14795950055122375,-0.006729126907885075,0.5450592637062073,-0.3297272026538849,0.2570373102560095,-0.5324201194497603,1.1638624172814067,-1.215189600034484,-0.5773447953243342,1.6660027461494078,-0.23769710348342002,0.04320177394209186,0.06293581318919127,-0.142718565146989,-0.4369622433995232,0.08392222092310064,1.7001482779974884,-0.17479448079654603,-1.671326276173004,-0.3342678714563059,2.639801271794167,1.4142420519329804,7.0,1.0,48.0,48.18299865722656,48.01499938964844,4.1,34.38,55.76,0.394,0.821,1.297,0,1,0
1777637021.4579277,3536.176,1.698733925819397,-0.1752265135394495,-1.6712115446673792,-0.33585912386049444,2.6436591148376465,1.4138760566711426,-0.18777203559875488,-0.05746036395430565,0.02173139527440071,-0.19176678359508514,0.49716317653656006,-0.029950976371765137,-0.8514404892921448,3.987122058868408,-0.06949612498283386,0.0762634351849556,0.5024414658546448,-0.2444916069507599,0.25517916796083384,-0.5320195511395008,1.1643776801210879,-1.2190573863519443,-0.5790006213966902,1.6653495816072372,-0.23823316193570834,0.04484109053203679,0.06390443839870302,-0.14465901747332593,-0.4383135790575624,0.08551312907407199,1.6986442198642449,-0.1752422260206714,-1.6711518645734458,-0.33581703484630765,2.643760142180886,1.4139906977708856,7.0,1.0,48.0,48.18299865722656,48.07600021362305,4.1,34.38,55.76,0.394,0.821,1.297,0,1,0
1777637021.4653788,3536.1839999999997,1.6972464323043823,-0.17560941377748662,-1.6709955374347132,-0.337381664906637,2.647620916366577,1.4136123657226562,-0.18820665776729584,-0.05669337511062622,0.02292023040354252,-0.1956976056098938,0.4962236285209656,-0.03363252803683281,-0.9750367403030396,4.042053699493408,-0.14347587525844574,0.0807495191693306,0.6572113633155823,-0.1951446682214737,0.2533001658204186,-0.5317846069617506,1.1648436436759164,-1.2228291733070247,-0.5808376643702905,1.6645799388572908,-0.23818287507691166,0.04361790125072315,0.06335597376369306,-0.14403230185735544,-0.43764787133152033,0.08390006276030021,1.6971403508460583,-0.17569416763692924,-1.6709686820260021,-0.33738416909770663,2.6477206215888773,1.4137189995459478,7.0,1.0,48.0,48.18299865722656,48.07600021362305,4.1,34.38,55.76,0.394,0.821,1.297,0,1,0
1777637021.4726248,3536.192,1.6957944631576538,-0.1760647932635706,-1.6708391348468226,-0.33898812929262334,2.651486873626709,1.4133610725402832,-0.18880747258663177,-0.05655276030302048,0.0252212006598711,-0.1984395980834961,0.49591681361198425,-0.03399685025215149,-0.9246827363967896,3.955078601837158,-0.12105777114629745,0.0672912672162056,0.6123505234718323,-0.1816864162683487,0.25144513482457936,-0.5313712656271541,1.165351027862533,-1.2267230645909064,-0.5824480509900978,1.6639427684499442,-0.23805730601650424,0.04249428414937277,0.06310817130368825,-0.14468126005134296,-0.4367060284016951,0.08386849314628717,1.6956366477751383,-0.17615024264011314,-1.6707767586821962,-0.33896971417876554,2.6516826960011155,1.4134265748906805,7.0,1.0,48.0,48.18299865722656,48.07600021362305,4.1,34.38,55.76,0.394,0.821,1.297,0,1,0
1777637021.518665,3536.2,1.6942706108093262,-0.17648345628847295,-1.6705992857562464,-0.34061891237367803,2.65549635887146,1.4130851030349731,-0.18837285041809082,-0.055453408509492874,0.026320554316043854,-0.1972891092300415,0.49829450249671936,-0.037103161215782166,-0.9658814668655396,3.955078601837158,-0.16813579201698303,0.2983246147632599,0.5630035996437073,-0.2130890041589737,0.24953054585303622,-0.5310887704166055,1.1658419564926061,-1.2306156890272317,-0.5842244232914194,1.6631936011481026,-0.23802863753720632,0.03942807379566601,0.061851693381140486,-0.1389529060807396,-0.4378975236522007,0.08535645706114056,1.694133087337309,-0.1766103859215873,-1.6705761250200561,-0.3405741246374765,2.6556463511968564,1.4131130283711848,7.0,1.0,48.0,48.18299865722656,48.07600021362305,4.1,34.38,55.76,0.394,0.821,1.297,0,1,0
1777637021.5742753,3536.2079999999996,1.6927464008331299,-0.17697507539858037,-1.6703837553607386,-0.34216529527773076,2.659529447555542,1.4127858877182007,-0.18990682065486908,-0.057140786200761795,0.026767965406179428,-0.20329080522060394,0.4932131767272949,-0.040592968463897705,-0.7690430283546448,3.996277332305908,-0.215213805437088,0.0628051832318306,0.5831909775733948,-0.2826233208179474,0.24760256160021094,-0.5307449872737491,1.1663586099904486,-1.234518747649498,-0.5860236243747947,1.662437105569061,-0.23800312180864625,0.042079666717087634,0.06279088025213679,-0.1441400226545616,-0.4344490542870367,0.08041931275371378,1.6926296460738761,-0.1770745301862231,-1.6703668118558541,-0.3421978702176407,2.6596115727332275,1.4127779509413783,7.0,1.0,48.0,48.18299865722656,48.07600021362305,4.1,34.38,55.76,0.394,0.821,1.297,0,1,0
1777637021.580818,3536.216,1.691186547279358,-0.17742997804750615,-1.670192066823141,-0.3438676039325159,2.663623332977295,1.4124506711959839,-0.18846233189105988,-0.05909661203622818,0.026269420981407166,-0.2030031830072403,0.49353915452957153,-0.042989812791347504,-1.0345460176467896,4.330444812774658,-0.1860702782869339,0.1278534084558487,0.7828217148780823,-0.3544006645679474,0.24563513640791163,-0.5303757741477511,1.166866820432697,-1.2385597341463614,-0.587775390663732,1.6616862509350614,-0.23747668772820113,0.044471028523849244,0.0632152097505917,-0.14474446924096776,-0.43449121550301434,0.08209198941479905,1.691126300383544,-0.17754260586538528,-1.6701488503558828,-0.3438414365063842,2.6635783459259232,1.4124209193697062,7.0,1.0,48.0,48.22800064086914,48.07600021362305,4.1,34.38,55.76,0.394,0.821,1.297,0,1,0
1777637021.5809913,3536.2239999999997,1.689698576927185,-0.17793304124941045,-1.669976059590475,-0.34548646608461553,2.6676204204559326,1.4121031761169434,-0.18828336894512177,-0.06083512306213379,0.029260683804750443,-0.206761434674263,0.4923119843006134,-0.04657549411058426,-0.9567261934280396,4.316711902618408,-0.1838284581899643,0.2018737941980362,0.6549683213233948,-0.3880462944507599,0.24373180918443332,-0.5299918865853195,1.1673874302207246,-1.242477548582526,-0.5895270322579943,1.6609675136616595,-0.2370722126830215,0.044296578658552084,0.06410733870487516,-0.1447097171420631,-0.43353754767632396,0.08114627666764192,1.689623026524382,-0.1780145410257452,-1.6699222720482316,-0.34550532561498937,2.667546655828956,1.4120414956367264,7.0,1.0,48.0,48.22800064086914,48.07600021362305,4.1,34.38,55.76,0.394,0.821,1.297,0,1,0
1777637021.5812664,3536.232,1.6881747245788574,-0.17844802538026983,-1.6697362104998987,-0.34710437456239873,2.6714982986450195,1.4116836786270142,-0.18897365033626556,-0.06302104890346527,0.02979757823050022,-0.2095993012189865,0.499368280172348,-0.04904903843998909,-0.9658814668655396,4.202270984649658,-0.0807051807641983,-0.011215210892260075,0.5809479355812073,-0.4082336723804474,0.24183823478886385,-0.5296426675923211,1.1679088318686428,-1.2462806077049542,-0.5911804035330219,1.660160561448529,-0.23937691918747034,0.04646012044310595,0.06516287918422073,-0.14685299636556695,-0.4393087427072023,0.08458313182478182,1.6881198006158473,-0.17849026127369427,-1.6696871088345402,-0.34719005689503746,2.6715164872133967,1.4116392263018194,7.0,1.0,48.0,48.22800064086914,48.07600021362305,4.1,34.38,55.76,0.394,0.821,1.297,0,1,0
1777637021.591695,3536.24,1.6866272687911987,-0.17889100710024053,-1.6694963614093226,-0.3488071600543421,2.6754119396209717,1.4113001823425293,-0.18897365033626556,-0.06107800453901291,0.03157443925738335,-0.2123604714870453,0.49570590257644653,-0.053881075233221054,-0.6683350205421448,4.014587879180908,-0.08294699341058731,0.0560760572552681,0.5787048935890198,-0.3454284965991974,0.23993213115633474,-0.5293285209275312,1.168395923537152,-1.2501324391237194,-0.5928212487578297,1.6593761874564095,-0.23817154223329112,0.04287845323162809,0.06381500720672163,-0.14248142134922498,-0.4361471012556671,0.08162338077702969,1.6866165986408654,-0.17896968965508808,-1.669443393001667,-0.3488961676920246,2.675487824545056,1.411213641837182,7.0,1.0,48.0,48.22800064086914,48.07600021362305,4.1,34.38,55.76,0.394,0.821,1.297,0,1,0
1777637021.5961242,3536.248,1.6851153373718262,-0.1794059912310999,-1.669244114552633,-0.3504980246173304,2.679361581802368,1.4108811616897583,-0.18786151707172394,-0.06084790453314781,0.032111331820487976,-0.21776774525642395,0.4979110062122345,-0.056047823280096054,-1.0528565645217896,3.964233875274658,-0.07622155547142029,0.1480407863855362,0.6751556992530823,-0.2310333549976349,0.23802950921829047,-0.5289556658909039,1.168917778939421,-1.2540199788100568,-0.5945061301301978,1.658619508826686,-0.23812873605257745,0.044136494391799896,0.06373023960971794,-0.14552433232821146,-0.43794590222562035,0.08420930177438869,1.6851133964479694,-0.17945274655008436,-1.66919115723325,-0.3506242141387128,2.6794606519610302,1.4107642559271218,7.0,1.0,48.0,48.22800064086914,48.01499938964844,4.1,34.38,55.76,0.394,0.821,1.297,0,1,0
1777637021.5962849,3536.256,1.6836035251617432,-0.17982513109316045,-1.6690166632281702,-0.3523204962359827,2.683215618133545,1.4103658199310303,-0.1881938874721527,-0.06107800453901291,0.03327460214495659,-0.21983861923217773,0.4979110062122345,-0.05775437876582146,-0.7736206650733948,4.042053699493408,-0.024659916758537292,0.01570129580795765,0.6661835312843323,-0.2534637749195099,0.23615016865922722,-0.5286325316506234,1.1693931510615954,-1.2578510276014965,-0.5961049409289126,1.6578151494866644,-0.23811633275536895,0.04386065586605646,0.0635571037944872,-0.14572657309411402,-0.4374539675638169,0.08426695751845185,1.6836101697535082,-0.17993934956276547,-1.6689304346210863,-0.35237477199069556,2.683434953245047,1.4102905647305344,7.0,1.0,47.97100067138672,48.22800064086914,48.01499938964844,4.1,34.38,55.76,0.394,0.821,1.297,0,1,0
1777637021.6007762,3536.2639999999997,1.6820436716079712,-0.18031627336610967,-1.6687286535846155,-0.35385448137392217,2.687225103378296,1.4098987579345703,-0.18724793195724487,-0.06325114518404007,0.034757450222969055,-0.22390367090702057,0.5019952058792114,-0.06174272671341896,-0.9201050996780396,4.335022449493408,0.053803451359272,0.1816864162683487,0.5181427597999573,-0.3656158745288849,0.2342231050299992,-0.5283979331480037,1.1698781121070456,-1.2615713529023833,-0.597983216358973,1.6569040659164607,-0.2388393895964817,0.04559663731210568,0.06470838808905402,-0.1470389309518988,-0.4410517186182994,0.08710992227687288,1.6821068941439181,-0.18042941340527108,-1.6686612586762806,-0.35414843750677694,2.6874107118015402,1.4097920461043079,7.0,1.0,47.97100067138672,48.22800064086914,48.01499938964844,4.1,34.38,55.76,0.394,0.821,1.297,0,1,0
1777637021.6009345,3536.272,1.6805437803268433,-0.18078309694399053,-1.6684530417071741,-0.35576087633241826,2.691401958465576,1.4093958139419556,-0.18665990233421326,-0.06680486351251602,0.036380913108587265,-0.2270483374595642,0.4959935247898102,-0.06513666361570358,-0.6866455674171448,4.261780261993408,-0.022418105974793434,0.2714081108570099,0.6101074814796448,-0.4104767143726349,0.2322717813973782,-0.5280328904191273,1.1703852322393118,-1.2656575406257624,-0.5998388338643217,1.6561729432421946,-0.23731887964190657,0.048582426959042815,0.06639063823367249,-0.15012511630139086,-0.43639164849656004,0.08402825320267122,1.6806035450780745,-0.1809228497760964,-1.668383663340098,-0.3559458283769974,2.691387910628364,1.4092681587852174,7.0,1.0,47.97100067138672,48.22800064086914,48.01499938964844,4.1,34.38,55.76,0.394,0.821,1.297,0,1,0
1777637021.6053565,3536.2799999999997,1.6790438890457153,-0.18127376237978154,-1.6681173483477991,-0.35757190385927373,2.6954593658447266,1.4088689088821411,-0.1864042431116104,-0.06336618959903717,0.039205994457006454,-0.2286590188741684,0.4959935247898102,-0.06916335970163345,-1.2359620332717896,4.161072254180908,-0.15020130574703217,0.0448608435690403,0.6145935654640198,-0.3902893364429474,0.2303585007288314,-0.5277367951695309,1.1708924132153824,-1.2695502266313923,-0.601678100076211,1.6553739179639413,-0.2364966377730703,0.04222852331977307,0.06420399012914847,-0.14238778372909588,-0.43559489057074186,0.08391199567348942,1.6791000978897117,-0.1814195672322363,-1.6680976829944285,-0.35776758470129444,2.6953665322880727,1.4087183415277365,7.0,1.0,47.97100067138672,48.22800064086914,48.01499938964844,4.1,34.38,55.76,0.394,0.821,1.297,0,1,0
1777637021.6103451,3536.288,1.6774721145629883,-0.18183690706361944,-1.6677940527545374,-0.35935765901674444,2.6994807720184326,1.4082577228546143,-0.1865704208612442,-0.06298269331455231,0.03947443887591362,-0.2303847372531891,0.49570590257644653,-0.07100413739681244,-1.0253907442092896,4.064941883087158,-0.23090648651123047,0.0919647291302681,0.6437531113624573,-0.2624359428882599,0.22840578129148922,-0.5274014288551445,1.171430478126683,-1.273432447601017,-0.6034322734102611,1.654480332898574,-0.23631066483753,0.042024718160355086,0.06359567740299894,-0.14241794882406095,-0.4348368621106151,0.08398882622509604,1.6775965277899323,-0.18191947105479755,-1.6678033524717897,-0.35961437002205354,2.699346558877663,1.4081420121949608,7.0,1.0,47.97100067138672,48.198001861572266,48.01499938964844,4.1,34.38,55.76,0.394,0.821,1.297,0,1,0
1777637021.610509,3536.296,1.67599618434906,-0.1823518911944788,-1.6674698034869593,-0.36125213304628545,2.703418493270874,1.4076944589614868,-0.18811717629432678,-0.06294434517621994,0.03942330554127693,-0.231285959482193,0.4996367394924164,-0.07644976675510406,-0.8834840059280396,4.087830066680908,-0.2129720002412796,0.2310333549976349,0.4867401719093323,-0.3521576225757599,0.22652973535556448,-0.5270347870530907,1.17194872674711,-1.2773231814333288,-0.6051046330461883,1.6537375091878754,-0.2381068456375982,0.040669352933457206,0.06307623913147666,-0.13852814798867336,-0.4379608265804862,0.08401815509637377,1.676092809869805,-0.18242246310770494,-1.6675007070647698,-0.361486872414007,2.7033279719966847,1.407538566799672,7.0,1.0,47.97100067138672,48.198001861572266,48.01499938964844,4.1,34.38,55.76,0.394,0.821,1.297,0,1,0
1777637021.6108246,3536.3039999999996,1.6745202541351318,-0.18283063570131475,-1.6671579519854944,-0.3631342093097132,2.7073919773101807,1.4070719480514526,-0.1865704208612442,-0.06548819690942764,0.03930825740098953,-0.2362905740737915,0.49737411737442017,-0.07100413739681244,-0.7415772080421448,4.302978992462158,-0.2107301950454712,0.011215210892260075,0.5226288437843323,-0.5091705918312073,0.22464757733136814,-0.5267146208883052,1.1724403473179759,-1.2811718859063022,-0.6068675030070174,1.6529392266442993,-0.23666089423419878,0.04766328420764457,0.06444066330521876,-0.15200729016300424,-0.43522166571393317,0.08709943935224312,1.6745939967799524,-0.18292672849852565,-1.6671908461881149,-0.36337934922820825,2.707297304010893,1.4069095569498549,7.0,1.0,47.97100067138672,48.198001861572266,48.01499938964844,4.1,34.38,55.76,0.394,0.821,1.297,0,1,0
1777637021.6110058,3536.312,1.673020362854004,-0.18336993852724248,-1.6668465773211878,-0.3650286833392542,2.711245536804199,1.406424880027771,-0.1811375617980957,-0.0628676488995552,0.039090946316719055,-0.23362527787685394,0.48220688104629517,-0.0784631222486496,-0.7965088486671448,4.357910633087158,-0.15020130574703217,-0.0493469275534153,0.5473023056983948,-0.5338440537452698,0.2227762256364892,-0.5263336036504942,1.172961046821628,-1.284995722764211,-0.6084558269137416,1.6521407031677393,-0.22978385848872387,0.043821561951831324,0.06203182721132745,-0.14192545361790937,-0.4227890503890682,0.08204055106283248,1.6731481526553986,-0.18341579197421343,-1.6668842001614816,-0.3652307278948932,2.711127463391389,1.4062758071773562,7.0,1.0,47.97100067138672,48.198001861572266,48.01499938964844,4.1,34.38,55.76,0.394,0.821,1.297,0,1,0
1777637021.6111119,3536.3199999999997,1.6716166734695435,-0.18387252489198858,-1.6665461699115198,-0.3668869177447718,2.714477300643921,1.4057540893554688,-0.17195925116539001,-0.05963350459933281,0.038669098168611526,-0.22380779683589935,0.46023258566856384,-0.08362112939357758,-0.1876831203699112,4.682922840118408,-0.17037759721279144,0.1009368970990181,0.6549683213233948,-0.3790741264820099,0.2211130233167284,-0.5259631823795092,1.1734504717579564,-1.2883786900939473,-0.6095570034502144,1.6513763604355425,-0.2188518110372336,0.03843110212230686,0.0586423264668622,-0.12695609954046966,-0.40390455233973166,0.07733364000717285,1.6717598995665863,-0.1838877192755355,-1.66658266901036,-0.3670324677540018,2.714805770603337,1.405642069737057,7.0,1.0,47.97100067138672,48.198001861572266,48.029998779296875,4.1,34.38,55.76,0.394,0.821,1.297,0,1,0
1777637021.6112146,3536.3199999999997,1.6716166734695435,-0.18387252489198858,-1.6665461699115198,-0.3668869177447718,2.714477300643921,1.4057540893554688,-0.17195925116539001,-0.05963350459933281,0.038669098168611526,-0.22380779683589935,0.46023258566856384,-0.08362112939357758,-0.1876831203699112,4.682922840118408,-0.17037759721279144,0.1009368970990181,0.6549683213233948,-0.3790741264820099,0.2211130233167284,-0.5259631823795092,1.1734504717579564,-1.2883786900939473,-0.6095570034502144,1.6513763604355425,-0.2188518110372336,0.03843110212230686,0.0586423264668622,-0.12695609954046966,-0.40390455233973166,0.07733364000717285,1.6717598995665863,-0.1838877192755355,-1.66658266901036,-0.3670324677540018,2.714805770603337,1.405642069737057,7.0,1.0,47.97100067138672,48.198001861572266,48.029998779296875,3.58,35.92,56.8,0.386,0.919,1.077,0,0,1
1777637021.611314,3536.328,1.670296549797058,-0.18443566957582647,-1.666210953389303,-0.3686016241656702,2.718294858932495,1.4050949811935425,-0.16404646635055542,-0.05772881209850311,0.03708398714661598,-0.2203371673822403,0.4452570974826813,-0.08151190727949142,-0.3662109673023224,4.508972644805908,-0.2600500285625458,0.0964508131146431,0.5652466416358948,-0.3409424126148224,0.2193564786853393,-0.5256060201608194,1.1739588435334027,-1.2920008921884003,-0.6113690377010057,1.6506527777863844,-0.21045865794561577,0.03956429335026969,0.05663267167786588,-0.12686295148593602,-0.39048064233600416,0.07787927119089957,1.6704292071382105,-0.18434215057349768,-1.6662871490268039,-0.3687821348888054,2.718332091891794,1.4050109727192313,7.0,1.0,47.97100067138672,48.198001861572266,48.029998779296875,3.58,35.92,56.8,0.386,0.919,1.077,0,1,0
1777637021.611419,3536.336,1.6690247058868408,-0.18484241167177373,-1.6659591833697718,-0.3703520933734339,2.7218496799468994,1.4044486284255981,-0.1573864370584488,-0.05482703074812889,0.03468075022101402,-0.21306993067264557,0.4195820987224579,-0.07796457409858704,-0.4531860947608948,4.499817371368408,-0.215213805437088,0.0515899695456028,0.5248718857765198,-0.4598236680030823,0.2176991667789131,-0.5252981510805508,1.174376298472356,-1.2954368054953698,-0.61297564813226,1.6499664682354251,-0.19989312124257583,0.039332416964815944,0.053694137121747657,-0.12498625219030741,-0.3680250604423528,0.07107520906975742,1.6691560839223754,-0.1847787378111141,-1.6659984974371316,-0.37047734448024094,2.7217062799979863,1.4043850716566364,7.0,1.0,47.986000061035156,48.198001861572266,48.029998779296875,3.58,35.92,56.8,0.386,0.919,1.077,0,1,0
1777637021.611569,3536.344,1.6678011417388916,-0.18534547487367803,-1.6657317320453089,-0.3720300833331507,2.7251529693603516,1.403861403465271,-0.150854229927063,-0.05168237164616585,0.03510259464383125,-0.20229372382164001,0.3974160850048065,-0.07738932967185974,-0.2243042290210724,4.353332996368408,-0.107606902718544,0.1996307522058487,0.7132874131202698,-0.4889832139015198,0.21612439688665738,-0.5248594249566464,1.1748338254676451,-1.298784467182168,-0.6143029585130949,1.6493933575002888,-0.1899856397740018,0.03387760164839988,0.05048319786119922,-0.11344160065402044,-0.34820593987641585,0.06524475109854239,1.667940541890186,-0.18519716213974657,-1.6657175292280542,-0.3721157158212467,2.7249281965515264,1.4037668984810192,7.0,1.0,47.986000061035156,48.198001861572266,48.029998779296875,3.58,35.92,56.8,0.386,0.919,1.077,0,1,0
1777637021.6184647,3536.352,1.6666252613067627,-0.18574124971498662,-1.6654189268695276,-0.37362510362734014,2.7282886505126953,1.4032261371612549,-0.1423662006855011,-0.050033342093229294,0.03039838746190071,-0.19788353145122528,0.38015881180763245,-0.07796457409858704,-0.6683350205421448,4.431152820587158,-0.051561642438173294,0.1682281643152237,0.7559052109718323,-0.2960815727710724,0.21463706796762078,-0.5246417276265434,1.1752260336003517,-1.3017796427079886,-0.6157166472721853,1.6487023757145731,-0.18123577534024066,0.03710725348092133,0.048495001259664446,-0.11328563595383762,-0.33387704438432547,0.06378784671155854,1.6667825957084184,-0.18559713279469037,-1.6654450177274178,-0.37369488066549383,2.7279977119618,1.403158954225557,7.0,1.0,47.986000061035156,48.198001861572266,48.029998779296875,3.58,35.92,56.8,0.386,0.919,1.077,0,1,0
1777637021.624052,3536.3599999999997,1.665545105934143,-0.18606406847109014,-1.6651557127581995,-0.37513572374452764,2.7312207221984863,1.40262770652771,-0.13400600850582123,-0.04742557555437088,0.03194515034556389,-0.18810439109802246,0.36374521255493164,-0.07518423348665237,-0.6042481064796448,4.472351551055908,-0.20624656975269318,0.0291595496237278,0.6527252793312073,-0.3476715385913849,0.21325900959242455,-0.5244486409971059,1.175564770348637,-1.3045740802702415,-0.6170538762133784,1.6480739863824625,-0.17174480576220072,0.03237542565436323,0.04589499147319839,-0.10362723510370556,-0.3185498538486656,0.06371728760065952,1.6656822623016974,-0.1859783857426036,-1.665181695189795,-0.37521249258342415,2.730914705156815,1.4025637008396918,7.0,1.0,47.986000061035156,48.24300003051758,48.029998779296875,3.58,35.92,56.8,0.386,0.919,1.077,0,1,0
1777637021.6311026,3536.368,1.6645493507385254,-0.18648320833315069,-1.6649039427386683,-0.37653857866396123,2.734009265899658,1.402004599571228,-0.12822800874710083,-0.044792238622903824,0.03220081329345703,-0.18125900626182556,0.3472549021244049,-0.07100413739681244,-0.6729126572608948,4.545593738555908,-0.22866468131542206,0.1973877102136612,0.5473023056983948,-0.4149627983570099,0.21195398628022022,-0.5241703742483433,1.1759418091410114,-1.3072594902952388,-0.618325652265665,1.647497703662089,-0.1637649954983842,0.029777172122694068,0.043545993622472114,-0.09941528066661744,-0.30343868062936286,0.06137885673914977,1.6646395604334956,-0.18634068228491607,-1.6649282533694567,-0.37666623664403787,2.733679063317885,1.40198355270672,7.0,1.0,47.986000061035156,48.24300003051758,48.029998779296875,3.58,35.92,56.8,0.386,0.919,1.077,0,1,0
1777637021.6379428,3536.3759999999997,1.6635774374008179,-0.18681890169252569,-1.6646760145770472,-0.377965275441305,2.7365825176239014,1.4014532566070557,-0.12124840170145035,-0.042695797979831696,0.030372820794582367,-0.17138400673866272,0.32620102167129517,-0.06948933005332947,-0.6454468369483948,4.559326648712158,-0.1860702782869339,-0.02018737979233265,0.5360870957374573,-0.5203858017921448,0.2107239074455875,-0.5239153096708389,1.1762729953574917,-1.3098219765887562,-0.6193871635866535,1.6469843012399314,-0.1543272442663792,0.028074975873090956,0.041093678843647244,-0.09261628690549388,-0.28514757158518583,0.056543352611530304,1.6636545103047948,-0.18668380762752168,-1.6646853440787508,-0.37805383935732717,2.7362906816119983,1.4014208679224385,7.0,1.0,47.986000061035156,48.24300003051758,48.029998779296875,3.58,35.92,56.8,0.386,0.919,1.077,0,1,0
1777637021.6451824,3536.384,1.662665605545044,-0.18718988100160772,-1.6644004026996058,-0.379308048878805,2.7390477657318115,1.4009263515472412,-0.11401312798261642,-0.03893754631280899,0.028301946818828583,-0.1650371551513672,0.30629763007164,-0.06939345598220825,-0.5447388291358948,4.550171375274658,-0.22418105602264404,0.0628051832318306,0.5316010117530823,-0.4104767143726349,0.20955798437160522,-0.5236763907458353,1.1766162584696596,-1.3122472915016532,-0.6204393975457915,1.6464991811643452,-0.14512428709112668,0.025799977546578777,0.03810567612005256,-0.08644346630552563,-0.26826849872873665,0.05213492416183227,1.6627271331710012,-0.1870075694266493,-1.6644535797299245,-0.3793730788101799,2.7387494629229048,1.4008779393952695,7.0,1.0,47.986000061035156,48.24300003051758,48.029998779296875,3.58,35.92,56.8,0.386,0.919,1.077,0,1,0
1777637021.6529095,3536.392,1.6618015766143799,-0.1874774138080042,-1.66420823732485,-0.3805792967425745,2.7413218021392822,1.4003510475158691,-0.10755762457847595,-0.03666214272379875,0.028608743101358414,-0.15581409633159637,0.28608742356300354,-0.06626797467470169,-0.3616333305835724,4.531860828399658,-0.24884097278118134,-0.0403747595846653,0.6684265732765198,-0.2669220268726349,0.20846574696824233,-0.5234731207063722,1.1769005828913137,-1.31447200353582,-0.6214151313315108,1.6459823209974602,-0.1359559295984977,0.022475723030125936,0.03584676160463518,-0.0793477672598572,-0.2504002038676765,0.047624798312868304,1.6618574509776742,-0.18731179632152806,-1.6642335338584493,-0.3806217949226154,2.7410553175821586,1.4003569858334852,7.0,1.0,47.986000061035156,48.24300003051758,48.04600143432617,3.58,35.92,56.8,0.386,0.919,1.077,0,1,0
1777637021.6591527,3536.3999999999996,1.6609495878219604,-0.1877530256854456,-1.6639803091632288,-0.38174182573427373,2.7434403896331787,1.3998717069625854,-0.10015616565942764,-0.03363252803683281,0.02436472848057747,-0.14806750416755676,0.26725780963897705,-0.06206870079040527,-0.6362915635108948,4.518127918243408,-0.2398737221956253,0.1480407863855362,0.6616974472999573,-0.3252411186695099,0.20743154248768103,-0.5233217891746431,1.1771695255518013,-1.3165264821685168,-0.6223001504072052,1.6454834833024672,-0.12698098636757424,0.02362844422128621,0.033090153749453496,-0.07837965727717466,-0.23402973410449016,0.045117479574607294,1.6610454860155526,-0.18759633646507545,-1.6640257416259017,-0.3817978997457008,2.7432081631015746,1.3998601426899027,7.0,1.0,47.986000061035156,48.24300003051758,48.04600143432617,3.58,35.92,56.8,0.386,0.919,1.077,0,1,0
1777637021.667186,3536.408,1.6602058410644531,-0.18807632127870733,-1.6637886206256312,-0.3828690687762659,2.7454872131347656,1.3993691205978394,-0.09311263263225555,-0.030833015218377113,0.025349033996462822,-0.13863351941108704,0.2490609586238861,-0.05892403796315193,-0.5126953721046448,4.454041004180908,-0.22642286121845245,-0.004486084450036287,0.6168366074562073,-0.3970184624195099,0.20646483713574226,-0.5230823549242593,1.1774572841401583,-1.3185520312327776,-0.6231748479707856,1.6450773334738755,-0.11791865658729993,0.019083674281314987,0.030631287773143747,-0.06966922285822791,-0.21773506435692536,0.042301876044592096,1.6602912605953397,-0.18786105606439474,-1.663830700300557,-0.3828993877180169,2.745207923908728,1.3993894531383102,7.0,1.0,47.986000061035156,48.24300003051758,48.04600143432617,3.58,35.92,56.8,0.386,0.919,1.077,0,1,0
1777637021.6736407,3536.4159999999997,1.6594616174697876,-0.18827993074526006,-1.6636207739459437,-0.3839839140521448,2.7473537921905518,1.398901343345642,-0.0862097218632698,-0.02780340239405632,0.02113058604300022,-0.13121289014816284,0.2300204187631607,-0.05480146408081055,-0.3982544243335724,4.280090808868408,-0.09863966703414917,0.1233673244714737,0.4553375840187073,-0.4082336723804474,0.2055537825218625,-0.5229353033386858,1.1776773376210818,-1.320402967280898,-0.6239263938773774,1.6446494135874545,-0.10920029138853929,0.02018037717739904,0.027964919343600403,-0.06887818399777858,-0.20134133765587672,0.03901931537732689,1.6595947967426437,-0.188105837943235,-1.663648869713894,-0.383924345793778,2.7470545310872874,1.3989468591590781,7.0,1.0,47.97100067138672,48.24300003051758,48.04600143432617,3.58,35.92,56.8,0.386,0.919,1.077,0,1,0
1777637021.6823745,3536.424,1.6587421894073486,-0.1884711424456995,-1.663441006337301,-0.3849552313434046,2.749101400375366,1.398482322692871,-0.07843755185604095,-0.026090458035469055,0.020900487899780273,-0.11922866106033325,0.21272478997707367,-0.051292482763528824,-0.3204346001148224,4.307556629180908,-0.1591685563325882,0.1682281643152237,0.4800110459327698,-0.3544006645679474,0.20469499169098343,-0.522844394041869,1.177877284589462,-1.3220713217395412,-0.6246672302504132,1.644205306938499,-0.10011884749709428,0.017126294337066535,0.025836403232804003,-0.06015267478697746,-0.18579235379087586,0.03744345213431069,1.658956115913424,-0.18833058013883885,-1.6634806726913247,-0.38487096335313264,2.7487479221241036,1.3985341928135997,7.0,1.0,47.97100067138672,48.24300003051758,48.04600143432617,3.58,35.92,56.8,0.386,0.919,1.077,0,1,0
1777637021.6880581,3536.432,1.6581538915634155,-0.1886985937701624,-1.663332764302389,-0.38586646715273076,2.7507290840148926,1.3980509042739868,-0.07052476704120636,-0.021987058222293854,0.01611958257853985,-0.10806895047426224,0.18950416147708893,-0.04822452366352081,-0.2563476860523224,4.179382801055908,-0.06052888557314873,0.1076660305261612,0.6033783555030823,-0.2624359428882599,0.2039266728778886,-0.5226454236714804,1.1780859901778418,-1.3236853535691067,-0.6253624082626246,1.6438787938542647,-0.08974916388384012,0.01615031990838555,0.022255414806046356,-0.054368157016994045,-0.16599185554758208,0.03216096547764396,1.6583752387302706,-0.18853519454568168,-1.6633264954555855,-0.3857375418037323,2.750288040665047,1.3981531677883667,7.0,1.0,47.97100067138672,48.2130012512207,48.04600143432617,3.58,35.92,56.8,0.386,0.919,1.077,0,1,0
1777637021.6955023,3536.44,1.657650113105774,-0.18884212175478154,-1.6632006804095667,-0.3866694609271448,2.7521770000457764,1.3976796865463257,-0.06354515254497528,-0.019660521298646927,0.01594061776995659,-0.09930608421564102,0.17268788814544678,-0.04176262766122818,-0.3845215141773224,4.119873523712158,-0.12778319418430328,0.3050537407398224,0.4059906303882599,-0.2400055229663849,0.20326312565388657,-0.5225581914702202,1.1782409275261552,-1.325043056999222,-0.6260591455630923,1.6435690156405687,-0.0811483496881581,0.01430275456803937,0.02017911388746963,-0.05086902648447532,-0.15073167184726705,0.03084127917341445,1.6578521847397771,-0.18871960561856937,-1.663186688001339,-0.38652250378238673,2.7516748362816656,1.397805371289601,7.0,1.0,47.97100067138672,48.2130012512207,48.04600143432617,3.58,35.92,56.8,0.386,0.919,1.077,0,1,0
1777637021.7053542,3536.448,1.6571940183639526,-0.1890342871295374,-1.6630690733539026,-0.3874009291278284,2.75348162651062,1.3973804712295532,-0.05595194920897484,-0.01654142700135708,0.0133328502997756,-0.08661238849163055,0.14954395592212677,-0.03700728714466095,-0.4531860947608948,4.138184070587158,-0.0807051807641983,0.2243042290210724,0.6123505234718323,-0.2758941948413849,0.20266117837275516,-0.5224123045846378,1.1784156148841165,-1.3263301464180983,-0.6266249495378894,1.6433444796945962,-0.07077457238736236,0.012146930743469902,0.01718137647372766,-0.0439072253910901,-0.13059861279040733,0.025667633517967834,1.6573869721912653,-0.18888374914730566,-1.6630615644396851,-0.3872244018668294,2.7529082642507277,1.3974922563682453,7.0,1.0,47.97100067138672,48.2130012512207,48.04600143432617,3.58,35.92,56.8,0.386,0.919,1.077,0,1,0
1777637021.7122934,3536.4559999999997,1.6567498445510864,-0.1891415754901331,-1.6629613081561487,-0.38806087175478154,2.7546422481536865,1.397068977355957,-0.048652756959199905,-0.014726215973496437,0.014112623408436775,-0.07597040385007858,0.13197986781597137,-0.03449539467692375,-0.3524780571460724,4.087830066680908,-0.09191422909498215,0.0852356031537056,0.4373932480812073,-0.3476715385913849,0.20210835979496167,-0.5223578929842441,1.178536378838373,-1.3274200850030902,-0.6271562181415655,1.6430574937929576,-0.06194423618148821,0.00811719887105114,0.015281879382444867,-0.034384361687846414,-0.11520524375390495,0.02295207134871262,1.6569796178370517,-0.18902757111474244,-1.6629514033114186,-0.3878419267099833,2.7539882853487074,1.397215134752899,7.0,1.0,47.97100067138672,48.2130012512207,48.04600143432617,3.58,35.92,56.8,0.386,0.919,1.077,0,1,0
1777637021.7230341,3536.464,1.6563899517059326,-0.1892617384540003,-1.66286546388735,-0.3885996977435511,2.7555994987487793,1.3968411684036255,-0.04260631650686264,-0.011671037413179874,0.011377024464309216,-0.06544345617294312,0.10676506161689758,-0.029222333803772926,-0.1556396633386612,4.183960437774658,-0.1591685563325882,0.1009368970990181,0.5473023056983948,-0.3992615044116974,0.2016552764459501,-0.5222783967279792,1.1786528239820857,-1.3283479942692138,-0.6275693294088475,1.642859000998366,-0.05197420973238273,0.006855153998148025,0.01257368990523148,-0.030367712993500082,-0.09367909931574815,0.01499296112796942,1.6566301367544476,-0.18915102664946204,-1.662856447868001,-0.3883739145130134,2.7549148656631988,1.3969751702647852,7.0,1.0,47.97100067138672,48.2130012512207,48.04600143432617,3.58,35.92,56.8,0.386,0.919,1.077,0,1,0
1777637021.7270756,3536.4719999999998,1.6561022996902466,-0.18934518495668584,-1.6627934614764612,-0.3890793959247034,2.7563421726226807,1.396661400794983,-0.034207772463560104,-0.009076053276658058,0.011006312444806099,-0.05554927885532379,0.09138690680265427,-0.02231942117214203,-0.2105713039636612,4.156494617462158,-0.1345086395740509,0.2063598781824112,0.6033783555030823,-0.4306641221046448,0.2012978243632631,-0.5222035324072256,1.1787434387675821,-1.3291103828524067,-0.6278477235608412,1.642720928468701,-0.042961818583300136,0.004812670949723169,0.010303123306610542,-0.025918643013083498,-0.07951288746777498,0.015939057885227675,1.656338542189627,-0.18925407908358327,-1.6627769063193751,-0.38881935375859467,2.7556879764231472,1.3967733728842422,7.0,1.0,47.97100067138672,48.2130012512207,48.04600143432617,3.58,35.92,56.8,0.386,0.919,1.077,0,1,0
1777637021.7271955,3536.4719999999998,1.6561022996902466,-0.18934518495668584,-1.6627934614764612,-0.3890793959247034,2.7563421726226807,1.396661400794983,-0.034207772463560104,-0.009076053276658058,0.011006312444806099,-0.05554927885532379,0.09138690680265427,-0.02231942117214203,-0.2105713039636612,4.156494617462158,-0.1345086395740509,0.2063598781824112,0.6033783555030823,-0.4306641221046448,0.2012978243632631,-0.5222035324072256,1.1787434387675821,-1.3291103828524067,-0.6278477235608412,1.642720928468701,-0.042961818583300136,0.004812670949723169,0.010303123306610542,-0.025918643013083498,-0.07951288746777498,0.015939057885227675,1.656338542189627,-0.18925407908358327,-1.6627769063193751,-0.38881935375859467,2.7556879764231472,1.3967733728842422,7.0,1.0,47.97100067138672,48.2130012512207,48.04600143432617,3.63,37.83,55.54,0.47,0.989,1.085,0,0,1
1777637021.7314773,3536.48,1.6558982133865356,-0.1894291082965296,-1.6626976172076624,-0.3894274870501917,2.757012128829956,1.3964461088180542,-0.026039324700832367,-0.00758042186498642,0.009165535680949688,-0.04229952022433281,0.07111918926239014,-0.016950488090515137,-0.1739502102136612,4.124451160430908,-0.21745562553405762,0.2758941948413849,0.5069275498390198,-0.4149627983570099,0.20100658083766526,-0.5221927709536611,1.1788232847118407,-1.3296790782190062,-0.6282450334963992,1.6425497526516375,-0.03306658678094321,0.003615849007878884,0.008235513396203981,-0.01956773992189233,-0.061699355845292056,0.013141008964896735,1.6561048454235023,-0.18933669912527495,-1.662712952047853,-0.3891773911323275,2.7563075938496397,1.3966105935324102,7.0,1.0,47.97100067138672,48.2130012512207,48.04600143432617,3.63,37.83,55.54,0.47,0.989,1.085,0,1,0
1777637021.7395346,3536.488,1.6556944847106934,-0.18945342699159795,-1.6626976172076624,-0.3897507826434534,2.757478952407837,1.3963382244110107,-0.018970228731632233,-0.00501100393012166,0.0036815539933741093,-0.027707528322935104,0.052078649401664734,-0.011811652220785618,-0.1693725734949112,4.348755359649658,-0.20624656975269318,0.2444916069507599,0.4777680039405823,-0.4172058403491974,0.20076835788931208,-0.5221276375299309,1.1788641604491166,-1.3301943290687717,-0.6283727660977236,1.6424667855959887,-0.024211115522487878,0.0038490440990415773,0.0052319758260502575,-0.014131895416911785,-0.044996622113316925,0.009912508777155705,1.6559290556596988,-0.1893988641545281,-1.6626647237874668,-0.3894473365679101,2.7567736990288316,1.3964875196249982,7.0,1.0,48.0,48.2130012512207,48.04600143432617,3.63,37.83,55.54,0.47,0.989,1.085,0,1,0
1777637021.7473207,3536.4959999999996,1.6555383205413818,-0.18946534792055303,-1.6626856962787073,-0.3898709456073206,2.757838010787964,1.3962180614471436,-0.010520551353693008,-0.003579288488253951,0.0036815539933741093,-0.014572817832231522,0.030161898583173752,-0.009472331963479519,-0.2197265923023224,4.426575183868408,-0.32954615354537964,0.2624359428882599,0.4687958359718323,-0.4127197563648224,0.20058976134618933,-0.5221560535626719,1.1788802290186398,-1.330454125398346,-0.6285942810049303,1.6423063182784983,-0.013786160318090924,0.00024521666371352677,0.0033348468595442303,-0.0033635870426609506,-0.02623377457045024,0.0054556879064889645,1.655811179934713,-0.1894405576495295,-1.6626323257682785,-0.38962866736048785,2.757086277808373,1.3964046714471852,7.0,1.0,48.0,48.2130012512207,48.04600143432617,3.63,37.83,55.54,0.47,0.989,1.085,0,1,0
1777637021.7556946,3536.504,1.6555143594741821,-0.18948918977846319,-1.6626618544207972,-0.39001495042909795,2.7579100131988525,1.3961704969406128,-0.00501100393012166,-0.0014956312952563167,0.0020836573094129562,-0.007880826480686665,0.008858739398419857,-0.006442719604820013,0.2883911430835724,4.623413562774658,-0.4528457224369049,0.3072967827320099,0.4104767143726349,-0.2938385307788849,0.20055226238763144,-0.5221185741301577,1.178907615063032,-1.3305888830884858,-0.6285749684976293,1.6423161189393565,-0.005312959021653684,-0.0004770688839035792,0.0016032623228431622,-0.0005577390452065267,-0.008522468691211444,-0.0013872461304529672,1.6557512230503209,-0.18946176874967335,-1.6626158278252436,-0.3897210313023969,2.7572453207184613,1.3963623993900576,7.0,1.0,48.0,48.24300003051758,48.04600143432617,3.63,37.83,55.54,0.47,0.989,1.085,0,1,0
1777637021.7605171,3536.5119999999997,1.6555383205413818,-0.1894772688495081,-1.6626976172076624,-0.39000255266298467,2.7579219341278076,1.3962420225143433,0.0046658581122756,-0.0014956312952563167,-0.0003834952076431364,-0.002972087822854519,-0.0007286408799700439,0.0071138362400233746,0.4394531846046448,5.039978504180908,-0.6008052229881287,0.4508515000343323,0.2400055229663849,-0.2781372368335724,0.2005639218747149,-0.5220768831072555,1.1788980959022324,-1.3306387859969857,-0.6285560673802136,1.642398230350509,0.002684825725804055,0.006123572000539806,0.0011065009127285033,-0.011607557253164043,0.0011909759521556238,0.00627191192470347,1.655736690241314,-0.1894619360944647,-1.6626219077363142,-0.3897286021605426,2.7572699510386163,1.3963317701955624,7.0,1.0,48.0,48.24300003051758,48.04600143432617,3.63,37.83,55.54,0.47,0.989,1.085,0,1,0
1777637021.768053,3536.52,1.6555383205413818,-0.18944102922548467,-1.662769619618551,-0.3899191061602991,2.757849931716919,1.396146535873413,-0.000945954816415906,0.004256796557456255,-0.014675083570182323,0.013192235492169857,-0.015052187256515026,-0.023661654442548752,-0.8560181260108948,5.236816883087158,-0.8586134314537048,0.4934692978858948,0.2086029201745987,-0.2848663628101349,0.20057711158528846,-0.5221062373879237,1.178865896723169,-1.330510113807159,-0.6285723218918046,1.64229836323526,0.001670655216087043,-0.002658242334174504,-0.004541665849653419,0.024082101320271377,0.008523555067978117,-0.01720423750693435,1.655680977298017,-0.1894371764757672,-1.6626968473923007,-0.3896819379126546,2.7572930176043977,1.396109679200939,7.0,1.0,48.0,48.24300003051758,48.04600143432617,3.63,37.83,55.54,0.47,0.989,1.085,0,1,0
1777637021.7796676,3536.528,1.6555383205413818,-0.18945342699159795,-1.662877384816305,-0.3898351828204554,2.757861852645874,1.3958228826522827,-0.014598384499549866,0.007900001481175423,-0.025604696944355965,0.024294421076774597,0.012559467926621437,-0.060630593448877335,-0.5630493760108948,5.612183094024658,-1.2733484506607056,0.7043152451515198,0.3499145805835724,-0.3790741264820099,0.2005518142205745,-0.5221210883776882,1.178855713324754,-1.3303794374901319,-0.6287436077225672,1.6420554939717558,-0.014088123145361611,-0.014932851593915105,-0.008619243638068385,0.06474382785817603,-0.0181157961950622,-0.024443144476383415,1.6555675466156616,-0.1893868071989342,-1.662849426254514,-0.3895870341073788,2.757339933310602,1.3956570044230006,7.0,1.0,48.0,48.24300003051758,48.04600143432617,3.63,37.83,55.54,0.47,0.989,1.085,0,1,0
1777637021.8394568,3536.536,1.6554304361343384,-0.18929750124086553,-1.6631410757647913,-0.3896549383746546,2.757838010787964,1.395212173461914,-0.023060845211148262,0.010584468021988869,-0.030794665217399597,0.02761165425181389,-0.0014764565275982022,-0.08642064779996872,-1.1718751192092896,5.410767078399658,-1.280073881149292,0.6190796494483948,0.2758941948413849,-0.2377624809741974,0.20047076422613405,-0.5223095217861992,1.1787343452370789,-1.3300070056123212,-0.6290364855750181,1.6414443905900087,-0.01642353333963695,-0.023137550635409253,-0.01080906918218453,0.08895480388113683,-0.010913839973420505,-0.049145758097889194,1.6553964493575926,-0.18931096038071527,-1.6630794130225404,-0.38944404264855237,2.757410608024214,1.3949736756049997,7.0,1.0,48.0,48.24300003051758,48.04600143432617,3.63,37.83,55.54,0.47,0.989,1.085,0,1,0
1777637021.8395183,3536.544,1.6552739143371582,-0.18921357790102178,-1.663441006337301,-0.3895228544818323,2.7578978538513184,1.3943971395492554,-0.028915539383888245,0.013614079914987087,-0.042631883174180984,0.026020148769021034,0.01781335286796093,-0.11230657249689102,-1.4419556856155396,5.657959461212158,-1.194885015487671,0.6953430771827698,0.5158997178077698,-0.3745880424976349,0.20032312846577907,-0.5224424899382654,1.1786521094749711,-1.3297079525319297,-0.6293834914271705,1.6407036262717836,-0.026149080244720818,-0.023978820711286063,-0.013327410077922692,0.10440018292453304,-0.03072037432574352,-0.05056855832276885,1.6551677627382118,-0.1892098352984588,-1.6633864586237124,-0.38925319276262194,2.7575049057337115,1.3940595868659322,7.0,1.0,48.0,48.24300003051758,48.04600143432617,3.63,37.83,55.54,0.47,0.989,1.085,0,1,0
1777637021.841723,3536.5519999999997,1.655070185661316,-0.18917781511415654,-1.6638243834124964,-0.38933116594423467,2.7579457759857178,1.393355369567871,-0.034335605800151825,0.014790131710469723,-0.04935583472251892,0.030430344864726067,0.0054456316865980625,-0.1408386081457138,-1.908874750137329,5.616760730743408,-1.3181846141815186,0.7289887070655823,0.3745880424976349,-0.4934692978858948,0.20013377707376329,-0.5225463233772601,1.1785831306978944,-1.3293480884520947,-0.6297622716541413,1.639775949109527,-0.027667758508779856,-0.029831168259735107,-0.014967271748695263,0.1293774182474227,-0.025412286784756932,-0.07197717898593882,1.6548815900214002,-0.18908369825065297,-1.6637700962177089,-0.3890147909569217,2.7576226445708425,1.392914596895876,7.0,1.0,48.0,48.24300003051758,48.04600143432617,3.63,37.83,55.54,0.47,0.989,1.085,0,1,0
1777637021.843436,3536.56,1.6547702550888062,-0.18899804750551397,-1.664220158253805,-0.3890917936908167,2.757993698120117,1.3920973539352417,-0.04315599426627159,0.017538513988256454,-0.0582401379942894,0.033364083617925644,0.018273547291755676,-0.1685653179883957,-1.936340570449829,5.882263660430908,-1.419066071510315,0.7402039170265198,0.6280518174171448,-0.5091705918312073,0.19989690615915828,-0.5228907475524687,1.1784295498743709,-1.3287462919210966,-0.6303150978737782,1.638514396440134,-0.03712185123875762,-0.035827025966793075,-0.01760886764987068,0.1532717923988586,-0.03984171077441029,-0.08089553317349775,1.6545380605184699,-0.18893288236996852,-1.6642297412021616,-0.3887292209633575,2.757763596839924,1.3915385292186535,7.0,1.0,48.0,48.24300003051758,48.04600143432617,3.63,37.83,55.54,0.47,0.989,1.085,0,1,0
1777637021.8434856,3536.5679999999998,1.6542904376983643,-0.18891412416567022,-1.6647241751300257,-0.3888157049762171,2.7580652236938477,1.3906000852584839,-0.052142564207315445,0.018088189885020256,-0.06838998198509216,0.0411682091653347,0.01068034116178751,-0.19857381284236908,-1.7166138887405396,6.115723133087158,-1.4414842128753662,0.6594544053077698,0.5831909775733948,-0.6370239853858948,0.19953248334925305,-0.523155181522907,1.1783147599298807,-1.3281892278193943,-0.6307752816389179,1.6369938141536962,-0.041985473037397664,-0.04038738031080867,-0.019553847958577477,0.17930886715607872,-0.03858903635550237,-0.10332435423395202,1.6541373295857005,-0.18875778738842186,-1.6647646912188314,-0.38839694366707267,2.757927489054828,1.389931172523002,7.0,1.0,48.0,48.24300003051758,48.04600143432617,3.63,37.83,55.54,0.47,0.989,1.085,0,1,0
1777637021.845589,3536.576,1.653822660446167,-0.18871051469911748,-1.6653350035296839,-0.3885400930987757,2.7581613063812256,1.3888746500015259,-0.05992751568555832,0.02220437303185463,-0.07797735929489136,0.04398690164089203,0.021015537902712822,-0.22798790037631989,-1.3961793184280396,6.225586414337158,-1.4594186544418335,0.6549683213233948,0.6370239853858948,-0.6437531113624573,0.19915883376212906,-0.523510548511454,1.178126310604594,-1.3275184818088595,-0.6314071463165052,1.6352937652951633,-0.05035211292508459,-0.04731648854803483,-0.023035732204380266,0.20515830525281323,-0.05134857011848324,-0.11322636705725808,1.6536795786215297,-0.1885588793541686,-1.6653741261598114,-0.38801849701956215,2.758114001983856,1.3880922810637415,7.0,1.0,48.0,48.24300003051758,48.04600143432617,3.63,37.83,55.54,0.47,0.989,1.085,0,1,0
1777637021.8466396,3536.584,1.6532703638076782,-0.18855458894838506,-1.6660550276385706,-0.3881447950946253,2.758328676223755,1.386898398399353,-0.06722670793533325,0.025182852521538734,-0.08622250705957413,0.04722743481397629,0.02130315825343132,-0.25803473591804504,-1.1306763887405396,6.422424793243408,-1.3562953472137451,0.872543454170227,0.6549683213233948,-0.5293579697608948,0.19870228894094308,-0.5238527475271599,1.177941668077711,-1.3267993067323478,-0.6321619349412884,1.6333431022845277,-0.05607196539775805,-0.05428567618532853,-0.025860749694444466,0.2315406756644806,-0.05634274444275392,-0.12904989870173716,1.6531650150634656,-0.18833669029934264,-1.6660571081730957,-0.3875944959355797,2.758322770702741,1.3860215751347207,7.0,1.0,48.0,48.24300003051758,48.04600143432617,3.63,37.83,55.54,0.47,0.989,1.085,0,1,0
1777637021.8478663,3536.5919999999996,1.6526826620101929,-0.18832809129823858,-1.6667388121234339,-0.38778478304018194,2.75846004486084,1.384705662727356,-0.07492218166589737,0.027125895023345947,-0.09578432142734528,0.05284563824534416,0.025905100628733635,-0.2894238233566284,-0.9704591035842896,6.523132801055908,-1.3361190557479858,1.0811463594436646,0.7626343369483948,-0.5450592637062073,0.19823224167063055,-0.5243585631700309,1.1777218644621286,-1.3258963635026042,-0.6330265707859256,1.6311557829979433,-0.06325191157594333,-0.060428193079564235,-0.02853239003153345,0.25949785067933456,-0.06492590140335033,-0.14297619435831949,1.6525938723848181,-0.1880918178582638,-1.6668125816667931,-0.3871256321730634,2.7585533846560795,1.3837187416156125,7.0,1.0,48.0,48.24300003051758,48.04600143432617,3.63,37.83,55.54,0.47,0.989,1.085,0,1,0
1777637021.8479066,3536.6,1.6520583629608154,-0.18811208406557256,-1.6675894896136683,-0.387364689503805,2.7587356567382812,1.3822021484375,-0.08114758878946304,0.03080744855105877,-0.10344143956899643,0.06107161194086075,0.027592480182647705,-0.3191830515861511,-1.0208131074905396,6.578064441680908,-1.405615210533142,1.0721741914749146,0.6863709092140198,-0.5181427597999573,0.1976802313407625,-0.5248232258084977,1.1774861331943898,-1.3250141020808164,-0.6341011662700491,1.6287464614887266,-0.06851108165496919,-0.07030395888886737,-0.0323164062946704,0.29195458195295004,-0.07048386961960736,-0.15670841333166094,1.6519664100913323,-0.18782492483522262,-1.6676393733111645,-0.3866126741951943,2.7588053877275276,1.3811834345949032,7.0,1.0,48.0,48.24300003051758,48.04600143432617,3.63,37.83,55.54,0.47,0.989,1.085,0,1,0
1777637021.8479893,3536.6079999999997,1.6513625383377075,-0.1878607908831995,-1.668429199849264,-0.38687354723085576,2.7589151859283447,1.3795663118362427,-0.08692558109760284,0.03377314284443855,-0.11513804644346237,0.06536675989627838,0.031216509640216827,-0.34802189469337463,-1.3504029512405396,6.816101551055908,-1.322668194770813,1.141708493232727,0.6931000351905823,-0.5248718857765198,0.19711240240267697,-0.5254125120488391,1.1772223942001252,-1.3239246327206968,-0.6351817177949739,1.6261167133668513,-0.07450494956141572,-0.07382546833231803,-0.03564475497295532,0.3149958966640773,-0.07821140555434075,-0.16856547353077317,1.6512829137178162,-0.18753673872096321,-1.6685361920376174,-0.38605646701355667,2.7590782783191554,1.3784152760717197,7.0,1.0,48.0,48.24300003051758,48.01499938964844,3.63,37.83,55.54,0.47,0.989,1.085,0,1,0
1777637021.8541946,3536.616,1.6506303548812866,-0.18754893938173467,-1.6693766752826136,-0.38630992570985967,2.759190797805786,1.3767151832580566,-0.09294645488262177,0.037032853811979294,-0.12314031273126602,0.07361190766096115,0.03393932431936264,-0.3756718933582306,-1.4282227754592896,6.724548816680908,-1.421307921409607,1.0228272676467896,0.6998291611671448,-0.5674896836280823,0.1964897182063593,-0.5260650697524494,1.1769069415119835,-1.3227640197503445,-0.6364680130755908,1.6232747545411446,-0.07993611686626942,-0.08226973137995691,-0.03935584243407735,0.34476612757795855,-0.08440599313712496,-0.18082723336524498,1.6505436948248677,-0.18722805115688423,-1.6695016290337108,-0.38545793201125367,2.759371509440411,1.3754138567393843,7.0,1.0,48.0,48.24300003051758,48.01499938964844,3.63,37.83,55.54,0.47,0.989,1.085,0,1,0
1777637021.8633802,3536.624,1.6499109268188477,-0.1872499624835413,-1.670455280934469,-0.38566285768617803,2.7595255374908447,1.3735525608062744,-0.10015616565942764,0.04039482772350311,-0.13398043811321259,0.07921093702316284,0.039327431470155716,-0.4053352475166321,-1.2588502168655396,6.687927722930908,-1.4100987911224365,1.007125973701477,0.5674896836280823,-0.5988922715187073,0.19583426665312986,-0.5267042297342376,1.1765753310990437,-1.3215234715579718,-0.6379560506066635,1.6202218941129045,-0.08705133347625209,-0.08803662227512951,-0.04316271811777171,0.3712542589204748,-0.09345492377211154,-0.19317981430725686,1.6497490909957815,-0.1868997173458702,-1.6705341577331865,-0.38481806674468544,2.759684488807198,1.372178736853865,7.0,1.0,48.0,48.24300003051758,48.01499938964844,3.63,37.83,55.54,0.47,0.989,1.085,0,1,0
1777637021.8680584,3536.632,1.6490226984024048,-0.1869743506060999,-1.6715710798846644,-0.38502723375429326,2.759812831878662,1.3701744079589844,-0.10585746169090271,0.04237622022628784,-0.14071717858314514,0.08546190708875656,0.042874764651060104,-0.4366668164730072,-1.5335084199905396,6.829834461212158,-1.360779047012329,1.083389401435852,0.4239349663257599,-0.7334747910499573,0.19508359542430379,-0.5273743736888755,1.1762497096617186,-1.3202238189270354,-0.6393414488214908,1.6168917474940767,-0.0928510904281749,-0.09654777391109551,-0.04612763931846218,0.40253403391605613,-0.10116236811757737,-0.20562549587700746,1.6488994658337353,-0.18655265540857968,-1.6716321338000313,-0.38413794472256235,2.760016578951639,1.3687094471905352,7.0,1.0,48.0,48.24300003051758,48.01499938964844,3.63,37.83,55.54,0.47,0.989,1.085,0,1,0
1777637021.8705564,3536.632,1.6490226984024048,-0.1869743506060999,-1.6715710798846644,-0.38502723375429326,2.759812831878662,1.3701744079589844,-0.10585746169090271,0.04237622022628784,-0.14071717858314514,0.08546190708875656,0.042874764651060104,-0.4366668164730072,-1.5335084199905396,6.829834461212158,-1.360779047012329,1.083389401435852,0.4239349663257599,-0.7334747910499573,0.19508359542430379,-0.5273743736888755,1.1762497096617186,-1.3202238189270354,-0.6393414488214908,1.6168917474940767,-0.0928510904281749,-0.09654777391109551,-0.04612763931846218,0.40253403391605613,-0.10116236811757737,-0.20562549587700746,1.6488994658337353,-0.18655265540857968,-1.6716321338000313,-0.38413794472256235,2.760016578951639,1.3687094471905352,7.0,1.0,48.0,48.24300003051758,48.01499938964844,4.8,38.42,53.9,0.627,0.894,1.269,0,0,1
1777637021.8817616,3536.64,1.6480990648269653,-0.1865790526019495,-1.6727460066424769,-0.3843315283404749,2.7601356506347656,1.3665204048156738,-0.11406425386667252,0.04448544234037399,-0.14956313371658325,0.08973787724971771,0.04147500544786453,-0.46464279294013977,-1.6159058809280396,6.829834461212158,-1.2240285873413086,1.0856324434280396,0.5271149277687073,-0.5988922715187073,0.1942970703145911,-0.5282255752361821,1.175842012165396,-1.3187117334048108,-0.6409719780144997,1.6132553020831797,-0.09889628497116491,-0.10181256351130222,-0.04911940268164441,0.42637842525251274,-0.10485846979679399,-0.2226904455466202,1.6479952089593208,-0.1861878456839099,-1.6727937951055232,-0.3834187151605759,2.760367097343161,1.365005490092905,7.0,1.0,47.97100067138672,48.24300003051758,48.01499938964844,4.8,38.42,53.9,0.627,0.894,1.269,0,1,0
1777637021.8884528,3536.6479999999997,1.6470909118652344,-0.18621999422182256,-1.6739328543292444,-0.38358813921083623,2.760542631149292,1.3625431060791016,-0.12071150541305542,0.046658582985401154,-0.1569262444972992,0.09888423979282379,0.04289393872022629,-0.4934624433517456,-1.3549805879592896,6.811523914337158,-1.2060940265655518,0.9331055879592896,0.6661835312843323,-0.7132874131202698,0.1934246136793134,-0.5291585098295729,1.1754386215005714,-1.3170922771074445,-0.6428022799479922,1.609292838886682,-0.10461134537028308,-0.11038003538925237,-0.05270872325330661,0.4575962083622689,-0.11040871140421055,-0.23662164225343468,1.6470367360084852,-0.18580632997226676,-1.6740172616972586,-0.38266160271000516,2.7607353165216124,1.3610663406171932,7.0,1.0,47.97100067138672,48.18299865722656,48.01499938964844,4.8,38.42,53.9,0.627,0.894,1.269,0,1,0
1777637021.8951972,3536.656,1.6460951566696167,-0.1858132521258753,-1.6752279440509241,-0.38279706636537725,2.760877847671509,1.3584096431732178,-0.1290716975927353,0.04884450510144234,-0.16289597749710083,0.10091676563024521,0.046613842248916626,-0.5245639085769653,-1.1810303926467896,6.820679187774658,-1.3406027555465698,1.0183411836624146,0.7065582871437073,-0.7873077988624573,0.19256238061417288,-0.5300990810898661,1.1749910447360563,-1.315361315239705,-0.6446478114929943,1.6052177092749387,-0.11207185202128983,-0.11855200137072212,-0.0556320352109811,0.48541036920606595,-0.11864505737927167,-0.2515092627687179,1.6460244886309248,-0.18540921072018168,-1.6753005357591242,-0.38186790715837926,2.761120464243198,1.3568914477768539,7.0,1.0,47.97100067138672,48.18299865722656,48.01499938964844,4.8,38.42,53.9,0.627,0.894,1.269,0,1,0
1777637021.897604,3536.6639999999998,1.645003080368042,-0.18539363542665654,-1.676523510609762,-0.38189775148500615,2.761260509490967,1.3540369272232056,-0.13524597883224487,0.05186133459210396,-0.1691213846206665,0.10693763941526413,0.05000777542591095,-0.5575828552246094,-1.1718751192092896,6.820679187774658,-1.407857060432434,1.128250241279602,0.7559052109718323,-0.7828217148780823,0.1916267718163698,-0.5311827067019045,1.1745150130939492,-1.3134508654669501,-0.6466814235725621,1.600816750076717,-0.11829939852854698,-0.12897814551067496,-0.05961147723314183,0.5195512509133441,-0.12662739272155255,-0.2649413013536731,1.644958934488943,-0.1849976501447168,-1.6766415015612388,-0.3810390031001667,2.7615217236401035,1.3524802358913277,7.0,1.0,47.97100067138672,48.18299865722656,48.01499938964844,4.8,38.42,53.9,0.627,0.894,1.269,0,1,0
1777637021.904238,3536.672,1.6438874006271362,-0.184974495564596,-1.6779378096209925,-0.3810465971576136,2.7616915702819824,1.3494608402252197,-0.14163756370544434,0.0518869012594223,-0.1777372509241104,0.11631409823894501,0.05209782347083092,-0.5874763131141663,-1.1627198457717896,6.866455554962158,-1.3921643495559692,0.926376461982727,0.6998291611671448,-0.6975861191749573,0.19064333716805615,-0.5322003983375693,1.174027219978189,-1.3115996155682323,-0.6487434031395561,1.5963116370248696,-0.1245008284982628,-0.13440715823864482,-0.06250344110167869,0.5486376192926729,-0.13331308174419582,-0.2784367326154955,1.643840567256758,-0.1845728692960309,-1.6780379253989537,-0.38017633957530617,2.7619382333947664,1.3478321060434926,7.0,1.0,47.97100067138672,48.18299865722656,48.01499938964844,4.8,38.42,53.9,0.627,0.894,1.269,0,1,0
1777637021.9112322,3536.68,1.6427477598190308,-0.18456727663149053,-1.6794126669513147,-0.3800872007953089,2.762146234512329,1.3446922302246094,-0.14828480780124664,0.05448188632726669,-0.18328514695167542,0.11617987602949142,0.05673811584711075,-0.6136115193367004,-1.1352540254592896,7.040406227111816,-1.2554138898849487,0.989181637763977,0.5540314316749573,-0.8164673447608948,0.18962627174949548,-0.5332506248508541,1.1735201445097867,-1.3096372326292978,-0.6509396305881282,1.591615535918138,-0.1311542141038155,-0.14068409573589752,-0.06566882528518592,0.5704601546154427,-0.14177364903077075,-0.2895063041304473,1.6426699066202008,-0.18413614705639603,-1.679487455520018,-0.3792814396732238,2.7623690879298493,1.3429464376504239,7.0,1.0,47.97100067138672,48.18299865722656,48.01499938964844,4.8,38.42,53.9,0.627,0.894,1.269,0,1,0
1777637021.9190593,3536.6879999999996,1.641547441482544,-0.18406421342958623,-1.6809118429767054,-0.37909204164613897,2.7625772953033447,1.3396244049072266,-0.15396054089069366,0.05685955658555031,-0.18935714662075043,0.12281434237957001,0.05796530097723007,-0.6463620066642761,-1.3412476778030396,7.154847145080566,-1.4952876567840576,0.989181637763977,0.5001984238624573,-0.7357178330421448,0.18856890878064542,-0.5344883766832845,1.172941976716401,-1.307431385371373,-0.6533031854609553,1.586576785242373,-0.13680008385212755,-0.150471705880459,-0.06974360112099665,0.604315879218247,-0.14822439203209067,-0.3036278665580474,1.6414474982767029,-0.18368881907387813,-1.6809876220391438,-0.3783559000998453,2.762813337615074,1.3378225901522,7.0,1.0,47.97100067138672,48.18299865722656,47.97100067138672,4.8,38.42,53.9,0.627,0.894,1.269,0,1,0
1777637021.9295964,3536.696,1.6403236389160156,-0.18359738985170537,-1.6823986212359827,-0.37809688249696904,2.7630679607391357,1.3341494798660278,-0.1609657257795334,0.05873868241906166,-0.1931026130914688,0.1267068088054657,0.05710243433713913,-0.6776168346405029,-1.2451173067092896,6.871033191680908,-1.4975295066833496,0.8142243027687073,0.5540314316749573,-0.6459961533546448,0.18745648954368424,-0.5358225452246196,1.1723660690573927,-1.3050712452295825,-0.6559154373682314,1.5812029447199885,-0.1426338801244337,-0.16055771243480332,-0.07324562342618358,0.6357316194639104,-0.15294015152180296,-0.31989747327132706,1.6401739139354161,-0.18323227662884722,-1.6825358368392855,-0.3774013907049403,2.7632699889921812,1.3324599048235912,7.0,1.0,47.97100067138672,48.18299865722656,47.97100067138672,4.8,38.42,53.9,0.627,0.894,1.269,0,1,0
1777637021.93275,3536.7039999999997,1.6390517950057983,-0.1830819288836878,-1.684077564870016,-0.3770058790790003,2.76357102394104,1.3285902738571167,-0.1665264070034027,0.05987638607621193,-0.20096427202224731,0.13174977898597717,0.05980607867240906,-0.7055928111076355,-1.4556885957717896,6.683350086212158,-1.4235496520996094,1.038528561592102,0.6415100693702698,-0.7379608750343323,0.18629995657788156,-0.5370967273675382,1.1717306301141581,-1.302719185855001,-0.6585139648711146,1.575743884359212,-0.1486703172703276,-0.16529859637954095,-0.07677260090753252,0.6605478718432478,-0.16025936256584816,-0.33153365212641184,1.6388497513172409,-0.18276796543142826,-1.684129393459088,-0.3764196539669884,2.7637380050194027,1.3268577067135308,7.0,1.0,47.97100067138672,48.18299865722656,47.97100067138672,4.8,38.42,53.9,0.627,0.894,1.269,0,1,0
1777637021.940476,3536.712,1.637671709060669,-0.18266326585878545,-1.6856840292560022,-0.375951115285055,2.764037609100342,1.3226360082626343,-0.17441362142562866,0.06100130453705788,-0.20658886432647705,0.1352395862340927,0.06128253415226936,-0.7395704984664917,-1.1581422090530396,6.491089344024658,-1.4773530960083008,0.9061890840530396,0.6482391953468323,-0.6415100693702698,0.1850631188699343,-0.5384552524962105,1.1711365247559082,-1.3002078778189157,-0.6611706920860675,1.5699046302187307,-0.15601716767332685,-0.1736022371003044,-0.08030701075168366,0.6916002172623882,-0.16769961903646963,-0.34795806957998004,1.6374756341544678,-0.18229738434795983,-1.685765466966048,-0.3754125044326253,2.7642163053369595,1.3210153067172898,7.0,1.0,47.97100067138672,48.18299865722656,47.97100067138672,4.8,38.42,53.9,0.627,0.894,1.269,0,1,0
1777637021.9478383,3536.72,1.6362924575805664,-0.18208820024599248,-1.6873992125140589,-0.3748238722430628,2.764551877975464,1.3165019750595093,-0.18080520629882812,0.06235631927847862,-0.20808449387550354,0.1373104602098465,0.0658077746629715,-0.7684668898582458,-1.4007569551467896,6.362915515899658,-1.5558165311813354,0.9106751680374146,0.5383301377296448,-0.5630035996437073,0.18380613069107105,-0.5399534009470354,1.1704257256488875,-1.2975347079673787,-0.6640489591693521,1.5638637983247916,-0.16280046849623214,-0.18368698949082476,-0.08366433972816936,0.7209541231849395,-0.17652266716648776,-0.3594992394693575,1.6360735205315597,-0.18182630846326564,-1.687443483935926,-0.3744174611543736,2.7646905044761962,1.3148866449197731,7.0,1.0,47.92499923706055,48.137001037597656,47.97100067138672,4.8,38.42,53.9,0.627,0.894,1.269,0,1,0
1777637021.954978,3536.728,1.6347805261611938,-0.18162089983095342,-1.6890776793109339,-0.3738287130938929,2.765054702758789,1.3101398944854736,-0.1782997101545334,0.05807395651936531,-0.21716055274009705,0.12074346840381622,0.06235631927847862,-0.8128564357757568,-0.9338380098342896,6.335449695587158,-1.641005277633667,0.944320797920227,0.3701019585132599,-0.5809479355812073,0.18245228740077912,-0.5414095259111763,1.1697733649042752,-1.2949200046404177,-0.666803966278319,1.5576258931316556,-0.16531838034764074,-0.17633997617334551,-0.08256974611943266,0.732695613635642,-0.18403472254966985,-0.37154408355634116,1.6346944782203154,-0.18136638021719254,-1.6891660761585534,-0.37352087193871064,2.7651280492217527,1.3083635040294643,7.0,1.0,47.92499923706055,48.137001037597656,47.97100067138672,4.8,38.42,53.9,0.627,0.894,1.269,0,1,0
1777637021.9620633,3536.736,1.6333645582199097,-0.1810820738421839,-1.6907323042498987,-0.37294131914247686,2.765557289123535,1.3032987117767334,-0.16712720692157745,0.05384272709488869,-0.2229641079902649,0.09731190651655197,0.049432530999183655,-0.8749826550483704,-0.4394531846046448,6.161499500274658,-1.9593424797058105,0.7469330430030823,0.4104767143726349,-0.5405731797218323,0.1811189728594154,-0.5430386970057265,1.1690682491201574,-1.2920545789289768,-0.6698809594636107,1.551082036364138,-0.1621202067203783,-0.1727817350728585,-0.08113292923270216,0.7571744089079517,-0.18728903093769977,-0.38584688622191365,1.6333682976971966,-0.18092515267809617,-1.690933471175116,-0.3727736138890796,2.7655095396464042,1.3013827901168096,7.0,1.0,47.92499923706055,48.137001037597656,47.97100067138672,4.8,38.42,53.9,0.627,0.894,1.269,0,1,0
1777637021.9690783,3536.7439999999997,1.6319605112075806,-0.18066341081728154,-1.6924822966205042,-0.3722460905658167,2.7658565044403076,1.2959063053131104,-0.15945731103420258,0.052372660487890244,-0.22664566338062286,0.07830972224473953,0.042702190577983856,-0.9317975044250488,-0.4440308213233948,6.124878406524658,-2.093851089477539,0.8433838486671448,0.5001984238624573,-0.5988922715187073,0.17977885829416088,-0.5445295343863423,1.1684190049777154,-1.2891207016228705,-0.6727956402766415,1.5442849218859742,-0.16156167123027335,-0.17497141688361537,-0.08172390903063378,0.7862057613604359,-0.19413658493764804,-0.3982500784936917,1.6320957313117503,-0.1805045029104706,-1.6927425055431122,-0.3721779173452635,2.765833567902044,1.2939433947910794,7.0,1.0,47.92499923706055,48.137001037597656,47.97100067138672,4.8,38.42,53.9,0.627,0.894,1.269,0,1,0
1777637021.9796138,3536.752,1.630652666091919,-0.18017226854433233,-1.6943052450763147,-0.37171870866884404,2.7661678791046143,1.288070559501648,-0.15436960756778717,0.05108156055212021,-0.23361249268054962,0.05997864902019501,0.0370648130774498,-0.9919295310974121,0.1739502102136612,5.859375476837158,-2.087125539779663,0.9869385957717896,0.5585175156593323,-0.5181427597999573,0.17844984547723625,-0.5460706728712283,1.167716583445998,-1.2860853518858788,-0.6759210540633211,1.5372852466062057,-0.1631040639568439,-0.17596863611429525,-0.08298681472935304,0.8160134086324339,-0.2025856067715248,-0.41341759914270226,1.6308775974954726,-0.18010639116853966,-1.6945898320366943,-0.37173598003119057,2.766098605288919,1.2860443313340841,7.0,1.0,47.92499923706055,48.137001037597656,47.97100067138672,4.8,38.42,53.9,0.627,0.894,1.269,0,1,0
1777637021.9838793,3536.7599999999998,1.62947678565979,-0.17982513109316045,-1.6961997191058558,-0.3713114897357386,2.7664430141448975,1.2798511981964111,-0.14638012647628784,0.048601627349853516,-0.2385723739862442,0.04030534625053406,0.02853204309940338,-1.048936128616333,-0.0869751051068306,5.529785633087158,-2.2575032711029053,0.9017030000686646,0.5652466416358948,-0.5203858017921448,0.17715356399120566,-0.5474320094598423,1.1670768048672526,-1.2830802185786614,-0.6790933593284926,1.5302391290814938,-0.1622729072292154,-0.17555737404055555,-0.08334920984557585,0.8422204068819532,-0.20838175958823946,-0.4265040401860726,1.6297147806294863,-0.17973286058823756,-1.6964719178960284,-0.371449954694806,2.7663030022527777,1.2776847487981104,7.0,1.0,47.92499923706055,48.137001037597656,47.97100067138672,4.8,38.42,53.9,0.627,0.894,1.269,0,1,0
1777637021.990827,3536.768,1.6283611059188843,-0.17938167253603154,-1.698094669972555,-0.37110692659486944,2.766658306121826,1.2710922956466675,-0.13754694163799286,0.04650518670678139,-0.2405281960964203,0.012175972573459148,0.016164323315024376,-1.1101036071777344,0.0640869215130806,5.236816883087158,-2.270954132080078,0.8456268906593323,0.5473023056983948,-0.4216919243335724,0.17586233023324407,-0.5489543491525527,1.1663725165881147,-1.2798420600936136,-0.6824701873525495,1.522850074394228,-0.16057007904814596,-0.17598059597889226,-0.08304969044614965,0.8671075322871338,-0.2123510781955387,-0.44231996296454335,1.6286082308900856,-0.17938603681571852,-1.6983850431332819,-0.37132193593657625,2.7664449884883617,1.2688639468958067,7.0,1.0,47.92499923706055,48.137001037597656,47.92499923706055,4.8,38.42,53.9,0.627,0.894,1.269,0,1,0
1777637021.9985392,3536.776,1.6272810697555542,-0.17903453508485967,-1.7000964323626917,-0.3710830847369593,2.766754150390625,1.2618427276611328,-0.12940406799316406,0.03999854996800423,-0.24560311436653137,-0.01537815760821104,0.0070946612395346165,-1.1685290336608887,-0.1098632961511612,5.081177234649658,-2.1566216945648193,0.4934692978858948,0.4867401719093323,-0.4912262558937073,0.17456055102404305,-0.5503358170931324,1.1657045289231303,-1.2765908176419472,-0.6857680506437868,1.5152675526073744,-0.16033165738210015,-0.1685144695918746,-0.0805988294553785,0.8825927002241146,-0.21908882343627636,-0.4559573782968456,1.6275589640619623,-0.17906812755696322,-1.7003252989182442,-0.37135394626708695,2.7665226731740997,1.2595813916337262,7.0,1.0,47.92499923706055,48.137001037597656,47.92499923706055,4.8,38.42,53.9,0.627,0.894,1.269,0,1,0
1777637022.0061657,3536.7839999999997,1.626285195350647,-0.17880708376039678,-1.7020753065692347,-0.3712275663958948,2.7667062282562256,1.2522571086883545,-0.1208137720823288,0.03500032797455788,-0.24757172167301178,-0.030123548582196236,0.006404370069503784,-1.2210487127304077,-0.3433227837085724,5.172729969024658,-2.1655890941619873,0.4979553818702698,0.3499145805835724,-0.3992615044116974,0.1732952578590547,-0.5516230027162172,1.1650958220910115,-1.2732928702978656,-0.6889912247780234,1.5075968353337408,-0.1608001701518982,-0.16877983224142354,-0.08055979858348869,0.9102444104157408,-0.23047607907340106,-0.46218763946849106,1.6265680613079496,-0.17878142203110858,-1.7022885860683825,-0.3715479214452202,2.766534045364688,1.2498367316304284,7.0,1.0,47.92499923706055,48.137001037597656,47.92499923706055,4.8,38.42,53.9,0.627,0.894,1.269,0,1,0
1777637022.0127482,3536.792,1.6254092454910278,-0.1785677115069788,-1.7040894667254847,-0.3715270201312464,2.766646385192871,1.242192268371582,-0.11311830580234528,0.029989324510097504,-0.2510998845100403,-0.043124035000801086,-0.017736652866005898,-1.2803179025650024,-0.4257202446460724,5.374145984649658,-2.116269111633301,0.5742188096046448,0.4306641221046448,-0.4755249619483948,0.17205246195052815,-0.5529415730068334,1.16445887964454,-1.2698661952636534,-0.6924298783411651,1.4997162588955038,-0.15738573711329673,-0.16969676909456669,-0.08099713541777137,0.9433785499397729,-0.22494529015180761,-0.48593582759539977,1.6256122321867474,-0.17852401558920405,-1.7042385789848034,-0.371837820699076,2.7665016836224545,1.239855359398475,7.0,1.0,47.92499923706055,48.198001861572266,47.92499923706055,4.8,38.42,53.9,0.627,0.894,1.269,0,1,0
1777637022.0149117,3536.792,1.6254092454910278,-0.1785677115069788,-1.7040894667254847,-0.3715270201312464,2.766646385192871,1.242192268371582,-0.11311830580234528,0.029989324510097504,-0.2510998845100403,-0.043124035000801086,-0.017736652866005898,-1.2803179025650024,-0.4257202446460724,5.374145984649658,-2.116269111633301,0.5742188096046448,0.4306641221046448,-0.4755249619483948,0.17205246195052815,-0.5529415730068334,1.16445887964454,-1.2698661952636534,-0.6924298783411651,1.4997162588955038,-0.15738573711329673,-0.16969676909456669,-0.08099713541777137,0.9433785499397729,-0.22494529015180761,-0.48593582759539977,1.6256122321867474,-0.17852401558920405,-1.7042385789848034,-0.371837820699076,2.7665016836224545,1.239855359398475,7.0,1.0,47.92499923706055,48.198001861572266,47.92499923706055,4.1,35.57,51.83,0.411,0.666,1.326,0,0,1
1777637022.0194676,3536.7999999999997,1.6245455741882324,-0.17832786241640264,-1.7060559431659144,-0.3718984762774866,2.7665865421295166,1.2320191860198975,-0.11599451303482056,0.027394341304898262,-0.23449453711509705,-0.039020638912916183,-0.004621117375791073,-1.2499834299087524,-0.5310059189796448,5.882263660430908,-1.771030306816101,0.4598236680030823,0.2332763969898224,-0.7289887070655823,0.17080015870643211,-0.554299863843012,1.1638079411830802,-1.2664029995235897,-0.6959136962130149,1.491765766246368,-0.1601187449689499,-0.17523368890650887,-0.0807378029412309,0.9332549696764224,-0.2303599325908107,-0.47138136243538836,1.6246673638918612,-0.17829235448695346,-1.7061416816217996,-0.372155947912713,2.766449648094344,1.2298636536305514,7.0,1.0,47.87900161743164,48.198001861572266,47.92499923706055,4.1,35.57,51.83,0.411,0.666,1.326,0,1,0
1777637022.0269997,3536.808,1.6237056255340576,-0.17820817628969365,-1.7079866568194788,-0.37227040926088506,2.766515016555786,1.2220853567123413,-0.11488237977027893,0.024939971044659615,-0.23547883331775665,-0.046191997826099396,-0.017736652866005898,-1.2550455331802368,-0.9109498262405396,6.060791492462158,-1.468385934829712,0.3342132866382599,0.3364563286304474,-0.6482391953468323,0.16956537277081893,-0.555487287880278,1.1632182432575453,-1.2631239434714348,-0.6992136005891761,1.4840662493165635,-0.15866418885890216,-0.16915290105425493,-0.08088110458987965,0.9266790301354071,-0.22336318618031378,-0.47948048323913683,1.6237333839684336,-0.17808632571109584,-1.7079977610117574,-0.3725017458173827,2.766378023241293,1.219862671082712,7.0,1.0,47.87900161743164,48.198001861572266,47.92499923706055,4.1,35.57,51.83,0.411,0.666,1.326,0,1,0
1777637022.0374799,3536.816,1.622745394706726,-0.1780770460711878,-1.7098215262042444,-0.3727019468890589,2.766395092010498,1.212080478668213,-0.11345066130161285,0.017858093604445457,-0.22913838922977448,-0.04881893843412399,-0.018503643572330475,-1.2572890520095825,-0.8422852158546448,6.541443347930908,-1.3383609056472778,0.2669220268726349,0.1996307522058487,-0.6572113633155823,0.16826346869648007,-0.5567853020846623,1.162611991903683,-1.259771307231865,-0.7024401114676662,1.4761808696000867,-0.15923711436848378,-0.1662086656928192,-0.07882986826933758,0.9251745025008964,-0.22511592609600428,-0.47867102583550336,1.6228102694894266,-0.177905822510815,-1.7098067538142345,-0.3728747961334413,2.76628684536705,1.2098529999525756,7.0,1.0,47.87900161743164,48.198001861572266,47.92499923706055,4.1,35.57,51.83,0.411,0.666,1.326,0,1,0
1777637022.0413957,3536.8239999999996,1.6218338012695312,-0.17793304124941045,-1.7116320768939417,-0.37304956117738897,2.766263246536255,1.2020387649536133,-0.11205729842185974,0.015927834436297417,-0.2200751155614853,-0.04989272728562355,-0.014476943761110306,-1.257864236831665,-0.6774902939796448,6.838989734649658,-1.5356402397155762,0.2422485649585724,0.2444916069507599,-0.6415100693702698,0.1669823840490398,-0.5581462465102773,1.1619661321182373,-1.2562907848176803,-0.7057780292187023,1.4682415162909512,-0.16023967265237377,-0.17133288528138707,-0.07984313818118327,0.9317155817791255,-0.22967954574402905,-0.47440481218022823,1.6218979963775784,-0.17775073631778504,-1.711568597941934,-0.3732746787711463,2.766176153519229,1.1998352306520257,7.0,1.0,47.87900161743164,48.198001861572266,47.92499923706055,4.1,35.57,51.83,0.411,0.666,1.326,0,1,0
1777637022.0483909,3536.832,1.6209214925765991,-0.17783719698061162,-1.7134664694415491,-0.37350494066347295,2.7660958766937256,1.1919727325439453,-0.11136700958013535,0.013320066966116428,-0.21278870105743408,-0.05589442700147629,-0.022894663736224174,-1.2584203481674194,-0.6820679306983948,6.784058094024658,-1.3787134885787964,0.2938385307788849,0.1188812404870987,-0.6459961533546448,0.1656903822296231,-0.5593932235089565,1.161341665821744,-1.2529292041008577,-0.7089749060884872,1.4603624133592006,-0.15934906287109318,-0.1719940443558263,-0.07956468274255929,0.9303305636915784,-0.22518415793672375,-0.4787782695327357,1.6209965393741088,-0.1776209567267868,-1.7132832326263419,-0.37370097211126563,2.766045989526008,1.1898099554838986,7.0,1.0,47.87900161743164,48.198001861572266,47.92499923706055,4.1,35.57,51.83,0.411,0.666,1.326,0,1,0
1777637022.055881,3536.8399999999997,1.6199619770050049,-0.17772943178285772,-1.7151573340045374,-0.37394839922060186,2.765988349914551,1.1820145845413208,-0.10998642444610596,0.011658254079520702,-0.20555342733860016,-0.05773520469665527,-0.01854199357330799,-1.260702133178711,-0.7049561142921448,6.541443347930908,-1.3518117666244507,0.4059906303882599,0.1031799390912056,-0.6572113633155823,0.16436581178646192,-0.5607609900777681,1.160699526716593,-1.2495293109446177,-0.712236770239659,1.4524527021878657,-0.16061644022635624,-0.17586205429609167,-0.08076947065544987,0.9361622985769935,-0.23047624769883768,-0.4747637369412492,1.620105872007504,-0.1775163714778536,-1.7149505984812432,-0.37415325328753646,2.7658963980315754,1.1797777683175283,7.0,1.0,47.87900161743164,48.198001861572266,47.92499923706055,4.1,35.57,51.83,0.411,0.666,1.326,0,1,0
1777637022.063009,3536.848,1.6190377473831177,-0.1775735060321253,-1.716788117085592,-0.3743680159198206,2.765784740447998,1.1718647480010986,-0.10993529111146927,0.009561813436448574,-0.19802413880825043,-0.0589623861014843,-0.021494906395673752,-1.2584203481674194,-0.4577637314796448,6.335449695587158,-1.5289148092269897,0.3992615044116974,0.0919647291302681,-0.7020722031593323,0.16306173100772292,-0.5622812859675486,1.1599990162559333,-1.2458755875421006,-0.715603030352548,1.4443379390280462,-0.1608925056859953,-0.17846370894525954,-0.08146230026405463,0.937829718806385,-0.2293013951385628,-0.4756038256189449,1.6192259665624062,-0.1774368664400061,-1.7165706375640966,-0.37463109847049125,2.7657274265302583,1.1697392642636002,7.0,1.0,47.87900161743164,48.198001861572266,47.95500183105469,4.1,35.57,51.83,0.411,0.666,1.326,0,1,0
1777637022.070106,3536.8559999999998,1.6181621551513672,-0.17749005952943975,-1.718226734791891,-0.37479955354799444,2.7657010555267334,1.161774754524231,-0.10755762457847595,0.007286408916115761,-0.18947219848632812,-0.06197282671928406,-0.02279878966510296,-1.2646905183792114,-0.2197265923023224,6.074524402618408,-1.6746324300765991,0.2355194389820099,-0.0336456336081028,-0.5988922715187073,0.16176086259562186,-0.563869937329811,1.1593286754883154,-1.2422137804103204,-0.7191493779958493,1.4362665905873884,-0.1607832401667878,-0.18321305445273772,-0.08234037961668521,0.9467435662269202,-0.2308633887279638,-0.4753690808690409,1.618356794048637,-0.1773823255966498,-1.7181432934352117,-0.37513408315216523,2.7655391253993216,1.1596950393487688,7.0,1.0,47.87900161743164,48.198001861572266,47.95500183105469,4.1,35.57,51.83,0.411,0.666,1.326,0,1,0
1777637022.077149,3536.864,1.617249846458435,-0.1774657408343714,-1.7197135130511683,-0.37529117265810186,2.7654614448547363,1.1518042087554932,-0.10585746169090271,0.00501100393012166,-0.18469129502773285,-0.06448471546173096,-0.022549517452716827,-1.2646905183792114,-0.6546021103858948,5.726624011993408,-1.721710443496704,0.1121521145105362,-0.0583190992474556,-0.6549683213233948,0.16046218461117634,-0.5652902458182882,1.1586907238243778,-1.2386890978263267,-0.7223406950204699,1.4283250427366412,-0.16106566627298613,-0.18304331862442075,-0.08297152670124257,0.9464690084216792,-0.23283269566709064,-0.47316821817190685,1.6174983241703877,-0.17735263103269183,-1.7196685112147136,-0.3756617824311981,2.7653315479303746,1.1496456901904972,7.0,1.0,47.87900161743164,48.16699981689453,47.95500183105469,4.1,35.57,51.83,0.411,0.666,1.326,0,1,0
1777637022.1324582,3536.872,1.616410255432129,-0.1774657408343714,-1.7211163679706019,-0.3757827917682093,2.765329599380493,1.1416300535202026,-0.1041189506649971,0.002377670258283615,-0.17945018410682678,-0.06799370050430298,-0.025061411783099174,-1.265265703201294,-0.5905151963233948,5.667114734649658,-1.8920880556106567,0.1188812404870987,-0.1143951565027237,-0.6415100693702698,0.1591612177287458,-0.5668033209282836,1.1580333532541316,-1.2350466741283046,-0.7258268915091757,1.420254669044675,-0.1608347697556254,-0.18259956439735725,-0.08327667217565035,0.9457969111914035,-0.23267696053906456,-0.47279260749374385,1.6166505252956034,-0.1773476629234505,-1.7211462376372335,-0.3762137712978575,2.7651047503593738,1.1395918136725713,7.0,1.0,47.87900161743164,48.16699981689453,47.95500183105469,4.1,35.57,51.83,0.411,0.666,1.326,0,1,0
1777637022.1327298,3536.8799999999997,1.6155462265014648,-0.17744189897646123,-1.7224953810321253,-0.3763826529132288,2.7651147842407227,1.1315157413482666,-0.10291732847690582,-0.001943042385391891,-0.17487381398677826,-0.07368860393762589,-0.028781315311789513,-1.2653807401657104,-0.4074096977710724,4.994202136993408,-1.9010553359985352,0.3028106987476349,-0.0829925611615181,-0.5630035996437073,0.15785682259276312,-0.5682979962599961,1.1573656787158684,-1.2314559531316114,-0.72913684631893,1.4122297049977108,-0.16081629781674045,-0.17887875678978796,-0.08217073581656273,0.9400755268008871,-0.23184811859113402,-0.47367914382852805,1.6158133644255974,-0.1773672995254163,-1.722576421104339,-0.376789624918473,2.764858791895181,1.1295340066217339,7.0,1.0,47.92499923706055,48.16699981689453,47.95500183105469,4.1,35.57,51.83,0.411,0.666,1.326,0,1,0
1777637022.1385264,3536.888,1.6147305965423584,-0.17752534547914678,-1.7238624731646937,-0.3769338766681116,2.7648754119873047,1.1213886737823486,-0.10119160264730453,-0.004959871526807547,-0.16938982903957367,-0.07558690756559372,-0.031446605920791626,-1.2664737701416016,-0.5538941025733948,5.140686511993408,-1.966067910194397,0.1816864162683487,-0.0986938551068306,-0.6033783555030823,0.15657017455038022,-0.5696984818041902,1.156732277427249,-1.2278786080086885,-0.7324272813667162,1.4042502980519544,-0.16058941325020942,-0.17898799825312048,-0.08246227503694999,0.941318165076632,-0.23171084389638835,-0.47363386504376415,1.6149868071649216,-0.17741141716891917,-1.7239590117346335,-0.37738891891883775,2.764593734746633,1.1194728654858919,7.0,1.0,47.92499923706055,48.16699981689453,47.95500183105469,4.1,35.57,51.83,0.411,0.666,1.326,0,1,0
1777637022.1438227,3536.8959999999997,1.6139984130859375,-0.17754966417421514,-1.7251456419574183,-0.37759334245790654,2.7645998001098633,1.111154556274414,-0.10052687674760818,-0.004653075244277716,-0.1669865995645523,-0.07911506295204163,-0.03526238352060318,-1.2601269483566284,-0.7324219346046448,4.687500476837158,-1.8607027530670166,0.0291595496237278,-0.004486084450036287,-0.6908569931983948,0.1553235849182108,-0.5712028902188908,1.1560573402125387,-1.2241876575188293,-0.7358087377224688,1.3962254460344223,-0.16019532820358967,-0.17709480904022426,-0.08391228279452345,0.9341377519973766,-0.2292823359401647,-0.4733983143439786,1.614170817691532,-0.17747989025276745,-1.7252939614115324,-0.3780112296660665,2.7643096441481187,1.109408986014338,7.0,1.0,47.92499923706055,48.16699981689453,47.95500183105469,4.1,35.57,51.83,0.411,0.666,1.326,0,1,0
1777637022.1501844,3536.904,1.6131707429885864,-0.1776335875140589,-1.7264764944659632,-0.3782289663897913,2.7642648220062256,1.1011353731155396,-0.09843043237924576,-0.013614079914987087,-0.16072283685207367,-0.0810900628566742,-0.03959587961435318,-1.2641152143478394,-0.7095337510108948,5.053711414337158,-1.8831208944320679,0.01794433780014515,0.0740203931927681,-0.5405731797218323,0.15403631723091288,-0.5725557959145567,1.1554101566909254,-1.22067543497535,-0.7388945084351233,1.3883279495292018,-0.1599345679084896,-0.17245164523574147,-0.08083803618426376,0.9327711489012338,-0.228784210172816,-0.47495668077132414,1.6133653587272772,-0.17757259124091362,-1.7265812238286813,-0.3786561345484625,2.7640065883836016,1.099342962940419,7.0,1.0,47.92499923706055,48.16699981689453,47.95500183105469,4.1,35.57,51.83,0.411,0.666,1.326,0,1,0
1777637022.1643739,3536.912,1.6124505996704102,-0.1776812712298792,-1.7277711073504847,-0.37892419496645147,2.763941764831543,1.091079831123352,-0.09730551391839981,-0.014163755811750889,-0.15757818520069122,-0.08791627734899521,-0.041129861027002335,-1.2635400295257568,-0.5538941025733948,4.545593738555908,-1.7105014324188232,0.1413116604089737,0.1233673244714737,-0.6347809433937073,0.15279778877111147,-0.5739417009610124,1.1547306064761345,-1.2171196099237387,-0.7420869847285017,1.3804789069151713,-0.16019952095263995,-0.17070194282165532,-0.08161604444020534,0.9276814898875057,-0.229420559246766,-0.4744149964997942,1.6125703915087524,-0.1776893906611896,-1.7278207545330027,-0.3793232122529204,2.7636846388090817,1.0892753896670815,7.0,1.0,47.92499923706055,48.16699981689453,47.95500183105469,4.1,35.57,51.83,0.411,0.666,1.326,0,1,0
1777637022.1682258,3536.9199999999996,1.611622929573059,-0.17781287828554326,-1.7289703528033655,-0.3796318213092249,2.7636184692382812,1.0808569192886353,-0.09607832878828049,-0.016758739948272705,-0.14934581518173218,-0.08814637362957001,-0.043603405356407166,-1.2618334293365479,-0.5630493760108948,4.637146472930908,-1.6768742799758911,0.1457977443933487,0.02243042178452015,-0.6101074814796448,0.15147414144763965,-0.575377852342196,1.1540712195577896,-1.21350467941226,-0.7452824099851887,1.372401000683438,-0.15994239471415253,-0.17360158775067944,-0.08209667472699289,0.9310993930859118,-0.22877594155120193,-0.4740444631435086,1.6117858757585442,-0.17783015710617534,-1.729012510965358,-0.3800120430394074,2.763343869873477,1.0792068579557172,7.0,1.0,47.92499923706055,48.16699981689453,47.95500183105469,4.1,35.57,51.83,0.411,0.666,1.326,0,1,0
1777637022.168323,3536.928,1.6108671426773071,-0.1780169645892542,-1.7300012747394007,-0.38038713136781865,2.7632358074188232,1.0707653760910034,-0.0948767140507698,-0.019468773156404495,-0.1459454894065857,-0.09178958088159561,-0.04682476446032524,-1.2618334293365479,-0.6958008408546448,4.586792469024658,-1.593927264213562,0.0762634351849556,-0.0291595496237278,-0.6056213974952698,0.15020579868678208,-0.576817568414013,1.1534587035118613,-1.2098830001351277,-0.7484208614964191,1.3644532254499058,-0.15996371484716437,-0.17111151856797388,-0.08211690624421217,0.9277372818891432,-0.22824599439371607,-0.47475809378775696,1.6110117696569075,-0.17799475723623814,-1.7301564524988073,-0.38072220901208453,2.7629843591378673,1.0691379576187172,7.0,1.0,47.92499923706055,48.16699981689453,47.95500183105469,4.1,35.57,51.83,0.411,0.666,1.326,0,1,0
1777637022.1683757,3536.9359999999997,1.6101469993591309,-0.17819625536073858,-1.7311528364764612,-0.3811424414264124,2.762876510620117,1.0606136322021484,-0.09407137334346771,-0.022600650787353516,-0.1391831934452057,-0.09549030661582947,-0.047994423657655716,-1.260702133178711,-0.6317139267921448,4.472351551055908,-1.4952876567840576,0.1435547024011612,-0.0471038855612278,-0.6213226914405823,0.14893560424070307,-0.5781746696731707,1.1528046027573484,-1.206313533231792,-0.751575986365572,1.3565311351109974,-0.16034114236538963,-0.17104801561708424,-0.08175759820351339,0.9262798287494906,-0.22889873944493028,-0.47415307473483603,1.61024802981391,-0.17818305578477478,-1.7312525404744648,-0.381453294386624,2.762606187293102,1.0590692762161327,7.0,1.0,47.92499923706055,48.152000427246094,47.95500183105469,4.1,35.57,51.83,0.411,0.666,1.326,0,1,0
1777637022.1684513,3536.944,1.609403133392334,-0.17838794389833623,-1.732255760823385,-0.3819335142718714,2.762505531311035,1.0504742860794067,-0.0932021215558052,-0.025080585852265358,-0.13463237881660461,-0.09731190651655197,-0.05012282356619835,-1.260702133178711,-0.4623413681983948,4.206848621368408,-1.6208289861679077,0.2826233208179474,-0.0986938551068306,-0.6213226914405823,0.14764586087035692,-0.579540308449864,1.1521472855391561,-1.2027550717421032,-0.7546896631754529,1.3485932271826344,-0.16064160169677053,-0.17058147425992512,-0.0821949403964415,0.9261632054721163,-0.22907371218316258,-0.47444416587345406,1.609494611242079,-0.1783949155657254,-1.7323007382349438,-0.38220488575330336,2.7622094381757556,1.0490013987568405,7.0,1.0,47.92499923706055,48.152000427246094,47.95500183105469,4.1,35.57,51.83,0.411,0.666,1.326,0,1,0
1777637022.1685262,3536.9519999999998,1.6086710691452026,-0.17849570909609014,-1.7333110014544886,-0.38267738023866826,2.7620389461517334,1.0404539108276367,-0.09275470674037933,-0.02743268944323063,-0.12797234952449799,-0.100130595266819,-0.053459230810403824,-1.2635400295257568,-0.3799438774585724,4.124451160430908,-1.4728695154190063,0.0762634351849556,0.0022430422250181437,-0.5742188096046448,0.14638520049104123,-0.5810061838997289,1.151428134915255,-1.1990772041452322,-0.757747805347326,1.3406545720144212,-0.16119306233047834,-0.17256707704673457,-0.08270623286746087,0.9298728067322795,-0.22888125148772528,-0.47686884617063796,1.6087421202971726,-0.17862610145475344,-1.7332952805348043,-0.38295256965958124,2.7618047488244155,1.039009110603553,7.0,1.0,47.92499923706055,48.152000427246094,47.95500183105469,4.1,35.57,51.83,0.411,0.666,1.326,0,1,0
1777637022.1686032,3536.9519999999998,1.6086710691452026,-0.17849570909609014,-1.7333110014544886,-0.38267738023866826,2.7620389461517334,1.0404539108276367,-0.09275470674037933,-0.02743268944323063,-0.12797234952449799,-0.100130595266819,-0.053459230810403824,-1.2635400295257568,-0.3799438774585724,4.124451160430908,-1.4728695154190063,0.0762634351849556,0.0022430422250181437,-0.5742188096046448,0.14638520049104123,-0.5810061838997289,1.151428134915255,-1.1990772041452322,-0.757747805347326,1.3406545720144212,-0.16119306233047834,-0.17256707704673457,-0.08270623286746087,0.9298728067322795,-0.22888125148772528,-0.47686884617063796,1.6087421202971726,-0.17862610145475344,-1.7332952805348043,-0.38295256965958124,2.7618047488244155,1.039009110603553,7.0,1.0,47.92499923706055,48.152000427246094,47.95500183105469,3.62,35.14,50.39,0.422,0.475,1.264,0,0,1
1777637022.1686814,3536.96,1.6079272031784058,-0.17881900468935186,-1.73425800005068,-0.3833964506732386,2.7616679668426514,1.030434012413025,-0.094582699239254,-0.028148548677563667,-0.11553432047367096,-0.09184709936380386,-0.05140753090381622,-1.2306169271469116,-0.6042481064796448,3.982544422149658,-1.4123406410217285,0.0605621412396431,0.1300964504480362,-0.7065582871437073,0.1450883876283494,-0.582354593901646,1.1508114507974514,-1.1955102217548985,-0.7608398575791698,1.332757513663315,-0.1603582868849929,-0.17646730581809847,-0.0828605647668052,0.9187065587552912,-0.22457085037515206,-0.46800618921107406,1.60794622164335,-0.17885628476650872,-1.7342111260914876,-0.38358306164335687,2.7614425467182553,1.02944050282459,7.0,1.0,47.95500183105469,48.152000427246094,47.95500183105469,3.62,35.14,50.39,0.422,0.475,1.264,0,1,0
1777637022.1739576,3536.968,1.6071710586547852,-0.17898685136903936,-1.7351816336261194,-0.3840439955340784,2.7613444328308105,1.0210851430892944,-0.11038270592689514,-0.021105019375681877,-0.09407137334346771,-0.059537630528211594,-0.03485971316695213,-1.1075533628463745,-1.3595582246780396,4.138184070587158,-0.9034496545791626,0.2243042290210724,0.1054229810833931,-0.6931000351905823,0.14383422117603492,-0.5837222562019443,1.150135175115531,-1.192113130714182,-0.7637633576749486,1.3252785795249185,-0.16098955928031616,-0.1837861568573323,-0.0833352907318336,0.8641552399328676,-0.2105538760708565,-0.4386309897069798,1.607071032307096,-0.17906722546382703,-1.735032793773776,-0.3840064019233651,2.761164421607589,1.0205685521856953,7.0,1.0,47.95500183105469,48.152000427246094,47.95500183105469,3.62,35.14,50.39,0.422,0.475,1.264,0,1,0
1777637022.1793256,3536.9759999999997,1.6063190698623657,-0.17920238176454717,-1.735925022755758,-0.38435584703554326,2.7611052989959717,1.0127426385879517,-0.12076263874769211,-0.020376378670334816,-0.08773092180490494,-0.02757330611348152,-0.020862139761447906,-1.0212093591690063,-0.9658814668655396,4.188538074493408,-0.8384371399879456,0.2669220268726349,0.0403747595846653,-0.8119812607765198,0.14260129598095678,-0.5850679989965305,1.1495081144618031,-1.1889142125598342,-0.7664495758146055,1.3183232498534625,-0.16180847638180804,-0.1799475467935559,-0.08329022121312302,0.8222728073766645,-0.20270748421855375,-0.4157355033706021,1.60611509777336,-0.17925553788367843,-1.7357664648472522,-0.38422108365245045,2.760973170189935,1.0123923445700571,7.0,1.0,47.95500183105469,48.152000427246094,47.95500183105469,3.62,35.14,50.39,0.422,0.475,1.264,0,1,0
1777637022.1877198,3536.984,1.6053712368011475,-0.17938167253603154,-1.7365487257586878,-0.3844516913043421,2.7609493732452393,1.0051552057266235,-0.13029888272285461,-0.01882961392402649,-0.07490939646959305,-0.00621262239292264,-0.01014344859868288,-0.9333122968673706,-1.5792847871780396,4.618835926055908,-0.9370768070220947,0.4710388779640198,0.1368255764245987,-0.7850647568702698,0.14136826760315307,-0.5864464231922414,1.1488802182862525,-1.185860426295433,-0.7689717867669529,1.3117334089094335,-0.16123430546710854,-0.1783665588030344,-0.08118170344143096,0.7755682127618657,-0.19200116836100817,-0.3937839069561998,1.6050771449263044,-0.1794180716460101,-1.736417904874905,-0.3842256330473397,2.7608712748170046,1.0049110843659692,7.0,1.0,47.95500183105469,48.152000427246094,47.95500183105469,3.62,35.14,50.39,0.422,0.475,1.264,0,1,0
1777637022.1947434,3536.9919999999997,1.6043274402618408,-0.17954951921571904,-1.7370999495135706,-0.38435584703554326,2.760889768600464,0.9982035756111145,-0.1407555192708969,-0.01456003449857235,-0.0677763894200325,0.0262310728430748,-0.003930825740098953,-0.8440729379653931,-1.808166742324829,4.930115222930908,-0.8787897229194641,0.4979553818702698,0.2422485649585724,-0.8792725801467896,0.14012062186878427,-0.5878134882963633,1.1482599956936732,-1.182972742372938,-0.7713509068785372,1.3054619660600553,-0.16017513395294541,-0.1782569708665042,-0.08222374249965005,0.7356266540296458,-0.1771223513264802,-0.375389614682493,1.6039560806049584,-0.17955190934073073,-1.7369924619209307,-0.3840185830035958,2.7608609061979905,0.9981241241474201,7.0,1.0,47.95500183105469,48.152000427246094,47.95500183105469,3.62,35.14,50.39,0.422,0.475,1.264,0,1,0
1777637022.1999903,3537.0,1.603151559829712,-0.17959767976869756,-1.7375920454608362,-0.38403207460512334,2.7609493732452393,0.9919223189353943,-0.15310406684875488,-0.010264888405799866,-0.06018318235874176,0.04902986064553261,0.022396119311451912,-0.7594355344772339,-1.6571046113967896,5.030823230743408,-0.8899987936019897,0.7110443711280823,0.2983246147632599,-0.7940369248390198,0.13884131303275823,-0.5892782352479259,1.1475811102767954,-1.1801783424041066,-0.7736403682066816,1.2994456401979144,-0.16376864896867593,-0.17726350321274018,-0.0823790814747941,0.691432685359931,-0.17837294954683847,-0.34678157908215695,1.602750989906033,-0.17965436414951874,-1.737495064963408,-0.3835984495771605,2.7609439263680837,0.9920309914377556,7.0,1.0,47.95500183105469,48.152000427246094,47.95500183105469,3.62,35.14,50.39,0.422,0.475,1.264,0,1,0
1777637022.206519,3537.008,1.6018437147140503,-0.17966968217958623,-1.7380474249469202,-0.3835042158709925,2.761129140853882,0.9861927628517151,-0.1647878885269165,-0.006097573786973953,-0.05131165683269501,0.07967112958431244,0.031983498483896255,-0.6712508201599121,-1.6983033418655396,5.035400867462158,-0.7756664752960205,0.6392670273780823,0.5226288437843323,-0.8187103867530823,0.13751424093908698,-0.5906971976828302,1.1469221791880333,-1.177570934691791,-0.775797887569187,1.2936833296205899,-0.16384132045086697,-0.17869875628119444,-0.0827911873647168,0.6524616820092833,-0.1659604351157342,-0.32767463782321893,1.6014611342729586,-0.17972297745861354,-1.7379302224535262,-0.38296371116455585,2.7611218918396276,0.9866314127310112,7.0,1.0,47.95500183105469,48.2130012512207,47.97100067138672,3.62,35.14,50.39,0.422,0.475,1.264,0,1,0
1777637022.2150712,3537.0159999999996,1.6004401445388794,-0.17965776125063115,-1.7383950392352503,-0.38268882433046514,2.7614643573760986,0.9813140630722046,-0.17768611013889313,-0.0023393207229673862,-0.041545312851667404,0.1060556024312973,0.03742913156747818,-0.5899498462677002,-1.3732911348342896,5.072021961212158,-0.8810315728187561,0.6011353135108948,0.4598236680030823,-0.7446900010108948,0.13619000821260058,-0.5921930944384601,1.146235704281194,-1.1750946708102363,-0.7778772824383652,1.2883247863101337,-0.16463772074188904,-0.18087871941699096,-0.0825408295194094,0.6161094297789554,-0.15192888637030078,-0.31448079180743704,1.6000859494084771,-0.1797555165125857,-1.73830202096517,-0.3821127902274224,2.7613960568600207,0.9819253349316588,7.0,1.0,47.95500183105469,48.2130012512207,47.97100067138672,3.62,35.14,50.39,0.422,0.475,1.264,0,1,0
1777637022.228324,3537.024,1.5989521741867065,-0.17965776125063115,-1.7386468092547815,-0.38162213960756475,2.761763572692871,0.9770588874816895,-0.18811717629432678,0.008142881095409393,-0.03237977996468544,0.13477939367294312,0.04736165702342987,-0.5036442279815674,-1.2176514863967896,5.287170886993408,-1.004331111907959,0.7581482529640198,0.5203858017921448,-0.5921631455421448,0.1348796989534659,-0.5936967445509854,1.1455692563938193,-1.1726790273785963,-0.7797292109017097,1.2832333882267757,-0.16398283985798018,-0.1887748723077013,-0.08619458932620336,0.5836360631675839,-0.1398948619106794,-0.29454181281251957,1.5986250430460256,-0.1797499721527851,-1.7386141238843997,-0.3810440374239672,2.7617673767073696,0.9779129443568291,7.0,1.0,47.95500183105469,48.2130012512207,47.97100067138672,3.62,35.14,50.39,0.422,0.475,1.264,0,1,0
1777637022.2409158,3537.0319999999997,1.5973683595657349,-0.17958575883974248,-1.7388265768634241,-0.3803752104388636,2.762254238128662,0.9734628796577454,-0.19960924983024597,0.004614725708961487,-0.023009711876511574,0.16595755517482758,0.06009369716048241,-0.41323524713516235,-1.0070801973342896,5.717468738555908,-1.100728988647461,0.5114136338233948,0.3925323784351349,-0.6863709092140198,0.13354661864082928,-0.5952459089881285,1.1448835613337471,-1.1704350587424879,-0.7815527004356189,1.278471481893727,-0.16434586644906524,-0.18273163993467845,-0.08143820290601514,0.5360691434112256,-0.12931293598749172,-0.27267527120254054,1.5970781926126767,-0.17970455667761076,-1.7388697700940412,-0.3797557180295632,2.7622365109618467,0.9745946834259849,7.0,1.0,47.95500183105469,48.2130012512207,47.97100067138672,3.62,35.14,50.39,0.422,0.475,1.264,0,1,0
1777637022.241272,3537.04,1.595604419708252,-0.17941791216005498,-1.7389944235431116,-0.37887651125063115,2.7627928256988525,0.9706698060035706,-0.20952899754047394,0.015237542800605297,-0.019161976873874664,0.19128741323947906,0.07163690775632858,-0.3240917921066284,-0.9567261934280396,5.296326160430908,-1.179192304611206,0.6706696152687073,0.3274841606616974,-0.7222595810890198,0.13217499839943025,-0.5968056113226783,1.1441720855809403,-1.168381312366826,-0.7830947678759806,1.2740461190585421,-0.1635666909153437,-0.184035160155071,-0.0839790204994009,0.49243311706197546,-0.1181405159104329,-0.2504731713397755,1.5954453428136652,-0.17961770185524095,-1.7390717726140394,-0.37824600055074153,2.76280382669776,0.9719712651419377,7.0,1.0,47.939998626708984,48.2130012512207,47.97100067138672,3.62,35.14,50.39,0.422,0.475,1.264,0,1,0
1777637022.2426157,3537.048,1.593900442123413,-0.17931014696230108,-1.7391021887408655,-0.37719756761659795,2.763355255126953,0.9685841798782349,-0.21997284889221191,0.019571037963032722,-0.009446765296161175,0.2164638638496399,0.0783480703830719,-0.23569615185260773,-0.9155274629592896,5.657959461212158,-1.2598974704742432,0.6392670273780823,0.4800110459327698,-0.7379608750343323,0.130899077442898,-0.5982276824471607,1.1435341141491258,-1.1665450951454688,-0.7844453635583443,1.2701636673583794,-0.1624575785337894,-0.1843926721724022,-0.08245706958838608,0.44884306427641035,-0.10348706376099027,-0.2322282165666471,1.5937266031655177,-0.17948805711278482,-1.7392225171635811,-0.37651294746073294,2.763469401548444,0.9700436854442671,7.0,1.0,47.939998626708984,48.2130012512207,47.97100067138672,3.62,35.14,50.39,0.422,0.475,1.264,0,1,0
1777637022.2501872,3537.056,1.5920766592025757,-0.17916661897768194,-1.7391861120807093,-0.37535125414003545,2.764061450958252,0.9671696424484253,-0.22872932255268097,0.02147573232650757,-0.009766344912350178,0.2470284402370453,0.09230729937553406,-0.14766483008861542,-1.3092042207717896,5.744934558868408,-1.2643811702728271,0.6841278672218323,0.5809479355812073,-0.5674896836280823,0.12959211219948452,-0.5996098593100498,1.1429077884096903,-1.1649581049525481,-0.7856487489430031,1.2666415316644875,-0.1616838960054262,-0.17534273500667538,-0.08068559120194002,0.39867290197241034,-0.09453755414501848,-0.20764534207304552,1.5919222455016149,-0.17931448791915372,-1.7393239606163036,-0.374554508010311,2.76423302660322,0.9688132334918578,7.0,1.0,47.939998626708984,48.2130012512207,47.97100067138672,3.62,35.14,50.39,0.422,0.475,1.264,0,1,0
1777637022.2580926,3537.064,1.5902531147003174,-0.17899877229799444,-1.739246670399801,-0.3731935659991663,2.7648873329162598,0.9664266705513,-0.23889194428920746,0.027419907972216606,-0.007529288996011019,0.27580976486206055,0.10973715037107468,-0.05825292319059372,-1.4419556856155396,5.845642566680908,-1.0783108472824097,0.7446900010108948,0.3947754204273224,-0.5405731797218323,0.12833072740537244,-0.600976862981031,1.1422737259308693,-1.1634730821649923,-0.78683244484564,1.2635074109438629,-0.16202920285962263,-0.1720217548064135,-0.0808655913386452,0.35207974671690095,-0.08784190942384679,-0.1818686400077186,1.5900327014706699,-0.17909607437220565,-1.7393776293252188,-0.37236851309469454,2.765094209102847,0.9682814999055651,7.0,1.0,47.939998626708984,48.2130012512207,47.97100067138672,3.62,35.14,50.39,0.422,0.475,1.264,0,1,0
1777637022.264376,3537.0719999999997,1.5882611274719238,-0.17874700227846319,-1.7392824331866663,-0.37083131471742803,2.7658205032348633,0.966366708278656,-0.2481086105108261,0.03209855034947395,0.000690291344653815,0.30464857816696167,0.11604564636945724,0.030487868934869766,-1.5014649629592896,6.129456043243408,-0.703928530216217,0.8747864961624146,0.4261780083179474,-0.6325379014015198,0.1270161303967636,-0.6023694726589788,1.1416191160059417,-1.1621752613011176,-0.7878420899029133,1.2606515822958202,-0.16024317012720649,-0.17252122256000937,-0.07991006097312865,0.3106727741154647,-0.07299076948517647,-0.1627191916491308,1.5880585600451411,-0.17883210999392674,-1.7393846172994358,-0.3699526721855273,2.7660521749071023,0.968450382975064,7.0,1.0,47.939998626708984,48.2130012512207,47.97100067138672,3.62,35.14,50.39,0.422,0.475,1.264,0,1,0
1777637022.2712977,3537.08,1.5861496925354004,-0.17850810686220342,-1.7392342726336878,-0.3681576887713831,2.7667782306671143,0.9669539332389832,-0.2588464915752411,0.036495961248874664,0.0065322015434503555,0.3342352509498596,0.12927623093128204,0.12503860890865326,-1.5426636934280396,6.642151355743408,-0.3788659870624542,0.7873077988624573,0.6078644394874573,-0.0762634351849556,0.1256857552276524,-0.6037822733344635,1.1409806061036312,-1.160948645548272,-0.7886830865426038,1.2580354677437982,-0.15998906655727163,-0.1697574570896289,-0.07845435651761899,0.26201537560634724,-0.06227844854984565,-0.139023684635451,1.5860005650531104,-0.17852210073049601,-1.7393455842203887,-0.36730457236630354,2.767105870715368,0.9693220928058088,7.0,1.0,47.939998626708984,48.198001861572266,47.97100067138672,3.62,35.14,50.39,0.422,0.475,1.264,0,1,0
1777637022.283318,3537.0879999999997,1.584001898765564,-0.178232494984762,-1.7390783468829554,-0.3653166929828089,2.767975091934204,0.9683804512023926,-0.26944372057914734,0.04281084984540939,0.013524597510695457,0.36349591612815857,0.14361895620822906,0.21353012323379517,-1.3137818574905396,6.875610828399658,-0.2891935706138611,0.7805786728858948,0.3925323784351349,-0.2400055229663849,0.12437538935584883,-0.6051806897922893,1.14037127016153,-1.1600072306507003,-0.7894959201719625,1.2559553137330373,-0.1604687878475437,-0.17143327976807532,-0.07877788480583649,0.22175293333579077,-0.05390798263266369,-0.11622718155456321,1.5838596127435975,-0.17816576414705576,-1.7392607532911768,-0.3644216795399533,2.7682539660284142,0.9708991533527837,7.0,1.0,47.939998626708984,48.198001861572266,47.97100067138672,3.62,35.14,50.39,0.422,0.475,1.264,0,1,0
1777637022.28562,3537.096,1.5817338228225708,-0.1778491179095667,-1.7389705816852015,-0.3622353712665003,2.7691237926483154,0.9705256223678589,-0.2812170386314392,0.049445316195487976,0.021271200850605965,0.39237311482429504,0.15261191129684448,0.3025585412979126,-1.3183594942092896,7.118226051330566,-0.22642286121845245,0.7222595810890198,0.6347809433937073,-0.2018737941980362,0.12306331704488561,-0.6065547555290827,1.1397308129247796,-1.1592205059798089,-0.7899899267234403,1.2542007783965106,-0.16096363543367204,-0.1737603093637054,-0.078952648641336,0.18158460101979862,-0.041594438023237604,-0.09802674732581665,1.5816367493917856,-0.17776302879983064,-1.7391299089189927,-0.3613013419084572,2.7694948548469283,0.9731844022574131,7.0,1.0,47.939998626708984,48.198001861572266,47.97100067138672,3.62,35.14,50.39,0.422,0.475,1.264,0,1,0
1777637022.2928958,3537.104,1.5795021057128906,-0.1774538199054163,-1.7388265768634241,-0.3589261213885706,2.770392656326294,0.9733666181564331,-0.29077884554862976,0.05721748620271683,0.02346990630030632,0.42236244678497314,0.1675298810005188,0.3886723816394806,-1.4190675020217896,7.182312965393066,-0.13899224996566772,0.8590851426124573,0.4418793320655823,-0.1592559963464737,0.12181651047957619,-0.6078710434725085,1.1391112097474694,-1.158615278895909,-0.7904384638613209,1.2529205913201804,-0.16145485348298,-0.17327076874221478,-0.08055003344809891,0.14087657870985026,-0.03471576371289714,-0.07468378885146,1.5793331689471595,-0.17731403376085186,-1.738952394237396,-0.3579407958562708,2.7708266571098146,0.9761809883726661,7.0,1.0,47.939998626708984,48.198001861572266,47.97100067138672,3.62,35.14,50.39,0.422,0.475,1.264,0,1,0
1777637022.3001673,3537.1119999999996,1.5771262645721436,-0.176950756703512,-1.738598648701803,-0.35576087633241826,2.7718169689178467,0.9768787622451782,-0.30284616351127625,0.06456781178712845,0.029835926368832588,0.4548253118991852,0.17899638414382935,0.47426852583885193,-1.1169434785842896,6.706238269805908,-0.1053650975227356,0.935348629951477,0.7805786728858948,-0.1390686184167862,0.12051586719509913,-0.6091629198623908,1.138524254291663,-1.1584284339893012,-0.7906473508071816,1.2520664274901538,-0.1631574201087198,-0.17727027095380737,-0.08235492308184178,0.10677228804904737,-0.025526630111194867,-0.05633970201885913,1.5769502107242035,-0.17681912826295587,-1.7387271084826974,-0.35433717440174295,2.772247219882851,0.9798923668291047,7.0,1.0,47.939998626708984,48.198001861572266,47.97100067138672,3.62,35.14,50.39,0.422,0.475,1.264,0,1,0
1777637022.302623,3537.1119999999996,1.5771262645721436,-0.176950756703512,-1.738598648701803,-0.35576087633241826,2.7718169689178467,0.9768787622451782,-0.30284616351127625,0.06456781178712845,0.029835926368832588,0.4548253118991852,0.17899638414382935,0.47426852583885193,-1.1169434785842896,6.706238269805908,-0.1053650975227356,0.935348629951477,0.7805786728858948,-0.1390686184167862,0.12051586719509913,-0.6091629198623908,1.138524254291663,-1.1584284339893012,-0.7906473508071816,1.2520664274901538,-0.1631574201087198,-0.17727027095380737,-0.08235492308184178,0.10677228804904737,-0.025526630111194867,-0.05633970201885913,1.5769502107242035,-0.17681912826295587,-1.7387271084826974,-0.35433717440174295,2.772247219882851,0.9798923668291047,7.0,1.0,47.939998626708984,48.198001861572266,47.97100067138672,2.49,34.2,51.64,0.512,0.491,1.337,0,0,1
1777637022.3085048,3537.12,1.574678897857666,-0.1764596144305628,-1.7383587996112269,-0.3516963163958948,2.7733006477355957,0.9810983538627625,-0.31203725934028625,0.07035858929157257,0.03374757990241051,0.48738405108451843,0.18869881331920624,0.5698355436325073,-0.8697510361671448,6.591797351837158,0.026901725679636,0.8097382187843323,0.4957123398780823,-0.0650482252240181,0.11922523851562551,-0.6106031440529677,1.137841428983842,-1.1579331667781696,-0.7910090511163531,1.2512725682237724,-0.16217828259310116,-0.1744053048760115,-0.08207541095072335,0.059359566678315545,-0.013290226481479761,-0.03365806126062276,1.5744893571320322,-0.17627887142492327,-1.7384525042469159,-0.35048751841344306,2.7737541183160244,0.9843222914615158,7.0,1.0,47.97100067138672,48.198001861572266,47.97100067138672,2.49,34.2,51.64,0.512,0.491,1.337,0,1,0
1777637022.3149326,3537.1279999999997,1.5721827745437622,-0.17587310472597295,-1.7380355040179651,-0.34766847292055303,2.7748687267303467,0.9860609173774719,-0.31995004415512085,0.07277460396289825,0.040701624006032944,0.5204605460166931,0.20229372382164001,0.6599185466766357,-1.1398316621780396,6.564331531524658,0.008967242203652859,0.7536621689796448,0.5607605576515198,-0.1188812404870987,0.11795288069940657,-0.6120111941358279,1.1371873129467622,-1.1577716004613723,-0.7911418887457903,1.2509789971770553,-0.16172968465981039,-0.17236735864796401,-0.08067205067671351,0.017223672808161394,-0.0055839331212481635,-0.008826535678231134,1.5719575729775865,-0.17569529587238364,-1.7381273192515003,-0.34639756991659265,2.775341263510263,0.9894632742205468,7.0,1.0,47.97100067138672,48.198001861572266,47.97100067138672,2.49,34.2,51.64,0.512,0.491,1.337,0,1,0
1777637022.3231986,3537.136,1.569615125656128,-0.17527419725526983,-1.7376998106585901,-0.3433764616595667,2.776496410369873,0.9918264746665955,-0.3273259401321411,0.07648172974586487,0.04627508670091629,0.5466340780258179,0.21059639751911163,0.7475664019584656,-1.2222291231155396,6.472778797149658,-0.035868968814611435,0.8456268906593323,0.6056213974952698,-0.0695343092083931,0.11669340736717634,-0.6133345771304848,1.136560172972439,-1.1578544471965897,-0.7910560559232596,1.2511356539889504,-0.16060923554100404,-0.16817883019380034,-0.07880719674233141,-0.02971093817334447,0.005237608258760407,0.012354009823529688,1.5694452317880403,-0.17510254394886537,-1.737774151271167,-0.34225685917318405,2.7769299657840905,0.9948883216217067,7.0,1.0,47.97100067138672,48.198001861572266,47.97100067138672,2.49,34.2,51.64,0.512,0.491,1.337,0,1,0
1777637022.3322437,3537.144,1.5670475959777832,-0.17463952699770147,-1.7373159567462366,-0.33926374117006475,2.7780399322509766,0.9975919723510742,-0.3007241487503052,0.06452945619821548,0.026141589507460594,0.5034908652305603,0.1912490576505661,0.6748940348625183,-0.3799438774585724,5.726624011993408,-0.589596152305603,0.9151612520217896,0.4329071640968323,0.0448608435690403,0.11543442112955235,-0.6146629396416312,1.1359467944597719,-1.1580000660470038,-0.7908427133059808,1.2513172551546523,-0.1497245786042276,-0.13665017559676615,-0.07061014724589978,-0.03733268860341088,0.0017991285395492496,0.005876386712035192,1.5670390446998095,-0.1745346256002014,-1.7374190714216526,-0.3382592474250332,2.7784439093953384,1.0001477925240665,7.0,1.0,47.97100067138672,48.198001861572266,47.97100067138672,2.49,34.2,51.64,0.512,0.491,1.337,0,1,0
1777637022.3362494,3537.152,1.5645757913589478,-0.17405254045595342,-1.7370036284076136,-0.33523589769472295,2.7795238494873047,1.002829909324646,-0.28470683097839355,0.06399256736040115,0.038720231503248215,0.48667457699775696,0.18409687280654907,0.6460935473442078,-0.4028320610523224,5.703735828399658,-0.7196211814880371,0.877029538154602,0.6011353135108948,0.1480407863855362,0.1141819823281289,-0.6159653443113547,1.1353189293833275,-1.1580012924777596,-0.7907887221885108,1.2512290738987377,-0.14283564751615957,-0.1460009216300578,-0.07041025731398218,-0.015497036486544657,-0.001055622659530131,0.008805878215268376,1.5647413308161315,-0.1739931273388402,-1.7370653707289785,-0.334416355047364,2.7798809098820265,1.0052093736848469,7.0,1.0,47.97100067138672,48.18299865722656,47.97100067138672,2.49,34.2,51.64,0.512,0.491,1.337,0,1,0
1777637022.3432288,3537.16,1.5622118711471558,-0.17346603075136358,-1.7366440931903284,-0.3313034216510218,2.781019926071167,1.0078283548355103,-0.2730102241039276,0.06703495979309082,0.036623790860176086,0.4705102741718292,0.1757366806268692,0.6206102967262268,-0.0457763709127903,5.081177234649658,-0.8227444887161255,0.7828217148780823,0.3588867485523224,0.2243042290210724,0.11296037007913029,-0.6173190514077405,1.134679371410993,-1.1579074979775772,-0.7909167268030368,1.2510479863907589,-0.13800097398852473,-0.14563999588695886,-0.07193526692505116,-0.007189310466884424,-0.002084751313396166,0.007560749018727775,1.5625508117661093,-0.17347764890543615,-1.7367146719045952,-0.33072951778168314,2.78124286754102,1.0100707006623437,7.0,1.0,47.97100067138672,48.18299865722656,47.97100067138672,2.49,34.2,51.64,0.512,0.491,1.337,0,1,0
1777637022.350388,3537.1679999999997,1.5600281953811646,-0.1729033629046839,-1.7363083998309534,-0.32756263414491826,2.7824201583862305,1.0124670267105103,-0.2611091136932373,0.06567994505167007,0.039985768496990204,0.44937968254089355,0.16841192543506622,0.5928452610969543,0.4211426079273224,4.541016101837158,-0.9639785289764404,0.7514191269874573,0.5271149277687073,0.2669220268726349,0.1118212784812616,-0.6186223801361024,1.1340530402820281,-1.1577464142513783,-0.7911212353981052,1.250821008103117,-0.13326059181702415,-0.14465818459777385,-0.07008175486636076,-0.0006119548780220141,-0.004181994298366215,0.006636930965048554,1.5604662689040278,-0.17298780658557078,-1.736368534754968,-0.3271999712122282,2.782531597552914,1.0147295461230434,7.0,1.0,47.97100067138672,48.18299865722656,47.939998626708984,2.49,34.2,51.64,0.512,0.491,1.337,0,1,0
1777637022.3577244,3537.176,1.5579886436462402,-0.17247230211366826,-1.736044708882467,-0.3240140120135706,2.7837367057800293,1.0169854164123535,-0.24697090685367584,0.059071045368909836,0.04031812772154808,0.42966803908348083,0.15606337785720825,0.5693945288658142,0.6454468369483948,4.614258289337158,-0.9931221008300781,0.7603912949562073,0.3185119926929474,0.2579498589038849,0.11076687247025524,-0.619666788294751,1.1335350901813532,-1.157780343041682,-0.7911850217906954,1.2508020642736846,-0.12565220216551537,-0.13478049948370358,-0.0645041786397996,-0.004862322036073619,-0.0010050373291621284,0.0061202671550915355,1.5584865427143777,-0.17252323357416532,-1.7360284551276166,-0.3238288551348294,2.783748830284439,1.0191838163078224,7.0,1.0,47.97100067138672,48.18299865722656,47.939998626708984,2.49,34.2,51.64,0.512,0.491,1.337,0,1,0
1777637022.3659391,3537.1839999999997,1.5560449361801147,-0.17207652727235967,-1.7357209364520472,-0.3207171599017542,2.784921646118164,1.0213963985443115,-0.23132431507110596,0.052564408630132675,0.036380913108587265,0.4112219214439392,0.1449611932039261,0.5419362783432007,0.6820679306983948,5.122375965118408,-0.7487647533416748,0.6168366074562073,0.5158997178077698,0.3588867485523224,0.10977574557823794,-0.6206482608891789,1.1330799154384257,-1.15787260729037,-0.7911145205539089,1.250868739655956,-0.11748471327995096,-0.12262109547962657,-0.059655549015474554,-0.008212099698184483,0.0006084521512062929,0.006893185839051075,1.55661053222307,-0.17208358025889225,-1.7356958639463285,-0.32061721802439,2.7848962116271534,1.0234315473859177,7.0,1.0,47.97100067138672,48.18299865722656,47.939998626708984,2.49,34.2,51.64,0.512,0.491,1.337,0,1,0
1777637022.3721795,3537.192,1.5543289184570312,-0.17163402238954717,-1.7354815641986292,-0.3176482359515589,2.7860231399536133,1.0257234573364258,-0.21565213799476624,0.04731052368879318,0.035294342786073685,0.3857961893081665,0.13504783809185028,0.5163379311561584,0.2243042290210724,5.465698719024658,-0.6433996558189392,0.6415100693702698,0.3588867485523224,0.2758941948413849,0.10892587822553781,-0.6215093220382948,1.1326354198510011,-1.1580483514749385,-0.791011480939198,1.2511768525242748,-0.10916858798957965,-0.11141532292755305,-0.05398221022702721,-0.01614376006568813,0.0019531259473823254,0.009014401928697652,1.554837194418317,-0.17166851443094178,-1.7353721263323276,-0.3175660215589158,2.785975303365683,1.0274709017333765,7.0,1.0,47.97100067138672,48.18299865722656,47.939998626708984,2.49,34.2,51.64,0.512,0.491,1.337,0,1,0
1777637022.4109104,3537.2,1.5526975393295288,-0.17131072679628545,-1.7352412382708948,-0.31480676332582647,2.7869083881378174,1.029882788658142,-0.20069582760334015,0.04499677196145058,0.03254596143960953,0.3596801459789276,0.12471263855695724,0.49407604336738586,-0.1098632961511612,5.786133289337158,-0.48647287487983704,0.7200165390968323,0.7222595810890198,0.1951446682214737,0.10814510454860593,-0.6221952150548675,1.1322981261936034,-1.1583088024595178,-0.7906449463290541,1.2515682815035367,-0.10075889599831553,-0.10071800181528442,-0.0495209941850287,-0.026540458818962276,0.004646573051470287,0.011204474550228063,1.5531655436843206,-0.17127772143133146,-1.7350585408077164,-0.31467614516009146,2.7869875835690663,1.031300164171314,7.0,1.0,47.92499923706055,48.18299865722656,47.939998626708984,2.49,34.2,51.64,0.512,0.491,1.337,0,1,0
1777637022.465769,3537.2079999999996,1.551257610321045,-0.17098695436586553,-1.7350018660174769,-0.3121455351458948,2.7878894805908203,1.0336941480636597,-0.18793821334838867,0.04192880913615227,0.03099919483065605,0.33714979887008667,0.11305438727140427,0.46464279294013977,-0.6134033799171448,5.813599109649658,-0.3676569163799286,0.917404294013977,0.6863709092140198,0.0762634351849556,0.10743100919077084,-0.6228848090791057,1.131952869293115,-1.1585258536756697,-0.7905742894840647,1.251932077247404,-0.09409739197832391,-0.0937710228625116,-0.04610415206415471,-0.026169806101041193,0.0068963715625447175,0.008459321998942587,1.5515946512506131,-0.17091090424069844,-1.7347563385771378,-0.3119483905125353,2.7879344469990555,1.0349177381977879,7.0,1.0,47.92499923706055,48.18299865722656,47.939998626708984,2.49,34.2,51.64,0.512,0.491,1.337,0,1,0
1777637022.4700613,3537.216,1.5497816801071167,-0.17069989839662725,-1.734809700642721,-0.3095439116107386,2.788811206817627,1.037290096282959,-0.17700859904289246,0.03768479451537132,0.02869822457432747,0.31674787402153015,0.10783885419368744,0.4356505572795868,-0.3570556938648224,5.937195301055908,-0.16813579201698303,0.9375916719436646,0.5383301377296448,0.1637420803308487,0.10668133664458634,-0.6235294097693375,1.1316196101920546,-1.1587354803617522,-0.7904491412741548,1.252153080553944,-0.08946597572975998,-0.08601229240384771,-0.04252501990951835,-0.026061831398006274,0.004272010620557459,0.007955743282203956,1.5501236446596067,-0.17056778352020796,-1.7344666828833262,-0.3093834860261113,2.7888172055295315,1.038322142245474,7.0,1.0,47.92499923706055,48.18299865722656,47.939998626708984,2.49,34.2,51.64,0.512,0.491,1.337,0,1,0
1777637022.4703588,3537.2239999999997,1.5485094785690308,-0.17041236559023076,-1.7346180121051233,-0.30708581606020147,2.7896249294281006,1.0405617952346802,-0.16379080712795258,0.03531990945339203,0.028199680149555206,0.30215588212013245,0.10062914341688156,0.4058913290500641,-0.8422852158546448,6.024170398712158,-0.12554138898849487,0.8501129746437073,0.6751556992530823,0.2108459621667862,0.10604271415057387,-0.6241800018043576,1.1312809694754484,-1.1587956733272071,-0.7904349746652873,1.2523346414034395,-0.083154637754541,-0.08382462951756037,-0.04134053208932049,-0.01568904781587277,0.003045976828493835,0.008415828675817763,1.548751707254648,-0.17024809761089887,-1.7341906684320074,-0.30698209120793685,2.789637088571491,1.041512005995601,7.0,1.0,47.92499923706055,48.198001861572266,47.939998626708984,2.49,34.2,51.64,0.512,0.491,1.337,0,1,0
1777637022.4752789,3537.232,1.5472140312194824,-0.17012483278383428,-1.7344020048724573,-0.3047845999347132,2.7904269695281982,1.043594241142273,-0.15430568158626556,0.033312950283288956,0.030053241178393364,0.2804116904735565,0.09606555104255676,0.3797753155231476,-0.2929687798023224,5.978394031524658,-0.1345086395740509,0.7245026230812073,0.5854340195655823,0.1435547024011612,0.1053659185390777,-0.6248582778575175,1.1309461622747101,-1.158842127856413,-0.7904394921192656,1.2523648728585697,-0.07922358345342549,-0.08108362802028139,-0.038603274287129334,-0.013191205562687935,0.0006696105129361946,0.0077443998514411805,1.5474780776906476,-0.16995160249840868,-1.7339293208814865,-0.30474480091303136,2.7903952434983714,1.044486066776821,7.0,1.0,47.92499923706055,48.198001861572266,47.939998626708984,2.49,34.2,51.64,0.512,0.491,1.337,0,1,0
1777637022.4796662,3537.24,1.5460137128829956,-0.169837776814596,-1.734126392995016,-0.3026021162616175,2.7911572456359863,1.046482801437378,-0.14462882280349731,0.03172783553600311,0.02919676899909973,0.26077672839164734,0.08739855885505676,0.3513966500759125,0.1235962063074112,5.928040027618408,-0.16813579201698303,0.7200165390968323,0.3880462944507599,0.0986938551068306,0.10474327112552093,-0.6255708066880281,1.1306200664542565,-1.1588095625159962,-0.790476322591717,1.2523755533152243,-0.07461857925383843,-0.07760643254157713,-0.03662206402772816,-0.008667311296302549,0.0011998970701978806,0.004243455400046989,1.54630204946913,-0.16967807174963312,-1.7336835963922024,-0.3026721494448319,2.791092736066794,1.0472431660758637,7.0,1.0,47.92499923706055,48.198001861572266,48.029998779296875,2.49,34.2,51.64,0.512,0.491,1.337,0,1,0
1777637022.482772,3537.248,1.5449579954147339,-0.1695502440081995,-1.7338264624225062,-0.30066043535341436,2.7918031215667725,1.0491795539855957,-0.13055455684661865,0.030833015218377113,0.032405346632003784,0.23920513689517975,0.07806044816970825,0.3240917921066284,-0.0869751051068306,5.740356922149658,-0.30488622188568115,0.7760925889015198,0.4665527939796448,0.0538330152630806,0.10420517549080127,-0.6262503610072068,1.1303229106760149,-1.1587773385249653,-0.7905016919348259,1.252450426285599,-0.06706120078271882,-0.07707700618027424,-0.03458858981511512,-0.0022914531873360344,0.002561312052671641,0.00510296493152565,1.5452229704993572,-0.16942729642746812,-1.7334543812315468,-0.30076461447906944,2.791730550828113,1.0497822461849595,7.0,1.0,47.92499923706055,48.198001861572266,48.029998779296875,2.49,34.2,51.64,0.512,0.491,1.337,0,1,0
1777637022.4828587,3537.256,1.5439262390136719,-0.16929847398866826,-1.7335627714740198,-0.2987778822528284,2.7924137115478516,1.0516366958618164,-0.12059646099805832,0.02906893566250801,0.0311142448335886,0.21841970086097717,0.07294078916311264,0.2964226305484772,0.2151489406824112,5.534363269805908,-0.38110780715942383,0.935348629951477,0.6415100693702698,0.1166381984949112,0.10366491411143795,-0.6268978203283537,1.130033871753414,-1.1587050460823685,-0.7905538679676372,1.2524112071058877,-0.06265033788447955,-0.07256504080390247,-0.032257112571839934,-0.00021238901303133328,0.000648787577484114,0.004262840817637947,1.5442402426869926,-0.1691990849893532,-1.7332424914293192,-0.299022620786741,2.792309591526481,1.0521023470091502,7.0,1.0,47.92499923706055,48.198001861572266,48.029998779296875,2.49,34.2,51.64,0.512,0.491,1.337,0,1,0
1777637022.4853222,3537.2639999999997,1.543038249015808,-0.16908294359316045,-1.7332995573626917,-0.2970998922931116,2.7929041385650635,1.0538897514343262,-0.10777493566274643,0.02731764130294323,0.030283337458968163,0.1967330425977707,0.0644271969795227,0.2687150835990906,0.3479004204273224,5.438232898712158,-0.591838002204895,0.7088013291358948,0.5854340195655823,0.0583190992474556,0.10321600051302862,-0.6274695271577171,1.1297897592741086,-1.158629410804773,-0.7905498877570505,1.2524368440479778,-0.055808227136157684,-0.0678438010066052,-0.029627705576542047,0.0015605884958113658,0.001591225997055308,0.004321992995222859,1.5433533215516126,-0.1689932631749036,-1.7330486724793213,-0.29744654373407453,2.792830681479449,1.054202603054735,7.0,1.0,47.92499923706055,48.198001861572266,48.029998779296875,2.49,34.2,51.64,0.512,0.491,1.337,0,1,0
1777637022.4855788,3537.272,1.5422462224960327,-0.1689389387713831,-1.7331069151507776,-0.29569703737367803,2.793419122695923,1.0558315515518188,-0.09428868442773819,0.024569259956479073,0.025233983993530273,0.17646531760692596,0.06155098229646683,0.23770950734615326,-0.1602173000574112,5.374145984649658,-0.5470017790794373,0.8164673447608948,0.4306641221046448,0.1906585842370987,0.10279769708005355,-0.6278780590322381,1.1296116046708977,-1.1587070652237756,-0.7905527799731871,1.252508265765815,-0.0496287838093116,-0.05978673206778365,-0.027129404998872175,0.002525034967809231,-0.002548288815415238,0.007456955296426045,1.5425617158742195,-0.1688096738874787,-1.7328735990827848,-0.29603671253952335,2.7932945639374442,1.0560822406182422,7.0,1.0,47.92499923706055,48.198001861572266,48.029998779296875,2.49,34.2,51.64,0.512,0.491,1.337,0,1,0
1777637022.4856992,3537.272,1.5422462224960327,-0.1689389387713831,-1.7331069151507776,-0.29569703737367803,2.793419122695923,1.0558315515518188,-0.09428868442773819,0.024569259956479073,0.025233983993530273,0.17646531760692596,0.06155098229646683,0.23770950734615326,-0.1602173000574112,5.374145984649658,-0.5470017790794373,0.8164673447608948,0.4306641221046448,0.1906585842370987,0.10279769708005355,-0.6278780590322381,1.1296116046708977,-1.1587070652237756,-0.7905527799731871,1.252508265765815,-0.0496287838093116,-0.05978673206778365,-0.027129404998872175,0.002525034967809231,-0.002548288815415238,0.007456955296426045,1.5425617158742195,-0.1688096738874787,-1.7328735990827848,-0.29603671253952335,2.7932945639374442,1.0560822406182422,7.0,1.0,47.92499923706055,48.198001861572266,48.029998779296875,1.29,33.55,53.83,0.392,0.668,1.356,0,0,1
1777637022.485859,3537.2799999999997,1.5416102409362793,-0.1686638037310999,-1.7328913847552698,-0.2943661848651331,2.7938854694366455,1.057665228843689,-0.0819273591041565,0.021872010082006454,0.022958580404520035,0.15255439281463623,0.053344182670116425,0.20885148644447327,-0.3433227837085724,5.278015613555908,-0.5537272095680237,0.6459961533546448,0.3723450005054474,0.2332763969898224,0.10247033689226662,-0.6284229293331602,1.1293547835578526,-1.1586032294415458,-0.7907125852868546,1.2525688247690843,-0.043050463584866194,-0.05244512664976059,-0.02353235752839483,0.0007794604963010932,-0.0018322047222964072,0.006955365611635213,1.541864987375762,-0.16864817707409685,-1.732717874929551,-0.2947934132698675,2.7937019024187917,1.0577405751934768,7.0,1.0,47.939998626708984,48.198001861572266,48.029998779296875,1.29,33.55,53.83,0.392,0.668,1.356,0,1,0
1777637022.4911487,3537.288,1.5410107374191284,-0.16854411760439092,-1.7327473799334925,-0.29327565828432256,2.7942330837249756,1.0592358112335205,-0.07156020402908325,0.018318288028240204,0.020018449053168297,0.1318264752626419,0.04346918314695358,0.1840585172176361,-0.2243042290210724,5.314636707305908,-0.6523668766021729,0.8568421006202698,0.4396362900733948,0.02467346377670765,0.10216819197790827,-0.6287234585312624,1.1292199279817088,-1.1586695894850363,-0.7906461023748963,1.2526800491582024,-0.036971569461345645,-0.043939897476977526,-0.019496865545924336,-0.0030543075572411205,0.001215977761913345,0.004644628653771014,1.5412627504275527,-0.1685086496076611,-1.7325820325132018,-0.29371689155949277,2.7940532810172494,1.059177009112382,7.0,1.0,47.939998626708984,48.198001861572266,48.029998779296875,1.29,33.55,53.83,0.392,0.668,1.356,0,1,0
1777637022.4913218,3537.296,1.540494680404663,-0.168436352406637,-1.73256761232485,-0.2924121061908167,2.79453182220459,1.060553789138794,-0.06088625639677048,0.01477734837681055,0.016528643667697906,0.11065754294395447,0.035243209451436996,0.1530337631702423,-0.01373291201889515,5.374145984649658,-0.6254651546478271,0.6863709092140198,0.5360870957374573,0.1839294582605362,0.10190346002472872,-0.6290185534435472,1.1291111979691446,-1.1587212043693753,-0.7905973995734421,1.2527548368334862,-0.0315170454905591,-0.036438195121833286,-0.016130742549384222,-0.0020550008694898703,0.0016360713428511045,0.0019177595599596114,1.5407546717943497,-0.1683909851750247,-1.7324665329766447,-0.2928073550388328,2.7943492046793708,1.0603910294336714,7.0,1.0,47.939998626708984,48.22800064086914,48.029998779296875,1.29,33.55,53.83,0.392,0.668,1.356,0,1,0
1777637022.4913876,3537.3039999999996,1.5400384664535522,-0.16835242906679326,-1.7324593702899378,-0.291633431111471,2.7947590351104736,1.0616446733474731,-0.048294831067323685,0.011300325393676758,0.012693691067397594,0.08994880318641663,0.027956800535321236,0.12678351998329163,0.0320434607565403,5.383301258087158,-0.6546086668968201,0.7962799668312073,0.5876770615577698,-0.01345825381577015,0.1016697139405712,-0.6292463097260617,1.1290126920697499,-1.158749083803904,-0.7905283509187293,1.2527808691461275,-0.024522873195659205,-0.027459865321880307,-0.01236325685690357,-0.005354494266463894,0.0023993840034942406,0.002985344929516305,1.5403404704107473,-0.16829509417398736,-1.7323717659850093,-0.2920649754598106,2.794590099449306,1.061382206091432,7.0,1.0,47.939998626708984,48.22800064086914,48.029998779296875,1.29,33.55,53.83,0.392,0.668,1.356,0,1,0
1777637022.4914336,3537.312,1.5397385358810425,-0.16824466386903936,-1.7323396841632288,-0.2910092512713831,2.7949509620666504,1.0624595880508423,-0.03700728714466095,0.007823302410542965,0.010303237475454807,0.0702563226222992,0.02063204161822796,0.09412889927625656,-0.0274658240377903,5.433655261993408,-0.7061703205108643,0.8052521347999573,0.5787048935890198,0.0897216871380806,0.10151403592467387,-0.62950773142514,1.128900372206143,-1.1586697874598004,-0.7905976296910807,1.2527680897804112,-0.018971426549557413,-0.021951782176572555,-0.009569930067963823,-0.00019316927964148356,0.0017461539715591771,0.0009916905671887508,1.5400199171914402,-0.16822090362189535,-1.7322980496230649,-0.2914898905078891,2.794776312678992,1.0621501903141843,7.0,1.0,47.939998626708984,48.22800064086914,48.01499938964844,1.29,33.55,53.83,0.392,0.668,1.356,0,1,0
1777637022.4914951,3537.3199999999997,1.5394748449325562,-0.16820890108217412,-1.7323396841632288,-0.2905662695514124,2.7950587272644043,1.0631186962127686,-0.024939971044659615,0.0062637547962367535,0.004563592839986086,0.050947338342666626,0.010795390233397484,0.06672816723585129,-0.0869751051068306,5.355835437774658,-0.7599737644195557,0.7245026230812073,0.5562744736671448,0.1323394924402237,0.10138742581972796,-0.6295598506611358,1.1288582937674376,-1.1587557005106588,-0.7904739921828157,1.2528483893177365,-0.011951209581073444,-0.014014788603076745,-0.007282383724607681,-0.0009345689564687273,0.004365904176199453,-0.00024032659083384617,1.5397928348758088,-0.16816835707807254,-1.7322456303147824,-0.2910822052920796,2.7949081132019895,1.062694713323193,7.0,1.0,47.939998626708984,48.22800064086914,48.01499938964844,1.29,33.55,53.83,0.392,0.668,1.356,0,1,0
1777637022.4963174,3537.328,1.5393186807632446,-0.1681607405291956,-1.7323158423053187,-0.2902424971209925,2.795166254043579,1.0634663105010986,-0.010303237475454807,0.002773948712274432,0.004563592839986086,0.03135073184967041,0.005905826110392809,0.036144424229860306,-0.0411987341940403,5.369568347930908,-0.7756664752960205,0.5719757676124573,0.5024414658546448,0.1009368970990181,0.10129886924365755,-0.6296729766279292,1.1287967572658042,-1.158715205149327,-0.7905282231710498,1.252804481399902,-0.004537373757266796,-0.009865560892783874,-0.00438777195011379,0.004716479325429776,0.002172168378488038,0.003123648026681922,1.5396590979071938,-0.16813741458191167,-1.7322146827630673,-0.29084199350590456,2.7949856914695514,1.063015585317161,7.0,1.0,47.939998626708984,48.22800064086914,48.01499938964844,1.29,33.55,53.83,0.392,0.668,1.356,0,1,0
1777637022.5018759,3537.336,1.5392826795578003,-0.168220345173971,-1.7323759237872522,-0.2901223341571253,2.795154333114624,1.063670039176941,-0.003847735235467553,-0.0005496764788404107,-0.0006647250265814364,0.006442719604820013,0.004716990981251001,0.006442719604820013,0.5172730088233948,4.980469226837158,-0.9707039594650269,0.3970184624195099,0.4037475883960724,-0.1233673244714737,0.10130003415751368,-0.62955296260992,1.1288343534813126,-1.158825501910153,-0.7903922836115005,1.2529419272778315,-0.002636743149366177,3.2045511558333314e-05,-0.00039672350703474826,-0.0009076724821993889,-0.002540015234474955,0.0006707332606168987,1.53961842991352,-0.16812792065349225,-1.73220540774747,-0.29076883892900707,2.7950092498529813,1.0631129889462125,7.0,1.0,47.939998626708984,48.22800064086914,48.01499938964844,1.29,33.55,53.83,0.392,0.668,1.356,0,1,0
1777637022.509313,3537.344,1.539366602897644,-0.16818505922426397,-1.7323277632342737,-0.29026633897890264,2.7951302528381348,1.0635381937026978,0.016094015911221504,-0.0005496764788404107,-0.0006647250265814364,-0.02268374152481556,-0.013326458632946014,-0.03196432441473007,0.9155274629592896,5.044556140899658,-1.1298725605010986,0.4306641221046448,0.2512207329273224,-0.0314025916159153,0.10134331551583356,-0.6296052207787441,1.128826716893978,-1.158771473533055,-0.7904555340053725,1.2529323320495696,0.009600584565354729,0.0028582773493388385,0.0018391126428501125,0.006320025140096039,0.004384002996724921,-0.0004642268190720028,1.5396185755416272,-0.16810586524555848,-1.7322432032130202,-0.29074461859450196,2.795002240928252,1.0630624045760277,7.0,1.0,47.939998626708984,48.22800064086914,48.01499938964844,1.29,33.55,53.83,0.392,0.668,1.356,0,1,0
1777637022.516656,3537.352,1.5394748449325562,-0.16818505922426397,-1.732447926198141,-0.2902782599078577,2.7950706481933594,1.0633704662322998,0.005688512232154608,0.014508902095258236,-0.01746181584894657,0.019884226843714714,-0.0041609229519963264,-0.03798520192503929,-0.9201050996780396,5.914307117462158,-1.4257915019989014,0.4351502060890198,0.3880462944507599,-0.3162689507007599,0.10140894305105677,-0.6295244693817035,1.1288145752988257,-1.1587323245044492,-0.79047672926842,1.2529484846848182,0.0005105481283252345,-0.015146040036179885,-0.017062515352771063,0.05256678925072963,-0.005471510598672777,-0.007154198420866897,1.539618978432057,-0.16804484740391956,-1.732347767034219,-0.29067761133080694,2.7949828502436396,1.062922459348141,7.0,1.0,47.939998626708984,48.22800064086914,48.01499938964844,1.29,33.55,53.83,0.392,0.668,1.356,0,1,0
1777637022.5231721,3537.3599999999997,1.539570689201355,-0.1681607405291956,-1.7326753775226038,-0.29015857378114873,2.79502272605896,1.0630947351455688,-0.003745469730347395,0.014317153953015804,-0.023789485916495323,0.016950488090515137,-0.0024927188642323017,-0.04205024987459183,0.6683350205421448,6.600952625274658,-1.2957664728164673,0.7379608750343323,0.2557068169116974,-0.1099090725183487,0.10145538704348528,-0.6294483029186565,1.1287493996419036,-1.1586065616269794,-0.790581361573399,1.2528402918009254,-0.0059032407144014,-0.010268505575599132,-0.01671945953116112,0.046884968543198804,-0.007460765152061184,-0.01676334249630887,1.5396196385848095,-0.1679448671285737,-1.7325190992110668,-0.290567817137922,2.794951077799145,1.062693153262552,7.0,1.0,47.95500183105469,48.22800064086914,48.01499938964844,1.29,33.55,53.83,0.392,0.668,1.356,0,1,0
1777637022.530568,3537.368,1.5396186113357544,-0.16807681718935186,-1.7329514662372034,-0.2900503317462366,2.794938802719116,1.0627951622009277,0.0062637547962367535,0.018318288028240204,-0.035703402012586594,0.017736652866005898,-0.014879614114761353,-0.04945170506834984,-1.3778687715530396,6.655884265899658,-1.08951997756958,0.5316010117530823,0.3050537407398224,-0.2310333549976349,0.10147502979589877,-0.6293943486103597,1.1286488137179336,-1.158465849921292,-0.7906302000858612,1.2526695728216684,0.0019844918893725007,-0.004518244665785081,-0.019559665454339504,0.046959057017614825,0.0011791005487861456,-0.01602333501863349,1.5396205559998848,-0.1678059244195218,-1.7327571997435642,-0.2904152360158472,2.7949069235947683,1.062374486319261,7.0,1.0,47.95500183105469,48.198001861572266,48.01499938964844,1.29,33.55,53.83,0.392,0.668,1.356,0,1,0
1777637022.5376334,3537.3759999999997,1.5396546125411987,-0.1678851286517542,-1.7333110014544886,-0.2898948828326624,2.7948789596557617,1.0623397827148438,-0.000690291344653815,0.023137543350458145,-0.04315599426627159,0.025425732135772705,-0.008858739398419857,-0.05531918257474899,-0.2792358696460724,6.733704090118408,-0.8698225021362305,0.6616974472999573,0.3185119926929474,-0.4104767143726349,0.101466626775085,-0.6294322312016749,1.1284539721588054,-1.1582012098614567,-0.7908116222445633,1.2523239226725802,-0.004002874219557668,-0.007738815616465397,-0.024898621745183137,0.05737116040874892,-0.005145562354075744,-0.021097313783042332,1.5396217306772828,-0.16762801927676385,-1.7330620686317104,-0.29021986796458155,2.7948503876305093,1.0619664585182678,7.0,1.0,47.95500183105469,48.198001861572266,48.01499938964844,1.29,33.55,53.83,0.392,0.668,1.356,0,1,0
1777637022.5460465,3537.384,1.5396785736083984,-0.16769344011415654,-1.7336347738849085,-0.28964311281313115,2.7948670387268066,1.0618844032287598,0.0007158577209338546,0.028442561626434326,-0.047093212604522705,0.028742965310811996,-0.012751215137541294,-0.0654626339673996,-0.2517700493335724,6.811523914337158,-0.9460440278053284,0.6235657334327698,0.1502838283777237,-0.4598236680030823,0.10144070622321487,-0.6295387540194014,1.12823658911062,-1.157856771148021,-0.7911066107003558,1.2519020920713584,-0.0035125152783091443,-0.013098751218529749,-0.029874282009915425,0.0716322586224474,-0.004354190589878076,-0.024741246926381223,1.5396231626170034,-0.16741115170030074,-1.7334337058755054,-0.2899817129841269,2.7947814699063676,1.0614690698595726,7.0,1.0,47.95500183105469,48.198001861572266,48.01499938964844,1.29,33.55,53.83,0.392,0.668,1.356,0,1,0
1777637022.552389,3537.392,1.539630651473999,-0.16752607027162725,-1.734018627797262,-0.2893794218646448,2.794771194458008,1.0612248182296753,0.004128965083509684,0.034028809517621994,-0.051247742027044296,0.031561654061079025,-0.011965050362050533,-0.07840559631586075,-1.0849000215530396,6.733704090118408,-1.08951997756958,0.6886139512062073,0.2781372368335724,-0.4194488823413849,0.10136658647328423,-0.6296298107572413,1.1280124046859081,-1.1574445956055737,-0.7913304369996809,1.2512834951985616,-0.0028260131328524092,-0.018975530934817863,-0.03540812008849269,0.08797331967953553,-0.007988978245322437,-0.024434616338671816,1.5396248518190465,-0.1671553216901307,-1.73387211147495,-0.28970077107448233,2.794700170422344,1.0608823203431752,7.0,1.0,47.95500183105469,48.198001861572266,48.01499938964844,1.29,33.55,53.83,0.392,0.668,1.356,0,1,0
1777637022.5601788,3537.3999999999996,1.539570689201355,-0.1671069304095667,-1.7344263235675257,-0.28906757036318,2.7946393489837646,1.0605298280715942,-0.003847735235467553,0.04080389067530632,-0.05797169357538223,0.03892476484179497,-0.016030099242925644,-0.09033229202032089,0.5859375596046448,6.454468250274658,-1.3787134885787964,0.7514191269874573,0.1435547024011612,-0.2871094048023224,0.10127993710470469,-0.6299778647962284,1.127617959843795,-1.1567849478978807,-0.7916846371471578,1.2504736452849525,-0.008401648809717973,-0.026138251588113687,-0.04230775762298888,0.10663078357916947,-0.007525202557869233,-0.03806130283733534,1.5396267982834124,-0.1668605292462546,-1.7343772854300434,-0.28937704223564786,2.7946064891784377,1.0602062099690757,7.0,1.0,47.95500183105469,48.198001861572266,48.01499938964844,1.29,33.55,53.83,0.392,0.668,1.356,0,1,0
1777637022.5664415,3537.408,1.5395108461380005,-0.1667717138873499,-1.7348693052874964,-0.2887800375567835,2.79453182220459,1.0597867965698242,0.006366020534187555,0.046364571899175644,-0.06638301908969879,0.04460049420595169,-0.01209927350282669,-0.09871166944503784,-0.3570556938648224,6.124878406524658,-1.4100987911224365,0.7962799668312073,0.1457977443933487,-0.3970184624195099,0.10118829395023923,-0.6302144045548727,1.1272753117437575,-1.1562233747217403,-0.7920046923314944,1.2497035039027184,-0.0034454036222766604,-0.027364659874910942,-0.04792261114404104,0.1172051322097335,-0.012658335603397252,-0.027890407012291417,1.539629002010101,-0.16652677436867158,-1.7349492277407865,-0.2890105264676226,2.794500426174649,1.0594407387372742,7.0,1.0,47.95500183105469,48.198001861572266,48.01499938964844,1.29,33.55,53.83,0.392,0.668,1.356,0,1,0
1777637022.5740004,3537.4159999999997,1.5395108461380005,-0.16640025774110967,-1.7354696432696741,-0.28830033937563115,2.7944719791412354,1.0589479207992554,-0.010865697637200356,0.051592886447906494,-0.07481991499662399,0.05092816427350044,-0.016336895525455475,-0.10973715037107468,0.1968383938074112,5.946350574493408,-1.6320381164550781,0.8231964707374573,0.1278534084558487,-0.4800110459327698,0.10111837346743055,-0.6304341078989123,1.126860357506148,-1.1555601279118686,-0.7924975958428749,1.2488699239506635,-0.014644781561829374,-0.031761228763598326,-0.053509098188094885,0.13073120878445024,-0.011722675022985173,-0.050631647132821755,1.5396314629991124,-0.1661540570573834,-1.7355879384071784,-0.2886012237704083,2.7943819814109787,1.0585859066477705,7.0,1.0,47.95500183105469,48.198001861572266,48.01499938964844,1.29,33.55,53.83,0.392,0.668,1.356,0,1,0
1777637022.5811918,3537.424,1.5394988059997559,-0.16589767137636358,-1.7360566298114222,-0.2878688017474573,2.794328451156616,1.058001160621643,0.008500810712575912,0.05469920113682747,-0.08275826275348663,0.0563354454934597,-0.015282283537089825,-0.12312113493680954,0.01373291201889515,6.092834949493408,-1.679116129875183,0.7043152451515198,-0.008972168900072575,-0.2489776909351349,0.10104066507547874,-0.6308066775327092,1.1263628160793668,-1.154731701763875,-0.7930076275999156,1.2478773773924179,-0.003837596976748849,-0.03115605367521928,-0.058054888049081495,0.14380049441337295,-0.015543881068130804,-0.03436233337898738,1.5396341812504464,-0.16574237731238917,-1.736293417429219,-0.2881491341440041,2.7942511548874256,1.0576417137005647,7.0,1.0,47.95500183105469,48.198001861572266,48.01499938964844,1.29,33.55,53.83,0.392,0.668,1.356,0,1,0
1777637022.5946276,3537.432,1.5395108461380005,-0.1654422918902796,-1.7367280165301722,-0.28740102449526006,2.794149160385132,1.056934118270874,-0.0015339808305725455,0.061717160046100616,-0.09394354373216629,0.06331505626440048,-0.01708471216261387,-0.13077186048030853,-0.4257202446460724,6.262207508087158,-1.8719117641448975,0.5517883896827698,0.0672912672162056,-0.3880462944507599,0.1009759662584942,-0.6310969799816277,1.1258759656164365,-1.1538928985874952,-0.7935028683165137,1.2468532093959497,-0.010595433828890402,-0.03353207386962295,-0.06455141559023318,0.15380217523260814,-0.01583999160134992,-0.04758895506582568,1.539637156764103,-0.1652917351336889,-1.7370656648069094,-0.2876542575884091,2.79410794660399,1.0566081598956567,7.0,1.0,47.95500183105469,48.198001861572266,48.01499938964844,1.29,33.55,53.83,0.392,0.668,1.356,0,1,0
1777637022.594806,3537.432,1.5395108461380005,-0.1654422918902796,-1.7367280165301722,-0.28740102449526006,2.794149160385132,1.056934118270874,-0.0015339808305725455,0.061717160046100616,-0.09394354373216629,0.06331505626440048,-0.01708471216261387,-0.13077186048030853,-0.4257202446460724,6.262207508087158,-1.8719117641448975,0.5517883896827698,0.0672912672162056,-0.3880462944507599,0.1009759662584942,-0.6310969799816277,1.1258759656164365,-1.1538928985874952,-0.7935028683165137,1.2468532093959497,-0.010595433828890402,-0.03353207386962295,-0.06455141559023318,0.15380217523260814,-0.01583999160134992,-0.04758895506582568,1.539637156764103,-0.1652917351336889,-1.7370656648069094,-0.2876542575884091,2.79410794660399,1.0566081598956567,7.0,1.0,47.95500183105469,48.198001861572266,48.01499938964844,2.48,35.69,55.69,0.434,0.8,1.152,0,0,1
1777637022.6003013,3537.44,1.5395827293395996,-0.16495162645448858,-1.737568203602926,-0.28683787981142217,2.7941012382507324,1.0557477474212646,0.0010226538870483637,0.0637880340218544,-0.1030195951461792,0.06668981909751892,-0.018983012065291405,-0.14463521540164948,0.6454468369483948,6.239319324493408,-1.9750350713729858,0.5719757676124573,-0.0403747595846653,-0.2960815727710724,0.10091777967925769,-0.6313322020701005,1.1253319200154994,-1.1530623732982213,-0.7942023735102899,1.245812249829637,-0.009854445077121398,-0.03190246139418545,-0.06797718417403106,0.16318468610593798,-0.017230633198796218,-0.04997867152428034,1.539640389540082,-0.16480213052128168,-1.7379046805402485,-0.2871165941036251,2.793952356560672,1.0554852452330468,7.0,1.0,47.986000061035156,48.18299865722656,48.01499938964844,2.48,35.69,55.69,0.434,0.8,1.152,0,1,0
1777637022.6027865,3537.448,1.5395827293395996,-0.16441280046571904,-1.7383950392352503,-0.28629857698549444,2.7939093112945557,1.0545852184295654,0.005573463626205921,0.07075486332178116,-0.11302881687879562,0.06881821155548096,-0.020536167547106743,-0.15261191129684448,-1.3366700410842896,6.047058582305908,-1.8853626251220703,0.7424469590187073,-0.0336456336081028,-0.3454284965991974,0.10083908156864183,-0.6316167294755534,1.1247694875669645,-1.1521715605219784,-0.7947221224334166,1.2446977657711416,-0.007474685352193637,-0.032149896606830035,-0.07351885695339616,0.16975787963561936,-0.01771339140521772,-0.04857848486621978,1.5396438795783842,-0.16427356347516842,-1.7388104646292364,-0.2865361436896512,2.793784384757472,1.0542729697127347,7.0,1.0,47.986000061035156,48.18299865722656,48.01499938964844,2.48,35.69,55.69,0.434,0.8,1.152,0,1,0
1777637022.61043,3537.4559999999997,1.5396186113357544,-0.16390973726381475,-1.7393782774554651,-0.28578263918031865,2.7937419414520264,1.0532909631729126,-0.006391586735844612,0.07405292242765427,-0.1227823793888092,0.07531845569610596,-0.021935924887657166,-0.16496045887470245,0.3295898735523224,5.969238758087158,-1.8472518920898438,0.7603912949562073,-0.0314025916159153,-0.3790741264820099,0.100771503578954,-0.631747632999405,1.1242212579038244,-1.1513821949362566,-0.7952318419277811,1.2436217289121803,-0.0159046952605942,-0.03332270788014086,-0.07821307057045977,0.18137700956022307,-0.01929665463595984,-0.06479559853736386,1.5396476268790087,-0.16370603399535,-1.739783017073874,-0.2859129063464865,2.79360403119439,1.0529713333347204,7.0,1.0,47.986000061035156,48.18299865722656,48.029998779296875,2.48,35.69,55.69,0.434,0.8,1.152,0,1,0
1777637022.6173167,3537.464,1.5396066904067993,-0.16333467165102178,-1.7403972784625452,-0.285135571156637,2.793574571609497,1.0519243478775024,0.008360195904970169,0.07660955935716629,-0.13437671959400177,0.08365947753190994,-0.02414102293550968,-0.1736849844455719,-1.0528565645217896,6.170654773712158,-1.6096199750900269,0.6280518174171448,-0.0426178015768528,-0.3723450005054474,0.10066418945942801,-0.6319879255716825,1.1235917440189427,-1.1504359651794305,-0.7958384799403434,1.2423563740537413,-0.006922470950368732,-0.029107092684197,-0.08235161729908978,0.18888104116340665,-0.019390931759626924,-0.05377150250350828,1.5396516314419562,-0.16309954208182464,-1.7408223378741603,-0.28524688207413273,2.793411295871425,1.051580336099004,7.0,1.0,47.986000061035156,48.18299865722656,48.029998779296875,2.48,35.69,55.69,0.434,0.8,1.152,0,1,0
1777637022.6252635,3537.4719999999998,1.5395827293395996,-0.1626523176776331,-1.7415245215045374,-0.2844160238849085,2.7933592796325684,1.0504862070083618,-0.006289321463555098,0.08149272948503494,-0.13979677855968475,0.08580705523490906,-0.02678713947534561,-0.1865704208612442,-0.2975464165210724,6.358337879180908,-1.7441285848617554,0.5742188096046448,-0.011215210892260075,-0.3745880424976349,0.10054910543914128,-0.6322819500003041,1.1228744480424262,-1.1493785339017177,-0.7964642354407206,1.2409785768118171,-0.017033867289764637,-0.03453554464397675,-0.0872921824118909,0.20258794244654257,-0.020145697593986718,-0.07355479829696737,1.5396558932672262,-0.16245408773459324,-1.7419284270300963,-0.2845380708725882,2.793206178788578,1.0500999780055855,7.0,1.0,47.986000061035156,48.18299865722656,48.029998779296875,2.48,35.69,55.69,0.434,0.8,1.152,0,1,0
1777637022.6315372,3537.48,1.5396186113357544,-0.16201764742006475,-1.74269944826235,-0.28372127214540654,2.793107509613037,1.0488563776016235,0.007439807057380676,0.08582622557878494,-0.14994663000106812,0.09121433645486832,-0.027036411687731743,-0.19583182036876678,0.2700805962085724,6.619263172149658,-1.8988134860992432,0.8187103867530823,0.006729126907885075,-0.5473023056983948,0.1004622207518662,-0.6325189640086518,1.1221710609295428,-1.1482831251708596,-0.7971187530246822,1.2395526148247904,-0.009150702186860803,-0.032597768992262646,-0.09213043082937414,0.2108307367180767,-0.02197929662750656,-0.06258836397954574,1.5396604123548188,-0.1617696709536558,-1.7431012845416811,-0.28378647274185465,2.7929886799458488,1.048530259054465,7.0,1.0,47.986000061035156,48.18299865722656,48.029998779296875,2.48,35.69,55.69,0.434,0.8,1.152,0,1,0
1777637022.6424534,3537.488,1.5395946502685547,-0.16123897234071904,-1.7439706961261194,-0.2829535643206995,2.7929282188415527,1.0472617149353027,0.00250550196506083,0.09000632166862488,-0.1593550443649292,0.09564370661973953,-0.030967237427830696,-0.20975270867347717,-0.5401611924171448,6.646728992462158,-1.7508540153503418,0.8523560166358948,0.1099090725183487,-0.4037475883960724,0.10032588633738262,-0.6328365306890338,1.1213646362136371,-1.1471588956306484,-0.7978540733378335,1.2380476078172364,-0.01291060685193772,-0.033803163699011235,-0.09713131443743601,0.22312481337497214,-0.02183381834909355,-0.0736980688832451,1.5396651887047341,-0.1610462917390123,-1.7443409104089147,-0.2829920876819303,2.792758799343237,1.0468711792456422,7.0,1.0,47.986000061035156,48.18299865722656,48.029998779296875,2.48,35.69,55.69,0.434,0.8,1.152,0,1,0
1777637022.6494386,3537.4959999999996,1.5395467281341553,-0.16047221819032842,-1.7452896277057093,-0.2821863333331507,2.7926888465881348,1.0454881191253662,-0.004065049346536398,0.09644904732704163,-0.16855892539024353,0.10367792844772339,-0.030602917075157166,-0.21958935260772705,0.8514404892921448,6.385803699493408,-1.7015341520309448,0.7132874131202698,0.1592559963464737,-0.5293579697608948,0.10016848673755559,-0.6331457167313944,1.1205464817412085,-1.1459687981953552,-0.7985668049146353,1.2364010605762863,-0.018150549578728956,-0.03790313567825339,-0.10401286149719331,0.23756754457426155,-0.024470599179684898,-0.08283320062860802,1.539670222316972,-0.16028395009066276,-1.745647304631797,-0.28215491569281603,2.792516536980743,1.0451227385791175,7.0,1.0,47.986000061035156,48.18299865722656,48.029998779296875,2.48,35.69,55.69,0.434,0.8,1.152,0,1,0
1777637022.6573446,3537.504,1.5395827293395996,-0.15967017809023076,-1.7466805616961878,-0.28129893938173467,2.7924015522003174,1.043702483177185,0.007158576976507902,0.10179241001605988,-0.17516782879829407,0.10795389860868454,-0.03158083185553551,-0.23157358169555664,-1.1947633028030396,6.477356433868408,-1.6656652688980103,0.868057370185852,0.1682281643152237,-0.4530945420265198,0.10007044008180177,-0.6334609808569771,1.1196812397575124,-1.1446629109962145,-0.7993389349962623,1.234764303917886,-0.012110404605757519,-0.040621863345206136,-0.1097027757259022,0.25178245893187734,-0.02641588927975081,-0.07555956293227983,1.5396755131915327,-0.15948264600860718,-1.74702046721033,-0.28127495677451275,2.7922618928583662,1.0432849370548907,7.0,1.0,47.986000061035156,48.18299865722656,48.029998779296875,2.48,35.69,55.69,0.434,0.8,1.152,0,1,0
1777637022.6609085,3537.5119999999997,1.5395946502685547,-0.1588681379901331,-1.7481311003314417,-0.280435864125387,2.792233943939209,1.0417366027832031,-0.007158576976507902,0.10919386893510818,-0.1822369247674942,0.11092598736286163,-0.03370922803878784,-0.24342358112335205,1.0757447481155396,6.449890613555908,-1.8494937419891357,0.9061890840530396,0.1188812404870987,-0.3342132866382599,0.09992126593652237,-0.6337643960498276,1.1187953036135756,-1.1433865163746444,-0.8002515877062709,1.2330143922450676,-0.022088661172898406,-0.04698622805170054,-0.11636937034615216,0.26619804849002865,-0.027409347934325427,-0.09444132532064918,1.5396810613284162,-0.15864237949284554,-1.7484603981445108,-0.2803522109270187,2.7919948669761077,1.0413577746729616,7.0,1.0,47.986000061035156,48.198001861572266,48.029998779296875,2.48,35.69,55.69,0.434,0.8,1.152,0,1,0
1777637022.6682389,3537.52,1.539630651473999,-0.15796977678407842,-1.749617878590719,-0.27951270738710576,2.7918989658355713,1.039734959602356,0.007158576976507902,0.11401312798261642,-0.18994517624378204,0.11932453513145447,-0.03566505387425423,-0.25561872124671936,-1.2359620332717896,6.047058582305908,-1.8562191724777222,0.7491760849952698,0.0426178015768528,-0.3028106987476349,0.09980868740958558,-0.6341543429883953,1.1178366731167801,-1.1419184022170086,-0.8010986663659988,1.2311737467655672,-0.013944645319255641,-0.04934465650659431,-0.12263213461227346,0.28312187136932476,-0.028663277148678445,-0.08471309928858359,1.5396868667276222,-0.15776315054337786,-1.7499670974343413,-0.2793866781503347,2.791715459333967,1.0393412514333304,7.0,1.0,47.939998626708984,48.198001861572266,48.029998779296875,2.48,35.69,55.69,0.434,0.8,1.152,0,1,0
1777637022.6751955,3537.528,1.539630651473999,-0.157083813344137,-1.7512248198138636,-0.2785294691668909,2.7915637493133545,1.0376492738723755,-0.006097573786973953,0.11550875753164291,-0.19792187213897705,0.1232745349407196,-0.03737160935997963,-0.26603060960769653,-0.1281738430261612,6.335449695587158,-1.8270756006240845,1.025070309638977,-0.006729126907885075,-0.3992615044116974,0.09966767356752884,-0.6344698646717841,1.1168641506747126,-1.140473151354955,-0.8019200606847359,1.2292721314370019,-0.023015923561648263,-0.04889091616988464,-0.1256488784590399,0.2903318485521028,-0.029518806624205272,-0.10193630529187467,1.5396929293891508,-0.15684495916020325,-1.7515405650798206,-0.2783783584444617,2.7914236699319432,1.0372353673359973,7.0,1.0,47.939998626708984,48.198001861572266,48.029998779296875,2.48,35.69,55.69,0.434,0.8,1.152,0,1,0
1777637022.7197309,3537.536,1.539642572402954,-0.15610152879823858,-1.7528074423419397,-0.2775228659259241,2.7913365364074707,1.0353842973709106,0.011031879112124443,0.12086490541696548,-0.2056429088115692,0.1295446753501892,-0.038176946341991425,-0.27525368332862854,0.2838135063648224,6.655884265899658,-1.9705514907836914,0.908432126045227,-0.0717773512005806,-0.4329071640968323,0.0994947675708897,-0.6349559644891557,1.1157974236299086,-1.1388628632274038,-0.8030200215541904,1.2271641958819455,-0.012983442512605971,-0.04995727843838417,-0.13153524516216017,0.3028533919766448,-0.031000346694786594,-0.08790250152039716,1.5396992493130024,-0.15588780534332347,-1.7531808010809495,-0.2773272518093979,2.791119498770038,1.035040122380962,7.0,1.0,47.939998626708984,48.198001861572266,47.97100067138672,2.48,35.69,55.69,0.434,0.8,1.152,0,1,0
1777637022.7197707,3537.544,1.5396546125411987,-0.15509540239442998,-1.7544739882098597,-0.27645618120302373,2.790989398956299,1.0332506895065308,-0.0020069582387804985,0.12558189034461975,-0.21571604907512665,0.13337963819503784,-0.03997937589883804,-0.28503280878067017,-0.5538941025733948,6.774902820587158,-1.9391660690307617,0.8545990586280823,-0.0650482252240181,-0.5450592637062073,0.0993548352420913,-0.6353745073226442,1.1147233560970735,-1.1372704924854726,-0.8039367283120559,1.2251529965662975,-0.021903196704072286,-0.05054757116584331,-0.13646857244479074,0.3104786455967051,-0.031659063821796465,-0.10481155322310015,1.5397058264991763,-0.15489168909273676,-1.7548878054377273,-0.27623335824514417,2.7908029458482497,1.0327555165682245,7.0,1.0,47.939998626708984,48.198001861572266,47.97100067138672,2.48,35.69,55.69,0.434,0.8,1.152,0,1,0
1777637022.720926,3537.5519999999997,1.5396666526794434,-0.15404159227480108,-1.7562125364886683,-0.2753413359271448,2.790654182434082,1.0308774709701538,-0.004742557182908058,0.13068237900733948,-0.22737430036067963,0.14235341548919678,-0.041858501732349396,-0.29703620076179504,0.6637573838233948,6.468201160430908,-1.8270756006240845,0.8837586641311646,-0.02243042178452015,-0.4530945420265198,0.09918904548287717,-0.6358524830480148,1.1135783612287775,-1.1355384852142818,-0.8049912899822433,1.222930919892608,-0.02451169553549054,-0.05142563850874026,-0.14303453057518467,0.32411891542616666,-0.03284086413166676,-0.11207824236220623,1.539712660947673,-0.153856610408444,-1.7566615781501538,-0.27509667775170055,2.7904740111665793,1.0303815498977849,7.0,1.0,47.939998626708984,48.198001861572266,47.97100067138672,2.48,35.69,55.69,0.434,0.8,1.152,0,1,0
1777637022.7209704,3537.56,1.5396666526794434,-0.15292817751039678,-1.7580474058734339,-0.2741182486163538,2.7903189659118652,1.0284322500228882,0.005573463626205921,0.13661377131938934,-0.23395764827728271,0.15036846697330475,-0.044926464557647705,-0.3098832964897156,-0.9887696504592896,6.838989734649658,-2.0647075176239014,0.6796417832374573,0.0695343092083931,-0.4351502060890198,0.09900771128637442,-0.6363591752842509,1.1123633034173075,-1.1337153105989568,-0.8061092363034398,1.220600004527979,-0.01886358169252672,-0.05616845258785566,-0.15016255603785564,0.34351545815759027,-0.03338421894083526,-0.10720687137725318,1.5397197526584925,-0.1527825692904461,-1.758502119218229,-0.2739172103290679,2.7901326947250267,1.0279182223696433,7.0,1.0,47.939998626708984,48.198001861572266,47.97100067138672,2.48,35.69,55.69,0.434,0.8,1.152,0,1,0
1777637022.7233205,3537.5679999999998,1.539642572402954,-0.15179044405092412,-1.75995380083193,-0.27293140092958623,2.789924383163452,1.0258792638778687,-0.008436894975602627,0.14291587471961975,-0.2417425960302353,0.15550731122493744,-0.045233260840177536,-0.32094714045524597,0.6729126572608948,6.280518054962158,-1.966067910194397,0.9465638399124146,0.1861725002527237,-0.3633728325366974,0.098810866057711,-0.6368398200949117,1.1111288022062018,-1.1318835050098761,-0.8071561246110893,1.2181979079395757,-0.028942513708248956,-0.06117789689560081,-0.15676852426138513,0.35746856674278643,-0.035719618397012404,-0.12460403874528161,1.5397271016316345,-0.15166956573874124,-1.760409428641954,-0.27269495597724447,2.7897789965235917,1.0253655339837995,7.0,1.0,47.939998626708984,48.198001861572266,47.97100067138672,2.48,35.69,55.69,0.434,0.8,1.152,0,1,0
1777637022.725734,3537.576,1.5396785736083984,-0.15066463152040654,-1.7618959585772913,-0.2715647856341761,2.789553165435791,1.0231468677520752,0.012067316100001335,0.147044837474823,-0.25079306960105896,0.16147065162658691,-0.047457531094551086,-0.33350661396980286,-0.6454468369483948,6.257629871368408,-1.9705514907836914,0.6841278672218323,0.1233673244714737,-0.3342132866382599,0.09862994551685508,-0.6373780167496508,1.1098370234329407,-1.1298453050159705,-0.8084203817655229,1.2156276454280792,-0.016786636227633482,-0.06011103221942231,-0.16232083677450687,0.37025025926576793,-0.036696535311495165,-0.10901743546312576,1.5397347078670993,-0.15051759975333034,-1.7623835064213287,-0.2714299146962311,2.789412916562274,1.0227234847402535,7.0,1.0,47.939998626708984,48.198001861572266,47.97100067138672,2.48,35.69,55.69,0.434,0.8,1.152,0,1,0
1777637022.725779,3537.584,1.539690613746643,-0.14947921434511358,-1.7640059630023401,-0.2702582518206995,2.789170265197754,1.0204137563705444,-0.0063276709988713264,0.15096928179264069,-0.2596518099308014,0.16440439224243164,-0.04839709401130676,-0.34217360615730286,-0.2014160305261612,6.294250965118408,-2.0445311069488525,0.8882447481155396,0.0448608435690403,-0.3678589165210724,0.09843780349344228,-0.6378044231902479,1.108522800017631,-1.127942198976593,-0.8095621277972679,1.2131249159137034,-0.029229324319503442,-0.060819775400240035,-0.16664236083944695,0.3763210318088571,-0.037812580891206385,-0.13051395148533837,1.539742571364887,-0.1493266713342134,-1.764424352556352,-0.27012208648602787,2.7890344548410746,1.0199920746390054,7.0,1.0,47.939998626708984,48.18299865722656,47.97100067138672,2.48,35.69,55.69,0.434,0.8,1.152,0,1,0
1777637022.734572,3537.5919999999996,1.5396666526794434,-0.148233715687887,-1.7661164442645472,-0.26883155504335576,2.788787364959717,1.0175610780715942,0.000945954816415906,0.15636378526687622,-0.26835715770721436,0.17169080674648285,-0.04868471622467041,-0.35312238335609436,0.7965088486671448,6.188965320587158,-2.0490148067474365,0.6302948594093323,-0.02243042178452015,-0.5226288437843323,0.09820728292688147,-0.6383627851367126,1.10712540827082,-1.1258438764904277,-0.8108326125044816,1.2103956167504744,-0.025728847511406538,-0.06265188836484102,-0.173229876309501,0.3904788181622122,-0.04012178901663011,-0.12660738193371132,1.5397506921249968,-0.1480967804813904,-1.7665319670470243,-0.2687714713466347,2.788643611359993,1.0171713036800554,7.0,1.0,47.939998626708984,48.18299865722656,47.97100067138672,2.48,35.69,55.69,0.434,0.8,1.152,0,1,0
1777637022.7362704,3537.5919999999996,1.5396666526794434,-0.148233715687887,-1.7661164442645472,-0.26883155504335576,2.788787364959717,1.0175610780715942,0.000945954816415906,0.15636378526687622,-0.26835715770721436,0.17169080674648285,-0.04868471622467041,-0.35312238335609436,0.7965088486671448,6.188965320587158,-2.0490148067474365,0.6302948594093323,-0.02243042178452015,-0.5226288437843323,0.09820728292688147,-0.6383627851367126,1.10712540827082,-1.1258438764904277,-0.8108326125044816,1.2103956167504744,-0.025728847511406538,-0.06265188836484102,-0.173229876309501,0.3904788181622122,-0.04012178901663011,-0.12660738193371132,1.5397506921249968,-0.1480967804813904,-1.7665319670470243,-0.2687714713466347,2.788643611359993,1.0171713036800554,7.0,1.0,47.939998626708984,48.18299865722656,47.97100067138672,2.78,36.59,56.07,0.433,0.871,1.038,0,0,1
1777637022.7393553,3537.6,1.5396785736083984,-0.1469643751727503,-1.768299404774801,-0.26745301881899053,2.7883684635162354,1.0147204399108887,0.002633333671838045,0.16159209609031677,-0.2794145941734314,0.1765420138835907,-0.05050631985068321,-0.3649148643016815,-0.5630493760108948,6.097412586212158,-2.0310802459716797,0.9017030000686646,-0.0515899695456028,-0.5024414658546448,0.09800727550557287,-0.6388533658350272,1.1057252519328822,-1.1238036852469213,-0.8120289258091592,1.2077533479681986,-0.02554848722882752,-0.062093572839776776,-0.17917072304617548,0.4004999349752848,-0.04123481424964774,-0.12943479973887997,1.5397590701474297,-0.14682792719486137,-1.7687063498933453,-0.26737806927805163,2.7882403861190284,1.0142611718634031,7.0,1.0,47.939998626708984,48.18299865722656,47.97100067138672,2.78,36.59,56.07,0.433,0.871,1.038,0,1,0
1777637022.7464814,3537.6079999999997,1.5396785736083984,-0.14571887651552373,-1.7705772558795374,-0.2660263220416468,2.7879135608673096,1.011759638786316,-0.005573463626205921,0.16665422916412354,-0.28326234221458435,0.1802043914794922,-0.05320996046066284,-0.3768032193183899,1.0437012910842896,6.138611316680908,-2.093851089477539,0.7200165390968323,0.0291595496237278,-0.4979553818702698,0.09779532828645565,-0.6392813686783161,1.1043147588716264,-1.1217448092665812,-0.8131970828871606,1.2050348431629332,-0.03174721040348964,-0.06830529086274852,-0.18497135043213433,0.41647291770913974,-0.04184422526560029,-0.14268387522457482,1.5397677054321852,-0.1455201114746254,-1.770947501095316,-0.26594188028027865,2.7878247791181816,1.011261679189049,7.0,1.0,47.939998626708984,48.18299865722656,47.97100067138672,2.78,36.59,56.07,0.433,0.871,1.038,0,1,0
1777637022.753864,3537.616,1.5397264957427979,-0.14443809190859014,-1.7729275862323206,-0.2645519415484827,2.787458896636963,1.0087271928787231,0.009408415295183659,0.16968384385108948,-0.29393628239631653,0.1838476061820984,-0.05531918257474899,-0.388902485370636,-1.1627198457717896,6.472778797149658,-2.1342036724090576,0.8299255967140198,0.1861725002527237,-0.3431854546070099,0.09760628369797017,-0.639706920503849,1.1028604730528948,-1.1196264518468486,-0.8144324872344768,1.2022898490408946,-0.023004448370324927,-0.06424673481092225,-0.1893539724028016,0.4237538897497735,-0.04270508516218617,-0.13249593308387472,1.5397765979792633,-0.14417333332068427,-1.7732554206529354,-0.26446290435331576,2.7873967903574526,1.0081728256569924,7.0,1.0,47.939998626708984,48.18299865722656,47.939998626708984,2.78,36.59,56.07,0.433,0.871,1.038,0,1,0
1777637022.7610338,3537.624,1.539690613746643,-0.1430724302874964,-1.7753613630877894,-0.26308900514711553,2.7870397567749023,1.0055509805679321,-0.006481069140136242,0.17579419910907745,-0.30036622285842896,0.18785512447357178,-0.054302919656038284,-0.398355633020401,0.9841920137405396,6.468201160430908,-2.1342036724090576,0.899459958076477,0.1973877102136612,-0.3588867485523224,0.09734239315832446,-0.6401793680122901,1.1013333757761796,-1.1174795696402104,-0.8157075149572828,1.1993633349399517,-0.03445760401228184,-0.06945749441893904,-0.19571664666243116,0.4361798435003851,-0.045796045424194964,-0.1506224792759933,1.539785747788664,-0.1427875927330371,-1.7756301085662045,-0.26294114149716297,2.7869564198368413,1.0049946112672339,7.0,1.0,47.939998626708984,48.18299865722656,47.939998626708984,2.78,36.59,56.07,0.433,0.871,1.038,0,1,0
1777637022.7701623,3537.632,1.5397385358810425,-0.14165908495058233,-1.7779153029071253,-0.2615307013141077,2.7865371704101562,1.0023504495620728,0.01002200786024332,0.18130375444889069,-0.30863693356513977,0.19573594629764557,-0.05654636770486832,-0.4095153510570526,-1.1352540254592896,6.134033679962158,-2.0333220958709717,0.8411408066749573,0.0605621412396431,-0.4710388779640198,0.09714256552646915,-0.6406181716858973,1.099754061352404,-1.1152434397164166,-0.8169742637745859,1.1964641959941396,-0.024807539759505778,-0.07097339119635743,-0.20265549939460797,0.45169023644701645,-0.046603187494892874,-0.13873955870710633,1.5397951548603876,-0.14136288971168298,-1.7780715648351224,-0.2613765917118194,2.7865036675563477,1.0017270360197732,7.0,1.0,47.939998626708984,48.18299865722656,47.939998626708984,2.78,36.59,56.07,0.433,0.871,1.038,0,1,0
1777637022.7765439,3537.64,1.5397624969482422,-0.14019853273500615,-1.7804573217975062,-0.2599247137652796,2.7860829830169678,0.9990904331207275,-0.006800648290663958,0.18389873206615448,-0.31932368874549866,0.20143085718154907,-0.059173308312892914,-0.4224966764450073,0.2471924126148224,6.793213367462158,-1.9548587799072266,0.872543454170227,-0.0381317175924778,-0.4486084580421448,0.0969106655656379,-0.6411449900660258,1.0981196287217627,-1.1129178873605867,-0.8183546594571796,1.1934418941035059,-0.03646912875475095,-0.07040138093684926,-0.20744150026615749,0.46139756901994683,-0.04727128897912269,-0.16092863184346032,1.5398048191944338,-0.13989922425662282,-1.780579789459689,-0.25976925499728676,2.786038533515972,0.9983700999146105,7.0,1.0,47.939998626708984,48.18299865722656,47.939998626708984,2.78,36.59,56.07,0.433,0.871,1.038,0,1,0
1777637022.790988,3537.6479999999997,1.5397504568099976,-0.13876134554018194,-1.7830355803119105,-0.25828248659242803,2.7855560779571533,0.9955543279647827,0.008897088468074799,0.19082722067832947,-0.32671234011650085,0.20848716795444489,-0.05999782308936119,-0.4358423054218292,-0.1281738430261612,6.765747547149658,-1.9391660690307617,0.6729126572608948,-0.0471038855612278,-0.4104767143726349,0.09663943894491174,-0.6416966746224577,1.0964542544631881,-1.1104466165485167,-0.8197528453499493,1.1901639748813644,-0.027851084283869287,-0.0743532457998658,-0.21558822803504396,0.4803764924360611,-0.049800855367689134,-0.14968747032431484,1.5398147407908025,-0.1383965963678575,-1.7831547824399054,-0.25811913135356424,2.7855610177157137,0.9949238029517455,7.0,1.0,47.939998626708984,48.18299865722656,47.939998626708984,2.78,36.59,56.07,0.433,0.871,1.038,0,1,0
1777637022.7947779,3537.656,1.5397385358810425,-0.13719207445253545,-1.7856491247760218,-0.2566278616534632,2.7851014137268066,0.9920182228088379,-0.0010865697404369712,0.1915430724620819,-0.33429276943206787,0.2123604714870453,-0.06346845626831055,-0.4452570974826813,-0.1052856519818306,6.568909168243408,-1.9414079189300537,0.8187103867530823,0.0358886756002903,-0.4059906303882599,0.09635264187209037,-0.6423471211775862,1.094695262229363,-1.107917988241745,-0.8212758657679402,1.1868329765910997,-0.03468994894245218,-0.07241824634758534,-0.218444006469862,0.48617239833871284,-0.04897186324554311,-0.16452438445714876,1.539824919649494,-0.13685500604538525,-1.7857965437757706,-0.2564262207806518,2.785071120155573,0.9913881451311786,7.0,1.0,47.939998626708984,48.12200164794922,47.939998626708984,2.78,36.59,56.07,0.433,0.871,1.038,0,1,0
1777637022.796977,3537.6639999999998,1.5397385358810425,-0.135599438344137,-1.7883108297931116,-0.2548897902118128,2.784574508666992,0.9884341955184937,0.001291100517846644,0.19596605002880096,-0.3426401913166046,0.21797867119312286,-0.0645422413945198,-0.45430758595466614,0.8789063692092896,6.436157703399658,-1.9324406385421753,0.8030090928077698,0.1300964504480362,-0.4800110459327698,0.09607828920113409,-0.6430114896485828,1.0928949325105886,-1.1052847142234976,-0.8227837284595756,1.1834315163965492,-0.03404755949656356,-0.07273532676392054,-0.22412250653241675,0.496244632143533,-0.05016575450584807,-0.1655587595118817,1.5398353557705082,-0.13527445328920695,-1.7885050734672845,-0.25469052327854946,2.78456884083555,0.9877631264529094,7.0,1.0,47.939998626708984,48.12200164794922,47.939998626708984,2.78,36.59,56.07,0.433,0.871,1.038,0,1,0
1777637022.8046196,3537.672,1.5397504568099976,-0.13401920000185186,-1.7910683790790003,-0.25311500230898076,2.7840359210968018,0.9846823811531067,0.003579288488253951,0.20380213856697083,-0.34652626514434814,0.22390367090702057,-0.06467646360397339,-0.46556317806243896,-0.3753662407398224,6.916809558868408,-2.2462942600250244,0.6459961533546448,0.0717773512005806,-0.5966492295265198,0.0957975386882422,-0.64362775442359,1.091069405645467,-1.1026119353153718,-0.824321937668231,1.1799360076024523,-0.03405610174585878,-0.08091721430821003,-0.23259393288311797,0.5165237871864251,-0.05287676339422236,-0.16676877714380675,1.539846049153845,-0.1336549380993226,-1.791280371514448,-0.2529120388472563,2.784054179755645,0.9840487469169383,7.0,1.0,47.939998626708984,48.12200164794922,47.939998626708984,2.78,36.59,56.07,0.433,0.871,1.038,0,1,0
1777637022.8120005,3537.68,1.5397624969482422,-0.13234264055360967,-1.7938621679889124,-0.2513054052935999,2.7834856510162354,0.9808826446533203,-0.004819256253540516,0.21039825677871704,-0.35878533124923706,0.23084494471549988,-0.0647723376750946,-0.47904303669929504,0.3707886040210724,6.349182605743408,-2.2216341495513916,0.7962799668312073,-0.0403747595846653,-0.4889832139015198,0.09551004501061834,-0.6443237903081651,1.0891636087072885,-1.0998337635841844,-0.8259155758900864,1.1763464592562405,-0.040944246757941595,-0.08238566145715803,-0.24059069534466707,0.5302760961610239,-0.05584880127263081,-0.17932680401048964,1.5398569997995046,-0.1319964604757322,-1.7941224379172613,-0.25109076748677417,2.783527136915857,0.980245006523265,7.0,1.0,47.87900161743164,48.12200164794922,47.939998626708984,2.78,36.59,56.07,0.433,0.871,1.038,0,1,0
1777637022.8188145,3537.6879999999996,1.5397624969482422,-0.13058168092836553,-1.7967398802386683,-0.24944717088808233,2.782958745956421,0.9770828485488892,0.009702428244054317,0.21345342695713043,-0.3689095973968506,0.23636727035045624,-0.06529005616903305,-0.49156415462493896,-0.3799438774585724,6.376648426055908,-2.188007116317749,0.894973874092102,-0.0471038855612278,-0.3835602104663849,0.09520898341702096,-0.6450406438874694,1.0871885543539093,-1.097029343636753,-0.8275442852313059,1.1727209053323524,-0.03284126343005754,-0.07936549961066336,-0.24595322724172197,0.5403190280497541,-0.05816959820774713,-0.16893491180512124,1.5398682077074868,-0.13029902041843577,-1.7970312726757225,-0.2492267091971021,2.7829877123161872,0.9763519052718895,7.0,1.0,47.87900161743164,48.12200164794922,47.939998626708984,2.78,36.59,56.07,0.433,0.871,1.038,0,1,0
1777637022.8263683,3537.696,1.5397504568099976,-0.12883407274355108,-1.7997611204730433,-0.24758893648256475,2.782480239868164,0.9731149673461914,-0.005803560838103294,0.21589501202106476,-0.37720587849617004,0.23648232221603394,-0.06736093014478683,-0.5010364651679993,-0.2243042290210724,6.440735340118408,-2.2440524101257324,0.8321686387062073,0.011215210892260075,-0.4261780083179474,0.09487836298126338,-0.6456568647684802,1.0851956784217984,-1.0942844187044978,-0.8292013781129933,1.1690330437851886,-0.04355858269004142,-0.0775690793037962,-0.24926572558645346,0.5433672299097677,-0.05845225447596388,-0.18857393581654713,1.5398796728777917,-0.1285626179274333,-1.8000068757898333,-0.24731986397823924,2.782435905956635,0.972369443162812,7.0,1.0,47.87900161743164,48.12200164794922,47.90999984741211,2.78,36.59,56.07,0.433,0.871,1.038,0,1,0
1777637022.8391855,3537.7039999999997,1.5397744178771973,-0.12696582475771123,-1.8027947584735315,-0.24567109743227178,2.781881809234619,0.9690998792648315,0.007516506128013134,0.22700358927249908,-0.3835463523864746,0.2447466403245926,-0.06927841156721115,-0.5119661092758179,0.7369995713233948,6.326294422149658,-2.1678307056427,0.7985230088233948,0.1413116604089737,-0.4957123398780823,0.09457866752739362,-0.6463980549129859,1.0831035655511299,-1.0913225517849188,-0.8308668832962037,1.1652305911180725,-0.036230461632414106,-0.0861221881778457,-0.26039841843402906,0.5665111580657193,-0.05970021012710371,-0.17975349336094895,1.5398913953104192,-0.12678725300272475,-1.8030492472595938,-0.24537023183018736,2.7818717178372006,0.9682976201960324,7.0,1.0,47.87900161743164,48.12200164794922,47.90999984741211,2.78,36.59,56.07,0.433,0.871,1.038,0,1,0
1777637022.8407154,3537.712,1.5398107767105103,-0.125192944203512,-1.8059361616717737,-0.24369317690004522,2.7813191413879395,0.9649522304534912,0.0039116512052714825,0.22901055216789246,-0.39056429266929626,0.2507675290107727,-0.07069733738899231,-0.5255993604660034,-0.3662109673023224,6.120300769805908,-2.3292412757873535,0.8366547226905823,-0.011215210892260075,-0.4889832139015198,0.09427150686451385,-0.647000606572297,1.0810356947830173,-1.088415294742641,-0.8325539873639873,1.1614071681879863,-0.039890840871671863,-0.08686756340174684,-0.26558365853805355,0.5801462412843562,-0.06161485203388365,-0.18835255873682444,1.5399033750053694,-0.12497292564430929,-1.8061583870850022,-0.24337781275294557,2.7812951479578834,0.9641364363715506,7.0,1.0,47.87900161743164,48.12200164794922,47.90999984741211,2.78,36.59,56.07,0.433,0.871,1.038,0,1,0
1777637022.8480844,3537.72,1.5398107767105103,-0.12340861955751592,-1.8091371695147913,-0.24161941209901983,2.780733108520508,0.9606607556343079,-0.0041800979524850845,0.23172058165073395,-0.39842596650123596,0.25675004720687866,-0.07294078916311264,-0.5350141525268555,1.2268067598342896,6.559753894805908,-2.380802869796753,0.9196473360061646,-0.0785064771771431,-0.4463654160499573,0.09392810160674125,-0.6476267409570458,1.0789133158828166,-1.0853959151590185,-0.834278833450155,1.1574032543977433,-0.04592846852243659,-0.08686226695167419,-0.27060848865934856,0.5896814359596749,-0.061921882093475905,-0.20071834347662854,1.5399156119626425,-0.12311963585218866,-1.8093342952660603,-0.24134260674651298,2.7807061963186843,0.9598858916893667,7.0,1.0,47.87900161743164,48.12200164794922,47.90999984741211,2.78,36.59,56.07,0.433,0.871,1.038,0,1,0
1777637022.8550563,3537.728,1.5398228168487549,-0.12144500414003545,-1.8124468962298792,-0.2395694891559046,2.780170202255249,0.9563453197479248,0.00501100393012166,0.23794598877429962,-0.4101608991622925,0.25983718037605286,-0.07491578906774521,-0.5440263152122498,-0.7781983017921448,6.829834461212158,-2.358384609222412,0.8276825547218323,-0.0919647291302681,-0.4732819199562073,0.09358247796771875,-0.6483192443678937,1.0766736174162512,-1.082332273457878,-0.8360620200952709,1.1533640006882533,-0.04075711534601673,-0.08404902422744434,-0.2770494025092487,0.5955851992605298,-0.06226039950765142,-0.19555395177073645,1.539928106182238,-0.1212273836263611,-1.812576971802768,-0.23926461381089137,2.7801048629196026,0.9555459861494807,7.0,1.0,47.87900161743164,48.137001037597656,47.90999984741211,2.78,36.59,56.07,0.433,0.871,1.038,0,1,0
1777637022.8616548,3537.736,1.53983473777771,-0.11950523058046514,-1.8158157507525843,-0.23736364046205694,2.7795357704162598,0.9519339799880981,0.0025694179348647594,0.24293142557144165,-0.4176774024963379,0.2642281949520111,-0.07696748524904251,-0.5592893958091736,0.0686645582318306,6.454468250274658,-2.2283596992492676,0.7065582871437073,0.0628051832318306,-0.5158997178077698,0.09323625189585835,-0.6490054549569126,1.0743955411729742,-1.079131703101271,-0.8378480406973605,1.149195523740117,-0.04386153903260847,-0.08673070141931793,-0.28413262466056416,0.6115698086848205,-0.06405950570056121,-0.20390121459368693,1.5399408576641562,-0.11929616896682749,-1.8158864166951245,-0.23714383394607896,2.7794911477606385,0.9511167197518926,7.0,1.0,47.87900161743164,48.137001037597656,47.90999984741211,2.78,36.59,56.07,0.433,0.871,1.038,0,1,0
1777637022.8687522,3537.7439999999997,1.5398228168487549,-0.11755305925478154,-1.8191130797015589,-0.23518211046327764,2.778937816619873,0.9473908543586731,0.001418932224623859,0.24672803282737732,-0.4313170611858368,0.27239665389060974,-0.07865486294031143,-0.5694520473480225,0.5813599228858948,6.719971179962158,-2.004178524017334,0.7424469590187073,0.0269165076315403,-0.4082336723804474,0.09285167642043286,-0.6497854480727854,1.0720839719794735,-1.0758351613604125,-0.83973775110912,1.1448666149039297,-0.045509243676735645,-0.08283241887762807,-0.29045473193841115,0.6192685010211841,-0.0648878683706771,-0.20928762379291319,1.5399538664083972,-0.11732599187358872,-1.8192626299431298,-0.23498026715207665,2.7788650508417927,0.9465980924966024,7.0,1.0,47.87900161743164,48.137001037597656,47.90999984741211,2.78,36.59,56.07,0.433,0.871,1.038,0,1,0
1777637022.875858,3537.752,1.53983473777771,-0.1155770460711878,-1.8225181738482874,-0.23297626176942998,2.778303623199463,0.9427757859230042,0.002773948712274432,0.2516367733478546,-0.4309847056865692,0.27761217951774597,-0.07988204807043076,-0.578387439250946,-0.3112793266773224,6.623840808868408,-2.1678307056427,0.7760925889015198,-0.02018737979233265,-0.4104767143726349,0.09248001729863159,-0.6505092867332736,1.0697380310625655,-1.0725274656149517,-0.8415995543497047,1.140523156724506,-0.04584190047825605,-0.09060562543156038,-0.29719705559641335,0.637930198048779,-0.06619429829265577,-0.21153223422354395,1.5399671324149609,-0.11531685234664302,-1.822705611546784,-0.23277391342888532,2.778226572163064,0.9419901043836101,7.0,1.0,47.87900161743164,48.137001037597656,47.90999984741211,2.78,36.59,56.07,0.433,0.871,1.038,0,1,0
1777637022.8789215,3537.752,1.53983473777771,-0.1155770460711878,-1.8225181738482874,-0.23297626176942998,2.778303623199463,0.9427757859230042,0.002773948712274432,0.2516367733478546,-0.4309847056865692,0.27761217951774597,-0.07988204807043076,-0.578387439250946,-0.3112793266773224,6.623840808868408,-2.1678307056427,0.7760925889015198,-0.02018737979233265,-0.4104767143726349,0.09248001729863159,-0.6505092867332736,1.0697380310625655,-1.0725274656149517,-0.8415995543497047,1.140523156724506,-0.04584190047825605,-0.09060562543156038,-0.29719705559641335,0.637930198048779,-0.06619429829265577,-0.21153223422354395,1.5399671324149609,-0.11531685234664302,-1.822705611546784,-0.23277391342888532,2.778226572163064,0.9419901043836101,7.0,1.0,47.87900161743164,48.137001037597656,47.90999984741211,4.18,19.06,47.43,0.445,0.372,2.202,0,0,1
1777637022.8830476,3537.7599999999998,1.5398107767105103,-0.11360103288759404,-1.8260071913348597,-0.2307222525226038,2.7776689529418945,0.9381487369537354,-0.004269579891115427,0.25519049167633057,-0.4390764534473419,0.28286606073379517,-0.08112841099500656,-0.5894513130187988,0.5538941025733948,6.285095691680908,-2.4973769187927246,1.0228272676467896,-0.0515899695456028,-0.5181427597999573,0.09208339950309341,-0.6511754530625352,1.0673737531165082,-1.0692534496620303,-0.843416845425954,1.1361565151778585,-0.05162159486988103,-0.09102304585806545,-0.30309971758265736,0.6488278241369648,-0.06770860972560966,-0.22284607667509074,1.5399806556838471,-0.11326875038599127,-1.8262153615060885,-0.23052477277650318,2.7775757117244533,0.9372927554129158,7.0,1.0,47.81800079345703,48.137001037597656,47.90999984741211,4.18,19.06,47.43,0.445,0.372,2.202,0,1,0
1777637022.890302,3537.768,1.5398707389831543,-0.11144572893251592,-1.829615894948141,-0.22840911546816045,2.776998996734619,0.9333295822143555,0.008360195904970169,0.2624257802963257,-0.4478456974029541,0.28721871972084045,-0.08448399603366852,-0.6026051640510559,-0.4577637314796448,6.303406238555908,-2.5085859298706055,0.8545990586280823,0.1166381984949112,-0.4418793320655823,0.09172141521788361,-0.6519551214351539,1.0648475225196643,-1.0657430547080782,-0.8453892546055642,1.1316283433768342,-0.04460769778308958,-0.09252949593746698,-0.3114509813973867,0.6638101740508626,-0.0679527236983609,-0.2163252596150888,1.539994436215056,-0.11118168599163347,-1.829791879821041,-0.22823284519493203,2.7769124695259597,0.9325060455845192,7.0,1.0,47.81800079345703,48.137001037597656,47.90999984741211,4.18,19.06,47.43,0.445,0.372,2.202,0,1,0
1777637022.8976011,3537.776,1.539894700050354,-0.1093977133380335,-1.8332489172564905,-0.22602349916567022,2.7763044834136963,0.9284625053405762,-0.0014956312952563167,0.26628628373146057,-0.45926105976104736,0.2925493121147156,-0.08387040346860886,-0.6140141487121582,0.5081177353858948,6.381226062774658,-2.291130304336548,0.8747864961624146,0.0874786451458931,-0.4530945420265198,0.09133516111597895,-0.6526435928918028,1.0623588516888474,-1.0622570097098756,-0.8472965598173418,1.1270568493660873,-0.05248350464001238,-0.0906368991221843,-0.31769312000745414,0.6720273484997956,-0.07097113982245065,-0.2295755202414982,1.5400084740085875,-0.10905565916356963,-1.8334351664916433,-0.22589813068417008,2.7762368455675843,0.9276299748984206,7.0,1.0,47.81800079345703,48.137001037597656,47.86399841308594,4.18,19.06,47.43,0.445,0.372,2.202,0,1,0
1777637022.9049091,3537.7839999999997,1.5398707389831543,-0.10721809068788701,-1.836977783833639,-0.22366220155824834,2.7756824493408203,0.9234036803245544,0.008296279236674309,0.2711566686630249,-0.4636329114437103,0.29795658588409424,-0.08672744035720825,-0.6245794892311096,0.8102417588233948,6.541443347930908,-2.5892910957336426,0.7648773789405823,-0.0672912672162056,-0.5944061875343323,0.09088388771901904,-0.6534067048641768,1.059752980871283,-1.0587029656927294,-0.8493276964087242,1.1222835167632108,-0.04718462020540998,-0.09364917822661051,-0.3246929921442243,0.6876718387167421,-0.0711771962275782,-0.2248377121799516,1.5400225153897296,-0.10692908899114784,-1.837079384269619,-0.22356281949516355,2.775561048941366,0.9227526580448414,7.0,1.0,47.81800079345703,48.137001037597656,47.86399841308594,4.18,19.06,47.43,0.445,0.372,2.202,0,1,0
1777637022.9122007,3537.792,1.539906620979309,-0.10501510301698858,-1.8407672087298792,-0.2213366667376917,2.775036096572876,0.9186208248138428,0.004550809971988201,0.261620432138443,-0.44168421626091003,0.2809102237224579,-0.08538521081209183,-0.5957598090171814,-0.4440308213233948,6.092834949493408,-2.268712282180786,0.7289887070655823,-0.0448608435690403,-0.5024414658546448,0.09050296002128602,-0.6540484311064343,1.0571782043256406,-1.0553260845409353,-0.851202164335019,1.11782541392981,-0.047194148456061576,-0.09072549261270052,-0.31178320543596094,0.65609607395842,-0.0657326392046953,-0.2196635028803492,1.5400362995211445,-0.10484147934482735,-1.8406568369609309,-0.22127029314049373,2.774897633468818,0.9179646976738475,7.0,1.0,47.81800079345703,48.137001037597656,47.86399841308594,4.18,19.06,47.43,0.445,0.372,2.202,0,1,0
1777637022.919632,3537.7999999999997,1.5399426221847534,-0.10289508501161748,-1.8443754355060022,-0.21907121339906865,2.7743656635284424,0.9139215350151062,-0.0006391586503013968,0.2550498843193054,-0.44962257146835327,0.27615490555763245,-0.08446481823921204,-0.5872270464897156,0.5538941025733948,6.152344226837158,-1.5827182531356812,0.7245026230812073,0.1323394924402237,-0.4912262558937073,0.09013034701401997,-0.6547217628821872,1.0546706988661605,-1.0519539334162538,-0.8530263390689861,1.1134119815656356,-0.04966611837102826,-0.07374341819469164,-0.305687142185584,0.6287538700009413,-0.06403366381259354,-0.22221071045276192,1.5400498263902367,-0.10279283213221291,-1.844167521296594,-0.21902055371501472,2.7742465997561525,0.9132660981605555,7.0,1.0,47.81800079345703,48.07600021362305,47.86399841308594,4.18,19.06,47.43,0.445,0.372,2.202,0,1,0
1777637022.9267356,3537.808,1.5399545431137085,-0.10095531145204717,-1.8478406111346644,-0.2169249693499964,2.7737197875976562,0.9092941284179688,0.008066182024776936,0.2513938844203949,-0.42915669083595276,0.27329784631729126,-0.08156943321228027,-0.5737088322639465,0.0686645582318306,5.548096179962158,-1.5199475288391113,0.6998291611671448,0.0426178015768528,-0.5719757676124573,0.08974666301887986,-0.6552908074697994,1.0523070973426965,-1.0487633581898388,-0.8547417360464123,1.1091240622208638,-0.04356389268964117,-0.08234386413424999,-0.30240475668273015,0.6299488986137254,-0.06384917020187113,-0.20814622646656747,1.5400630959970063,-0.10078314735330451,-1.8476114372766084,-0.21681360121872562,2.7736079478033684,0.9086568595049658,7.0,1.0,47.81800079345703,48.07600021362305,47.86399841308594,4.18,19.06,47.43,0.445,0.372,2.202,0,1,0
1777637022.935138,3537.816,1.5399545431137085,-0.09900314012636358,-1.85101825395693,-0.21482688585390264,2.773085355758667,0.9048104882240295,0.0019558256026357412,0.2421005219221115,-0.4121423065662384,0.26507189869880676,-0.0800546258687973,-0.5656170845031738,-0.0686645582318306,5.905151844024658,-2.0714330673217773,0.8299255967140198,-0.0583190992474556,-0.4418793320655823,0.08935976000935994,-0.6560642739917474,1.0499500878929684,-1.0454534517075396,-0.8565157748095585,1.1048100325105918,-0.04725430510822047,-0.08351688512142846,-0.2946924208496401,0.6217687435145701,-0.06328194956852733,-0.21129541368508992,1.5400761083414531,-0.09881242500810306,-1.850988584900973,-0.21464943565162553,2.7729816776104674,0.9041369817070781,7.0,1.0,47.81800079345703,48.07600021362305,47.86399841308594,4.18,19.06,47.43,0.445,0.372,2.202,0,1,0
1777637022.9418235,3537.8239999999996,1.5399785041809082,-0.09711152711977178,-1.8541596571551722,-0.21281367937196904,2.7724149227142334,0.9003508687019348,0.0019558256026357412,0.2365526258945465,-0.40453630685806274,0.2613711655139923,-0.08059151470661163,-0.5539588332176208,0.2883911430835724,6.884766101837158,-2.5220367908477783,0.9017030000686646,-0.004486084450036287,-0.4687958359718323,0.08899533212122634,-0.6567693168130113,1.0476509277022872,-1.0422244129847684,-0.8581957502917552,1.1005889157935336,-0.046193752799066304,-0.08017533042246411,-0.28945091917146815,0.6091847043447245,-0.060186062615679464,-0.2084470456910587,1.5400888634235774,-0.09688066509660676,-1.854298964169689,-0.21252805701371624,2.7723677891774487,0.8997064647668925,7.0,1.0,47.81800079345703,48.07600021362305,47.86399841308594,4.18,19.06,47.43,0.445,0.372,2.202,0,1,0
1777637022.948665,3537.832,1.5399785041809082,-0.09524327913393194,-1.857384983693258,-0.2107155958758753,2.7718403339385986,0.8959275484085083,0.0004474110610317439,0.235619455575943,-0.40406334400177,0.25845658779144287,-0.07700584083795547,-0.5418787002563477,0.3936767876148224,6.175232410430908,-2.468233346939087,0.9061890840530396,0.2086029201745987,-0.5473023056983948,0.08860668324033975,-0.6573982335668341,1.0453435000185713,-1.0390748652134993,-0.8599207217503875,1.09639956066823,-0.04655444919496607,-0.07539618072300992,-0.287193229272578,0.5944091960469173,-0.06035885035164395,-0.20464625431116495,1.540101361243379,-0.0949878676188165,-1.857542575082756,-0.21044946530499686,2.7717662825043123,0.8953653086844091,7.0,1.0,47.81800079345703,48.07600021362305,47.86399841308594,4.18,19.06,47.43,0.445,0.372,2.202,0,1,0
1777637022.9568274,3537.8399999999997,1.5399545431137085,-0.09327918687929326,-1.8606818358050745,-0.20861798921693975,2.771254301071167,0.8916117548942566,0.0030551785603165627,0.2314010113477707,-0.3999471366405487,0.25151532888412476,-0.07368860393762589,-0.5315435528755188,0.3295898735523224,6.152344226837158,-1.9840023517608643,0.7132874131202698,0.1031799390912056,-0.6415100693702698,0.08821254009457855,-0.658024003646767,1.0429876798860014,-1.0359672342205062,-0.8615770782419211,1.092263805933642,-0.044311506026458336,-0.06946236394458671,-0.28212789257401594,0.5775919864287393,-0.06061778841945804,-0.19739137465836754,1.5401136018008577,-0.09313403257473318,-1.8607194176401736,-0.2084136605254674,2.771177157591058,0.8911135134596279,7.0,1.0,47.803001403808594,48.07600021362305,47.86399841308594,4.18,19.06,47.43,0.445,0.372,2.202,0,1,0
1777637022.9628139,3537.848,1.5400025844573975,-0.09138757387270147,-1.8638108412372034,-0.20653182664980108,2.770667552947998,0.887451708316803,0.00250550196506083,0.22587867081165314,-0.39171478152275085,0.25301095843315125,-0.07393787801265717,-0.524295449256897,0.1190185695886612,5.877686023712158,-1.8427683115005493,0.6033783555030823,-0.0897216871380806,-0.5428162217140198,0.08787888821906742,-0.6586752160388492,1.0406934923261615,-1.032849834931419,-0.8632420769953999,1.0882724567735078,-0.04413015167246184,-0.06956064385185204,-0.27887786536685266,0.574970904002374,-0.058846750151323464,-0.19616424614163125,1.540125585096014,-0.09131915996435591,-1.8638294918419422,-0.20642064267512694,2.7706004144376863,0.8869510790925487,7.0,1.0,47.803001403808594,48.07600021362305,47.86399841308594,4.18,19.06,47.43,0.445,0.372,2.202,0,1,0
1777637022.972997,3537.8559999999998,1.540062427520752,-0.08965093294252569,-1.8669284025775355,-0.20449477830995733,2.770141363143921,0.8833156824111938,0.0013933659065514803,0.22050973773002625,-0.37790894508361816,0.24505344033241272,-0.07019879668951035,-0.5139027237892151,0.3753662407398224,5.873108386993408,-1.9862442016601562,0.7603912949562073,-0.1278534084558487,-0.4463654160499573,0.08755076738493218,-0.6591677652235797,1.0385080412163534,-1.0299188305332379,-0.8648620917913465,1.0844212192671248,-0.04454063908443389,-0.07099595062692382,-0.2731434150737536,0.5656342032668792,-0.05962116533157758,-0.19229890764857444,1.5401373111288477,-0.0895432497876838,-1.8668727976880621,-0.2044704117539773,2.770036053044197,0.8828780055831715,7.0,1.0,47.803001403808594,48.07600021362305,47.81800079345703,4.18,19.06,47.43,0.445,0.372,2.202,0,1,0
1777637022.977632,3537.864,1.5400145053863525,-0.08775836626161748,-1.86987811723818,-0.20256454149355108,2.769542932510376,0.8792515397071838,0.0013038837350904942,0.21464227139949799,-0.3680659234523773,0.23696169257164001,-0.07113835960626602,-0.4987930357456207,0.3799438774585724,5.914307117462158,-2.0647075176239014,0.863571286201477,-0.006729126907885075,-0.4687958359718323,0.08715921695241752,-0.659895966423829,1.0362495026813399,-1.0268609890671967,-0.8664146212864642,1.0804115798148601,-0.043067502957114104,-0.06724802718023273,-0.2658183002659472,0.5474211359160404,-0.05534889430952957,-0.18864077161805654,1.5401487798993585,-0.08780630204471862,-1.8698493351785324,-0.20256296776201754,2.76948407341059,0.8788942929314965,7.0,1.0,47.803001403808594,48.07600021362305,47.81800079345703,4.18,19.06,47.43,0.445,0.372,2.202,0,1,0
1777637023.0824177,3537.872,1.5400265455245972,-0.08610612550844365,-1.8728755156146448,-0.20074206987489873,2.7690038681030273,0.8753191828727722,0.0028762139845639467,0.20888984203338623,-0.35924553871154785,0.22839057445526123,-0.06730341166257858,-0.4874415695667267,0.1831054836511612,5.946350574493408,-2.277679443359375,0.8030090928077698,0.0740203931927681,-0.5540314316749573,0.08682119022668189,-0.6602912260598792,1.0341929590708565,-1.024195878206966,-0.8678061270386676,1.0767832624701736,-0.04145318788422796,-0.06354333783787353,-0.2591463441234278,0.5312165447020163,-0.055878946307843555,-0.18174651718864931,1.5401599914075468,-0.08610831673545949,-1.872759104313353,-0.2006983106992477,2.768944475536865,0.8749999411375237,7.0,1.0,47.803001403808594,48.04600143432617,47.81800079345703,4.18,19.06,47.43,0.445,0.372,2.202,0,1,0
1777637023.0825794,3537.8799999999997,1.540062427520752,-0.08444148698915654,-1.8757403532611292,-0.19898015657533819,2.7684898376464844,0.871531069278717,0.0017896442441269755,0.205284982919693,-0.3524704575538635,0.22555270791053772,-0.06749515980482101,-0.4770680367946625,0.1602173000574112,5.914307117462158,-2.0714330673217773,0.7559052109718323,-0.0493469275534153,-0.4957123398780823,0.08650692992855821,-0.6607524998403854,1.032155879302828,-1.0215395372106033,-0.8692102114170417,1.0732523341711235,-0.041234938747660155,-0.06226932783164673,-0.2552290846676259,0.5218518311799587,-0.053397847309591524,-0.18001922895035458,1.540170945653412,-0.0844492938599064,-1.8756021050925247,-0.19887644056566778,2.7684172594230225,0.8711949502012529,7.0,1.0,47.803001403808594,48.04600143432617,47.81800079345703,4.18,19.06,47.43,0.445,0.372,2.202,0,1,0
1777637023.0880508,3537.888,1.5400863885879517,-0.08286124864687139,-1.878486458455221,-0.19714624086488897,2.7679872512817383,0.867694616317749,0.0011377024929970503,0.20092591643333435,-0.34248679876327515,0.22175610065460205,-0.06509830802679062,-0.4665602743625641,0.4989624619483948,5.497742176055908,-2.10506010055542,0.8187103867530823,-0.1076660305261612,-0.3970184624195099,0.08617568051067899,-0.6612689165735461,1.030135840933914,-1.0187785326114058,-0.8706847936501847,1.0696135122838522,-0.04107810530200096,-0.0627538725495812,-0.2508034122831801,0.5138056882355795,-0.05306813521050708,-0.17636156071082665,1.540181642636955,-0.08282923341805937,-1.8783783375160485,-0.19709735736127776,2.767902425069062,0.8674793201226842,7.0,1.0,47.803001403808594,48.04600143432617,47.81800079345703,4.18,19.06,47.43,0.445,0.372,2.202,0,1,0
1777637023.088207,3537.8959999999997,1.5401103496551514,-0.08134013811220342,-1.881160084401266,-0.19537240663637334,2.7674601078033447,0.8640259504318237,0.000945954816415906,0.1955825537443161,-0.33879244327545166,0.2157544046640396,-0.06377525627613068,-0.4544418156147003,0.4714966416358948,5.982971668243408,-2.013145923614502,0.7110443711280823,-0.1076660305261612,-0.4687958359718323,0.08586474071987488,-0.6617314871280374,1.0281918536833408,-1.0161365395254132,-0.8720353319870336,1.0661369991851464,-0.04010226526009158,-0.0559199689973453,-0.24445699192950038,0.4948161533272187,-0.05122785443595309,-0.17237833581387485,1.5401920823581752,-0.08124813540991838,-1.8810878015839219,-0.19536106108607765,2.7673999724749843,0.8638530509018177,7.0,1.0,47.803001403808594,48.04600143432617,47.81800079345703,4.18,19.06,47.43,0.445,0.372,2.202,0,1,0
1777637023.08832,3537.904,1.5400984287261963,-0.07981902757753545,-1.8837617079364222,-0.1936581770526331,2.766969680786133,0.8604651093482971,0.002978479489684105,0.19091670215129852,-0.3270830512046814,0.21671314537525177,-0.06247136741876602,-0.44449010491371155,0.2517700493335724,6.028748035430908,-2.1297199726104736,0.6415100693702698,0.0426178015768528,-0.4732819199562073,0.08553483103292017,-0.6622116810047891,1.0262723333131303,-1.0135666714756717,-0.8733560237220955,1.062717559570314,-0.03814136136063393,-0.05906828277915932,-0.24113102851402243,0.4934893287886401,-0.05029506428822328,-0.16676780204069314,1.5402022648170726,-0.07970599983548343,-1.8837304972961473,-0.19366755174006745,2.766909901640789,0.8603161425386533,7.0,1.0,47.803001403808594,48.04600143432617,47.81800079345703,4.18,19.06,47.43,0.445,0.372,2.202,0,1,0
1777637023.0957108,3537.912,1.540134310722351,-0.07838231721986944,-1.8863752524005335,-0.1919797102557581,2.766515016555786,0.8570125699043274,0.002837864449247718,0.18469129502773285,-0.32232773303985596,0.20702989399433136,-0.05997864902019501,-0.4303008019924164,0.1281738430261612,6.404114246368408,-2.019871234893799,0.7895508408546448,0.0672912672162056,-0.5607605576515198,0.08524588192849565,-0.6625632585618699,1.024431187167464,-1.0111580010152776,-0.8746262719674788,1.059504542546222,-0.03698786565548872,-0.050848808082547846,-0.23286701556776138,0.46907551444091455,-0.04886868387796935,-0.16141348407106348,1.5402121900136474,-0.07820282669475542,-1.8863064246527221,-0.19201682932324715,2.7664322125664755,0.8568685950331909,7.0,1.0,47.803001403808594,48.04600143432617,47.81800079345703,4.18,19.06,47.43,0.445,0.372,2.202,0,1,0
1777637023.0958729,3537.912,1.540134310722351,-0.07838231721986944,-1.8863752524005335,-0.1919797102557581,2.766515016555786,0.8570125699043274,0.002837864449247718,0.18469129502773285,-0.32232773303985596,0.20702989399433136,-0.05997864902019501,-0.4303008019924164,0.1281738430261612,6.404114246368408,-2.019871234893799,0.7895508408546448,0.0672912672162056,-0.5607605576515198,0.08524588192849565,-0.6625632585618699,1.024431187167464,-1.0111580010152776,-0.8746262719674788,1.059504542546222,-0.03698786565548872,-0.050848808082547846,-0.23286701556776138,0.46907551444091455,-0.04886868387796935,-0.16141348407106348,1.5402121900136474,-0.07820282669475542,-1.8863064246527221,-0.19201682932324715,2.7664322125664755,0.8568685950331909,7.0,1.0,47.803001403808594,48.04600143432617,47.81800079345703,3.68,19.8,47.3,0.472,0.354,2.169,0,0,1
1777637023.100651,3537.9199999999996,1.540122389793396,-0.07683736482729131,-1.888904873524801,-0.1904214064227503,2.76601243019104,0.8536558151245117,-0.000690291344653815,0.17659954726696014,-0.3097107410430908,0.19788353145122528,-0.05938423424959183,-0.42054083943367004,0.2243042290210724,5.900574207305908,-2.10506010055542,0.6931000351905823,-0.0269165076315403,-0.4598236680030823,0.08493628230582133,-0.663021970010285,1.0225615915770843,-1.0087424316688556,-0.8758106207626383,1.0562854778502082,-0.038480670117041656,-0.04902082722070157,-0.22452020592517163,0.4553285363233165,-0.047065633066939616,-0.16181667306661218,1.5402218579478995,-0.07673861598773257,-1.888815583653649,-0.19040889383561677,2.765966905252045,0.8535104083854307,7.0,1.0,47.83399963378906,48.04600143432617,47.81800079345703,3.68,19.8,47.3,0.472,0.354,2.169,0,1,0
1777637023.1010156,3537.928,1.5401103496551514,-0.07537633577455694,-1.8913868109332483,-0.18886310258974248,2.76554536819458,0.8504065871238708,0.0007414240390062332,0.17913061380386353,-0.30706462264060974,0.19554419815540314,-0.05746675655245781,-0.40786632895469666,0.6454468369483948,6.129456043243408,-1.865186333656311,0.7828217148780823,-0.1054229810833931,-0.4104767143726349,0.08463428027428423,-0.663419437061955,1.0207581909078538,-1.006425641791296,-0.8769631100577582,1.053180192161005,-0.03660816768433396,-0.04945158533902882,-0.22404718740885785,0.44631983564543126,-0.045912237315228296,-0.15564186882771416,1.540231268619829,-0.07531336771441666,-1.8912579742989264,-0.1888437452771763,2.7655139796974963,0.8502415825953726,7.0,1.0,47.83399963378906,48.04600143432617,47.81800079345703,3.68,19.8,47.3,0.472,0.354,2.169,0,1,0
1777637023.1055868,3537.9359999999997,1.5401463508605957,-0.07402354875673467,-1.8937371412860315,-0.18735295930971319,2.7651026248931885,0.8472053408622742,0.00501100393012166,0.1744391918182373,-0.2985893785953522,0.18967673182487488,-0.05453301966190338,-0.3962080776691437,-0.2563476860523224,5.918884754180908,-1.8517354726791382,0.912918210029602,-0.1323394924402237,-0.5091705918312073,0.08436571442207685,-0.6637986534862697,1.0190363567717258,-1.0041461566537941,-0.8781319058634939,1.0501716999855524,-0.0329851710865183,-0.047289765690690155,-0.2183321030599002,0.4333193771772972,-0.04567079943460416,-0.14634695875239703,1.5402404220294357,-0.0739270818748059,-1.893633596588554,-0.18732138364792572,2.76507343590283,0.8470621176630165,7.0,1.0,47.83399963378906,48.04600143432617,47.87900161743164,3.68,19.8,47.3,0.472,0.354,2.169,0,1,0
1777637023.1057603,3537.944,1.5401703119277954,-0.07271796861757451,-1.8960865179644983,-0.18604690233339483,2.7647435665130615,0.8440523743629456,0.001981391804292798,0.16734452545642853,-0.28835004568099976,0.18605269491672516,-0.0546288937330246,-0.38790538907051086,0.1419067531824112,5.708313465118408,-1.8562191724777222,0.6325379014015198,-0.0672912672162056,-0.5136566758155823,0.08408660619468328,-0.6640611433853114,1.0174021534125681,-1.0021296049462634,-0.8792349746838224,1.0473387521064481,-0.03420285258221985,-0.04650460813487163,-0.21211650874684498,0.4251089874206597,-0.04372198098775921,-0.14699115351579167,1.5402493181767198,-0.07257975846890208,-1.8959424505225337,-0.18584180894786506,2.7646452738680463,0.8439720135883627,7.0,1.0,47.83399963378906,48.07600021362305,47.87900161743164,3.68,19.8,47.3,0.472,0.354,2.169,0,1,0
1777637023.1126604,3537.9519999999998,1.5401582717895508,-0.07136470476259404,-1.8983405272113245,-0.184488598500387,2.76430082321167,0.8410431742668152,0.001981391804292798,0.1636246144771576,-0.27591201663017273,0.18146993219852448,-0.05495486408472061,-0.37651559710502625,0.1831054836511612,5.841064929962158,-2.107301950454712,0.877029538154602,0.0336456336081028,-0.4396362900733948,0.0838028955323882,-0.6644929222331943,1.01568906677579,-0.9998502830030355,-0.8803557143631581,1.0443715524629944,-0.03318080058210282,-0.04932756841184933,-0.20742576072464283,0.41865092921303493,-0.04099662208836477,-0.14381494304114903,1.5402579570616812,-0.07127139749670341,-1.8981845361008638,-0.1844050211769952,2.764229493593145,0.840971270371411,7.0,1.0,47.83399963378906,48.07600021362305,47.87900161743164,3.68,19.8,47.3,0.472,0.354,2.169,0,1,0
1777637023.1128957,3537.96,1.5401463508605957,-0.07011968294252569,-1.9004867712603968,-0.18313390413393194,2.763857841491699,0.8380939364433289,0.001252750982530415,0.1590098887681961,-0.26673370599746704,0.17314808070659637,-0.05313326045870781,-0.3642629086971283,0.2746582329273224,5.845642566680908,-2.1185109615325928,0.7222595810890198,0.1143951565027237,-0.3992615044116974,0.08352688731764657,-0.664838575424311,1.0141051970486943,-0.997770465270128,-0.8813523299633109,1.041564752830233,-0.03265830544732739,-0.04741078526265448,-0.20085752770803553,0.40345931962588333,-0.039680507752964694,-0.13992539892399186,1.54026633868432,-0.07000199895821169,-1.9003598533235442,-0.18301102033531436,2.7638260950781253,0.8380598880121612,7.0,1.0,47.83399963378906,48.07600021362305,47.87900161743164,3.68,19.8,47.3,0.472,0.354,2.169,0,1,0
1777637023.1189106,3537.968,1.5401582717895508,-0.06889802614320928,-1.9026806990252894,-0.18177873293031865,2.763451099395752,0.8351926207542419,0.00021731395099777728,0.15564791858196259,-0.25696736574172974,0.16781750321388245,-0.0499502494931221,-0.3516842722892761,0.4486084580421448,5.767822742462158,-2.111785650253296,0.8568421006202698,0.004486084450036287,-0.3790741264820099,0.08326884671557092,-0.6651092648744463,1.0125429831411723,-0.9957777221395634,-0.8823423559983395,1.0388605416529455,-0.032516464240259335,-0.04807924455469713,-0.19594513163871236,0.3927757151866602,-0.03955005507900344,-0.13546380021959864,1.540274463044636,-0.068771562853426,-1.9024684021905767,-0.18165980642282342,2.7634350783229884,0.8352378665106137,7.0,1.0,47.83399963378906,48.07600021362305,47.87900161743164,3.68,19.8,47.3,0.472,0.354,2.169,0,1,0
1777637023.1192365,3537.9759999999997,1.5401949882507324,-0.06765205064882451,-1.9047310988055628,-0.180460278187887,2.7630560398101807,0.8323991894721985,0.004307929426431656,0.14896231889724731,-0.25274890661239624,0.16323474049568176,-0.04814782366156578,-0.3402944803237915,0.1922607570886612,5.891418933868408,-2.0602238178253174,0.6437531113624573,-0.0471038855612278,-0.3902893364429474,0.08303336435231659,-0.6654828969473238,1.0109832425047394,-0.9937300642107672,-0.8833715947729948,1.0361981428912455,-0.028708065209291565,-0.04118269874942912,-0.18886521176572157,0.3751086821886425,-0.03826358675809474,-0.12701094282519879,1.5402823301426294,-0.06758008918234637,-1.9045101827019586,-0.18035137943952328,2.7630564433277343,0.8325052058667682,7.0,1.0,47.83399963378906,48.07600021362305,47.87900161743164,3.68,19.8,47.3,0.472,0.354,2.169,0,1,0
1777637023.1193972,3537.984,1.5401582717895508,-0.06650287309755498,-1.9067452589618128,-0.1791780630694788,2.7626852989196777,0.8297975063323975,0.0032085764687508345,0.1423662006855011,-0.24570538103580475,0.15861362218856812,-0.0455017052590847,-0.3321068584918976,0.0457763709127903,6.239319324493408,-1.773272156715393,0.8366547226905823,-0.0583190992474556,-0.4530945420265198,0.08276893562919826,-0.6657532945788982,1.0095262544349382,-0.9918975499075077,-0.8842548008538272,1.0336907930087977,-0.02886626067596643,-0.037928344298102344,-0.18255033704004306,0.36326088389858324,-0.03852674440927151,-0.12424046662648035,1.5402899399783,-0.06642757794497278,-1.9064851948576926,-0.17908573938541217,2.7626901900923615,0.8298619060806248,7.0,1.0,47.83399963378906,48.07600021362305,47.87900161743164,3.68,19.8,47.3,0.472,0.354,2.169,0,1,0
1777637023.1195073,3537.9919999999997,1.5401949882507324,-0.0653770605670374,-1.9086511770831507,-0.17794305482973272,2.7623140811920166,0.8271834254264832,-0.0033747577108442783,0.1393621563911438,-0.23894308507442474,0.1540692001581192,-0.04542500525712967,-0.3179366886615753,0.9063721895217896,6.239319324493408,-1.9077807664871216,0.5944061875343323,-0.011215210892260075,-0.3925323784351349,0.08254979360782952,-0.6660731584255998,1.008087668939311,-0.9900016532123724,-0.8852000673173999,1.0312139959203166,-0.031804309581634826,-0.03675212540996555,-0.17740399639651394,0.34933222915338674,-0.03535933721226451,-0.12652317388658457,1.5402972925516483,-0.06531402914130524,-1.908393438657777,-0.17786288626049096,2.762336318616872,0.8273079671521837,7.0,1.0,47.83399963378906,48.07600021362305,47.87900161743164,3.68,19.8,47.3,0.472,0.354,2.169,0,1,0
1777637023.119637,3538.0,1.5401949882507324,-0.06426364580263311,-1.9105218092547815,-0.17674476305116826,2.762014865875244,0.8246899843215942,0.0062637547962367535,0.13325180113315582,-0.22977754473686218,0.14634177088737488,-0.04494563862681389,-0.3080616891384125,-0.5905151963233948,5.667114734649658,-1.7956902980804443,0.8209534287452698,0.0852356031537056,-0.4082336723804474,0.08231080984075295,-0.6663773266868238,1.0066814713668495,-0.9882173792189718,-0.8861366660582534,1.0288243333202125,-0.024401469490932953,-0.033476367428722266,-0.17020108034553758,0.3354899946057133,-0.03339891107760443,-0.1136549569143658,1.5403043878626737,-0.06423944277134463,-1.9102349141022126,-0.17668282006476055,2.761994828901264,0.8248433890814446,7.0,1.0,47.89500045776367,48.07600021362305,47.87900161743164,3.68,19.8,47.3,0.472,0.354,2.169,0,1,0
1777637023.1197412,3538.008,1.5402549505233765,-0.0632699171649378,-1.912248436604635,-0.17556983629335576,2.7616560459136963,0.8223399519920349,-0.005023787263780832,0.1278700828552246,-0.21750569343566895,0.1432354599237442,-0.042395394295454025,-0.2963842749595642,0.3204346001148224,5.744934558868408,-1.7956902980804443,0.6145935654640198,0.1884155422449112,-0.3633728325366974,0.08213385145846272,-0.6666505451745969,1.0053804550589436,-0.9864682008430325,-0.8869873219253374,1.0265983113140127,-0.03109510457217255,-0.03633971052528072,-0.16467350632606065,0.32838647229155604,-0.03297825887412074,-0.12000831178672519,1.5403112259113763,-0.06320381883508919,-1.9120096211909985,-0.17554554079821916,2.7616657209455386,0.8224681718684075,7.0,1.0,47.89500045776367,48.07600021362305,47.87900161743164,3.68,19.8,47.3,0.472,0.354,2.169,0,1,0
1777637023.1199949,3538.0159999999996,1.5402429103851318,-0.06225186983217412,-1.9138549009906214,-0.17445546785463506,2.761284589767456,0.8200498223304749,0.01215679757297039,0.1211077868938446,-0.20689566433429718,0.13520123064517975,-0.04042039439082146,-0.28514784574508667,0.2563476860523224,5.854797840118408,-2.1409289836883545,0.899459958076477,0.1794433742761612,-0.4261780083179474,0.08191337302665365,-0.6670175729488209,1.0040833977875225,-0.984703659335693,-0.8877960873479775,1.0243143640485934,-0.018677056966105623,-0.0328051460589794,-0.15680035960457395,0.31373536779222544,-0.03197920039974832,-0.09835991713498474,1.5403178066977563,-0.062207157332539786,-1.9137175599241356,-0.17445104846086767,2.761348994749696,0.8201823155130725,7.0,1.0,47.89500045776367,48.12200164794922,47.90999984741211,3.68,19.8,47.3,0.472,0.354,2.169,0,1,0
1777637023.126823,3538.024,1.5402549505233765,-0.061198059712545216,-1.9154732863055628,-0.1734240690814417,2.7609972953796387,0.8178679347038269,0.002671683207154274,0.11754128336906433,-0.19992883503437042,0.13067598640918732,-0.03976845368742943,-0.273240327835083,-0.0869751051068306,5.809021472930908,-2.0310802459716797,0.7491760849952698,0.1166381984949112,-0.4957123398780823,0.08171129593750301,-0.667355673041505,1.002799961458806,-0.9830637551358004,-0.8886282724640239,1.0221846216439692,-0.023832125066661207,-0.03215231972085919,-0.15161533722863624,0.30156681437538346,-0.029789579379916394,-0.10387276155439731,1.5403241302218136,-0.06124945826369732,-1.915358730301624,-0.173399343052707,2.7610446503137354,0.8179858200154398,7.0,1.0,47.89500045776367,48.12200164794922,47.90999984741211,3.68,19.8,47.3,0.472,0.354,2.169,0,1,0
1777637023.1311913,3538.0319999999997,1.5402429103851318,-0.06031161943544561,-1.9169958273517054,-0.1723697821246546,2.7606863975524902,0.81570965051651,0.0009843043517321348,0.11269645392894745,-0.19291086494922638,0.12308278679847717,-0.036144424229860306,-0.26075756549835205,1.2496949434280396,5.831909656524658,-2.0691912174224854,0.7626343369483948,0.0022430422250181437,-0.5001984238624573,0.08149996116123553,-0.6676291414313777,1.0016201423877602,-0.9814772257650539,-0.8893892080770665,1.020077858430627,-0.023989681371525816,-0.028834089949240888,-0.14475151207143636,0.28450635733969576,-0.029857581765397163,-0.09978832116320777,1.5403301964835485,-0.0603307216285609,-1.9169331323234626,-0.1723904245737362,2.760752687637657,0.8158786853755091,7.0,1.0,47.89500045776367,48.12200164794922,47.90999984741211,3.68,19.8,47.3,0.472,0.354,2.169,0,1,0
1777637023.1366117,3538.04,1.5402429103851318,-0.05941373506654912,-1.9185426870929163,-0.1713507811175745,2.760399341583252,0.813707172870636,0.0031830102670937777,0.10916829854249954,-0.18728627264499664,0.11859589070081711,-0.034821365028619766,-0.25072917342185974,-0.5722046494483948,6.028748035430908,-2.024354934692383,0.8568421006202698,-0.0381317175924778,-0.4104767143726349,0.08131169941190414,-0.66784675783658,1.0004696206918637,-0.9800166853390676,-0.8900928185893101,1.0181418414927565,-0.021592634892415946,-0.026627757680423424,-0.13985849629915179,0.27279780004647947,-0.028633132876654768,-0.0938213554106116,1.5403360054829605,-0.05945094742712964,-1.9184407659896525,-0.17142429302395445,2.760473106721461,0.8138609115932806,7.0,1.0,47.89500045776367,48.12200164794922,47.90999984741211,3.68,19.8,47.3,0.472,0.354,2.169,0,1,0
1777637023.1441512,3538.048,1.5402549505233765,-0.05855113664735967,-1.9200175444232386,-0.17047530809511358,2.7601237297058105,0.8117773532867432,-0.0062637547962367535,0.10436183214187622,-0.1810225248336792,0.1168893352150917,-0.03232864663004875,-0.2402980923652649,1.2313843965530396,5.580139636993408,-1.8494937419891357,0.6931000351905823,-0.0740203931927681,-0.3297272026538849,0.0811383050784968,-0.6680317958561313,0.9993903487974316,-0.9786823926134015,-0.89073490571207,1.016336506281459,-0.02705069272684011,-0.02563122266263963,-0.13489027386620372,0.2628352059998349,-0.028351067360616787,-0.09871788702231345,1.5403415572200498,-0.058610135659405316,-1.9198816313001927,-0.1705009484033635,2.7602059075651475,0.8119324986687542,7.0,1.0,47.89500045776367,48.12200164794922,47.90999984741211,3.68,19.8,47.3,0.472,0.354,2.169,0,1,0
1777637023.1506426,3538.056,1.5402789115905762,-0.0577014128314417,-1.9214442412005823,-0.16960078874696904,2.7598726749420166,0.8099066615104675,0.010034791193902493,0.09875001758337021,-0.17318643629550934,0.10843326896429062,-0.03117815963923931,-0.22798790037631989,-0.8651733994483948,5.543518543243408,-1.6992924213409424,0.7491760849952698,-0.0448608435690403,-0.4643097519874573,0.08097576439219555,-0.6682316446866773,0.9983257347193096,-0.9773547213157154,-0.8913982488256073,1.0145756852118017,-0.014913332961522948,-0.020647436424805404,-0.12714575520223553,0.24519154826534797,-0.026360888140858293,-0.07802132931584249,1.5403468516948164,-0.05780828632538704,-1.921255728255085,-0.16962039071196156,2.759951090168716,0.8100934466019296,7.0,1.0,47.89500045776367,48.12200164794922,47.90999984741211,3.68,19.8,47.3,0.472,0.354,2.169,0,1,0
1777637023.157081,3538.064,1.5403028726577759,-0.05688697496523076,-1.9227870146380823,-0.16876155534853154,2.7596094608306885,0.8081921935081482,-0.00917831901460886,0.09332995116710663,-0.1628192812204361,0.10285341739654541,-0.03020024672150612,-0.21615707874298096,0.9475709199905396,5.749512195587158,-1.6522144079208374,0.9061890840530396,0.01345825381577015,-0.4463654160499573,0.080831035470151,-0.6684257693802005,0.9973182715153783,-0.9760954684329207,-0.8919905051489436,1.0129381640775426,-0.026623343719970206,-0.02183230305989128,-0.12052808117054184,0.2335925175574657,-0.024486165104730385,-0.09305984464000452,1.5403518889072605,-0.057045399425074805,-1.9225630568543277,-0.1687826199497504,2.7597086545321674,0.8083437553928075,7.0,1.0,47.89500045776367,48.12200164794922,47.90999984741211,3.68,19.8,47.3,0.472,0.354,2.169,0,1,0
1777637023.1664302,3538.0719999999997,1.5403028726577759,-0.056156460438863576,-1.9240697065936487,-0.16793424287904912,2.7593698501586914,0.8064896464347839,0.01182443555444479,0.08581344038248062,-0.15410116314888,0.10118521004915237,-0.02906893566250801,-0.2073175013065338,-0.4531860947608948,6.015015125274658,-1.737403154373169,0.7514191269874573,0.0785064771771431,-0.2153320610523224,0.08066971806570533,-0.6685924163896186,0.9963667811414261,-0.9748879029199734,-0.8925703550525894,1.0113129137089576,-0.011735352907201629,-0.01842961666136966,-0.11407359476025535,0.22492146260438317,-0.023411097590067067,-0.06871437589524788,1.5403566688573818,-0.05632147495846862,-1.9238036170979207,-0.16798763611672918,2.759478600655501,0.8066834250413875,7.0,1.0,47.89500045776367,48.12200164794922,47.90999984741211,3.68,19.8,47.3,0.472,0.354,2.169,0,1,0
1777637023.167025,3538.0719999999997,1.5403028726577759,-0.056156460438863576,-1.9240697065936487,-0.16793424287904912,2.7593698501586914,0.8064896464347839,0.01182443555444479,0.08581344038248062,-0.15410116314888,0.10118521004915237,-0.02906893566250801,-0.2073175013065338,-0.4531860947608948,6.015015125274658,-1.737403154373169,0.7514191269874573,0.0785064771771431,-0.2153320610523224,0.08066971806570533,-0.6685924163896186,0.9963667811414261,-0.9748879029199734,-0.8925703550525894,1.0113129137089576,-0.011735352907201629,-0.01842961666136966,-0.11407359476025535,0.22492146260438317,-0.023411097590067067,-0.06871437589524788,1.5403566688573818,-0.05632147495846862,-1.9238036170979207,-0.16798763611672918,2.759478600655501,0.8066834250413875,7.0,1.0,47.89500045776367,48.12200164794922,47.90999984741211,3.76,20.2,46.93,0.49,0.358,2.16,0,0,1
1777637023.1713798,3538.08,1.5403028726577759,-0.05549794832338506,-1.9251726309405726,-0.1671670118915003,2.759178638458252,0.804823100566864,-0.006238188594579697,0.08133932948112488,-0.14482057094573975,0.09265244007110596,-0.02876214124262333,-0.19450876116752625,-0.0366210974752903,5.964661121368408,-1.739645004272461,0.7469330430030823,0.1772003322839737,-0.4306641221046448,0.08050513077078779,-0.6688207453619797,0.9954736001680968,-0.9736751090560464,-0.8932044033252575,1.0096987397132804,-0.022469525675924668,-0.01833273083753526,-0.10694838760222067,0.20935119374164296,-0.020672577476626004,-0.0826539091027381,1.5403611915451803,-0.05563651292556848,-1.924977408985865,-0.16723543921289696,2.759260928538716,0.8051124555476693,7.0,1.0,47.92499923706055,48.12200164794922,47.90999984741211,3.76,20.2,46.93,0.49,0.358,2.16,0,1,0
1777637023.1810532,3538.0879999999997,1.5403028726577759,-0.05487519899477178,-1.926323715840475,-0.16648418108095342,2.7589271068573,0.8033366799354553,0.000945954816415906,0.07650729268789291,-0.13472186028957367,0.08891336619853973,-0.025655828416347504,-0.1818917691707611,0.9338380098342896,5.740356922149658,-1.775514006614685,0.8164673447608948,0.2041168361902237,-0.3342132866382599,0.08036975175217029,-0.6689118833629188,0.9946663971774177,-0.972678673284895,-0.893627984275212,1.0083201380014792,-0.01668069210745988,-0.018213704712624994,-0.10113716883316515,0.19914496706890977,-0.020474165009750786,-0.06986692892211782,1.5403654569706564,-0.05499051332637439,-1.9260844325181603,-0.16652602923825555,2.7590556381818145,0.8036308469116533,7.0,1.0,47.92499923706055,48.16699981689453,47.90999984741211,3.76,20.2,46.93,0.49,0.358,2.16,0,1,0
1777637023.1865141,3538.096,1.5402789115905762,-0.054276291524068654,-1.9273307959186,-0.1658247152911585,2.758699655532837,0.8019577860832214,0.003630421357229352,0.0702051892876625,-0.12698803842067719,0.08423472195863724,-0.024888839572668076,-0.16960075497627258,-0.4074096977710724,5.635071277618408,-1.7351614236831665,0.7222595810890198,0.2153320610523224,-0.4194488823413849,0.08022511663670329,-0.6690747827218301,0.9938918407927594,-0.9716757747601302,-0.8940614116405722,1.0069630418216466,-0.013583075635063346,-0.01493248223599665,-0.09387585616111661,0.1845229073706834,-0.018247231796949002,-0.06296037257109685,1.5403694651338096,-0.054383476160886346,-1.927124687694806,-0.16585940619280404,2.758862729584795,0.8022385991333396,7.0,1.0,47.92499923706055,48.16699981689453,47.939998626708984,3.76,20.2,46.93,0.49,0.358,2.16,0,1,0
1777637023.1938796,3538.104,1.5403149127960205,-0.05370170274843389,-1.9283135573016565,-0.16511756578554326,2.7585079669952393,0.800638735294342,-0.0034258905798196793,0.06763577461242676,-0.11784807592630386,0.08041894435882568,-0.022549517452716827,-0.1561208963394165,1.2084962129592896,5.781555652618408,-1.726194143295288,0.5742188096046448,0.1839294582605362,-0.5226288437843323,0.08012315911064653,-0.6692348509110534,0.993127278363926,-0.9706545998253708,-0.8945605093530637,1.0056863505253326,-0.01716594200129025,-0.0169184540016272,-0.08927458086339793,0.17477321216131736,-0.017227031645015305,-0.06455130980903305,1.5403732160346402,-0.053815401429105236,-1.928098174515803,-0.16523557007654244,2.758682202747657,0.8009357122127279,7.0,1.0,47.92499923706055,48.16699981689453,47.939998626708984,3.76,20.2,46.93,0.49,0.358,2.16,0,1,0
1777637023.200932,3538.1119999999996,1.5403388738632202,-0.05316287675966436,-1.9291771093951624,-0.164530102406637,2.7583165168762207,0.7994635701179504,0.007554855663329363,0.050161171704530716,-0.10976911336183548,0.07225050032138824,-0.019404856488108635,-0.1460925042629242,-0.7141113877296448,5.895996570587158,-1.9100226163864136,0.6616974472999573,0.1345825344324112,-0.6347809433937073,0.08002823723067139,-0.6693969858476793,0.9924401541083296,-0.9697445523271969,-0.8949778952187697,1.0045410067776102,-0.00869997476926103,-0.003104696727820995,-0.07410889073266133,0.1478819390710421,-0.017077005756257698,-0.04875170319691207,1.5403767096731482,-0.053286289131029285,-1.9290048929811512,-0.16465452088946986,2.758514057670402,0.7997221861498183,7.0,1.0,47.92499923706055,48.16699981689453,47.939998626708984,3.76,20.2,46.93,0.49,0.358,2.16,0,1,0
1777637023.2082026,3538.12,1.5403268337249756,-0.05267173448671514,-1.93004018465151,-0.16400272050966436,2.758209228515625,0.798264741897583,-0.007158576976507902,0.06433771550655365,-0.10220146924257278,0.06726505607366562,-0.018369419500231743,-0.13671603798866272,1.2863160371780396,5.644226551055908,-1.7598212957382202,0.8164673447608948,0.1143951565027237,-0.3588867485523224,0.07989928757710764,-0.669509612233331,0.9917925728127375,-0.9689493409107698,-0.8954193595082655,1.0034143426066058,-0.018124785019179666,-0.019331239011008625,-0.08092290134624253,0.15595158489935523,-0.0163425282047834,-0.05997645274109008,1.5403799460493333,-0.05279613926666027,-1.9298448430908497,-0.16411625863158807,2.75835829435303,0.7985980209446109,7.0,1.0,47.92499923706055,48.16699981689453,47.939998626708984,3.76,20.2,46.93,0.49,0.358,2.16,0,1,0
1777637023.214947,3538.1279999999997,1.5403388738632202,-0.052228752766744435,-1.9308436552630823,-0.16349918047060186,2.7580652236938477,0.7972697019577026,0.007158576976507902,0.05861084908246994,-0.09551586955785751,0.06109078601002693,-0.015915051102638245,-0.12584395706653595,-0.8514404892921448,5.419922351837158,-1.7530958652496338,0.7581482529640198,0.0650482252240181,-0.3947754204273224,0.07981332410131882,-0.6695776017269076,0.9912201622802579,-0.9682529136222191,-0.8957492907096724,1.0024827612683767,-0.0075369516538954014,-0.014698625646314332,-0.0738598703402441,0.14064471916935534,-0.015795876040234084,-0.04094142352081291,1.540382925163196,-0.05234495183599641,-1.9306180248448985,-0.1636207833028962,2.7582149127955393,0.7975632165971056,7.0,1.0,47.92499923706055,48.16699981689453,47.939998626708984,3.76,20.2,46.93,0.49,0.358,2.16,0,1,0
1777637023.2218006,3538.136,1.5403388738632202,-0.051821533833638966,-1.9316228071795862,-0.16301995912660772,2.757993698120117,0.7962865829467773,-0.007158576976507902,0.04846101254224777,-0.08906036615371704,0.057869426906108856,-0.01489878911525011,-0.11453084647655487,0.9933472871780396,5.383301258087158,-1.6634234189987183,0.6280518174171448,0.0538330152630806,-0.3207550346851349,0.07971357621817798,-0.6696279018801509,0.9906752665258394,-0.9676188312548176,-0.8961232145910393,1.0015801304480425,-0.01581768756427258,-0.009132416592524914,-0.06450839821094198,0.12326819913925341,-0.013874726438731316,-0.05117101573086617,1.540385647014736,-0.05193272683903949,-1.9313244382432995,-0.16316809490339423,2.7580839129979315,0.7966177731073022,7.0,1.0,47.92499923706055,48.16699981689453,47.939998626708984,3.76,20.2,46.93,0.49,0.358,2.16,0,1,0
1777637023.2316442,3538.144,1.540374755859375,-0.051426235829488576,-1.9322698752032679,-0.16255265871156865,2.7578020095825195,0.7954713106155396,0.007158576976507902,0.04304094612598419,-0.07912784069776535,0.05271141603589058,-0.013345632702112198,-0.10580632835626602,-0.4531860947608948,5.625916004180908,-1.4952876567840576,0.5450592637062073,0.0448608435690403,-0.4553375840187073,0.07966657009076084,-0.6697326902699665,0.9901718560609172,-0.966935072218869,-0.8963784684405888,1.0007756249025255,-0.005466537980500394,-0.008210140494034287,-0.05845406252447835,0.11453137020913702,-0.013184955014583732,-0.03328184577229197,1.540388111603953,-0.05155946427578861,-1.9319640832860507,-0.16275819343308218,2.757965294960206,0.7957616904752011,7.0,1.0,47.92499923706055,48.16699981689453,47.939998626708984,3.76,20.2,46.93,0.49,0.358,2.16,0,1,0
1777637023.236323,3538.152,1.5403149127960205,-0.05106717744936162,-1.9328935782061976,-0.1621926466571253,2.7577061653137207,0.7946436405181885,-0.007746603339910507,0.040458742529153824,-0.07069095224142075,0.04427452012896538,-0.01131310872733593,-0.09261409193277359,0.2059936672449112,5.529785633087158,-1.46614408493042,0.5966492295265198,0.0291595496237278,-0.4889832139015198,0.07954520402265738,-0.6698055608662836,0.9897142923102504,-0.9664081385365956,-0.8966261765043927,0.9999572758320484,-0.014240965148904015,-0.008925026879355669,-0.05245600320113483,0.09972947389487864,-0.011854298201009764,-0.042961459472096064,1.5403903189308477,-0.051225164146243785,-1.9325369599731523,-0.16239107889196003,2.7578590586823624,0.794994968700802,7.0,1.0,47.92499923706055,48.16699981689453,47.939998626708984,3.76,20.2,46.93,0.49,0.358,2.16,0,1,0
1777637023.2437406,3538.16,1.5403149127960205,-0.05083972612489873,-1.93339711824526,-0.1618574301349085,2.7576701641082764,0.7939841151237488,0.006634467281401157,0.03534547612071037,-0.060259878635406494,0.039154861122369766,-0.010239321738481522,-0.08452234417200089,0.5081177353858948,5.708313465118408,-1.551332950592041,0.6684265732765198,0.0291595496237278,-0.3678589165210724,0.07947758004711958,-0.66981982690311,0.9893731103726437,-0.965996898866193,-0.896882546727002,0.9993603302067923,-0.0038804172462553084,-0.008826711411238046,-0.0467219819392524,0.09243736342018416,-0.010932783862319743,-0.025447380323970686,1.5403922689954195,-0.050929826450405,-1.933043068304606,-0.1620667512800278,2.7577652041644014,0.7943176077841051,7.0,1.0,47.95500183105469,48.18299865722656,47.939998626708984,3.76,20.2,46.93,0.49,0.358,2.16,0,1,0
1777637023.250746,3538.1679999999997,1.5403149127960205,-0.05055219331850225,-1.933817211781637,-0.161569897328512,2.7575862407684326,0.7934208512306213,-0.0012016183463856578,0.029708094894886017,-0.052078649401664734,0.03311480954289436,-0.007880826480686665,-0.0716177299618721,-0.3112793266773224,5.603027820587158,-1.5356402397155762,0.7357178330421448,0.02467346377670765,-0.2781372368335724,0.0794225975516364,-0.6699191560565566,0.989021279439138,-0.9655433719999719,-0.8970954834351648,0.9987864908841703,-0.007912861948496889,-0.006957232877091535,-0.039409152326210437,0.07698289265273592,-0.009891284462343927,-0.027962667885166166,1.5403939617976687,-0.05067345118827227,-1.93348240828041,-0.16178521059728546,2.7576837314063227,0.7937296077251101,7.0,1.0,47.95500183105469,48.18299865722656,48.01499938964844,3.76,20.2,46.93,0.49,0.358,2.16,0,1,0
1777637023.2576814,3538.176,1.5403388738632202,-0.050336662922994435,-1.9342244307147425,-0.16137725511659795,2.7575387954711914,0.7928931713104248,0.0009843043517321348,0.025195635855197906,-0.04352670535445213,0.02839781902730465,-0.0070946612395346165,-0.060937389731407166,0.9979249238967896,5.790710926055908,-1.4706276655197144,0.7514191269874573,0.02018737979233265,-0.3611297905445099,0.07938618271810594,-0.6699299650154351,0.98874851870576,-0.9652384876522186,-0.8972747564281256,0.9983516014925833,-0.005368568193400803,-0.006386372638454112,-0.033572989370802164,0.06643461487644664,-0.008115307760361373,-0.021996361305491728,1.5403953973375952,-0.05045603835984558,-1.9338549799005644,-0.16154645684373303,2.7576146404081263,0.7932309685238177,7.0,1.0,47.95500183105469,48.18299865722656,48.01499938964844,3.76,20.2,46.93,0.49,0.358,2.16,0,1,0
1777637023.2649224,3538.1839999999997,1.54036283493042,-0.0501330534564417,-1.934523884450094,-0.1611855665790003,2.757490873336792,0.7925093173980713,0.0036815539933741093,0.020798223093152046,-0.03390097618103027,0.020555343478918076,-0.006231796927750111,-0.04876141622662544,-0.7003784775733948,5.735779285430908,-1.5670255422592163,0.7289887070655823,0.0605621412396431,-0.4216919243335724,0.07936392428718486,-0.6699902460283733,0.988504972587549,-0.9649315911132832,-0.8974379723517212,0.997987325623822,-0.0023246086656106557,-0.005508214814395362,-0.026698975313036565,0.05256917807419166,-0.006018290015733147,-0.015012673181643935,1.5403965756151992,-0.05027758796512494,-1.93416078316507,-0.16135049001937052,2.757557931169812,0.792821690180227,7.0,1.0,47.95500183105469,48.18299865722656,48.01499938964844,3.76,20.2,46.93,0.49,0.358,2.16,0,1,0
1777637023.2720113,3538.192,1.5403867959976196,-0.050025288258687794,-1.9347642103778284,-0.16103011766542608,2.7574667930603027,0.7921378016471863,-0.0041800979524850845,0.015301458537578583,-0.02515728585422039,0.014457769691944122,-0.0032980588730424643,-0.037946850061416626,1.1215211153030396,5.767822742462158,-1.5625419616699219,0.6841278672218323,0.0717773512005806,-0.4396362900733948,0.07934197482295245,-0.670004194461806,0.9883334542513539,-0.964698652229997,-0.897587251411256,0.9976765281806074,-0.006684430260471946,-0.004673986019966436,-0.019902632751341572,0.039677940996520035,-0.005954217916509009,-0.017884433497124288,1.5403974966304803,-0.05013810000411034,-1.9343998180739268,-0.1611973101241979,2.7575136036913808,0.7925017726943384,7.0,1.0,47.95500183105469,48.18299865722656,48.01499938964844,3.76,20.2,46.93,0.49,0.358,2.16,0,1,0
1777637023.2811134,3538.2,1.54036283493042,-0.049941364918844044,-1.9349082151996058,-0.1609104315387171,2.7574667930603027,0.7918741703033447,0.005573463626205921,0.009050486609339714,-0.015416507609188557,0.011543205939233303,-0.0027228158432990313,-0.02414102293550968,-0.9201050996780396,5.630493640899658,-1.5221893787384033,0.6235657334327698,0.1143951565027237,-0.3768310844898224,0.07929630821268042,-0.6700491398241251,0.9882016788585045,-0.9645175945479132,-0.8977065855498662,0.997400028568611,0.001314972810496216,-0.002916723804627664,-0.0128772210042438,0.027504995383832224,-0.0033187800188999943,-0.00347731255529811,1.5403981603834387,-0.050037574476801794,-1.9345720846271348,-0.16108691715821521,2.757481657972831,0.7922712160661521,7.0,1.0,47.95500183105469,48.18299865722656,48.01499938964844,3.76,20.2,46.93,0.49,0.358,2.16,0,1,0
1777637023.3250158,3538.2079999999996,1.5403867959976196,-0.04990560213197881,-1.9349678198443812,-0.16083842912782842,2.757514715194702,0.7917659282684326,-0.008360195904970169,0.006762298755347729,-0.007529288996011019,0.006442719604820013,0.001898301299661398,-0.011830827221274376,0.8422852158546448,5.433655261993408,-1.3361190557479858,0.6213226914405823,0.1368255764245987,-0.2983246147632599,0.07929510740607035,-0.6700741554042897,0.9881376437614982,-0.9644257816443842,-0.8978326547557458,0.9973087774358013,-0.0071859432414599885,-0.004673745846316512,-0.008262003389101595,0.016544921118744758,-0.004429177240762436,-0.01103592545500876,1.5403985668740745,-0.04997601138320018,-1.9346775828246923,-0.16101931112142331,2.757462094014164,0.7921300202956678,7.0,1.0,47.95500183105469,48.18299865722656,48.01499938964844,3.76,20.2,46.93,0.49,0.358,2.16,0,1,0
1777637023.3679054,3538.216,1.5403507947921753,-0.049857441579000294,-1.9350040594684046,-0.16081411043276006,2.757490873336792,0.7917060256004333,0.008436894975602627,0.002032524673268199,-0.005023787263780832,0.0044293696992099285,0.001898301299661398,-0.005062136799097061,-0.2517700493335724,5.154419422149658,-1.1657414436340332,0.5226288437843323,0.1233673244714737,-0.2557068169116974,0.07926604308045145,-0.6701072421955003,0.9880905629915863,-0.9643698809215798,-0.8978291367473132,0.9972044403784078,0.00491776136531844,0.0006400073810302889,-0.0033959380001213207,0.006065086917925959,-0.0027705774564121613,0.007879241051150423,1.540398716102388,-0.049953410723304614,-1.9347163126666018,-0.16099449201382043,2.7574549118153793,0.7920781853828857,7.0,1.0,47.95500183105469,48.18299865722656,48.01499938964844,3.76,20.2,46.93,0.49,0.358,2.16,0,1,0
1777637023.3679845,3538.2239999999997,1.5403987169265747,-0.04988128343691045,-1.9348958174334925,-0.1609104315387171,2.757514715194702,0.7918022274971008,0.0025566346012055874,-0.007452589925378561,0.016030099242925644,-0.012386894784867764,0.001898301299661398,0.02118811011314392,0.004577637184411287,5.099487781524658,-1.0177819728851318,0.5158997178077698,0.1435547024011612,-0.1390686184167862,0.07930539452168006,-0.6701243674286546,0.9881448074962489,-0.9644208411058739,-0.8978358468568673,0.997336414261569,0.0038309686067869637,0.001362435340891044,0.011506499780888997,-0.023396214409198993,0.0032930171908719646,0.010236753037905905,1.540444346462458,-0.049933626626131655,-1.93473069553181,-0.16102996120378332,2.757422201200189,0.7920568760253552,7.0,1.0,47.95500183105469,48.18299865722656,48.01499938964844,3.76,20.2,46.93,0.49,0.358,2.16,0,1,0
1777637023.3681226,3538.232,1.5404226779937744,-0.04991752306093389,-1.9348004500018519,-0.16104251543153936,2.7574307918548584,0.7917299866676331,0.023725569248199463,0.016809873282909393,-0.012297413311898708,-0.024275247007608414,-0.02310558594763279,-0.023661654442548752,1.5197755098342896,5.749512195587158,-1.7127432823181152,0.3790741264820099,0.02018737979233265,-0.1570129543542862,0.07932146627884533,-0.6701419078966201,0.9881922900359208,-0.9644087116402708,-0.8977628962206158,0.9973237988460383,0.015599634124377069,0.0009871904972521073,-0.006820210943248119,0.002582185884148089,0.014462642395394885,0.0036737709454811645,1.540597467473394,-0.04986765956454153,-1.9347782208253328,-0.16114942386802777,2.7573125615521894,0.7919863613277319,7.0,1.0,47.95500183105469,48.25899887084961,48.01499938964844,3.76,20.2,46.93,0.49,0.358,2.16,0,1,0
1777637023.3681753,3538.232,1.5404226779937744,-0.04991752306093389,-1.9348004500018519,-0.16104251543153936,2.7574307918548584,0.7917299866676331,0.023725569248199463,0.016809873282909393,-0.012297413311898708,-0.024275247007608414,-0.02310558594763279,-0.023661654442548752,1.5197755098342896,5.749512195587158,-1.7127432823181152,0.3790741264820099,0.02018737979233265,-0.1570129543542862,0.07932146627884533,-0.6701419078966201,0.9881922900359208,-0.9644087116402708,-0.8977628962206158,0.9973237988460383,0.015599634124377069,0.0009871904972521073,-0.006820210943248119,0.002582185884148089,0.014462642395394885,0.0036737709454811645,1.540597467473394,-0.04986765956454153,-1.9347782208253328,-0.16114942386802777,2.7573125615521894,0.7919863613277319,7.0,1.0,47.95500183105469,48.25899887084961,48.01499938964844,4.34,19.63,46.68,0.485,0.345,2.194,0,0,1
1777637023.371207,3538.24,1.5405908823013306,-0.04983359972109014,-1.934836212788717,-0.16122180620302373,2.7572875022888184,0.7917180061340332,0.03567783907055855,0.010034791193902493,-0.00501100393012166,-0.028416994959115982,-0.024582043290138245,-0.008321845903992653,1.3687134981155396,6.605530261993408,-1.8876044750213623,0.5091705918312073,-0.008972168900072575,-0.4396362900733948,0.07944742580942549,-0.6701140093975271,0.9881948671592495,-0.964406633119112,-0.8976614833881683,0.9975077069239101,0.02553748200916999,0.006159013317538422,0.0014425403182325648,-0.015167742848324409,0.019279146875744446,0.019628666552810536,1.5408584323747567,-0.049755246614298976,-1.9348591410383378,-0.1613529430069578,2.7571256865829517,0.7918662996698138,7.0,1.0,47.95500183105469,48.25899887084961,48.01499938964844,4.34,19.63,46.68,0.485,0.345,2.194,0,1,0
1777637023.3733492,3538.248,1.5409024953842163,-0.04972583452333623,-1.934932057057516,-0.16149789491762334,2.757000207901001,0.7915621995925903,0.04921521618962288,0.020376378670334816,-0.030193855985999107,-0.03689223900437355,-0.03142743185162544,-0.023182285949587822,1.7349244356155396,6.120300769805908,-1.966067910194397,0.4844971299171448,0.1278534084558487,-0.1749572902917862,0.07966932701746095,-0.6700403309285892,0.988193123723451,-0.9643424561535556,-0.8974961726300978,0.9977437589547684,0.033991139915713876,0.019031844044427513,-0.004066475039944916,-0.0246268560596011,0.02224739488737232,0.024677844948296987,1.5412272526854949,-0.04959640626395512,-1.9349733389161399,-0.16164040019241632,2.7568615437359756,0.7916968681788475,7.0,1.0,47.95500183105469,48.25899887084961,48.01499938964844,4.34,19.63,46.68,0.485,0.345,2.194,0,1,0
1777637023.3756933,3538.256,1.5413585901260376,-0.04951030412782842,-1.9351838270770472,-0.16183311143984014,2.756736993789673,0.7913225293159485,0.0628676488995552,0.02743268944323063,-0.019711652770638466,-0.040957286953926086,-0.04066966474056244,-0.030948063358664513,1.5884400606155396,6.019592761993408,-1.7530958652496338,0.3454284965991974,0.1570129543542862,-0.2041168361902237,0.07997719325676249,-0.6699180481514633,0.9881279808826975,-0.9642774848924314,-0.8974216631648811,0.9980919783579549,0.04279471562114261,0.005348539458979356,-0.009170930729322648,-0.003810973184412432,0.027813114720223037,0.03088855508641002,1.541703944527476,-0.049391164603225235,-1.9351206488718358,-0.16201162835972305,2.756520087159855,0.7914783167986569,7.0,1.0,47.95500183105469,48.25899887084961,48.01499938964844,4.34,19.63,46.68,0.485,0.345,2.194,0,1,0
1777637023.3757546,3538.2639999999997,1.5419461727142334,-0.04928285280336553,-1.935399357472555,-0.16214496294130498,2.756282329559326,0.7910468578338623,0.07652007788419724,0.03401602432131767,-0.0290050208568573,-0.048166997730731964,-0.05085146427154541,-0.035780102014541626,1.4144898653030396,5.891418933868408,-1.5916855335235596,0.1839294582605362,0.2803802788257599,-0.1547699123620987,0.08038725375774572,-0.6698336887463963,0.9880495551511267,-0.9640287329708898,-0.8972771326559041,0.9984566139680259,0.05251285226384634,0.010079669638775247,-0.011357754335458225,-0.00907994927489926,0.03546842493325341,0.037414270187620544,1.54228852846404,-0.04913955528342928,-1.9353008571104624,-0.16246641211709445,2.756101257871195,0.7912109679019681,7.0,1.0,47.95500183105469,48.25899887084961,48.01499938964844,4.34,19.63,46.68,0.485,0.345,2.194,0,1,0
1777637023.3770072,3538.272,1.5426543951034546,-0.048971001301900685,-1.9355910460101526,-0.162576977406637,2.7558631896972656,0.7907353043556213,0.09212832897901535,0.04135356470942497,-0.02725372649729252,-0.061359234154224396,-0.059671852737665176,-0.04086141288280487,1.2954713106155396,5.786133289337158,-1.6544561386108398,0.1256103664636612,0.2130890041589737,-0.1996307522058487,0.08086847531765931,-0.6698031644259226,0.9879391576471658,-0.9637381989154785,-0.897244948669289,0.9989039086991223,0.06314800328423818,0.006925403428069465,-0.013074196943995423,-0.008348433761627985,0.041734764875940036,0.04657960659796688,1.5429810292913049,-0.04884161946698651,-1.9355137017886435,-0.16300448814437019,2.7556049839651995,0.790895215790942,7.0,1.0,47.95500183105469,48.25899887084961,48.01499938964844,4.34,19.63,46.68,0.485,0.345,2.194,0,1,0
1777637023.378142,3538.2799999999997,1.5434705018997192,-0.048683945332662404,-1.9358075300799769,-0.1631401220904749,2.755276679992676,0.7904353141784668,0.10739143937826157,0.046786416321992874,-0.031446605920791626,-0.07564442604780197,-0.07136845588684082,-0.044811416417360306,1.3778687715530396,5.722046375274658,-1.7665467262268066,0.1727142482995987,0.0403747595846653,-0.2871094048023224,0.08144221792052012,-0.6696735862791497,0.9878951392148265,-0.9635145461004538,-0.8970217149014643,0.9995274439461916,0.07414321262404541,0.010999402729381401,-0.012515645367560103,-0.017561532924539366,0.050876446895348884,0.05413979772675033,1.5437814757821926,-0.04849740576644557,-1.9357588732091005,-0.16362554568007237,2.7550311808739503,0.790531526087136,7.0,1.0,47.95500183105469,48.25899887084961,48.01499938964844,4.34,19.63,46.68,0.485,0.345,2.194,0,1,0
1777637023.3781996,3538.288,1.5444422960281372,-0.048301045094625294,-1.936070744191305,-0.16389495531191045,2.75470232963562,0.7900398373603821,0.1208137720823288,0.05152897164225578,-0.03244369477033615,-0.0888366624712944,-0.07840559631586075,-0.049317482858896255,0.9933472871780396,5.928040027618408,-1.9189897775650024,0.4082336723804474,-0.0493469275534153,-0.4261780083179474,0.08210776143603699,-0.669535213367894,0.9878258389703833,-0.9633063994726885,-0.8968731260110725,1.000279896313212,0.0832968072291841,0.01230633559855304,-0.012341532963534123,-0.022778185677999586,0.055868492106047773,0.06222135148367754,1.5446899003831385,-0.048106970173647845,-1.9360360140492938,-0.16432922709569464,2.7543797516724022,0.7901204350123557,7.0,1.0,47.95500183105469,48.25899887084961,48.01499938964844,4.34,19.63,46.68,0.485,0.345,2.194,0,1,0
1777637023.3782542,3538.296,1.5454021692276,-0.04785758653749639,-1.936298672352926,-0.1646502653705042,2.753948450088501,0.7896559834480286,0.1321396678686142,0.056706156581640244,-0.03814499080181122,-0.09792549908161163,-0.09292089194059372,-0.05487816408276558,1.0757447481155396,6.262207508087158,-1.8539773225784302,0.2018737941980362,0.0807495191693306,-0.4127197563648224,0.08278266743414484,-0.6694700012916857,0.9877259102705525,-0.9629770222240419,-0.8965772031105322,1.0009557259560706,0.09175179546571118,0.01576141925857999,-0.013172624256604584,-0.02706791466537864,0.06688627172782896,0.06377001628669002,1.5457063388634515,-0.047670375979701696,-1.9363447196232944,-0.16511512855585408,2.7536505874321193,0.78966254856214,7.0,1.0,47.95500183105469,48.25899887084961,48.01499938964844,4.34,19.63,46.68,0.485,0.345,2.194,0,1,0
1777637023.3782828,3538.3039999999996,1.5465061664581299,-0.04740268388857061,-1.9366582075702112,-0.16540557542909795,2.7531344890594482,0.7891286611557007,0.14478223025798798,0.062126222997903824,-0.04218447208404541,-0.10622817277908325,-0.0996704027056694,-0.0634109303355217,1.4144898653030396,6.376648426055908,-1.867428183555603,0.1031799390912056,0.1368255764245987,-0.3611297905445099,0.08354589703559744,-0.6693197502529946,0.9876018235841799,-0.9626016826715833,-0.8963062000234426,1.0016881555482697,0.09989057321690278,0.016679376871174073,-0.015451484758718024,-0.026096976027968552,0.07063843841472607,0.06992287827691025,1.5468308299173035,-0.047187693686581156,-1.9366845381758893,-0.16598280076279792,2.7528435676227576,0.78915854157384,7.0,1.0,47.95500183105469,48.198001861572266,48.01499938964844,4.34,19.63,46.68,0.485,0.345,2.194,0,1,0
1777637023.380709,3538.312,1.5476818084716797,-0.04689962068666631,-1.9370177427874964,-0.16635257402528936,2.752224922180176,0.7886009812355042,0.1595340073108673,0.06916975229978561,-0.04659466817975044,-0.11984225362539291,-0.10682258754968643,-0.06931675970554352,1.2771607637405396,6.349182605743408,-1.7934484481811523,0.2601929008960724,-0.0605621412396431,-0.1794433742761612,0.08436630482201608,-0.6691417432303548,0.9875051360037466,-0.9622926568573515,-0.8959168573384245,1.0025444225135791,0.10976619600985714,0.018908218191650478,-0.01677035009817339,-0.03162179546999422,0.07535143421661841,0.07874813120746577,1.548063414718318,-0.04665900091122932,-1.9370549712078189,-0.166931749783493,2.7519585605613126,0.788609156691545,7.0,1.0,47.95500183105469,48.198001861572266,48.029998779296875,4.34,19.63,46.68,0.485,0.345,2.194,0,1,0
1777637023.3874831,3538.3199999999997,1.5489776134490967,-0.04631263414491826,-1.93742543855776,-0.16737062135805303,2.751315116882324,0.787977397441864,0.17016960680484772,0.07269790768623352,-0.04933026805520058,-0.1300240457057953,-0.11892186105251312,-0.07399539649486542,1.4099122285842896,6.051636219024658,-1.7598212957382202,0.1951446682214737,0.0717773512005806,-0.2512207329273224,0.0852552432736242,-0.6689819684298612,0.9873572814038369,-0.9619201444918595,-0.8956175005669247,1.00343905762313,0.11754152107035667,0.02182194833271317,-0.016327013836201082,-0.03663721624588459,0.0844276395601361,0.08112832279380995,1.5494041364267526,-0.04608438228319578,-1.9374554738308785,-0.1679614379573584,2.750995423909118,0.7880152032303236,7.0,1.0,47.95500183105469,48.198001861572266,48.029998779296875,4.34,19.63,46.68,0.485,0.345,2.194,0,1,0
1777637023.3966985,3538.328,1.5504411458969116,-0.04572612444032842,-1.9378331343280237,-0.16849786440004522,2.7502501010894775,0.7874377369880676,0.18423110246658325,0.07767055928707123,-0.05221926420927048,-0.14352308213710785,-0.12756967544555664,-0.07863569259643555,1.7120362520217896,6.166077136993408,-1.8427683115005493,0.2758941948413849,0.0717773512005806,-0.3813171684741974,0.08628156965035091,-0.6687498944339698,0.9872645709162415,-0.9615787841276572,-0.8951751900906867,1.0045840116481055,0.12722555768465277,0.024889436625280942,-0.01607790364460971,-0.043809215072151284,0.09059636398687482,0.08879169394327692,1.5508530396492801,-0.045463929336886366,-1.937885455151581,-0.16907128488249157,2.7499540052165776,0.7873775559424856,7.0,1.0,47.95500183105469,48.198001861572266,48.029998779296875,4.34,19.63,46.68,0.485,0.345,2.194,0,1,0
1777637023.4017277,3538.336,1.5519649982452393,-0.045031372700826466,-1.938288990651266,-0.1696847120868128,2.749077558517456,0.7867782711982727,0.1997498720884323,0.08445842564105988,-0.05359984561800957,-0.1498507559299469,-0.13623666763305664,-0.08300753682851791,1.3549805879592896,6.344604969024658,-1.8965717554092407,0.2669220268726349,-0.0740203931927681,-0.3970184624195099,0.08734389943102584,-0.6685660435100033,0.9871023218531114,-0.9611224520471833,-0.8947079110826077,1.0056618633613068,0.13782821360457959,0.023169125439324357,-0.019114938841795298,-0.04076599829649488,0.0966390292316914,0.09798285198828904,1.5524101698513997,-0.04479774039964024,-1.9383442786819343,-0.1702606684780541,2.748834142515578,0.7866971536888006,7.0,1.0,47.95500183105469,48.198001861572266,48.029998779296875,4.34,19.63,46.68,0.485,0.345,2.194,0,1,0
1777637023.409017,3538.344,1.5536210536956787,-0.04431325594057256,-1.9387081305133265,-0.17093116441835576,2.7479405403137207,0.7860348224639893,0.2129676640033722,0.09201328456401825,-0.0582401379942894,-0.16139395534992218,-0.14919881522655487,-0.08998715132474899,1.3320924043655396,6.280518054962158,-2.0647075176239014,0.2332763969898224,0.0874786451458931,-0.2489776909351349,0.08848011974457536,-0.6684188470173245,0.9869216497041241,-0.9605862619381096,-0.8943838073385263,1.006784023248186,0.14708078859580692,0.024572390946611445,-0.021264416547716616,-0.04301397108603697,0.10577565310378732,0.10163794499874074,1.5540755727225264,-0.04408592047693194,-1.9388312627758024,-0.17152892612024928,2.747635664959518,0.7859749980178291,7.0,1.0,47.95500183105469,48.198001861572266,48.029998779296875,4.34,19.63,46.68,0.485,0.345,2.194,0,1,0
1777637023.4161444,3538.352,1.5554089546203613,-0.043570820485250294,-1.9392121473895472,-0.1723578611956995,2.7467551231384277,0.7853153944015503,0.22577640414237976,0.09676862508058548,-0.06275259703397751,-0.16848862171173096,-0.15893958508968353,-0.09464661777019501,1.4053345918655396,6.335449695587158,-2.100576400756836,0.2803802788257599,-0.0964508131146431,-0.3521576225757599,0.08971250975392786,-0.6681454882523992,0.9867874408271979,-0.9602048791930159,-0.8939692754334395,1.008159154058226,0.15598266951432715,0.02730488584309005,-0.02256367144605404,-0.04570823213768657,0.1126655601316371,0.10734935544716939,1.5558492934938555,-0.0433285811360804,-1.9393456810892697,-0.1728753558492011,2.746358393510836,0.7852121516567183,7.0,1.0,47.95500183105469,48.198001861572266,48.029998779296875,4.34,19.63,46.68,0.485,0.345,2.194,0,1,0
1777637023.4231431,3538.3599999999997,1.5573407411575317,-0.042708698903219044,-1.9396913687335413,-0.1737120787249964,2.745415210723877,0.7845720052719116,0.24184486269950867,0.10441295802593231,-0.06749515980482101,-0.18125900626182556,-0.1663793921470642,-0.09673666208982468,1.1672974824905396,6.047058582305908,-2.1364455223083496,0.2220611870288849,0.1457977443933487,-0.5450592637062073,0.0910510273119916,-0.6680015458241173,0.9865548419013763,-0.959535910263877,-0.893586074803567,1.0094970056866293,0.16711064568915768,0.030314889254628295,-0.02380854365929632,-0.053857694063231515,0.11819527183410151,0.11838755052459497,1.5577313762091243,-0.04252584038995266,-1.9398867630633099,-0.1742992176437772,2.7450021416758976,0.7844097369170213,7.0,1.0,47.95500183105469,48.198001861572266,48.029998779296875,4.34,19.63,46.68,0.485,0.345,2.194,0,1,0
1777637023.432443,3538.368,1.5593926906585693,-0.041906181965963185,-1.940230671559469,-0.17523414293398076,2.7440624237060547,0.783744752407074,0.253477543592453,0.10881037265062332,-0.07011570781469345,-0.187950998544693,-0.1782485693693161,-0.1062856987118721,1.3275147676467896,5.827332019805908,-2.0355639457702637,0.0740203931927681,-0.1076660305261612,-0.4351502060890198,0.09246216811887732,-0.6677068270323843,0.9863976535970733,-0.9590191357664409,-0.893164060742362,1.0110157561553614,0.17482526754523217,0.030762136999092207,-0.0258961687667036,-0.05019204748575622,0.12566496267326635,0.12011986454916108,1.5597218629484513,-0.04167782258222541,-1.9404536944270534,-0.17579973476128696,2.743566716287036,0.7835689340192736,7.0,1.0,47.95500183105469,48.198001861572266,48.029998779296875,4.34,19.63,46.68,0.485,0.345,2.194,0,1,0
1777637023.4384527,3538.3759999999997,1.5614681243896484,-0.040972534810201466,-1.9408062140094202,-0.176828686391012,2.742518901824951,0.7828934788703918,0.2654426097869873,0.11484403163194656,-0.07359272986650467,-0.1984395980834961,-0.1885262429714203,-0.10994807630777359,1.1718751192092896,6.321716785430908,-2.0445311069488525,0.1682281643152237,0.1188812404870987,-0.3140259087085724,0.09390330098953899,-0.6674644657133278,0.9861807291473912,-0.9584119710063984,-0.892584184080078,1.012492960405772,0.18326100190283676,0.03293520586994953,-0.026944639456599237,-0.055026536939519366,0.13307560399201657,0.12489264293242522,1.5618207930054757,-0.04078465827585642,-1.941045617719836,-0.1773760951387402,2.742051918331508,0.782690979340256,7.0,1.0,47.95500183105469,48.16699981689453,48.029998779296875,4.34,19.63,46.68,0.485,0.345,2.194,0,1,0
1777637023.4481876,3538.384,1.56358003616333,-0.040073696766988576,-1.9414179960833948,-0.17848283449281865,2.7409987449645996,0.781994640827179,0.28037333488464355,0.12132509797811508,-0.07751716673374176,-0.20683814585208893,-0.20131580531597137,-0.11395560204982758,1.3000489473342896,5.941772937774658,-2.096092939376831,0.1031799390912056,0.0358886756002903,-0.5158997178077698,0.09536021692873624,-0.6671466495431265,0.9859954255279363,-0.9578871392722375,-0.8920094466186372,1.0140313412190032,0.1938491578353649,0.03480460917139896,-0.02879815784919873,-0.05748552025221508,0.14243195699506972,0.13108393833775817,1.5640282020181084,-0.039846484146494277,-1.9416616328302263,-0.17902745285227084,2.740457543827039,0.7817771635869791,7.0,1.0,47.95500183105469,48.16699981689453,48.029998779296875,4.34,19.63,46.68,0.485,0.345,2.194,0,1,0
1777637023.453057,3538.392,1.5659434795379639,-0.0391162077533167,-1.9420655409442347,-0.18029290834535772,2.7393710613250732,0.7811070680618286,0.29163533449172974,0.12367720156908035,-0.0824514701962471,-0.21769104897975922,-0.2088131457567215,-0.11884516477584839,1.4648438692092896,6.111145496368408,-2.0467729568481445,0.1996307522058487,-0.0829925611615181,-0.3274841606616974,0.09699507774471505,-0.6667664284166647,0.9858243430644364,-0.9573638849772776,-0.8914050985485663,1.015845728009635,0.20134079335989422,0.041219936427617135,-0.02760262890239188,-0.06681750187260445,0.1471403555921103,0.1361929869215079,1.5663441210532332,-0.03886344288263199,-1.9423007975501552,-0.18075292963103884,2.7387833847435825,0.780828829901663,7.0,1.0,47.95500183105469,48.16699981689453,47.986000061035156,4.34,19.63,46.68,0.485,0.345,2.194,0,1,0
1777637023.4552507,3538.392,1.5659434795379639,-0.0391162077533167,-1.9420655409442347,-0.18029290834535772,2.7393710613250732,0.7811070680618286,0.29163533449172974,0.12367720156908035,-0.0824514701962471,-0.21769104897975922,-0.2088131457567215,-0.11884516477584839,1.4648438692092896,6.111145496368408,-2.0467729568481445,0.1996307522058487,-0.0829925611615181,-0.3274841606616974,0.09699507774471505,-0.6667664284166647,0.9858243430644364,-0.9573638849772776,-0.8914050985485663,1.015845728009635,0.20134079335989422,0.041219936427617135,-0.02760262890239188,-0.06681750187260445,0.1471403555921103,0.1361929869215079,1.5663441210532332,-0.03886344288263199,-1.9423007975501552,-0.18075292963103884,2.7387833847435825,0.780828829901663,7.0,1.0,47.95500183105469,48.16699981689453,47.986000061035156,3.92,18.88,47.43,0.492,0.36,2.272,0,0,1
1777637023.4598508,3538.3999999999996,1.5684152841567993,-0.03811008134950811,-1.9427483717547815,-0.18204290071596319,2.737647533416748,0.7801240086555481,0.30735862255096436,0.13193513453006744,-0.08702784776687622,-0.2295602262020111,-0.21897576749324799,-0.12519201636314392,1.6296387910842896,5.987549304962158,-1.9257152080535889,0.2377624809741974,0.02467346377670765,-0.3678589165210724,0.0986989764396389,-0.6664176135598905,0.9855925895932149,-0.9566677196448379,-0.8908351011163494,1.0176157983511094,0.2118540254337006,0.04289430296129254,-0.03020871172900637,-0.06961298848915241,0.1536553526918784,0.1437787551836897,1.5687685756458238,-0.03783568309437779,-1.9429621281422662,-0.18255161642188522,2.737029229970824,0.7798473719020248,7.0,1.0,47.95500183105469,48.16699981689453,47.986000061035156,3.92,18.88,47.43,0.492,0.36,2.272,0,1,0
1777637023.4669597,3538.408,1.5709233283996582,-0.03708011308778936,-1.9434440771686,-0.18391257921327764,2.7358884811401367,0.7790806293487549,0.3198094367980957,0.13348190486431122,-0.09027477353811264,-0.2387065887451172,-0.23182284832000732,-0.12628497183322906,1.3687134981155396,6.248474597930908,-1.8046574592590332,0.1570129543542862,-0.0942077711224556,-0.4306641221046448,0.10042151318224299,-0.6660433593996521,0.985369640309836,-0.956014228871039,-0.890226323411057,1.019414759090598,0.22102742383851606,0.04930082176009208,-0.028081409512766078,-0.07996233237981873,0.16347566202435815,0.14825165596899692,1.571301584792996,-0.03676335923278273,-1.9436445999186063,-0.18442257500077552,2.735194866330885,0.7788342316613832,7.0,1.0,47.95500183105469,48.16699981689453,47.986000061035156,3.92,18.88,47.43,0.492,0.36,2.272,0,1,0
1777637023.4740336,3538.4159999999997,1.573550820350647,-0.0359423796283167,-1.9441397825824183,-0.18590242067445928,2.733985185623169,0.7780376076698303,0.3336152732372284,0.13960504531860352,-0.09271635860204697,-0.24660658836364746,-0.2394927591085434,-0.13165390491485596,1.4190675020217896,6.303406238555908,-1.869670033454895,0.0964508131146431,-0.2018737941980362,-0.2265472710132599,0.10223571016889504,-0.6657009902486375,0.9851157957219688,-0.955295014826576,-0.8895341529054134,1.0212979613795847,0.23008878534206867,0.049895953780608016,-0.030468069276056164,-0.07979817659710114,0.16801648173725303,0.15554315972455354,1.573943159903634,-0.0356466315217272,-1.9443471478287426,-0.18636483962697703,2.7332800796355716,0.7777908976331397,7.0,1.0,47.95500183105469,48.16699981689453,47.986000061035156,3.92,18.88,47.43,0.492,0.36,2.272,0,1,0
1777637023.4896169,3538.424,1.5762863159179688,-0.0348284880267542,-1.944918457661764,-0.18789226213564092,2.731998920440674,0.7770186066627502,0.35011833906173706,0.14524242281913757,-0.09537525475025177,-0.2536245584487915,-0.25416144728660583,-0.133648082613945,1.2130738496780396,6.935120105743408,-1.8719117641448975,0.2893524467945099,-0.01570129580795765,-0.4239349663257599,0.10413010049890853,-0.6652433669248077,0.9848904373727642,-0.9546239444727547,-0.8887625772156794,1.0233343620942317,0.24196839728899106,0.05213892696426277,-0.031791479738933,-0.08267004516256365,0.17901152856304417,0.16264711637953216,1.5766933037043238,-0.034485665904405494,-1.9450686670554305,-0.18837741873573943,2.73128465578741,0.7767189025243332,7.0,1.0,47.95500183105469,48.16699981689453,47.986000061035156,3.92,18.88,47.43,0.492,0.36,2.272,0,1,0
1777637023.4904706,3538.432,1.5790823698043823,-0.033583943043844044,-1.9457219282733362,-0.18990642229189092,2.7299041748046875,0.7758793234825134,0.3645377457141876,0.1536920964717865,-0.09587380290031433,-0.26313522458076477,-0.264573335647583,-0.13917040824890137,1.0070801973342896,6.271362781524658,-1.7172268629074097,0.2893524467945099,0.0829925611615181,-0.2736511528491974,0.10605977750972118,-0.6648770466720566,0.9845690569350285,-0.9537766511242277,-0.8879985985980883,1.0252574230761908,0.2516680026468328,0.04994102291612361,-0.035275055085577545,-0.07985412697273395,0.1857026909614255,0.16886930021136015,1.5795088814715637,-0.03329880043508737,-1.9457969399425217,-0.19042796472801715,2.729239721140512,0.775636287716351,7.0,1.0,47.95500183105469,48.16699981689453,47.986000061035156,3.92,18.88,47.43,0.492,0.36,2.272,0,1,0
1777637023.4958365,3538.44,1.5819499492645264,-0.032374207173482716,-1.9464533964740198,-0.19208795229067022,2.727774143218994,0.7748000025749207,0.35507822036743164,0.15274614095687866,-0.09271635860204697,-0.2606041729450226,-0.26700854301452637,-0.13520123064517975,0.7369995713233948,6.042480945587158,-1.6365216970443726,0.0919647291302681,0.0426178015768528,-0.3835602104663849,0.10804445734049278,-0.6644602814344679,0.9843262009392098,-0.9530443547573658,-0.8871588769384803,1.0273516566210288,0.2458017676780896,0.04816324765129365,-0.03475650822490262,-0.07943398082786321,0.18790917526802142,0.15881727255901368,1.5823270304980739,-0.03211256542593599,-1.946515376259705,-0.19247053082021637,2.72719088723495,0.774567544491811,7.0,1.0,47.95500183105469,48.16699981689453,47.986000061035156,3.92,18.88,47.43,0.492,0.36,2.272,0,1,0
1777637023.5044756,3538.448,1.5848056077957153,-0.031140629445211232,-1.9472206274615687,-0.1940534750567835,2.7256433963775635,0.773685097694397,0.3544646203517914,0.15035568177700043,-0.09119515866041183,-0.25905102491378784,-0.2648226022720337,-0.13360972702503204,0.9658814668655396,5.982971668243408,-1.6163454055786133,0.0314025916159153,0.02243042178452015,-0.3768310844898224,0.11001598278492467,-0.6641026038100728,0.9840016434381531,-0.9521322049387397,-0.8864122595931273,1.0292953578159088,0.24507919058120256,0.049554997105765136,-0.033577664151955344,-0.08082343062854427,0.18579191632440095,0.1594738504110806,1.5851454489516872,-0.030927901297366667,-1.947223429731621,-0.19450352084775702,2.725139830091861,0.7735134906128313,7.0,1.0,47.95500183105469,48.16699981689453,47.986000061035156,3.92,18.88,47.43,0.492,0.36,2.272,0,1,0
1777637023.5103242,3538.4559999999997,1.5876975059509277,-0.029907051716939748,-1.9479158560382288,-0.1961277166949671,2.7234654426574707,0.7726057767868042,0.35340362787246704,0.1486683040857315,-0.08710454404354095,-0.25698015093803406,-0.26100683212280273,-0.13019661605358124,0.9658814668655396,5.955505847930908,-1.6141035556793213,0.0358886756002903,-0.1143951565027237,-0.2355194389820099,0.11201832112275822,-0.6637506334847284,0.9837120380987929,-0.9512525704120112,-0.885607905614206,1.0313088988469639,0.24416382981053858,0.048304646063289755,-0.032903499846872415,-0.08006618933170496,0.18277425443779718,0.16122235157754594,1.5879640683517682,-0.029744806745332752,-1.947921132665435,-0.19652700581462756,2.7230866123507687,0.772474030919523,7.0,1.0,47.95500183105469,48.16699981689453,47.986000061035156,3.92,18.88,47.43,0.492,0.36,2.272,0,1,0
1777637023.5184898,3538.464,1.5906010866165161,-0.02872163454164678,-1.9485872427569788,-0.19821340242494756,2.7212867736816406,0.7716107368469238,0.3540171980857849,0.14815698564052582,-0.0838959664106369,-0.25584882497787476,-0.2611410617828369,-0.12741628289222717,0.7507324814796448,6.120300769805908,-1.737403154373169,0.1749572902917862,-0.02467346377670765,-0.4418793320655823,0.11403543426982751,-0.6633474202880261,0.9834712181133834,-0.9504517037597902,-0.8847598165980387,1.0334192928601706,0.24467407305498673,0.0472795016634389,-0.032619615354632585,-0.07942908787686259,0.18286930006560242,0.16219686149404955,1.590782833395762,-0.028563275355891093,-1.9486085192417866,-0.19854107826109502,2.721031289736261,0.7714490494515209,7.0,1.0,47.95500183105469,48.16699981689453,47.986000061035156,3.92,18.88,47.43,0.492,0.36,2.272,0,1,0
1777637023.5239365,3538.4719999999998,1.593504548072815,-0.027500454579488576,-1.9492109457599085,-0.20027476945985967,2.7192046642303467,0.7706036567687988,0.3521125018596649,0.1492946892976761,-0.08118593692779541,-0.2555995583534241,-0.25790053606033325,-0.1255563348531723,0.6912232041358948,5.790710926055908,-1.9683096408843994,0.2915954887866974,-0.01570129580795765,-0.3207550346851349,0.11604127769718992,-0.6630209362530101,0.9831894497014931,-0.9495864444997572,-0.8840585354644349,1.0354746015166085,0.24313645305056383,0.044919901910477206,-0.033496686198097994,-0.07759732394459103,0.18004097899762206,0.16230034065563703,1.5936016889438551,-0.02738330110458076,-1.9492856231842985,-0.20054583005349347,2.718973917848112,0.7704384311013562,7.0,1.0,47.95500183105469,48.16699981689453,47.939998626708984,3.92,18.88,47.43,0.492,0.36,2.272,0,1,0
1777637023.5332603,3538.48,1.5963122844696045,-0.026326958333150685,-1.9498937765704554,-0.20231277147401983,2.717062473297119,0.7696086168289185,0.35218921303749084,0.1472238153219223,-0.08196570724248886,-0.25594469904899597,-0.2612560987472534,-0.1232745349407196,0.5996704697608948,5.905151844024658,-2.006420373916626,0.1727142482995987,-0.008972168900072575,-0.4957123398780823,0.11798688204304815,-0.6626104792768945,0.9829406430156288,-0.9488245828390002,-0.8832025481968877,1.0374893822349402,0.24343585904571466,0.04895552513102645,-0.03147598083016056,-0.08356879132337627,0.18252897848866478,0.16073950299582057,1.5964205799270643,-0.026204878402130483,-1.9499524777509807,-0.2025413521798578,2.7169145522075175,0.7694420618010627,7.0,1.0,47.90999984741211,48.16699981689453,47.939998626708984,3.92,18.88,47.43,0.492,0.36,2.272,0,1,0
1777637023.5394413,3538.488,1.5991919040679932,-0.02517730394472295,-1.9506014029132288,-0.20437413850893194,2.714956283569336,0.7686614394187927,0.3515883982181549,0.14622671902179718,-0.0808919221162796,-0.2508058547973633,-0.26043158769607544,-0.12022574990987778,0.6088257431983948,6.234741687774658,-1.9055389165878296,0.0785064771771431,-0.0426178015768528,-0.6101074814796448,0.11997825245850033,-0.662127153430255,0.9827217500647796,-0.9481414400446394,-0.8823727148435708,1.0396452497727997,0.24306413287607812,0.04873645825301495,-0.03187258226477066,-0.08175024193239647,0.1819701286321345,0.16115935713713692,1.5992394513527968,-0.025028002091655566,-1.9506091157421253,-0.20452773475306696,2.7148532482514947,0.7684598285132993,7.0,1.0,47.90999984741211,48.16699981689453,47.939998626708984,3.92,18.88,47.43,0.492,0.36,2.272,0,1,0
1777637023.5456882,3538.4959999999996,1.6019396781921387,-0.023931805287496388,-1.9512251059161585,-0.20636445680727178,2.712909460067749,0.7676180601119995,0.3523937463760376,0.14498674869537354,-0.08032946288585663,-0.24829396605491638,-0.25790053606033325,-0.1232745349407196,0.4806519150733948,6.161499500274658,-1.8270756006240845,0.0874786451458931,-0.1099090725183487,-0.3678589165210724,0.12186878678549057,-0.661849473190143,0.9823936904610698,-0.9472628090906973,-0.8816726950755376,1.0414834626879639,0.2427892853277925,0.04876295209682748,-0.03253299659322201,-0.07763022353093246,0.17872744178733646,0.16195452110205003,1.6020582483110468,-0.02385266744547554,-1.9512555695081861,-0.20650506701553972,2.7127900613269285,0.7674916192211872,7.0,1.0,47.90999984741211,48.16699981689453,47.939998626708984,3.92,18.88,47.43,0.492,0.36,2.272,0,1,0
1777637023.5530376,3538.504,1.6047112941741943,-0.022794071828023732,-1.9518359343158167,-0.2083061377154749,2.7109463214874268,0.7667068839073181,0.32464146614074707,0.1342744529247284,-0.07219936698675156,-0.23019300401210785,-0.24422891438007355,-0.11019735038280487,-0.5493164658546448,5.639648914337158,-1.5692673921585083,0.1435547024011612,0.02018737979233265,-0.4284210503101349,0.12377835975693983,-0.6614717672351187,0.982142345436313,-0.9465134164342838,-0.8809977190402758,1.0434887667661603,0.22451371382671745,0.04502197824393282,-0.029256246281133744,-0.07428996157077805,0.1702356061760281,0.1461295151929509,1.6047359864562365,-0.022737523602124554,-1.951860296507026,-0.20837523020517512,2.710828340003288,0.7665847091094509,7.0,1.0,47.90999984741211,48.16699981689453,47.939998626708984,3.92,18.88,47.43,0.492,0.36,2.272,0,1,0
1777637023.560365,3538.5119999999997,1.6072909832000732,-0.021787945424215138,-1.9524357954608362,-0.21011621156801397,2.709127426147461,0.7658197283744812,0.3050704300403595,0.12794677913188934,-0.06936150044202805,-0.2188415378332138,-0.22988620400428772,-0.10455996543169022,0.0503540076315403,5.648804187774658,-1.5535746812820435,0.0426178015768528,0.1076660305261612,-0.4172058403491974,0.12554602138713516,-0.6610503594084263,0.9819379683520278,-0.9458783442855881,-0.8803561352578796,1.045364940513959,0.21064639871630653,0.043366263091387046,-0.02811127494384083,-0.07164701262258205,0.15946449249088712,0.13637777599559697,1.6072726407902094,-0.021682348396002915,-1.9524247684274068,-0.21013957084385648,2.7089683884847062,0.7657370282844087,7.0,1.0,47.90999984741211,48.16699981689453,47.939998626708984,3.92,18.88,47.43,0.492,0.36,2.272,0,1,0
1777637023.5676963,3538.52,1.6096911430358887,-0.02077037492860967,-1.9529393354998987,-0.2117708365069788,2.7073919773101807,0.7650283575057983,0.28795376420021057,0.12030244618654251,-0.06073285639286041,-0.20407697558403015,-0.21958935260772705,-0.09708181023597717,-0.01831054873764515,5.268860340118408,-1.5603001117706299,-0.006729126907885075,-0.1143951565027237,-0.3633728325366974,0.12720181909770117,-0.6607688346561789,0.9816904316815175,-0.9451575450239031,-0.87977123578721,1.0470463286576421,0.1992759253625026,0.03762198579342674,-0.026796534621803855,-0.06286448555129567,0.1528147521660381,0.12749730482196836,1.6096681991034767,-0.02068693241663233,-1.952950372683694,-0.2117993458701415,2.7072104834086526,0.7649466392760188,7.0,1.0,47.90999984741211,48.16699981689453,47.939998626708984,3.92,18.88,47.43,0.492,0.36,2.272,0,1,0
1777637023.5746195,3538.528,1.6119225025177002,-0.01990825334657842,-1.9534066359149378,-0.21331721941103154,2.705716371536255,0.7643089294433594,0.27246055006980896,0.11175050586462021,-0.055389489978551865,-0.1934158056974411,-0.20428790152072906,-0.09006384760141373,-0.4623413681983948,5.722046375274658,-1.737403154373169,0.1749572902917862,-0.1233673244714737,-0.4553375840187073,0.12874483300398468,-0.6604232627366501,0.9815239836001032,-0.9445632992540157,-0.8791196968589319,1.0486583942510581,0.1882591602642489,0.03650290486688537,-0.023892247612380742,-0.0616979483963503,0.14170895597520733,0.1229880324797107,1.6119226600747791,-0.01975107874578086,-1.9534384136220115,-0.21335572583777473,2.7055548757525685,0.7642117330300703,7.0,1.0,47.90999984741211,48.16699981689453,47.939998626708984,3.92,18.88,47.43,0.492,0.36,2.272,0,1,0
1777637023.6432996,3538.536,1.6139863729476929,-0.018973652516500294,-1.9538262526141565,-0.21477920213808233,2.704124689102173,0.7636374831199646,0.2550882399082184,0.10344143956899643,-0.05255162715911865,-0.18049201369285583,-0.19366507232189178,-0.08191457390785217,-0.6820679306983948,5.708313465118408,-1.8001738786697388,0.0785064771771431,0.02467346377670765,-0.5405731797218323,0.13017911000700633,-0.6602169030851446,0.981287510967985,-0.943902576865457,-0.8785261196708681,1.0500758823148053,0.17658641535125966,0.036651978591473205,-0.021197315974597397,-0.061667999226540995,0.1347376525860156,0.11435381266318119,1.6140360315020088,-0.018874602727386502,-1.9538901136321147,-0.21480979792265753,2.7040017926182816,0.7635306251499349,7.0,1.0,47.90999984741211,48.16699981689453,47.939998626708984,3.92,18.88,47.43,0.492,0.36,2.272,0,1,0
1777637023.6433425,3538.544,1.6159181594848633,-0.018183533345357716,-1.9542701880084437,-0.21616965929140264,2.702723979949951,0.7630019187927246,0.23806104063987732,0.09779127687215805,-0.05002055689692497,-0.16482624411582947,-0.17663788795471191,-0.07944103330373764,-0.4486084580421448,5.749512195587158,-1.7665467262268066,0.3386993706226349,-0.2714081108570099,-0.4082336723804474,0.13150594060457382,-0.659903197986581,0.9811252576072518,-0.9434425475918888,-0.8779971887338845,1.0514889417047764,0.16400815915939512,0.03242861995573308,-0.022348097223121186,-0.05102872505498918,0.12169299042252743,0.10785568333054121,1.6160083286417875,-0.01805733177592206,-1.954306614167571,-0.21616256870263406,2.7025514389064633,0.7629017524185893,7.0,1.0,47.90999984741211,48.16699981689453,47.939998626708984,3.92,18.88,47.43,0.492,0.36,2.272,0,1,0
1777637023.6433835,3538.5519999999997,1.617658019065857,-0.017405335103170216,-1.954653565083639,-0.2174165884601038,2.7013356685638428,0.762402355670929,0.21796588599681854,0.09109289199113846,-0.048831723630428314,-0.15431846678256989,-0.1682009994983673,-0.07198204845190048,-0.2700805962085724,5.429077625274658,-1.6163454055786133,0.0560760572552681,0.004486084450036287,-0.3207550346851349,0.1327124262766529,-0.65969070255118,0.9809336338731758,-0.942909086703755,-0.8774398555007606,1.0526725663509224,0.15065535280635522,0.03274916516559653,-0.01996788304094143,-0.052781770338119344,0.11634972680387151,0.09506662463556058,1.6178395726571964,-0.017299105218497424,-1.9546889766795603,-0.21741496671930705,2.701203998881669,0.7623236695896447,7.0,1.0,47.90999984741211,48.16699981689453,47.939998626708984,3.92,18.88,47.43,0.492,0.36,2.272,0,1,0
1777637023.643457,3538.5519999999997,1.617658019065857,-0.017405335103170216,-1.954653565083639,-0.2174165884601038,2.7013356685638428,0.762402355670929,0.21796588599681854,0.09109289199113846,-0.048831723630428314,-0.15431846678256989,-0.1682009994983673,-0.07198204845190048,-0.2700805962085724,5.429077625274658,-1.6163454055786133,0.0560760572552681,0.004486084450036287,-0.3207550346851349,0.1327124262766529,-0.65969070255118,0.9809336338731758,-0.942909086703755,-0.8774398555007606,1.0526725663509224,0.15065535280635522,0.03274916516559653,-0.01996788304094143,-0.052781770338119344,0.11634972680387151,0.09506662463556058,1.6178395726571964,-0.017299105218497424,-1.9546889766795603,-0.21741496671930705,2.701203998881669,0.7623236695896447,7.0,1.0,47.90999984741211,48.16699981689453,47.939998626708984,4.2,18.16,47.57,0.455,0.381,2.309,0,0,1
1777637023.6445696,3538.56,1.6193257570266724,-0.016722981129781544,-1.9550374189959925,-0.21855527559389287,2.700139284133911,0.7618506550788879,0.1993919461965561,0.08361473679542542,-0.04295146465301514,-0.14162477850914001,-0.15358982980251312,-0.06657476723194122,0.2929687798023224,5.630493640899658,-1.6073781251907349,0.2938385307788849,-0.1457977443933487,-0.3790741264820099,0.13385572992383993,-0.6594349751775137,0.9807747265487206,-0.9424659699011866,-0.8770222321766689,1.0538587054609396,0.13769213740491326,0.028544111938259648,-0.018590688773353455,-0.04626375860148764,0.10592209310058114,0.08673119097495516,1.6195297891731757,-0.016599774166297543,-1.9550381834691386,-0.2185678448307602,2.699959637628532,0.761795046436796,7.0,1.0,47.92499923706055,48.16699981689453,47.95500183105469,4.2,18.16,47.57,0.455,0.381,2.309,0,1,0
1777637023.6446047,3538.5679999999998,1.6208856105804443,-0.016111675892965138,-1.9553492704974573,-0.21952611604799444,2.698930263519287,0.7613589763641357,0.18291443586349487,0.07515227794647217,-0.03882249817252159,-0.1288543939590454,-0.14308206737041473,-0.05990195274353027,0.2517700493335724,5.813599109649658,-1.6723906993865967,0.0650482252240181,0.1121521145105362,-0.4284210503101349,0.13493831936006584,-0.6592313559226655,0.9806241745687885,-0.9419449575729938,-0.8765779717046053,1.054916622970499,0.12656210654712544,0.027268437732480832,-0.016048634032633003,-0.04369299205955233,0.09901256127374768,0.07858323599579393,1.6210790069390244,-0.015959201411283708,-1.9553551384622976,-0.21962198236334096,2.6988185023997646,0.7613146650520064,7.0,1.0,47.92499923706055,48.16699981689453,47.95500183105469,4.2,18.16,47.57,0.455,0.381,2.309,0,1,0
1777637023.6455712,3538.576,1.6223134994506836,-0.015477482472554982,-1.9556487242328089,-0.22052127519716436,2.6978533267974854,0.760903537273407,0.16564436256885529,0.06722670793533325,-0.03621473163366318,-0.1192861869931221,-0.1308102160692215,-0.05391942709684372,0.1510620266199112,5.635071277618408,-1.6118618249893188,0.1906585842370987,-0.0515899695456028,-0.4015045464038849,0.13592605734857827,-0.6590635405268025,0.980464246697451,-0.9415145341526716,-0.8761846108732412,1.0559070609877408,0.11457840504749979,0.02744182058968353,-0.01310802124012873,-0.04454839333327257,0.09033718674767618,0.07044335155639375,1.6224872565973605,-0.015377261344475812,-1.95564066791174,-0.2205780870700167,2.697780723856667,0.7608814173836104,7.0,1.0,47.92499923706055,48.16699981689453,47.95500183105469,4.2,18.16,47.57,0.455,0.381,2.309,0,1,0
1777637023.646951,3538.584,1.623645305633545,-0.014962021504537404,-1.9559004942523401,-0.22137242952455694,2.69685959815979,0.760555624961853,0.1501128077507019,0.05475033074617386,-0.0316639207303524,-0.10513520985841751,-0.119631327688694,-0.04711238667368889,-0.3250122368335724,5.548096179962158,-1.5356402397155762,0.1973877102136612,0.0650482252240181,-0.3185119926929474,0.13685397403667268,-0.6588724087305101,0.9803561037197467,-0.9411326834225408,-0.8758099428305561,1.0568837347932623,0.10391520526329114,0.028802273580534603,-0.008299704655171325,-0.04420098045366132,0.08287333778919079,0.06374015175117337,1.623754569558861,-0.014853839892423615,-1.9558955210288467,-0.22143679690214402,2.69684641720289,0.7604943030063518,7.0,1.0,47.92499923706055,48.16699981689453,47.95500183105469,4.2,18.16,47.57,0.455,0.381,2.309,0,1,0
1777637023.6470213,3538.5919999999996,1.6248332262039185,-0.014519516621724904,-1.9561403433429163,-0.22212726274599248,2.695986270904541,0.7602320909500122,0.1332901567220688,0.04704207926988602,-0.027726704254746437,-0.09265244007110596,-0.10246992111206055,-0.04009442403912544,-0.1876831203699112,5.516052722930908,-1.4616605043411255,0.0022430422250181437,0.1278534084558487,-0.2781372368335724,0.13767713040278262,-0.6586777724658661,0.9802676042974329,-0.9408140634864834,-0.8754823007467037,1.0577593074154903,0.09202111623150169,0.02671485159016225,-0.006423933594488151,-0.04124677773756888,0.07075139750546482,0.059323375508681164,1.6248809769820896,-0.014388834468832101,-1.9561203705489723,-0.22219868160087408,2.6960156832121953,0.760152427116144,7.0,1.0,47.92499923706055,48.18299865722656,47.95500183105469,4.2,18.16,47.57,0.455,0.381,2.309,0,1,0
1777637023.6501505,3538.6,1.6258889436721802,-0.014088455830709279,-1.9563563505755823,-0.2227872053729456,2.6952555179595947,0.759908139705658,0.1165953278541565,0.047029294073581696,-0.02382783591747284,-0.08053399622440338,-0.08847234398126602,-0.03518568351864815,-0.6179810166358948,5.593872547149658,-1.4616605043411255,0.01345825381577015,-0.01794433780014515,-0.2848663628101349,0.13840177298145734,-0.658546544230709,0.9801521002303828,-0.94048411246093,-0.8752699356031155,1.058490051646431,0.08064419159089986,0.017879097253661956,-0.009780953240580145,-0.02918660399265257,0.06122191377683964,0.05248745750159303,1.6258665088577078,-0.013982153938593811,-1.956315813232795,-0.2228642441137989,2.6952886091509596,0.7598549987431096,7.0,1.0,47.92499923706055,48.18299865722656,47.95500183105469,4.2,18.16,47.57,0.455,0.381,2.309,0,1,0
1777637023.650195,3538.6079999999997,1.626753330230713,-0.013729397450582326,-1.956536118184225,-0.22338611284364873,2.6945855617523193,0.7596324682235718,0.09790632873773575,0.04380793496966362,-0.019634954631328583,-0.06983447819948196,-0.07733181118965149,-0.029893450438976288,-0.8239746689796448,5.680847644805908,-1.4930458068847656,0.1861725002527237,0.0314025916159153,-0.3252411186695099,0.13899949006189594,-0.6584218555285052,0.9800713537028971,-0.940239959360765,-0.8750049483076938,1.0590953962926246,0.06812387788594143,0.011851887908224909,-0.010415540668945397,-0.021909312612915382,0.053879094300257606,0.0421393901924891,1.6267111931964022,-0.013633718591797184,-1.956482370306171,-0.22343392184182864,2.6946652695961295,0.759601329177173,7.0,1.0,47.92499923706055,48.18299865722656,47.95500183105469,4.2,18.16,47.57,0.455,0.381,2.309,0,1,0
1777637023.6539047,3538.616,1.627376914024353,-0.013405625020162404,-1.9566200415240687,-0.22383004823793584,2.694047451019287,0.7594047784805298,0.07992040365934372,0.03640647977590561,-0.013805827125906944,-0.056661415845155716,-0.06264394521713257,-0.02473544143140316,-0.6088257431983948,5.671692371368408,-1.4594186544418335,0.1704712063074112,0.2041168361902237,-0.3521576225757599,0.1394376217586696,-0.6584251724191778,0.979968382556947,-0.939950225946278,-0.8748100390801218,1.0594492361291394,0.05566851176831119,0.007099596729737945,-0.00923255021328253,-0.01438025911079402,0.04368460099107526,0.03455297627099059,1.627415055319883,-0.013343460125577522,-1.9566204878405724,-0.22390808772073,2.6941457271493108,0.7593908306011792,7.0,1.0,47.92499923706055,48.18299865722656,47.95500183105469,4.2,18.16,47.57,0.455,0.381,2.309,0,1,0
1777637023.6610024,3538.624,1.6279652118682861,-0.013166252766744435,-1.956775967274801,-0.22426158586610967,2.6935925483703613,0.7592605948448181,0.06263755261898041,0.026320554316043854,-0.01464951690286398,-0.045520879328250885,-0.0476684533059597,-0.01775582879781723,-0.5218506455421448,5.612183094024658,-1.419066071510315,0.1300964504480362,0.1772003322839737,-0.3925323784351349,0.13984670094277685,-0.6582903592566574,0.9799327752814508,-0.9398622516613984,-0.8745881790395225,1.0599293924773279,0.04334934054168418,0.011342698690324114,-0.005036930832956312,-0.01985914618705915,0.03295534456540473,0.028448623763061454,1.627978117254365,-0.013111321631934736,-1.9567305370759343,-0.22428705114113257,2.6937300330476,0.7592230149271897,7.0,1.0,47.92499923706055,48.18299865722656,47.95500183105469,4.2,18.16,47.57,0.455,0.381,2.309,0,1,0
1777637023.6678166,3538.632,1.62832510471344,-0.01304656664003545,-1.9568474928485315,-0.2245247999774378,2.6932568550109863,0.7591167688369751,0.0434500053524971,0.019225893542170525,-0.0062765381298959255,-0.03255874291062355,-0.034207772463560104,-0.011926701292395592,-0.4440308213233948,5.731201648712158,-1.3809553384780884,0.0471038855612278,0.0852356031537056,-0.3947754204273224,0.14009589923008064,-0.6582147076090726,0.9799201661309423,-0.939767323683959,-0.8744151115920407,1.0601674844229318,0.030438306524556813,0.004227263775334112,-0.003948639212814042,-0.010334277373184202,0.02407286523599201,0.01920830993335198,1.6284003972260044,-0.012937257589966222,-1.9568128146874209,-0.22457105871029714,2.693418227671719,0.7590974928322652,7.0,1.0,47.92499923706055,48.18299865722656,47.95500183105469,4.2,18.16,47.57,0.455,0.381,2.309,0,1,0
1777637023.6754835,3538.64,1.6285767555236816,-0.012902561818258107,-1.9569199720965784,-0.22472888628114873,2.693077564239502,0.7591047883033752,0.025655828416347504,0.010303237475454807,-0.005228317808359861,-0.0175640806555748,-0.01631772145628929,-0.007574030198156834,-0.2700805962085724,5.616760730743408,-1.3518117666244507,0.1076660305261612,0.0560760572552681,-0.3992615044116974,0.14027636136096525,-0.6581713333772097,0.9798910382309544,-0.9397455616825846,-0.874323135446444,1.0604094501976031,0.01745059295737643,0.003877463147300085,-0.002297316279719051,-0.006335209176910744,0.010915166134810153,0.013417361619605616,1.6286819092578362,-0.012821233861184389,-1.9568675429973688,-0.2247602948583367,2.693210340951917,0.7590139729906762,7.0,1.0,47.97100067138672,48.18299865722656,47.95500183105469,4.2,18.16,47.57,0.455,0.381,2.309,0,1,0
1777637023.6822462,3538.6479999999997,1.6286970376968384,-0.012854878102437794,-1.9569199720965784,-0.22482473054994756,2.692934036254883,0.759044885635376,0.008206797763705254,0.0037071204278618097,-0.004704207647591829,-0.008858739398419857,-0.006442719604820013,-0.0037774278316646814,-0.4486084580421448,5.007935047149658,-0.9774293899536133,0.2153320610523224,0.1614990383386612,-0.3028106987476349,0.14036266371553127,-0.6581713749647097,0.979882034853065,-0.9396795098375014,-0.8742479282520843,1.0604620711886108,0.005344338574880974,0.004235704123924459,-0.0001390152730728596,-0.006696686134082518,0.0038554105828770124,0.0030842348350532357,1.6288226628678386,-0.012763227686903633,-1.956894870133393,-0.22485488229106299,2.693106392672036,0.7589722615001181,7.0,1.0,47.97100067138672,48.18299865722656,47.986000061035156,4.2,18.16,47.57,0.455,0.381,2.309,0,1,0
1777637023.6900396,3538.656,1.6287449598312378,-0.012854878102437794,-1.9568718115436,-0.22481280962099248,2.692970037460327,0.759044885635376,-0.011261976324021816,-0.0032597093377262354,0.0010610034223645926,0.0007669904152862728,-0.0025310683995485306,-0.0035473306197673082,-1.808166742324829,4.650879383087158,-0.9751875996589661,0.3409424126148224,0.2848663628101349,-0.1704712063074112,0.14039347402328017,-0.6582104747488365,0.9798744330647013,-0.9396191285271939,-0.8743354075942671,1.0604789456589692,-0.007667922814045016,-0.000590729360243652,0.0013914736810304315,0.0016937586812447842,0.0012786520423771859,-0.01397547106369722,1.6288226628678386,-0.012763227686903633,-1.956894870133393,-0.22485488229106299,2.693106392672036,0.7589722615001181,7.0,1.0,47.97100067138672,48.18299865722656,47.986000061035156,4.2,18.16,47.57,0.455,0.381,2.309,0,1,0
1777637023.6985743,3538.6639999999998,1.6286251544952393,-0.012926403676168263,-1.9567998091327112,-0.2246931234942835,2.6930534839630127,0.7590928077697754,-0.009779127314686775,-0.004550809971988201,0.004729774314910173,0.0076123797334730625,0.011159710586071014,0.009299758821725845,0.1876831203699112,5.461121082305908,-1.098487138748169,0.2467346489429474,0.2758941948413849,-0.2265472710132599,0.1403147380812409,-0.6582583359605609,0.9798897444245329,-0.9396014448915804,-0.8743841975778668,1.060371246168846,-0.006265419420472735,-0.0023918898186130098,0.0017972780998001844,-0.00018849637392520137,-0.00672315126056784,2.518221472659274e-05,1.6288226628678386,-0.012763227686903633,-1.956894870133393,-0.22485488229106299,2.693106392672036,0.7589722615001181,7.0,1.0,47.97100067138672,48.24300003051758,47.986000061035156,4.2,18.16,47.57,0.455,0.381,2.309,0,1,0
1777637023.7046924,3538.672,1.6284809112548828,-0.012926403676168263,-1.956764046345846,-0.2247532049762171,2.6931135654449463,0.759128749370575,-0.002940129954367876,-0.0028889973182231188,0.0033747577108442783,0.0041609229519963264,0.006135923322290182,0.0030871364288032055,0.2334595024585724,5.456543445587158,-1.1253888607025146,0.2601929008960724,0.3117828667163849,-0.2108459621667862,0.1402187424321247,-0.6582845363049792,0.9799078503340948,-0.9397065778697861,-0.8743418418286123,1.0603001472944416,-0.0020520079042714136,-0.0017164950436866233,0.0008487359379619876,0.002113923353372984,-0.0040718419299336445,0.0017445574700945714,1.6288226628678386,-0.012763227686903633,-1.956894870133393,-0.22485488229106299,2.693106392672036,0.7589722615001181,7.0,1.0,47.97100067138672,48.24300003051758,47.986000061035156,4.2,18.16,47.57,0.455,0.381,2.309,0,1,0
1777637023.7112358,3538.68,1.6284210681915283,-0.012914959584371388,-1.956752125416891,-0.224741284047262,2.693101406097412,0.7591167688369751,0.005292234010994434,-0.0016618125373497605,0.0031318773981183767,-0.0009203884983435273,0.0032213598024100065,0.0018024274613708258,-0.0320434607565403,5.465698719024658,-1.1141798496246338,0.2938385307788849,0.3701019585132599,-0.2086029201745987,0.14018054242527422,-0.6583185072383722,0.9798947798335389,-0.9396875971338866,-0.8743156589028497,1.0602191617538286,0.0034404239385845427,5.715095089169433e-05,0.0013567344910505137,-0.000942573627818741,-0.002225267316990882,0.007812903195071936,1.6288226628678386,-0.012763227686903633,-1.956894870133393,-0.22485488229106299,2.693106392672036,0.7589722615001181,7.0,1.0,47.97100067138672,48.24300003051758,47.986000061035156,4.2,18.16,47.57,0.455,0.381,2.309,0,1,0
1777637023.7198815,3538.6879999999996,1.6283971071243286,-0.0129626433001917,-1.9568236509906214,-0.22477656999696904,2.6931135654449463,0.7591167688369751,0.002377670258283615,-0.0010865697404369712,0.0019174760673195124,-0.0009203884983435273,0.001859951764345169,0.0012847089674323797,0.0411987341940403,5.424499988555908,-1.102970838546753,0.3028106987476349,0.3252411186695099,-0.2041168361902237,0.14015696848953024,-0.6582103896049613,0.9799393992287639,-0.9398333345899531,-0.8742514748234502,1.060277557008985,0.001558781431555526,0.00012891931337363432,0.0010128172617488388,-0.0011738823617899491,-0.0012620189039897099,0.003918059635292537,1.6288226628678386,-0.012763227686903633,-1.956894870133393,-0.22485488229106299,2.693106392672036,0.7589722615001181,7.0,1.0,47.97100067138672,48.24300003051758,47.986000061035156,4.2,18.16,47.57,0.455,0.381,2.309,0,1,0
1777637023.725748,3538.696,1.6283490657806396,-0.012914959584371388,-1.9568117300616663,-0.2247532049762171,2.6931374073028564,0.7590688467025757,-0.0052027516067028046,-0.0008053399506025016,0.0019174760673195124,-0.0009203884983435273,0.0013038837350904942,0.000997087568975985,0.2105713039636612,5.364990711212158,-1.0917617082595825,0.3005676567554474,0.3611297905445099,-0.2063598781824112,0.1401210650638215,-0.658286238205606,0.9798908666062163,-0.9397586542574298,-0.8743017390078811,1.0601577834545388,-0.003397412043183873,-0.0012104450443589224,0.0008016407372628428,-0.000657256445993761,-0.0008517667507494431,-0.004087732336443261,1.6288226628678386,-0.012763227686903633,-1.956894870133393,-0.22485488229106299,2.693106392672036,0.7589722615001181,7.0,1.0,47.97100067138672,48.24300003051758,47.986000061035156,4.2,18.16,47.57,0.455,0.381,2.309,0,1,0
1777637023.7329547,3538.7039999999997,1.6283371448516846,-0.012938801442281544,-1.9567998091327112,-0.22466928163637334,2.6931135654449463,0.7591047883033752,-0.0027867318131029606,-0.0006391586503013968,0.0017512948252260685,-0.0009203884983435273,0.000997087568975985,0.0008053399506025016,0.3936767876148224,5.287170886993408,-1.0693436861038208,0.2960815727710724,0.3723450005054474,-0.2041168361902237,0.140120709772913,-0.6582956781878027,0.9798906166283641,-0.9397130559011186,-0.8742863234130533,1.0601388847527171,-0.0017999578578984576,-0.0009011366388947086,0.0006806942998465837,-0.0004967840761304199,-0.000641087185866385,-0.0019185511694934088,1.6288226628678386,-0.012763227686903633,-1.956894870133393,-0.22485488229106299,2.693106392672036,0.7589722615001181,7.0,1.0,47.97100067138672,48.24300003051758,47.986000061035156,4.2,18.16,47.57,0.455,0.381,2.309,0,1,0
1777637023.7401452,3538.712,1.6283971071243286,-0.012866799031392873,-1.956764046345846,-0.22477656999696904,2.6931135654449463,0.7590808272361755,-0.00138058268930763,-0.0005241101025603712,-0.0012144014472141862,-0.0009012137306854129,0.0008245147182606161,0.0006711166352033615,0.3158569633960724,5.314636707305908,-1.0715854167938232,0.2960815727710724,0.3454284965991974,-0.2041168361902237,0.14016057594812903,-0.6583497072197249,0.9798660431306977,-0.9396794121201851,-0.874329240017532,1.060169148050739,-0.001015749491801275,0.0016683740549497574,0.0007405662466088555,-0.003208839111957338,-0.0006951147458407892,-0.0006712451507201362,1.6288226628678386,-0.012763227686903633,-1.956894870133393,-0.22485488229106299,2.693106392672036,0.7589722615001181,7.0,1.0,48.01499938964844,48.24300003051758,47.986000061035156,4.2,18.16,47.57,0.455,0.381,2.309,0,1,0
1777637023.7426705,3538.712,1.6283971071243286,-0.012866799031392873,-1.956764046345846,-0.22477656999696904,2.6931135654449463,0.7590808272361755,-0.00138058268930763,-0.0005241101025603712,-0.0012144014472141862,-0.0009012137306854129,0.0008245147182606161,0.0006711166352033615,0.3158569633960724,5.314636707305908,-1.0715854167938232,0.2960815727710724,0.3454284965991974,-0.2041168361902237,0.14016057594812903,-0.6583497072197249,0.9798660431306977,-0.9396794121201851,-0.874329240017532,1.060169148050739,-0.001015749491801275,0.0016683740549497574,0.0007405662466088555,-0.003208839111957338,-0.0006951147458407892,-0.0006712451507201362,1.6288226628678386,-0.012763227686903633,-1.956894870133393,-0.22485488229106299,2.693106392672036,0.7589722615001181,7.0,1.0,48.01499938964844,48.24300003051758,47.986000061035156,4.97,19.55,46.88,0.526,0.428,2.226,0,0,1
1777637023.74757,3538.72,1.628552794456482,-0.012902561818258107,-1.956775967274801,-0.22471744218935186,2.6931374073028564,0.7591527104377747,0.005816344171762466,-0.0004474110610317439,-0.0012144014472141862,-0.0007478156476281583,0.000690291344653815,0.0005944175645709038,0.004577637184411287,5.378723621368408,-1.0760691165924072,0.2960815727710724,0.3544006645679474,-0.2153320610523224,0.1402678413533571,-0.6582919435724305,0.9798858932286104,-0.9396582436580914,-0.8744156982561674,1.0603621799965004,0.0037326245837971846,0.0025532301242863907,0.0006401462023687889,-0.0029154811698178587,-0.0005878056007363892,0.0064208485472882024,1.6288226628678386,-0.012763227686903633,-1.956894870133393,-0.22485488229106299,2.693106392672036,0.7589722615001181,7.0,1.0,48.01499938964844,48.24300003051758,48.06100082397461,4.97,19.55,46.88,0.526,0.428,2.226,0,1,0
1777637023.7550812,3538.728,1.6285887956619263,-0.012902561818258107,-1.956764046345846,-0.22472888628114873,2.6931135654449463,0.7591167688369751,0.004972654394805431,-0.0003962783666793257,-0.0012144014472141862,-0.0006327670998871326,0.0005944175645709038,0.000517718552146107,-0.0549316480755806,5.383301258087158,-1.0715854167938232,0.2848663628101349,0.3364563286304474,-0.2108459621667862,0.14029007656901485,-0.6582999207232074,0.9798831524940831,-0.9396206284951993,-0.8744256033744245,1.060358208381575,0.0031824699892644545,0.0023427882938631666,0.0005654979519644246,-0.0026840926663172626,-0.0005150371917842622,0.0054946468344884095,1.6288226628678386,-0.012763227686903633,-1.956894870133393,-0.22485488229106299,2.693106392672036,0.7589722615001181,7.0,1.0,48.01499938964844,48.24300003051758,48.06100082397461,4.97,19.55,46.88,0.526,0.428,2.226,0,1,0
1777637023.7629864,3538.736,1.628552794456482,-0.012926403676168263,-1.956752125416891,-0.22476464906801397,2.6931493282318115,0.7591047883033752,0.0037710361648350954,-0.0003451456723269075,-0.0012144014472141862,-0.0005560680292546749,0.000517718552146107,0.00046019424917176366,0.009155274368822575,5.351257801055908,-1.0715854167938232,0.2960815727710724,0.3701019585132599,-0.2063598781824112,0.1402603214341232,-0.658287412321127,0.9799043163055277,-0.9396771078905601,-0.8744272106721905,1.060346596655076,0.0023962749840535746,0.0020973448787159417,0.0005038221083451842,-0.0025076405904935943,-0.00045626615960098985,0.004228319285846178,1.6288226628678386,-0.012763227686903633,-1.956894870133393,-0.22485488229106299,2.693106392672036,0.7589722615001181,7.0,1.0,48.01499938964844,48.22800064086914,48.06100082397461,4.97,19.55,46.88,0.526,0.428,2.226,0,1,0
1777637023.769811,3538.7439999999997,1.6286251544952393,-0.012890640889303029,-1.9568117300616663,-0.22472888628114873,2.6931374073028564,0.7591047883033752,0.0017896442441269755,-0.0003067961661145091,0.000818123109638691,-0.0004985437844879925,0.00046019424917176366,0.0004218447138555348,0.0823974683880806,5.323791980743408,-1.100728988647461,0.2915954887866974,0.3476715385913849,-0.2041168361902237,0.14030858703434718,-0.658268316951572,0.9798744286655243,-0.9396385380806217,-0.8744597363019034,1.0604005890881678,0.001198154488444034,5.112855226762146e-05,0.00035075102795949675,-0.0003507136272403122,-0.00029087145556498586,0.0022077434839728773,1.6288226628678386,-0.012763227686903633,-1.956894870133393,-0.22485488229106299,2.693106392672036,0.7589722615001181,7.0,1.0,48.01499938964844,48.22800064086914,48.06100082397461,4.97,19.55,46.88,0.526,0.428,2.226,0,1,0
1777637023.7774193,3538.752,1.6285648345947266,-0.012866799031392873,-1.9568360487567347,-0.22472888628114873,2.6931135654449463,0.7591407299041748,0.0011377024929970503,-0.0002812298189383,0.000818123109638691,-0.0004410194815136492,0.0004218447138555348,0.0003834952076431364,0.0869751051068306,5.401611804962158,-1.100728988647461,0.2915954887866974,0.3723450005054474,-0.2063598781824112,0.1402751681386824,-0.6582679920056097,0.9798674615203711,-0.9396731984018482,-0.8743881802439324,1.060376087661804,0.0007707051452371038,-8.687715959307346e-05,0.00031294088273381134,-0.00023456858052997096,-0.0002621849225522743,0.0015201446607462387,1.6288226628678386,-0.012763227686903633,-1.956894870133393,-0.22485488229106299,2.693106392672036,0.7589722615001181,7.0,1.0,48.01499938964844,48.22800064086914,48.06100082397461,4.97,19.55,46.88,0.526,0.428,2.226,0,1,0
1777637023.7846673,3538.7599999999998,1.6285767555236816,-0.012926403676168263,-1.9567998091327112,-0.224741284047262,2.6931493282318115,0.7591407299041748,0.0008309062686748803,-0.0002556634717620909,-0.0017896442441269755,-0.0004026699753012508,0.0004218447138555348,0.0003451456723269075,0.2014160305261612,5.383301258087158,-1.0446836948394775,0.2893524467945099,0.3521576225757599,-0.2130890041589737,0.1402782628530514,-0.6582436959180806,0.9799068465546235,-0.9397086952322385,-0.8744163596311607,1.060409966031503,0.0004354254992060755,0.002024394673474282,0.00041661136961433187,-0.002738800891644149,-0.00042045539938717527,0.0011901832838408283,1.6288226628678386,-0.012763227686903633,-1.956894870133393,-0.22485488229106299,2.693106392672036,0.7589722615001181,7.0,1.0,48.01499938964844,48.22800064086914,48.06100082397461,4.97,19.55,46.88,0.526,0.428,2.226,0,1,0
1777637023.7909234,3538.768,1.6284929513931274,-0.012938801442281544,-1.956775967274801,-0.22472888628114873,2.6931493282318115,0.7591047883033752,0.0006519418675452471,-0.00024288029817398638,-0.0017896442441269755,-0.00036432043998502195,0.0004218447138555348,0.00032597093377262354,0.2059936672449112,5.342102527618408,-1.0603764057159424,0.2848663628101349,0.3745880424976349,-0.2153320610523224,0.140219859477276,-0.6582765109279292,0.9799039893964017,-0.9396983896305546,-0.874393913863233,1.0602956739734795,0.0003170526902244821,0.0019721557316390616,0.0003941753861874459,-0.0026702340981913856,-0.00042084372616674984,0.0010045990437785872,1.6288226628678386,-0.012763227686903633,-1.956894870133393,-0.22485488229106299,2.693106392672036,0.7589722615001181,7.0,1.0,48.01499938964844,48.22800064086914,48.06100082397461,4.97,19.55,46.88,0.526,0.428,2.226,0,1,0
1777637023.7977667,3538.776,1.6285408735275269,-0.012890640889303029,-1.956752125416891,-0.2247532049762171,2.6931493282318115,0.759128749370575,0.0005368932615965605,-0.00021731395099777728,-0.0017896442441269755,-0.0003451456723269075,0.0004218447138555348,0.0003067961661145091,0.2838135063648224,5.296326160430908,-1.0805526971817017,0.2915954887866974,0.3745880424976349,-0.2220611870288849,0.1402571910019218,-0.6583180617448221,0.9798816608623868,-0.9396528188153849,-0.874430647623943,1.0603333004506237,0.00024072450184897345,0.0019241698097199951,0.0003685603172146623,-0.0026079862810944217,-0.0004220637945215413,0.0008828791462022575,1.6288226628678386,-0.012763227686903633,-1.956894870133393,-0.22485488229106299,2.693106392672036,0.7589722615001181,7.0,1.0,48.01499938964844,48.22800064086914,48.06100082397461,4.97,19.55,46.88,0.526,0.428,2.226,0,1,0
1777637023.8058274,3538.7839999999997,1.6285408735275269,-0.012890640889303029,-1.9567998091327112,-0.224741284047262,2.6931493282318115,0.7590808272361755,0.00046019424917176366,-0.00020453077740967274,-0.001342233270406723,-0.0003067961661145091,0.0004218447138555348,0.00026844663079828024,0.2929687798023224,5.415344715118408,-1.0805526971817017,0.2848663628101349,0.3880462944507599,-0.2175751030445099,0.14024960155651564,-0.6582918097068695,0.9798723318924772,-0.9396587976965715,-0.8744345421044016,1.0603100674817523,0.00020975538741980902,0.0015054481188979548,0.00031887541567999096,-0.00207519803638012,-0.0003998974423375002,0.0007945586122363417,1.6288226628678386,-0.012763227686903633,-1.956894870133393,-0.22485488229106299,2.693106392672036,0.7589722615001181,7.0,1.0,48.0,48.22800064086914,48.06100082397461,4.97,19.55,46.88,0.526,0.428,2.226,0,1,0
1777637023.811981,3538.792,1.6285648345947266,-0.012866799031392873,-1.9567998091327112,-0.224741284047262,2.6931614875793457,0.759128749370575,0.00043462790199555457,-0.0001917476038215682,-0.001035437104292214,-0.00028762139845639467,0.0004218447138555348,0.00026844663079828024,0.2563476860523224,5.383301258087158,-1.085036277770996,0.2848663628101349,0.3297272026538849,-0.2220611870288849,0.14027084020360125,-0.6582990979070779,0.9798644460233015,-0.9396577807112678,-0.874451200806731,1.0603615773366766,0.00020932116773572366,0.0012265472654803258,0.00028884898914070876,-0.0017370365646401133,-0.0003798208228987705,0.0007701883759860248,1.6288226628678386,-0.012763227686903633,-1.956894870133393,-0.22485488229106299,2.693106392672036,0.7589722615001181,7.0,1.0,48.0,48.22800064086914,48.04600143432617,4.97,19.55,46.88,0.526,0.428,2.226,0,1,0
1777637023.8210447,3538.7999999999997,1.6285288333892822,-0.012890640889303029,-1.9567998091327112,-0.22471744218935186,2.6931135654449463,0.7590688467025757,0.0019046928500756621,-0.00017896443023346364,-0.0008564726449549198,-0.00026844663079828024,0.0004218447138555348,0.00024927189224399626,0.2883911430835724,5.406189441680908,-1.0962454080581665,0.2826233208179474,0.3476715385913849,-0.2220611870288849,0.14024418856786855,-0.6583021070136246,0.9798653908746335,-0.9396272905861522,-0.874406054258946,1.0602719903522317,0.0011849518056533457,0.001260962508312637,0.000262151995934004,-0.0015089318486746894,-0.0003709603988171161,0.0022342783675470793,1.6288226628678386,-0.012763227686903633,-1.956894870133393,-0.22485488229106299,2.693106392672036,0.7589722615001181,7.0,1.0,48.0,48.22800064086914,48.04600143432617,4.97,19.55,46.88,0.526,0.428,2.226,0,1,0
1777637023.8271518,3538.808,1.6286011934280396,-0.01287871996034795,-1.956775967274801,-0.22472888628114873,2.6931254863739014,0.759128749370575,0.0019046928500756621,-0.0001661812566453591,-0.0007158577209338546,-0.00024927189224399626,0.0004218447138555348,0.00023009712458588183,0.2105713039636612,5.355835437774658,-1.0962454080581665,0.2848663628101349,0.3611297905445099,-0.2444916069507599,0.14029904649411318,-0.6583063789051284,0.9798694774224745,-0.9396151305854981,-0.8744447260801321,1.060374947415073,0.0011907949371526782,0.0011216502657914107,0.00023749826491500128,-0.0013190747677837905,-0.00036454682392316037,0.002228140081687037,1.6288226628678386,-0.012763227686903633,-1.956894870133393,-0.22485488229106299,2.693106392672036,0.7589722615001181,7.0,1.0,48.0,48.22800064086914,48.04600143432617,4.97,19.55,46.88,0.526,0.428,2.226,0,1,0
1777637023.8355696,3538.816,1.6285887956619263,-0.012914959584371388,-1.956752125416891,-0.2247532049762171,2.6931374073028564,0.7590808272361755,0.001470064977183938,-0.00015339808305725455,0.00048576059634797275,-0.00023009712458588183,0.0004218447138555348,0.0002109223569277674,0.2105713039636612,5.438232898712158,-1.1231471300125122,0.2893524467945099,0.3342132866382599,-0.2422485649585724,0.14028322707807717,-0.6583002945395864,0.9798898525627598,-0.9396291425142044,-0.8744536359586749,1.0603435925193296,0.0009639072684400896,2.7643236488474995e-05,0.0001565788678805408,-7.012226172627264e-05,-0.0002950557475602528,0.0017913974952194422,1.6288226628678386,-0.012763227686903633,-1.956894870133393,-0.22485488229106299,2.693106392672036,0.7589722615001181,7.0,1.0,48.0,48.22800064086914,48.04600143432617,4.97,19.55,46.88,0.526,0.428,2.226,0,1,0
1777637023.8410876,3538.8239999999996,1.6286131143569946,-0.012950722371236623,-1.9567878882037562,-0.22477656999696904,2.6931614875793457,0.7591167688369751,0.0014444986591115594,-0.00015339808305725455,0.00048576059634797275,-0.00023009712458588183,0.0004218447138555348,0.0002109223569277674,0.2929687798023224,5.465698719024658,-1.102970838546753,0.2826233208179474,0.3342132866382599,-0.2422485649585724,0.1402969971900876,-0.6582223391999621,0.9799272144301671,-0.9397278484654965,-0.8744385892731535,1.0604462920184288,0.000946963137068462,2.4085710741950568e-05,0.00015659205332333053,-7.011898036079966e-05,-0.00029502985042634706,0.0017658549916863436,1.6288226628678386,-0.012763227686903633,-1.956894870133393,-0.22485488229106299,2.693106392672036,0.7589722615001181,7.0,1.0,48.0,48.22800064086914,48.04600143432617,4.97,19.55,46.88,0.526,0.428,2.226,0,1,0
1777637023.848531,3538.832,1.6285767555236816,-0.012914959584371388,-1.9568236509906214,-0.22472888628114873,2.6931374073028564,0.7591167688369751,0.0014444986591115594,-0.00014061490946915,0.00048576059634797275,-0.0002109223569277674,0.0004218447138555348,0.0001917476038215682,0.3387451469898224,5.433655261993408,-1.1209052801132202,0.2803802788257599,0.3207550346851349,-0.2422485649585724,0.1402762914053242,-0.658241850972442,0.9798933840018247,-0.9396932523054978,-0.8744135479729217,1.0603875273404386,0.0009458340522900608,3.051744839531756e-06,0.00013938094211881773,-2.0661944927856445e-05,-0.0002968513486583539,0.0017591853968896346,1.6288226628678386,-0.012763227686903633,-1.956894870133393,-0.22485488229106299,2.693106392672036,0.7589722615001181,7.0,1.0,48.0,48.22800064086914,48.04600143432617,4.97,19.55,46.88,0.526,0.428,2.226,0,1,0
1777637023.855499,3538.8399999999997,1.6285648345947266,-0.012914959584371388,-1.956775967274801,-0.224741284047262,2.6931493282318115,0.7591047883033752,0.0013294500531628728,-0.00014061490946915,0.00048576059634797275,-0.0002109223569277674,0.0004026699753012508,0.0001917476038215682,0.3158569633960724,5.516052722930908,-1.134356141090393,0.2871094048023224,0.3386993706226349,-0.2512207329273224,0.1402680958280946,-0.6582827799357254,0.9798915373058252,-0.9396633360700506,-0.8744382488283168,1.0603514142870012,0.0008719706731334256,-1.230882858489684e-05,0.0001403161610467899,-2.1619287259475034e-05,-0.0002813253815485315,0.0016329295894717934,1.6288226628678386,-0.012763227686903633,-1.956894870133393,-0.22485488229106299,2.693106392672036,0.7589722615001181,7.0,1.0,48.0,48.22800064086914,48.04600143432617,4.97,19.55,46.88,0.526,0.428,2.226,0,1,0
1777637023.8635147,3538.848,1.6286011934280396,-0.012890640889303029,-1.9567878882037562,-0.224741284047262,2.6931614875793457,0.7591047883033752,0.0013294500531628728,-0.00012783173588104546,0.00048576059634797275,-0.0001917476038215682,0.00036432043998502195,0.00017257283616345376,0.3387451469898224,5.484009265899658,-1.1209052801132202,0.2781372368335724,0.3947754204273224,-0.2579498589038849,0.14029147931573713,-0.6582888253907999,0.9798753892177203,-0.9396428111578937,-0.8744756664327132,1.0603782062503293,0.0008744607101063276,-3.1696910772995016e-05,0.00012499117809687343,2.5946912954396433e-05,-0.00025206465183168783,0.0016038751664242906,1.6288226628678386,-0.012763227686903633,-1.956894870133393,-0.22485488229106299,2.693106392672036,0.7589722615001181,7.0,1.0,48.0,48.22800064086914,48.04600143432617,4.97,19.55,46.88,0.526,0.428,2.226,0,1,0
1777637023.8702772,3538.8559999999998,1.6286370754241943,-0.012926403676168263,-1.9567878882037562,-0.2247532049762171,2.6931614875793457,0.7590928077697754,0.0012144014472141862,-0.00012783173588104546,0.00048576059634797275,-0.0001917476038215682,0.00032597093377262354,0.00017257283616345376,0.2929687798023224,5.433655261993408,-1.134356141090393,0.2714081108570099,0.3274841606616974,-0.2624359428882599,0.14031173051903728,-0.6582521302957306,0.9799003191747279,-0.9396654098094689,-0.8744805804051355,1.060422501849783,0.0008023155673068335,-4.622412954957337e-05,0.0001268891627661659,2.4045815804585525e-05,-0.00022097545470751287,0.001466447326124541,1.6288226628678386,-0.012763227686903633,-1.956894870133393,-0.22485488229106299,2.693106392672036,0.7589722615001181,7.0,1.0,48.0,48.22800064086914,48.04600143432617,4.97,19.55,46.88,0.526,0.428,2.226,0,1,0
1777637023.8773768,3538.864,1.6286131143569946,-0.012926403676168263,-1.9568236509906214,-0.224741284047262,2.693173408508301,0.7590928077697754,0.0008692558039911091,-0.00011504856229294091,0.00048576059634797275,-0.00017257283616345376,0.0003067961661145091,0.00017257283616345376,0.3707886040210724,5.461121082305908,-1.1410815715789795,0.2826233208179474,0.3409424126148224,-0.2646789848804474,0.14029327974182726,-0.6582296421863054,0.9798983459249548,-0.9396974144192847,-0.8744696116679634,1.0604157421540499,0.000577936610310152,-0.00011082144179226818,0.0001140618752854736,5.498344727641172e-05,-0.0002034866454567459,0.001110156334741245,1.6288226628678386,-0.012763227686903633,-1.956894870133393,-0.22485488229106299,2.693106392672036,0.7589722615001181,7.0,1.0,48.0,48.22800064086914,48.029998779296875,4.97,19.55,46.88,0.526,0.428,2.226,0,1,0
1777637023.9415588,3538.872,1.6286011934280396,-0.012902561818258107,-1.9567878882037562,-0.2247532049762171,2.693185329437256,0.7590928077697754,0.0006775081856176257,-0.00011504856229294091,0.00048576059634797275,-0.00017257283616345376,0.00028762139845639467,0.00015339808305725455,0.3707886040210724,5.493164539337158,-1.1410815715789795,0.2691650688648224,0.3364563286304474,-0.2714081108570099,0.1402870313328543,-0.6582784276706742,0.979883281111873,-0.939663040189672,-0.8744947278487596,1.0603836282959462,0.00045138892537179714,-0.00014099274574191212,0.00011156163763086686,7.159352243451446e-05,-0.0001917184600004072,0.0009004962182845324,1.6288226628678386,-0.012763227686903633,-1.956894870133393,-0.22485488229106299,2.693106392672036,0.7589722615001181,7.0,1.0,48.0,48.22800064086914,48.029998779296875,4.97,19.55,46.88,0.526,0.428,2.226,0,1,0
1777637023.9417248,3538.872,1.6286011934280396,-0.012902561818258107,-1.9567878882037562,-0.2247532049762171,2.693185329437256,0.7590928077697754,0.0006775081856176257,-0.00011504856229294091,0.00048576059634797275,-0.00017257283616345376,0.00028762139845639467,0.00015339808305725455,0.3707886040210724,5.493164539337158,-1.1410815715789795,0.2691650688648224,0.3364563286304474,-0.2714081108570099,0.1402870313328543,-0.6582784276706742,0.979883281111873,-0.939663040189672,-0.8744947278487596,1.0603836282959462,0.00045138892537179714,-0.00014099274574191212,0.00011156163763086686,7.159352243451446e-05,-0.0001917184600004072,0.0009004962182845324,1.6288226628678386,-0.012763227686903633,-1.956894870133393,-0.22485488229106299,2.693106392672036,0.7589722615001181,7.0,1.0,48.0,48.22800064086914,48.029998779296875,6.2,17.93,47.5,0.421,0.494,2.266,0,0,1
1777637023.9453495,3538.8799999999997,1.6286730766296387,-0.012866799031392873,-1.956775967274801,-0.2246931234942835,2.693077564239502,0.7591047883033752,0.003464240115135908,-0.00011504856229294091,0.00048576059634797275,-0.00015339808305725455,0.00026844663079828024,0.00015339808305725455,0.4028320610523224,5.488586902618408,-1.1567742824554443,0.2714081108570099,0.3745880424976349,-0.2803802788257599,0.1403495059433403,-0.6583208459822314,0.9798497791144437,-0.9395242738241665,-0.8744645488626219,1.0603846281457439,0.002288209763957904,0.00024488186284531377,0.0001072190221140294,8.979653234207676e-05,-0.00017497913101448276,0.003676071338944201,1.6288226628678386,-0.012763227686903633,-1.956894870133393,-0.22485488229106299,2.693106392672036,0.7589722615001181,7.0,1.0,48.0,48.25899887084961,48.029998779296875,6.2,17.93,47.5,0.421,0.494,2.266,0,1,0
1777637023.945503,3538.888,1.6286730766296387,-0.012866799031392873,-1.9567998091327112,-0.2246931234942835,2.6931374073028564,0.7590808272361755,0.003668770892545581,-0.00010226538870483637,0.00048576059634797275,-0.00015339808305725455,0.00024927189224399626,0.00015339808305725455,0.2609253227710724,5.470276355743408,-1.192643165588379,0.2624359428882599,0.3342132866382599,-0.2803802788257599,0.14033992781163857,-0.6583083047466292,0.9798438052292057,-0.939546937366647,-0.8745246656648508,1.0603854611429708,0.002425254212724397,0.00026347419042031816,9.966249317516678e-05,0.00010159903709343893,-0.00015870125395535303,0.0038694068987597556,1.6288226628678386,-0.012763227686903633,-1.956894870133393,-0.22485488229106299,2.693106392672036,0.7589722615001181,7.0,1.0,48.0,48.25899887084961,48.029998779296875,6.2,17.93,47.5,0.421,0.494,2.266,0,1,0
1777637023.9481328,3538.8959999999997,1.6287089586257935,-0.012890640889303029,-1.9567998091327112,-0.22470504442323858,2.693185329437256,0.7591047883033752,0.00250550196506083,-0.00010226538870483637,0.0004474110610317439,-0.00015339808305725455,0.00023009712458588183,0.00013422331539914012,0.2746582329273224,5.511475086212158,-1.1904014348983765,0.2579498589038849,0.3521576225757599,-0.2848663628101349,0.14036031493848128,-0.6582761299917241,0.979864875358534,-0.939589625385819,-0.8745690212999325,1.0604621465780955,0.001657095681798357,0.0001293108414753745,9.921532367118029e-05,7.99312352596066e-05,-0.00014918976947228172,0.00268809304689894,1.6288226628678386,-0.012763227686903633,-1.956894870133393,-0.22485488229106299,2.693106392672036,0.7589722615001181,7.0,1.0,48.0,48.25899887084961,48.029998779296875,6.2,17.93,47.5,0.421,0.494,2.266,0,1,0
1777637023.950264,3538.904,1.6286730766296387,-0.012914959584371388,-1.956775967274801,-0.22472888628114873,2.6931493282318115,0.7591167688369751,0.0013933659065514803,-0.00010226538870483637,0.0004090615548193455,-0.00015339808305725455,0.00023009712458588183,0.00013422331539914012,0.3295898735523224,5.520630359649658,-1.1769505739212036,0.2601929008960724,0.3297272026538849,-0.2938385307788849,0.1403409654307265,-0.658268988200361,0.979890270620118,-0.939620913863767,-0.874498267147308,1.0604481543507536,0.0009230555278191974,5.482207370433504e-06,0.00010124938928860146,4.1646019438892255e-05,-0.00015146350726242007,0.0015758194558777483,1.6288226628678386,-0.012763227686903633,-1.956894870133393,-0.22485488229106299,2.693106392672036,0.7589722615001181,7.0,1.0,48.0,48.25899887084961,48.029998779296875,6.2,17.93,47.5,0.421,0.494,2.266,0,1,0
1777637023.9513102,3538.912,1.6286970376968384,-0.012902561818258107,-1.9567998091327112,-0.22476464906801397,2.6931493282318115,0.7591167688369751,0.0012144014472141862,-8.948221511673182e-05,0.0003707120195031166,-0.00013422331539914012,0.0002109223569277674,0.00013422331539914012,0.4028320610523224,5.566406726837158,-1.197126865386963,0.2534637749195099,0.3678589165210724,-0.2893524467945099,0.14035540969249324,-0.6582447593824527,0.9798931238337782,-0.9396536951937552,-0.8744922136974047,1.060492070694082,0.0008061341721967106,-3.4743574414913166e-06,9.044900671331355e-05,3.431022408155018e-05,-0.0001362454384936651,0.0013855686690305191,1.6288226628678386,-0.012763227686903633,-1.956894870133393,-0.22485488229106299,2.693106392672036,0.7589722615001181,7.0,1.0,48.0,48.25899887084961,48.029998779296875,6.2,17.93,47.5,0.421,0.494,2.266,0,1,0
1777637023.9535646,3538.9199999999996,1.6287330389022827,-0.012902561818258107,-1.9568117300616663,-0.22471744218935186,2.6931135654449463,0.7590928077697754,0.0012144014472141862,-8.948221511673182e-05,0.0003451456723269075,-0.00013422331539914012,0.0002109223569277674,0.00013422331539914012,0.4028320610523224,5.502319812774658,-1.1904014348983765,0.2489776909351349,0.3701019585132599,-0.3005676567554474,0.1403801456796481,-0.6582482106094685,0.9798782425903441,-0.9395890899974713,-0.8744994539348617,1.0604791791269974,0.0008048591289040914,1.8088905657108254e-05,9.180403944272948e-05,8.796504448196961e-06,-0.0001377677175758833,0.0013854708318113155,1.6288226628678386,-0.012763227686903633,-1.956894870133393,-0.22485488229106299,2.693106392672036,0.7589722615001181,7.0,1.0,48.0,48.25899887084961,48.029998779296875,6.2,17.93,47.5,0.421,0.494,2.266,0,1,0
1777637023.9536176,3538.928,1.6287569999694824,-0.012866799031392873,-1.956775967274801,-0.224741284047262,2.6931254863739014,0.7590928077697754,0.0018024274613708258,-8.948221511673182e-05,0.0003195793251506984,-0.00013422331539914012,0.0001917476038215682,0.00011504856229294091,0.3341675102710724,5.570984363555908,-1.194885015487671,0.2467346489429474,0.3117828667163849,-0.3095398247241974,0.14039786541229318,-0.6582983208838613,0.9798585237181812,-0.9395421939717592,-0.8745443731750184,1.0604777281917346,0.0011903682979556838,0.00011893356911577609,9.06624975621653e-05,-1.1097286314311024e-07,-0.0001275128735011873,0.001955491221088325,1.6288226628678386,-0.012763227686903633,-1.956894870133393,-0.22485488229106299,2.693106392672036,0.7589722615001181,7.0,1.0,48.0,48.25899887084961,48.029998779296875,6.2,17.93,47.5,0.421,0.494,2.266,0,1,0
1777637023.9536555,3538.9359999999997,1.6287449598312378,-0.012926403676168263,-1.9568117300616663,-0.224741284047262,2.6931374073028564,0.7591047883033752,0.0025694179348647594,-8.948221511673182e-05,0.00029401297797448933,-0.00013422331539914012,0.0001917476038215682,0.00011504856229294091,0.3524780571460724,5.593872547149658,-1.2083358764648438,0.2377624809741974,0.3431854546070099,-0.3117828667163849,0.14038542721455194,-0.6582171579884954,0.9799016332537307,-0.9396384550023339,-0.8745060354560483,1.0605272050119918,0.0016937774351042136,0.00024812423765468723,9.202912518343226e-05,-2.5634836456058584e-05,-0.00012901954594860972,0.0027223963117573757,1.6288226628678386,-0.012763227686903633,-1.956894870133393,-0.22485488229106299,2.693106392672036,0.7589722615001181,7.0,1.0,48.0,48.25899887084961,48.029998779296875,6.2,17.93,47.5,0.421,0.494,2.266,0,1,0
1777637023.9536839,3538.944,1.6287689208984375,-0.012890640889303029,-1.9567998091327112,-0.22472888628114873,2.6931254863739014,0.7590928077697754,0.0017001620726659894,8.948221511673182e-05,0.0002812298189383,-0.00011504856229294091,0.00017257283616345376,7.669904152862728e-05,0.0503540076315403,5.534363269805908,-1.226270318031311,0.2332763969898224,0.3768310844898224,-0.3207550346851349,0.14040359039594064,-0.6582602184341698,0.979872240364719,-0.9395686626955383,-0.8745364194511849,1.0605055685002442,0.0011277495505548183,-2.8711617502734106e-05,-3.756736235211611e-05,0.00019358643655364516,-0.00011018202771456964,0.0018285391405717844,1.6288226628678386,-0.012763227686903633,-1.956894870133393,-0.22485488229106299,2.693106392672036,0.7589722615001181,7.0,1.0,48.0,48.25899887084961,48.029998779296875,6.2,17.93,47.5,0.421,0.494,2.266,0,1,0
1777637023.957057,3538.9519999999998,1.6287569999694824,-0.012866799031392873,-1.9567878882037562,-0.22476464906801397,2.6931135654449463,0.7590808272361755,0.0017001620726659894,8.948221511673182e-05,0.00026844663079828024,-0.00011504856229294091,0.00017257283616345376,7.669904152862728e-05,0.1007080152630806,5.630493640899658,-1.2352375984191895,0.2332763969898224,0.3566437065601349,-0.3386993706226349,0.1403965478377446,-0.6582829189612196,0.9798640275565762,-0.9395637777008563,-0.8745225618376559,1.060483116498002,0.0011271416317576507,-1.7959215220457116e-05,-3.689710342170747e-05,0.00018082500006745672,-0.00011094424005317661,0.0018284915276386767,1.6288226628678386,-0.012763227686903633,-1.956894870133393,-0.22485488229106299,2.693106392672036,0.7589722615001181,7.0,1.0,48.0,48.2130012512207,48.029998779296875,6.2,17.93,47.5,0.421,0.494,2.266,0,1,0
1777637023.9634037,3538.96,1.6287089586257935,-0.012914959584371388,-1.9567878882037562,-0.2247532049762171,2.6931493282318115,0.7590928077697754,-0.002019741339609027,8.948221511673182e-05,0.0002556634717620909,0.0,0.00015339808305725455,7.669904152862728e-05,0.2746582329273224,5.667114734649658,-1.228512167930603,0.2332763969898224,0.3364563286304474,-0.3342132866382599,0.14036076182374904,-0.6582512733876791,0.979893304394535,-0.9396273662300201,-0.8745125625567601,1.0604763648237814,-0.0013180057346084597,-0.0005650421537313512,-6.691440885442117e-05,0.0002819207562506641,-8.890826708579549e-05,-0.0019023789472999632,1.6288226628678386,-0.012763227686903633,-1.956894870133393,-0.22485488229106299,2.693106392672036,0.7589722615001181,7.0,1.0,48.0,48.2130012512207,48.029998779296875,6.2,17.93,47.5,0.421,0.494,2.266,0,1,0
1777637023.9749568,3538.968,1.6287689208984375,-0.012890640889303029,-1.9567878882037562,-0.22471744218935186,2.693089485168457,0.7590688467025757,0.0007414240390062332,8.948221511673182e-05,0.00024288029817398638,0.0,0.00015339808305725455,7.669904152862728e-05,0.1922607570886612,5.630493640899658,-1.2442048788070679,0.2220611870288849,0.3342132866382599,-0.3319702446460724,0.14040511191977506,-0.6582774614760766,0.9798659458833113,-0.9395270355569142,-0.8745188271887044,1.0604677397689197,0.000498928376899397,-0.00016667862662968154,-6.624782441471471e-05,0.0002691679125487295,-8.965637786809686e-05,0.0008587352181349567,1.6288226628678386,-0.012763227686903633,-1.956894870133393,-0.22485488229106299,2.693106392672036,0.7589722615001181,7.0,1.0,48.0,48.2130012512207,48.029998779296875,6.2,17.93,47.5,0.421,0.494,2.266,0,1,0
1777637023.98203,3538.9759999999997,1.6287809610366821,-0.012902561818258107,-1.9568117300616663,-0.22472888628114873,2.6931374073028564,0.7591047883033752,0.0007414240390062332,8.948221511673182e-05,0.00023009712458588183,0.0,0.00015339808305725455,7.669904152862728e-05,0.1968383938074112,5.644226551055908,-1.2554138898849487,0.2220611870288849,0.3656158745288849,-0.3476715385913849,0.14041055878481018,-0.6582363092581638,0.9798823600892226,-0.9395943395275383,-0.8745406852030243,1.060539916282558,0.0004982548392243916,-0.0001559112502179945,-6.555825342179693e-05,0.00025640675823156107,-9.041036172796465e-05,0.0008586892319860061,1.6288226628678386,-0.012763227686903633,-1.956894870133393,-0.22485488229106299,2.693106392672036,0.7589722615001181,7.0,1.0,48.0,48.2130012512207,48.029998779296875,6.2,17.93,47.5,0.421,0.494,2.266,0,1,0
1777637023.9846349,3538.984,1.6287689208984375,-0.01287871996034795,-1.9567998091327112,-0.22476464906801397,2.6931374073028564,0.7590808272361755,0.0007414240390062332,8.948221511673182e-05,0.00021731395099777728,0.0,0.00015339808305725455,7.669904152862728e-05,0.1602173000574112,5.722046375274658,-1.2419630289077759,0.2108459621667862,0.3364563286304474,-0.3499145805835724,0.14040095145630518,-0.6582620523948842,0.97987141605415,-0.9395860964165386,-0.8745434892448339,1.060508998772418,0.0004976276207774401,-0.00014515299815159337,-6.488836093650752e-05,0.0002436452090762711,-9.117401006425836e-05,0.0008586409671512989,1.6288226628678386,-0.012763227686903633,-1.956894870133393,-0.22485488229106299,2.693106392672036,0.7589722615001181,7.0,1.0,48.0,48.2130012512207,48.029998779296875,6.2,17.93,47.5,0.421,0.494,2.266,0,1,0
1777637023.991877,3538.9919999999997,1.6287689208984375,-0.012926403676168263,-1.9568360487567347,-0.224741284047262,2.6931493282318115,0.7590688467025757,0.0007414240390062332,8.948221511673182e-05,0.00020453077740967274,0.0,0.00013422331539914012,7.669904152862728e-05,0.1602173000574112,5.657959461212158,-1.2845574617385864,0.2018737941980362,0.3656158745288849,-0.3521576225757599,0.14039476663094874,-0.6582014050150072,0.9798959010000403,-0.9396352678211426,-0.8745352920581396,1.0605309313604143,0.0004987515490692413,-0.00013360014093268994,-6.324859600727076e-05,0.00022992729188080235,-7.639089044786187e-05,0.0008474021933265392,1.6288226628678386,-0.012763227686903633,-1.956894870133393,-0.22485488229106299,2.693106392672036,0.7589722615001181,7.0,1.0,48.0,48.2130012512207,48.029998779296875,6.2,17.93,47.5,0.421,0.494,2.266,0,1,0
1777637023.9989433,3539.0,1.6287449598312378,-0.012854878102437794,-1.9567998091327112,-0.22478896776308233,2.6931493282318115,0.7590808272361755,0.0006519418675452471,8.948221511673182e-05,0.0001917476038215682,0.0,0.00013422331539914012,7.669904152862728e-05,0.2105713039636612,5.616760730743408,-1.275590181350708,0.2041168361902237,0.3364563286304474,-0.3521576225757599,0.1403847254482266,-0.6582784815628943,0.9798616555482402,-0.9395978730302949,-0.8745422429236416,1.0604905183163462,0.00043925434431783963,-0.00013540278513410952,-6.259195654671057e-05,0.00021716535666116025,-7.716300162892518e-05,0.0007578663676126207,1.6288226628678386,-0.012763227686903633,-1.956894870133393,-0.22485488229106299,2.693106392672036,0.7589722615001181,7.0,1.0,48.0,48.2130012512207,48.029998779296875,6.2,17.93,47.5,0.421,0.494,2.266,0,1,0
1777637024.0065413,3539.008,1.6287569999694824,-0.01287871996034795,-1.9568117300616663,-0.2247532049762171,2.6931614875793457,0.759044885635376,0.0005368932615965605,8.948221511673182e-05,0.0001917476038215682,0.0,0.00013422331539914012,7.669904152862728e-05,0.1556396633386612,5.685425281524658,-1.2666230201721191,0.1996307522058487,0.3454284965991974,-0.3588867485523224,0.1403863847249867,-0.6582659062101267,0.9798612795650848,-0.9395776423249308,-0.8745750341374553,1.0604720936268346,0.00036351739389160054,-0.00015155081416774806,-6.258876584993779e-05,0.00021716593525007653,-7.716088656867469e-05,0.0006428170829627037,1.6288226628678386,-0.012763227686903633,-1.956894870133393,-0.22485488229106299,2.693106392672036,0.7589722615001181,7.0,1.0,47.986000061035156,48.2130012512207,48.04600143432617,6.2,17.93,47.5,0.421,0.494,2.266,0,1,0
1777637024.0137296,3539.0159999999996,1.6287928819656372,-0.012926403676168263,-1.9567878882037562,-0.22472888628114873,2.693185329437256,0.7591047883033752,0.00046019424917176366,8.948221511673182e-05,0.00017896443023346364,0.0,0.00013422331539914012,7.669904152862728e-05,0.1647949367761612,5.685425281524658,-1.2867993116378784,0.1951446682214737,0.3611297905445099,-0.3701019585132599,0.14041389850527392,-0.6582364181400181,0.9798945977753262,-0.9396017036539134,-0.8745957940100437,1.0605578102194604,0.00031237674364313113,-0.00015154186301667285,-6.190507937397485e-05,0.00020440758899121207,-7.791497893019918e-05,0.0005660684242372941,1.6288226628678386,-0.012763227686903633,-1.956894870133393,-0.22485488229106299,2.693106392672036,0.7589722615001181,7.0,1.0,47.986000061035156,48.2130012512207,48.04600143432617,6.2,17.93,47.5,0.421,0.494,2.266,0,1,0
1777637024.024725,3539.024,1.6287569999694824,-0.012890640889303029,-1.9567998091327112,-0.22477656999696904,2.6931614875793457,0.7590688467025757,0.0003962783666793257,8.948221511673182e-05,0.0001661812566453591,0.0,0.00011504856229294091,-0.0004410194815136492,0.1602173000574112,5.699158191680908,-1.3047337532043457,0.1951446682214737,0.3633728325366974,-0.3745880424976349,0.14038863224238557,-0.6582533388987818,0.9798792961474639,-0.9396105557667224,-0.8745562268354978,1.0605042546231322,0.0002127114173901102,-0.00025842791403050415,-0.0001529434913578398,0.0006650025814269515,-0.00016450403392865247,0.0003098481677714998,1.6288226628678386,-0.012763227686903633,-1.956894870133393,-0.22485488229106299,2.693106392672036,0.7589722615001181,7.0,1.0,47.986000061035156,48.2130012512207,48.04600143432617,6.2,17.93,47.5,0.421,0.494,2.266,0,1,0
1777637024.0280273,3539.0319999999997,1.6287689208984375,-0.012902561818258107,-1.9568117300616663,-0.2248004118548792,2.6931254863739014,0.7590808272361755,0.0003579288604669273,8.948221511673182e-05,0.0001661812566453591,0.0,0.00011504856229294091,-0.0004410194815136492,0.1693725734949112,5.740356922149658,-1.327151894569397,0.1906585842370987,0.3431854546070099,-0.3768310844898224,0.14039955882032068,-0.6582199113784579,0.9798983365371661,-0.9396454743456719,-0.8745022054721124,1.0605427428103078,0.00018745525010426044,-0.0002638159460854123,-0.00015292772684645278,0.0006649984619197287,-0.00016450905568649867,0.00027149676461075446,1.6288226628678386,-0.012763227686903633,-1.956894870133393,-0.22485488229106299,2.693106392672036,0.7589722615001181,7.0,1.0,47.986000061035156,48.2130012512207,48.04600143432617,6.2,17.93,47.5,0.421,0.494,2.266,0,1,0
1777637024.031261,3539.0319999999997,1.6287689208984375,-0.012902561818258107,-1.9568117300616663,-0.2248004118548792,2.6931254863739014,0.7590808272361755,0.0003579288604669273,8.948221511673182e-05,0.0001661812566453591,0.0,0.00011504856229294091,-0.0004410194815136492,0.1693725734949112,5.740356922149658,-1.327151894569397,0.1906585842370987,0.3431854546070099,-0.3768310844898224,0.14039955882032068,-0.6582199113784579,0.9798983365371661,-0.9396454743456719,-0.8745022054721124,1.0605427428103078,0.00018745525010426044,-0.0002638159460854123,-0.00015292772684645278,0.0006649984619197287,-0.00016450905568649867,0.00027149676461075446,1.6288226628678386,-0.012763227686903633,-1.956894870133393,-0.22485488229106299,2.693106392672036,0.7589722615001181,7.0,1.0,47.986000061035156,48.2130012512207,48.04600143432617,5.91,17.29,47.62,0.421,0.525,2.31,0,0,1
1777637024.035179,3539.04,1.6287689208984375,-0.012926403676168263,-1.9568117300616663,-0.22476464906801397,2.6931254863739014,0.759044885635376,0.0003195793251506984,8.948221511673182e-05,0.00015339808305725455,0.0,0.00011504856229294091,-0.001859951764345169,0.1647949367761612,5.740356922149658,-1.3137010335922241,0.1772003322839737,0.3364563286304474,-0.3858032524585724,0.14039504217684295,-0.6582185636708062,0.9798979282325322,-0.9396161432290185,-0.8745209471560009,1.0605061583660234,5.040176458539017e-07,-0.000558429664546979,-0.000406197888321118,0.001952194338911503,-0.00044310684771358864,-0.00026317775397728465,1.6288226628678386,-0.012763227686903633,-1.956894870133393,-0.22485488229106299,2.693106392672036,0.7589722615001181,7.0,1.0,47.986000061035156,48.2130012512207,48.04600143432617,5.91,17.29,47.62,0.421,0.525,2.31,0,1,0
1777637024.0422413,3539.048,1.6287569999694824,-0.012890640889303029,-1.956775967274801,-0.2248004118548792,2.6931493282318115,0.7590089440345764,0.0002812298189383,8.948221511673182e-05,0.00015339808305725455,-0.00036432043998502195,0.00011504856229294091,-0.001859951764345169,0.1968383938074112,5.749512195587158,-1.2957664728164673,0.1727142482995987,0.3521576225757599,-0.3880462944507599,0.14038368974642812,-0.6582780267528272,0.9798744700190756,-0.9395762380897656,-0.8745672912470045,1.0604510466725103,-3.226570774240715e-05,-0.0004483668768942127,-0.00030601105427123564,0.0015886141075851783,-0.000466103497489433,-0.00030238283521093727,1.6288226628678386,-0.012763227686903633,-1.956894870133393,-0.22485488229106299,2.693106392672036,0.7589722615001181,7.0,1.0,47.986000061035156,48.2130012512207,48.04600143432617,5.91,17.29,47.62,0.421,0.525,2.31,0,1,0
1777637024.0496182,3539.056,1.6287449598312378,-0.012890640889303029,-1.9567878882037562,-0.2247532049762171,2.6931614875793457,0.7589969635009766,0.0002556634717620909,0.00021731395099777728,0.00015339808305725455,-0.00036432043998502195,0.00011504856229294091,-0.001859951764345169,0.1647949367761612,5.776978015899658,-1.3069756031036377,0.1906585842370987,0.3297272026538849,-0.3970184624195099,0.1403736319279095,-0.6582876683404264,0.9798593699688026,-0.9395463247103257,-0.8745919298958108,1.0604148909636653,-4.278131932709982e-05,-0.0005606600365400206,-0.0003910849377588339,0.0017162335190617074,-0.0004586887205511864,-0.0003279408702172957,1.6288226628678386,-0.012763227686903633,-1.956894870133393,-0.22485488229106299,2.693106392672036,0.7589722615001181,7.0,1.0,47.986000061035156,48.2130012512207,48.04600143432617,5.91,17.29,47.62,0.421,0.525,2.31,0,1,0
1777637024.0567448,3539.064,1.6287449598312378,-0.012890640889303029,-1.9568360487567347,-0.2248004118548792,2.6931493282318115,0.759044885635376,0.00024288029817398638,0.00021731395099777728,0.00014061490946915,-0.00036432043998502195,9.58738019107841e-05,-0.0014764565275982022,0.1831054836511612,5.772400379180908,-1.3473281860351562,0.1659851223230362,0.3319702446460724,-0.3992615044116974,0.14037681702722773,-0.658221517601719,0.979884085885639,-0.9396515973323942,-0.8745220181942666,1.0605013724970405,-6.516029823526383e-06,-0.000469857514564998,-0.0003207622336346032,0.001351169403954847,-0.0003688824793945395,-0.00021781276925246274,1.6288226628678386,-0.012763227686903633,-1.956894870133393,-0.22485488229106299,2.693106392672036,0.7589722615001181,7.0,1.0,47.986000061035156,48.2130012512207,48.04600143432617,5.91,17.29,47.62,0.421,0.525,2.31,0,1,0
1777637024.065914,3539.0719999999997,1.6287689208984375,-0.012866799031392873,-1.9567878882037562,-0.22478896776308233,2.693185329437256,0.7590329051017761,0.00021731395099777728,0.00021731395099777728,-0.00014061490946915,-0.00036432043998502195,9.58738019107841e-05,-0.0010929612908512354,0.1785278469324112,5.795288562774658,-1.3518117666244507,0.1637420803308487,0.3386993706226349,-0.3970184624195099,0.14039166792894414,-0.6582866388715157,0.9798586035931752,-0.9395730316503607,-0.874610531639519,1.0604757654978072,6.047092865262021e-06,-0.00015550039114115076,-0.00023725861195967817,0.0007191192724289779,-0.0003104432011549181,-0.0001103223722480309,1.6288226628678386,-0.012763227686903633,-1.956894870133393,-0.22485488229106299,2.693106392672036,0.7589722615001181,7.0,1.0,47.986000061035156,48.2130012512207,48.04600143432617,5.91,17.29,47.62,0.421,0.525,2.31,0,1,0
1777637024.0714,3539.08,1.6287569999694824,-0.012902561818258107,-1.9568117300616663,-0.22481280962099248,2.693173408508301,0.7589969635009766,0.00020453077740967274,0.00021731395099777728,-0.00014061490946915,-0.0011888351291418076,9.58738019107841e-05,-0.0008820389630272985,0.1739502102136612,5.786133289337158,-1.3495699167251587,0.1794433742761612,0.3499145805835724,-0.4082336723804474,0.1403774062929118,-0.6582373693596815,0.9798843761241862,-0.9396280664070932,-0.8745717190509509,1.0604745228870192,4.4766414688199725e-06,0.00014852072599737007,2.7332805593301975e-05,-0.0002969933318936679,-0.0003212826210869795,-5.128912306309166e-05,1.6288226628678386,-0.012763227686903633,-1.956894870133393,-0.22485488229106299,2.693106392672036,0.7589722615001181,7.0,1.0,47.986000061035156,48.2130012512207,48.029998779296875,5.91,17.29,47.62,0.421,0.525,2.31,0,1,0
1777637024.0818322,3539.0879999999997,1.6287569999694824,-0.012866799031392873,-1.9567998091327112,-0.22482473054994756,2.6931374073028564,0.7589609622955322,0.0001917476038215682,0.00021731395099777728,-0.00014061490946915,-0.0011888351291418076,9.58738019107841e-05,-0.0008245147182606161,0.1831054836511612,5.822754383087158,-1.3876807689666748,0.1772003322839737,0.3925323784351349,-0.3947754204273224,0.14037884252244276,-0.658280170937393,0.9798585605889172,-0.939569449661624,-0.8745639641304985,1.0604200777758508,2.5915841484359242e-06,0.00015888947613172926,3.7636138872891367e-05,-0.0003497075035414812,-0.00031002730163376684,-4.398757461300176e-05,1.6288226628678386,-0.012763227686903633,-1.956894870133393,-0.22485488229106299,2.693106392672036,0.7589722615001181,7.0,1.0,47.95500183105469,48.2130012512207,48.029998779296875,5.91,17.29,47.62,0.421,0.525,2.31,0,1,0
1777637024.0856693,3539.096,1.6287928819656372,-0.012902561818258107,-1.9568360487567347,-0.2248004118548792,2.6931493282318115,0.7589489817619324,0.00017896443023346364,0.00021731395099777728,-0.00014061490946915,-0.0011888351291418076,9.58738019107841e-05,-0.0008245147182606161,0.1968383938074112,5.877686023712158,-1.3540536165237427,0.1973877102136612,0.3611297905445099,-0.3835602104663849,0.14039688587448765,-0.6582249276057694,0.9798748527671846,-0.9395948746833342,-0.8745808109846149,1.0604662769958277,-5.835306233859398e-06,0.00015709588091098706,3.763031722551992e-05,-0.00034969186150813746,-0.0003100456014507601,-5.6749725721267594e-05,1.6288226628678386,-0.012763227686903633,-1.956894870133393,-0.22485488229106299,2.693106392672036,0.7589722615001181,7.0,1.0,47.95500183105469,48.2130012512207,48.029998779296875,5.91,17.29,47.62,0.421,0.525,2.31,0,1,0
1777637024.0930624,3539.104,1.6287689208984375,-0.01287871996034795,-1.9568360487567347,-0.22483665147890264,2.6931493282318115,0.7590089440345764,0.0001661812566453591,0.00021731395099777728,-0.00014061490946915,-0.0011888351291418076,9.58738019107841e-05,-0.0008245147182606161,0.2151489406824112,5.799866199493408,-1.3675044775009155,0.2108459621667862,0.3611297905445099,-0.3835602104663849,0.14038834719257637,-0.6582244096522949,0.9798796919089331,-0.9396456090209424,-0.8745393385603495,1.0605031493137862,-1.4247056179012547e-05,0.00015530952780815768,3.76247224570936e-05,-0.0003496991037426494,-0.0003100400824790193,-6.952940631937306e-05,1.6288226628678386,-0.012763227686903633,-1.956894870133393,-0.22485488229106299,2.693106392672036,0.7589722615001181,7.0,1.0,47.95500183105469,48.2130012512207,48.029998779296875,5.91,17.29,47.62,0.421,0.525,2.31,0,1,0
1777637024.1000507,3539.1119999999996,1.6287449598312378,-0.012866799031392873,-1.9567998091327112,-0.22481280962099248,2.6931614875793457,0.7589609622955322,0.0001661812566453591,0.00021731395099777728,-0.00014061490946915,-0.0009587380336597562,9.58738019107841e-05,-0.0008245147182606161,0.1876831203699112,5.877686023712158,-1.3809553384780884,0.1973877102136612,0.3745880424976349,-0.3678589165210724,0.14036888785505972,-0.6582866333227049,0.9798540935788785,-0.9395690928325557,-0.8745865620541212,1.0604076708432415,-9.464505609496494e-06,8.239881137678858e-05,-2.567018603499808e-05,-0.0001200666313715303,-0.0002954739505803857,-6.899430880402961e-05,1.6288226628678386,-0.012763227686903633,-1.956894870133393,-0.22485488229106299,2.693106392672036,0.7589722615001181,7.0,1.0,47.95500183105469,48.2130012512207,48.029998779296875,5.91,17.29,47.62,0.421,0.525,2.31,0,1,0
1777637024.1072464,3539.12,1.6287689208984375,-0.012866799031392873,-1.9568474928485315,-0.22482473054994756,2.6931374073028564,0.7590329051017761,0.00015339808305725455,0.0004218447138555348,-0.00014061490946915,-0.0007861651829443872,9.58738019107841e-05,-0.0008245147182606161,0.1922607570886612,5.827332019805908,-1.416824221611023,0.1996307522058487,0.3431854546070099,-0.3835602104663849,0.1403924529132649,-0.658223128120033,0.9798739631748977,-0.9396445083087962,-0.8745229894463492,1.060515561558465,-4.216636078555118e-06,-0.0001480165584424055,-0.0002092246294133974,0.0002563481787142216,-0.00027274996658920904,-8.13448166006279e-05,1.6288226628678386,-0.012763227686903633,-1.956894870133393,-0.22485488229106299,2.693106392672036,0.7589722615001181,7.0,1.0,47.95500183105469,48.2130012512207,48.029998779296875,5.91,17.29,47.62,0.421,0.525,2.31,0,1,0
1777637024.114911,3539.1279999999997,1.6287689208984375,-0.012842957173482716,-1.9568718115436,-0.2248604933368128,2.693209409713745,0.7590089440345764,0.00014061490946915,0.0004218447138555348,-0.00014061490946915,-0.0006711166352033615,7.669904152862728e-05,-0.0007861651829443872,0.1876831203699112,5.845642566680908,-1.40337336063385,0.2041168361902237,0.3431854546070099,-0.3768310844898224,0.14038213891657178,-0.6582196360335704,0.979861389292538,-0.9396810012883579,-0.8745904554940502,1.060524390239728,-4.0668058537057035e-06,-0.00017736160467135326,-0.00023307215661931208,0.00033509859400013866,-0.00024241055828872187,-9.158746649967655e-05,1.6288226628678386,-0.012763227686903633,-1.956894870133393,-0.22485488229106299,2.693106392672036,0.7589722615001181,7.0,1.0,47.95500183105469,48.2130012512207,48.029998779296875,5.91,17.29,47.62,0.421,0.525,2.31,0,1,0
1777637024.1216788,3539.136,1.6287928819656372,-0.012842957173482716,-1.9568236509906214,-0.22489673296083623,2.6931254863739014,0.7590089440345764,0.00014061490946915,0.0004218447138555348,-0.00014061490946915,-0.0005752427969127893,7.669904152862728e-05,-0.0006519418675452471,0.1693725734949112,5.863953113555908,-1.3495699167251587,0.1973877102136612,0.3566437065601349,-0.3835602104663849,0.1404075196729836,-0.6582418811280208,0.9798729447570926,-0.9396420022531753,-0.8745237140202976,1.0605256421264577,1.31454123407849e-05,-0.00017935488071837437,-0.00023542706952781392,0.0003077901888991242,-0.00021009328757307682,-4.446762048156171e-05,1.6288226628678386,-0.012763227686903633,-1.956894870133393,-0.22485488229106299,2.693106392672036,0.7589722615001181,7.0,1.0,47.95500183105469,48.2130012512207,48.029998779296875,5.91,17.29,47.62,0.421,0.525,2.31,0,1,0
1777637024.1289124,3539.144,1.6287928819656372,-0.012831036244527638,-1.9568360487567347,-0.22483665147890264,2.6931493282318115,0.7590089440345764,0.00012783173588104546,0.0004218447138555348,-0.00014061490946915,-0.000517718552146107,7.669904152862728e-05,-0.0005752427969127893,0.2014160305261612,5.873108386993408,-1.3562953472137451,0.1973877102136612,0.3633728325366974,-0.3858032524585724,0.14040647557834657,-0.658261599718776,0.9798479661741462,-0.9395958176677605,-0.8745720850463338,1.0604997703133234,1.4635204918449815e-05,-0.00018315486205571413,-0.0002375294196624274,0.0002949356820782258,-0.00019142148033639714,-3.0291583678571213e-05,1.6288226628678386,-0.012763227686903633,-1.956894870133393,-0.22485488229106299,2.693106392672036,0.7589722615001181,7.0,1.0,47.95500183105469,48.2130012512207,48.029998779296875,5.91,17.29,47.62,0.421,0.525,2.31,0,1,0
1777637024.137325,3539.152,1.6287928819656372,-0.012842957173482716,-1.9568598906146448,-0.22482473054994756,2.6931254863739014,0.7589969635009766,0.00012783173588104546,0.0004218447138555348,-0.00014061490946915,-0.00046019424917176366,7.669904152862728e-05,-0.0004985437844879925,0.1647949367761612,5.900574207305908,-1.3406027555465698,0.1996307522058487,0.3611297905445099,-0.3813171684741974,0.14040582509301686,-0.6582367058223824,0.9798529124911977,-0.9396044787930341,-0.87454277234482,1.0604976359536444,2.4526544300581164e-05,-0.00018516420546927693,-0.00023962106935151853,0.0002820712141225066,-0.00017277893973319247,-3.3344308285358434e-06,1.6288226628678386,-0.012763227686903633,-1.956894870133393,-0.22485488229106299,2.693106392672036,0.7589722615001181,7.0,1.0,47.95500183105469,48.2130012512207,48.029998779296875,5.91,17.29,47.62,0.421,0.525,2.31,0,1,0
1777637024.1438675,3539.16,1.6287569999694824,-0.012831036244527638,-1.9568360487567347,-0.22481280962099248,2.6931493282318115,0.7590089440345764,0.00011504856229294091,0.0006263754912652075,-0.00014061490946915,-0.0004026699753012508,7.669904152862728e-05,-0.00046019424917176366,0.1693725734949112,5.937195301055908,-1.358537197113037,0.1906585842370987,0.4104767143726349,-0.3813171684741974,0.14038334963006688,-0.6582741909985287,0.9798414068385267,-0.9395875920384815,-0.874562012965758,1.0604572150441929,3.1758918898543726e-05,-0.0003710208400845867,-0.0003846788398275915,0.000508531914260136,-0.0001497893193577209,-2.5496554271883993e-06,1.6288226628678386,-0.012763227686903633,-1.956894870133393,-0.22485488229106299,2.693106392672036,0.7589722615001181,7.0,1.0,48.029998779296875,48.2130012512207,48.029998779296875,5.91,17.29,47.62,0.421,0.525,2.31,0,1,0
1777637024.1511064,3539.1679999999997,1.6288049221038818,-0.012866799031392873,-1.9568598906146448,-0.22481280962099248,2.6931254863739014,0.7589849233627319,0.00011504856229294091,0.0006263754912652075,-0.00014061490946915,-0.0003834952076431364,7.669904152862728e-05,-0.0004026699753012508,0.2014160305261612,5.809021472930908,-1.358537197113037,0.1951446682214737,0.3611297905445099,-0.3790741264820099,0.1404114522844809,-0.6582210608755683,0.9798633406819175,-0.9396042555238128,-0.8745491604681093,1.0605036574257818,3.869597525652956e-05,-0.0003649434207142967,-0.0003796375639842933,0.00047497008669822826,-0.0001373030016634867,1.7617353857785187e-05,1.6288226628678386,-0.012763227686903633,-1.956894870133393,-0.22485488229106299,2.693106392672036,0.7589722615001181,7.0,1.0,48.029998779296875,48.22800064086914,48.029998779296875,5.91,17.29,47.62,0.421,0.525,2.31,0,1,0
1777637024.158105,3539.176,1.6287689208984375,-0.012854878102437794,-1.9568718115436,-0.22481280962099248,2.6931493282318115,0.7589729428291321,0.00011504856229294091,0.0006263754912652075,-0.00014061490946915,-0.0003451456723269075,7.669904152862728e-05,-0.00036432043998502195,0.1464843899011612,5.767822742462158,-1.3338773250579834,0.1973877102136612,0.3835602104663849,-0.3790741264820099,0.1403841303442627,-0.6582297328693161,0.979852721251149,-0.9396163674184139,-0.8745581172545888,1.0604663274714514,4.3833238168003804e-05,-0.00036898241735322973,-0.00038332688677469157,0.00047810736673801194,-0.0001273821680717997,3.1127579998479164e-05,1.6288226628678386,-0.012763227686903633,-1.956894870133393,-0.22485488229106299,2.693106392672036,0.7589722615001181,7.0,1.0,48.029998779296875,48.22800064086914,48.029998779296875,5.91,17.29,47.62,0.421,0.525,2.31,0,1,0
1777637024.165235,3539.1839999999997,1.6287569999694824,-0.012831036244527638,-1.9568236509906214,-0.22478896776308233,2.693173408508301,0.7589969635009766,0.00010226538870483637,0.0006263754912652075,-0.00014061490946915,-0.00032597093377262354,7.669904152862728e-05,-0.0003451456723269075,0.1968383938074112,5.671692371368408,-1.3473281860351562,0.1996307522058487,0.3521576225757599,-0.3790741264820099,0.14038083230883747,-0.6582957140272973,0.9798308584245515,-0.9395555512580344,-0.8746058384576215,1.060432772869003,3.7996355047851444e-05,-0.00037278895673813596,-0.0003851989803180597,0.00047967798357050604,-0.00012240963666214558,2.5087736827203037e-05,1.6288226628678386,-0.012763227686903633,-1.956894870133393,-0.22485488229106299,2.693106392672036,0.7589722615001181,7.0,1.0,48.029998779296875,48.22800064086914,48.029998779296875,5.91,17.29,47.62,0.421,0.525,2.31,0,1,0
1777637024.1722236,3539.192,1.6287809610366821,-0.012890640889303029,-1.9567998091327112,-0.22483665147890264,2.6931254863739014,0.7590209245681763,0.00010226538870483637,0.0006263754912652075,-0.00014061490946915,-0.00028762139845639467,7.669904152862728e-05,-0.0003067961661145091,0.1602173000574112,5.680847644805908,-1.3338773250579834,0.1996307522058487,0.3544006645679474,-0.3790741264820099,0.14040112339330793,-0.658239582953097,0.9798890230619781,-0.9396207187577551,-0.8745271664359597,1.0605078817867872,4.314446709592543e-05,-0.00037685951583111394,-0.0003888609531552992,0.00048281341211035963,-0.00011248070573223413,3.8592103866456627e-05,1.6288226628678386,-0.012763227686903633,-1.956894870133393,-0.22485488229106299,2.693106392672036,0.7589722615001181,7.0,1.0,48.029998779296875,48.22800064086914,48.029998779296875,5.91,17.29,47.62,0.421,0.525,2.31,0,1,0
1777637024.1744487,3539.192,1.6287809610366821,-0.012890640889303029,-1.9567998091327112,-0.22483665147890264,2.6931254863739014,0.7590209245681763,0.00010226538870483637,0.0006263754912652075,-0.00014061490946915,-0.00028762139845639467,7.669904152862728e-05,-0.0003067961661145091,0.1602173000574112,5.680847644805908,-1.3338773250579834,0.1996307522058487,0.3544006645679474,-0.3790741264820099,0.14040112339330793,-0.658239582953097,0.9798890230619781,-0.9396207187577551,-0.8745271664359597,1.0605078817867872,4.314446709592543e-05,-0.00037685951583111394,-0.0003888609531552992,0.00048281341211035963,-0.00011248070573223413,3.8592103866456627e-05,1.6288226628678386,-0.012763227686903633,-1.956894870133393,-0.22485488229106299,2.693106392672036,0.7589722615001181,7.0,1.0,48.029998779296875,48.22800064086914,48.029998779296875,5.67,17.79,47.3,0.478,0.488,2.308,0,0,1
1777637024.2634902,3539.2,1.6287809610366821,-0.012818638478414357,-1.9568474928485315,-0.2248004118548792,2.6931374073028564,0.7589849233627319,0.00010226538870483637,0.0005241101025603712,-0.00014061490946915,-0.00026844663079828024,7.669904152862728e-05,-0.00028762139845639467,0.1739502102136612,5.712891101837158,-1.3450863361358643,0.1973877102136612,0.3701019585132599,-0.3813171684741974,0.14039781541040972,-0.6582802459193675,0.9798266417772815,-0.9395521090096516,-0.8745779030802799,1.0604485926841765,4.0668909333870454e-05,-0.0002918747985777442,-0.00032267873860717555,0.00038229024223177904,-0.0001134331378783479,4.532903248370973e-05,1.6288226628678386,-0.012763227686903633,-1.956894870133393,-0.22485488229106299,2.693106392672036,0.7589722615001181,7.0,1.0,48.029998779296875,48.22800064086914,48.029998779296875,5.67,17.79,47.3,0.478,0.488,2.308,0,1,0
1777637024.2636914,3539.2079999999996,1.6287689208984375,-0.0127947966205042,-1.9568718115436,-0.22482473054994756,2.6931254863739014,0.7590209245681763,8.948221511673182e-05,0.0004474110610317439,-0.00014061490946915,-0.00024927189224399626,7.669904152862728e-05,-0.00026844663079828024,0.1785278469324112,5.722046375274658,-1.3473281860351562,0.1929016262292862,0.3947754204273224,-0.3835602104663849,0.1403945512831703,-0.6582659227489366,0.9798257891477573,-0.9395939937863241,-0.8745351050413342,1.0604794366154218,3.1032338881887094e-05,-0.00023045932133840564,-0.0002734835857354304,0.0003072866711431197,-0.00011291706635397513,3.9291827334396914e-05,1.6288226628678386,-0.012763227686903633,-1.956894870133393,-0.22485488229106299,2.693106392672036,0.7589722615001181,7.0,1.0,48.029998779296875,48.22800064086914,48.029998779296875,5.67,17.79,47.3,0.478,0.488,2.308,0,1,0
1777637024.2683973,3539.216,1.6287569999694824,-0.012866799031392873,-1.9568360487567347,-0.2248004118548792,2.693185329437256,0.7590089440345764,8.948221511673182e-05,0.0003834952076431364,-0.00014061490946915,-0.00024927189224399626,7.669904152862728e-05,-0.00024927189224399626,0.2059936672449112,5.657959461212158,-1.3361190557479858,0.1884155422449112,0.3633728325366974,-0.3835602104663849,0.14037843728618057,-0.6582491920890782,0.9798600160318848,-0.9396165375139689,-0.8745888493845299,1.0604746831026148,3.0053055644272303e-05,-0.0001720656675483865,-0.00022752197096227231,0.00022591579213471365,-0.0001128594775322162,4.600486061486242e-05,1.6288226628678386,-0.012763227686903633,-1.956894870133393,-0.22485488229106299,2.693106392672036,0.7589722615001181,7.0,1.0,48.029998779296875,48.22800064086914,48.029998779296875,5.67,17.79,47.3,0.478,0.488,2.308,0,1,0
1777637024.2684877,3539.2239999999997,1.6288049221038818,-0.012842957173482716,-1.9567998091327112,-0.22482473054994756,2.6931614875793457,0.7590209245681763,8.948221511673182e-05,0.0003451456723269075,-0.00014061490946915,-0.00023009712458588183,5.752428114647046e-05,-0.00024927189224399626,0.1831054836511612,5.690002918243408,-1.360779047012329,0.2041168361902237,0.3364563286304474,-0.3813171684741974,0.14041609689625267,-0.6582820383544857,0.9798522421032813,-0.939569236771196,-0.8746012143397904,1.0605042920977255,3.0376928169888538e-05,-0.0001447267691952958,-0.000206343288498323,0.0002058127441604613,-9.832302680027602e-05,3.484255358474798e-05,1.6288226628678386,-0.012763227686903633,-1.956894870133393,-0.22485488229106299,2.693106392672036,0.7589722615001181,7.0,1.0,48.029998779296875,48.22800064086914,48.01499938964844,5.67,17.79,47.3,0.478,0.488,2.308,0,1,0
1777637024.2700574,3539.232,1.6287809610366821,-0.012854878102437794,-1.9568598906146448,-0.22481280962099248,2.6931614875793457,0.7589849233627319,8.948221511673182e-05,0.0003067961661145091,-0.00014061490946915,-0.0002109223569277674,5.752428114647046e-05,-0.00023009712458588183,0.1831054836511612,5.740356922149658,-1.3406027555465698,0.1973877102136612,0.3319702446460724,-0.3813171684741974,0.1403928670441449,-0.658236052113337,0.9798536346447967,-0.9396109981350548,-0.8745773004450375,1.060482889536914,3.104816082758303e-05,-0.00011413421552940817,-0.0001826630493769645,0.000169094511456405,-9.558669304391837e-05,4.159712622636412e-05,1.6288226628678386,-0.012763227686903633,-1.956894870133393,-0.22485488229106299,2.693106392672036,0.7589722615001181,7.0,1.0,48.029998779296875,48.22800064086914,48.01499938964844,5.67,17.79,47.3,0.478,0.488,2.308,0,1,0
1777637024.271505,3539.24,1.6287809610366821,-0.012831036244527638,-1.9568474928485315,-0.22483665147890264,2.693173408508301,0.7590089440345764,8.948221511673182e-05,0.0002812298189383,-0.00014061490946915,-0.0002109223569277674,5.752428114647046e-05,-0.0002109223569277674,0.1831054836511612,5.754089832305908,-1.324910044670105,0.2018737941980362,0.3633728325366974,-0.3880462944507599,0.14039577560036418,-0.6582546308263789,0.9798473855631388,-0.9396157748344112,-0.8745852021622376,1.0604990767350573,3.196322583408112e-05,-8.833416447497785e-05,-0.00016222353281327603,0.00012600475837814878,-9.331170521036266e-05,4.8301155348639996e-05,1.6288226628678386,-0.012763227686903633,-1.956894870133393,-0.22485488229106299,2.693106392672036,0.7589722615001181,7.0,1.0,47.97100067138672,48.24300003051758,48.01499938964844,5.67,17.79,47.3,0.478,0.488,2.308,0,1,0
1777637024.2715645,3539.248,1.6287449598312378,-0.012854878102437794,-1.9568360487567347,-0.22483665147890264,2.6931493282318115,0.7589849233627319,7.669904152862728e-05,0.0002556634717620909,-0.00014061490946915,-0.0001917476038215682,5.752428114647046e-05,-0.0002109223569277674,0.1693725734949112,5.630493640899658,-1.3562953472137451,0.1996307522058487,0.3566437065601349,-0.3880462944507599,0.14037102614878558,-0.6582531290728069,0.9798595301816763,-0.9396207007161695,-0.8745452478218371,1.060450138410592,2.2678476605141748e-05,-7.446412809224923e-05,-0.00015048744428456398,0.00011961234905395076,-9.358843313511797e-05,3.555887100146019e-05,1.6288226628678386,-0.012763227686903633,-1.956894870133393,-0.22485488229106299,2.693106392672036,0.7589722615001181,7.0,1.0,47.97100067138672,48.24300003051758,48.01499938964844,5.67,17.79,47.3,0.478,0.488,2.308,0,1,0
1777637024.2727258,3539.256,1.6287449598312378,-0.012818638478414357,-1.9568474928485315,-0.22484857240785772,2.6931254863739014,0.7589849233627319,7.669904152862728e-05,0.00023009712458588183,-0.00014061490946915,-0.0001917476038215682,5.752428114647046e-05,-0.0001917476038215682,0.1647949367761612,5.699158191680908,-1.3361190557479858,0.1951446682214737,0.3633728325366974,-0.3768310844898224,0.14037424569464496,-0.6582695489774385,0.9798404795339646,-0.9396038266633818,-0.8745264143508972,1.0604398124570142,2.3592190789732537e-05,-4.8661170407017775e-05,-0.00013004609153733496,7.651996114837002e-05,-9.131574329630252e-05,4.225788600217572e-05,1.6288226628678386,-0.012763227686903633,-1.956894870133393,-0.22485488229106299,2.693106392672036,0.7589722615001181,7.0,1.0,47.97100067138672,48.24300003051758,48.01499938964844,5.67,17.79,47.3,0.478,0.488,2.308,0,1,0
1777637024.2737787,3539.2639999999997,1.628720998764038,-0.012806717549459279,-1.9567998091327112,-0.22481280962099248,2.6931614875793457,0.7589849233627319,7.669904152862728e-05,0.00021731395099777728,-0.00014061490946915,-0.00017257283616345376,5.752428114647046e-05,-0.0001917476038215682,0.1831054836511612,5.790710926055908,-1.3137010335922241,0.1861725002527237,0.3678589165210724,-0.3835602104663849,0.14035880013164645,-0.658336027906641,0.9798184044361917,-0.9395378833434367,-0.8745886762540699,1.0603775717334314,2.336375192547667e-05,-4.3864272028927255e-05,-0.00012682017403790308,8.289504291180807e-05,-9.083947840508221e-05,4.22983918670158e-05,1.6288226628678386,-0.012763227686903633,-1.956894870133393,-0.22485488229106299,2.693106392672036,0.7589722615001181,7.0,1.0,47.97100067138672,48.24300003051758,48.01499938964844,5.67,17.79,47.3,0.478,0.488,2.308,0,1,0
1777637024.2738168,3539.272,1.6287809610366821,-0.012866799031392873,-1.9568598906146448,-0.2248004118548792,2.693185329437256,0.7589969635009766,7.669904152862728e-05,0.00020453077740967274,-0.00014061490946915,-0.00017257283616345376,5.752428114647046e-05,-0.00017257283616345376,0.1602173000574112,5.676270008087158,-1.358537197113037,0.2041168361902237,0.3274841606616974,-0.3768310844898224,0.1403916480983334,-0.6582282818565055,0.9798591347232168,-0.9396226165558071,-0.8745969177571813,1.0604967901691214,2.4904988369625314e-05,-2.8945292742464575e-05,-0.0001148774103169587,5.25733006805193e-05,-8.782229901208065e-05,4.901629821569177e-05,1.6288226628678386,-0.012763227686903633,-1.956894870133393,-0.22485488229106299,2.693106392672036,0.7589722615001181,7.0,1.0,47.97100067138672,48.24300003051758,48.01499938964844,5.67,17.79,47.3,0.478,0.488,2.308,0,1,0
1777637024.2749062,3539.2799999999997,1.6287809610366821,-0.0127947966205042,-1.9568236509906214,-0.2248004118548792,2.693173408508301,0.7589729428291321,7.669904152862728e-05,0.0001917476038215682,-0.00014061490946915,-0.00017257283616345376,5.752428114647046e-05,-0.00017257283616345376,0.1922607570886612,5.657959461212158,-1.327151894569397,0.1929016262292862,0.3970184624195099,-0.3790741264820099,0.14039543289067602,-0.6583246222850695,0.9798055935707726,-0.9395130767090645,-0.8746385740041557,1.0604202520358539,2.4279931978873906e-05,-1.8065491600087773e-05,-0.00010637560819346025,3.981061576153925e-05,-8.85609976350955e-05,4.90038084334335e-05,1.6288226628678386,-0.012763227686903633,-1.956894870133393,-0.22485488229106299,2.693106392672036,0.7589722615001181,7.0,1.0,47.97100067138672,48.24300003051758,48.01499938964844,5.67,17.79,47.3,0.478,0.488,2.308,0,1,0
1777637024.2749438,3539.288,1.6287689208984375,-0.012842957173482716,-1.9568598906146448,-0.2248604933368128,2.6931493282318115,0.7589849233627319,7.669904152862728e-05,0.00017896443023346364,-0.00014061490946915,-0.00015339808305725455,5.752428114647046e-05,-0.00017257283616345376,0.1693725734949112,5.717468738555908,-1.327151894569397,0.1929016262292862,0.3544006645679474,-0.3813171684741974,0.14038569193428752,-0.6582322703644439,0.9798594208597453,-0.9396435023568076,-0.8745438499598709,1.0604883712387398,2.403723908969528e-05,-1.32737927492298e-05,-0.00010314282398032903,4.6182767828901927e-05,-8.80963564793365e-05,4.9058377177103e-05,1.6288226628678386,-0.012763227686903633,-1.956894870133393,-0.22485488229106299,2.693106392672036,0.7589722615001181,7.0,1.0,47.97100067138672,48.24300003051758,48.01499938964844,5.67,17.79,47.3,0.478,0.488,2.308,0,1,0
1777637024.2749786,3539.296,1.6287928819656372,-0.012806717549459279,-1.9568474928485315,-0.22483665147890264,2.6931493282318115,0.7590089440345764,6.391586794052273e-05,0.0001661812566453591,-0.00014061490946915,-0.00015339808305725455,5.752428114647046e-05,-0.00015339808305725455,0.1647949367761612,5.699158191680908,-1.3518117666244507,0.1996307522058487,0.3521576225757599,-0.3745880424976349,0.1404071004678135,-0.6582726435149879,0.9798323920074197,-0.9395846637766319,-0.8745773544223866,1.0604932770620492,1.7170234279537586e-05,-1.3880483050268292e-07,-9.120602400516894e-05,1.5855832239399062e-05,-8.50801317436437e-05,4.297359117866569e-05,1.6288226628678386,-0.012763227686903633,-1.956894870133393,-0.22485488229106299,2.693106392672036,0.7589722615001181,7.0,1.0,47.97100067138672,48.24300003051758,48.07600021362305,5.67,17.79,47.3,0.478,0.488,2.308,0,1,0
1777637024.2750049,3539.3039999999996,1.6287689208984375,-0.0127947966205042,-1.9568117300616663,-0.2248004118548792,2.6931614875793457,0.7590089440345764,6.391586794052273e-05,0.00015339808305725455,-0.00014061490946915,-0.00015339808305725455,5.752428114647046e-05,-0.00015339808305725455,0.1693725734949112,5.744934558868408,-1.3383609056472778,0.1973877102136612,0.3656158745288849,-0.3790741264820099,0.14039332025199688,-0.6583282486938857,0.979811993047063,-0.9395229150750652,-0.8746107730450741,1.0604329431857016,1.654258787563496e-05,1.0732421230861137e-05,-8.270008059705201e-05,3.0927352369884014e-06,-8.581814681443013e-05,4.296660018322417e-05,1.6288226628678386,-0.012763227686903633,-1.956894870133393,-0.22485488229106299,2.693106392672036,0.7589722615001181,7.0,1.0,47.97100067138672,48.24300003051758,48.07600021362305,5.67,17.79,47.3,0.478,0.488,2.308,0,1,0
1777637024.2802455,3539.312,1.6287809610366821,-0.012831036244527638,-1.9568117300616663,-0.2248604933368128,2.6931614875793457,0.7589849233627319,6.391586794052273e-05,0.00015339808305725455,-0.00014061490946915,-0.00013422331539914012,5.752428114647046e-05,-0.00015339808305725455,0.1968383938074112,5.726624011993408,-1.360779047012329,0.2018737941980362,0.3745880424976349,-0.3813171684741974,0.14039548460709392,-0.6582817822531107,0.9798483377318621,-0.9395899562365984,-0.8745874556371391,1.0604706913408704,1.6937356223208782e-05,4.6548815845325e-06,-8.797649461510901e-05,2.2230249944328657e-05,-8.460812095818264e-05,4.3020561554451375e-05,1.6288226628678386,-0.012763227686903633,-1.956894870133393,-0.22485488229106299,2.693106392672036,0.7589722615001181,7.0,1.0,48.0,48.2130012512207,48.07600021362305,5.67,17.79,47.3,0.478,0.488,2.308,0,1,0
1777637024.2872913,3539.3199999999997,1.6287809610366821,-0.012806717549459279,-1.9568236509906214,-0.2248004118548792,2.6931254863739014,0.7589969635009766,6.391586794052273e-05,0.00014061490946915,-0.00014061490946915,-0.00013422331539914012,5.752428114647046e-05,-0.00013422331539914012,0.1968383938074112,5.694580554962158,-1.3361190557479858,0.1884155422449112,0.3409424126148224,-0.3835602104663849,0.14040209958661415,-0.6583074250996879,0.9798201881767243,-0.9395244378426874,-0.8745758274018159,1.0604391826978918,1.8482049500484058e-05,1.9582837815619415e-05,-7.603740090544182e-05,-8.100738771260645e-06,-8.159633598036732e-05,4.971588814839153e-05,1.6288226628678386,-0.012763227686903633,-1.956894870133393,-0.22485488229106299,2.693106392672036,0.7589722615001181,7.0,1.0,48.0,48.2130012512207,48.07600021362305,5.67,17.79,47.3,0.478,0.488,2.308,0,1,0
1777637024.294376,3539.328,1.6287330389022827,-0.012831036244527638,-1.9568117300616663,-0.22482473054994756,2.6931614875793457,0.7589609622955322,6.391586794052273e-05,0.00014061490946915,-0.00014061490946915,-0.00013422331539914012,5.752428114647046e-05,-0.00013422331539914012,0.1785278469324112,5.717468738555908,-1.3159427642822266,0.2041168361902237,0.3274841606616974,-0.3970184624195099,0.14036195884641323,-0.6583049052500807,0.9798342095826018,-0.939562986638079,-0.874584911602804,1.0603914003406287,1.8484355169422994e-05,1.9579066183670208e-05,-7.603861703405331e-05,-8.102697019917463e-06,-8.159379239954933e-05,4.9722397721712934e-05,1.6288226628678386,-0.012763227686903633,-1.956894870133393,-0.22485488229106299,2.693106392672036,0.7589722615001181,7.0,1.0,48.0,48.2130012512207,48.07600021362305,5.67,17.79,47.3,0.478,0.488,2.308,0,1,0
1777637024.3015194,3539.336,1.6287928819656372,-0.012806717549459279,-1.9568718115436,-0.22484857240785772,2.6931614875793457,0.7589609622955322,6.391586794052273e-05,0.00012783173588104546,-0.00012783173588104546,-0.00013422331539914012,5.752428114647046e-05,-0.00013422331539914012,0.1876831203699112,5.671692371368408,-1.3518117666244507,0.1973877102136612,0.3454284965991974,-0.3835602104663849,0.1403990321883929,-0.6582590326061871,0.9798277733115828,-0.9395940023162633,-0.8745934842195984,1.060472150525344,1.84933919741134e-05,1.968817309691247e-05,-6.821154626612271e-05,-8.099064735622128e-06,-8.157491772984131e-05,4.977429464575122e-05,1.6288226628678386,-0.012763227686903633,-1.956894870133393,-0.22485488229106299,2.693106392672036,0.7589722615001181,7.0,1.0,48.0,48.2130012512207,48.07600021362305,5.67,17.79,47.3,0.478,0.488,2.308,0,1,0
1777637024.3089378,3539.344,1.6287928819656372,-0.012854878102437794,-1.9568236509906214,-0.22483665147890264,2.693173408508301,0.7589849233627319,6.391586794052273e-05,0.00012783173588104546,-0.00012783173588104546,-0.00011504856229294091,5.752428114647046e-05,-0.00013422331539914012,0.2014160305261612,5.749512195587158,-1.3495699167251587,0.1973877102136612,0.3813171684741974,-0.3745880424976349,0.14040092009144683,-0.6582578384909271,0.9798576860981232,-0.9395989518421888,-0.8746011224663353,1.0604888117157383,1.8891143000370472e-05,1.3609196221168127e-05,-7.348661414056647e-05,1.103792183813039e-05,-8.036169770683316e-05,4.982022217353752e-05,1.6288226628678386,-0.012763227686903633,-1.956894870133393,-0.22485488229106299,2.693106392672036,0.7589722615001181,7.0,1.0,48.0,48.2130012512207,48.07600021362305,5.67,17.79,47.3,0.478,0.488,2.308,0,1,0
1777637024.3163137,3539.352,1.6287928819656372,-0.012806717549459279,-1.9568598906146448,-0.22482473054994756,2.693173408508301,0.7589609622955322,6.391586794052273e-05,0.00011504856229294091,-0.00012783173588104546,-0.00011504856229294091,5.752428114647046e-05,-0.00011504856229294091,0.1876831203699112,5.690002918243408,-1.3562953472137451,0.1951446682214737,0.3454284965991974,-0.3813171684741974,0.1403990007692525,-0.6582771187567504,0.9798199942634431,-0.9395657184246556,-0.8746201444351891,1.060456271117573,2.0436967873835642e-05,2.8537898633423562e-05,-6.154906097712113e-05,-1.9291227295932444e-05,-7.734846766739425e-05,5.652289754933414e-05,1.6288226628678386,-0.012763227686903633,-1.956894870133393,-0.22485488229106299,2.693106392672036,0.7589722615001181,7.0,1.0,48.0,48.2130012512207,48.07600021362305,5.67,17.79,47.3,0.478,0.488,2.308,0,1,0
1777637024.3189254,3539.352,1.6287928819656372,-0.012806717549459279,-1.9568598906146448,-0.22482473054994756,2.693173408508301,0.7589609622955322,6.391586794052273e-05,0.00011504856229294091,-0.00012783173588104546,-0.00011504856229294091,5.752428114647046e-05,-0.00011504856229294091,0.1876831203699112,5.690002918243408,-1.3562953472137451,0.1951446682214737,0.3454284965991974,-0.3813171684741974,0.1403990007692525,-0.6582771187567504,0.9798199942634431,-0.9395657184246556,-0.8746201444351891,1.060456271117573,2.0436967873835642e-05,2.8537898633423562e-05,-6.154906097712113e-05,-1.9291227295932444e-05,-7.734846766739425e-05,5.652289754933414e-05,1.6288226628678386,-0.012763227686903633,-1.956894870133393,-0.22485488229106299,2.693106392672036,0.7589722615001181,7.0,1.0,48.0,48.2130012512207,48.07600021362305,5.97,17.65,47.23,0.404,0.413,2.259,0,0,1
1777637024.324501,3539.3599999999997,1.6287809610366821,-0.012842957173482716,-1.9568236509906214,-0.22483665147890264,2.6931493282318115,0.7589969635009766,5.1132694352418184e-05,0.00011504856229294091,-0.00011504856229294091,-0.00011504856229294091,5.752428114647046e-05,-0.00011504856229294091,0.1876831203699112,5.731201648712158,-1.3562953472137451,0.1996307522058487,0.3342132866382599,-0.3835602104663849,0.1403973045417184,-0.6582661094194339,0.9798530965202017,-0.9395932679677197,-0.8745703782318456,1.0604791216104317,1.2664970554372564e-05,1.597540256745735e-05,-6.22262825159637e-05,-6.532808533077768e-06,-7.65891740325349e-05,4.378686889986262e-05,1.6288226628678386,-0.012763227686903633,-1.956894870133393,-0.22485488229106299,2.693106392672036,0.7589722615001181,7.0,1.0,48.0,48.2130012512207,48.07600021362305,5.97,17.65,47.23,0.404,0.413,2.259,0,1,0
1777637024.3306072,3539.368,1.6287569999694824,-0.012831036244527638,-1.9568117300616663,-0.22483665147890264,2.693173408508301,0.7589849233627319,5.1132694352418184e-05,0.00011504856229294091,-0.00011504856229294091,-0.00011504856229294091,5.752428114647046e-05,-0.00011504856229294091,0.1922607570886612,5.708313465118408,-1.3428444862365723,0.1951446682214737,0.3431854546070099,-0.3858032524585724,0.14037907863688512,-0.6582931924621435,0.9798411905520295,-0.9395804392071463,-0.8745960216628509,1.0604402300668656,1.2667511506956345e-05,1.5975244476384184e-05,-6.222641618603207e-05,-6.53354833830838e-06,-7.658731765418435e-05,4.378708694695064e-05,1.6288226628678386,-0.012763227686903633,-1.956894870133393,-0.22485488229106299,2.693106392672036,0.7589722615001181,7.0,1.0,48.0,48.2130012512207,48.01499938964844,5.97,17.65,47.23,0.404,0.413,2.259,0,1,0
1777637024.3376584,3539.3759999999997,1.6287569999694824,-0.012831036244527638,-1.9567998091327112,-0.22483665147890264,2.6931374073028564,0.7589849233627319,5.1132694352418184e-05,0.00010226538870483637,-0.00011504856229294091,-0.00011504856229294091,3.834952076431364e-05,-0.00011504856229294091,0.1876831203699112,5.731201648712158,-1.3540536165237427,0.1906585842370987,0.3386993706226349,-0.3790741264820099,0.14038308186921417,-0.6583017438498224,0.9798423332590438,-0.9395613586196054,-0.874564462143291,1.0604285926062385,1.3847601775953797e-05,2.7640207280454495e-05,-5.277472112581514e-05,-2.0253456030571023e-05,-6.179225258560152e-05,3.258632572042074e-05,1.6288226628678386,-0.012763227686903633,-1.956894870133393,-0.22485488229106299,2.693106392672036,0.7589722615001181,7.0,1.0,48.0,48.2130012512207,48.01499938964844,5.97,17.65,47.23,0.404,0.413,2.259,0,1,0
1777637024.349244,3539.384,1.6287569999694824,-0.0127947966205042,-1.9568117300616663,-0.22482473054994756,2.6931614875793457,0.7590209245681763,5.1132694352418184e-05,0.00010226538870483637,-0.00011504856229294091,-0.00011504856229294091,3.834952076431364e-05,-0.00011504856229294091,0.1876831203699112,5.690002918243408,-1.3316354751586914,0.1973877102136612,0.3252411186695099,-0.3835602104663849,0.1403863284859398,-0.6583196852653339,0.9798208285625785,-0.9395545773950583,-0.874589660390853,1.0604450754032115,1.3848969001025978e-05,2.7641946584818445e-05,-5.2774168552443534e-05,-2.0252394711067252e-05,-6.17900513440286e-05,3.2586162818379e-05,1.6288226628678386,-0.012763227686903633,-1.956894870133393,-0.22485488229106299,2.693106392672036,0.7589722615001181,7.0,1.0,48.0,48.24300003051758,48.01499938964844,5.97,17.65,47.23,0.404,0.413,2.259,0,1,0
1777637024.3529572,3539.392,1.6287569999694824,-0.0127947966205042,-1.9568474928485315,-0.22484857240785772,2.693197250366211,0.7589849233627319,5.1132694352418184e-05,0.00010226538870483637,-0.00011504856229294091,-9.58738019107841e-05,3.834952076431364e-05,-9.58738019107841e-05,0.1968383938074112,5.722046375274658,-1.3406027555465698,0.1929016262292862,0.3499145805835724,-0.3790741264820099,0.14037656631378195,-0.6582911021483785,0.9798210779387846,-0.9395962612862814,-0.874615486666944,1.060449559084676,1.642241516675536e-05,2.5620492257979718e-05,-5.461918481165996e-05,-1.8681787692305106e-05,-5.6823399778121057e-05,3.934393051052069e-05,1.6288226628678386,-0.012763227686903633,-1.956894870133393,-0.22485488229106299,2.693106392672036,0.7589722615001181,7.0,1.0,47.986000061035156,48.24300003051758,48.01499938964844,5.97,17.65,47.23,0.404,0.413,2.259,0,1,0
1777637024.3592246,3539.3999999999996,1.6287569999694824,-0.012842957173482716,-1.9568360487567347,-0.22483665147890264,2.6931614875793457,0.7589969635009766,5.1132694352418184e-05,8.948221511673182e-05,-0.00010226538870483637,-9.58738019107841e-05,3.834952076431364e-05,-9.58738019107841e-05,0.1922607570886612,5.680847644805908,-1.3316354751586914,0.1929016262292862,0.3633728325366974,-0.3768310844898224,0.14037975780673834,-0.6582595346001018,0.9798531541330149,-0.9396153887137484,-0.8745643997186873,1.0604667059293411,1.6432568214849302e-05,2.5724024052592894e-05,-4.67914915563168e-05,-1.8684407455882564e-05,-5.6805436217899146e-05,3.9389893917806244e-05,1.6288226628678386,-0.012763227686903633,-1.956894870133393,-0.22485488229106299,2.693106392672036,0.7589722615001181,7.0,1.0,47.986000061035156,48.24300003051758,48.01499938964844,5.97,17.65,47.23,0.404,0.413,2.259,0,1,0
1777637024.3667347,3539.408,1.6287330389022827,-0.012842957173482716,-1.9568598906146448,-0.22481280962099248,2.6931374073028564,0.7589849233627319,5.1132694352418184e-05,8.948221511673182e-05,-0.00010226538870483637,-9.58738019107841e-05,3.834952076431364e-05,-9.58738019107841e-05,0.1876831203699112,5.694580554962158,-1.3495699167251587,0.1951446682214737,0.3813171684741974,-0.3880462944507599,0.14036418728288236,-0.6582519221492906,0.9798468903525013,-0.939611604871948,-0.8745314026962695,1.06043208070849,1.643203966436002e-05,2.572385819978509e-05,-4.6791463382995976e-05,-1.8686689653488767e-05,-5.6806263659838263e-05,3.9388203456689176e-05,1.6288226628678386,-0.012763227686903633,-1.956894870133393,-0.22485488229106299,2.693106392672036,0.7589722615001181,7.0,1.0,47.986000061035156,48.24300003051758,48.01499938964844,5.97,17.65,47.23,0.404,0.413,2.259,0,1,0
1777637024.374123,3539.4159999999997,1.6287928819656372,-0.012842957173482716,-1.9568236509906214,-0.2248604933368128,2.6931614875793457,0.7589849233627319,5.1132694352418184e-05,8.948221511673182e-05,-0.00010226538870483637,-9.58738019107841e-05,3.834952076431364e-05,-9.58738019107841e-05,0.1876831203699112,5.703735828399658,-1.3562953472137451,0.1951446682214737,0.3297272026538849,-0.3678589165210724,0.14040214174871418,-0.6582599303330019,0.9798569013995737,-0.9396065088261168,-0.8745842423976894,1.060492792659732,1.643200354858968e-05,2.572468530637519e-05,-4.6791594655357426e-05,-1.868236096865805e-05,-5.680623632113409e-05,3.9390527691632734e-05,1.6288226628678386,-0.012763227686903633,-1.956894870133393,-0.22485488229106299,2.693106392672036,0.7589722615001181,7.0,1.0,47.986000061035156,48.24300003051758,48.01499938964844,5.97,17.65,47.23,0.404,0.413,2.259,0,1,0
1777637024.3854654,3539.424,1.6287689208984375,-0.012842957173482716,-1.9568474928485315,-0.2248604933368128,2.6931374073028564,0.7589729428291321,5.1132694352418184e-05,8.948221511673182e-05,-0.00010226538870483637,-9.58738019107841e-05,3.834952076431364e-05,-9.58738019107841e-05,0.1556396633386612,5.685425281524658,-1.360779047012329,0.1906585842370987,0.3902893364429474,-0.3880462944507599,0.14038608351856793,-0.658244751906197,0.9798572076027396,-0.9396235463226289,-0.8745415263374666,1.0604700622650691,1.643107403728459e-05,2.5724753716672337e-05,-4.6791890697310754e-05,-1.8684629191651226e-05,-5.680733395478886e-05,3.939015852909511e-05,1.6288226628678386,-0.012763227686903633,-1.956894870133393,-0.22485488229106299,2.693106392672036,0.7589722615001181,7.0,1.0,47.986000061035156,48.24300003051758,48.01499938964844,5.97,17.65,47.23,0.404,0.413,2.259,0,1,0
1777637024.391269,3539.432,1.6287689208984375,-0.012831036244527638,-1.9568474928485315,-0.22483665147890264,2.6931493282318115,0.7589849233627319,5.1132694352418184e-05,8.948221511673182e-05,-0.00010226538870483637,-9.58738019107841e-05,3.834952076431364e-05,-9.58738019107841e-05,0.1831054836511612,5.735779285430908,-1.3383609056472778,0.2041168361902237,0.3678589165210724,-0.3768310844898224,0.14038739964255179,-0.6582604040384744,0.9798442734802516,-0.9396015713982439,-0.8745635224033373,1.060464392184444,1.64321035263762e-05,2.5724990176828598e-05,-4.679141132705387e-05,-1.868419663352511e-05,-5.680629277050294e-05,3.9389011355694276e-05,1.6288226628678386,-0.012763227686903633,-1.956894870133393,-0.22485488229106299,2.693106392672036,0.7589722615001181,7.0,1.0,47.986000061035156,48.24300003051758,48.01499938964844,5.97,17.65,47.23,0.404,0.413,2.259,0,1,0
1777637024.3957381,3539.44,1.6287569999694824,-0.012842957173482716,-1.9568117300616663,-0.2248604933368128,2.6931493282318115,0.7589609622955322,5.1132694352418184e-05,7.669904152862728e-05,-8.948221511673182e-05,-9.58738019107841e-05,3.834952076431364e-05,-9.58738019107841e-05,0.1922607570886612,5.735779285430908,-1.3316354751586914,0.1906585842370987,0.3701019585132599,-0.3925323784351349,0.14037755203623625,-0.6582795706702729,0.9798525803868667,-0.9395931909868642,-0.8745663700236571,1.0604337177465095,1.644623240935148e-05,2.5829791816037725e-05,-3.896342198251853e-05,-1.8686144991446994e-05,-5.678591520137213e-05,3.943610309841368e-05,1.6288226628678386,-0.012763227686903633,-1.956894870133393,-0.22485488229106299,2.693106392672036,0.7589722615001181,7.0,1.0,47.986000061035156,48.24300003051758,48.029998779296875,5.97,17.65,47.23,0.404,0.413,2.259,0,1,0
1777637024.4035509,3539.448,1.6287689208984375,-0.0127947966205042,-1.9568236509906214,-0.22482473054994756,2.693173408508301,0.7589849233627319,5.1132694352418184e-05,7.669904152862728e-05,-8.948221511673182e-05,-7.669904152862728e-05,3.834952076431364e-05,-9.58738019107841e-05,0.1785278469324112,5.703735828399658,-1.3764716386795044,0.1973877102136612,0.3566437065601349,-0.3813171684741974,0.14038836255017223,-0.65831607575192,0.979814429261507,-0.93954478121222,-0.874617396244075,1.0604322824003116,1.6845544117212433e-05,1.9756828633786223e-05,-4.4238126793368725e-05,4.517823447078832e-07,-5.5572293004945084e-05,3.947950821590915e-05,1.6288226628678386,-0.012763227686903633,-1.956894870133393,-0.22485488229106299,2.693106392672036,0.7589722615001181,7.0,1.0,47.986000061035156,48.24300003051758,48.029998779296875,5.97,17.65,47.23,0.404,0.413,2.259,0,1,0
1777637024.410358,3539.4559999999997,1.6287569999694824,-0.012818638478414357,-1.9568236509906214,-0.22481280962099248,2.6931493282318115,0.7589729428291321,3.834952076431364e-05,7.669904152862728e-05,-8.948221511673182e-05,-7.669904152862728e-05,3.834952076431364e-05,-7.669904152862728e-05,0.1968383938074112,5.717468738555908,-1.3630207777023315,0.2041168361902237,0.3611297905445099,-0.3835602104663849,0.14038050015948988,-0.6583027870255813,0.9798260564814031,-0.939547156549076,-0.874586177688069,1.0604140273761502,1.0605819151769445e-05,2.2014917410505622e-05,-4.080601536680625e-05,-1.711688701937732e-05,-5.1819503719145605e-05,3.3401601912766544e-05,1.6288226628678386,-0.012763227686903633,-1.956894870133393,-0.22485488229106299,2.693106392672036,0.7589722615001181,7.0,1.0,47.986000061035156,48.22800064086914,48.029998779296875,5.97,17.65,47.23,0.404,0.413,2.259,0,1,0
1777637024.4168484,3539.464,1.6287689208984375,-0.012818638478414357,-1.9568360487567347,-0.2248004118548792,2.6931614875793457,0.7589849233627319,3.834952076431364e-05,7.669904152862728e-05,-8.948221511673182e-05,-7.669904152862728e-05,3.834952076431364e-05,-7.669904152862728e-05,0.1968383938074112,5.694580554962158,-1.360779047012329,0.1951446682214737,0.3588867485523224,-0.3813171684741974,0.14038819045804282,-0.6582925699023894,0.9798248478374706,-0.9395521858992224,-0.8746003520511142,1.0604364179316161,1.0605418865074831e-05,2.2014902043095773e-05,-4.080616500084588e-05,-1.711589946607641e-05,-5.181919256109262e-05,3.340228549626803e-05,1.6288226628678386,-0.012763227686903633,-1.956894870133393,-0.22485488229106299,2.693106392672036,0.7589722615001181,7.0,1.0,48.0,48.22800064086914,48.029998779296875,5.97,17.65,47.23,0.404,0.413,2.259,0,1,0
1777637024.4241214,3539.4719999999998,1.6287689208984375,-0.012842957173482716,-1.9568474928485315,-0.22482473054994756,2.693173408508301,0.7589609622955322,3.834952076431364e-05,7.669904152862728e-05,-8.948221511673182e-05,-7.669904152862728e-05,3.834952076431364e-05,-7.669904152862728e-05,0.1922607570886612,5.744934558868408,-1.3383609056472778,0.1884155422449112,0.3544006645679474,-0.3813171684741974,0.14038206224559938,-0.6582601039494391,0.9798434496064763,-0.9395947829355158,-0.8745971804027459,1.0604477543876765,1.0604694205924196e-05,2.2013778505066318e-05,-4.0807220680324e-05,-1.7115523913991876e-05,-5.181897179373579e-05,3.3405997759055454e-05,1.6288226628678386,-0.012763227686903633,-1.956894870133393,-0.22485488229106299,2.693106392672036,0.7589722615001181,7.0,1.0,48.0,48.22800064086914,48.029998779296875,5.97,17.65,47.23,0.404,0.413,2.259,0,1,0
1777637024.4348633,3539.48,1.6287809610366821,-0.012854878102437794,-1.956883732472555,-0.22483665147890264,2.693209409713745,0.7590089440345764,3.834952076431364e-05,6.391586794052273e-05,-8.948221511673182e-05,-7.669904152862728e-05,3.834952076431364e-05,-7.669904152862728e-05,0.1831054836511612,5.722046375274658,-1.3630207777023315,0.1996307522058487,0.3745880424976349,-0.3813171684741974,0.14038936810773,-0.6582053214800119,0.9798633927702228,-0.9396767228013178,-0.87459700383912,1.060534749314541,9.971206199201397e-06,3.288531426241189e-05,-3.230376037991809e-05,-2.987549937579917e-05,-5.2558466544896304e-05,3.340988942359225e-05,1.6288226628678386,-0.012763227686903633,-1.956894870133393,-0.22485488229106299,2.693106392672036,0.7589722615001181,7.0,1.0,48.0,48.22800064086914,48.029998779296875,5.97,17.65,47.23,0.404,0.413,2.259,0,1,0
1777637024.4400444,3539.488,1.6287449598312378,-0.0127947966205042,-1.9568117300616663,-0.22481280962099248,2.693185329437256,0.7589969635009766,3.834952076431364e-05,6.391586794052273e-05,-7.669904152862728e-05,-7.669904152862728e-05,3.834952076431364e-05,-7.669904152862728e-05,0.1739502102136612,5.699158191680908,-1.3383609056472778,0.1929016262292862,0.3678589165210724,-0.3858032524585724,0.14037367588416583,-0.6583312031762136,0.979812084275138,-0.9395415979231119,-0.8746213298050286,1.0604121211319584,1.062043864289029e-05,2.2120759209365502e-05,-3.297772119890822e-05,-1.7117696607956085e-05,-5.179744250831113e-05,3.344890352013406e-05,1.6288226628678386,-0.012763227686903633,-1.956894870133393,-0.22485488229106299,2.693106392672036,0.7589722615001181,7.0,1.0,48.0,48.22800064086914,48.029998779296875,5.97,17.65,47.23,0.404,0.413,2.259,0,1,0
1777637024.4458141,3539.4959999999996,1.6287689208984375,-0.012818638478414357,-1.9568598906146448,-0.22483665147890264,2.693197250366211,0.7590209245681763,3.834952076431364e-05,6.391586794052273e-05,-7.669904152862728e-05,-7.669904152862728e-05,3.834952076431364e-05,-7.669904152862728e-05,0.1968383938074112,5.722046375274658,-1.3383609056472778,0.1951446682214737,0.3588867485523224,-0.3790741264820099,0.1403869440197368,-0.658254876327403,0.9798407625756788,-0.9396320650037003,-0.8745980455096288,1.06050276072877,1.061722001863443e-05,2.2120578701869738e-05,-3.297932176343118e-05,-1.7116077211999656e-05,-5.179779471001263e-05,3.345442430414162e-05,1.6288226628678386,-0.012763227686903633,-1.956894870133393,-0.22485488229106299,2.693106392672036,0.7589722615001181,7.0,1.0,48.0,48.22800064086914,48.029998779296875,5.97,17.65,47.23,0.404,0.413,2.259,0,1,0
1777637024.4531488,3539.504,1.6287449598312378,-0.012854878102437794,-1.9568117300616663,-0.22483665147890264,2.693209409713745,0.7589969635009766,3.834952076431364e-05,6.391586794052273e-05,-7.669904152862728e-05,-7.669904152862728e-05,3.834952076431364e-05,-7.669904152862728e-05,0.1785278469324112,5.754089832305908,-1.3675044775009155,0.1861725002527237,0.3902893364429474,-0.3723450005054474,0.14036793933802377,-0.6582735487965454,0.9798574343904862,-0.9396203745726494,-0.8746113899669941,1.060457885558346,1.0618892389941769e-05,2.2118516729155474e-05,-3.297923434159604e-05,-1.7116941310253855e-05,-5.179682554177955e-05,3.345450932848021e-05,1.6288226628678386,-0.012763227686903633,-1.956894870133393,-0.22485488229106299,2.693106392672036,0.7589722615001181,7.0,1.0,48.0,48.22800064086914,48.029998779296875,5.97,17.65,47.23,0.404,0.413,2.259,0,1,0
1777637024.4618258,3539.5119999999997,1.6287689208984375,-0.012854878102437794,-1.9568474928485315,-0.22481280962099248,2.693185329437256,0.7589969635009766,3.834952076431364e-05,6.391586794052273e-05,-7.669904152862728e-05,-7.669904152862728e-05,3.834952076431364e-05,-7.669904152862728e-05,0.1739502102136612,5.731201648712158,-1.3518117666244507,0.1929016262292862,0.3431854546070099,-0.3835602104663849,0.1403846797809961,-0.6582466239688859,0.9798539574181305,-0.9396165013027781,-0.8745952194963577,1.060480508610634,1.0616905001572724e-05,2.2119075059088637e-05,-3.297942324289322e-05,-1.7116435780829814e-05,-5.179831049772338e-05,3.345375995741821e-05,1.6288226628678386,-0.012763227686903633,-1.956894870133393,-0.22485488229106299,2.693106392672036,0.7589722615001181,7.0,1.0,48.0,48.22800064086914,48.029998779296875,5.97,17.65,47.23,0.404,0.413,2.259,0,1,0
1777637024.4632409,3539.5119999999997,1.6287689208984375,-0.012854878102437794,-1.9568474928485315,-0.22481280962099248,2.693185329437256,0.7589969635009766,3.834952076431364e-05,6.391586794052273e-05,-7.669904152862728e-05,-7.669904152862728e-05,3.834952076431364e-05,-7.669904152862728e-05,0.1739502102136612,5.731201648712158,-1.3518117666244507,0.1929016262292862,0.3431854546070099,-0.3835602104663849,0.1403846797809961,-0.6582466239688859,0.9798539574181305,-0.9396165013027781,-0.8745952194963577,1.060480508610634,1.0616905001572724e-05,2.2119075059088637e-05,-3.297942324289322e-05,-1.7116435780829814e-05,-5.179831049772338e-05,3.345375995741821e-05,1.6288226628678386,-0.012763227686903633,-1.956894870133393,-0.22485488229106299,2.693106392672036,0.7589722615001181,7.0,1.0,48.0,48.22800064086914,48.029998779296875,5.08,19.16,46.8,0.49,0.351,2.18,0,0,1
1777637024.4676542,3539.52,1.6287689208984375,-0.012842957173482716,-1.9568117300616663,-0.22484857240785772,2.6931493282318115,0.7589849233627319,3.834952076431364e-05,6.391586794052273e-05,-7.669904152862728e-05,-7.669904152862728e-05,3.834952076431364e-05,-7.669904152862728e-05,0.1876831203699112,5.722046375274658,-1.3450863361358643,0.2063598781824112,0.3633728325366974,-0.3835602104663849,0.14038836607156743,-0.6582766082670157,0.9798535893459446,-0.9395911880684691,-0.8745684717417179,1.0604585070419486,1.0617278783833209e-05,2.2120067018749462e-05,-3.2978724271805834e-05,-1.7117534095849394e-05,-5.1799777754300826e-05,3.3451131469563726e-05,1.6288226628678386,-0.012763227686903633,-1.956894870133393,-0.22485488229106299,2.693106392672036,0.7589722615001181,7.0,1.0,48.0,48.22800064086914,48.029998779296875,5.08,19.16,46.8,0.49,0.351,2.18,0,1,0
1777637024.475241,3539.528,1.6287689208984375,-0.012806717549459279,-1.9568236509906214,-0.22481280962099248,2.693173408508301,0.7590089440345764,3.834952076431364e-05,6.391586794052273e-05,-7.669904152862728e-05,-7.669904152862728e-05,3.834952076431364e-05,-7.669904152862728e-05,0.1831054836511612,5.735779285430908,-1.3316354751586914,0.2086029201745987,0.3678589165210724,-0.3768310844898224,0.14039074699275275,-0.6583046361714614,0.9798233811610623,-0.9395573344620638,-0.8746080217707866,1.0604528914781004,1.0618663695655038e-05,2.2120903601235023e-05,-3.297802705135152e-05,-1.7116814786719353e-05,-5.1798470720521516e-05,3.3449441323256244e-05,1.6288226628678386,-0.012763227686903633,-1.956894870133393,-0.22485488229106299,2.693106392672036,0.7589722615001181,7.0,1.0,48.0,48.22800064086914,48.029998779296875,5.08,19.16,46.8,0.49,0.351,2.18,0,1,0
1777637024.5191402,3539.536,1.6287689208984375,-0.012842957173482716,-1.9568360487567347,-0.22481280962099248,2.693197250366211,0.7589609622955322,3.834952076431364e-05,6.391586794052273e-05,-7.669904152862728e-05,-7.669904152862728e-05,3.834952076431364e-05,-7.669904152862728e-05,0.2014160305261612,5.690002918243408,-1.3338773250579834,0.1951446682214737,0.3925323784351349,-0.3858032524585724,0.1403806328143562,-0.6582745045772486,0.9798383878066417,-0.9395801911719299,-0.8746308684075974,1.060439925085802,1.0618527074257497e-05,2.2119022417167003e-05,-3.297918030879999e-05,-1.711607644277514e-05,-5.1797694669052694e-05,3.3453246248195113e-05,1.6288226628678386,-0.012763227686903633,-1.956894870133393,-0.22485488229106299,2.693106392672036,0.7589722615001181,7.0,1.0,48.0,48.22800064086914,48.029998779296875,5.08,19.16,46.8,0.49,0.351,2.18,0,1,0
1777637024.5282352,3539.544,1.6287569999694824,-0.012842957173482716,-1.9568117300616663,-0.22482473054994756,2.693185329437256,0.7589609622955322,3.834952076431364e-05,6.391586794052273e-05,-7.669904152862728e-05,-5.752428114647046e-05,3.834952076431364e-05,-7.669904152862728e-05,0.1785278469324112,5.744934558868408,-1.3495699167251587,0.1906585842370987,0.3611297905445099,-0.3768310844898224,0.14037489052783933,-0.6582923893417008,0.9798409661128592,-0.939570710966958,-0.8746173670391931,1.060421662879209,1.1016319735924295e-05,1.6044327609234812e-05,-3.825440244496009e-05,2.0193367949121856e-06,-5.058642741443176e-05,3.349765758636369e-05,1.6288226628678386,-0.012763227686903633,-1.956894870133393,-0.22485488229106299,2.693106392672036,0.7589722615001181,7.0,1.0,48.0,48.22800064086914,48.029998779296875,5.08,19.16,46.8,0.49,0.351,2.18,0,1,0
1777637024.5303605,3539.5519999999997,1.6287689208984375,-0.012854878102437794,-1.9568474928485315,-0.2248004118548792,2.693197250366211,0.7590209245681763,3.834952076431364e-05,5.1132694352418184e-05,-7.669904152862728e-05,-5.752428114647046e-05,3.834952076431364e-05,-5.752428114647046e-05,0.1647949367761612,5.712891101837158,-1.3495699167251587,0.1996307522058487,0.3723450005054474,-0.3835602104663849,0.14038652937803492,-0.6582459788183966,0.9798542474847849,-0.9396211395079748,-0.874603018711119,1.0604967486120211,1.2558926581559801e-05,3.096970791926053e-05,-2.631754192458229e-05,-2.830893508679848e-05,-4.757257459349881e-05,4.020373187568459e-05,1.6288226628678386,-0.012763227686903633,-1.956894870133393,-0.22485488229106299,2.693106392672036,0.7589722615001181,7.0,1.0,48.0,48.22800064086914,48.029998779296875,5.08,19.16,46.8,0.49,0.351,2.18,0,1,0
1777637024.5304847,3539.56,1.6287689208984375,-0.012854878102437794,-1.9568474928485315,-0.22477656999696904,2.6931614875793457,0.7589609622955322,3.834952076431364e-05,5.1132694352418184e-05,-6.391586794052273e-05,-5.752428114647046e-05,3.834952076431364e-05,-5.752428114647046e-05,0.1647949367761612,5.758667469024658,-1.358537197113037,0.1929016262292862,0.3521576225757599,-0.3858032524585724,0.14038359772551748,-0.6582647307386479,0.9798387187022635,-0.9395602569627057,-0.8745998076478185,1.0604279096695661,1.3203759669013478e-05,2.0203641800478068e-05,-2.6994464092527537e-05,-1.5549309493898286e-05,-4.681322097193579e-05,4.0249397319410236e-05,1.6288226628678386,-0.012763227686903633,-1.956894870133393,-0.22485488229106299,2.693106392672036,0.7589722615001181,7.0,1.0,48.0,48.22800064086914,48.029998779296875,5.08,19.16,46.8,0.49,0.351,2.18,0,1,0
1777637024.5328944,3539.5679999999998,1.6287928819656372,-0.012866799031392873,-1.9568598906146448,-0.2248604933368128,2.693173408508301,0.7589969635009766,3.834952076431364e-05,5.1132694352418184e-05,-6.391586794052273e-05,-5.752428114647046e-05,3.834952076431364e-05,-5.752428114647046e-05,0.1876831203699112,5.749512195587158,-1.3450863361358643,0.1973877102136612,0.3521576225757599,-0.3835602104663849,0.14039937614705134,-0.6582070792861795,0.9798762508902183,-0.9396679496523092,-0.874566981317923,1.0605349490185518,1.3201079950855157e-05,2.0204296944587542e-05,-2.6995625868657188e-05,-1.5547940729901305e-05,-4.681298571445627e-05,4.025484849328861e-05,1.6288226628678386,-0.012763227686903633,-1.956894870133393,-0.22485488229106299,2.693106392672036,0.7589722615001181,7.0,1.0,48.0,48.22800064086914,48.029998779296875,5.08,19.16,46.8,0.49,0.351,2.18,0,1,0
1777637024.534732,3539.576,1.6287809610366821,-0.0127947966205042,-1.9568236509906214,-0.22483665147890264,2.6931614875793457,0.7589609622955322,3.834952076431364e-05,5.1132694352418184e-05,-6.391586794052273e-05,-5.752428114647046e-05,3.834952076431364e-05,-5.752428114647046e-05,0.1968383938074112,5.758667469024658,-1.3540536165237427,0.2018737941980362,0.3835602104663849,-0.3835602104663849,0.14039444876706636,-0.6583151814749305,0.9798140079400787,-0.9395355113982189,-0.8746164231796169,1.060426110607242,1.3205400449891637e-05,2.0205858975679794e-05,-2.6993708828188152e-05,-1.5548746513556986e-05,-4.681344480436893e-05,4.024829932705194e-05,1.6288226628678386,-0.012763227686903633,-1.956894870133393,-0.22485488229106299,2.693106392672036,0.7589722615001181,7.0,1.0,48.0,48.22800064086914,48.029998779296875,5.08,19.16,46.8,0.49,0.351,2.18,0,1,0
1777637024.5365558,3539.584,1.6287689208984375,-0.01287871996034795,-1.9568474928485315,-0.2248004118548792,2.693173408508301,0.7589969635009766,3.834952076431364e-05,5.1132694352418184e-05,-6.391586794052273e-05,-5.752428114647046e-05,3.834952076431364e-05,-5.752428114647046e-05,0.2014160305261612,5.740356922149658,-1.3518117666244507,0.1951446682214737,0.3566437065601349,-0.3790741264820099,0.14038488550048472,-0.6582297820189565,0.9798669970334867,-0.9396235095063155,-0.8745784175168198,1.0604844023063391,1.3202347484185177e-05,2.0203223435771075e-05,-2.6995057629700367e-05,-1.5549045338973986e-05,-4.681274585289499e-05,4.0252082102336235e-05,1.6288226628678386,-0.012763227686903633,-1.956894870133393,-0.22485488229106299,2.693106392672036,0.7589722615001181,7.0,1.0,48.0,48.22800064086914,48.029998779296875,5.08,19.16,46.8,0.49,0.351,2.18,0,1,0
1777637024.5376005,3539.5919999999996,1.6287928819656372,-0.012842957173482716,-1.9568598906146448,-0.2248004118548792,2.6931614875793457,0.7590329051017761,3.834952076431364e-05,5.1132694352418184e-05,-6.391586794052273e-05,-5.752428114647046e-05,3.834952076431364e-05,-5.752428114647046e-05,0.2059936672449112,5.699158191680908,-1.3428444862365723,0.1951446682214737,0.3409424126148224,-0.3813171684741974,0.14040700575146314,-0.6582383001841307,0.9798508800948935,-0.9396108265131038,-0.8745751460095713,1.060522029007328,1.3201731081214543e-05,2.0205013087206205e-05,-2.699455153248569e-05,-1.5548195993272028e-05,-4.681353858408459e-05,4.02505074657279e-05,1.6288226628678386,-0.012763227686903633,-1.956894870133393,-0.22485488229106299,2.693106392672036,0.7589722615001181,7.0,1.0,48.0,48.22800064086914,48.029998779296875,5.08,19.16,46.8,0.49,0.351,2.18,0,1,0
1777637024.540335,3539.6,1.6287809610366821,-0.012818638478414357,-1.9568360487567347,-0.22483665147890264,2.693173408508301,0.7589849233627319,3.834952076431364e-05,5.1132694352418184e-05,-6.391586794052273e-05,-5.752428114647046e-05,3.834952076431364e-05,-5.752428114647046e-05,0.1693725734949112,5.676270008087158,-1.3518117666244507,0.1929016262292862,0.3745880424976349,-0.3813171684741974,0.14039423876726775,-0.6582798912971224,0.9798342307259468,-0.9395824518431672,-0.874604319043587,1.0604666173738133,1.3204089300117774e-05,2.0205230165378663e-05,-2.6994303893192087e-05,-1.554848025565358e-05,-4.6812994184829525e-05,4.025046134606785e-05,1.6288226628678386,-0.012763227686903633,-1.956894870133393,-0.22485488229106299,2.693106392672036,0.7589722615001181,7.0,1.0,48.0,48.2130012512207,48.029998779296875,5.08,19.16,46.8,0.49,0.351,2.18,0,1,0
1777637024.5462687,3539.6079999999997,1.6287928819656372,-0.012866799031392873,-1.9568236509906214,-0.2248604933368128,2.693209409713745,0.7590089440345764,3.834952076431364e-05,5.1132694352418184e-05,-6.391586794052273e-05,-5.752428114647046e-05,3.834952076431364e-05,-5.752428114647046e-05,0.1876831203699112,5.708313465118408,-1.3338773250579834,0.2063598781824112,0.3701019585132599,-0.3813171684741974,0.14039916030940378,-0.6582365561310314,0.9798747010441999,-0.9396513929031881,-0.8746136583504578,1.0605328987580371,1.3202758687980135e-05,2.0203851679027734e-05,-2.6995255962215366e-05,-1.554710629659468e-05,-4.6811919456323744e-05,4.0254708612989275e-05,1.6288226628678386,-0.012763227686903633,-1.956894870133393,-0.22485488229106299,2.693106392672036,0.7589722615001181,7.0,1.0,48.0,48.2130012512207,48.029998779296875,5.08,19.16,46.8,0.49,0.351,2.18,0,1,0
1777637024.555279,3539.616,1.6287928819656372,-0.012831036244527638,-1.9568360487567347,-0.22483665147890264,2.693185329437256,0.7589849233627319,3.834952076431364e-05,5.1132694352418184e-05,-6.391586794052273e-05,-5.752428114647046e-05,3.834952076431364e-05,-5.752428114647046e-05,0.1831054836511612,5.763245105743408,-1.3675044775009155,0.1996307522058487,0.3813171684741974,-0.3835602104663849,0.14040034670584162,-0.6582681667823352,0.9798418920913692,-0.9395919240861107,-0.8746178757178884,1.0604849224203565,1.3203698253118217e-05,2.020488253460342e-05,-2.6994572691840815e-05,-1.5547650919700348e-05,-4.681277717052544e-05,4.02515319531551e-05,1.6288226628678386,-0.012763227686903633,-1.956894870133393,-0.22485488229106299,2.693106392672036,0.7589722615001181,7.0,1.0,47.986000061035156,48.2130012512207,48.029998779296875,5.08,19.16,46.8,0.49,0.351,2.18,0,1,0
1777637024.5621154,3539.624,1.6287689208984375,-0.012854878102437794,-1.9568117300616663,-0.2248004118548792,2.693173408508301,0.7589729428291321,2.5566347176209092e-05,5.1132694352418184e-05,-6.391586794052273e-05,-5.752428114647046e-05,3.834952076431364e-05,-5.752428114647046e-05,0.1785278469324112,5.722046375274658,-1.3495699167251587,0.1973877102136612,0.3476715385913849,-0.3835602104663849,0.1403851392852457,-0.6582852562931446,0.9798449393719519,-0.9395590830121446,-0.8746122098082463,1.0604341196606646,4.789675412925686e-06,1.8409079965634255e-05,-2.6994167251704334e-05,-1.554903185554067e-05,-4.681286783447004e-05,2.7466180549936893e-05,1.6288226628678386,-0.012763227686903633,-1.956894870133393,-0.22485488229106299,2.693106392672036,0.7589722615001181,7.0,1.0,47.986000061035156,48.2130012512207,48.029998779296875,5.08,19.16,46.8,0.49,0.351,2.18,0,1,0
1777637024.5700572,3539.632,1.6287809610366821,-0.012818638478414357,-1.9568117300616663,-0.2248004118548792,2.693209409713745,0.7589849233627319,2.5566347176209092e-05,5.1132694352418184e-05,-6.391586794052273e-05,-5.752428114647046e-05,3.834952076431364e-05,-5.752428114647046e-05,0.2197265923023224,5.685425281524658,-1.3450863361358643,0.1973877102136612,0.3611297905445099,-0.3813171684741974,0.1403928130693673,-0.6583133417303693,0.9798211953005393,-0.939538388876472,-0.874665494185804,1.060442233606563,4.79070498579873e-06,1.840982889674267e-05,-2.6993813207928213e-05,-1.5547640529107346e-05,-4.681197989491001e-05,2.74660368052791e-05,1.6288226628678386,-0.012763227686903633,-1.956894870133393,-0.22485488229106299,2.693106392672036,0.7589722615001181,7.0,1.0,47.986000061035156,48.2130012512207,48.029998779296875,5.08,19.16,46.8,0.49,0.351,2.18,0,1,0
1777637024.5752952,3539.64,1.6287569999694824,-0.012831036244527638,-1.9568598906146448,-0.22483665147890264,2.693173408508301,0.7590089440345764,2.5566347176209092e-05,5.1132694352418184e-05,-6.391586794052273e-05,-5.752428114647046e-05,3.834952076431364e-05,-5.752428114647046e-05,0.2197265923023224,5.712891101837158,-1.3383609056472778,0.1951446682214737,0.3656158745288849,-0.3790741264820099,0.1403793783929227,-0.6582475532351522,0.9798480424572267,-0.9396349556815047,-0.8745669109401086,1.0604847321944655,4.788518958425286e-06,1.8410296797207005e-05,-2.6994827109748624e-05,-1.5549610529789542e-05,-4.6812546913187005e-05,2.74689461283483e-05,1.6288226628678386,-0.012763227686903633,-1.956894870133393,-0.22485488229106299,2.693106392672036,0.7589722615001181,7.0,1.0,47.986000061035156,48.2130012512207,48.029998779296875,5.08,19.16,46.8,0.49,0.351,2.18,0,1,0
1777637024.5823746,3539.6479999999997,1.6287569999694824,-0.012831036244527638,-1.9568360487567347,-0.22484857240785772,2.693173408508301,0.7589729428291321,2.5566347176209092e-05,3.834952076431364e-05,-6.391586794052273e-05,-5.752428114647046e-05,3.834952076431364e-05,-5.752428114647046e-05,0.1785278469324112,5.703735828399658,-1.3428444862365723,0.1906585842370987,0.3409424126148224,-0.3880462944507599,0.14037624653344183,-0.6582714674056922,0.9798436151519218,-0.9396057179255731,-0.8745858458289407,1.060447988277965,4.158066795573988e-06,2.9281705414083686e-05,-1.8489197210782595e-05,-2.8311329793919103e-05,-4.755280119254528e-05,2.746722881670709e-05,1.6288226628678386,-0.012763227686903633,-1.956894870133393,-0.22485488229106299,2.693106392672036,0.7589722615001181,7.0,1.0,47.986000061035156,48.2130012512207,48.029998779296875,5.08,19.16,46.8,0.49,0.351,2.18,0,1,0
1777637024.5919597,3539.656,1.6288049221038818,-0.012818638478414357,-1.9568236509906214,-0.22484857240785772,2.693173408508301,0.7590089440345764,2.5566347176209092e-05,3.834952076431364e-05,-5.1132694352418184e-05,-5.752428114647046e-05,3.834952076431364e-05,-5.752428114647046e-05,0.1831054836511612,5.786133289337158,-1.3540536165237427,0.2018737941980362,0.3297272026538849,-0.3858032524585724,0.14041311604504697,-0.6582781132268614,0.9798411524961991,-0.9395862626854092,-0.8746084256698528,1.0605074431812471,4.801293231581542e-06,1.8516388877730246e-05,-1.9166284263547406e-05,-1.5548635183853466e-05,-4.6793209282485816e-05,2.7514356659777824e-05,1.6288226628678386,-0.012763227686903633,-1.956894870133393,-0.22485488229106299,2.693106392672036,0.7589722615001181,7.0,1.0,47.986000061035156,48.2130012512207,48.04600143432617,5.08,19.16,46.8,0.49,0.351,2.18,0,1,0
1777637024.59839,3539.6639999999998,1.6287689208984375,-0.01287871996034795,-1.9568718115436,-0.22488433519472295,2.6931493282318115,0.7589849233627319,2.5566347176209092e-05,3.834952076431364e-05,-5.1132694352418184e-05,-5.752428114647046e-05,3.834952076431364e-05,-5.752428114647046e-05,0.1647949367761612,5.731201648712158,-1.3293936252593994,0.1929016262292862,0.3544006645679474,-0.3880462944507599,0.1403828303504298,-0.6581842601698117,0.9798904036095637,-0.9397057190698973,-0.874514599504011,1.0605240564061484,4.79925514918902e-06,1.851550305867859e-05,-1.916821294262574e-05,-1.555090097016661e-05,-4.679311760021089e-05,2.751993103588602e-05,1.6288226628678386,-0.012763227686903633,-1.956894870133393,-0.22485488229106299,2.693106392672036,0.7589722615001181,7.0,1.0,47.986000061035156,48.2130012512207,48.04600143432617,5.08,19.16,46.8,0.49,0.351,2.18,0,1,0
1777637024.604421,3539.672,1.6287569999694824,-0.012818638478414357,-1.9568474928485315,-0.22483665147890264,2.693173408508301,0.7589849233627319,2.5566347176209092e-05,3.834952076431364e-05,-5.1132694352418184e-05,-5.752428114647046e-05,3.834952076431364e-05,-5.752428114647046e-05,0.2014160305261612,5.781555652618408,-1.3473281860351562,0.1884155422449112,0.3588867485523224,-0.3745880424976349,0.14037788901025755,-0.6582736169201079,0.9798348373806861,-0.9396008030064456,-0.8745864199986736,1.06045179870243,4.802107272510998e-06,1.8516010978553804e-05,-1.916660245818953e-05,-1.5550881849853027e-05,-4.679243848769922e-05,2.7514901973539502e-05,1.6288226628678386,-0.012763227686903633,-1.956894870133393,-0.22485488229106299,2.693106392672036,0.7589722615001181,7.0,1.0,47.986000061035156,48.22800064086914,48.04600143432617,5.08,19.16,46.8,0.49,0.351,2.18,0,1,0
1777637024.607031,3539.672,1.6287569999694824,-0.012818638478414357,-1.9568474928485315,-0.22483665147890264,2.693173408508301,0.7589849233627319,2.5566347176209092e-05,3.834952076431364e-05,-5.1132694352418184e-05,-5.752428114647046e-05,3.834952076431364e-05,-5.752428114647046e-05,0.2014160305261612,5.781555652618408,-1.3473281860351562,0.1884155422449112,0.3588867485523224,-0.3745880424976349,0.14037788901025755,-0.6582736169201079,0.9798348373806861,-0.9396008030064456,-0.8745864199986736,1.06045179870243,4.802107272510998e-06,1.8516010978553804e-05,-1.916660245818953e-05,-1.5550881849853027e-05,-4.679243848769922e-05,2.7514901973539502e-05,1.6288226628678386,-0.012763227686903633,-1.956894870133393,-0.22485488229106299,2.693106392672036,0.7589722615001181,7.0,1.0,47.986000061035156,48.22800064086914,48.04600143432617,5.12,19.44,46.94,0.495,0.324,2.213,0,0,1
1777637024.6110804,3539.68,1.6287569999694824,-0.012806717549459279,-1.9568236509906214,-0.22482473054994756,2.693209409713745,0.7589849233627319,2.5566347176209092e-05,3.834952076431364e-05,-5.1132694352418184e-05,-5.752428114647046e-05,3.834952076431364e-05,-5.752428114647046e-05,0.1785278469324112,5.703735828399658,-1.3518117666244507,0.1973877102136612,0.3678589165210724,-0.3835602104663849,0.14037652353335972,-0.6583090996752364,0.9798205864892128,-0.9395680104146437,-0.874642396981694,1.0604337618700532,4.803659681698691e-06,1.8515699680722656e-05,-1.916615813410328e-05,-1.5550046794740248e-05,-4.679139437489524e-05,2.7514238099927677e-05,1.6288226628678386,-0.012763227686903633,-1.956894870133393,-0.22485488229106299,2.693106392672036,0.7589722615001181,7.0,1.0,47.986000061035156,48.22800064086914,48.04600143432617,5.12,19.44,46.94,0.495,0.324,2.213,0,1,0
1777637024.6182792,3539.6879999999996,1.6287809610366821,-0.012806717549459279,-1.9568474928485315,-0.2248004118548792,2.693185329437256,0.7590089440345764,2.5566347176209092e-05,3.834952076431364e-05,-5.1132694352418184e-05,-5.752428114647046e-05,3.834952076431364e-05,-5.752428114647046e-05,0.1739502102136612,5.763245105743408,-1.3406027555465698,0.1996307522058487,0.3499145805835724,-0.3925323784351349,0.1403966014527544,-0.6582872869782338,0.9798206467601114,-0.9395659425409921,-0.8746219783464901,1.0604707813507348,4.802104602088486e-06,1.8516137202056628e-05,-1.9166109604055218e-05,-1.554947768077529e-05,-4.679253302696172e-05,2.7513201961478007e-05,1.6288226628678386,-0.012763227686903633,-1.956894870133393,-0.22485488229106299,2.693106392672036,0.7589722615001181,7.0,1.0,47.986000061035156,48.22800064086914,48.04600143432617,5.12,19.44,46.94,0.495,0.324,2.213,0,1,0
1777637024.626277,3539.696,1.6287689208984375,-0.012770954762594044,-1.9568474928485315,-0.22481280962099248,2.693185329437256,0.7589849233627319,2.5566347176209092e-05,3.834952076431364e-05,-5.1132694352418184e-05,-3.834952076431364e-05,3.834952076431364e-05,-5.752428114647046e-05,0.1556396633386612,5.712891101837158,-1.3540536165237427,0.2041168361902237,0.3566437065601349,-0.3790741264820099,0.14038745909194078,-0.6583205414995403,0.9797959618043227,-0.9395373202532243,-0.8746342983993524,1.0604281598551544,5.200551345723964e-06,1.244219188199893e-05,-2.4441532702257843e-05,3.5863401804581935e-06,-4.558065337750054e-05,2.7557843591072547e-05,1.6288226628678386,-0.012763227686903633,-1.956894870133393,-0.22485488229106299,2.693106392672036,0.7589722615001181,7.0,1.0,47.97100067138672,48.22800064086914,48.04600143432617,5.12,19.44,46.94,0.495,0.324,2.213,0,1,0
1777637024.6333468,3539.7039999999997,1.6287689208984375,-0.012902561818258107,-1.9568598906146448,-0.22481280962099248,2.693173408508301,0.7589849233627319,2.5566347176209092e-05,3.834952076431364e-05,-5.1132694352418184e-05,-3.834952076431364e-05,3.834952076431364e-05,-3.834952076431364e-05,0.2014160305261612,5.644226551055908,-1.358537197113037,0.1973877102136612,0.3521576225757599,-0.3835602104663849,0.14038145940759894,-0.6581976809013037,0.9798847713951434,-0.9396594975165105,-0.8745631924426238,1.0604983636298109,7.373714133271381e-06,1.649303531546778e-05,-2.1011107162659076e-05,-1.3981324588931695e-05,-4.1826189264646614e-05,3.426930724526909e-05,1.6288226628678386,-0.012763227686903633,-1.956894870133393,-0.22485488229106299,2.693106392672036,0.7589722615001181,7.0,1.0,47.97100067138672,48.22800064086914,48.04600143432617,5.12,19.44,46.94,0.495,0.324,2.213,0,1,0
1777637024.6410267,3539.712,1.6287809610366821,-0.012818638478414357,-1.9568598906146448,-0.2248004118548792,2.693197250366211,0.7589729428291321,2.5566347176209092e-05,3.834952076431364e-05,-5.1132694352418184e-05,-3.834952076431364e-05,3.834952076431364e-05,-3.834952076431364e-05,0.1785278469324112,5.703735828399658,-1.3518117666244507,0.1884155422449112,0.3476715385913849,-0.3813171684741974,0.14039017495644157,-0.6582748117778099,0.9798222042248437,-0.939571085244733,-0.874638065499324,1.0604539949674774,7.3758512122799965e-06,1.649463672163959e-05,-2.1010036533492835e-05,-1.398040659142034e-05,-4.182669166817545e-05,3.426603431118459e-05,1.6288226628678386,-0.012763227686903633,-1.956894870133393,-0.22485488229106299,2.693106392672036,0.7589722615001181,7.0,1.0,47.97100067138672,48.22800064086914,48.04600143432617,5.12,19.44,46.94,0.495,0.324,2.213,0,1,0
1777637024.647662,3539.72,1.6287809610366821,-0.0127947966205042,-1.956883732472555,-0.22483665147890264,2.693209409713745,0.7590089440345764,2.5566347176209092e-05,3.834952076431364e-05,-5.1132694352418184e-05,-3.834952076431364e-05,3.834952076431364e-05,-3.834952076431364e-05,0.1831054836511612,5.685425281524658,-1.3495699167251587,0.1996307522058487,0.3588867485523224,-0.3745880424976349,0.14039233682755453,-0.6582564184691293,0.9798234190947002,-0.9396245571121417,-0.874621631657412,1.0605046496722432,7.3751635847376846e-06,1.6495489020556095e-05,-2.1010298398734836e-05,-1.3980249264322011e-05,-4.18261078713227e-05,3.426785409569729e-05,1.6288226628678386,-0.012763227686903633,-1.956894870133393,-0.22485488229106299,2.693106392672036,0.7589722615001181,7.0,1.0,47.97100067138672,48.22800064086914,48.04600143432617,5.12,19.44,46.94,0.495,0.324,2.213,0,1,0
1777637024.6547682,3539.728,1.6287689208984375,-0.012842957173482716,-1.9568117300616663,-0.22484857240785772,2.693209409713745,0.7589849233627319,2.5566347176209092e-05,3.834952076431364e-05,-5.1132694352418184e-05,-3.834952076431364e-05,3.834952076431364e-05,-3.834952076431364e-05,0.1693725734949112,5.680847644805908,-1.3361190557479858,0.1951446682214737,0.3544006645679474,-0.3858032524585724,0.14038268772554577,-0.6582790924218094,0.9798506272637437,-0.9396057139460644,-0.8746293091184322,1.0604680386554015,7.376176749254968e-06,1.6494144868358766e-05,-2.101008183689553e-05,-1.3980735940748912e-05,-4.182605467222153e-05,3.4267371034126555e-05,1.6288226628678386,-0.012763227686903633,-1.956894870133393,-0.22485488229106299,2.693106392672036,0.7589722615001181,7.0,1.0,47.97100067138672,48.22800064086914,48.029998779296875,5.12,19.44,46.94,0.495,0.324,2.213,0,1,0
1777637024.6620224,3539.736,1.6287449598312378,-0.012831036244527638,-1.9568598906146448,-0.22483665147890264,2.693185329437256,0.7590089440345764,2.5566347176209092e-05,3.834952076431364e-05,-5.1132694352418184e-05,-3.834952076431364e-05,3.834952076431364e-05,-3.834952076431364e-05,0.1876831203699112,5.694580554962158,-1.3450863361358643,0.2018737941980362,0.3476715385913849,-0.3835602104663849,0.14037032624732027,-0.6582497362330963,0.9798474547822231,-0.9396420536983824,-0.8745723484979453,1.060476318509669,7.375190385042213e-06,1.6494608259110006e-05,-2.1010333255454107e-05,-1.3982124386899926e-05,-4.182601152921947e-05,3.4267687281382524e-05,1.6288226628678386,-0.012763227686903633,-1.956894870133393,-0.22485488229106299,2.693106392672036,0.7589722615001181,7.0,1.0,47.97100067138672,48.22800064086914,48.029998779296875,5.12,19.44,46.94,0.495,0.324,2.213,0,1,0
1777637024.6692092,3539.7439999999997,1.6287689208984375,-0.012818638478414357,-1.9568360487567347,-0.22481280962099248,2.6931614875793457,0.7590089440345764,2.5566347176209092e-05,3.834952076431364e-05,-5.1132694352418184e-05,-3.834952076431364e-05,3.834952076431364e-05,-3.834952076431364e-05,0.2059936672449112,5.671692371368408,-1.3518117666244507,0.2041168361902237,0.3723450005054474,-0.3858032524585724,0.1403906600341389,-0.6582835638986404,0.9798325583048038,-0.939575593611662,-0.8745859743572387,1.0604631361809622,7.375429370864513e-06,1.6495134714217565e-05,-2.1009547604720387e-05,-1.3981447484920321e-05,-4.182738256241059e-05,3.426456176750359e-05,1.6288226628678386,-0.012763227686903633,-1.956894870133393,-0.22485488229106299,2.693106392672036,0.7589722615001181,7.0,1.0,47.97100067138672,48.24300003051758,48.029998779296875,5.12,19.44,46.94,0.495,0.324,2.213,0,1,0
1777637024.676458,3539.752,1.6287809610366821,-0.012806717549459279,-1.9568236509906214,-0.22484857240785772,2.693209409713745,0.7589849233627319,2.5566347176209092e-05,3.834952076431364e-05,-5.1132694352418184e-05,-3.834952076431364e-05,3.834952076431364e-05,-3.834952076431364e-05,0.1831054836511612,5.763245105743408,-1.360779047012329,0.1929016262292862,0.3319702446460724,-0.3835602104663849,0.1403918032378439,-0.6582981826225863,0.9798271461797954,-0.9395804087750961,-0.8746459019794474,1.060466114734176,7.376465507570328e-06,1.64950541194046e-05,-2.100975910690175e-05,-1.3980222095606932e-05,-4.182643197559848e-05,3.426637424085918e-05,1.6288226628678386,-0.012763227686903633,-1.956894870133393,-0.22485488229106299,2.693106392672036,0.7589722615001181,7.0,1.0,47.97100067138672,48.24300003051758,48.029998779296875,5.12,19.44,46.94,0.495,0.324,2.213,0,1,0
1777637024.6856117,3539.7599999999998,1.6287809610366821,-0.012854878102437794,-1.9567998091327112,-0.22481280962099248,2.693185329437256,0.7589729428291321,2.5566347176209092e-05,3.834952076431364e-05,-5.1132694352418184e-05,-3.834952076431364e-05,3.834952076431364e-05,-3.834952076431364e-05,0.1785278469324112,5.680847644805908,-1.3495699167251587,0.1973877102136612,0.3656158745288849,-0.3790741264820099,0.14039228249433655,-0.6582901708061824,0.9798471306077631,-0.9395581832646397,-0.8746307663783521,1.060446548279024,7.376129726303884e-06,1.649392564095081e-05,-2.100972288499486e-05,-1.3980573887302045e-05,-4.182705278777653e-05,3.426523475940596e-05,1.6288226628678386,-0.012763227686903633,-1.956894870133393,-0.22485488229106299,2.693106392672036,0.7589722615001181,7.0,1.0,47.97100067138672,48.24300003051758,48.029998779296875,5.12,19.44,46.94,0.495,0.324,2.213,0,1,0
1777637024.6910856,3539.768,1.6287689208984375,-0.012854878102437794,-1.9568117300616663,-0.2248604933368128,2.693209409713745,0.7589969635009766,2.5566347176209092e-05,3.834952076431364e-05,-5.1132694352418184e-05,-3.834952076431364e-05,3.834952076431364e-05,-3.834952076431364e-05,0.1876831203699112,5.754089832305908,-1.3428444862365723,0.1996307522058487,0.3611297905445099,-0.3880462944507599,0.14038321825984656,-0.6582626315770898,0.9798639936580106,-0.9396327733334825,-0.8746148950606655,1.0604902382046961,7.37565488068702e-06,1.6494013919602475e-05,-2.1010304594798647e-05,-1.3980749857521913e-05,-4.18258452888246e-05,3.426834606466543e-05,1.6288226628678386,-0.012763227686903633,-1.956894870133393,-0.22485488229106299,2.693106392672036,0.7589722615001181,7.0,1.0,47.97100067138672,48.24300003051758,48.029998779296875,5.12,19.44,46.94,0.495,0.324,2.213,0,1,0
1777637024.6983783,3539.776,1.6287809610366821,-0.012831036244527638,-1.9568474928485315,-0.22487241426576787,2.6931614875793457,0.7589969635009766,2.5566347176209092e-05,3.834952076431364e-05,-5.1132694352418184e-05,-3.834952076431364e-05,3.834952076431364e-05,-3.834952076431364e-05,0.1785278469324112,5.657959461212158,-1.3630207777023315,0.2086029201745987,0.3701019585132599,-0.3813171684741974,0.1403948014291242,-0.6582453401658852,0.979855667623114,-0.9396377936619289,-0.8745632444724604,1.060504697524067,7.374407478305496e-06,1.6495171181880157e-05,-2.101031414207276e-05,-1.3980997314290219e-05,-4.182681263418774e-05,3.4267971668782695e-05,1.6288226628678386,-0.012763227686903633,-1.956894870133393,-0.22485488229106299,2.693106392672036,0.7589722615001181,7.0,1.0,47.97100067138672,48.24300003051758,48.029998779296875,5.12,19.44,46.94,0.495,0.324,2.213,0,1,0
1777637024.7071252,3539.7839999999997,1.6287569999694824,-0.012831036244527638,-1.956883732472555,-0.22481280962099248,2.693185329437256,0.7589969635009766,2.5566347176209092e-05,3.834952076431364e-05,-5.1132694352418184e-05,-3.834952076431364e-05,3.834952076431364e-05,-3.834952076431364e-05,0.1510620266199112,5.722046375274658,-1.3540536165237427,0.1951446682214737,0.3252411186695099,-0.3790741264820099,0.14037618446110162,-0.6582380533070329,0.9798400144350817,-0.9396315178741308,-0.8745835452596556,1.0604763781909303,7.374854995066122e-06,1.6494535268091313e-05,-2.101051432130615e-05,-1.3981621371563009e-05,-4.182617978497568e-05,3.4267687607437666e-05,1.6288226628678386,-0.012763227686903633,-1.956894870133393,-0.22485488229106299,2.693106392672036,0.7589722615001181,7.0,1.0,47.97100067138672,48.24300003051758,48.029998779296875,5.12,19.44,46.94,0.495,0.324,2.213,0,1,0
1777637024.713249,3539.792,1.6287689208984375,-0.012866799031392873,-1.9568718115436,-0.2248604933368128,2.6931493282318115,0.7589609622955322,2.5566347176209092e-05,3.834952076431364e-05,-5.1132694352418184e-05,-3.834952076431364e-05,3.834952076431364e-05,-3.834952076431364e-05,0.1968383938074112,5.676270008087158,-1.3540536165237427,0.2041168361902237,0.3611297905445099,-0.3835602104663849,0.14038119356691584,-0.6582070193986589,0.9798716260806974,-0.9396620137111283,-0.8745384964560577,1.0604857329561352,7.3738092718573175e-06,1.64941405232286e-05,-2.101104682287009e-05,-1.39817132936342e-05,-4.182648101667116e-05,3.426960117239824e-05,1.6288226628678386,-0.012763227686903633,-1.956894870133393,-0.22485488229106299,2.693106392672036,0.7589722615001181,7.0,1.0,47.97100067138672,48.24300003051758,48.029998779296875,5.12,19.44,46.94,0.495,0.324,2.213,0,1,0
1777637024.719335,3539.7999999999997,1.6287689208984375,-0.012831036244527638,-1.9568474928485315,-0.22484857240785772,2.6931614875793457,0.7589729428291321,2.5566347176209092e-05,3.834952076431364e-05,-5.1132694352418184e-05,-3.834952076431364e-05,3.834952076431364e-05,-3.834952076431364e-05,0.1647949367761612,5.712891101837158,-1.3518117666244507,0.1951446682214737,0.3701019585132599,-0.3835602104663849,0.1403846436127814,-0.6582596628437614,0.9798448093797287,-0.9396086228445389,-0.8745756436727773,1.060461989326506,7.375159572845943e-06,1.6494814485433242e-05,-2.101018873675303e-05,-1.3981485188095715e-05,-4.182685591349391e-05,3.4266997818312887e-05,1.6288226628678386,-0.012763227686903633,-1.956894870133393,-0.22485488229106299,2.693106392672036,0.7589722615001181,7.0,1.0,47.97100067138672,48.24300003051758,48.06100082397461,5.12,19.44,46.94,0.495,0.324,2.213,0,1,0
1777637024.7271366,3539.808,1.6287809610366821,-0.012842957173482716,-1.9568474928485315,-0.2248604933368128,2.693185329437256,0.7589849233627319,2.5566347176209092e-05,2.5566347176209092e-05,-3.834952076431364e-05,-3.834952076431364e-05,3.834952076431364e-05,-3.834952076431364e-05,0.2288818657398224,5.685425281524658,-1.3652626276016235,0.1929016262292862,0.3835602104663849,-0.3768310844898224,0.14039083956237605,-0.6582425101473801,0.9798569893306768,-0.939637199118637,-0.874592027840516,1.0604982253102817,7.387488919372699e-06,1.6600288932306286e-05,-1.3182653036666955e-05,-1.398190891338933e-05,-4.180615006780827e-05,3.431573313083027e-05,1.6288226628678386,-0.012763227686903633,-1.956894870133393,-0.22485488229106299,2.693106392672036,0.7589722615001181,7.0,1.0,47.97100067138672,48.24300003051758,48.06100082397461,5.12,19.44,46.94,0.495,0.324,2.213,0,1,0
1777637024.7385604,3539.816,1.6287449598312378,-0.012818638478414357,-1.9567998091327112,-0.2248004118548792,2.693197250366211,0.7589729428291321,2.5566347176209092e-05,2.5566347176209092e-05,-3.834952076431364e-05,-3.834952076431364e-05,3.834952076431364e-05,-3.834952076431364e-05,0.1739502102136612,5.694580554962158,-1.369746208190918,0.2041168361902237,0.3768310844898224,-0.3813171684741974,0.14036950282233762,-0.6583304652338183,0.9798190177938213,-0.9395313970393997,-0.874642899891922,1.0603933110701282,7.3904710015521824e-06,1.6599841724411086e-05,-1.3181326087430019e-05,-1.3983147559094783e-05,-4.1806563064328926e-05,3.431067033153143e-05,1.6288226628678386,-0.012763227686903633,-1.956894870133393,-0.22485488229106299,2.693106392672036,0.7589722615001181,7.0,1.0,47.97100067138672,48.25899887084961,48.06100082397461,5.12,19.44,46.94,0.495,0.324,2.213,0,1,0
1777637024.7429395,3539.8239999999996,1.6287689208984375,-0.012854878102437794,-1.9568718115436,-0.22481280962099248,2.6931614875793457,0.7589729428291321,2.5566347176209092e-05,2.5566347176209092e-05,-3.834952076431364e-05,-3.834952076431364e-05,3.834952076431364e-05,-3.834952076431364e-05,0.1968383938074112,5.694580554962158,-1.358537197113037,0.1906585842370987,0.3588867485523224,-0.3790741264820099,0.14038298117675468,-0.6582302356294483,0.979852121805998,-0.9396193070537416,-0.8745704295708567,1.0604682568028196,7.387158044332528e-06,1.6599970088793435e-05,-1.3182710971007287e-05,-1.3982767141358856e-05,-4.180658999726999e-05,3.4314597167961006e-05,1.6288226628678386,-0.012763227686903633,-1.956894870133393,-0.22485488229106299,2.693106392672036,0.7589722615001181,7.0,1.0,47.97100067138672,48.25899887084961,48.06100082397461,5.12,19.44,46.94,0.495,0.324,2.213,0,1,0
1777637024.748168,3539.832,1.6287689208984375,-0.012831036244527638,-1.9568236509906214,-0.22483665147890264,2.6931614875793457,0.7589609622955322,2.5566347176209092e-05,2.5566347176209092e-05,-3.834952076431364e-05,-3.834952076431364e-05,3.834952076431364e-05,-3.834952076431364e-05,0.1968383938074112,5.781555652618408,-1.358537197113037,0.2041168361902237,0.3521576225757599,-0.3835602104663849,0.14038473230194626,-0.6582860519954925,0.9798381215443903,-0.9395711929080747,-0.8745949367339569,1.0604339603134567,7.3886728591912295e-06,1.6600292865577665e-05,-1.3181915469550022e-05,-1.3982737767294518e-05,-4.180701423078604e-05,3.4312627406593434e-05,1.6288226628678386,-0.012763227686903633,-1.956894870133393,-0.22485488229106299,2.693106392672036,0.7589722615001181,7.0,1.0,47.97100067138672,48.25899887084961,48.06100082397461,5.12,19.44,46.94,0.495,0.324,2.213,0,1,0
1777637024.75082,3539.832,1.6287689208984375,-0.012831036244527638,-1.9568236509906214,-0.22483665147890264,2.6931614875793457,0.7589609622955322,2.5566347176209092e-05,2.5566347176209092e-05,-3.834952076431364e-05,-3.834952076431364e-05,3.834952076431364e-05,-3.834952076431364e-05,0.1968383938074112,5.781555652618408,-1.358537197113037,0.2041168361902237,0.3521576225757599,-0.3835602104663849,0.14038473230194626,-0.6582860519954925,0.9798381215443903,-0.9395711929080747,-0.8745949367339569,1.0604339603134567,7.3886728591912295e-06,1.6600292865577665e-05,-1.3181915469550022e-05,-1.3982737767294518e-05,-4.180701423078604e-05,3.4312627406593434e-05,1.6288226628678386,-0.012763227686903633,-1.956894870133393,-0.22485488229106299,2.693106392672036,0.7589722615001181,7.0,1.0,47.97100067138672,48.25899887084961,48.06100082397461,5.81,18.32,47.27,0.42,0.364,2.283,0,0,1
1777637024.7554522,3539.8399999999997,1.6287449598312378,-0.012854878102437794,-1.9568718115436,-0.22483665147890264,2.693173408508301,0.7589729428291321,2.5566347176209092e-05,2.5566347176209092e-05,-3.834952076431364e-05,-3.834952076431364e-05,3.834952076431364e-05,-3.834952076431364e-05,0.1876831203699112,5.690002918243408,-1.3562953472137451,0.1884155422449112,0.3454284965991974,-0.3835602104663849,0.1403655887978251,-0.6582265381952108,0.9798580931830293,-0.9396513678800765,-0.8745596038474625,1.0604614845071167,7.38752234704276e-06,1.6599798578913265e-05,-1.3182940702786978e-05,-1.3983602773545729e-05,-4.180579076234137e-05,3.431590591443243e-05,1.6288226628678386,-0.012763227686903633,-1.956894870133393,-0.22485488229106299,2.693106392672036,0.7589722615001181,7.0,1.0,47.97100067138672,48.25899887084961,48.06100082397461,5.81,18.32,47.27,0.42,0.364,2.283,0,1,0
1777637024.76276,3539.848,1.6287689208984375,-0.012818638478414357,-1.9568598906146448,-0.22483665147890264,2.693185329437256,0.7589609622955322,2.5566347176209092e-05,2.5566347176209092e-05,-3.834952076431364e-05,-3.834952076431364e-05,3.834952076431364e-05,-3.834952076431364e-05,0.1785278469324112,5.639648914337158,-1.3450863361358643,0.1951446682214737,0.3431854546070099,-0.3813171684741974,0.14038126524921893,-0.6582670607641493,0.9798306180479837,-0.9395977358261126,-0.8746092814077809,1.0604495485271175,7.3884847523909136e-06,1.660029821532755e-05,-1.318236886458551e-05,-1.3982392599655127e-05,-4.18062956851266e-05,3.431427058718979e-05,1.6288226628678386,-0.012763227686903633,-1.956894870133393,-0.22485488229106299,2.693106392672036,0.7589722615001181,7.0,1.0,47.97100067138672,48.25899887084961,48.06100082397461,5.81,18.32,47.27,0.42,0.364,2.283,0,1,0
1777637024.7699766,3539.8559999999998,1.6287569999694824,-0.0127947966205042,-1.9568474928485315,-0.22477656999696904,2.693209409713745,0.7589609622955322,2.5566347176209092e-05,2.5566347176209092e-05,-3.834952076431364e-05,-3.834952076431364e-05,3.834952076431364e-05,-3.834952076431364e-05,0.1922607570886612,5.685425281524658,-1.3495699167251587,0.1996307522058487,0.3499145805835724,-0.3723450005054474,0.14037418913257244,-0.6583194810124656,0.9797963786601493,-0.9395238515962563,-0.8746663913254448,1.0603952082215193,7.39028978156882e-06,1.6600030761175064e-05,-1.3181574965274276e-05,-1.3982463472211567e-05,-4.180647032311761e-05,3.4311010707215216e-05,1.6288226628678386,-0.012763227686903633,-1.956894870133393,-0.22485488229106299,2.693106392672036,0.7589722615001181,7.0,1.0,47.986000061035156,48.25899887084961,48.06100082397461,5.81,18.32,47.27,0.42,0.364,2.283,0,1,0
1777637024.7772467,3539.864,1.6287449598312378,-0.012842957173482716,-1.9568236509906214,-0.2248604933368128,2.693209409713745,0.7589729428291321,2.5566347176209092e-05,2.5566347176209092e-05,-3.834952076431364e-05,-3.834952076431364e-05,3.834952076431364e-05,-3.834952076431364e-05,0.1647949367761612,5.699158191680908,-1.360779047012329,0.1951446682214737,0.3611297905445099,-0.3790741264820099,0.14036470744374674,-0.6582711722421528,0.9798523944651978,-0.9396285915255805,-0.8746110228049483,1.060449125907544,7.389113115212099e-06,1.6599697317783704e-05,-1.3182470234916212e-05,-1.3983030434464605e-05,-4.1805348256833795e-05,3.431543548837947e-05,1.6288226628678386,-0.012763227686903633,-1.956894870133393,-0.22485488229106299,2.693106392672036,0.7589722615001181,7.0,1.0,47.986000061035156,48.25899887084961,48.06100082397461,5.81,18.32,47.27,0.42,0.364,2.283,0,1,0
1777637024.855,3539.872,1.6287689208984375,-0.012854878102437794,-1.9568598906146448,-0.22484857240785772,2.693185329437256,0.7589609622955322,2.5566347176209092e-05,2.5566347176209092e-05,-3.834952076431364e-05,-3.834952076431364e-05,3.834952076431364e-05,-3.834952076431364e-05,0.2014160305261612,5.657959461212158,-1.3518117666244507,0.1951446682214737,0.3364563286304474,-0.3768310844898224,0.14037922797429875,-0.6582324634547916,0.9798580093905337,-0.9396395956117891,-0.874589579408052,1.060473625813521,7.3876245668347406e-06,1.6599832718840837e-05,-1.3182943620144962e-05,-1.3982418965350439e-05,-4.180587329793929e-05,3.4316240651943836e-05,1.6288226628678386,-0.012763227686903633,-1.956894870133393,-0.22485488229106299,2.693106392672036,0.7589722615001181,7.0,1.0,47.986000061035156,48.25899887084961,48.029998779296875,5.81,18.32,47.27,0.42,0.364,2.283,0,1,0
1777637024.8550491,3539.8799999999997,1.6287689208984375,-0.012854878102437794,-1.9568718115436,-0.2248004118548792,2.693233013153076,0.7589969635009766,2.5566347176209092e-05,2.5566347176209092e-05,-3.834952076431364e-05,-3.834952076431364e-05,3.834952076431364e-05,-3.834952076431364e-05,0.1785278469324112,5.712891101837158,-1.3562953472137451,0.1973877102136612,0.3342132866382599,-0.3790741264820099,0.14037920439257623,-0.6582320425253949,0.9798494839760059,-0.9396383865215518,-0.8746385601011669,1.0604940047068803,7.387906494484241e-06,1.6599411178409126e-05,-1.3182948189412554e-05,-1.3981668177495118e-05,-4.1805184746959454e-05,3.43161002377753e-05,1.6288226628678386,-0.012763227686903633,-1.956894870133393,-0.22485488229106299,2.693106392672036,0.7589722615001181,7.0,1.0,47.986000061035156,48.25899887084961,48.029998779296875,5.81,18.32,47.27,0.42,0.364,2.283,0,1,0
1777637024.8573563,3539.888,1.6287809610366821,-0.012831036244527638,-1.9568598906146448,-0.22482473054994756,2.693233013153076,0.7589489817619324,2.5566347176209092e-05,2.5566347176209092e-05,-3.834952076431364e-05,-3.834952076431364e-05,3.834952076431364e-05,-3.834952076431364e-05,0.1785278469324112,5.731201648712158,-1.3428444862365723,0.1973877102136612,0.3364563286304474,-0.3813171684741974,0.1403829595210417,-0.6582631082583597,0.9798310917338191,-0.9395991334014526,-0.874668620950573,1.0604574533832483,7.388967003142247e-06,1.6599639166433934e-05,-1.3182719055345347e-05,-1.3981160551707319e-05,-4.180545135823096e-05,3.431563072683142e-05,1.6288226628678386,-0.012763227686903633,-1.956894870133393,-0.22485488229106299,2.693106392672036,0.7589722615001181,7.0,1.0,47.986000061035156,48.24300003051758,48.029998779296875,5.81,18.32,47.27,0.42,0.364,2.283,0,1,0
1777637024.8575141,3539.8959999999997,1.6287569999694824,-0.012782875691549123,-1.9568360487567347,-0.2248604933368128,2.693209409713745,0.7589250206947327,2.5566347176209092e-05,2.5566347176209092e-05,-3.834952076431364e-05,-3.834952076431364e-05,3.834952076431364e-05,-3.834952076431364e-05,0.1785278469324112,5.671692371368408,-1.37198805809021,0.1996307522058487,0.3386993706226349,-0.3768310844898224,0.1403695369666368,-0.6583202682727384,0.9798044966743601,-0.9395578678964644,-0.8746558186764571,1.0603944784558346,7.3906127191634e-06,1.660036133947443e-05,-1.318191325850172e-05,-1.3982504901177958e-05,-4.1805931321622175e-05,3.4313483163638095e-05,1.6288226628678386,-0.012763227686903633,-1.956894870133393,-0.22485488229106299,2.693106392672036,0.7589722615001181,7.0,1.0,47.986000061035156,48.24300003051758,48.029998779296875,5.81,18.32,47.27,0.42,0.364,2.283,0,1,0
1777637024.860858,3539.904,1.6287928819656372,-0.012842957173482716,-1.9568236509906214,-0.22483665147890264,2.693185329437256,0.7589969635009766,2.5566347176209092e-05,2.5566347176209092e-05,-3.834952076431364e-05,-3.834952076431364e-05,3.834952076431364e-05,-3.834952076431364e-05,0.2059936672449112,5.712891101837158,-1.358537197113037,0.1951446682214737,0.3319702446460724,-0.3835602104663849,0.14040174906567876,-0.6582659242614612,0.9798513217004201,-0.9395977978205581,-0.8746133998894245,1.0604950358988416,7.387827295182053e-06,1.6600310574925475e-05,-1.3182135027010494e-05,-1.3981378505499601e-05,-4.180674006894538e-05,3.4313785121714314e-05,1.6288226628678386,-0.012763227686903633,-1.956894870133393,-0.22485488229106299,2.693106392672036,0.7589722615001181,7.0,1.0,47.986000061035156,48.24300003051758,48.029998779296875,5.81,18.32,47.27,0.42,0.364,2.283,0,1,0
1777637024.860967,3539.912,1.6287569999694824,-0.012831036244527638,-1.9568236509906214,-0.22483665147890264,2.693173408508301,0.7590089440345764,2.5566347176209092e-05,2.5566347176209092e-05,-3.834952076431364e-05,-3.834952076431364e-05,3.834952076431364e-05,-3.834952076431364e-05,0.1922607570886612,5.717468738555908,-1.369746208190918,0.1996307522058487,0.3431854546070099,-0.3768310844898224,0.14038120439146098,-0.658278074329554,0.9798461219407892,-0.9396034125551157,-0.8745817907014138,1.0604667157270897,7.388330055864535e-06,1.660040289282515e-05,-1.3181890931026082e-05,-1.3983054330833748e-05,-4.180659500945463e-05,3.431296232260527e-05,1.6288226628678386,-0.012763227686903633,-1.956894870133393,-0.22485488229106299,2.693106392672036,0.7589722615001181,7.0,1.0,47.986000061035156,48.24300003051758,48.029998779296875,5.81,18.32,47.27,0.42,0.364,2.283,0,1,0
1777637024.861064,3539.9199999999996,1.6287809610366821,-0.012842957173482716,-1.9568360487567347,-0.22483665147890264,2.693197250366211,0.7589849233627319,2.5566347176209092e-05,2.5566347176209092e-05,-3.834952076431364e-05,-3.834952076431364e-05,3.834952076431364e-05,-3.834952076431364e-05,0.1922607570886612,5.744934558868408,-1.3562953472137451,0.1996307522058487,0.3476715385913849,-0.3858032524585724,0.14039078385383624,-0.6582601950335698,0.9798492360600048,-0.9396093307852741,-0.8746184930023793,1.060482582710548,7.388101851231264e-06,1.660005176673696e-05,-1.3182388440890673e-05,-1.3981703560414721e-05,-4.1806210770213036e-05,3.4314626604759925e-05,1.6288226628678386,-0.012763227686903633,-1.956894870133393,-0.22485488229106299,2.693106392672036,0.7589722615001181,7.0,1.0,47.986000061035156,48.24300003051758,48.029998779296875,5.81,18.32,47.27,0.42,0.364,2.283,0,1,0
1777637024.8611267,3539.928,1.6287928819656372,-0.01287871996034795,-1.9568236509906214,-0.22483665147890264,2.693173408508301,0.7589489817619324,2.5566347176209092e-05,2.5566347176209092e-05,-3.834952076431364e-05,-3.834952076431364e-05,3.834952076431364e-05,-3.834952076431364e-05,0.2014160305261612,5.781555652618408,-1.324910044670105,0.2041168361902237,0.3297272026538849,-0.3768310844898224,0.14039566253822877,-0.6582451602721144,0.97986711622188,-0.9396008034181098,-0.8746053200699635,1.0604699935936497,7.387617753318092e-06,1.6599596681299017e-05,-1.3182643635435998e-05,-1.398157856927974e-05,-4.180668024446657e-05,3.4314913851428345e-05,1.6288226628678386,-0.012763227686903633,-1.956894870133393,-0.22485488229106299,2.693106392672036,0.7589722615001181,7.0,1.0,47.986000061035156,48.24300003051758,48.029998779296875,5.81,18.32,47.27,0.42,0.364,2.283,0,1,0
1777637024.8645678,3539.9359999999997,1.6287689208984375,-0.012782875691549123,-1.9568474928485315,-0.22483665147890264,2.693173408508301,0.7589609622955322,2.5566347176209092e-05,2.5566347176209092e-05,-3.834952076431364e-05,-3.834952076431364e-05,3.834952076431364e-05,-3.834952076431364e-05,0.1693725734949112,5.680847644805908,-1.3428444862365723,0.1951446682214737,0.3319702446460724,-0.3835602104663849,0.14038478330786247,-0.6583074231782693,0.9798067526552523,-0.9395530114467531,-0.8746169590164049,1.0604235774687858,7.38933575476694e-06,1.6600907695679183e-05,-1.3181652885278384e-05,-1.398254767494955e-05,-4.180697061678063e-05,3.4311965446924883e-05,1.6288226628678386,-0.012763227686903633,-1.956894870133393,-0.22485488229106299,2.693106392672036,0.7589722615001181,7.0,1.0,47.97100067138672,48.24300003051758,48.029998779296875,5.81,18.32,47.27,0.42,0.364,2.283,0,1,0
1777637024.8679402,3539.944,1.6287928819656372,-0.012818638478414357,-1.9568474928485315,-0.22483665147890264,2.693173408508301,0.7589609622955322,1.2783173588104546e-05,2.5566347176209092e-05,-3.834952076431364e-05,-3.834952076431364e-05,3.834952076431364e-05,-3.834952076431364e-05,0.1876831203699112,5.731201648712158,-1.3540536165237427,0.1906585842370987,0.3028106987476349,-0.3790741264820099,0.1403987896093558,-0.6582736452504976,0.9798305486416208,-0.9395756724126453,-0.8746155008746576,1.0604620017381596,-1.0266385147360816e-06,1.4805826863696161e-05,-1.3182136988999683e-05,-1.3981564192379597e-05,-4.180699332736188e-05,2.1530255514779445e-05,1.6288226628678386,-0.012763227686903633,-1.956894870133393,-0.22485488229106299,2.693106392672036,0.7589722615001181,7.0,1.0,47.97100067138672,48.24300003051758,48.04600143432617,5.81,18.32,47.27,0.42,0.364,2.283,0,1,0
1777637024.8693435,3539.9519999999998,1.6287689208984375,-0.012854878102437794,-1.9568236509906214,-0.2248004118548792,2.6931614875793457,0.7589609622955322,1.2783173588104546e-05,2.5566347176209092e-05,-3.834952076431364e-05,-3.834952076431364e-05,3.834952076431364e-05,-3.834952076431364e-05,0.2197265923023224,5.671692371368408,-1.3450863361358643,0.2041168361902237,0.3140259087085724,-0.3813171684741974,0.1403843052999101,-0.6582772565779773,0.9798440146478554,-0.9395602940023582,-0.8745999010752213,1.0604279010048205,-1.0263959654751636e-06,1.480521824207682e-05,-1.3181982180056437e-05,-1.398272603765727e-05,-4.1807127604626126e-05,2.1528949324900402e-05,1.6288226628678386,-0.012763227686903633,-1.956894870133393,-0.22485488229106299,2.693106392672036,0.7589722615001181,7.0,1.0,47.97100067138672,48.24300003051758,48.04600143432617,5.81,18.32,47.27,0.42,0.364,2.283,0,1,0
1777637024.8694358,3539.96,1.6287809610366821,-0.012818638478414357,-1.9568117300616663,-0.22478896776308233,2.693185329437256,0.7589489817619324,1.2783173588104546e-05,2.5566347176209092e-05,-3.834952076431364e-05,-3.834952076431364e-05,3.834952076431364e-05,-3.834952076431364e-05,0.2014160305261612,5.685425281524658,-1.3495699167251587,0.1996307522058487,0.3140259087085724,-0.3902893364429474,0.140391246775747,-0.6583235696810239,0.9798127999751691,-0.9395037381566118,-0.8746597328270447,1.060401966722322,-1.0255653793463343e-06,1.480537732925159e-05,-1.3181390831104166e-05,-1.3981824865504467e-05,-4.1807314686602224e-05,2.152718144645967e-05,1.6288226628678386,-0.012763227686903633,-1.956894870133393,-0.22485488229106299,2.693106392672036,0.7589722615001181,7.0,1.0,47.97100067138672,48.25899887084961,48.04600143432617,5.81,18.32,47.27,0.42,0.364,2.283,0,1,0
1777637024.8713543,3539.968,1.6287449598312378,-0.012806717549459279,-1.9568474928485315,-0.2248604933368128,2.693233013153076,0.7589849233627319,1.2783173588104546e-05,2.5566347176209092e-05,-3.834952076431364e-05,-3.834952076431364e-05,3.834952076431364e-05,-3.834952076431364e-05,0.2059936672449112,5.708313465118408,-1.3630207777023315,0.1906585842370987,0.3005676567554474,-0.3858032524585724,0.14036442491922466,-0.6582803560305852,0.979830526292646,-0.9396298685873726,-0.8746353319312534,1.0604568223605881,-1.0253995701499658e-06,1.480580738323338e-05,-1.3182407659626911e-05,-1.3982668285892332e-05,-4.180495307554975e-05,2.153241606371794e-05,1.6288226628678386,-0.012763227686903633,-1.956894870133393,-0.22485488229106299,2.693106392672036,0.7589722615001181,7.0,1.0,47.97100067138672,48.25899887084961,48.04600143432617,5.81,18.32,47.27,0.42,0.364,2.283,0,1,0
1777637024.8775988,3539.9759999999997,1.6287449598312378,-0.012818638478414357,-1.9568360487567347,-0.2248604933368128,2.6931614875793457,0.7590209245681763,1.2783173588104546e-05,2.5566347176209092e-05,-3.834952076431364e-05,-3.834952076431364e-05,3.834952076431364e-05,-3.834952076431364e-05,0.1785278469324112,5.749512195587158,-1.3518117666244507,0.1929016262292862,0.3207550346851349,-0.3880462944507599,0.14037525911552284,-0.6582692874125544,0.9798478212197737,-0.939631844554542,-0.8745487254387704,1.0604765703956291,-1.0267905785940733e-06,1.4806366441008176e-05,-1.318197939070072e-05,-1.3983757370503875e-05,-4.180646580286308e-05,2.153042685055765e-05,1.6288226628678386,-0.012763227686903633,-1.956894870133393,-0.22485488229106299,2.693106392672036,0.7589722615001181,7.0,1.0,47.97100067138672,48.25899887084961,48.04600143432617,5.81,18.32,47.27,0.42,0.364,2.283,0,1,0
1777637024.884867,3539.984,1.6287809610366821,-0.012818638478414357,-1.9568598906146448,-0.22483665147890264,2.6931493282318115,0.7589489817619324,1.2783173588104546e-05,2.5566347176209092e-05,-3.834952076431364e-05,-3.834952076431364e-05,3.834952076431364e-05,-3.834952076431364e-05,0.1831054836511612,5.712891101837158,-1.360779047012329,0.1996307522058487,0.3117828667163849,-0.3768310844898224,0.14039123328816006,-0.6582664147434731,0.9798302486293713,-0.9395785335374013,-0.8745841168301671,1.0604438876642555,-1.0267749967137887e-06,1.4805993745309587e-05,-1.3182205184170671e-05,-1.398243830360698e-05,-4.180722671319093e-05,2.153008557014755e-05,1.6288226628678386,-0.012763227686903633,-1.956894870133393,-0.22485488229106299,2.693106392672036,0.7589722615001181,7.0,1.0,47.97100067138672,48.25899887084961,48.04600143432617,5.81,18.32,47.27,0.42,0.364,2.283,0,1,0
1777637024.892792,3539.9919999999997,1.6287330389022827,-0.0127947966205042,-1.9568236509906214,-0.2248604933368128,2.693185329437256,0.7589489817619324,1.2783173588104546e-05,2.5566347176209092e-05,-3.834952076431364e-05,-3.834952076431364e-05,3.834952076431364e-05,-3.834952076431364e-05,0.1922607570886612,5.731201648712158,-1.3293936252593994,0.1951446682214737,0.3005676567554474,-0.3835602104663849,0.14035879398807757,-0.6583178738704751,0.9798172477197884,-0.9395725627058878,-0.8746091264791502,1.0603904667261563,-1.0250533536083457e-06,1.4806139532346025e-05,-1.3181737373272225e-05,-1.3983871472203183e-05,-4.180611233309332e-05,2.152961434023966e-05,1.6288226628678386,-0.012763227686903633,-1.956894870133393,-0.22485488229106299,2.693106392672036,0.7589722615001181,7.0,1.0,47.97100067138672,48.25899887084961,48.04600143432617,5.81,18.32,47.27,0.42,0.364,2.283,0,1,0
1777637024.8949304,3539.9919999999997,1.6287330389022827,-0.0127947966205042,-1.9568236509906214,-0.2248604933368128,2.693185329437256,0.7589489817619324,1.2783173588104546e-05,2.5566347176209092e-05,-3.834952076431364e-05,-3.834952076431364e-05,3.834952076431364e-05,-3.834952076431364e-05,0.1922607570886612,5.731201648712158,-1.3293936252593994,0.1951446682214737,0.3005676567554474,-0.3835602104663849,0.14035879398807757,-0.6583178738704751,0.9798172477197884,-0.9395725627058878,-0.8746091264791502,1.0603904667261563,-1.0250533536083457e-06,1.4806139532346025e-05,-1.3181737373272225e-05,-1.3983871472203183e-05,-4.180611233309332e-05,2.152961434023966e-05,1.6288226628678386,-0.012763227686903633,-1.956894870133393,-0.22485488229106299,2.693106392672036,0.7589722615001181,7.0,1.0,47.97100067138672,48.25899887084961,48.04600143432617,5.51,18.07,47.31,0.457,0.422,2.29,0,0,1
1777637024.8992088,3540.0,1.6287928819656372,-0.012854878102437794,-1.9567878882037562,-0.2248004118548792,2.693185329437256,0.7589609622955322,1.2783173588104546e-05,2.5566347176209092e-05,-3.834952076431364e-05,-3.834952076431364e-05,3.834952076431364e-05,-3.834952076431364e-05,0.2059936672449112,5.767822742462158,-1.3540536165237427,0.1906585842370987,0.3028106987476349,-0.3790741264820099,0.14039962815710955,-0.658304997188239,0.9798409427602308,-0.9395265388110904,-0.8746519252146252,1.0604344114523714,-1.026044737708225e-06,1.4804938054620774e-05,-1.3181612730671463e-05,-1.3981336229173945e-05,-4.180727503021062e-05,2.1528157892345013e-05,1.6288226628678386,-0.012763227686903633,-1.956894870133393,-0.22485488229106299,2.693106392672036,0.7589722615001181,7.0,1.0,47.97100067138672,48.25899887084961,48.04600143432617,5.51,18.07,47.31,0.457,0.422,2.29,0,1,0
1777637024.9066465,3540.008,1.6288049221038818,-0.0127947966205042,-1.9568236509906214,-0.22483665147890264,2.693185329437256,0.7589849233627319,1.2783173588104546e-05,2.5566347176209092e-05,-3.834952076431364e-05,-1.917476038215682e-05,3.834952076431364e-05,-3.834952076431364e-05,0.1968383938074112,5.722046375274658,-1.3562953472137451,0.2018737941980362,0.2871094048023224,-0.3813171684741974,0.14041068888136,-0.6583077374724364,0.9798171214241015,-0.9395454511888406,-0.8746444523591447,1.06047090870343,-6.289700034915726e-07,8.731454268596613e-06,-1.8457177263137653e-05,5.1554858061495305e-06,-4.059490291981651e-05,2.157435318762827e-05,1.6288226628678386,-0.012763227686903633,-1.956894870133393,-0.22485488229106299,2.693106392672036,0.7589722615001181,7.0,1.0,47.97100067138672,48.25899887084961,48.04600143432617,5.51,18.07,47.31,0.457,0.422,2.29,0,1,0
1777637024.913896,3540.0159999999996,1.6287809610366821,-0.012831036244527638,-1.9568474928485315,-0.22483665147890264,2.6931374073028564,0.7589370012283325,1.2783173588104546e-05,2.5566347176209092e-05,-3.834952076431364e-05,-1.917476038215682e-05,3.834952076431364e-05,-1.917476038215682e-05,0.1922607570886612,5.722046375274658,-1.3562953472137451,0.2063598781824112,0.2960815727710724,-0.3768310844898224,0.14039101229179396,-0.6582683522329043,0.9798362838523976,-0.9395693420715657,-0.8745767109339364,1.0604317894740576,1.5470736040205701e-06,1.278467888504013e-05,-1.5025546391380917e-05,-1.2413373249749025e-05,-3.684119026228669e-05,2.8281633045248372e-05,1.6288226628678386,-0.012763227686903633,-1.956894870133393,-0.22485488229106299,2.693106392672036,0.7589722615001181,7.0,1.0,47.97100067138672,48.25899887084961,48.06100082397461,5.51,18.07,47.31,0.457,0.422,2.29,0,1,0
1777637024.9216158,3540.024,1.6287449598312378,-0.012818638478414357,-1.9568360487567347,-0.22484857240785772,2.693197250366211,0.7589729428291321,1.2783173588104546e-05,2.5566347176209092e-05,-3.834952076431364e-05,-1.917476038215682e-05,3.834952076431364e-05,-1.917476038215682e-05,0.1785278469324112,5.776978015899658,-1.37198805809021,0.1973877102136612,0.2960815727710724,-0.3835602104663849,0.14036667980462864,-0.6582846870495154,0.9798341906185665,-0.9396049337774938,-0.8746084362719618,1.0604352548357932,1.5477701600131836e-06,1.2784698230595583e-05,-1.502550565072943e-05,-1.241423264315058e-05,-3.68402939115401e-05,2.82820436939104e-05,1.6288226628678386,-0.012763227686903633,-1.956894870133393,-0.22485488229106299,2.693106392672036,0.7589722615001181,7.0,1.0,47.97100067138672,48.25899887084961,48.06100082397461,5.51,18.07,47.31,0.457,0.422,2.29,0,1,0
1777637024.9282596,3540.0319999999997,1.6287569999694824,-0.012806717549459279,-1.9568598906146448,-0.2248004118548792,2.693185329437256,0.7589729428291321,1.2783173588104546e-05,2.5566347176209092e-05,-3.834952076431364e-05,-1.917476038215682e-05,3.834952076431364e-05,-1.917476038215682e-05,0.1785278469324112,5.676270008087158,-1.3675044775009155,0.2018737941980362,0.2803802788257599,-0.3745880424976349,0.1403761173363696,-0.6582878206245606,0.9798148601128125,-0.939566243362776,-0.8746176806011282,1.0604256237096275,1.5475859448550972e-06,1.2784818846774947e-05,-1.5025365223597929e-05,-1.2413842938601516e-05,-3.6841133604989595e-05,2.8280571301418472e-05,1.6288226628678386,-0.012763227686903633,-1.956894870133393,-0.22485488229106299,2.693106392672036,0.7589722615001181,7.0,1.0,47.97100067138672,48.24300003051758,48.06100082397461,5.51,18.07,47.31,0.457,0.422,2.29,0,1,0
1777637024.9379501,3540.04,1.6287928819656372,-0.012831036244527638,-1.9568474928485315,-0.22482473054994756,2.693185329437256,0.7589729428291321,1.2783173588104546e-05,2.5566347176209092e-05,-3.834952076431364e-05,-1.917476038215682e-05,3.834952076431364e-05,-1.917476038215682e-05,0.1785278469324112,5.685425281524658,-1.3562953472137451,0.1951446682214737,0.2691650688648224,-0.3813171684741974,0.14039865710766913,-0.6582648383342281,0.9798370745884052,-0.939585207284728,-0.8746226813269246,1.060474435680395,1.546913822037183e-06,1.2784572245624704e-05,-1.502561683329631e-05,-1.2412555823915196e-05,-3.6841016699268957e-05,2.8281877185870716e-05,1.6288226628678386,-0.012763227686903633,-1.956894870133393,-0.22485488229106299,2.693106392672036,0.7589722615001181,7.0,1.0,47.97100067138672,48.24300003051758,48.06100082397461,5.51,18.07,47.31,0.457,0.422,2.29,0,1,0
1777637024.9424562,3540.048,1.6287449598312378,-0.0127947966205042,-1.9568236509906214,-0.22483665147890264,2.693209409713745,0.7589849233627319,1.2783173588104546e-05,2.5566347176209092e-05,-3.834952076431364e-05,-1.917476038215682e-05,3.834952076431364e-05,-1.917476038215682e-05,0.1647949367761612,5.699158191680908,-1.3518117666244507,0.1973877102136612,0.2669220268726349,-0.3835602104663849,0.14036893915644105,-0.6583171511776607,0.9798159341648549,-0.9395722708814029,-0.8746358026256943,1.0604234069855767,1.5481407522648736e-06,1.2785025892286569e-05,-1.5025060878316366e-05,-1.2414092430084233e-05,-3.684091364678986e-05,2.8280479459681037e-05,1.6288226628678386,-0.012763227686903633,-1.956894870133393,-0.22485488229106299,2.693106392672036,0.7589722615001181,7.0,1.0,47.97100067138672,48.24300003051758,48.06100082397461,5.51,18.07,47.31,0.457,0.422,2.29,0,1,0
1777637024.9515162,3540.056,1.6287928819656372,-0.0127947966205042,-1.9568360487567347,-0.22482473054994756,2.6931374073028564,0.7590089440345764,1.2783173588104546e-05,2.5566347176209092e-05,-2.5566347176209092e-05,-1.917476038215682e-05,3.834952076431364e-05,-1.917476038215682e-05,0.1556396633386612,5.749512195587158,-1.3428444862365723,0.1951446682214737,0.2803802788257599,-0.3858032524585724,0.14040964040775672,-0.6582957036959681,0.9798211612096942,-0.9395510750246207,-0.8745797159925395,1.060473803131751,2.1910386756080257e-06,2.0196688676105457e-06,-1.570275941491695e-05,3.4754344029490605e-07,-3.6081419683608804e-05,2.832774865967598e-05,1.6288226628678386,-0.012763227686903633,-1.956894870133393,-0.22485488229106299,2.693106392672036,0.7589722615001181,7.0,1.0,47.97100067138672,48.24300003051758,48.06100082397461,5.51,18.07,47.31,0.457,0.422,2.29,0,1,0
1777637024.9565701,3540.064,1.6287689208984375,-0.012842957173482716,-1.9568236509906214,-0.22478896776308233,2.693173408508301,0.7589250206947327,1.2783173588104546e-05,2.5566347176209092e-05,-2.5566347176209092e-05,-1.917476038215682e-05,3.834952076431364e-05,-1.917476038215682e-05,0.2059936672449112,5.690002918243408,-1.3675044775009155,0.1973877102136612,0.2803802788257599,-0.3723450005054474,0.1403799252470883,-0.6582991113189387,0.9798259126213335,-0.939523997314542,-0.8746354805362698,1.0603873723661192,2.1922232368791312e-06,2.0183958073576543e-06,-1.570325304220324e-05,3.469615536690239e-07,-3.608105097946434e-05,2.8328256727676428e-05,1.6288226628678386,-0.012763227686903633,-1.956894870133393,-0.22485488229106299,2.693106392672036,0.7589722615001181,7.0,1.0,47.97100067138672,48.24300003051758,48.06100082397461,5.51,18.07,47.31,0.457,0.422,2.29,0,1,0
1777637024.964095,3540.0719999999997,1.6287689208984375,-0.012866799031392873,-1.9568474928485315,-0.22483665147890264,2.693173408508301,0.7589849233627319,1.2783173588104546e-05,2.5566347176209092e-05,-2.5566347176209092e-05,-1.917476038215682e-05,3.834952076431364e-05,-1.917476038215682e-05,0.1693725734949112,5.708313465118408,-1.374229907989502,0.1929016262292862,0.2691650688648224,-0.3790741264820099,0.1403833570174759,-0.6582309843538875,0.9798668806847782,-0.9396384444490726,-0.8745732464483155,1.0604861285271816,2.19079333344326e-06,2.018165957316119e-06,-1.5703075805512107e-05,3.4686334788567135e-07,-3.60795644339876e-05,2.8331690323084747e-05,1.6288226628678386,-0.012763227686903633,-1.956894870133393,-0.22485488229106299,2.693106392672036,0.7589722615001181,7.0,1.0,47.97100067138672,48.24300003051758,48.06100082397461,5.51,18.07,47.31,0.457,0.422,2.29,0,1,0
1777637024.9718122,3540.08,1.628816843032837,-0.012818638478414357,-1.956883732472555,-0.22483665147890264,2.6931493282318115,0.7589849233627319,1.2783173588104546e-05,2.5566347176209092e-05,-2.5566347176209092e-05,-1.917476038215682e-05,3.834952076431364e-05,-1.917476038215682e-05,0.2059936672449112,5.671692371368408,-1.3316354751586914,0.1929016262292862,0.2489776909351349,-0.3880462944507599,0.14041772987640327,-0.6582336984849758,0.9798379448439918,-0.9396055711406355,-0.8745801261950755,1.060517213693648,2.1905919391122047e-06,2.019158942065809e-06,-1.5702973030144884e-05,3.4841361934203813e-07,-3.607998458673424e-05,2.8330920875183208e-05,1.6288226628678386,-0.012763227686903633,-1.956894870133393,-0.22485488229106299,2.693106392672036,0.7589722615001181,7.0,1.0,47.97100067138672,48.24300003051758,48.06100082397461,5.51,18.07,47.31,0.457,0.422,2.29,0,1,0
1777637024.980217,3540.0879999999997,1.6287449598312378,-0.012782875691549123,-1.9568718115436,-0.2248004118548792,2.6931614875793457,0.7589609622955322,1.2783173588104546e-05,2.5566347176209092e-05,-2.5566347176209092e-05,-1.917476038215682e-05,3.834952076431364e-05,-1.917476038215682e-05,0.1831054836511612,5.722046375274658,-1.3428444862365723,0.1996307522058487,0.2400055229663849,-0.3768310844898224,0.14036966157119754,-0.6583012938907962,0.979798659246391,-0.9395480873453261,-0.8745964406132164,1.0603952648370902,2.1917644931017115e-06,2.019463767773044e-06,-1.5703064872434117e-05,3.459967385469787e-07,-3.608118753974423e-05,2.8328069412385264e-05,1.6288226628678386,-0.012763227686903633,-1.956894870133393,-0.22485488229106299,2.693106392672036,0.7589722615001181,7.0,1.0,47.97100067138672,48.24300003051758,48.06100082397461,5.51,18.07,47.31,0.457,0.422,2.29,0,1,0
1777637024.9871736,3540.096,1.6287809610366821,-0.012782875691549123,-1.9568474928485315,-0.22483665147890264,2.6931614875793457,0.7589849233627319,1.2783173588104546e-05,2.5566347176209092e-05,-2.5566347176209092e-05,-1.917476038215682e-05,3.834952076431364e-05,-1.917476038215682e-05,0.1831054836511612,5.653381824493408,-1.3562953472137451,0.1973877102136612,0.2489776909351349,-0.3858032524585724,0.14039655562167694,-0.6583001743983047,0.979811629288548,-0.9395584794506552,-0.8746022081027386,1.0604524997951426,2.1915074292485972e-06,2.0196236336090317e-06,-1.570297539538846e-05,3.4728270932128373e-07,-3.6080989081446486e-05,2.8328498286751426e-05,1.6288226628678386,-0.012763227686903633,-1.956894870133393,-0.22485488229106299,2.693106392672036,0.7589722615001181,7.0,1.0,47.986000061035156,48.24300003051758,48.06100082397461,5.51,18.07,47.31,0.457,0.422,2.29,0,1,0
1777637024.9927363,3540.104,1.6287689208984375,-0.012854878102437794,-1.9568236509906214,-0.22481280962099248,2.693173408508301,0.7589849233627319,1.2783173588104546e-05,2.5566347176209092e-05,-2.5566347176209092e-05,-1.917476038215682e-05,3.834952076431364e-05,-1.917476038215682e-05,0.1785278469324112,5.648804187774658,-1.3652626276016235,0.1929016262292862,0.2557068169116974,-0.3768310844898224,0.14038564145981136,-0.65826875603552,0.9798511267121413,-0.9395865526293409,-0.8745976173915543,1.0604564593414436,2.191262843753832e-06,2.0183832347246926e-06,-1.5703029992713986e-05,3.4692516831855876e-07,-3.608049385291713e-05,2.8329544431813182e-05,1.6288226628678386,-0.012763227686903633,-1.956894870133393,-0.22485488229106299,2.693106392672036,0.7589722615001181,7.0,1.0,47.986000061035156,48.2130012512207,48.06100082397461,5.51,18.07,47.31,0.457,0.422,2.29,0,1,0
1777637024.9999762,3540.1119999999996,1.6287928819656372,-0.012842957173482716,-1.9568718115436,-0.22483665147890264,2.6931493282318115,0.7589969635009766,1.2783173588104546e-05,2.5566347176209092e-05,-2.5566347176209092e-05,-1.917476038215682e-05,3.834952076431364e-05,-1.917476038215682e-05,0.2059936672449112,5.763245105743408,-1.3406027555465698,0.1996307522058487,0.2355194389820099,-0.3768310844898224,0.14040272356466335,-0.6582238748659527,0.9798556481354205,-0.9396310139020017,-0.8745571719509785,1.0605132668053316,2.1903755631916986e-06,2.018755746986244e-06,-1.570292747336622e-05,3.475398360578326e-07,-3.60798015759428e-05,2.833136820148605e-05,1.6288226628678386,-0.012763227686903633,-1.956894870133393,-0.22485488229106299,2.693106392672036,0.7589722615001181,7.0,1.0,47.986000061035156,48.2130012512207,48.06100082397461,5.51,18.07,47.31,0.457,0.422,2.29,0,1,0
1777637025.00801,3540.12,1.6287809610366821,-0.012842957173482716,-1.9568598906146448,-0.22487241426576787,2.6931374073028564,0.7589969635009766,1.2783173588104546e-05,2.5566347176209092e-05,-2.5566347176209092e-05,-1.917476038215682e-05,3.834952076431364e-05,-1.917476038215682e-05,0.2151489406824112,5.694580554962158,-1.3473281860351562,0.2041168361902237,0.2871094048023224,-0.3723450005054474,0.14039586339829846,-0.65822376445999,0.9798654427117827,-0.9396531136263345,-0.8745288843145164,1.060513011571864,2.1902853303171655e-06,2.0187896661570726e-06,-1.5702896084774585e-05,3.469931101823603e-07,-3.607955984578829e-05,2.8332058717426272e-05,1.6288226628678386,-0.012763227686903633,-1.956894870133393,-0.22485488229106299,2.693106392672036,0.7589722615001181,7.0,1.0,47.986000061035156,48.2130012512207,48.06100082397461,5.51,18.07,47.31,0.457,0.422,2.29,0,1,0
1777637025.0150323,3540.1279999999997,1.6287569999694824,-0.012806717549459279,-1.9568236509906214,-0.22484857240785772,2.693197250366211,0.7589849233627319,1.2783173588104546e-05,2.5566347176209092e-05,-2.5566347176209092e-05,-1.917476038215682e-05,3.834952076431364e-05,-1.917476038215682e-05,0.1922607570886612,5.740356922149658,-1.3406027555465698,0.1906585842370987,0.2669220268726349,-0.3813171684741974,0.14037717884780915,-0.6583010436383704,0.9798277456823345,-0.9395858595780688,-0.8746203892790767,1.0604436779216955,2.1918179413520134e-06,2.0190065046476036e-06,-1.5703134138287512e-05,3.466819633327047e-07,-3.608043471736306e-05,2.832943074077606e-05,1.6288226628678386,-0.012763227686903633,-1.956894870133393,-0.22485488229106299,2.693106392672036,0.7589722615001181,7.0,1.0,47.986000061035156,48.2130012512207,48.06100082397461,5.51,18.07,47.31,0.457,0.422,2.29,0,1,0
1777637025.0283165,3540.136,1.6287449598312378,-0.012782875691549123,-1.9568474928485315,-0.22484857240785772,2.693197250366211,0.7589729428291321,1.2783173588104546e-05,1.2783173588104546e-05,-2.5566347176209092e-05,-1.917476038215682e-05,3.834952076431364e-05,-1.917476038215682e-05,0.1922607570886612,5.740356922149658,-1.3361190557479858,0.2018737941980362,0.2646789848804474,-0.3813171684741974,0.1403678692506147,-0.6583054630649564,0.9798110014737954,-0.9395838439078259,-0.8746183965628351,1.0604230278236157,1.560752885127478e-06,1.2890521896303812e-05,-7.197344105486033e-06,-1.2415488763289816e-05,-3.682051171014657e-05,2.8328257706301883e-05,1.6288226628678386,-0.012763227686903633,-1.956894870133393,-0.22485488229106299,2.693106392672036,0.7589722615001181,7.0,1.0,47.986000061035156,48.2130012512207,48.06100082397461,5.51,18.07,47.31,0.457,0.422,2.29,0,1,0
1777637025.0333068,3540.144,1.6288049221038818,-0.012831036244527638,-1.9568598906146448,-0.22483665147890264,2.6931374073028564,0.7590089440345764,1.2783173588104546e-05,1.2783173588104546e-05,-2.5566347176209092e-05,-1.917476038215682e-05,3.834952076431364e-05,-1.917476038215682e-05,0.1785278469324112,5.676270008087158,-1.3361190557479858,0.1929016262292862,0.2624359428882599,-0.3701019585132599,0.14041432559198863,-0.6582393366085519,0.9798498171678933,-0.9396094723749621,-0.8745568582677907,1.060520036653282,1.5584487939985778e-06,1.2890748965799451e-05,-7.1976957210760515e-06,-1.2413781190537088e-05,-3.682113503140991e-05,2.8329170020459994e-05,1.6288226628678386,-0.012763227686903633,-1.956894870133393,-0.22485488229106299,2.693106392672036,0.7589722615001181,7.0,1.0,47.986000061035156,48.2130012512207,48.06100082397461,5.51,18.07,47.31,0.457,0.422,2.29,0,1,0
1777637025.0375414,3540.152,1.6287569999694824,-0.012854878102437794,-1.9568117300616663,-0.22483665147890264,2.6931493282318115,0.7589609622955322,1.2783173588104546e-05,1.2783173588104546e-05,-2.5566347176209092e-05,-1.917476038215682e-05,3.834952076431364e-05,-1.917476038215682e-05,0.2059936672449112,5.653381824493408,-1.3562953472137451,0.1951446682214737,0.2893524467945099,-0.3813171684741974,0.14037745711795496,-0.6582769857961102,0.9798539527604979,-0.9395827521163365,-0.8745711791600486,1.0604278455697207,1.5600353548973823e-06,1.2890156161266637e-05,-7.197531681225011e-06,-1.2415424993842997e-05,-3.6820795660802974e-05,2.832846312207201e-05,1.6288226628678386,-0.012763227686903633,-1.956894870133393,-0.22485488229106299,2.693106392672036,0.7589722615001181,7.0,1.0,47.986000061035156,48.2130012512207,48.06100082397461,5.51,18.07,47.31,0.457,0.422,2.29,0,1,0
1777637025.0407836,3540.152,1.6287569999694824,-0.012854878102437794,-1.9568117300616663,-0.22483665147890264,2.6931493282318115,0.7589609622955322,1.2783173588104546e-05,1.2783173588104546e-05,-2.5566347176209092e-05,-1.917476038215682e-05,3.834952076431364e-05,-1.917476038215682e-05,0.2059936672449112,5.653381824493408,-1.3562953472137451,0.1951446682214737,0.2893524467945099,-0.3813171684741974,0.14037745711795496,-0.6582769857961102,0.9798539527604979,-0.9395827521163365,-0.8745711791600486,1.0604278455697207,1.5600353548973823e-06,1.2890156161266637e-05,-7.197531681225011e-06,-1.2415424993842997e-05,-3.6820795660802974e-05,2.832846312207201e-05,1.6288226628678386,-0.012763227686903633,-1.956894870133393,-0.22485488229106299,2.693106392672036,0.7589722615001181,7.0,1.0,47.986000061035156,48.2130012512207,48.06100082397461,5.52,17.89,47.35,0.452,0.433,2.263,0,0,1
1777637025.0439389,3540.16,1.6287689208984375,-0.012854878102437794,-1.9568598906146448,-0.22483665147890264,2.6931614875793457,0.7589489817619324,1.2783173588104546e-05,1.2783173588104546e-05,-2.5566347176209092e-05,-1.917476038215682e-05,3.834952076431364e-05,-1.917476038215682e-05,0.1968383938074112,5.648804187774658,-1.3562953472137451,0.1973877102136612,0.2601929008960724,-0.3902893364429474,0.1403803682874546,-0.6582377874217341,0.9798537609926459,-0.9396171543091825,-0.8745749421486618,1.0604536664349191,1.5596160326289372e-06,1.2890038625292679e-05,-7.198155240047997e-06,-1.2414944700537477e-05,-3.6820062958581995e-05,2.8330367519802658e-05,1.6288226628678386,-0.012763227686903633,-1.956894870133393,-0.22485488229106299,2.693106392672036,0.7589722615001181,7.0,1.0,47.986000061035156,48.2130012512207,48.029998779296875,5.52,17.89,47.35,0.452,0.433,2.263,0,1,0
1777637025.0541084,3540.1679999999997,1.6287449598312378,-0.012831036244527638,-1.9568117300616663,-0.22481280962099248,2.6931614875793457,0.7589849233627319,1.2783173588104546e-05,1.2783173588104546e-05,-2.5566347176209092e-05,-1.917476038215682e-05,3.834952076431364e-05,-1.917476038215682e-05,0.1876831203699112,5.726624011993408,-1.3562953472137451,0.1996307522058487,0.2534637749195099,-0.3813171684741974,0.14037277313885535,-0.6583019431277487,0.9798352186190233,-0.939560983708479,-0.8745870134352006,1.0604161895599153,1.5603392707383295e-06,1.2890305754436672e-05,-7.197151231849457e-06,-1.2415728450702545e-05,-3.682125952139418e-05,2.8326916587521668e-05,1.6288226628678386,-0.012763227686903633,-1.956894870133393,-0.22485488229106299,2.693106392672036,0.7589722615001181,7.0,1.0,47.986000061035156,48.2130012512207,48.029998779296875,5.52,17.89,47.35,0.452,0.433,2.263,0,1,0
1777637025.0587082,3540.176,1.6287449598312378,-0.012831036244527638,-1.9568474928485315,-0.22483665147890264,2.693197250366211,0.7589849233627319,1.2783173588104546e-05,1.2783173588104546e-05,-2.5566347176209092e-05,-1.917476038215682e-05,3.834952076431364e-05,-1.917476038215682e-05,0.1876831203699112,5.726624011993408,-1.3428444862365723,0.1973877102136612,0.2601929008960724,-0.3835602104663849,0.14036709775877806,-0.6582657489943604,0.9798419109104639,-0.9396215476086481,-0.8745988467223921,1.0604514871715052,1.5601491498221865e-06,1.2890172286443103e-05,-7.1978198605531095e-06,-1.2415519468248594e-05,-3.6819950293437725e-05,2.8329564369516018e-05,1.6288226628678386,-0.012763227686903633,-1.956894870133393,-0.22485488229106299,2.693106392672036,0.7589722615001181,7.0,1.0,47.986000061035156,48.2130012512207,48.029998779296875,5.52,17.89,47.35,0.452,0.433,2.263,0,1,0
1777637025.0668008,3540.1839999999997,1.6287449598312378,-0.012866799031392873,-1.9568598906146448,-0.2248604933368128,2.693173408508301,0.7590089440345764,1.2783173588104546e-05,1.2783173588104546e-05,-2.5566347176209092e-05,-1.917476038215682e-05,3.834952076431364e-05,-1.917476038215682e-05,0.1968383938074112,5.735779285430908,-1.3428444862365723,0.1973877102136612,0.2691650688648224,-0.3835602104663849,0.1403691931355816,-0.6582112736830718,0.9798783949755572,-0.939691011131518,-0.8745359212704992,1.0605041871531549,1.5590431719550866e-06,1.2890240575210529e-05,-7.1983612000797315e-06,-1.2415772416386886e-05,-3.6819081947611695e-05,2.8331822621077922e-05,1.6288226628678386,-0.012763227686903633,-1.956894870133393,-0.22485488229106299,2.693106392672036,0.7589722615001181,7.0,1.0,47.986000061035156,48.2130012512207,48.029998779296875,5.52,17.89,47.35,0.452,0.433,2.263,0,1,0
1777637025.0730128,3540.192,1.6287689208984375,-0.012831036244527638,-1.9568474928485315,-0.22482473054994756,2.6931614875793457,0.7589849233627319,1.2783173588104546e-05,1.2783173588104546e-05,-2.5566347176209092e-05,-1.917476038215682e-05,3.834952076431364e-05,-1.917476038215682e-05,0.1785278469324112,5.662537097930908,-1.3495699167251587,0.1973877102136612,0.2489776909351349,-0.3723450005054474,0.1403864974210472,-0.6582646835910632,0.9798403943739287,-0.939594116521436,-0.8745806824729119,1.0604603992546129,1.5595965066380836e-06,1.2890381941362388e-05,-7.197623900651361e-06,-1.2414897120493605e-05,-3.682081265803323e-05,2.8328632971354866e-05,1.6288226628678386,-0.012763227686903633,-1.956894870133393,-0.22485488229106299,2.693106392672036,0.7589722615001181,7.0,1.0,47.986000061035156,48.2130012512207,48.029998779296875,5.52,17.89,47.35,0.452,0.433,2.263,0,1,0
1777637025.1153233,3540.2,1.6287330389022827,-0.012842957173482716,-1.9568718115436,-0.22484857240785772,2.6931493282318115,0.7589849233627319,1.2783173588104546e-05,1.2783173588104546e-05,-2.5566347176209092e-05,-1.917476038215682e-05,3.834952076431364e-05,-1.917476038215682e-05,0.1922607570886612,5.671692371368408,-1.3316354751586914,0.1951446682214737,0.2557068169116974,-0.3835602104663849,0.14036171959873478,-0.6582310443756665,0.9798567727716119,-0.9396560467848362,-0.8745240346289944,1.060457664432563,1.559472765940906e-06,1.2890381378644404e-05,-7.198112143891042e-06,-1.2416373343221746e-05,-3.681955908141156e-05,2.833062522535836e-05,1.6288226628678386,-0.012763227686903633,-1.956894870133393,-0.22485488229106299,2.693106392672036,0.7589722615001181,7.0,1.0,47.986000061035156,48.2130012512207,48.029998779296875,5.52,17.89,47.35,0.452,0.433,2.263,0,1,0
1777637025.1165547,3540.2079999999996,1.6287928819656372,-0.012890640889303029,-1.9568474928485315,-0.22487241426576787,2.6931493282318115,0.7589370012283325,1.2783173588104546e-05,1.2783173588104546e-05,-2.5566347176209092e-05,-1.917476038215682e-05,3.834952076431364e-05,-1.917476038215682e-05,0.1876831203699112,5.708313465118408,-1.3450863361358643,0.2018737941980362,0.2624359428882599,-0.3813171684741974,0.1403940458693446,-0.658205148419779,0.9798851916678599,-0.9396509868994006,-0.8745563759280571,1.0604915088407874,1.558965624677141e-06,1.288991768938929e-05,-7.1985684086627005e-06,-1.241421271997708e-05,-3.68195693571621e-05,2.8332326362557394e-05,1.6288226628678386,-0.012763227686903633,-1.956894870133393,-0.22485488229106299,2.693106392672036,0.7589722615001181,7.0,1.0,47.986000061035156,48.2130012512207,48.029998779296875,5.52,17.89,47.35,0.452,0.433,2.263,0,1,0
1777637025.116603,3540.216,1.6287928819656372,-0.012818638478414357,-1.9568474928485315,-0.22487241426576787,2.693185329437256,0.7589969635009766,1.2783173588104546e-05,1.2783173588104546e-05,-2.5566347176209092e-05,-1.917476038215682e-05,3.834952076431364e-05,-1.917476038215682e-05,0.1693725734949112,5.699158191680908,-1.3293936252593994,0.1951446682214737,0.2557068169116974,-0.3858032524585724,0.1404010076675881,-0.6582551962459314,0.9798462434803514,-0.9396286192300812,-0.8745990358714034,1.0605124725035424,1.5592601871601296e-06,1.2890594578023511e-05,-7.197787680611087e-06,-1.2413873087510832e-05,-3.682030568573995e-05,2.833023717643532e-05,1.6288226628678386,-0.012763227686903633,-1.956894870133393,-0.22485488229106299,2.693106392672036,0.7589722615001181,7.0,1.0,47.986000061035156,48.2130012512207,48.029998779296875,5.52,17.89,47.35,0.452,0.433,2.263,0,1,0
1777637025.120663,3540.2239999999997,1.6287689208984375,-0.012818638478414357,-1.9568360487567347,-0.2248604933368128,2.6931254863739014,0.7589729428291321,1.2783173588104546e-05,1.2783173588104546e-05,-2.5566347176209092e-05,-1.917476038215682e-05,3.834952076431364e-05,-1.917476038215682e-05,0.1785278469324112,5.671692371368408,-1.3450863361358643,0.1973877102136612,0.2601929008960724,-0.3835602104663849,0.14038898830297283,-0.6582745795487761,0.9798410083273914,-0.9395895881287996,-0.8745441222930911,1.0604502993285116,1.5595520646156731e-06,1.2890740538720238e-05,-7.1974036941415044e-06,-1.2415186679412074e-05,-3.682100686067289e-05,2.8328555592489445e-05,1.6288226628678386,-0.012763227686903633,-1.956894870133393,-0.22485488229106299,2.693106392672036,0.7589722615001181,7.0,1.0,47.986000061035156,48.2130012512207,48.029998779296875,5.52,17.89,47.35,0.452,0.433,2.263,0,1,0
1777637025.122297,3540.232,1.6288049221038818,-0.0127947966205042,-1.9568474928485315,-0.22487241426576787,2.6931493282318115,0.7589849233627319,1.2783173588104546e-05,1.2783173588104546e-05,-2.5566347176209092e-05,-1.917476038215682e-05,3.834952076431364e-05,-1.917476038215682e-05,0.1831054836511612,5.648804187774658,-1.3473281860351562,0.1951446682214737,0.2601929008960724,-0.3768310844898224,0.14041214773069668,-0.6582748391359035,0.9798299999199136,-0.9395886844797718,-0.8745836670063896,1.0604948170308501,1.5592094945996156e-06,1.289094625427891e-05,-7.197394172069223e-06,-1.2413682723244114e-05,-3.6821206559496184e-05,2.832887221687423e-05,1.6288226628678386,-0.012763227686903633,-1.956894870133393,-0.22485488229106299,2.693106392672036,0.7589722615001181,7.0,1.0,47.986000061035156,48.2130012512207,48.029998779296875,5.52,17.89,47.35,0.452,0.433,2.263,0,1,0
1777637025.1269176,3540.24,1.6287809610366821,-0.012818638478414357,-1.9568236509906214,-0.2248004118548792,2.693185329437256,0.7589849233627319,1.2783173588104546e-05,1.2783173588104546e-05,-2.5566347176209092e-05,-1.917476038215682e-05,3.834952076431364e-05,-1.917476038215682e-05,0.2105713039636612,5.708313465118408,-1.3338773250579834,0.1996307522058487,0.2691650688648224,-0.3858032524585724,0.14039448799203064,-0.6583023065127097,0.9798230148966897,-0.9395429430055012,-0.8746362166810908,1.0604443411094806,1.5601255692679313e-06,1.2890278726323297e-05,-7.197178392148298e-06,-1.241420921722484e-05,-3.682165376023411e-05,2.8326787609826472e-05,1.6288226628678386,-0.012763227686903633,-1.956894870133393,-0.22485488229106299,2.693106392672036,0.7589722615001181,7.0,1.0,47.986000061035156,48.2130012512207,48.029998779296875,5.52,17.89,47.35,0.452,0.433,2.263,0,1,0
1777637025.1269877,3540.248,1.6287330389022827,-0.012818638478414357,-1.9568360487567347,-0.2248004118548792,2.6931374073028564,0.7589609622955322,1.2783173588104546e-05,1.2783173588104546e-05,-2.5566347176209092e-05,-1.917476038215682e-05,3.834952076431364e-05,-1.917476038215682e-05,0.1922607570886612,5.740356922149658,-1.3518117666244507,0.2018737941980362,0.2826233208179474,-0.3835602104663849,0.14036412541792012,-0.6583016768073566,0.9798217461219366,-0.9395463622686157,-0.874565515053314,1.0603813782766238,1.5605175437147996e-06,1.2890356029329652e-05,-7.197174746767648e-06,-1.2416352455621313e-05,-3.682137282541792e-05,2.8326560696762328e-05,1.6288226628678386,-0.012763227686903633,-1.956894870133393,-0.22485488229106299,2.693106392672036,0.7589722615001181,7.0,1.0,47.986000061035156,48.24300003051758,48.029998779296875,5.52,17.89,47.35,0.452,0.433,2.263,0,1,0
1777637025.1312678,3540.256,1.6287689208984375,-0.012842957173482716,-1.9568598906146448,-0.22483665147890264,2.6931614875793457,0.7589729428291321,1.2783173588104546e-05,1.2783173588104546e-05,-2.5566347176209092e-05,-1.917476038215682e-05,3.834952076431364e-05,-1.917476038215682e-05,0.1647949367761612,5.680847644805908,-1.3518117666244507,0.1996307522058487,0.2736511528491974,-0.3790741264820099,0.14038367688373973,-0.6582428599862744,0.9798501181787727,-0.9396193697967692,-0.8745705148503161,1.0604682026198802,1.5594392301475845e-06,1.2890262100842847e-05,-7.197981212048142e-06,-1.241493392602383e-05,-3.682024799546667e-05,2.8329937897952796e-05,1.6288226628678386,-0.012763227686903633,-1.956894870133393,-0.22485488229106299,2.693106392672036,0.7589722615001181,7.0,1.0,47.986000061035156,48.24300003051758,48.029998779296875,5.52,17.89,47.35,0.452,0.433,2.263,0,1,0
1777637025.1365185,3540.2639999999997,1.6287569999694824,-0.012842957173482716,-1.9568236509906214,-0.22481280962099248,2.6931614875793457,0.7589849233627319,1.2783173588104546e-05,1.2783173588104546e-05,-2.5566347176209092e-05,-1.917476038215682e-05,3.834952076431364e-05,-1.917476038215682e-05,0.1922607570886612,5.758667469024658,-1.37198805809021,0.1884155422449112,0.2669220268726349,-0.3835602104663849,0.1403795097380223,-0.6582800750132938,0.9798437826476749,-0.9395774942098111,-0.8745838655248314,1.0604383931635888,1.5599316286430916e-06,1.2890231527836217e-05,-7.197426159397006e-06,-1.2415308599177048e-05,-3.6821037911464616e-05,2.832777534224325e-05,1.6288226628678386,-0.012763227686903633,-1.956894870133393,-0.22485488229106299,2.693106392672036,0.7589722615001181,7.0,1.0,47.986000061035156,48.24300003051758,48.029998779296875,5.52,17.89,47.35,0.452,0.433,2.263,0,1,0
1777637025.1439056,3540.272,1.6287689208984375,-0.012831036244527638,-1.9568474928485315,-0.22481280962099248,2.6931493282318115,0.7590089440345764,1.2783173588104546e-05,1.2783173588104546e-05,-2.5566347176209092e-05,-1.917476038215682e-05,3.834952076431364e-05,-1.917476038215682e-05,0.1876831203699112,5.735779285430908,-1.3338773250579834,0.1951446682214737,0.2557068169116974,-0.3835602104663849,0.1403906201173175,-0.6582628792798448,0.9798420133942056,-0.9395933791179887,-0.8745638814975293,1.0604731074293043,1.5592447437633326e-06,1.289054583080891e-05,-7.197481492398313e-06,-1.2414977039888597e-05,-3.682112751694351e-05,2.8328033133043913e-05,1.6288226628678386,-0.012763227686903633,-1.956894870133393,-0.22485488229106299,2.693106392672036,0.7589722615001181,7.0,1.0,47.986000061035156,48.24300003051758,48.029998779296875,5.52,17.89,47.35,0.452,0.433,2.263,0,1,0
1777637025.1510992,3540.2799999999997,1.6287449598312378,-0.012854878102437794,-1.9568117300616663,-0.22483665147890264,2.693185329437256,0.7589609622955322,1.2783173588104546e-05,1.2783173588104546e-05,-2.5566347176209092e-05,-1.917476038215682e-05,3.834952076431364e-05,-1.917476038215682e-05,0.2105713039636612,5.731201648712158,-1.360779047012329,0.2018737941980362,0.2691650688648224,-0.3835602104663849,0.1403661290289639,-0.6582801643789008,0.9798521778079101,-0.9395956718991536,-0.8746010001614568,1.060423252248917,1.560486725208108e-06,1.2889925369786143e-05,-7.197670323678989e-06,-1.2415593777092784e-05,-3.682026484997417e-05,2.8328968840866847e-05,1.6288226628678386,-0.012763227686903633,-1.956894870133393,-0.22485488229106299,2.693106392672036,0.7589722615001181,7.0,1.0,47.986000061035156,48.24300003051758,48.029998779296875,5.52,17.89,47.35,0.452,0.433,2.263,0,1,0
1777637025.1594357,3540.288,1.6287689208984375,-0.012842957173482716,-1.9568360487567347,-0.2248604933368128,2.693209409713745,0.7589489817619324,1.2783173588104546e-05,1.2783173588104546e-05,-2.5566347176209092e-05,-1.917476038215682e-05,3.834952076431364e-05,-1.917476038215682e-05,0.1693725734949112,5.676270008087158,-1.3473281860351562,0.1973877102136612,0.2781372368335724,-0.3790741264820099,0.14037713610241187,-0.658262433241597,0.9798487627873272,-0.9396184257348537,-0.8746284469410484,1.0604552896993429,1.5602896908311924e-06,1.2889925954076853e-05,-7.19804316138368e-06,-1.2414568686776418e-05,-3.681974043972792e-05,2.8330610900294437e-05,1.6288226628678386,-0.012763227686903633,-1.956894870133393,-0.22485488229106299,2.693106392672036,0.7589722615001181,7.0,1.0,47.986000061035156,48.24300003051758,48.029998779296875,5.52,17.89,47.35,0.452,0.433,2.263,0,1,0
1777637025.1654434,3540.296,1.6287689208984375,-0.012818638478414357,-1.9568117300616663,-0.22483665147890264,2.6931614875793457,0.7589729428291321,1.2783173588104546e-05,1.2783173588104546e-05,-2.5566347176209092e-05,-1.917476038215682e-05,3.834952076431364e-05,-1.917476038215682e-05,0.1739502102136612,5.754089832305908,-1.3473281860351562,0.1996307522058487,0.2489776909351349,-0.3745880424976349,0.14038730537972058,-0.6583041026532486,0.9798313845097603,-0.9395563353168072,-0.8746002561591051,1.060432077103707,1.5602098540485687e-06,1.2890451553030973e-05,-7.197144064906983e-06,-1.241486057889334e-05,-3.6821377301668226e-05,2.8327327842200797e-05,1.6288226628678386,-0.012763227686903633,-1.956894870133393,-0.22485488229106299,2.693106392672036,0.7589722615001181,7.0,1.0,47.986000061035156,48.24300003051758,48.029998779296875,5.52,17.89,47.35,0.452,0.433,2.263,0,1,0
1777637025.1726475,3540.3039999999996,1.6287449598312378,-0.012831036244527638,-1.9568117300616663,-0.22483665147890264,2.693197250366211,0.7589729428291321,1.2783173588104546e-05,1.2783173588104546e-05,-2.5566347176209092e-05,-1.917476038215682e-05,3.834952076431364e-05,-1.917476038215682e-05,0.1785278469324112,5.744934558868408,-1.3630207777023315,0.1996307522058487,0.2579498589038849,-0.3813171684741974,0.14036753957201792,-0.6582984011117661,0.9798378706507277,-0.9395841365870378,-0.8746181869948184,1.0604234531154615,1.5606833276637299e-06,1.2890106665582945e-05,-7.197424049210052e-06,-1.2415481335561441e-05,-3.682050862230314e-05,2.8328277044100406e-05,1.6288226628678386,-0.012763227686903633,-1.956894870133393,-0.22485488229106299,2.693106392672036,0.7589722615001181,7.0,1.0,47.986000061035156,48.24300003051758,48.04600143432617,5.52,17.89,47.35,0.452,0.433,2.263,0,1,0
1777637025.181858,3540.312,1.6287449598312378,-0.012782875691549123,-1.9568474928485315,-0.22487241426576787,2.693185329437256,0.7589849233627319,1.2783173588104546e-05,1.2783173588104546e-05,-2.5566347176209092e-05,-1.917476038215682e-05,3.834952076431364e-05,-1.917476038215682e-05,0.1876831203699112,5.726624011993408,-1.3473281860351562,0.1906585842370987,0.2624359428882599,-0.3790741264820099,0.1403698619132654,-0.6582948839053597,0.9798202931418125,-0.9396080337827396,-0.8745919734574932,1.060443235323348,1.5604032455386047e-06,1.2890733896881861e-05,-7.197396033759853e-06,-1.2415605271812487e-05,-3.682026583560153e-05,2.8328948305819227e-05,1.6288226628678386,-0.012763227686903633,-1.956894870133393,-0.22485488229106299,2.693106392672036,0.7589722615001181,7.0,1.0,47.986000061035156,48.24300003051758,48.04600143432617,5.52,17.89,47.35,0.452,0.433,2.263,0,1,0
1777637025.1831813,3540.312,1.6287449598312378,-0.012782875691549123,-1.9568474928485315,-0.22487241426576787,2.693185329437256,0.7589849233627319,1.2783173588104546e-05,1.2783173588104546e-05,-2.5566347176209092e-05,-1.917476038215682e-05,3.834952076431364e-05,-1.917476038215682e-05,0.1876831203699112,5.726624011993408,-1.3473281860351562,0.1906585842370987,0.2624359428882599,-0.3790741264820099,0.1403698619132654,-0.6582948839053597,0.9798202931418125,-0.9396080337827396,-0.8745919734574932,1.060443235323348,1.5604032455386047e-06,1.2890733896881861e-05,-7.197396033759853e-06,-1.2415605271812487e-05,-3.682026583560153e-05,2.8328948305819227e-05,1.6288226628678386,-0.012763227686903633,-1.956894870133393,-0.22485488229106299,2.693106392672036,0.7589722615001181,7.0,1.0,47.986000061035156,48.24300003051758,48.04600143432617,6.46,19.2,46.69,0.474,0.424,2.195,0,0,1
1777637025.187781,3540.3199999999997,1.6287809610366821,-0.012854878102437794,-1.9568474928485315,-0.22482473054994756,2.693197250366211,0.7589609622955322,1.2783173588104546e-05,1.2783173588104546e-05,-2.5566347176209092e-05,-1.917476038215682e-05,3.834952076431364e-05,-1.917476038215682e-05,0.1785278469324112,5.694580554962158,-1.3361190557479858,0.1951446682214737,0.2601929008960724,-0.3723450005054474,0.14038714560748594,-0.6582492612139798,0.9798502056792955,-0.9396066811124545,-0.8746230691781531,1.0604678141738966,1.5597877118172511e-06,1.2889873473166336e-05,-7.198072429514044e-06,-1.241420264059675e-05,-3.682021326211954e-05,2.8329994590246322e-05,1.6288226628678386,-0.012763227686903633,-1.956894870133393,-0.22485488229106299,2.693106392672036,0.7589722615001181,7.0,1.0,47.986000061035156,48.2130012512207,48.04600143432617,6.46,19.2,46.69,0.474,0.424,2.195,0,1,0
1777637025.1948457,3540.328,1.6287928819656372,-0.012818638478414357,-1.9568474928485315,-0.22482473054994756,2.6931614875793457,0.7589609622955322,1.2783173588104546e-05,1.2783173588104546e-05,-2.5566347176209092e-05,-1.917476038215682e-05,3.834952076431364e-05,-1.917476038215682e-05,0.2059936672449112,5.712891101837158,-1.3540536165237427,0.2018737941980362,0.2557068169116974,-0.3835602104663849,0.14040016325693738,-0.6582769290450243,0.9798278566040894,-0.9395623958013736,-0.8746082773866443,1.0604541884399274,1.5597186590152514e-06,1.2890385934515737e-05,-7.1975188974198975e-06,-1.2414003642109462e-05,-3.6821302538164014e-05,2.832818615527203e-05,1.6288226628678386,-0.012763227686903633,-1.956894870133393,-0.22485488229106299,2.693106392672036,0.7589722615001181,7.0,1.0,48.0,48.2130012512207,48.04600143432617,6.46,19.2,46.69,0.474,0.424,2.195,0,1,0
1777637025.2019718,3540.336,1.6287689208984375,-0.012842957173482716,-1.9568236509906214,-0.22477656999696904,2.693185329437256,0.7590089440345764,1.2783173588104546e-05,1.2783173588104546e-05,-2.5566347176209092e-05,-1.917476038215682e-05,3.834952076431364e-05,-1.917476038215682e-05,0.2151489406824112,5.676270008087158,-1.369746208190918,0.2041168361902237,0.2691650688648224,-0.3768310844898224,0.14038858080620692,-0.6582857900441155,0.9798369360489085,-0.9395600824249093,-0.8746199754220042,1.0604549337716183,1.5598252448094623e-06,1.2890123811932702e-05,-7.197303625368209e-06,-1.2414648918217355e-05,-3.6821498991351994e-05,2.832680599267656e-05,1.6288226628678386,-0.012763227686903633,-1.956894870133393,-0.22485488229106299,2.693106392672036,0.7589722615001181,7.0,1.0,48.0,48.2130012512207,48.04600143432617,6.46,19.2,46.69,0.474,0.424,2.195,0,1,0
1777637025.2091753,3540.344,1.628720998764038,-0.012866799031392873,-1.9568718115436,-0.22484857240785772,2.693185329437256,0.7590089440345764,1.2783173588104546e-05,1.2783173588104546e-05,-2.5566347176209092e-05,-1.917476038215682e-05,3.834952076431364e-05,-1.917476038215682e-05,0.1876831203699112,5.726624011993408,-1.3428444862365723,0.1929016262292862,0.2601929008960724,-0.3768310844898224,0.14035194141898452,-0.658208866931087,0.9798751590881795,-0.9397022639806523,-0.8745347438039477,1.0604855753479718,1.5593727111689005e-06,1.2890094833235632e-05,-7.198487019959413e-06,-1.2416563637420561e-05,-3.681865812717484e-05,2.833199014911698e-05,1.6288226628678386,-0.012763227686903633,-1.956894870133393,-0.22485488229106299,2.693106392672036,0.7589722615001181,7.0,1.0,48.0,48.2130012512207,48.04600143432617,6.46,19.2,46.69,0.474,0.424,2.195,0,1,0
1777637025.219351,3540.352,1.6287928819656372,-0.012818638478414357,-1.9568117300616663,-0.22483665147890264,2.6931493282318115,0.7589849233627319,1.2783173588104546e-05,1.2783173588104546e-05,-2.5566347176209092e-05,-1.917476038215682e-05,3.834952076431364e-05,-1.917476038215682e-05,0.1876831203699112,5.690002918243408,-1.360779047012329,0.1951446682214737,0.2691650688648224,-0.3745880424976349,0.14040558798598746,-0.6582977030719009,0.979834128398488,-0.9395512883245256,-0.8745964873388257,1.0604609106753533,1.5596502435044184e-06,1.2890625674371202e-05,-7.1970786053409565e-06,-1.2414071019118053e-05,-3.6821803553922185e-05,2.832715703302253e-05,1.6288226628678386,-0.012763227686903633,-1.956894870133393,-0.22485488229106299,2.693106392672036,0.7589722615001181,7.0,1.0,48.0,48.2130012512207,48.04600143432617,6.46,19.2,46.69,0.474,0.424,2.195,0,1,0
1777637025.2233825,3540.3599999999997,1.6287689208984375,-0.012759033833638966,-1.9568598906146448,-0.2248004118548792,2.693185329437256,0.7589729428291321,1.2783173588104546e-05,1.2783173588104546e-05,-2.5566347176209092e-05,-1.917476038215682e-05,3.834952076431364e-05,-1.917476038215682e-05,0.1785278469324112,5.731201648712158,-1.3562953472137451,0.1951446682214737,0.2534637749195099,-0.3835602104663849,0.1403863202449794,-0.6583266982442962,0.9797831314512706,-0.9395206673778024,-0.8746437921102906,1.0604119380743773,1.5606659630776734e-06,1.2890661153351839e-05,-7.196933053123373e-06,-1.2414637343955834e-05,-3.6821863567883176e-05,2.8325943940315907e-05,1.6288226628678386,-0.012763227686903633,-1.956894870133393,-0.22485488229106299,2.693106392672036,0.7589722615001181,7.0,1.0,48.0,48.2130012512207,48.04600143432617,6.46,19.2,46.69,0.474,0.424,2.195,0,1,0
1777637025.2319815,3540.368,1.6287449598312378,-0.012842957173482716,-1.9568360487567347,-0.22482473054994756,2.693185329437256,0.7589489817619324,1.2783173588104546e-05,1.2783173588104546e-05,-2.5566347176209092e-05,-1.917476038215682e-05,3.834952076431364e-05,-1.917476038215682e-05,0.1968383938074112,5.754089832305908,-1.3406027555465698,0.1951446682214737,0.2691650688648224,-0.3813171684741974,0.14036437967532442,-0.658276131258973,0.979840110915311,-0.939589811048428,-0.8746054061778873,1.0604131940899333,1.5605517290760225e-06,1.2889915394932049e-05,-7.1977757515622865e-06,-1.2415596135415079e-05,-3.682025628255335e-05,2.832898556781464e-05,1.6288226628678386,-0.012763227686903633,-1.956894870133393,-0.22485488229106299,2.693106392672036,0.7589722615001181,7.0,1.0,48.0,48.2130012512207,48.04600143432617,6.46,19.2,46.69,0.474,0.424,2.195,0,1,0
1777637025.2379174,3540.3759999999997,1.6287569999694824,-0.012854878102437794,-1.9568117300616663,-0.22488433519472295,2.693209409713745,0.7589969635009766,1.2783173588104546e-05,1.2783173588104546e-05,-2.5566347176209092e-05,-1.917476038215682e-05,3.834952076431364e-05,-1.917476038215682e-05,0.1922607570886612,5.703735828399658,-1.3473281860351562,0.1996307522058487,0.2624359428882599,-0.3768310844898224,0.14037487725376752,-0.6582567512018418,0.979870552745056,-0.9396577364937885,-0.8745986314937381,1.0604918799731733,1.5598750221201143e-06,1.2890151401788422e-05,-7.197940025990556e-06,-1.2415018059349428e-05,-3.681941491603588e-05,2.8331023191212524e-05,1.6288226628678386,-0.012763227686903633,-1.956894870133393,-0.22485488229106299,2.693106392672036,0.7589722615001181,7.0,1.0,48.0,48.2130012512207,48.06100082397461,6.46,19.2,46.69,0.474,0.424,2.195,0,1,0
1777637025.2448268,3540.384,1.6287689208984375,-0.012842957173482716,-1.9567998091327112,-0.22482473054994756,2.693173408508301,0.7589250206947327,1.2783173588104546e-05,1.2783173588104546e-05,-2.5566347176209092e-05,-1.917476038215682e-05,3.834952076431364e-05,-1.917476038215682e-05,0.1922607570886612,5.708313465118408,-1.358537197113037,0.2018737941980362,0.2512207329273224,-0.3813171684741974,0.14038038586525536,-0.6583078608225866,0.9798344881141885,-0.9395344290404899,-0.8746307266442237,1.0603932859688099,1.5608347966340672e-06,1.2889892215588016e-05,-7.1973471450001905e-06,-1.241476612894993e-05,-3.68212457771953e-05,2.8327513605235813e-05,1.6288226628678386,-0.012763227686903633,-1.956894870133393,-0.22485488229106299,2.693106392672036,0.7589722615001181,7.0,1.0,48.0,48.2130012512207,48.06100082397461,6.46,19.2,46.69,0.474,0.424,2.195,0,1,0
1777637025.2530415,3540.392,1.6287928819656372,-0.012806717549459279,-1.9568360487567347,-0.22482473054994756,2.693233013153076,0.7589370012283325,1.2783173588104546e-05,1.2783173588104546e-05,-2.5566347176209092e-05,-1.917476038215682e-05,3.834952076431364e-05,-1.917476038215682e-05,0.1831054836511612,5.781555652618408,-1.3562953472137451,0.1996307522058487,0.2467346489429474,-0.3790741264820099,0.14039185090505027,-0.6583047283092632,0.979811501987697,-0.9395468081389167,-0.8746996002381883,1.06043336477524,1.5608558646679462e-06,1.288992752965813e-05,-7.197562179200501e-06,-1.2413435275992714e-05,-3.682090860079518e-05,2.8328349349169775e-05,1.6288226628678386,-0.012763227686903633,-1.956894870133393,-0.22485488229106299,2.693106392672036,0.7589722615001181,7.0,1.0,48.0,48.2130012512207,48.06100082397461,6.46,19.2,46.69,0.474,0.424,2.195,0,1,0
1777637025.2594695,3540.3999999999996,1.6287569999694824,-0.012842957173482716,-1.9568117300616663,-0.22482473054994756,2.6931374073028564,0.7589609622955322,1.2783173588104546e-05,1.2783173588104546e-05,-2.5566347176209092e-05,-1.917476038215682e-05,3.834952076431364e-05,-1.917476038215682e-05,0.1922607570886612,5.680847644805908,-1.3944061994552612,0.1973877102136612,0.2826233208179474,-0.3880462944507599,0.14037941945885551,-0.6582904080221047,0.9798433288162443,-0.9395591249080373,-0.874568842191985,1.0604140604259984,1.5601123365931653e-06,1.2890281208213183e-05,-7.197290757203165e-06,-1.2415492330828557e-05,-3.682129299815023e-05,2.8327436996436133e-05,1.6288226628678386,-0.012763227686903633,-1.956894870133393,-0.22485488229106299,2.693106392672036,0.7589722615001181,7.0,1.0,48.0,48.2130012512207,48.06100082397461,6.46,19.2,46.69,0.474,0.424,2.195,0,1,0
1777637025.2666893,3540.408,1.6287928819656372,-0.012806717549459279,-1.9568117300616663,-0.2248604933368128,2.693209409713745,0.7589609622955322,1.2783173588104546e-05,1.2783173588104546e-05,-2.5566347176209092e-05,-1.917476038215682e-05,3.834952076431364e-05,-1.917476038215682e-05,0.1785278469324112,5.712891101837158,-1.3293936252593994,0.1996307522058487,0.2714081108570099,-0.3813171684741974,0.14039728544481017,-0.6583078378015349,0.9798255047937123,-0.9395636859512718,-0.8746618288625627,1.0604558053998339,1.5604697059940726e-06,1.2890311440358166e-05,-7.197326917151989e-06,-1.2413627727005227e-05,-3.682098006086951e-05,2.8328429473248106e-05,1.6288226628678386,-0.012763227686903633,-1.956894870133393,-0.22485488229106299,2.693106392672036,0.7589722615001181,7.0,1.0,47.986000061035156,48.2130012512207,48.06100082397461,6.46,19.2,46.69,0.474,0.424,2.195,0,1,0
1777637025.273344,3540.4159999999997,1.6287569999694824,-0.012818638478414357,-1.9568360487567347,-0.22483665147890264,2.693197250366211,0.7589489817619324,1.2783173588104546e-05,1.2783173588104546e-05,-2.5566347176209092e-05,-1.917476038215682e-05,3.834952076431364e-05,-1.917476038215682e-05,0.1831054836511612,5.703735828399658,-1.3428444862365723,0.2018737941980362,0.2557068169116974,-0.3858032524585724,0.14037213304487955,-0.6582918393213028,0.9798266219482501,-0.9395777568068394,-0.874629230224262,1.0604191294774499,1.5606983960431854e-06,1.2890092394292335e-05,-7.197600854034119e-06,-1.2415052742834137e-05,-3.682047086877807e-05,2.8328705616062356e-05,1.6288226628678386,-0.012763227686903633,-1.956894870133393,-0.22485488229106299,2.693106392672036,0.7589722615001181,7.0,1.0,47.986000061035156,48.2130012512207,48.06100082397461,6.46,19.2,46.69,0.474,0.424,2.195,0,1,0
1777637025.285177,3540.424,1.6287689208984375,-0.012842957173482716,-1.9568236509906214,-0.2248604933368128,2.693209409713745,0.7589849233627319,1.2783173588104546e-05,1.2783173588104546e-05,-2.5566347176209092e-05,-1.917476038215682e-05,3.834952076431364e-05,-1.917476038215682e-05,0.2151489406824112,5.694580554962158,-1.3652626276016235,0.1973877102136612,0.2557068169116974,-0.3745880424976349,0.14038183996303216,-0.6582652758096237,0.9798545388040046,-0.9396264845083834,-0.8746195668740412,1.060479887738449,1.5599704849572459e-06,1.2890121221173782e-05,-7.197843637753471e-06,-1.2414555461757594e-05,-3.6819934011564706e-05,2.8330164635992903e-05,1.6288226628678386,-0.012763227686903633,-1.956894870133393,-0.22485488229106299,2.693106392672036,0.7589722615001181,7.0,1.0,47.986000061035156,48.2130012512207,48.06100082397461,6.46,19.2,46.69,0.474,0.424,2.195,0,1,0
1777637025.2879245,3540.432,1.6288049221038818,-0.0127947966205042,-1.9568360487567347,-0.2248604933368128,2.6931614875793457,0.7590329051017761,1.2783173588104546e-05,1.2783173588104546e-05,-2.5566347176209092e-05,-1.917476038215682e-05,3.834952076431364e-05,-1.917476038215682e-05,0.1876831203699112,5.712891101837158,-1.3450863361358643,0.1951446682214737,0.2601929008960724,-0.3790741264820099,0.1404172684550233,-0.6582786124687643,0.9798341018461774,-0.9395964317412371,-0.8745868762028219,1.060526201996079,1.5588790809665628e-06,1.2891097051841755e-05,-7.197175558378894e-06,-1.2413564975327645e-05,-3.6821442491345586e-05,2.832820204188317e-05,1.6288226628678386,-0.012763227686903633,-1.956894870133393,-0.22485488229106299,2.693106392672036,0.7589722615001181,7.0,1.0,47.986000061035156,48.2130012512207,48.06100082397461,6.46,19.2,46.69,0.474,0.424,2.195,0,1,0
1777637025.2952585,3540.44,1.6287569999694824,-0.012818638478414357,-1.9568718115436,-0.22482473054994756,2.693185329437256,0.7589609622955322,1.2783173588104546e-05,1.2783173588104546e-05,-2.5566347176209092e-05,-1.917476038215682e-05,3.834952076431364e-05,-1.917476038215682e-05,0.1876831203699112,5.722046375274658,-1.3562953472137451,0.1951446682214737,0.2601929008960724,-0.3768310844898224,0.14037306437240427,-0.6582624712527001,0.9798279701126843,-0.9396018915559492,-0.8746026672919766,1.0604393498567783,1.5601165766898258e-06,1.2890189879448089e-05,-7.197892526699188e-06,-1.2415168979360868e-05,-3.682022487946641e-05,2.8329396454385443e-05,1.6288226628678386,-0.012763227686903633,-1.956894870133393,-0.22485488229106299,2.693106392672036,0.7589722615001181,7.0,1.0,47.986000061035156,48.2130012512207,48.06100082397461,6.46,19.2,46.69,0.474,0.424,2.195,0,1,0
1777637025.3025947,3540.448,1.6287809610366821,-0.012782875691549123,-1.9568598906146448,-0.2248004118548792,2.693173408508301,0.7590089440345764,1.2783173588104546e-05,1.2783173588104546e-05,-2.5566347176209092e-05,-1.917476038215682e-05,3.834952076431364e-05,-1.917476038215682e-05,0.1785278469324112,5.749512195587158,-1.360779047012329,0.1929016262292862,0.2758941948413849,-0.3902893364429474,0.1403982812781398,-0.6582966287233425,0.9798060278541432,-0.9395531505407682,-0.8746145897168427,1.0604631100655006,1.5597105912056317e-06,1.2890759535091663e-05,-7.1971047403380415e-06,-1.2414306452925353e-05,-3.682176931583063e-05,2.832663575590728e-05,1.6288226628678386,-0.012763227686903633,-1.956894870133393,-0.22485488229106299,2.693106392672036,0.7589722615001181,7.0,1.0,47.986000061035156,48.2130012512207,48.04600143432617,6.46,19.2,46.69,0.474,0.424,2.195,0,1,0
1777637025.3094838,3540.4559999999997,1.6287569999694824,-0.012842957173482716,-1.9568360487567347,-0.22482473054994756,2.693197250366211,0.7589250206947327,1.2783173588104546e-05,1.2783173588104546e-05,-2.5566347176209092e-05,-1.917476038215682e-05,1.917476038215682e-05,-1.917476038215682e-05,0.1602173000574112,5.712891101837158,-1.3675044775009155,0.2018737941980362,0.2534637749195099,-0.3880462944507599,0.1403684593194506,-0.6582799996685453,0.9798352341671412,-0.9395759105090071,-0.8746334231787721,1.0604048824074606,3.3726962266281825e-06,1.3682604316261433e-05,-6.252378202635271e-06,-1.3371572200318653e-05,-2.1283184960906233e-05,1.7132938613864754e-05,1.6288226628678386,-0.012763227686903633,-1.956894870133393,-0.22485488229106299,2.693106392672036,0.7589722615001181,7.0,1.0,47.986000061035156,48.2130012512207,48.04600143432617,6.46,19.2,46.69,0.474,0.424,2.195,0,1,0
1777637025.3167417,3540.464,1.6287569999694824,-0.012818638478414357,-1.9568360487567347,-0.22484857240785772,2.693209409713745,0.7589969635009766,1.2783173588104546e-05,1.2783173588104546e-05,-2.5566347176209092e-05,-1.917476038215682e-05,1.917476038215682e-05,-1.917476038215682e-05,0.1922607570886612,5.717468738555908,-1.37198805809021,0.2018737941980362,0.2489776909351349,-0.3745880424976349,0.14037618268103658,-0.6582784213159912,0.9798378905433823,-0.9396162552266413,-0.8746180451236352,1.0604680478299369,3.3723999725828866e-06,1.3683123267659437e-05,-6.252273150350693e-06,-1.3371481171487621e-05,-2.1283055996649096e-05,1.71330984620936e-05,1.6288226628678386,-0.012763227686903633,-1.956894870133393,-0.22485488229106299,2.693106392672036,0.7589722615001181,7.0,1.0,47.986000061035156,48.22800064086914,48.04600143432617,6.46,19.2,46.69,0.474,0.424,2.195,0,1,0
1777637025.3243675,3540.4719999999998,1.6287689208984375,-0.012806717549459279,-1.9568360487567347,-0.2248004118548792,2.693185329437256,0.7589849233627319,1.2783173588104546e-05,1.2783173588104546e-05,-2.5566347176209092e-05,-1.917476038215682e-05,1.917476038215682e-05,-1.917476038215682e-05,0.1785278469324112,5.680847644805908,-1.3473281860351562,0.1906585842370987,0.2400055229663849,-0.3835602104663849,0.14038652602685614,-0.6583036936306956,0.9798157403052604,-0.9395475999744236,-0.8746293799909134,1.060434227563457,3.372489615953076e-06,1.3683110554695265e-05,-6.251798970116001e-06,-1.337139216677006e-05,-2.1283735915450563e-05,1.713153254124911e-05,1.6288226628678386,-0.012763227686903633,-1.956894870133393,-0.22485488229106299,2.693106392672036,0.7589722615001181,7.0,1.0,47.986000061035156,48.22800064086914,48.04600143432617,6.46,19.2,46.69,0.474,0.424,2.195,0,1,0
1777637025.327193,3540.4719999999998,1.6287689208984375,-0.012806717549459279,-1.9568360487567347,-0.2248004118548792,2.693185329437256,0.7589849233627319,1.2783173588104546e-05,1.2783173588104546e-05,-2.5566347176209092e-05,-1.917476038215682e-05,1.917476038215682e-05,-1.917476038215682e-05,0.1785278469324112,5.680847644805908,-1.3473281860351562,0.1906585842370987,0.2400055229663849,-0.3835602104663849,0.14038652602685614,-0.6583036936306956,0.9798157403052604,-0.9395475999744236,-0.8746293799909134,1.060434227563457,3.372489615953076e-06,1.3683110554695265e-05,-6.251798970116001e-06,-1.337139216677006e-05,-2.1283735915450563e-05,1.713153254124911e-05,1.6288226628678386,-0.012763227686903633,-1.956894870133393,-0.22485488229106299,2.693106392672036,0.7589722615001181,7.0,1.0,47.986000061035156,48.22800064086914,48.04600143432617,7.34,25.13,48.37,0.472,0.536,1.89,0,0,1
1777637025.3326955,3540.48,1.6288049221038818,-0.012854878102437794,-1.9568598906146448,-0.2248004118548792,2.693197250366211,0.7589849233627319,1.2783173588104546e-05,1.2783173588104546e-05,-2.5566347176209092e-05,-1.917476038215682e-05,1.917476038215682e-05,-1.917476038215682e-05,0.2059936672449112,5.712891101837158,-1.358537197113037,0.1929016262292862,0.2646789848804474,-0.3813171684741974,0.1404055161370723,-0.658238094687591,0.979848460712338,-0.9396004433734013,-0.8746317555900126,1.0605029122759073,3.3713174441925814e-06,1.3682865437927745e-05,-6.252705143473741e-06,-1.3370555408773097e-05,-2.1283776020809867e-05,1.713317309741093e-05,1.6288226628678386,-0.012763227686903633,-1.956894870133393,-0.22485488229106299,2.693106392672036,0.7589722615001181,7.0,1.0,47.986000061035156,48.22800064086914,48.04600143432617,7.34,25.13,48.37,0.472,0.536,1.89,0,1,0
1777637025.3391078,3540.488,1.6287569999694824,-0.012806717549459279,-1.9568236509906214,-0.2248004118548792,2.6931614875793457,0.7589849233627319,1.2783173588104546e-05,1.2783173588104546e-05,-2.5566347176209092e-05,-1.917476038215682e-05,1.917476038215682e-05,-1.917476038215682e-05,0.1922607570886612,5.694580554962158,-1.3675044775009155,0.1884155422449112,0.2534637749195099,-0.3790741264820099,0.14038155643589914,-0.6583148226847304,0.9798162581782569,-0.9395352186355136,-0.8746037612841704,1.0604140792421806,3.3726194872069316e-06,1.3683174860195873e-05,-6.251590952004799e-06,-1.3371823463675054e-05,-2.128388404723903e-05,1.7130944321148065e-05,1.6288226628678386,-0.012763227686903633,-1.956894870133393,-0.22485488229106299,2.693106392672036,0.7589722615001181,7.0,1.0,47.986000061035156,48.22800064086914,48.04600143432617,7.34,25.13,48.37,0.472,0.536,1.89,0,1,0
1777637025.3461957,3540.4959999999996,1.6287569999694824,-0.012831036244527638,-1.9568474928485315,-0.22483665147890264,2.6931614875793457,0.7589849233627319,1.2783173588104546e-05,1.2783173588104546e-05,-2.5566347176209092e-05,-1.917476038215682e-05,1.917476038215682e-05,-1.917476038215682e-05,0.1647949367761612,5.694580554962158,-1.3518117666244507,0.1951446682214737,0.2579498589038849,-0.3768310844898224,0.14037840334368246,-0.6582625802634844,0.9798436740393449,-0.9396086851942768,-0.8745692672908095,1.0604561182736492,3.3719516206205617e-06,1.3683180942832253e-05,-6.252380817084474e-06,-1.3371849729652653e-05,-2.1283511842981318e-05,1.7132669446330487e-05,1.6288226628678386,-0.012763227686903633,-1.956894870133393,-0.22485488229106299,2.693106392672036,0.7589722615001181,7.0,1.0,47.986000061035156,48.22800064086914,48.04600143432617,7.34,25.13,48.37,0.472,0.536,1.89,0,1,0
1777637025.3534324,3540.504,1.6287928819656372,-0.012818638478414357,-1.9568360487567347,-0.22481280962099248,2.6931374073028564,0.7589849233627319,1.2783173588104546e-05,1.2783173588104546e-05,-2.5566347176209092e-05,-1.917476038215682e-05,1.917476038215682e-05,-1.917476038215682e-05,0.1785278469324112,5.712891101837158,-1.360779047012329,0.1929016262292862,0.2758941948413849,-0.3835602104663849,0.14040598273036786,-0.6582842825363215,0.9798294460356853,-0.9395487842221398,-0.8745841272077124,1.0604592654292782,3.371647970957741e-06,1.3683394679565113e-05,-6.251900577927438e-06,-1.3371254731714595e-05,-2.1284457115880916e-05,1.7131356616431364e-05,1.6288226628678386,-0.012763227686903633,-1.956894870133393,-0.22485488229106299,2.693106392672036,0.7589722615001181,7.0,1.0,47.986000061035156,48.22800064086914,48.04600143432617,7.34,25.13,48.37,0.472,0.536,1.89,0,1,0
1777637025.3602781,3540.5119999999997,1.6287449598312378,-0.012842957173482716,-1.9568117300616663,-0.22481280962099248,2.693173408508301,0.7589969635009766,1.2783173588104546e-05,1.2783173588104546e-05,-2.5566347176209092e-05,-1.917476038215682e-05,1.917476038215682e-05,-1.917476038215682e-05,0.1693725734949112,5.735779285430908,-1.37198805809021,0.1951446682214737,0.2489776909351349,-0.3858032524585724,0.14037242442052322,-0.6582897522967779,0.9798447179921349,-0.9395805306483159,-0.8745895182044456,1.0604343577136301,3.3724726504727113e-06,1.3682919467633964e-05,-6.25198718943956e-06,-1.3371998021298462e-05,-2.1283437337962753e-05,1.713186340108811e-05,1.6288226628678386,-0.012763227686903633,-1.956894870133393,-0.22485488229106299,2.693106392672036,0.7589722615001181,7.0,1.0,47.986000061035156,48.22800064086914,48.04600143432617,7.34,25.13,48.37,0.472,0.536,1.89,0,1,0
1777637025.3685224,3540.52,1.6287809610366821,-0.012854878102437794,-1.9568117300616663,-0.22483665147890264,2.6931614875793457,0.7589849233627319,1.2783173588104546e-05,1.2783173588104546e-05,-2.5566347176209092e-05,-1.917476038215682e-05,1.917476038215682e-05,-1.917476038215682e-05,0.1922607570886612,5.731201648712158,-1.3675044775009155,0.1951446682214737,0.2803802788257599,-0.3790741264820099,0.14039480059172546,-0.6582690590276382,0.9798576419918733,-0.9395898677897093,-0.8745873785055429,1.0604707910456985,3.3717585902525234e-06,1.3683063905426318e-05,-6.25223186338201e-06,-1.3371333576500953e-05,-2.1283887444083066e-05,1.713242693566245e-05,1.6288226628678386,-0.012763227686903633,-1.956894870133393,-0.22485488229106299,2.693106392672036,0.7589722615001181,7.0,1.0,47.986000061035156,48.22800064086914,48.029998779296875,7.34,25.13,48.37,0.472,0.536,1.89,0,1,0
1777637025.3760498,3540.528,1.6287809610366821,-0.012842957173482716,-1.9568598906146448,-0.22482473054994756,2.693185329437256,0.7589849233627319,1.2783173588104546e-05,1.2783173588104546e-05,-2.5566347176209092e-05,-1.917476038215682e-05,1.917476038215682e-05,-1.917476038215682e-05,0.1785278469324112,5.767822742462158,-1.369746208190918,0.1973877102136612,0.2601929008960724,-0.3790741264820099,0.1403909557390086,-0.6582433994500105,0.9798478074574776,-0.9396168063729773,-0.874601480895064,1.0604866223528717,3.3715828563879967e-06,1.3683025756265111e-05,-6.252667496849733e-06,-1.3371161279718887e-05,-2.1283525774618368e-05,1.7133258240461225e-05,1.6288226628678386,-0.012763227686903633,-1.956894870133393,-0.22485488229106299,2.693106392672036,0.7589722615001181,7.0,1.0,47.986000061035156,48.22800064086914,48.029998779296875,7.34,25.13,48.37,0.472,0.536,1.89,0,1,0
1777637025.4172,3540.536,1.6287928819656372,-0.012842957173482716,-1.9568474928485315,-0.2248004118548792,2.693185329437256,0.7589729428291321,1.2783173588104546e-05,1.2783173588104546e-05,-2.5566347176209092e-05,-1.917476038215682e-05,1.917476038215682e-05,-1.917476038215682e-05,0.1876831203699112,5.685425281524658,-1.3562953472137451,0.1973877102136612,0.2646789848804474,-0.3858032524585724,0.1403985719848953,-0.6582624046473522,0.9798383155916826,-0.9395743525720337,-0.8746276841969634,1.0604683264134345,3.3717466630388227e-06,1.3682901190777495e-05,-6.252375176344705e-06,-1.3370895297377791e-05,-2.1283848126207183e-05,1.7132508294787917e-05,1.6288226628678386,-0.012763227686903633,-1.956894870133393,-0.22485488229106299,2.693106392672036,0.7589722615001181,7.0,1.0,47.986000061035156,48.2130012512207,48.029998779296875,7.34,25.13,48.37,0.472,0.536,1.89,0,1,0
1777637025.4201329,3540.544,1.6287569999694824,-0.012818638478414357,-1.9568474928485315,-0.22483665147890264,2.693185329437256,0.7589609622955322,1.2783173588104546e-05,1.2783173588104546e-05,-1.2783173588104546e-05,-1.917476038215682e-05,1.917476038215682e-05,-1.917476038215682e-05,0.1831054836511612,5.703735828399658,-1.3428444862365723,0.1973877102136612,0.2534637749195099,-0.3790741264820099,0.14037404276134074,-0.6582791755059637,0.9798299608974197,-0.9395911189858233,-0.8746078041887976,1.060433181863167,4.016523027375576e-06,2.9171490894617847e-06,-6.9299222222144415e-06,-6.11217721248397e-07,-2.0522925923324535e-05,1.7181013483275647e-05,1.6288226628678386,-0.012763227686903633,-1.956894870133393,-0.22485488229106299,2.693106392672036,0.7589722615001181,7.0,1.0,47.986000061035156,48.2130012512207,48.029998779296875,7.34,25.13,48.37,0.472,0.536,1.89,0,1,0
1777637025.4231138,3540.5519999999997,1.6287449598312378,-0.012854878102437794,-1.9568474928485315,-0.2248004118548792,2.6931374073028564,0.7589609622955322,1.2783173588104546e-05,1.2783173588104546e-05,-1.2783173588104546e-05,-1.917476038215682e-05,1.917476038215682e-05,-1.917476038215682e-05,0.1876831203699112,5.648804187774658,-1.3495699167251587,0.1951446682214737,0.2601929008960724,-0.3858032524585724,0.1403696069433045,-0.6582595452966488,0.9798464654746786,-0.93958361442872,-0.8745525291940266,1.060415425176913,4.015993443412747e-06,2.9170076999607067e-06,-6.929783469889388e-06,-6.118276253182518e-07,-2.052342785506295e-05,1.7180341398691992e-05,1.6288226628678386,-0.012763227686903633,-1.956894870133393,-0.22485488229106299,2.693106392672036,0.7589722615001181,7.0,1.0,47.986000061035156,48.2130012512207,48.029998779296875,7.34,25.13,48.37,0.472,0.536,1.89,0,1,0
1777637025.4364812,3540.56,1.6287330389022827,-0.0127947966205042,-1.9568236509906214,-0.22484857240785772,2.693173408508301,0.7589250206947327,1.2783173588104546e-05,1.2783173588104546e-05,-1.2783173588104546e-05,-1.917476038215682e-05,1.917476038215682e-05,-1.917476038215682e-05,0.1922607570886612,5.726624011993408,-1.360779047012329,0.2041168361902237,0.2489776909351349,-0.3835602104663849,0.140357447559348,-0.6583262229368491,0.9798102664936961,-0.9395467200458298,-0.874611216248509,1.0603621450171532,4.017230242202302e-06,2.9172106963555205e-06,-6.929917605854504e-06,-6.117900492058269e-07,-2.0523195140168452e-05,1.7180114754050163e-05,1.6288226628678386,-0.012763227686903633,-1.956894870133393,-0.22485488229106299,2.693106392672036,0.7589722615001181,7.0,1.0,47.986000061035156,48.2130012512207,48.029998779296875,7.34,25.13,48.37,0.472,0.536,1.89,0,1,0
1777637025.4412413,3540.5679999999998,1.6287809610366821,-0.0127947966205042,-1.9568474928485315,-0.2248004118548792,2.6931614875793457,0.7589729428291321,1.2783173588104546e-05,1.2783173588104546e-05,-1.2783173588104546e-05,-1.917476038215682e-05,1.917476038215682e-05,-1.917476038215682e-05,0.1785278469324112,5.717468738555908,-1.3562953472137451,0.1929016262292862,0.2557068169116974,-0.3790741264820099,0.14039535774184903,-0.6583040502238598,0.9798074461155516,-0.9395309469401205,-0.874616714818271,1.0604302143737834,4.016597598746935e-06,2.9175281105141576e-06,-6.929741865278028e-06,-6.108897067649632e-07,-2.0523458536691256e-05,1.7179450783304947e-05,1.6288226628678386,-0.012763227686903633,-1.956894870133393,-0.22485488229106299,2.693106392672036,0.7589722615001181,7.0,1.0,47.986000061035156,48.2130012512207,48.029998779296875,7.34,25.13,48.37,0.472,0.536,1.89,0,1,0
1777637025.4429867,3540.576,1.6287928819656372,-0.012818638478414357,-1.9568360487567347,-0.22481280962099248,2.693185329437256,0.7589489817619324,1.2783173588104546e-05,1.2783173588104546e-05,-1.2783173588104546e-05,-1.917476038215682e-05,1.917476038215682e-05,-1.917476038215682e-05,0.1739502102136612,5.712891101837158,-1.3562953472137451,0.1929016262292862,0.2444916069507599,-0.3790741264820099,0.14039737443079614,-0.6582938623682973,0.9798206499719984,-0.9395415203747626,-0.8746466214208077,1.0604361048330855,4.0167268156557996e-06,2.9172501258702614e-06,-6.929895733599003e-06,-6.104695397270923e-07,-2.0523104431113862e-05,1.718029275570184e-05,1.6288226628678386,-0.012763227686903633,-1.956894870133393,-0.22485488229106299,2.693106392672036,0.7589722615001181,7.0,1.0,47.986000061035156,48.2130012512207,48.029998779296875,7.34,25.13,48.37,0.472,0.536,1.89,0,1,0
1777637025.4430416,3540.584,1.6287569999694824,-0.012842957173482716,-1.9568474928485315,-0.2248004118548792,2.693173408508301,0.7589609622955322,1.2783173588104546e-05,1.2783173588104546e-05,-1.2783173588104546e-05,-1.917476038215682e-05,1.917476038215682e-05,-1.917476038215682e-05,0.1876831203699112,5.758667469024658,-1.360779047012329,0.1973877102136612,0.2489776909351349,-0.3790741264820099,0.14037471891315306,-0.6582694819370103,0.9798367589121666,-0.9395777521422405,-0.8746005023004587,1.0604254700810845,4.016333786889408e-06,2.916992921526532e-06,-6.929867840895942e-06,-6.11302915939773e-07,-2.052310622949592e-05,1.718060329307342e-05,1.6288226628678386,-0.012763227686903633,-1.956894870133393,-0.22485488229106299,2.693106392672036,0.7589722615001181,7.0,1.0,47.986000061035156,48.2130012512207,48.029998779296875,7.34,25.13,48.37,0.472,0.536,1.89,0,1,0
1777637025.4430707,3540.5919999999996,1.6287330389022827,-0.0127947966205042,-1.9568360487567347,-0.22483665147890264,2.6931374073028564,0.7589969635009766,1.2783173588104546e-05,1.2783173588104546e-05,-1.2783173588104546e-05,-1.917476038215682e-05,1.917476038215682e-05,-1.917476038215682e-05,0.1922607570886612,5.703735828399658,-1.37198805809021,0.1951446682214737,0.2714081108570099,-0.3813171684741974,0.1403686388808233,-0.6583028611152095,0.979822296652987,-0.9395761405284336,-0.8745465576961822,1.06041825107053,4.01636922978801e-06,2.917507708678598e-06,-6.92965905522194e-06,-6.120649127334528e-07,-2.0523574303529727e-05,1.717961884845798e-05,1.6288226628678386,-0.012763227686903633,-1.956894870133393,-0.22485488229106299,2.693106392672036,0.7589722615001181,7.0,1.0,47.986000061035156,48.2130012512207,48.029998779296875,7.34,25.13,48.37,0.472,0.536,1.89,0,1,0
1777637025.4430976,3540.6,1.6287330389022827,-0.012818638478414357,-1.9568598906146448,-0.22481280962099248,2.6931614875793457,0.7589250206947327,1.2783173588104546e-05,1.2783173588104546e-05,-1.2783173588104546e-05,-1.917476038215682e-05,1.917476038215682e-05,-1.917476038215682e-05,0.2014160305261612,5.667114734649658,-1.3540536165237427,0.1929016262292862,0.2601929008960724,-0.3880462944507599,0.1403563122776444,-0.6582862634022577,0.9798188006415605,-0.939564898193108,-0.8745890372932293,1.0603724479833292,4.016653520962779e-06,2.917068272717937e-06,-6.929917175435851e-06,-6.11887667720617e-07,-2.0523214558325994e-05,1.7180444927602805e-05,1.6288226628678386,-0.012763227686903633,-1.956894870133393,-0.22485488229106299,2.693106392672036,0.7589722615001181,7.0,1.0,47.986000061035156,48.2130012512207,48.029998779296875,7.34,25.13,48.37,0.472,0.536,1.89,0,1,0
1777637025.4467466,3540.6079999999997,1.6287569999694824,-0.012818638478414357,-1.9568474928485315,-0.22483665147890264,2.6931614875793457,0.7589729428291321,1.2783173588104546e-05,1.2783173588104546e-05,-1.2783173588104546e-05,-1.917476038215682e-05,1.917476038215682e-05,-1.917476038215682e-05,0.2059936672449112,5.722046375274658,-1.360779047012329,0.1973877102136612,0.2915954887866974,-0.3701019585132599,0.14037765581386652,-0.6582756569077237,0.9798332807450328,-0.9395916378613246,-0.8745790058047801,1.0604396533773677,4.016269506623107e-06,2.9172751700121324e-06,-6.929829131929896e-06,-6.113995324535465e-07,-2.0523178458804456e-05,1.718067856906787e-05,1.6288226628678386,-0.012763227686903633,-1.956894870133393,-0.22485488229106299,2.693106392672036,0.7589722615001181,7.0,1.0,47.986000061035156,48.27399826049805,48.029998779296875,7.34,25.13,48.37,0.472,0.536,1.89,0,1,0
1777637025.453781,3540.616,1.6287809610366821,-0.012818638478414357,-1.9568474928485315,-0.22482473054994756,2.6931614875793457,0.7589489817619324,1.2783173588104546e-05,1.2783173588104546e-05,-1.2783173588104546e-05,-1.917476038215682e-05,1.917476038215682e-05,-1.917476038215682e-05,0.1876831203699112,5.763245105743408,-1.369746208190918,0.1839294582605362,0.2601929008960724,-0.3745880424976349,0.14039095615504388,-0.6582811355014138,0.979825712173604,-0.939560287016496,-0.8746063666513607,1.0604337312667034,4.016423463803861e-06,2.9173144001346746e-06,-6.929863935780711e-06,-6.109038435656613e-07,-2.0523245996265597e-05,1.718043510421212e-05,1.6288226628678386,-0.012763227686903633,-1.956894870133393,-0.22485488229106299,2.693106392672036,0.7589722615001181,7.0,1.0,47.986000061035156,48.27399826049805,48.029998779296875,7.34,25.13,48.37,0.472,0.536,1.89,0,1,0
1777637025.4614408,3540.624,1.6287689208984375,-0.012806717549459279,-1.9568474928485315,-0.22483665147890264,2.693173408508301,0.7589849233627319,1.2783173588104546e-05,1.2783173588104546e-05,-1.2783173588104546e-05,-1.917476038215682e-05,1.917476038215682e-05,-1.917476038215682e-05,0.1922607570886612,5.699158191680908,-1.37198805809021,0.1973877102136612,0.2444916069507599,-0.3902893364429474,0.14038632513434665,-0.6582820815878986,0.9798269055646971,-0.939586278464283,-0.8745978736769537,1.0604560297231016,4.016355013436034e-06,2.9173870120014206e-06,-6.929819739718834e-06,-6.110609130325743e-07,-2.0523111812793396e-05,1.7180602204048694e-05,1.6288226628678386,-0.012763227686903633,-1.956894870133393,-0.22485488229106299,2.693106392672036,0.7589722615001181,7.0,1.0,47.986000061035156,48.27399826049805,48.029998779296875,7.34,25.13,48.37,0.472,0.536,1.89,0,1,0
1777637025.4683554,3540.632,1.6287809610366821,-0.012818638478414357,-1.9568117300616663,-0.22482473054994756,2.693185329437256,0.7589729428291321,1.2783173588104546e-05,1.2783173588104546e-05,-1.2783173588104546e-05,-1.917476038215682e-05,1.917476038215682e-05,-1.917476038215682e-05,0.1968383938074112,5.722046375274658,-1.3518117666244507,0.2018737941980362,0.2848663628101349,-0.3768310844898224,0.14039322522711092,-0.6583071747074873,0.9798269291445917,-0.9395474887331488,-0.8746358783071311,1.0604402418879864,4.016799792282338e-06,2.9172526525009698e-06,-6.929824772065156e-06,-6.107098116286798e-07,-2.0523152201584296e-05,1.7180039386982833e-05,1.6288226628678386,-0.012763227686903633,-1.956894870133393,-0.22485488229106299,2.693106392672036,0.7589722615001181,7.0,1.0,47.986000061035156,48.27399826049805,48.029998779296875,7.34,25.13,48.37,0.472,0.536,1.89,0,1,0
1777637025.471871,3540.632,1.6287809610366821,-0.012818638478414357,-1.9568117300616663,-0.22482473054994756,2.693185329437256,0.7589729428291321,1.2783173588104546e-05,1.2783173588104546e-05,-1.2783173588104546e-05,-1.917476038215682e-05,1.917476038215682e-05,-1.917476038215682e-05,0.1968383938074112,5.722046375274658,-1.3518117666244507,0.2018737941980362,0.2848663628101349,-0.3768310844898224,0.14039322522711092,-0.6583071747074873,0.9798269291445917,-0.9395474887331488,-0.8746358783071311,1.0604402418879864,4.016799792282338e-06,2.9172526525009698e-06,-6.929824772065156e-06,-6.107098116286798e-07,-2.0523152201584296e-05,1.7180039386982833e-05,1.6288226628678386,-0.012763227686903633,-1.956894870133393,-0.22485488229106299,2.693106392672036,0.7589722615001181,7.0,1.0,47.986000061035156,48.27399826049805,48.029998779296875,7.27,25.19,48.39,0.472,0.538,1.887,0,0,1
1777637025.475936,3540.64,1.6287569999694824,-0.012818638478414357,-1.9568598906146448,-0.22483665147890264,2.693173408508301,0.7589849233627319,1.2783173588104546e-05,1.2783173588104546e-05,-1.2783173588104546e-05,-1.917476038215682e-05,1.917476038215682e-05,-1.917476038215682e-05,0.1968383938074112,5.799866199493408,-1.3675044775009155,0.1884155422449112,0.2646789848804474,-0.3813171684741974,0.14037726432994505,-0.6582631755464402,0.9798354944652945,-0.9396115940999965,-0.8745813296838186,1.0604579622567514,4.016131377963989e-06,2.9172525024200672e-06,-6.929854573636257e-06,-6.113128632345275e-07,-2.0522997153921545e-05,1.718109931176322e-05,1.6288226628678386,-0.012763227686903633,-1.956894870133393,-0.22485488229106299,2.693106392672036,0.7589722615001181,7.0,1.0,47.986000061035156,48.27399826049805,48.029998779296875,7.27,25.19,48.39,0.472,0.538,1.887,0,1,0
1777637025.4834878,3540.6479999999997,1.6287689208984375,-0.012782875691549123,-1.9568474928485315,-0.22483665147890264,2.6931135654449463,0.7589969635009766,1.2783173588104546e-05,1.2783173588104546e-05,-1.2783173588104546e-05,-1.917476038215682e-05,1.917476038215682e-05,-1.917476038215682e-05,0.1739502102136612,5.735779285430908,-1.3495699167251587,0.1906585842370987,0.2624359428882599,-0.3813171684741974,0.14039452563332722,-0.6582973381358661,0.9798161468115987,-0.9395574227381513,-0.8745423707610693,1.0604448979507688,4.016100040362777e-06,2.9178463279316213e-06,-6.9295929266436735e-06,-6.115111679414419e-07,-2.0523850307960968e-05,1.7179273914545372e-05,1.6288226628678386,-0.012763227686903633,-1.956894870133393,-0.22485488229106299,2.693106392672036,0.7589722615001181,7.0,1.0,47.97100067138672,48.27399826049805,48.029998779296875,7.27,25.19,48.39,0.472,0.538,1.887,0,1,0
1777637025.5016687,3540.656,1.6287689208984375,-0.012890640889303029,-1.9568236509906214,-0.22482473054994756,2.6931374073028564,0.7589250206947327,1.2783173588104546e-05,1.2783173588104546e-05,-1.2783173588104546e-05,-1.917476038215682e-05,1.917476038215682e-05,-1.917476038215682e-05,0.1876831203699112,5.726624011993408,-1.3450863361358643,0.1951446682214737,0.2534637749195099,-0.3813171684741974,0.1403802306465911,-0.6582457393791621,0.9798692542697494,-0.9395878804902656,-0.8745649402184626,1.060423314670236,4.015969024125472e-06,2.9167690760564486e-06,-6.929912837976997e-06,-6.113449067394043e-07,-2.0523283431134838e-05,1.7181082448553942e-05,1.6288226628678386,-0.012763227686903633,-1.956894870133393,-0.22485488229106299,2.693106392672036,0.7589722615001181,7.0,1.0,47.97100067138672,48.27399826049805,48.029998779296875,7.27,25.19,48.39,0.472,0.538,1.887,0,1,0
1777637025.50189,3540.6639999999998,1.6287689208984375,-0.012854878102437794,-1.9568474928485315,-0.22484857240785772,2.693197250366211,0.7589849233627319,1.2783173588104546e-05,1.2783173588104546e-05,-1.2783173588104546e-05,-1.917476038215682e-05,1.917476038215682e-05,-1.917476038215682e-05,0.2059936672449112,5.744934558868408,-1.360779047012329,0.1884155422449112,0.2848663628101349,-0.3813171684741974,0.1403814456486245,-0.6582383317980399,0.979861053492908,-0.9396442526894356,-0.8745974268633225,1.0604898616599414,4.015967952158191e-06,2.916929681901058e-06,-6.929970629685842e-06,-6.108954005098467e-07,-2.0522594897219035e-05,1.7182165605021286e-05,1.6288226628678386,-0.012763227686903633,-1.956894870133393,-0.22485488229106299,2.693106392672036,0.7589722615001181,7.0,1.0,47.97100067138672,48.27399826049805,48.04600143432617,7.27,25.19,48.39,0.472,0.538,1.887,0,1,0
1777637025.5046892,3540.672,1.628816843032837,-0.012831036244527638,-1.9568117300616663,-0.22482473054994756,2.6931614875793457,0.7589609622955322,1.2783173588104546e-05,1.2783173588104546e-05,-1.2783173588104546e-05,-1.917476038215682e-05,1.917476038215682e-05,-1.917476038215682e-05,0.1647949367761612,5.744934558868408,-1.3562953472137451,0.1973877102136612,0.2669220268726349,-0.3858032524585724,0.14041712702369302,-0.6582931400264886,0.9798342095826018,-0.9395336410357054,-0.8746310781727888,1.0604631281691053,4.016486838355373e-06,2.9173799072327683e-06,-6.929801451099082e-06,-6.101583795778743e-07,-2.0523372214535194e-05,1.7179958039257233e-05,1.6288226628678386,-0.012763227686903633,-1.956894870133393,-0.22485488229106299,2.693106392672036,0.7589722615001181,7.0,1.0,47.97100067138672,48.27399826049805,48.04600143432617,7.27,25.19,48.39,0.472,0.538,1.887,0,1,0
1777637025.511377,3540.68,1.6287330389022827,-0.012806717549459279,-1.9568360487567347,-0.22481280962099248,2.6931614875793457,0.7589489817619324,1.2783173588104546e-05,1.2783173588104546e-05,-1.2783173588104546e-05,-1.917476038215682e-05,1.917476038215682e-05,-1.917476038215682e-05,0.2059936672449112,5.740356922149658,-1.3562953472137451,0.1996307522058487,0.2646789848804474,-0.3835602104663849,0.14036082151536178,-0.6583114153196602,0.9798138934044508,-0.93954636161448,-0.8745943991227098,1.0603751311427947,4.016860204858919e-06,2.9172011436125745e-06,-6.929812603637907e-06,-6.11876465845862e-07,-2.0523372706437768e-05,1.717971400804024e-05,1.6288226628678386,-0.012763227686903633,-1.956894870133393,-0.22485488229106299,2.693106392672036,0.7589722615001181,7.0,1.0,47.97100067138672,48.27399826049805,48.04600143432617,7.27,25.19,48.39,0.472,0.538,1.887,0,1,0
1777637025.5196621,3540.6879999999996,1.6287449598312378,-0.012818638478414357,-1.9568474928485315,-0.22482473054994756,2.6931493282318115,0.7589849233627319,1.2783173588104546e-05,1.2783173588104546e-05,-1.2783173588104546e-05,-1.917476038215682e-05,1.917476038215682e-05,-1.917476038215682e-05,0.1693725734949112,5.690002918243408,-1.360779047012329,0.2041168361902237,0.2669220268726349,-0.3858032524585724,0.14037248608502756,-0.6582780882740529,0.9798327448235087,-0.939588802075302,-0.8745602517141067,1.0604317512126353,4.0161812602602585e-06,2.9172955478656186e-06,-6.929750818739517e-06,-6.117354340003786e-07,-2.0523352778818483e-05,1.7180264297971866e-05,1.6288226628678386,-0.012763227686903633,-1.956894870133393,-0.22485488229106299,2.693106392672036,0.7589722615001181,7.0,1.0,47.97100067138672,48.27399826049805,48.04600143432617,7.27,25.19,48.39,0.472,0.538,1.887,0,1,0
1777637025.52579,3540.696,1.6287689208984375,-0.012770954762594044,-1.9568360487567347,-0.22478896776308233,2.693209409713745,0.7589969635009766,1.2783173588104546e-05,1.2783173588104546e-05,-1.2783173588104546e-05,-1.917476038215682e-05,1.917476038215682e-05,-1.917476038215682e-05,0.2014160305261612,5.735779285430908,-1.369746208190918,0.1929016262292862,0.2714081108570099,-0.3835602104663849,0.14038762039062147,-0.6583361827298505,0.979789762468385,-0.9395187069186082,-0.8746683957646412,1.0604247493766683,4.017210680378607e-06,2.9174949280499807e-06,-6.929756143133048e-06,-6.107575850278453e-07,-2.052314981899815e-05,1.717916882345865e-05,1.6288226628678386,-0.012763227686903633,-1.956894870133393,-0.22485488229106299,2.693106392672036,0.7589722615001181,7.0,1.0,47.97100067138672,48.27399826049805,48.04600143432617,7.27,25.19,48.39,0.472,0.538,1.887,0,1,0
1777637025.5334802,3540.7039999999997,1.6287449598312378,-0.0127947966205042,-1.9568236509906214,-0.2248004118548792,2.693173408508301,0.7589609622955322,1.2783173588104546e-05,1.2783173588104546e-05,-1.2783173588104546e-05,-1.917476038215682e-05,1.917476038215682e-05,-1.917476038215682e-05,0.1785278469324112,5.680847644805908,-1.3406027555465698,0.1929016262292862,0.2444916069507599,-0.3858032524585724,0.14037037244412762,-0.6583322089006043,0.9798034489805001,-0.9395194006860537,-0.8746233981882747,1.0603791844440014,4.017130068504232e-06,2.9173016589506766e-06,-6.929766144321116e-06,-6.115295208489366e-07,-2.0523416077530682e-05,1.7179131150281667e-05,1.6288226628678386,-0.012763227686903633,-1.956894870133393,-0.22485488229106299,2.693106392672036,0.7589722615001181,7.0,1.0,47.97100067138672,48.27399826049805,48.04600143432617,7.27,25.19,48.39,0.472,0.538,1.887,0,1,0
1777637025.5401547,3540.712,1.6287809610366821,-0.0127947966205042,-1.9568360487567347,-0.22484857240785772,2.693197250366211,0.7589729428291321,1.2783173588104546e-05,1.2783173588104546e-05,-1.2783173588104546e-05,-1.917476038215682e-05,1.917476038215682e-05,-1.917476038215682e-05,0.1922607570886612,5.717468738555908,-1.3406027555465698,0.1929016262292862,0.2489776909351349,-0.3745880424976349,0.1403915567958022,-0.658299909428083,0.9798183266467997,-0.9395716265181568,-0.8746380421534918,1.0604541234892657,4.016772735285985e-06,2.9174038506816637e-06,-6.929897331167429e-06,-6.106289710162807e-07,-2.0522916873530876e-05,1.7180702963859704e-05,1.6288226628678386,-0.012763227686903633,-1.956894870133393,-0.22485488229106299,2.693106392672036,0.7589722615001181,7.0,1.0,47.97100067138672,48.27399826049805,48.04600143432617,7.27,25.19,48.39,0.472,0.538,1.887,0,1,0
1777637025.548334,3540.72,1.6287689208984375,-0.012842957173482716,-1.9568236509906214,-0.22482473054994756,2.6931374073028564,0.7589370012283325,1.2783173588104546e-05,1.2783173588104546e-05,-1.2783173588104546e-05,-1.917476038215682e-05,1.917476038215682e-05,-1.917476038215682e-05,0.2151489406824112,5.726624011993408,-1.3562953472137451,0.1929016262292862,0.2646789848804474,-0.3858032524585724,0.14038394625122214,-0.6582837603362692,0.9798396720036787,-0.9395527612535413,-0.8745798279508717,1.0604096815613446,4.016380761008723e-06,2.9171537323069792e-06,-6.929820896229165e-06,-6.113326723766877e-07,-2.0523492767195588e-05,1.718010714833314e-05,1.6288226628678386,-0.012763227686903633,-1.956894870133393,-0.22485488229106299,2.693106392672036,0.7589722615001181,7.0,1.0,48.01499938964844,48.27399826049805,48.04600143432617,7.27,25.19,48.39,0.472,0.538,1.887,0,1,0
1777637025.5551748,3540.728,1.6288049221038818,-0.012854878102437794,-1.9568474928485315,-0.22483665147890264,2.6931614875793457,0.7589609622955322,1.2783173588104546e-05,1.2783173588104546e-05,-1.2783173588104546e-05,-1.917476038215682e-05,1.917476038215682e-05,-1.917476038215682e-05,0.1785278469324112,5.685425281524658,-1.3518117666244507,0.2063598781824112,0.2601929008960724,-0.3813171684741974,0.14040605048102484,-0.658240641489555,0.9798552485139385,-0.939600040330866,-0.8745952092456035,1.060488570178236,4.015837802295931e-06,2.9171693652043564e-06,-6.929905339503446e-06,-6.104253220321164e-07,-2.0523048623299363e-05,1.7181419787412744e-05,1.6288226628678386,-0.012763227686903633,-1.956894870133393,-0.22485488229106299,2.693106392672036,0.7589722615001181,7.0,1.0,48.01499938964844,48.27399826049805,48.04600143432617,7.27,25.19,48.39,0.472,0.538,1.887,0,1,0
1777637025.5621507,3540.736,1.6287809610366821,-0.012782875691549123,-1.9568360487567347,-0.22482473054994756,2.693197250366211,0.7589609622955322,1.2783173588104546e-05,1.2783173588104546e-05,-1.2783173588104546e-05,-1.917476038215682e-05,1.917476038215682e-05,-1.917476038215682e-05,0.1968383938074112,5.712891101837158,-1.3406027555465698,0.1906585842370987,0.2736511528491974,-0.3768310844898224,0.140391280139961,-0.6583201333101767,0.9798016900950992,-0.9395342034922712,-0.8746572794667222,1.0604260524983482,4.0170826827581035e-06,2.9174538615936573e-06,-6.929871459557175e-06,-6.106180493150643e-07,-2.0523074986367206e-05,1.71799722183842e-05,1.6288226628678386,-0.012763227686903633,-1.956894870133393,-0.22485488229106299,2.693106392672036,0.7589722615001181,7.0,1.0,48.01499938964844,48.27399826049805,48.04600143432617,7.27,25.19,48.39,0.472,0.538,1.887,0,1,0
1777637025.5692062,3540.7439999999997,1.6287809610366821,-0.012806717549459279,-1.9568598906146448,-0.22483665147890264,2.693185329437256,0.7590089440345764,1.2783173588104546e-05,1.2783173588104546e-05,-1.2783173588104546e-05,-1.917476038215682e-05,1.917476038215682e-05,-1.917476038215682e-05,0.2059936672449112,5.690002918243408,-1.3495699167251587,0.1906585842370987,0.2714081108570099,-0.3678589165210724,0.14039522555938772,-0.6582653643220828,0.9798312743694769,-0.9396083333518751,-0.874602151007999,1.0604949485408912,4.016093797201728e-06,2.9174374913729596e-06,-6.929818692387415e-06,-6.107271493338411e-07,-2.052293786401001e-05,1.718102294829946e-05,1.6288226628678386,-0.012763227686903633,-1.956894870133393,-0.22485488229106299,2.693106392672036,0.7589722615001181,7.0,1.0,48.01499938964844,48.27399826049805,48.04600143432617,7.27,25.19,48.39,0.472,0.538,1.887,0,1,0
1777637025.5762377,3540.752,1.6287809610366821,-0.012806717549459279,-1.9568474928485315,-0.2248604933368128,2.6931493282318115,0.7589849233627319,1.2783173588104546e-05,1.2783173588104546e-05,-1.2783173588104546e-05,-1.917476038215682e-05,1.917476038215682e-05,-1.917476038215682e-05,0.1876831203699112,5.708313465118408,-1.3540536165237427,0.1929016262292862,0.2736511528491974,-0.3880462944507599,0.14039603273177179,-0.6582718420496062,0.9798346520943468,-0.9395970300901391,-0.8745704280371741,1.0604743587142609,4.0160546141441035e-06,2.9175531062192263e-06,-6.929788172616578e-06,-6.11005303285058e-07,-2.052326844271434e-05,1.7180750871738872e-05,1.6288226628678386,-0.012763227686903633,-1.956894870133393,-0.22485488229106299,2.693106392672036,0.7589722615001181,7.0,1.0,48.01499938964844,48.25899887084961,48.04600143432617,7.27,25.19,48.39,0.472,0.538,1.887,0,1,0
1777637025.5851955,3540.7599999999998,1.6287928819656372,-0.012831036244527638,-1.9568474928485315,-0.22483665147890264,2.6931614875793457,0.7589489817619324,1.2783173588104546e-05,1.2783173588104546e-05,-1.2783173588104546e-05,-1.917476038215682e-05,1.917476038215682e-05,-1.917476038215682e-05,0.1922607570886612,5.781555652618408,-1.3562953472137451,0.1929016262292862,0.2287903130054474,-0.3723450005054474,0.14039794368699013,-0.658265141483139,0.9798372410193034,-0.9395772720391492,-0.8746030049298149,1.0604560672583787,4.0162100757776305e-06,2.9172763386400803e-06,-6.929898906650789e-06,-6.10666301839006e-07,-2.052314595392274e-05,1.71809321444148e-05,1.6288226628678386,-0.012763227686903633,-1.956894870133393,-0.22485488229106299,2.693106392672036,0.7589722615001181,7.0,1.0,48.01499938964844,48.25899887084961,48.04600143432617,7.27,25.19,48.39,0.472,0.538,1.887,0,1,0
1777637025.5907216,3540.768,1.6288049221038818,-0.012854878102437794,-1.9568474928485315,-0.22478896776308233,2.693197250366211,0.7589849233627319,1.2783173588104546e-05,1.2783173588104546e-05,-1.2783173588104546e-05,-1.917476038215682e-05,1.917476038215682e-05,-1.917476038215682e-05,0.1739502102136612,5.749512195587158,-1.3675044775009155,0.1929016262292862,0.2714081108570099,-0.3858032524585724,0.1404063785446933,-0.6582521615931417,0.9798446553161864,-0.9395796732123609,-0.8746414992671079,1.060491063221524,4.016106986685646e-06,2.9170359794433594e-06,-6.929881048898854e-06,-6.101368948657664e-07,-2.0522881403658746e-05,1.7180948308698042e-05,1.6288226628678386,-0.012763227686903633,-1.956894870133393,-0.22485488229106299,2.693106392672036,0.7589722615001181,7.0,1.0,48.01499938964844,48.25899887084961,48.04600143432617,7.27,25.19,48.39,0.472,0.538,1.887,0,1,0
1777637025.59794,3540.776,1.6287689208984375,-0.012782875691549123,-1.9568474928485315,-0.22482473054994756,2.693173408508301,0.7589729428291321,1.2783173588104546e-05,1.2783173588104546e-05,-1.2783173588104546e-05,-1.917476038215682e-05,1.917476038215682e-05,-1.917476038215682e-05,0.1968383938074112,5.717468738555908,-1.3495699167251587,0.1973877102136612,0.2579498589038849,-0.3902893364429474,0.14038639009152604,-0.6583086670307092,0.9798056172460794,-0.939548899914971,-0.8746171501701805,1.060427909340969,4.016740965409768e-06,2.917534668794446e-06,-6.929795382527934e-06,-6.110508657423582e-07,-2.052326936210799e-05,1.7179871093562435e-05,1.6288226628678386,-0.012763227686903633,-1.956894870133393,-0.22485488229106299,2.693106392672036,0.7589722615001181,7.0,1.0,48.01499938964844,48.25899887084961,48.04600143432617,7.27,25.19,48.39,0.472,0.538,1.887,0,1,0
1777637025.605227,3540.7839999999997,1.6287928819656372,-0.012890640889303029,-1.9568117300616663,-0.22482473054994756,2.6931614875793457,0.7589609622955322,1.2783173588104546e-05,1.2783173588104546e-05,-1.2783173588104546e-05,-1.917476038215682e-05,1.917476038215682e-05,-1.917476038215682e-05,0.2014160305261612,5.754089832305908,-1.3675044775009155,0.1906585842370987,0.2669220268726349,-0.3768310844898224,0.14039840777741644,-0.6582458123266746,0.9798738685077406,-0.9395937843337169,-0.8745934481487053,1.0604724796367795,4.015932674648073e-06,2.916833677608571e-06,-6.929883424127164e-06,-6.106654404318453e-07,-2.0523095920507885e-05,1.7181177154714892e-05,1.6288226628678386,-0.012763227686903633,-1.956894870133393,-0.22485488229106299,2.693106392672036,0.7589722615001181,7.0,1.0,48.01499938964844,48.25899887084961,48.04600143432617,7.27,25.19,48.39,0.472,0.538,1.887,0,1,0
1777637025.6128635,3540.792,1.6287809610366821,-0.012831036244527638,-1.9568236509906214,-0.22478896776308233,2.6931493282318115,0.7589729428291321,1.2783173588104546e-05,1.2783173588104546e-05,-1.2783173588104546e-05,-1.917476038215682e-05,1.917476038215682e-05,-1.917476038215682e-05,0.1922607570886612,5.776978015899658,-1.3428444862365723,0.1973877102136612,0.2669220268726349,-0.3858032524585724,0.14039615521302454,-0.6582964327472082,0.9798277460196458,-0.939528741346201,-0.8746039908813561,1.060428902358348,4.0164372970653175e-06,2.917292424511344e-06,-6.929705028952705e-06,-6.109798063472348e-07,-2.0523584837171374e-05,1.7179300374661795e-05,1.6288226628678386,-0.012763227686903633,-1.956894870133393,-0.22485488229106299,2.693106392672036,0.7589722615001181,7.0,1.0,48.01499938964844,48.25899887084961,48.04600143432617,7.27,25.19,48.39,0.472,0.538,1.887,0,1,0
1777637025.6152706,3540.792,1.6287809610366821,-0.012831036244527638,-1.9568236509906214,-0.22478896776308233,2.6931493282318115,0.7589729428291321,1.2783173588104546e-05,1.2783173588104546e-05,-1.2783173588104546e-05,-1.917476038215682e-05,1.917476038215682e-05,-1.917476038215682e-05,0.1922607570886612,5.776978015899658,-1.3428444862365723,0.1973877102136612,0.2669220268726349,-0.3858032524585724,0.14039615521302454,-0.6582964327472082,0.9798277460196458,-0.939528741346201,-0.8746039908813561,1.060428902358348,4.0164372970653175e-06,2.917292424511344e-06,-6.929705028952705e-06,-6.109798063472348e-07,-2.0523584837171374e-05,1.7179300374661795e-05,1.6288226628678386,-0.012763227686903633,-1.956894870133393,-0.22485488229106299,2.693106392672036,0.7589722615001181,7.0,1.0,48.01499938964844,48.25899887084961,48.04600143432617,7.28,25.26,48.46,0.471,0.537,1.884,0,0,1
1777637025.6202443,3540.7999999999997,1.6287928819656372,-0.012831036244527638,-1.9568236509906214,-0.22484857240785772,2.6931614875793457,0.7589849233627319,1.2783173588104546e-05,0.0,-1.2783173588104546e-05,-1.917476038215682e-05,1.917476038215682e-05,-1.917476038215682e-05,0.1831054836511612,5.731201648712158,-1.3809553384780884,0.1929016262292862,0.2691650688648224,-0.3880462944507599,0.14040297798471957,-0.6582738455402545,0.979845690020664,-0.9395857635732539,-0.8745939762669181,1.06048089873053,3.3843877034931635e-06,1.378897054694506e-05,1.5757278891211603e-06,-1.3372359030459852e-05,-2.1263885458634172e-05,1.7179516518649333e-05,1.6288226628678386,-0.012763227686903633,-1.956894870133393,-0.22485488229106299,2.693106392672036,0.7589722615001181,7.0,1.0,47.986000061035156,48.25899887084961,48.04600143432617,7.28,25.26,48.46,0.471,0.537,1.884,0,1,0
1777637025.626665,3540.808,1.6287928819656372,-0.012818638478414357,-1.9568598906146448,-0.22482473054994756,2.693173408508301,0.7589729428291321,1.2783173588104546e-05,0.0,-1.2783173588104546e-05,-1.917476038215682e-05,1.917476038215682e-05,-1.917476038215682e-05,0.1693725734949112,5.648804187774658,-1.3450863361358643,0.1951446682214737,0.2691650688648224,-0.3745880424976349,0.14039977137390458,-0.658264447820807,0.9798300704420597,-0.9395823521072844,-0.8746106018773817,1.06047249717766,3.3844067064317743e-06,1.3788783942866513e-05,1.5755448575712826e-06,-1.3372269473566782e-05,-2.12637585385857e-05,1.717968385047875e-05,1.6288226628678386,-0.012763227686903633,-1.956894870133393,-0.22485488229106299,2.693106392672036,0.7589722615001181,7.0,1.0,47.986000061035156,48.25899887084961,48.029998779296875,7.28,25.26,48.46,0.471,0.537,1.884,0,1,0
1777637025.6344893,3540.816,1.6287449598312378,-0.012818638478414357,-1.9568236509906214,-0.22481280962099248,2.693197250366211,0.7589609622955322,1.2783173588104546e-05,0.0,-1.2783173588104546e-05,-1.917476038215682e-05,1.917476038215682e-05,-1.917476038215682e-05,0.1968383938074112,5.735779285430908,-1.369746208190918,0.1973877102136612,0.2512207329273224,-0.3790741264820099,0.1403666852225557,-0.658308991114586,0.9798215492195548,-0.9395566760999199,-0.8746327261399078,1.0604010698686204,3.3857665993020053e-06,1.3788369423293086e-05,1.576005022508249e-06,-1.337309033960924e-05,-2.126307891615011e-05,1.717903493425581e-05,1.6288226628678386,-0.012763227686903633,-1.956894870133393,-0.22485488229106299,2.693106392672036,0.7589722615001181,7.0,1.0,47.986000061035156,48.25899887084961,48.029998779296875,7.28,25.26,48.46,0.471,0.537,1.884,0,1,0
1777637025.641752,3540.8239999999996,1.6287689208984375,-0.012842957173482716,-1.9568598906146448,-0.22482473054994756,2.6931374073028564,0.7589729428291321,1.2783173588104546e-05,0.0,-1.2783173588104546e-05,-1.917476038215682e-05,1.917476038215682e-05,-1.917476038215682e-05,0.1876831203699112,5.740356922149658,-1.3428444862365723,0.1996307522058487,0.2646789848804474,-0.3813171684741974,0.14038619968485372,-0.6582456412151934,0.9798480257118575,-0.9396031534470929,-0.8745509794171977,1.0604584598683848,3.3842185620270817e-06,1.3788901518532517e-05,1.575330868004746e-06,-1.3373059753379117e-05,-2.1263712686798204e-05,1.7179675537598465e-05,1.6288226628678386,-0.012763227686903633,-1.956894870133393,-0.22485488229106299,2.693106392672036,0.7589722615001181,7.0,1.0,47.986000061035156,48.27399826049805,48.029998779296875,7.28,25.26,48.46,0.471,0.537,1.884,0,1,0
1777637025.6484883,3540.832,1.6287569999694824,-0.012842957173482716,-1.9567998091327112,-0.22477656999696904,2.6931493282318115,0.7589849233627319,1.2783173588104546e-05,0.0,-1.2783173588104546e-05,-1.917476038215682e-05,1.917476038215682e-05,-1.917476038215682e-05,0.1739502102136612,5.740356922149658,-1.374229907989502,0.1951446682214737,0.2534637749195099,-0.3768310844898224,0.14038261091622176,-0.6583111325599047,0.9798331469718181,-0.9395222023611884,-0.874596078908068,1.060406608285643,3.385233974122969e-06,1.3788598009114982e-05,1.5763031689249283e-06,-1.3373185915525243e-05,-2.1263907310705103e-05,1.7177631892982043e-05,1.6288226628678386,-0.012763227686903633,-1.956894870133393,-0.22485488229106299,2.693106392672036,0.7589722615001181,7.0,1.0,47.986000061035156,48.27399826049805,48.029998779296875,7.28,25.26,48.46,0.471,0.537,1.884,0,1,0
1777637025.6560502,3540.8399999999997,1.6287689208984375,-0.0127947966205042,-1.9568598906146448,-0.22482473054994756,2.693185329437256,0.7589609622955322,1.2783173588104546e-05,0.0,-1.2783173588104546e-05,-1.917476038215682e-05,1.917476038215682e-05,-1.917476038215682e-05,0.1968383938074112,5.680847644805908,-1.369746208190918,0.1951446682214737,0.2579498589038849,-0.3768310844898224,0.14038269001731513,-0.6582911135405453,0.979811474593439,-0.939566640413564,-0.8746239013363017,1.0604316820303743,3.385170984959707e-06,1.3788570147516316e-05,1.5758143325189908e-06,-1.3372681951785701e-05,-2.1263416521890918e-05,1.717936366701066e-05,1.6288226628678386,-0.012763227686903633,-1.956894870133393,-0.22485488229106299,2.693106392672036,0.7589722615001181,7.0,1.0,47.986000061035156,48.27399826049805,48.029998779296875,7.28,25.26,48.46,0.471,0.537,1.884,0,1,0
1777637025.6627645,3540.848,1.6287809610366821,-0.012818638478414357,-1.9568474928485315,-0.22478896776308233,2.6931493282318115,0.7589609622955322,1.2783173588104546e-05,0.0,-1.2783173588104546e-05,-1.917476038215682e-05,1.917476038215682e-05,-1.917476038215682e-05,0.1968383938074112,5.726624011993408,-1.360779047012329,0.1973877102136612,0.2646789848804474,-0.3813171684741974,0.14039420616334386,-0.6582894298949016,0.9798186165183491,-0.9395324462411515,-0.8746039402907727,1.060424290205973,3.3847794275785216e-06,1.3788648830197588e-05,1.5759572297734855e-06,-1.3372690553248732e-05,-2.126406787885687e-05,1.7178361896704357e-05,1.6288226628678386,-0.012763227686903633,-1.956894870133393,-0.22485488229106299,2.693106392672036,0.7589722615001181,7.0,1.0,47.986000061035156,48.27399826049805,48.029998779296875,7.28,25.26,48.46,0.471,0.537,1.884,0,1,0
1777637025.6699836,3540.8559999999998,1.6287449598312378,-0.012842957173482716,-1.9568360487567347,-0.2248004118548792,2.6931614875793457,0.7589609622955322,1.2783173588104546e-05,0.0,-1.2783173588104546e-05,-1.917476038215682e-05,1.917476038215682e-05,-1.917476038215682e-05,0.1693725734949112,5.740356922149658,-1.3518117666244507,0.2041168361902237,0.2624359428882599,-0.3925323784351349,0.14036849635231338,-0.6582803172072217,0.9798367400473008,-0.9395691249758005,-0.8745864971798466,1.0604075843148377,3.385168939692438e-06,1.3788527204384695e-05,1.575707282179822e-06,-1.3373369444673376e-05,-2.1263350924191472e-05,1.7179030031386624e-05,1.6288226628678386,-0.012763227686903633,-1.956894870133393,-0.22485488229106299,2.693106392672036,0.7589722615001181,7.0,1.0,47.986000061035156,48.27399826049805,48.029998779296875,7.28,25.26,48.46,0.471,0.537,1.884,0,1,0
1777637025.6769826,3540.864,1.6287569999694824,-0.012818638478414357,-1.9568474928485315,-0.22484857240785772,2.693185329437256,0.7589489817619324,1.2783173588104546e-05,0.0,-1.2783173588104546e-05,-1.917476038215682e-05,1.917476038215682e-05,-1.917476038215682e-05,0.1876831203699112,5.699158191680908,-1.3652626276016235,0.1861725002527237,0.2624359428882599,-0.3858032524585724,0.140372436024072,-0.658277931591664,0.9798310962313385,-0.9395952304483078,-0.8746076131655361,1.0604288501022034,3.3851947367785145e-06,1.378858749492565e-05,1.575546416311782e-06,-1.3372945170174294e-05,-2.1263101671376284e-05,1.7180084946111643e-05,1.6288226628678386,-0.012763227686903633,-1.956894870133393,-0.22485488229106299,2.693106392672036,0.7589722615001181,7.0,1.0,47.986000061035156,48.27399826049805,48.029998779296875,7.28,25.26,48.46,0.471,0.537,1.884,0,1,0
1777637025.7694905,3540.872,1.6287449598312378,-0.0127947966205042,-1.9568474928485315,-0.22483665147890264,2.693197250366211,0.7589489817619324,1.2783173588104546e-05,0.0,-1.2783173588104546e-05,-1.917476038215682e-05,1.917476038215682e-05,-1.917476038215682e-05,0.1693725734949112,5.744934558868408,-1.374229907989502,0.1884155422449112,0.2691650688648224,-0.3790741264820099,0.14036480790311873,-0.6583041673208856,0.9798113647481284,-0.9395712333456452,-0.8746276710914376,1.0604025696074841,3.385756758407213e-06,1.3788416552195875e-05,1.5758772311418015e-06,-1.3373100231388851e-05,-2.1262971967189938e-05,1.7179521305131152e-05,1.6288226628678386,-0.012763227686903633,-1.956894870133393,-0.22485488229106299,2.693106392672036,0.7589722615001181,7.0,1.0,48.0,48.27399826049805,48.029998779296875,7.28,25.26,48.46,0.471,0.537,1.884,0,1,0
1777637025.7697074,3540.8799999999997,1.6287569999694824,-0.012806717549459279,-1.9568360487567347,-0.22481280962099248,2.6931493282318115,0.7589609622955322,1.2783173588104546e-05,0.0,-1.2783173588104546e-05,-1.917476038215682e-05,1.917476038215682e-05,-1.917476038215682e-05,0.1876831203699112,5.776978015899658,-1.360779047012329,0.1906585842370987,0.2601929008960724,-0.3745880424976349,0.14037910434088352,-0.6583050165361053,0.979816637417809,-0.9395413143775123,-0.8745906301590559,1.060403964748771,3.385261786818609e-06,1.3788644674335527e-05,1.5761112932501104e-06,-1.3373200950107891e-05,-2.1263744794583225e-05,1.7178371198940865e-05,1.6288226628678386,-0.012763227686903633,-1.956894870133393,-0.22485488229106299,2.693106392672036,0.7589722615001181,7.0,1.0,48.0,48.27399826049805,48.029998779296875,7.28,25.26,48.46,0.471,0.537,1.884,0,1,0
1777637025.771896,3540.888,1.6287809610366821,-0.012806717549459279,-1.9568598906146448,-0.22484857240785772,2.6931493282318115,0.7589370012283325,1.2783173588104546e-05,0.0,-1.2783173588104546e-05,-1.917476038215682e-05,1.917476038215682e-05,-1.917476038215682e-05,0.1968383938074112,5.749512195587158,-1.3518117666244507,0.1951446682214737,0.2691650688648224,-0.3880462944507599,0.14039021541988558,-0.6582753089052521,0.9798234522211813,-0.9395722947858303,-0.8745888119456305,1.060433583707451,3.3846980840338756e-06,1.3788792849587525e-05,1.5756297207875213e-06,-1.3372711388455545e-05,-2.1263800736910358e-05,1.7179588696622577e-05,1.6288226628678386,-0.012763227686903633,-1.956894870133393,-0.22485488229106299,2.693106392672036,0.7589722615001181,7.0,1.0,48.0,48.27399826049805,48.029998779296875,7.28,25.26,48.46,0.471,0.537,1.884,0,1,0
1777637025.7732866,3540.8959999999997,1.6287689208984375,-0.012842957173482716,-1.9568236509906214,-0.22481280962099248,2.693197250366211,0.7589609622955322,1.2783173588104546e-05,0.0,-1.2783173588104546e-05,-1.917476038215682e-05,1.917476038215682e-05,-1.917476038215682e-05,0.1876831203699112,5.694580554962158,-1.3630207777023315,0.1816864162683487,0.2534637749195099,-0.3790741264820099,0.1403812576118076,-0.6582849457951352,0.9798377305619544,-0.9395694000524978,-0.8746359584566105,1.0604337613274963,3.385169642458962e-06,1.378847345840968e-05,1.5757067507896386e-06,-1.3372587089035559e-05,-2.126329258555127e-05,1.7179532327762182e-05,1.6288226628678386,-0.012763227686903633,-1.956894870133393,-0.22485488229106299,2.693106392672036,0.7589722615001181,7.0,1.0,48.0,48.22800064086914,48.029998779296875,7.28,25.26,48.46,0.471,0.537,1.884,0,1,0
1777637025.7733345,3540.904,1.6287569999694824,-0.012854878102437794,-1.9568117300616663,-0.22483665147890264,2.6931614875793457,0.7589729428291321,1.2783173588104546e-05,0.0,-1.2783173588104546e-05,-1.917476038215682e-05,1.917476038215682e-05,-1.917476038215682e-05,0.2059936672449112,5.676270008087158,-1.3495699167251587,0.1973877102136612,0.2758941948413849,-0.3835602104663849,0.14037766785512296,-0.6582749557032805,0.9798554976537314,-0.9395919747712562,-0.8745788347957684,1.0604400288078901,3.384890385710564e-06,1.378875871004234e-05,1.5756530089245062e-06,-1.3373120123838098e-05,-2.126340676010076e-05,1.7179517153625587e-05,1.6288226628678386,-0.012763227686903633,-1.956894870133393,-0.22485488229106299,2.693106392672036,0.7589722615001181,7.0,1.0,48.0,48.22800064086914,48.029998779296875,7.28,25.26,48.46,0.471,0.537,1.884,0,1,0
1777637025.7751431,3540.912,1.6287809610366821,-0.012818638478414357,-1.9568474928485315,-0.22484857240785772,2.6931374073028564,0.7589489817619324,1.2783173588104546e-05,0.0,-1.2783173588104546e-05,-1.917476038215682e-05,1.917476038215682e-05,-1.917476038215682e-05,0.1785278469324112,5.754089832305908,-1.3518117666244507,0.1929016262292862,0.2669220268726349,-0.3790741264820099,0.14039273775006414,-0.6582725863859425,0.9798334589338872,-0.9395752551659161,-0.8745722883955707,1.0604417548856386,3.3845289426760468e-06,1.3788902569553744e-05,1.5756586079161473e-06,-1.337280111773034e-05,-2.1263929706214768e-05,1.7179411778187892e-05,1.6288226628678386,-0.012763227686903633,-1.956894870133393,-0.22485488229106299,2.693106392672036,0.7589722615001181,7.0,1.0,48.0,48.22800064086914,48.029998779296875,7.28,25.26,48.46,0.471,0.537,1.884,0,1,0
1777637025.7751985,3540.9199999999996,1.6287689208984375,-0.012842957173482716,-1.9568236509906214,-0.22478896776308233,2.6931135654449463,0.7589250206947327,1.2783173588104546e-05,0.0,-1.2783173588104546e-05,-1.917476038215682e-05,1.917476038215682e-05,-1.917476038215682e-05,0.2059936672449112,5.653381824493408,-1.360779047012329,0.1973877102136612,0.2691650688648224,-0.3790741264820099,0.14038558024397005,-0.6582966370693966,0.9798288632483412,-0.9395095302816576,-0.8745748847477898,1.060377879077976,3.3849537338343736e-06,1.3788626871067073e-05,1.5760501352985703e-06,-1.3373217404171972e-05,-2.126428471670621e-05,1.7177869824949882e-05,1.6288226628678386,-0.012763227686903633,-1.956894870133393,-0.22485488229106299,2.693106392672036,0.7589722615001181,7.0,1.0,48.0,48.22800064086914,48.029998779296875,7.28,25.26,48.46,0.471,0.537,1.884,0,1,0
1777637025.7763612,3540.928,1.6287449598312378,-0.012831036244527638,-1.9568598906146448,-0.22484857240785772,2.6931614875793457,0.7589849233627319,0.0,0.0,-1.2783173588104546e-05,-1.917476038215682e-05,1.917476038215682e-05,-1.917476038215682e-05,0.1831054836511612,5.712891101837158,-1.358537197113037,0.1906585842370987,0.2691650688648224,-0.3858032524585724,0.14036960630557216,-0.6582500520937471,0.9798476105623766,-0.9396340865420789,-0.8745526958167804,1.0604578987221533,-5.029868094779721e-06,1.19944736452414e-05,1.5752831469356013e-06,-1.3373390411055344e-05,-2.1263083720384906e-05,4.397083307578078e-06,1.6288226628678386,-0.012763227686903633,-1.956894870133393,-0.22485488229106299,2.693106392672036,0.7589722615001181,7.0,1.0,48.0,48.22800064086914,48.029998779296875,7.28,25.26,48.46,0.471,0.537,1.884,0,1,0
1777637025.776411,3540.9359999999997,1.6287449598312378,-0.012854878102437794,-1.9568236509906214,-0.22481280962099248,2.693197250366211,0.7589729428291321,0.0,0.0,-1.2783173588104546e-05,0.0,1.917476038215682e-05,0.0,0.1876831203699112,5.717468738555908,-1.3675044775009155,0.1996307522058487,0.2826233208179474,-0.3835602104663849,0.14036625548595238,-0.6582756381897328,0.9798478068506293,-0.939594424108641,-0.8746132153999745,1.060429479520879,-2.456121596768592e-06,9.973064483261276e-06,-2.6781150451727785e-07,-1.1804122775235254e-05,-1.629747979478977e-05,1.1147759206461233e-05,1.6288226628678386,-0.012763227686903633,-1.956894870133393,-0.22485488229106299,2.693106392672036,0.7589722615001181,7.0,1.0,48.0,48.22800064086914,48.029998779296875,7.28,25.26,48.46,0.471,0.537,1.884,0,1,0
1777637025.7776253,3540.944,1.6287809610366821,-0.012842957173482716,-1.9568598906146448,-0.22483665147890264,2.693233013153076,0.7589609622955322,0.0,0.0,-1.2783173588104546e-05,0.0,1.917476038215682e-05,0.0,0.1922607570886612,5.671692371368408,-1.358537197113037,0.1951446682214737,0.2601929008960724,-0.3858032524585724,0.1403834830497393,-0.6582466603364837,0.9798444474264244,-0.9396261618023244,-0.874654230575172,1.060479602181854,-2.456373726755936e-06,9.972932254581727e-06,-2.6816770482311335e-07,-1.1803572348760212e-05,-1.6297366178396592e-05,1.1148508645505029e-05,1.6288226628678386,-0.012763227686903633,-1.956894870133393,-0.22485488229106299,2.693106392672036,0.7589722615001181,7.0,1.0,48.0,48.22800064086914,48.029998779296875,7.28,25.26,48.46,0.471,0.537,1.884,0,1,0
1777637025.7776763,3540.944,1.6287809610366821,-0.012842957173482716,-1.9568598906146448,-0.22483665147890264,2.693233013153076,0.7589609622955322,0.0,0.0,-1.2783173588104546e-05,0.0,1.917476038215682e-05,0.0,0.1922607570886612,5.671692371368408,-1.358537197113037,0.1951446682214737,0.2601929008960724,-0.3858032524585724,0.1403834830497393,-0.6582466603364837,0.9798444474264244,-0.9396261618023244,-0.874654230575172,1.060479602181854,-2.456373726755936e-06,9.972932254581727e-06,-2.6816770482311335e-07,-1.1803572348760212e-05,-1.6297366178396592e-05,1.1148508645505029e-05,1.6288226628678386,-0.012763227686903633,-1.956894870133393,-0.22485488229106299,2.693106392672036,0.7589722615001181,7.0,1.0,48.0,48.22800064086914,48.029998779296875,7.28,25.32,48.5,0.471,0.534,1.882,0,0,1
1777637025.7777612,3540.9519999999998,1.6287689208984375,-0.012831036244527638,-1.9568598906146448,-0.2248604933368128,2.6931493282318115,0.7589609622955322,0.0,0.0,-1.2783173588104546e-05,0.0,1.917476038215682e-05,0.0,0.1968383938074112,5.763245105743408,-1.3562953472137451,0.1906585842370987,0.2736511528491974,-0.3835602104663849,0.14038356110620787,-0.6582474747091095,0.9798472010738897,-0.939620586185242,-0.874558050144483,1.06046189133265,-2.456362911206083e-06,9.973163217898736e-06,-2.6803990872244715e-07,-1.1803778608146072e-05,-1.6297090386726102e-05,1.114869396594472e-05,1.6288226628678386,-0.012763227686903633,-1.956894870133393,-0.22485488229106299,2.693106392672036,0.7589722615001181,7.0,1.0,47.986000061035156,48.22800064086914,48.04600143432617,7.28,25.32,48.5,0.471,0.534,1.882,0,1,0
1777637025.7797215,3540.96,1.6287689208984375,-0.012842957173482716,-1.9568360487567347,-0.22482473054994756,2.6931614875793457,0.7589609622955322,0.0,0.0,-1.2783173588104546e-05,0.0,1.917476038215682e-05,0.0,0.1693725734949112,5.740356922149658,-1.37198805809021,0.2018737941980362,0.2624359428882599,-0.3813171684741974,0.14038376557298032,-0.6582692491577868,0.9798434308197369,-0.9395819398810261,-0.8745898080760997,1.0604401736661706,-2.4563437512290975e-06,9.973054300976853e-06,-2.6781130455326713e-07,-1.1803742413670778e-05,-1.6297623623117895e-05,1.1147951955073275e-05,1.6288226628678386,-0.012763227686903633,-1.956894870133393,-0.22485488229106299,2.693106392672036,0.7589722615001181,7.0,1.0,47.986000061035156,48.22800064086914,48.04600143432617,7.28,25.32,48.5,0.471,0.534,1.882,0,1,0
1777637025.779781,3540.968,1.6287809610366821,-0.012806717549459279,-1.9568474928485315,-0.22482473054994756,2.6931614875793457,0.7589849233627319,0.0,0.0,-1.2783173588104546e-05,0.0,1.917476038215682e-05,0.0,0.1693725734949112,5.754089832305908,-1.3495699167251587,0.1973877102136612,0.2646789848804474,-0.3813171684741974,0.1403956246178015,-0.658283675115609,0.9798242135160714,-0.9395687857060671,-0.874597283373994,1.0604585216024607,-2.4565901789581815e-06,9.973112390583023e-06,-2.6757640563520075e-07,-1.1803531025583352e-05,-1.6298041232994455e-05,1.1147565241676168e-05,1.6288226628678386,-0.012763227686903633,-1.956894870133393,-0.22485488229106299,2.693106392672036,0.7589722615001181,7.0,1.0,47.986000061035156,48.24300003051758,48.04600143432617,7.28,25.32,48.5,0.471,0.534,1.882,0,1,0
1777637025.7798119,3540.9759999999997,1.6287928819656372,-0.0127947966205042,-1.9568360487567347,-0.22487241426576787,2.6931493282318115,0.7589130401611328,0.0,0.0,-1.2783173588104546e-05,0.0,1.917476038215682e-05,0.0,0.1693725734949112,5.699158191680908,-1.3787134885787964,0.1973877102136612,0.2736511528491974,-0.3858032524585724,0.14039664000485766,-0.6583013648791396,0.9798165267685718,-0.9395452409380128,-0.8746096713284601,1.0604172980204303,-2.456352633561463e-06,9.972988971374556e-06,-2.6744247717104084e-07,-1.1803356238048202e-05,-1.6297909791418492e-05,1.1147943561087445e-05,1.6288226628678386,-0.012763227686903633,-1.956894870133393,-0.22485488229106299,2.693106392672036,0.7589722615001181,7.0,1.0,47.986000061035156,48.24300003051758,48.04600143432617,7.28,25.32,48.5,0.471,0.534,1.882,0,1,0
1777637025.784634,3540.984,1.6287809610366821,-0.012831036244527638,-1.9568474928485315,-0.22483665147890264,2.6931254863739014,0.7589250206947327,0.0,0.0,-1.2783173588104546e-05,0.0,1.917476038215682e-05,0.0,0.1876831203699112,5.694580554962158,-1.3540536165237427,0.1996307522058487,0.2826233208179474,-0.3790741264820099,0.14039077888140256,-0.6582703920935679,0.9798347271869015,-0.9395601774646632,-0.8745692965378306,1.0604196438615847,-2.4563210023997935e-06,9.972993087964106e-06,-2.6778575950618383e-07,-1.1803555644473705e-05,-1.6297637387260427e-05,1.1148129856852506e-05,1.6288226628678386,-0.012763227686903633,-1.956894870133393,-0.22485488229106299,2.693106392672036,0.7589722615001181,7.0,1.0,47.986000061035156,48.24300003051758,48.04600143432617,7.28,25.32,48.5,0.471,0.534,1.882,0,1,0
1777637025.7918527,3540.9919999999997,1.6287449598312378,-0.012806717549459279,-1.9568236509906214,-0.22484857240785772,2.6931135654449463,0.7589489817619324,0.0,0.0,-1.2783173588104546e-05,0.0,1.917476038215682e-05,0.0,0.2014160305261612,5.699158191680908,-1.3450863361358643,0.1906585842370987,0.2489776909351349,-0.3835602104663849,0.14037308196305243,-0.6583068722482521,0.9798254382450947,-0.9395509937999311,-0.8745429887940066,1.060389334403133,-2.456106696304376e-06,9.973225263057476e-06,-2.673425687625659e-07,-1.1804118238947041e-05,-1.6297616308873446e-05,1.1147565243422789e-05,1.6288226628678386,-0.012763227686903633,-1.956894870133393,-0.22485488229106299,2.693106392672036,0.7589722615001181,7.0,1.0,47.986000061035156,48.24300003051758,48.04600143432617,7.28,25.32,48.5,0.471,0.534,1.882,0,1,0
1777637025.8027415,3541.0,1.6287569999694824,-0.012818638478414357,-1.9568474928485315,-0.22483665147890264,2.6931614875793457,0.7589489817619324,0.0,0.0,-1.2783173588104546e-05,0.0,1.917476038215682e-05,0.0,0.2059936672449112,5.726624011993408,-1.3540536165237427,0.1929016262292862,0.2601929008960724,-0.3745880424976349,0.14037493606231505,-0.6582807225283217,0.9798289919732693,-0.9395790719453467,-0.8745883190477705,1.060419145194879,-2.456163087387274e-06,9.973077319964903e-06,-2.677139014058621e-07,-1.1803938128048894e-05,-1.6297492549001233e-05,1.1147936618428766e-05,1.6288226628678386,-0.012763227686903633,-1.956894870133393,-0.22485488229106299,2.693106392672036,0.7589722615001181,7.0,1.0,47.986000061035156,48.24300003051758,48.04600143432617,7.28,25.32,48.5,0.471,0.534,1.882,0,1,0
1777637025.806687,3541.008,1.6287689208984375,-0.0127947966205042,-1.9568474928485315,-0.22483665147890264,2.6931493282318115,0.7589849233627319,0.0,0.0,-1.2783173588104546e-05,0.0,1.917476038215682e-05,0.0,0.1739502102136612,5.680847644805908,-1.3495699167251587,0.1973877102136612,0.2534637749195099,-0.3790741264820099,0.14038918990452268,-0.6582912240613453,0.9798201607982495,-0.9395701060261964,-0.87457837674295,1.0604462377345456,-2.456487293188614e-06,9.973195703732009e-06,-2.67483538097483e-07,-1.1803728416606613e-05,-1.6297898624478025e-05,1.1147565001258929e-05,1.6288226628678386,-0.012763227686903633,-1.956894870133393,-0.22485488229106299,2.693106392672036,0.7589722615001181,7.0,1.0,47.986000061035156,48.24300003051758,48.04600143432617,7.28,25.32,48.5,0.471,0.534,1.882,0,1,0
1777637025.8139536,3541.0159999999996,1.6287449598312378,-0.012806717549459279,-1.9568474928485315,-0.22482473054994756,2.6931614875793457,0.7589729428291321,0.0,0.0,-1.2783173588104546e-05,0.0,1.917476038215682e-05,0.0,0.1739502102136612,5.708313465118408,-1.3495699167251587,0.1996307522058487,0.2691650688648224,-0.3678589165210724,0.14037056562008132,-0.6582912618875238,0.9798220691183622,-0.9395751087797067,-0.8745821069242629,1.060417454161108,-2.4561679503212303e-06,9.973160352020412e-06,-2.6756867146503554e-07,-1.1804117767064795e-05,-1.6297616281087286e-05,1.1147565241676168e-05,1.6288226628678386,-0.012763227686903633,-1.956894870133393,-0.22485488229106299,2.693106392672036,0.7589722615001181,7.0,1.0,47.986000061035156,48.24300003051758,48.04600143432617,7.28,25.32,48.5,0.471,0.534,1.882,0,1,0
1777637025.8214862,3541.024,1.6287689208984375,-0.012759033833638966,-1.9568236509906214,-0.22483665147890264,2.6931614875793457,0.7589849233627319,0.0,0.0,-1.2783173588104546e-05,0.0,1.917476038215682e-05,0.0,0.1968383938074112,5.676270008087158,-1.3675044775009155,0.1951446682214737,0.2557068169116974,-0.3701019585132599,0.14039100889522993,-0.658342219862644,0.9797944996417685,-0.9395212422908895,-0.8746151361530217,1.0604183976828028,-2.4564737821607343e-06,9.973191486564163e-06,-2.6689433483589587e-07,-1.1803687994916148e-05,-1.6298563002799124e-05,1.1146636413130292e-05,1.6288226628678386,-0.012763227686903633,-1.956894870133393,-0.22485488229106299,2.693106392672036,0.7589722615001181,7.0,1.0,47.986000061035156,48.24300003051758,48.04600143432617,7.28,25.32,48.5,0.471,0.534,1.882,0,1,0
1777637025.8321753,3541.0319999999997,1.6287928819656372,-0.012831036244527638,-1.9568360487567347,-0.22484857240785772,2.693173408508301,0.7589849233627319,0.0,0.0,-1.2783173588104546e-05,0.0,1.917476038215682e-05,0.0,0.1602173000574112,5.754089832305908,-1.360779047012329,0.2018737941980362,0.2669220268726349,-0.3790741264820099,0.14040122627376875,-0.6582638970632789,0.9798457594744857,-0.9395994368152004,-0.8746009571097686,1.0604889534041615,-2.456697454505247e-06,9.973121401585498e-06,-2.6779956255972297e-07,-1.1803361942339393e-05,-1.629777278172363e-05,1.1148137280286338e-05,1.6288226628678386,-0.012763227686903633,-1.956894870133393,-0.22485488229106299,2.693106392672036,0.7589722615001181,7.0,1.0,47.97100067138672,48.24300003051758,48.04600143432617,7.28,25.32,48.5,0.471,0.534,1.882,0,1,0
1777637025.8406315,3541.04,1.6287569999694824,-0.012818638478414357,-1.9568474928485315,-0.22481280962099248,2.6931614875793457,0.7589969635009766,0.0,0.0,-1.2783173588104546e-05,0.0,1.917476038215682e-05,0.0,0.1785278469324112,5.722046375274658,-1.3495699167251587,0.1973877102136612,0.2691650688648224,-0.3813171684741974,0.14038087618632272,-0.658278132136229,0.9798310206496693,-0.9395834458113637,-0.8745793649342312,1.0604483683697272,-2.4564128916915594e-06,9.973178072247172e-06,-2.676642500847068e-07,-1.1803920379460927e-05,-1.629775889431701e-05,1.1147565482100006e-05,1.6288226628678386,-0.012763227686903633,-1.956894870133393,-0.22485488229106299,2.693106392672036,0.7589722615001181,7.0,1.0,47.97100067138672,48.24300003051758,48.04600143432617,7.28,25.32,48.5,0.471,0.534,1.882,0,1,0
1777637025.8444037,3541.048,1.6287330389022827,-0.0127947966205042,-1.9568474928485315,-0.22482473054994756,2.693173408508301,0.7589729428291321,0.0,0.0,-1.2783173588104546e-05,0.0,1.917476038215682e-05,0.0,0.1693725734949112,5.703735828399658,-1.3630207777023315,0.2018737941980362,0.2467346489429474,-0.3813171684741974,0.1403621800494989,-0.6583035660336463,0.9798135493785061,-0.9395718149617255,-0.8745924968634892,1.0604031701376144,-2.4560341839167318e-06,9.973173315100779e-06,-2.6746083053716414e-07,-1.180430433922832e-05,-1.6297608242206106e-05,1.1147379430708092e-05,1.6288226628678386,-0.012763227686903633,-1.956894870133393,-0.22485488229106299,2.693106392672036,0.7589722615001181,7.0,1.0,47.97100067138672,48.24300003051758,48.04600143432617,7.28,25.32,48.5,0.471,0.534,1.882,0,1,0
1777637025.8500466,3541.056,1.6287809610366821,-0.0127947966205042,-1.9568360487567347,-0.22481280962099248,2.693173408508301,0.7589729428291321,0.0,0.0,-1.2783173588104546e-05,0.0,1.917476038215682e-05,0.0,0.1739502102136612,5.776978015899658,-1.369746208190918,0.1884155422449112,0.2669220268726349,-0.3835602104663849,0.14039455107304824,-0.658310253500889,0.9798096624971193,-0.9395346784153832,-0.8746284427842712,1.060432574813281,-2.4565111069220953e-06,9.97302788450788e-06,-2.6730491578146276e-07,-1.1803506136872433e-05,-1.629843492938924e-05,1.1147015708651773e-05,1.6288226628678386,-0.012763227686903633,-1.956894870133393,-0.22485488229106299,2.693106392672036,0.7589722615001181,7.0,1.0,47.97100067138672,48.24300003051758,48.04600143432617,7.28,25.32,48.5,0.471,0.534,1.882,0,1,0
1777637025.8617518,3541.064,1.6287569999694824,-0.012842957173482716,-1.9568474928485315,-0.22484857240785772,2.6931614875793457,0.7589609622955322,0.0,0.0,-1.2783173588104546e-05,0.0,1.917476038215682e-05,0.0,0.1876831203699112,5.699158191680908,-1.3831970691680908,0.1906585842370987,0.2826233208179474,-0.3790741264820099,0.14037484787516807,-0.6582537308453007,0.9798505966460525,-0.9396168643338184,-0.8745688466655491,1.0604475041474857,-2.45622749380241e-06,9.973141961226578e-06,-2.680075354264662e-07,-1.1803962738048976e-05,-1.6297088689244903e-05,1.1148501223945075e-05,1.6288226628678386,-0.012763227686903633,-1.956894870133393,-0.22485488229106299,2.693106392672036,0.7589722615001181,7.0,1.0,47.97100067138672,48.24300003051758,48.04600143432617,7.28,25.32,48.5,0.471,0.534,1.882,0,1,0
1777637025.8652036,3541.0719999999997,1.6287569999694824,-0.012831036244527638,-1.9568474928485315,-0.22482473054994756,2.693185329437256,0.7589969635009766,0.0,0.0,-1.2783173588104546e-05,0.0,1.917476038215682e-05,0.0,0.1968383938074112,5.763245105743408,-1.3652626276016235,0.2041168361902237,0.2489776909351349,-0.3835602104663849,0.1403777635018421,-0.6582647973205406,0.9798413739605071,-0.939610369328691,-0.8745935769775715,1.0604642836932416,-2.456384165555175e-06,9.973166433722179e-06,-2.678548558079458e-07,-1.1803937275374851e-05,-1.629748773285059e-05,1.114794429113832e-05,1.6288226628678386,-0.012763227686903633,-1.956894870133393,-0.22485488229106299,2.693106392672036,0.7589722615001181,7.0,1.0,47.97100067138672,48.24300003051758,48.04600143432617,7.28,25.32,48.5,0.471,0.534,1.882,0,1,0
1777637025.8712528,3541.08,1.6288049221038818,-0.012818638478414357,-1.9568236509906214,-0.22481280962099248,2.6931614875793457,0.7589849233627319,0.0,0.0,-1.2783173588104546e-05,0.0,1.917476038215682e-05,0.0,0.2059936672449112,5.726624011993408,-1.3518117666244507,0.2063598781824112,0.2646789848804474,-0.3745880424976349,0.140412257872569,-0.6582940288702349,0.9798276014555637,-0.9395395986833861,-0.8746202332481237,1.0604672267980788,-2.456828602717837e-06,9.973025820872683e-06,-2.6741563795076e-07,-1.1803122053525858e-05,-1.6298590908105076e-05,1.1147194341154003e-05,1.6288226628678386,-0.012763227686903633,-1.956894870133393,-0.22485488229106299,2.693106392672036,0.7589722615001181,7.0,1.0,47.97100067138672,48.24300003051758,48.04600143432617,7.28,25.32,48.5,0.471,0.534,1.882,0,1,0
1777637025.8842306,3541.0879999999997,1.6287809610366821,-0.012818638478414357,-1.9568474928485315,-0.22481280962099248,2.6931374073028564,0.7589370012283325,0.0,0.0,-1.2783173588104546e-05,0.0,1.917476038215682e-05,0.0,0.1968383938074112,5.712891101837158,-1.3630207777023315,0.1951446682214737,0.2579498589038849,-0.3790741264820099,0.1403921189217942,-0.6582864492456741,0.9798214751042793,-0.9395377878961801,-0.8745914872114333,1.0604137348508949,-2.4563660708565145e-06,9.972956038489259e-06,-2.676002079016706e-07,-1.1803529864376385e-05,-1.629804172416788e-05,1.1147565482100006e-05,1.6288226628678386,-0.012763227686903633,-1.956894870133393,-0.22485488229106299,2.693106392672036,0.7589722615001181,7.0,1.0,47.97100067138672,48.24300003051758,48.04600143432617,7.28,25.32,48.5,0.471,0.534,1.882,0,1,0
1777637025.8879814,3541.096,1.6287330389022827,-0.012842957173482716,-1.9568474928485315,-0.22487241426576787,2.6931614875793457,0.7589370012283325,0.0,0.0,-1.2783173588104546e-05,0.0,1.917476038215682e-05,0.0,0.1602173000574112,5.740356922149658,-1.360779047012329,0.1951446682214737,0.2624359428882599,-0.3768310844898224,0.14035586179329487,-0.6582546061217446,0.9798528672375545,-0.9396334774174141,-0.8745552641353356,1.060418332103674,-2.455865402652303e-06,9.973181196370195e-06,-2.6807269218111594e-07,-1.180437097384109e-05,-1.6296539481023396e-05,1.1148872344235573e-05,1.6288226628678386,-0.012763227686903633,-1.956894870133393,-0.22485488229106299,2.693106392672036,0.7589722615001181,7.0,1.0,47.97100067138672,48.24300003051758,48.029998779296875,7.28,25.32,48.5,0.471,0.534,1.882,0,1,0
1777637025.8928216,3541.104,1.6287689208984375,-0.012818638478414357,-1.9568360487567347,-0.2248604933368128,2.6931614875793457,0.7589489817619324,0.0,0.0,-1.2783173588104546e-05,0.0,1.917476038215682e-05,0.0,0.1785278469324112,5.657959461212158,-1.358537197113037,0.1951446682214737,0.2557068169116974,-0.3768310844898224,0.14038286614852796,-0.6582811337534702,0.9798349447899694,-0.9395857259794796,-0.8745898896441605,1.0604355031041761,-2.45628583363318e-06,9.9731123260758e-06,-2.676789258496002e-07,-1.180375330360947e-05,-1.629749477215022e-05,1.1148129607642888e-05,1.6288226628678386,-0.012763227686903633,-1.956894870133393,-0.22485488229106299,2.693106392672036,0.7589722615001181,7.0,1.0,48.0,48.24300003051758,48.029998779296875,7.28,25.32,48.5,0.471,0.534,1.882,0,1,0
1777637025.9000838,3541.1119999999996,1.6288049221038818,-0.012854878102437794,-1.9568474928485315,-0.22483665147890264,2.6931254863739014,0.7589489817619324,0.0,0.0,-1.2783173588104546e-05,0.0,1.917476038215682e-05,0.0,0.2334595024585724,5.662537097930908,-1.360779047012329,0.1906585842370987,0.2669220268726349,-0.3768310844898224,0.14040809290762296,-0.6582416857150721,0.9798548790847497,-0.9395850546184374,-0.8745634114777419,1.0604726038371743,-2.456685943289365e-06,9.973008798403405e-06,-2.680419936259293e-07,-1.1803180571986409e-05,-1.629765483275604e-05,1.114850146438921e-05,1.6288226628678386,-0.012763227686903633,-1.956894870133393,-0.22485488229106299,2.693106392672036,0.7589722615001181,7.0,1.0,48.0,48.22800064086914,48.029998779296875,7.28,25.32,48.5,0.471,0.534,1.882,0,1,0
1777637025.902542,3541.1119999999996,1.6288049221038818,-0.012854878102437794,-1.9568474928485315,-0.22483665147890264,2.6931254863739014,0.7589489817619324,0.0,0.0,-1.2783173588104546e-05,0.0,1.917476038215682e-05,0.0,0.2334595024585724,5.662537097930908,-1.360779047012329,0.1906585842370987,0.2669220268726349,-0.3768310844898224,0.14040809290762296,-0.6582416857150721,0.9798548790847497,-0.9395850546184374,-0.8745634114777419,1.0604726038371743,-2.456685943289365e-06,9.973008798403405e-06,-2.680419936259293e-07,-1.1803180571986409e-05,-1.629765483275604e-05,1.114850146438921e-05,1.6288226628678386,-0.012763227686903633,-1.956894870133393,-0.22485488229106299,2.693106392672036,0.7589722615001181,7.0,1.0,48.0,48.22800064086914,48.029998779296875,7.26,25.33,48.45,0.471,0.533,1.88,0,0,1
1777637025.9070265,3541.12,1.6287809610366821,-0.012806717549459279,-1.9568117300616663,-0.22487241426576787,2.693173408508301,0.7589849233627319,0.0,0.0,-1.2783173588104546e-05,0.0,1.917476038215682e-05,0.0,0.1739502102136612,5.726624011993408,-1.3652626276016235,0.1951446682214737,0.2601929008960724,-0.3790741264820099,0.1403953125405978,-0.6582991804449487,0.9798348484648209,-0.939582118064144,-0.8746046468086477,1.0604663217903068,-2.4565835132306353e-06,9.973224782727333e-06,-2.6738894479491426e-07,-1.1803540610876937e-05,-1.6297908103361334e-05,1.114775081325579e-05,1.6288226628678386,-0.012763227686903633,-1.956894870133393,-0.22485488229106299,2.693106392672036,0.7589722615001181,7.0,1.0,48.0,48.22800064086914,48.029998779296875,7.26,25.33,48.45,0.471,0.533,1.88,0,1,0
1777637025.9145687,3541.1279999999997,1.6287928819656372,-0.012770954762594044,-1.9568598906146448,-0.22487241426576787,2.693173408508301,0.7589609622955322,0.0,0.0,-1.2783173588104546e-05,0.0,1.917476038215682e-05,0.0,0.2059936672449112,5.685425281524658,-1.369746208190918,0.1884155422449112,0.2624359428882599,-0.3813171684741974,0.14039977988496122,-0.6582924257338313,0.9798093175183917,-0.9395762458299398,-0.8746154126492623,1.060462043723287,-2.456574039330633e-06,9.973111688841289e-06,-2.67498814228068e-07,-1.1803358088603517e-05,-1.629790878127666e-05,1.1147943078526212e-05,1.6288226628678386,-0.012763227686903633,-1.956894870133393,-0.22485488229106299,2.693106392672036,0.7589722615001181,7.0,1.0,48.0,48.22800064086914,48.029998779296875,7.26,25.33,48.45,0.471,0.533,1.88,0,1,0
1777637025.9222615,3541.136,1.6287928819656372,-0.012806717549459279,-1.9568236509906214,-0.22482473054994756,2.6931374073028564,0.7589969635009766,0.0,0.0,-1.2783173588104546e-05,0.0,1.917476038215682e-05,0.0,0.1556396633386612,5.694580554962158,-1.3630207777023315,0.1951446682214737,0.2736511528491974,-0.3813171684741974,0.1404083164755941,-0.6582985398341695,0.9798262914398338,-0.9395443513271932,-0.87458457627456,1.0604633574305393,-2.456804290317218e-06,9.973169302177156e-06,-2.6731799448355715e-07,-1.1803319451175604e-05,-1.6298448304543253e-05,1.1147194100730175e-05,1.6288226628678386,-0.012763227686903633,-1.956894870133393,-0.22485488229106299,2.693106392672036,0.7589722615001181,7.0,1.0,48.0,48.22800064086914,48.029998779296875,7.26,25.33,48.45,0.471,0.533,1.88,0,1,0
1777637025.934541,3541.144,1.6287928819656372,-0.012842957173482716,-1.9568474928485315,-0.22481280962099248,2.6931374073028564,0.7589849233627319,0.0,0.0,-1.2783173588104546e-05,0.0,1.917476038215682e-05,0.0,0.1693725734949112,5.818176746368408,-1.3630207777023315,0.2063598781824112,0.2669220268726349,-0.3790741264820099,0.14040420389563785,-0.6582539624554831,0.9798462334443321,-0.9395798606170718,-0.8745694609572253,1.0604771370454846,-2.456737296136547e-06,9.973082142339022e-06,-2.67876722812516e-07,-1.1803351320171443e-05,-1.6297911762344522e-05,1.1147944531575722e-05,1.6288226628678386,-0.012763227686903633,-1.956894870133393,-0.22485488229106299,2.693106392672036,0.7589722615001181,7.0,1.0,48.0,48.22800064086914,48.029998779296875,7.26,25.33,48.45,0.471,0.533,1.88,0,1,0
1777637025.946129,3541.152,1.6287809610366821,-0.012806717549459279,-1.9568117300616663,-0.22482473054994756,2.6932213306427,0.7589729428291321,0.0,0.0,-1.2783173588104546e-05,0.0,1.917476038215682e-05,0.0,0.1922607570886612,5.740356922149658,-1.360779047012329,0.1951446682214737,0.2601929008960724,-0.3790741264820099,0.14039041192650686,-0.658318801281935,0.9798172218019843,-0.9395458421419488,-0.8746772186033113,1.0604399798287332,-2.456453239528559e-06,9.972983264612347e-06,-2.672703849009159e-07,-1.1803505101868651e-05,-1.6298440775468678e-05,1.1147008527870767e-05,1.6288226628678386,-0.012763227686903633,-1.956894870133393,-0.22485488229106299,2.693106392672036,0.7589722615001181,7.0,1.0,48.0,48.22800064086914,48.029998779296875,7.26,25.33,48.45,0.471,0.533,1.88,0,1,0
1777637025.94644,3541.16,1.6287689208984375,-0.012818638478414357,-1.9568117300616663,-0.22483665147890264,2.693173408508301,0.7589849233627319,0.0,0.0,-1.2783173588104546e-05,0.0,1.917476038215682e-05,0.0,0.1510620266199112,5.712891101837158,-1.3831970691680908,0.1951446682214737,0.2848663628101349,-0.3813171684741974,0.14038753855482977,-0.6583020627183935,0.9798329412177424,-0.9395655005516478,-0.8746076706045061,1.0604442221998138,-2.456458371040934e-06,9.973159175852123e-06,-2.673883898192236e-07,-1.1803717926294404e-05,-1.6298032817788647e-05,1.1147379914169185e-05,1.6288226628678386,-0.012763227686903633,-1.956894870133393,-0.22485488229106299,2.693106392672036,0.7589722615001181,7.0,1.0,48.0,48.22800064086914,48.029998779296875,7.26,25.33,48.45,0.471,0.533,1.88,0,1,0
1777637025.9506571,3541.1679999999997,1.6287928819656372,-0.01287871996034795,-1.9568117300616663,-0.22484857240785772,2.693173408508301,0.7589250206947327,0.0,0.0,-1.2783173588104546e-05,0.0,1.917476038215682e-05,0.0,0.2288818657398224,5.699158191680908,-1.360779047012329,0.1951446682214737,0.2579498589038849,-0.3858032524585724,0.1403932969684218,-0.6582564889406695,0.9798654754844787,-0.9395882556212704,-0.8746146800182627,1.0604494812184726,-2.456382046228871e-06,9.972912589664626e-06,-2.6799676576677216e-07,-1.1803375182521757e-05,-1.6297513743653687e-05,1.1148501947917329e-05,1.6288226628678386,-0.012763227686903633,-1.956894870133393,-0.22485488229106299,2.693106392672036,0.7589722615001181,7.0,1.0,48.0,48.22800064086914,48.04600143432617,7.26,25.33,48.45,0.471,0.533,1.88,0,1,0
1777637025.9579144,3541.176,1.6287689208984375,-0.012806717549459279,-1.9568598906146448,-0.22484857240785772,2.6931614875793457,0.7589609622955322,0.0,0.0,-1.2783173588104546e-05,0.0,1.917476038215682e-05,0.0,0.2014160305261612,5.712891101837158,-1.3675044775009155,0.1951446682214737,0.2534637749195099,-0.3813171684741974,0.14038386033231895,-0.6582724362983261,0.9798271414936887,-0.9395920161567038,-0.8745851781546855,1.0604457159971854,-2.456346313745138e-06,9.973119163356995e-06,-2.677668007178395e-07,-1.1803753992921767e-05,-1.6297494253164895e-05,1.1148129365472406e-05,1.6288226628678386,-0.012763227686903633,-1.956894870133393,-0.22485488229106299,2.693106392672036,0.7589722615001181,7.0,1.0,48.01499938964844,48.22800064086914,48.04600143432617,7.26,25.33,48.45,0.471,0.533,1.88,0,1,0
1777637025.965036,3541.1839999999997,1.6287689208984375,-0.012866799031392873,-1.9568236509906214,-0.22482473054994756,2.693197250366211,0.7589729428291321,0.0,0.0,-1.2783173588104546e-05,0.0,1.917476038215682e-05,0.0,0.2105713039636612,5.767822742462158,-1.374229907989502,0.1973877102136612,0.2758941948413849,-0.3813171684741974,0.14038119253383197,-0.6582583595083673,0.979859018256512,-0.9396067786076323,-0.8746166818717146,1.0604618820424128,-2.456361987899799e-06,9.973033110530023e-06,-2.6797220207672295e-07,-1.1803748857663724e-05,-1.6297496770968315e-05,1.1148130579931442e-05,1.6288226628678386,-0.012763227686903633,-1.956894870133393,-0.22485488229106299,2.693106392672036,0.7589722615001181,7.0,1.0,48.01499938964844,48.2130012512207,48.04600143432617,7.26,25.33,48.45,0.471,0.533,1.88,0,1,0
1777637025.9727597,3541.192,1.6287689208984375,-0.012818638478414357,-1.9567878882037562,-0.22481280962099248,2.693173408508301,0.7589370012283325,0.0,0.0,-1.2783173588104546e-05,0.0,1.917476038215682e-05,0.0,0.2243042290210724,5.722046375274658,-1.3675044775009155,0.1996307522058487,0.2646789848804474,-0.3790741264820099,0.1403837947753816,-0.6583398259325342,0.9798165381601961,-0.9394988264086013,-0.8746457789405879,1.0603795080356297,-2.45620366432546e-06,9.972942089050785e-06,-2.6703599853917996e-07,-1.1803682896639031e-05,-1.6298565500454886e-05,1.1146637617803076e-05,1.6288226628678386,-0.012763227686903633,-1.956894870133393,-0.22485488229106299,2.693106392672036,0.7589722615001181,7.0,1.0,48.01499938964844,48.2130012512207,48.04600143432617,7.26,25.33,48.45,0.471,0.533,1.88,0,1,0
1777637026.0307934,3541.2,1.6287569999694824,-0.012842957173482716,-1.9568236509906214,-0.22483665147890264,2.6931614875793457,0.7589489817619324,0.0,0.0,-1.2783173588104546e-05,0.0,1.917476038215682e-05,0.0,0.1876831203699112,5.712891101837158,-1.3518117666244507,0.1996307522058487,0.2691650688648224,-0.3768310844898224,0.14037493624440953,-0.6582801199720586,0.9798439090063787,-0.9395794345580063,-0.8745881398956348,1.0604194751087623,-2.4561639655475906e-06,9.973076976270324e-06,-2.677186481745035e-07,-1.1803936586041124e-05,-1.6297488251836497e-05,1.1147944533322429e-05,1.6288226628678386,-0.012763227686903633,-1.956894870133393,-0.22485488229106299,2.693106392672036,0.7589722615001181,7.0,1.0,48.01499938964844,48.2130012512207,48.04600143432617,7.26,25.33,48.45,0.471,0.533,1.88,0,1,0
1777637026.0309741,3541.2079999999996,1.628720998764038,-0.012831036244527638,-1.9568236509906214,-0.22484857240785772,2.693197250366211,0.7589729428291321,0.0,0.0,-1.2783173588104546e-05,0.0,1.917476038215682e-05,0.0,0.1922607570886612,5.712891101837158,-1.358537197113037,0.1906585842370987,0.2669220268726349,-0.3678589165210724,0.14035091890840165,-0.65828794778741,0.9798417824942423,-0.9396132972599088,-0.8745952442026569,1.0604147941554825,-2.4558878849450645e-06,9.973221700976109e-06,-2.6769167553441095e-07,-1.1804524468812271e-05,-1.629706279409311e-05,1.114794429288495e-05,1.6288226628678386,-0.012763227686903633,-1.956894870133393,-0.22485488229106299,2.693106392672036,0.7589722615001181,7.0,1.0,48.01499938964844,48.2130012512207,48.04600143432617,7.26,25.33,48.45,0.471,0.533,1.88,0,1,0
1777637026.0361912,3541.216,1.6287689208984375,-0.012842957173482716,-1.9567878882037562,-0.22478896776308233,2.6931614875793457,0.7589250206947327,0.0,0.0,-1.2783173588104546e-05,0.0,1.917476038215682e-05,0.0,0.1785278469324112,5.680847644805908,-1.374229907989502,0.1973877102136612,0.2736511528491974,-0.3768310844898224,0.14038285400052603,-0.6583287368766028,0.9798246033057433,-0.9394899868722281,-0.8746380915540968,1.0603677016523192,-2.456151909842866e-06,9.972853289877106e-06,-2.6718068665799265e-07,-1.1803680882794398e-05,-1.629856117609412e-05,1.114664553139525e-05,1.6288226628678386,-0.012763227686903633,-1.956894870133393,-0.22485488229106299,2.693106392672036,0.7589722615001181,7.0,1.0,48.01499938964844,48.2130012512207,48.04600143432617,7.26,25.33,48.45,0.471,0.533,1.88,0,1,0
1777637026.0412056,3541.2239999999997,1.6287689208984375,-0.012831036244527638,-1.9568474928485315,-0.22487241426576787,2.6931614875793457,0.7589609622955322,0.0,0.0,-1.2783173588104546e-05,0.0,1.917476038215682e-05,0.0,0.1922607570886612,5.694580554962158,-1.3495699167251587,0.1929016262292862,0.2826233208179474,-0.3678589165210724,0.14038278979565405,-0.6582546420130149,0.9798492242904985,-0.9396231291915462,-0.8745706049570701,1.0604635793831076,-2.4563498233866855e-06,9.973177198143258e-06,-2.6796777986556245e-07,-1.1803778498489278e-05,-1.6297095728531395e-05,1.1148686544448332e-05,1.6288226628678386,-0.012763227686903633,-1.956894870133393,-0.22485488229106299,2.693106392672036,0.7589722615001181,7.0,1.0,48.01499938964844,48.2130012512207,48.04600143432617,7.26,25.33,48.45,0.471,0.533,1.88,0,1,0
1777637026.0413842,3541.232,1.6287449598312378,-0.012854878102437794,-1.9568117300616663,-0.22484857240785772,2.6931614875793457,0.7589729428291321,0.0,0.0,-1.2783173588104546e-05,0.0,1.917476038215682e-05,0.0,0.2014160305261612,5.657959461212158,-1.3562953472137451,0.1929016262292862,0.2714081108570099,-0.3813171684741974,0.14036949522922298,-0.6582728690263524,0.9798587773482565,-0.9396065851615988,-0.874567353973955,1.0604356458115975,-2.45617231932431e-06,9.97321805259005e-06,-2.677743974672077e-07,-1.1804140756838228e-05,-1.6297213458560838e-05,1.1148130340354014e-05,1.6288226628678386,-0.012763227686903633,-1.956894870133393,-0.22485488229106299,2.693106392672036,0.7589722615001181,7.0,1.0,48.01499938964844,48.2130012512207,48.04600143432617,7.26,25.33,48.45,0.471,0.533,1.88,0,1,0
1777637026.050049,3541.24,1.6287689208984375,-0.012831036244527638,-1.9568360487567347,-0.22483665147890264,2.6931614875793457,0.7589609622955322,0.0,0.0,-1.2783173588104546e-05,0.0,1.917476038215682e-05,0.0,0.1647949367761612,5.735779285430908,-1.369746208190918,0.1929016262292862,0.2579498589038849,-0.3768310844898224,0.1403841074992116,-0.6582756106825621,0.9798387788041196,-0.9395819841036868,-0.8745898466420579,1.0604401238150605,-2.4563455694687846e-06,9.973088152437831e-06,-2.677312336166387e-07,-1.1803743574881791e-05,-1.629762313193697e-05,1.1147951714635831e-05,1.6288226628678386,-0.012763227686903633,-1.956894870133393,-0.22485488229106299,2.693106392672036,0.7589722615001181,7.0,1.0,48.01499938964844,48.2130012512207,48.06100082397461,7.26,25.33,48.45,0.471,0.533,1.88,0,1,0
1777637026.0515726,3541.248,1.6287809610366821,-0.012842957173482716,-1.9568598906146448,-0.22483665147890264,2.693185329437256,0.7589370012283325,0.0,0.0,-1.2783173588104546e-05,0.0,1.917476038215682e-05,0.0,0.1739502102136612,5.726624011993408,-1.3540536165237427,0.1906585842370987,0.2669220268726349,-0.3902893364429474,0.14038526976832366,-0.6582497543231212,0.9798425097399092,-0.939602068330697,-0.874615260055984,1.060451528588201,-2.456307654232482e-06,9.97292930220634e-06,-2.681020659209693e-07,-1.1803572348760212e-05,-1.6297366178396592e-05,1.1148508645505029e-05,1.6288226628678386,-0.012763227686903633,-1.956894870133393,-0.22485488229106299,2.693106392672036,0.7589722615001181,7.0,1.0,48.01499938964844,48.2130012512207,48.06100082397461,7.26,25.33,48.45,0.471,0.533,1.88,0,1,0
1777637026.053119,3541.256,1.6287689208984375,-0.012818638478414357,-1.9568236509906214,-0.22481280962099248,2.693173408508301,0.7589250206947327,0.0,0.0,-1.2783173588104546e-05,0.0,1.917476038215682e-05,0.0,0.1876831203699112,5.593872547149658,-1.3562953472137451,0.1951446682214737,0.2646789848804474,-0.3835602104663849,0.14038063265656148,-0.6583122398974259,0.9798162910687389,-0.9395236717402463,-0.8746357531059022,1.0603870337805634,-2.4561385641828674e-06,9.972892408852511e-06,-2.673895182564121e-07,-1.1803708814796532e-05,-1.629816597092104e-05,1.1147194341154003e-05,1.6288226628678386,-0.012763227686903633,-1.956894870133393,-0.22485488229106299,2.693106392672036,0.7589722615001181,7.0,1.0,47.97100067138672,48.22800064086914,48.06100082397461,7.26,25.33,48.45,0.471,0.533,1.88,0,1,0
1777637026.0531833,3541.2639999999997,1.6287928819656372,-0.012854878102437794,-1.9568236509906214,-0.22481280962099248,2.693173408508301,0.7589729428291321,0.0,0.0,-1.2783173588104546e-05,0.0,1.917476038215682e-05,0.0,0.2014160305261612,5.703735828399658,-1.360779047012329,0.1973877102136612,0.2579498589038849,-0.3880462944507599,0.14040005450182524,-0.6582679249436152,0.9798489823303153,-0.9395718792448963,-0.8746154741842007,1.0604667133997916,-2.4566296724094366e-06,9.972985761978511e-06,-2.677864179074268e-07,-1.180334175166419e-05,-1.6298045454833828e-05,1.1147759206461233e-05,1.6288226628678386,-0.012763227686903633,-1.956894870133393,-0.22485488229106299,2.693106392672036,0.7589722615001181,7.0,1.0,47.97100067138672,48.22800064086914,48.06100082397461,7.26,25.33,48.45,0.471,0.533,1.88,0,1,0
1777637026.0532653,3541.272,1.6287689208984375,-0.012831036244527638,-1.9568474928485315,-0.22483665147890264,2.693101406097412,0.7589489817619324,0.0,0.0,-1.2783173588104546e-05,0.0,1.917476038215682e-05,0.0,0.1785278469324112,5.667114734649658,-1.37198805809021,0.1951446682214737,0.2512207329273224,-0.3790741264820099,0.14038784886043323,-0.6582660212172584,0.9798402030707827,-0.9395711373090223,-0.8745289674807728,1.0604260262283314,-2.456357739718451e-06,9.973142989878932e-06,-2.677758871766049e-07,-1.1803751869425352e-05,-1.6297495269637398e-05,1.1148129856852506e-05,1.6288226628678386,-0.012763227686903633,-1.956894870133393,-0.22485488229106299,2.693106392672036,0.7589722615001181,7.0,1.0,47.97100067138672,48.22800064086914,48.06100082397461,7.26,25.33,48.45,0.471,0.533,1.88,0,1,0
1777637026.0532985,3541.272,1.6287689208984375,-0.012831036244527638,-1.9568474928485315,-0.22483665147890264,2.693101406097412,0.7589489817619324,0.0,0.0,-1.2783173588104546e-05,0.0,1.917476038215682e-05,0.0,0.1785278469324112,5.667114734649658,-1.37198805809021,0.1951446682214737,0.2512207329273224,-0.3790741264820099,0.14038784886043323,-0.6582660212172584,0.9798402030707827,-0.9395711373090223,-0.8745289674807728,1.0604260262283314,-2.456357739718451e-06,9.973142989878932e-06,-2.677758871766049e-07,-1.1803751869425352e-05,-1.6297495269637398e-05,1.1148129856852506e-05,1.6288226628678386,-0.012763227686903633,-1.956894870133393,-0.22485488229106299,2.693106392672036,0.7589722615001181,7.0,1.0,47.97100067138672,48.22800064086914,48.06100082397461,7.25,25.31,48.41,0.471,0.532,1.878,0,0,1
1777637026.053327,3541.2799999999997,1.6287809610366821,-0.012818638478414357,-1.9568360487567347,-0.22483665147890264,2.6931135654449463,0.7589609622955322,0.0,0.0,-1.2783173588104546e-05,0.0,1.917476038215682e-05,0.0,0.1602173000574112,5.667114734649658,-1.3562953472137451,0.2041168361902237,0.2534637749195099,-0.3813171684741974,0.1403971747602696,-0.6582824827101681,0.9798328922623041,-0.9395554180973572,-0.8745530360950173,1.0604366153772864,-2.4565264436674484e-06,9.973140261766476e-06,-2.675556083473393e-07,-1.1803539323391023e-05,-1.6297903239272273e-05,1.1147758474623608e-05,1.6288226628678386,-0.012763227686903633,-1.956894870133393,-0.22485488229106299,2.693106392672036,0.7589722615001181,7.0,1.0,47.97100067138672,48.22800064086914,48.06100082397461,7.25,25.31,48.41,0.471,0.532,1.878,0,1,0
1777637026.0585806,3541.288,1.6288049221038818,-0.012818638478414357,-1.9568117300616663,-0.22483665147890264,2.6931254863739014,0.7589370012283325,0.0,0.0,-1.2783173588104546e-05,0.0,1.917476038215682e-05,0.0,0.1831054836511612,5.712891101837158,-1.3473281860351562,0.2041168361902237,0.2758941948413849,-0.3835602104663849,0.14041032781654952,-0.6583051578573165,0.9798267260632962,-0.9395161764707384,-0.8745976032459492,1.0604264171410722,-2.4566252701215284e-06,9.972987228015076e-06,-2.673070347369905e-07,-1.1803131169817397e-05,-1.62984577553008e-05,1.1147379914169185e-05,1.6288226628678386,-0.012763227686903633,-1.956894870133393,-0.22485488229106299,2.693106392672036,0.7589722615001181,7.0,1.0,47.97100067138672,48.22800064086914,48.06100082397461,7.25,25.31,48.41,0.471,0.532,1.878,0,1,0
1777637026.0653014,3541.296,1.6287689208984375,-0.012831036244527638,-1.9567998091327112,-0.22481280962099248,2.6931614875793457,0.7589370012283325,0.0,0.0,-1.2783173588104546e-05,0.0,1.917476038215682e-05,0.0,0.1419067531824112,5.690002918243408,-1.3540536165237427,0.1951446682214737,0.2534637749195099,-0.3790741264820099,0.14038370807498796,-0.6583187499399692,0.979826008242741,-0.9395170850993699,-0.8746237327362697,1.0603897547520758,-2.4562178968710997e-06,9.972955211993327e-06,-2.672690716663318e-07,-1.1803699558566645e-05,-1.6298294347819453e-05,1.1147016442195634e-05,1.6288226628678386,-0.012763227686903633,-1.956894870133393,-0.22485488229106299,2.693106392672036,0.7589722615001181,7.0,1.0,47.97100067138672,48.22800064086914,48.06100082397461,7.25,25.31,48.41,0.471,0.532,1.878,0,1,0
1777637026.0740736,3541.3039999999996,1.6287928819656372,-0.012818638478414357,-1.9568598906146448,-0.22483665147890264,2.693209409713745,0.7589609622955322,0.0,0.0,-1.2783173588104546e-05,0.0,1.917476038215682e-05,0.0,0.1968383938074112,5.703735828399658,-1.3450863361358643,0.1906585842370987,0.2646789848804474,-0.3745880424976349,0.14039476235239168,-0.6582646926479716,0.9798294307812554,-0.9395951666772416,-0.8746468652725321,1.060473876851156,-2.456522861845082e-06,9.972948076796764e-06,-2.678972908868104e-07,-1.1803362322951923e-05,-1.6297777570187864e-05,1.1148129605896342e-05,1.6288226628678386,-0.012763227686903633,-1.956894870133393,-0.22485488229106299,2.693106392672036,0.7589722615001181,7.0,1.0,47.97100067138672,48.22800064086914,48.06100082397461,7.25,25.31,48.41,0.471,0.532,1.878,0,1,0
1777637026.08078,3541.312,1.6287569999694824,-0.012842957173482716,-1.9568718115436,-0.22483665147890264,2.6931374073028564,0.7589489817619324,0.0,0.0,-1.2783173588104546e-05,0.0,1.917476038215682e-05,0.0,0.2151489406824112,5.676270008087158,-1.3630207777023315,0.2018737941980362,0.2736511528491974,-0.3790741264820099,0.14037478528115999,-0.6582385638104116,0.9798476482889077,-0.9396155326164461,-0.8745439833669331,1.0604395967034133,-2.4561918323045756e-06,9.973103924715583e-06,-2.6817980564955287e-07,-1.1803971486601375e-05,-1.6296950150859963e-05,1.1148694205508969e-05,1.6288226628678386,-0.012763227686903633,-1.956894870133393,-0.22485488229106299,2.693106392672036,0.7589722615001181,7.0,1.0,47.97100067138672,48.22800064086914,48.06100082397461,7.25,25.31,48.41,0.471,0.532,1.878,0,1,0
1777637026.0906432,3541.3199999999997,1.6287449598312378,-0.012831036244527638,-1.9568474928485315,-0.22484857240785772,2.693185329437256,0.7589609622955322,0.0,0.0,-1.2783173588104546e-05,0.0,1.917476038215682e-05,0.0,0.1693725734949112,5.657959461212158,-1.3450863361358643,0.2018737941980362,0.2781372368335724,-0.3790741264820099,0.14036525787834594,-0.6582665450558923,0.9798414896122121,-0.9396164938264555,-0.8745912416060028,1.0604350100827562,-2.4560774652055486e-06,9.973135725424324e-06,-2.679122344321757e-07,-1.1804151244443738e-05,-1.62970792560938e-05,1.1148315420975584e-05,1.6288226628678386,-0.012763227686903633,-1.956894870133393,-0.22485488229106299,2.693106392672036,0.7589722615001181,7.0,1.0,47.97100067138672,48.22800064086914,48.06100082397461,7.25,25.31,48.41,0.471,0.532,1.878,0,1,0
1777637026.094454,3541.328,1.6287689208984375,-0.012866799031392873,-1.9568598906146448,-0.22487241426576787,2.6931614875793457,0.7589609622955322,0.0,0.0,-1.2783173588104546e-05,0.0,1.917476038215682e-05,0.0,0.2197265923023224,5.722046375274658,-1.360779047012329,0.1973877102136612,0.2489776909351349,-0.3768310844898224,0.1403803982192083,-0.6582137850109095,0.9798736748837692,-0.9396649716579492,-0.8745508555025205,1.0604876583785203,-2.4563485704827794e-06,9.973164425999183e-06,-2.6845417436521017e-07,-1.1803810631708367e-05,-1.629655910751355e-05,1.1149436914874354e-05,1.6288226628678386,-0.012763227686903633,-1.956894870133393,-0.22485488229106299,2.693106392672036,0.7589722615001181,7.0,1.0,47.97100067138672,48.2130012512207,48.06100082397461,7.25,25.31,48.41,0.471,0.532,1.878,0,1,0
1777637026.1015518,3541.336,1.6287689208984375,-0.0127947966205042,-1.9568360487567347,-0.22484857240785772,2.6931493282318115,0.7589729428291321,0.0,0.0,-1.2783173588104546e-05,0.0,1.917476038215682e-05,0.0,0.1739502102136612,5.744934558868408,-1.3383609056472778,0.1929016262292862,0.2624359428882599,-0.3835602104663849,0.14038815978852404,-0.6582996183440157,0.9798206893370143,-0.9395642566632706,-0.874582884186803,1.0604362163213796,-2.456426345104082e-06,9.973188850157652e-06,-2.6740051499745195e-07,-1.1803728998145531e-05,-1.6297893311005632e-05,1.1147572424886224e-05,1.6288226628678386,-0.012763227686903633,-1.956894870133393,-0.22485488229106299,2.693106392672036,0.7589722615001181,7.0,1.0,47.986000061035156,48.2130012512207,48.06100082397461,7.25,25.31,48.41,0.471,0.532,1.878,0,1,0
1777637026.1089437,3541.344,1.6287330389022827,-0.012831036244527638,-1.9568236509906214,-0.22482473054994756,2.693197250366211,0.7589969635009766,0.0,0.0,-1.2783173588104546e-05,0.0,1.917476038215682e-05,0.0,0.1785278469324112,5.712891101837158,-1.37198805809021,0.2018737941980362,0.2579498589038849,-0.3813171684741974,0.14036206485633082,-0.6582887331107478,0.9798395224581994,-0.9396008898750904,-0.874602236497238,1.0604338135066171,-2.456131402163928e-06,9.973211941644684e-06,-2.6762656088996056e-07,-1.1804310506825852e-05,-1.629747126693441e-05,1.1147573156683527e-05,1.6288226628678386,-0.012763227686903633,-1.956894870133393,-0.22485488229106299,2.693106392672036,0.7589722615001181,7.0,1.0,47.986000061035156,48.2130012512207,48.06100082397461,7.25,25.31,48.41,0.471,0.532,1.878,0,1,0
1777637026.1160944,3541.352,1.6287689208984375,-0.012806717549459279,-1.9567998091327112,-0.22484857240785772,2.6931254863739014,0.7589370012283325,0.0,0.0,-1.2783173588104546e-05,0.0,1.917476038215682e-05,0.0,0.1693725734949112,5.708313465118408,-1.3652626276016235,0.1951446682214737,0.2624359428882599,-0.3790741264820099,0.14038757064104646,-0.6583266135503669,0.9798214412750101,-0.9395184507137772,-0.8745827039208028,1.0603896273552422,-2.4562686853391472e-06,9.973112579253422e-06,-2.671065427685969e-07,-1.180371044788388e-05,-1.6298165507531547e-05,1.11471941024768e-05,1.6288226628678386,-0.012763227686903633,-1.956894870133393,-0.22485488229106299,2.693106392672036,0.7589722615001181,7.0,1.0,47.986000061035156,48.2130012512207,48.06100082397461,7.25,25.31,48.41,0.471,0.532,1.878,0,1,0
1777637026.1231945,3541.3599999999997,1.6287569999694824,-0.012842957173482716,-1.9568474928485315,-0.22488433519472295,2.693197250366211,0.7589609622955322,0.0,0.0,-1.2783173588104546e-05,0.0,1.917476038215682e-05,0.0,0.1831054836511612,5.690002918243408,-1.3495699167251587,0.1951446682214737,0.2691650688648224,-0.3790741264820099,0.14037072728576425,-0.6582438788725593,0.9798586721342533,-0.9396566937938582,-0.8745905158641469,1.0604709455228387,-2.456187139122932e-06,9.973175464024753e-06,-2.6816610448338985e-07,-1.1803989363141777e-05,-1.629668913457276e-05,1.1149057901994024e-05,1.6288226628678386,-0.012763227686903633,-1.956894870133393,-0.22485488229106299,2.693106392672036,0.7589722615001181,7.0,1.0,47.986000061035156,48.2130012512207,48.06100082397461,7.25,25.31,48.41,0.471,0.532,1.878,0,1,0
1777637026.130279,3541.368,1.6287689208984375,-0.012770954762594044,-1.9568360487567347,-0.22483665147890264,2.693173408508301,0.7589370012283325,0.0,0.0,-1.2783173588104546e-05,0.0,1.917476038215682e-05,0.0,0.2014160305261612,5.708313465118408,-1.3764716386795044,0.1906585842370987,0.2736511528491974,-0.3768310844898224,0.14038322928792368,-0.658332264450517,0.9797939240938555,-0.939520133629939,-0.8746358559889545,1.060391407620384,-2.4562051121308427e-06,9.973003739789968e-06,-2.6712157284152296e-07,-1.1803704693842105e-05,-1.6298291829973942e-05,1.1147015227837295e-05,1.6288226628678386,-0.012763227686903633,-1.956894870133393,-0.22485488229106299,2.693106392672036,0.7589722615001181,7.0,1.0,47.986000061035156,48.2130012512207,48.06100082397461,7.25,25.31,48.41,0.471,0.532,1.878,0,1,0
1777637026.1378524,3541.3759999999997,1.6287809610366821,-0.012818638478414357,-1.9568236509906214,-0.2248604933368128,2.6931374073028564,0.7589609622955322,0.0,0.0,-1.2783173588104546e-05,0.0,1.917476038215682e-05,0.0,0.1831054836511612,5.708313465118408,-1.3787134885787964,0.1973877102136612,0.2781372368335724,-0.3835602104663849,0.1403950524071455,-0.6582863563451052,0.9798376190524017,-0.9395711803267596,-0.8745725728227359,1.0604460784196863,-2.4565002081503153e-06,9.973165801648067e-06,-2.675360870237466e-07,-1.1803548091248296e-05,-1.629777540708186e-05,1.1147936620175319e-05,1.6288226628678386,-0.012763227686903633,-1.956894870133393,-0.22485488229106299,2.693106392672036,0.7589722615001181,7.0,1.0,47.986000061035156,48.2130012512207,48.06100082397461,7.25,25.31,48.41,0.471,0.532,1.878,0,1,0
1777637026.1449292,3541.384,1.6287809610366821,-0.012818638478414357,-1.956883732472555,-0.22483665147890264,2.693173408508301,0.7589489817619324,0.0,0.0,-1.2783173588104546e-05,0.0,0.0,0.0,0.1739502102136612,5.667114734649658,-1.3764716386795044,0.1929016262292862,0.2803802788257599,-0.3813171684741974,0.1403877558794156,-0.658247331038746,0.979830324836059,-0.9396051071602756,-0.8745987115703556,1.060459561181663,-6.443530818380765e-07,1.0765886126410633e-05,6.772811654736719e-07,-1.2760428827194198e-05,-7.606929850645604e-07,-4.826294850634619e-08,1.6288226628678386,-0.012763227686903633,-1.956894870133393,-0.22485488229106299,2.693106392672036,0.7589722615001181,7.0,1.0,47.986000061035156,48.2130012512207,48.06100082397461,7.25,25.31,48.41,0.471,0.532,1.878,0,1,0
1777637026.152149,3541.392,1.6287928819656372,-0.012831036244527638,-1.9568117300616663,-0.22487241426576787,2.6931493282318115,0.7589849233627319,0.0,0.0,-1.2783173588104546e-05,0.0,0.0,0.0,0.1922607570886612,5.662537097930908,-1.3652626276016235,0.1906585842370987,0.2669220268726349,-0.3813171684741974,0.14040423404570734,-0.6582758289875196,0.9798522168383385,-0.9395932372017657,-0.8745768629688693,1.0604848873586037,-6.444942408958791e-07,1.0766060475408354e-05,6.776740308072305e-07,-1.2760419724315462e-05,-7.608456840176142e-07,-4.826269808430877e-08,1.6288226628678386,-0.012763227686903633,-1.956894870133393,-0.22485488229106299,2.693106392672036,0.7589722615001181,7.0,1.0,47.986000061035156,48.2130012512207,48.06100082397461,7.25,25.31,48.41,0.471,0.532,1.878,0,1,0
1777637026.1595242,3541.3999999999996,1.6287569999694824,-0.0127947966205042,-1.9568718115436,-0.22482473054994756,2.693197250366211,0.7589250206947327,0.0,0.0,-1.2783173588104546e-05,0.0,0.0,0.0,0.1785278469324112,5.776978015899658,-1.3787134885787964,0.1973877102136612,0.2444916069507599,-0.3813171684741974,0.14036903602903603,-0.6582908384981369,0.9798050853584968,-0.9395652232446666,-0.8746384802158159,1.060398534725371,-6.440880371260397e-07,1.0765765991279872e-05,6.777886869713451e-07,-1.2760447115516789e-05,-7.603861104932773e-07,-4.826343006684358e-08,1.6288226628678386,-0.012763227686903633,-1.956894870133393,-0.22485488229106299,2.693106392672036,0.7589722615001181,7.0,1.0,47.986000061035156,48.2130012512207,48.06100082397461,7.25,25.31,48.41,0.471,0.532,1.878,0,1,0
1777637026.1673098,3541.408,1.6287689208984375,-0.012806717549459279,-1.9568236509906214,-0.22484857240785772,2.6931493282318115,0.7589250206947327,0.0,0.0,-1.2783173588104546e-05,0.0,0.0,0.0,0.1785278469324112,5.694580554962158,-1.3809553384780884,0.1906585842370987,0.2534637749195099,-0.3790741264820099,0.1403827561256201,-0.6583100525918474,0.9798193860899828,-0.9395386840862221,-0.8746017137952726,1.060395008204381,-6.4422317230501e-07,1.0765847335937165e-05,6.780609311681849e-07,-1.2760438017609564e-05,-7.605387872539483e-07,-4.826318928994091e-08,1.6288226628678386,-0.012763227686903633,-1.956894870133393,-0.22485488229106299,2.693106392672036,0.7589722615001181,7.0,1.0,48.0,48.2130012512207,48.06100082397461,7.25,25.31,48.41,0.471,0.532,1.878,0,1,0
1777637026.1744776,3541.4159999999997,1.6287689208984375,-0.012842957173482716,-1.9568236509906214,-0.22484857240785772,2.693185329437256,0.7589849233627319,0.0,0.0,-1.2783173588104546e-05,0.0,0.0,0.0,0.1785278469324112,5.680847644805908,-1.3630207777023315,0.1951446682214737,0.2714081108570099,-0.3768310844898224,0.14038436276632527,-0.658268056965626,0.9798524463711409,-0.9396102681888203,-0.8746000313850664,1.060470145071838,-6.442308244744634e-07,1.076598586525166e-05,6.775300607465828e-07,-1.2760437918835702e-05,-7.605404909472124e-07,-4.826245728706234e-08,1.6288226628678386,-0.012763227686903633,-1.956894870133393,-0.22485488229106299,2.693106392672036,0.7589722615001181,7.0,1.0,48.0,48.2130012512207,48.06100082397461,7.25,25.31,48.41,0.471,0.532,1.878,0,1,0
1777637026.1862614,3541.424,1.6287809610366821,-0.012842957173482716,-1.956883732472555,-0.22482473054994756,2.6931493282318115,0.7589370012283325,0.0,0.0,-1.2783173588104546e-05,0.0,0.0,0.0,0.1922607570886612,5.685425281524658,-1.374229907989502,0.1929016262292862,0.2803802788257599,-0.3723450005054474,0.14038771706540992,-0.6582319630823628,0.979842268123546,-0.9396037233762317,-0.8745738648186516,1.0604517467958494,-6.443510454510236e-07,1.0765848449663362e-05,6.770875788242503e-07,-1.2760428760898144e-05,-7.606941283286876e-07,-4.826245728706234e-08,1.6288226628678386,-0.012763227686903633,-1.956894870133393,-0.22485488229106299,2.693106392672036,0.7589722615001181,7.0,1.0,48.0,48.2130012512207,48.06100082397461,7.25,25.31,48.41,0.471,0.532,1.878,0,1,0
1777637026.1901903,3541.432,1.6287689208984375,-0.012818638478414357,-1.9568598906146448,-0.22482473054994756,2.6931614875793457,0.7589370012283325,0.0,0.0,-1.2783173588104546e-05,0.0,0.0,0.0,0.2059936672449112,5.763245105743408,-1.3899224996566772,0.1929016262292862,0.2534637749195099,-0.3835602104663849,0.14038104569638984,-0.6582749173104627,0.9798242249597607,-0.9395690112412849,-0.8745993003257181,1.0604193355713454,-6.442200696569786e-07,1.0765815987987348e-05,6.776125343965029e-07,-1.2760437985117992e-05,-7.60539347682287e-07,-4.826294850634619e-08,1.6288226628678386,-0.012763227686903633,-1.956894870133393,-0.22485488229106299,2.693106392672036,0.7589722615001181,7.0,1.0,48.0,48.2130012512207,48.06100082397461,7.25,25.31,48.41,0.471,0.532,1.878,0,1,0
1777637026.1908004,3541.432,1.6287689208984375,-0.012818638478414357,-1.9568598906146448,-0.22482473054994756,2.6931614875793457,0.7589370012283325,0.0,0.0,-1.2783173588104546e-05,0.0,0.0,0.0,0.2059936672449112,5.763245105743408,-1.3899224996566772,0.1929016262292862,0.2534637749195099,-0.3835602104663849,0.14038104569638984,-0.6582749173104627,0.9798242249597607,-0.9395690112412849,-0.8745993003257181,1.0604193355713454,-6.442200696569786e-07,1.0765815987987348e-05,6.776125343965029e-07,-1.2760437985117992e-05,-7.60539347682287e-07,-4.826294850634619e-08,1.6288226628678386,-0.012763227686903633,-1.956894870133393,-0.22485488229106299,2.693106392672036,0.7589722615001181,7.0,1.0,48.0,48.2130012512207,48.06100082397461,7.22,25.25,48.44,0.47,0.532,1.877,0,0,1
1777637026.1957452,3541.44,1.6287689208984375,-0.012842957173482716,-1.9568236509906214,-0.22482473054994756,2.693185329437256,0.7589370012283325,0.0,0.0,-1.2783173588104546e-05,0.0,0.0,0.0,0.1968383938074112,5.735779285430908,-1.358537197113037,0.1973877102136612,0.2489776909351349,-0.3768310844898224,0.1403794176536954,-0.6582857418036123,0.9798373092029388,-0.9395643463168312,-0.8746283529541121,1.0604172844420519,-6.442201655588652e-07,1.0765792947019836e-05,6.777519660654237e-07,-1.2760437918835702e-05,-7.605404909472124e-07,-4.826245728706234e-08,1.6288226628678386,-0.012763227686903633,-1.956894870133393,-0.22485488229106299,2.693106392672036,0.7589722615001181,7.0,1.0,48.0,48.2130012512207,48.06100082397461,7.22,25.25,48.44,0.47,0.532,1.877,0,1,0
1777637026.2028878,3541.448,1.6287928819656372,-0.012831036244527638,-1.9568474928485315,-0.22482473054994756,2.693173408508301,0.7589489817619324,0.0,0.0,-1.2783173588104546e-05,0.0,0.0,0.0,0.1647949367761612,5.690002918243408,-1.3473281860351562,0.1996307522058487,0.2579498589038849,-0.3835602104663849,0.14039706422044,-0.6582694111479673,0.9798333735191689,-0.9395697590343979,-0.8746199233486122,1.0604520364192387,-6.444795942955637e-07,1.0765820372781862e-05,6.775866813502089e-07,-1.2760419724315462e-05,-7.608456840176142e-07,-4.826269808430877e-08,1.6288226628678386,-0.012763227686903633,-1.956894870133393,-0.22485488229106299,2.693106392672036,0.7589722615001181,7.0,1.0,48.0,48.2130012512207,48.06100082397461,7.22,25.25,48.44,0.47,0.532,1.877,0,1,0
1777637026.2099998,3541.4559999999997,1.6287928819656372,-0.012770954762594044,-1.9568360487567347,-0.22483665147890264,2.693185329437256,0.7589849233627319,0.0,0.0,-1.2783173588104546e-05,0.0,0.0,0.0,0.2151489406824112,5.662537097930908,-1.369746208190918,0.2018737941980362,0.2758941948413849,-0.3880462944507599,0.1404033159602755,-0.6583192624463036,0.9798019145351017,-0.939539757701154,-0.8746425016540157,1.0604548230510908,-6.444837149249284e-07,1.076588825072055e-05,6.782212888254242e-07,-1.2760419888141488e-05,-7.60842859448559e-07,-4.826391160057259e-08,1.6288226628678386,-0.012763227686903633,-1.956894870133393,-0.22485488229106299,2.693106392672036,0.7589722615001181,7.0,1.0,48.0,48.2130012512207,48.06100082397461,7.22,25.25,48.44,0.47,0.532,1.877,0,1,0
1777637026.2167463,3541.464,1.6287928819656372,-0.012806717549459279,-1.9568474928485315,-0.22483665147890264,2.693173408508301,0.7589609622955322,0.0,0.0,-1.2783173588104546e-05,0.0,0.0,0.0,0.2014160305261612,5.740356922149658,-1.3428444862365723,0.1929016262292862,0.2758941948413849,-0.3858032524585724,0.14039937875035308,-0.6582837833347515,0.979822616767223,-0.9395653218961373,-0.8746203869158422,1.0604560297231016,-6.444824858695492e-07,1.076587308040134e-05,6.777692951647409e-07,-1.2760419790625485e-05,-7.608445407484314e-07,-4.826318928994091e-08,1.6288226628678386,-0.012763227686903633,-1.956894870133393,-0.22485488229106299,2.693106392672036,0.7589722615001181,7.0,1.0,48.0,48.2130012512207,48.06100082397461,7.22,25.25,48.44,0.47,0.532,1.877,0,1,0
1777637026.2243445,3541.4719999999998,1.6287569999694824,-0.012770954762594044,-1.9568474928485315,-0.22483665147890264,2.6932213306427,0.7589250206947327,0.0,0.0,-1.2783173588104546e-05,0.0,0.0,0.0,0.1739502102136612,5.763245105743408,-1.3652626276016235,0.2041168361902237,0.2489776909351349,-0.3858032524585724,0.14036891650619177,-0.6583288139395977,0.9797900236683063,-0.9395395712836173,-0.8746777719724583,1.0603842418387435,-6.44088589174328e-07,1.0765760156541353e-05,6.782706939576005e-07,-1.2760447180487406e-05,-7.603849896214982e-07,-4.826391160057259e-08,1.6288226628678386,-0.012763227686903633,-1.956894870133393,-0.22485488229106299,2.693106392672036,0.7589722615001181,7.0,1.0,48.0,48.2130012512207,48.06100082397461,7.22,25.25,48.44,0.47,0.532,1.877,0,1,0
1777637026.2347476,3541.48,1.6287569999694824,-0.012806717549459279,-1.9568117300616663,-0.2248004118548792,2.6931614875793457,0.7589609622955322,0.0,0.0,-1.2783173588104546e-05,0.0,0.0,0.0,0.2014160305261612,5.676270008087158,-1.3809553384780884,0.2018737941980362,0.2714081108570099,-0.3813171684741974,0.1403794373223109,-0.6583299276454437,0.9798113366318485,-0.9395122764833719,-0.8746179680311211,1.060387644374176,-6.440895911249604e-07,1.07657520816484e-05,6.782966355130902e-07,-1.276044708303173e-05,-7.603866709248687e-07,-4.826318928994091e-08,1.6288226628678386,-0.012763227686903633,-1.956894870133393,-0.22485488229106299,2.693106392672036,0.7589722615001181,7.0,1.0,48.0,48.2130012512207,48.06100082397461,7.22,25.25,48.44,0.47,0.532,1.877,0,1,0
1777637026.2409017,3541.488,1.6287928819656372,-0.012831036244527638,-1.9568598906146448,-0.22488433519472295,2.693173408508301,0.7589729428291321,0.0,0.0,-1.2783173588104546e-05,0.0,0.0,0.0,0.2014160305261612,5.671692371368408,-1.360779047012329,0.2018737941980362,0.2646789848804474,-0.3790741264820099,0.1403979232549086,-0.6582350196408596,0.9798547171617742,-0.939645090211688,-0.8745812819462367,1.0605083184965665,-6.444941736869969e-07,1.0766092685160631e-05,6.771484848772324e-07,-1.2760419724315462e-05,-7.608456840176142e-07,-4.826269808430877e-08,1.6288226628678386,-0.012763227686903633,-1.956894870133393,-0.22485488229106299,2.693106392672036,0.7589722615001181,7.0,1.0,47.986000061035156,48.2130012512207,48.06100082397461,7.22,25.25,48.44,0.47,0.532,1.877,0,1,0
1777637026.2460334,3541.4959999999996,1.6287689208984375,-0.012842957173482716,-1.9568718115436,-0.2248004118548792,2.693173408508301,0.7589849233627319,0.0,0.0,-1.2783173588104546e-05,0.0,0.0,0.0,0.1785278469324112,5.635071277618408,-1.369746208190918,0.1973877102136612,0.2557068169116974,-0.3880462944507599,0.14038406012658755,-0.658242261877763,0.979842336264341,-0.9396073112705057,-0.874587771751643,1.0604682713082336,-6.442218903945481e-07,1.0765856870467624e-05,6.772006739595145e-07,-1.2760437918835702e-05,-7.605404909472124e-07,-4.826245728706234e-08,1.6288226628678386,-0.012763227686903633,-1.956894870133393,-0.22485488229106299,2.693106392672036,0.7589722615001181,7.0,1.0,47.986000061035156,48.2130012512207,48.06100082397461,7.22,25.25,48.44,0.47,0.532,1.877,0,1,0
1777637026.2530699,3541.504,1.6287449598312378,-0.012831036244527638,-1.9568360487567347,-0.22483665147890264,2.693209409713745,0.7589489817619324,0.0,0.0,-1.2783173588104546e-05,0.0,0.0,0.0,0.1785278469324112,5.758667469024658,-1.3675044775009155,0.1996307522058487,0.2758941948413849,-0.3768310844898224,0.140362445840457,-0.6582834884436763,0.9798342715933711,-0.9395956768976311,-0.874629827884694,1.06041696467991,-6.439647099387966e-07,1.0765862853383306e-05,6.776781338882564e-07,-1.2760456171012222e-05,-7.602341765951739e-07,-4.826269808430877e-08,1.6288226628678386,-0.012763227686903633,-1.956894870133393,-0.22485488229106299,2.693106392672036,0.7589722615001181,7.0,1.0,47.986000061035156,48.2130012512207,48.06100082397461,7.22,25.25,48.44,0.47,0.532,1.877,0,1,0
1777637026.2605891,3541.5119999999997,1.6287569999694824,-0.012831036244527638,-1.9568236509906214,-0.22481280962099248,2.693185329437256,0.7589849233627319,0.0,0.0,-1.2783173588104546e-05,0.0,0.0,0.0,0.1876831203699112,5.708313465118408,-1.3787134885787964,0.1951446682214737,0.2736511528491974,-0.3880462944507599,0.14037784518903584,-0.6582911989756698,0.9798346753053067,-0.9395729083653763,-0.8746128935397608,1.060436203186113,-6.44095093043363e-07,1.076585989003066e-05,6.778037720584364e-07,-1.276044701676273e-05,-7.6038781419643e-07,-4.826269808430877e-08,1.6288226628678386,-0.012763227686903633,-1.956894870133393,-0.22485488229106299,2.693106392672036,0.7589722615001181,7.0,1.0,47.986000061035156,48.2130012512207,48.06100082397461,7.22,25.25,48.44,0.47,0.532,1.877,0,1,0
1777637026.2674093,3541.52,1.6287689208984375,-0.012854878102437794,-1.9568474928485315,-0.22483665147890264,2.693185329437256,0.7589250206947327,0.0,0.0,-1.2783173588104546e-05,0.0,0.0,0.0,0.2059936672449112,5.667114734649658,-1.3652626276016235,0.1996307522058487,0.2557068169116974,-0.3858032524585724,0.14037602044983313,-0.6582542803226016,0.9798476399490419,-0.9395995604553213,-0.8746134875514963,1.0604307780255613,-6.442214170458321e-07,1.0765831759267436e-05,6.773491691150484e-07,-1.2760437886344636e-05,-7.605410513668396e-07,-4.826221648312395e-08,1.6288226628678386,-0.012763227686903633,-1.956894870133393,-0.22485488229106299,2.693106392672036,0.7589722615001181,7.0,1.0,47.986000061035156,48.2130012512207,48.06100082397461,7.22,25.25,48.44,0.47,0.532,1.877,0,1,0
1777637026.274719,3541.528,1.6287569999694824,-0.012818638478414357,-1.9567878882037562,-0.22484857240785772,2.6931614875793457,0.7589969635009766,0.0,0.0,-1.2783173588104546e-05,0.0,0.0,0.0,0.1968383938074112,5.690002918243408,-1.3428444862365723,0.1973877102136612,0.2489776909351349,-0.3813171684741974,0.14038313865674903,-0.6583170008821195,0.9798376992253872,-0.9395627492272117,-0.874589294040819,1.0604365024500282,-6.441039270559985e-07,1.0765995124832874e-05,6.781357443398103e-07,-1.276044705054684e-05,-7.603872313535948e-07,-4.826294850634619e-08,1.6288226628678386,-0.012763227686903633,-1.956894870133393,-0.22485488229106299,2.693106392672036,0.7589722615001181,7.0,1.0,47.986000061035156,48.2130012512207,48.04600143432617,7.22,25.25,48.44,0.47,0.532,1.877,0,1,0
1777637026.3243208,3541.536,1.6287689208984375,-0.0127947966205042,-1.9568360487567347,-0.22483665147890264,2.693173408508301,0.7589609622955322,0.0,0.0,-1.2783173588104546e-05,0.0,0.0,0.0,0.1876831203699112,5.712891101837158,-1.3675044775009155,0.1951446682214737,0.2601929008960724,-0.3790741264820099,0.14038477116006728,-0.6583069233823369,0.9798140778308079,-0.9395534007902615,-0.8746167713960924,1.0604238600482523,-6.442240712052998e-07,1.076587267958544e-05,6.780212890509493e-07,-1.2760438050101302e-05,-7.605382268227442e-07,-4.826343006684358e-08,1.6288226628678386,-0.012763227686903633,-1.956894870133393,-0.22485488229106299,2.693106392672036,0.7589722615001181,7.0,1.0,47.986000061035156,48.2130012512207,48.04600143432617,7.22,25.25,48.44,0.47,0.532,1.877,0,1,0
1777637026.3244355,3541.544,1.6287928819656372,-0.012831036244527638,-1.9568360487567347,-0.2248004118548792,2.6931374073028564,0.7589370012283325,0.0,0.0,-1.2783173588104546e-05,0.0,0.0,0.0,0.1876831203699112,5.722046375274658,-1.37198805809021,0.1996307522058487,0.2579498589038849,-0.3768310844898224,0.14040018750450786,-0.6582877976865034,0.9798257064424176,-0.9395236063519287,-0.8746027123322521,1.060418300586867,-6.444746482172666e-07,1.0765722386926342e-05,6.77823677636407e-07,-1.2760419724315462e-05,-7.608456840176142e-07,-4.826269808430877e-08,1.6288226628678386,-0.012763227686903633,-1.956894870133393,-0.22485488229106299,2.693106392672036,0.7589722615001181,7.0,1.0,47.986000061035156,48.22800064086914,48.04600143432617,7.22,25.25,48.44,0.47,0.532,1.877,0,1,0
1777637026.327445,3541.5519999999997,1.6287809610366821,-0.012831036244527638,-1.9568360487567347,-0.22482473054994756,2.693173408508301,0.7589489817619324,0.0,0.0,-1.2783173588104546e-05,0.0,0.0,0.0,0.1785278469324112,5.703735828399658,-1.3383609056472778,0.1906585842370987,0.2669220268726349,-0.3813171684741974,0.14038979388079412,-0.6582807228313534,0.9798327668567959,-0.9395639722417993,-0.8746180545234763,1.060436143919122,-6.443512593449063e-07,1.0765820285699857e-05,6.777101060229599e-07,-1.2760428793396123e-05,-7.606935679065859e-07,-4.826269808430877e-08,1.6288226628678386,-0.012763227686903633,-1.956894870133393,-0.22485488229106299,2.693106392672036,0.7589722615001181,7.0,1.0,47.986000061035156,48.22800064086914,48.04600143432617,7.22,25.25,48.44,0.47,0.532,1.877,0,1,0
1777637026.3287952,3541.56,1.6287809610366821,-0.0127947966205042,-1.9568236509906214,-0.2248604933368128,2.6931614875793457,0.7589489817619324,0.0,0.0,-1.2783173588104546e-05,0.0,0.0,0.0,0.1968383938074112,5.667114734649658,-1.3787134885787964,0.2018737941980362,0.2467346489429474,-0.3813171684741974,0.14039259490524053,-0.6583101610057792,0.9798184232468543,-0.9395500177703525,-0.8746113846558023,1.0604277007683556,-6.443572371150983e-07,1.0765920376570507e-05,6.780840936070711e-07,-1.2760428892191003e-05,-7.606918642057999e-07,-4.826343006684358e-08,1.6288226628678386,-0.012763227686903633,-1.956894870133393,-0.22485488229106299,2.693106392672036,0.7589722615001181,7.0,1.0,48.0,48.22800064086914,48.04600143432617,7.22,25.25,48.44,0.47,0.532,1.877,0,1,0
1777637026.3300707,3541.5679999999998,1.6287569999694824,-0.0127947966205042,-1.9568117300616663,-0.22481280962099248,2.693173408508301,0.7589729428291321,0.0,0.0,-1.2783173588104546e-05,0.0,0.0,0.0,0.1831054836511612,5.740356922149658,-1.374229907989502,0.2018737941980362,0.2669220268726349,-0.3768310844898224,0.14038000253759728,-0.6583340981908083,0.9798083722561477,-0.9395219018279374,-0.8746252273384579,1.0603999763137064,-6.44092624298512e-07,1.0765807404282202e-05,6.783490387727064e-07,-1.2760447115516789e-05,-7.603861104932773e-07,-4.826343006684358e-08,1.6288226628678386,-0.012763227686903633,-1.956894870133393,-0.22485488229106299,2.693106392672036,0.7589722615001181,7.0,1.0,48.0,48.22800064086914,48.04600143432617,7.22,25.25,48.44,0.47,0.532,1.877,0,1,0
1777637026.332663,3541.576,1.6287928819656372,-0.012770954762594044,-1.9568474928485315,-0.22487241426576787,2.693197250366211,0.7589370012283325,0.0,0.0,-1.2783173588104546e-05,0.0,0.0,0.0,0.1968383938074112,5.694580554962158,-1.3675044775009155,0.2018737941980362,0.2669220268726349,-0.3858032524585724,0.14039543246188935,-0.6583089186351432,0.9798031955243296,-0.939558651561503,-0.8746539573761773,1.0604391543546894,-6.44484190323648e-07,1.076590497716944e-05,6.780832993483233e-07,-1.2760419888141488e-05,-7.60842859448559e-07,-4.826391160057259e-08,1.6288226628678386,-0.012763227686903633,-1.956894870133393,-0.22485488229106299,2.693106392672036,0.7589722615001181,7.0,1.0,48.0,48.22800064086914,48.04600143432617,7.22,25.25,48.44,0.47,0.532,1.877,0,1,0
1777637026.3341248,3541.584,1.628720998764038,-0.0127947966205042,-1.9568360487567347,-0.22483665147890264,2.6931374073028564,0.7589489817619324,0.0,0.0,-1.2783173588104546e-05,0.0,0.0,0.0,0.1785278469324112,5.671692371368408,-1.3787134885787964,0.1996307522058487,0.2579498589038849,-0.3768310844898224,0.14035526587433586,-0.6583146945202991,0.9798137083376625,-0.9395551941959358,-0.8745585744040666,1.0603668780771194,-6.437079164847683e-07,1.0765898726337286e-05,6.780361675641522e-07,-1.2760474482064041e-05,-7.59926718522446e-07,-4.826343006684358e-08,1.6288226628678386,-0.012763227686903633,-1.956894870133393,-0.22485488229106299,2.693106392672036,0.7589722615001181,7.0,1.0,48.0,48.22800064086914,48.04600143432617,7.22,25.25,48.44,0.47,0.532,1.877,0,1,0
1777637026.3341646,3541.5919999999996,1.6287928819656372,-0.012770954762594044,-1.9568236509906214,-0.22484857240785772,2.693185329437256,0.7589489817619324,0.0,0.0,-1.2783173588104546e-05,0.0,0.0,0.0,0.1876831203699112,5.685425281524658,-1.3562953472137451,0.1951446682214737,0.2669220268726349,-0.3813171684741974,0.14039961481310442,-0.6583335254713228,0.9797981030078408,-0.9395205112680652,-0.874656712753423,1.0604238194152906,-6.44481503341007e-07,1.0765839792664124e-05,6.78400475022151e-07,-1.2760419888141488e-05,-7.60842859448559e-07,-4.826391160057259e-08,1.6288226628678386,-0.012763227686903633,-1.956894870133393,-0.22485488229106299,2.693106392672036,0.7589722615001181,7.0,1.0,48.0,48.22800064086914,48.04600143432617,7.22,25.25,48.44,0.47,0.532,1.877,0,1,0
